obs_id,country,layer,category,item_name,spec,unit,geo_level,geo_code,geo_name,area_label,area_code,area_members,price,currency,price_basis,price_status,ref_value,ref_note,period,effective_from,source_id,source_page,evidence_url,license,jccdb_v4_item_id,note
81082af0587e0d18,JP,index,建設工事費デフレーター（2020年度基準） 四半期別,地方道路公社等,建設総合 > 土木総合 > 公共事業 > 土木1（除く災害復旧） > 道路総合 > 有料道路 > 地方道路公社等,index (2020年度平均 = 100),national,JP,日本,,,,99.7,,index_value,published_pdl,,,2020Q2,,mlit-deflator-tsuki-2607,deftsuki2020（四半期別）!AT27(見出しは右隣の系列。値はこの系列),https://www.mlit.go.jp/statistics/details/content/deftsuki_2607.xlsx,PDL1.0,,2020年度基準(2020年度平均=100)。2026年4月分の公表から2020年度基準に改定(原本注)。ウエイト項目に営業余剰や間接税(消費税を含む)等を含めない(原本注)。原本の期間表示「2020年 4-6月」(暦年の四半期)。原本では1列右の見出しの下にある値。月別シートのこの系列の3か月平均と一致(差 0.03、0.1 以内)を確かめて、この系列に付け直した(2026-09-26 番人。付け直した 800 セルが全部一致)。
04379637a3b8a014,JP,index,建設工事費デフレーター（2020年度基準） 四半期別,道路2（再掲）,建設総合 > 土木総合 > 公共事業 > 土木1（除く災害復旧） > 道路2（再掲）,index (2020年度平均 = 100),national,JP,日本,,,,99.9,,index_value,published_pdl,,,2020Q2,,mlit-deflator-tsuki-2607,deftsuki2020（四半期別）!AU27(見出しは右隣の系列。値はこの系列),https://www.mlit.go.jp/statistics/details/content/deftsuki_2607.xlsx,PDL1.0,,2020年度基準(2020年度平均=100)。2026年4月分の公表から2020年度基準に改定(原本注)。ウエイト項目に営業余剰や間接税(消費税を含む)等を含めない(原本注)。原本の期間表示「2020年 4-6月」(暦年の四半期)。原本では1列右の見出しの下にある値。月別シートのこの系列の3か月平均と一致(差 0.07、0.1 以内)を確かめて、この系列に付け直した(2026-09-26 番人。付け直した 800 セルが全部一致)。
643bebfe96c4fdf1,JP,index,建設工事費デフレーター（2020年度基準） 四半期別,街路2（再掲）,建設総合 > 土木総合 > 公共事業 > 土木1（除く災害復旧） > 街路2（再掲）,index (2020年度平均 = 100),national,JP,日本,,,,100,,index_value,published_pdl,,,2020Q2,,mlit-deflator-tsuki-2607,deftsuki2020（四半期別）!AV27(見出しは右隣の系列。値はこの系列),https://www.mlit.go.jp/statistics/details/content/deftsuki_2607.xlsx,PDL1.0,,2020年度基準(2020年度平均=100)。2026年4月分の公表から2020年度基準に改定(原本注)。ウエイト項目に営業余剰や間接税(消費税を含む)等を含めない(原本注)。原本の期間表示「2020年 4-6月」(暦年の四半期)。原本では1列右の見出しの下にある値。月別シートのこの系列の3か月平均と一致(差 0.07、0.1 以内)を確かめて、この系列に付け直した(2026-09-26 番人。付け直した 800 セルが全部一致)。
dde5357167970ef9,JP,index,建設工事費デフレーター（2020年度基準） 四半期別,公園,建設総合 > 土木総合 > 公共事業 > 土木1（除く災害復旧） > 公園,index (2020年度平均 = 100),national,JP,日本,,,,100,,index_value,published_pdl,,,2020Q2,,mlit-deflator-tsuki-2607,deftsuki2020（四半期別）!AW27(見出しは右隣の系列。値はこの系列),https://www.mlit.go.jp/statistics/details/content/deftsuki_2607.xlsx,PDL1.0,,2020年度基準(2020年度平均=100)。2026年4月分の公表から2020年度基準に改定(原本注)。ウエイト項目に営業余剰や間接税(消費税を含む)等を含めない(原本注)。原本の期間表示「2020年 4-6月」(暦年の四半期)。原本では1列右の見出しの下にある値。月別シートのこの系列の3か月平均と一致(差 0.03、0.1 以内)を確かめて、この系列に付け直した(2026-09-26 番人。付け直した 800 セルが全部一致)。
b0fcae855d95f924,JP,index,建設工事費デフレーター（2020年度基準） 四半期別,下水道,建設総合 > 土木総合 > 公共事業 > 土木1（除く災害復旧） > 下水道,index (2020年度平均 = 100),national,JP,日本,,,,100,,index_value,published_pdl,,,2020Q2,,mlit-deflator-tsuki-2607,deftsuki2020（四半期別）!AX27(見出しは右隣の系列。値はこの系列),https://www.mlit.go.jp/statistics/details/content/deftsuki_2607.xlsx,PDL1.0,,2020年度基準(2020年度平均=100)。2026年4月分の公表から2020年度基準に改定(原本注)。ウエイト項目に営業余剰や間接税(消費税を含む)等を含めない(原本注)。原本の期間表示「2020年 4-6月」(暦年の四半期)。原本では1列右の見出しの下にある値。月別シートのこの系列の3か月平均と一致(差 0.03、0.1 以内)を確かめて、この系列に付け直した(2026-09-26 番人。付け直した 800 セルが全部一致)。
13e05d52d8fb441c,JP,index,建設工事費デフレーター（2020年度基準） 四半期別,災害復旧,建設総合 > 土木総合 > 公共事業 > 土木1（除く災害復旧） > 災害復旧,index (2020年度平均 = 100),national,JP,日本,,,,99.8,,index_value,published_pdl,,,2020Q2,,mlit-deflator-tsuki-2607,deftsuki2020（四半期別）!AY27(見出しは右隣の系列。値はこの系列),https://www.mlit.go.jp/statistics/details/content/deftsuki_2607.xlsx,PDL1.0,,2020年度基準(2020年度平均=100)。2026年4月分の公表から2020年度基準に改定(原本注)。ウエイト項目に営業余剰や間接税(消費税を含む)等を含めない(原本注)。原本の期間表示「2020年 4-6月」(暦年の四半期)。原本では1列右の見出しの下にある値。月別シートのこの系列の3か月平均と一致(差 0.03、0.1 以内)を確かめて、この系列に付け直した(2026-09-26 番人。付け直した 800 セルが全部一致)。
a2e27228a680373e,JP,index,建設工事費デフレーター（2020年度基準） 四半期別,土木2,建設総合 > 土木総合 > 公共事業 > 土木2,index (2020年度平均 = 100),national,JP,日本,,,,99.9,,index_value,published_pdl,,,2020Q2,,mlit-deflator-tsuki-2607,deftsuki2020（四半期別）!AZ27(見出しは右隣の系列。値はこの系列),https://www.mlit.go.jp/statistics/details/content/deftsuki_2607.xlsx,PDL1.0,,2020年度基準(2020年度平均=100)。2026年4月分の公表から2020年度基準に改定(原本注)。ウエイト項目に営業余剰や間接税(消費税を含む)等を含めない(原本注)。原本の期間表示「2020年 4-6月」(暦年の四半期)。原本では1列右の見出しの下にある値。月別シートのこの系列の3か月平均と一致(差 0.03、0.1 以内)を確かめて、この系列に付け直した(2026-09-26 番人。付け直した 800 セルが全部一致)。
02c1ed40eb75f7c4,JP,index,建設工事費デフレーター（2020年度基準） 四半期別,港湾・漁港,建設総合 > 土木総合 > 公共事業 > 土木2 > 港湾・漁港,index (2020年度平均 = 100),national,JP,日本,,,,99.9,,index_value,published_pdl,,,2020Q2,,mlit-deflator-tsuki-2607,deftsuki2020（四半期別）!BA27(見出しは右隣の系列。値はこの系列),https://www.mlit.go.jp/statistics/details/content/deftsuki_2607.xlsx,PDL1.0,,2020年度基準(2020年度平均=100)。2026年4月分の公表から2020年度基準に改定(原本注)。ウエイト項目に営業余剰や間接税(消費税を含む)等を含めない(原本注)。原本の期間表示「2020年 4-6月」(暦年の四半期)。原本では1列右の見出しの下にある値。月別シートのこの系列の3か月平均と一致(差 0.03、0.1 以内)を確かめて、この系列に付け直した(2026-09-26 番人。付け直した 800 セルが全部一致)。
78cf8058672b790c,JP,index,建設工事費デフレーター（2020年度基準） 四半期別,空港,建設総合 > 土木総合 > 公共事業 > 土木2 > 空港,index (2020年度平均 = 100),national,JP,日本,,,,100.4,,index_value,published_pdl,,,2020Q2,,mlit-deflator-tsuki-2607,deftsuki2020（四半期別）!BB27(見出しは右隣の系列。値はこの系列),https://www.mlit.go.jp/statistics/details/content/deftsuki_2607.xlsx,PDL1.0,,2020年度基準(2020年度平均=100)。2026年4月分の公表から2020年度基準に改定(原本注)。ウエイト項目に営業余剰や間接税(消費税を含む)等を含めない(原本注)。原本の期間表示「2020年 4-6月」(暦年の四半期)。原本では1列右の見出しの下にある値。月別シートのこの系列の3か月平均と一致(差 0.03、0.1 以内)を確かめて、この系列に付け直した(2026-09-26 番人。付け直した 800 セルが全部一致)。
b15ae08d9f89289d,JP,index,建設工事費デフレーター（2020年度基準） 四半期別,環境衛生,建設総合 > 土木総合 > 公共事業 > 土木2 > 環境衛生,index (2020年度平均 = 100),national,JP,日本,,,,99.8,,index_value,published_pdl,,,2020Q2,,mlit-deflator-tsuki-2607,deftsuki2020（四半期別）!BC27(見出しは右隣の系列。値はこの系列),https://www.mlit.go.jp/statistics/details/content/deftsuki_2607.xlsx,PDL1.0,,2020年度基準(2020年度平均=100)。2026年4月分の公表から2020年度基準に改定(原本注)。ウエイト項目に営業余剰や間接税(消費税を含む)等を含めない(原本注)。原本の期間表示「2020年 4-6月」(暦年の四半期)。原本では1列右の見出しの下にある値。月別シートのこの系列の3か月平均と一致(差 0.03、0.1 以内)を確かめて、この系列に付け直した(2026-09-26 番人。付け直した 800 セルが全部一致)。
d83befb7b04d654f,JP,index,建設工事費デフレーター（2020年度基準） 四半期別,農林関係公共事業,建設総合 > 土木総合 > 公共事業 > 土木2 > 農林関係公共事業,index (2020年度平均 = 100),national,JP,日本,,,,99.8,,index_value,published_pdl,,,2020Q2,,mlit-deflator-tsuki-2607,deftsuki2020（四半期別）!BD27(見出しは右隣の系列。値はこの系列),https://www.mlit.go.jp/statistics/details/content/deftsuki_2607.xlsx,PDL1.0,,2020年度基準(2020年度平均=100)。2026年4月分の公表から2020年度基準に改定(原本注)。ウエイト項目に営業余剰や間接税(消費税を含む)等を含めない(原本注)。原本の期間表示「2020年 4-6月」(暦年の四半期)。原本では1列右の見出しの下にある値。月別シートのこの系列の3か月平均と一致(差 0.00、0.1 以内)を確かめて、この系列に付け直した(2026-09-26 番人。付け直した 800 セルが全部一致)。
3418b1fb2a7e276e,JP,index,建設工事費デフレーター（2020年度基準） 四半期別,その他土木,建設総合 > 土木総合 > その他土木 (原本の列 BD。同じ表頭の列が2つある),index (2020年度平均 = 100),national,JP,日本,,,,99.9,,index_value,published_pdl,,,2020Q2,,mlit-deflator-tsuki-2607,deftsuki2020（四半期別）!BE27(見出しは右隣の系列。値はこの系列),https://www.mlit.go.jp/statistics/details/content/deftsuki_2607.xlsx,PDL1.0,,2020年度基準(2020年度平均=100)。2026年4月分の公表から2020年度基準に改定(原本注)。ウエイト項目に営業余剰や間接税(消費税を含む)等を含めない(原本注)。原本の期間表示「2020年 4-6月」(暦年の四半期)。原本では1列右の見出しの下にある値。月別シートのこの系列の3か月平均と一致(差 0.03、0.1 以内)を確かめて、この系列に付け直した(2026-09-26 番人。付け直した 800 セルが全部一致)。
2a95cd589202aef0,JP,index,建設工事費デフレーター（2020年度基準） 四半期別,鉄道軌道,建設総合 > 土木総合 > その他土木 > 鉄道軌道,index (2020年度平均 = 100),national,JP,日本,,,,99.5,,index_value,published_pdl,,,2020Q2,,mlit-deflator-tsuki-2607,deftsuki2020（四半期別）!BF27(見出しは右隣の系列。値はこの系列),https://www.mlit.go.jp/statistics/details/content/deftsuki_2607.xlsx,PDL1.0,,2020年度基準(2020年度平均=100)。2026年4月分の公表から2020年度基準に改定(原本注)。ウエイト項目に営業余剰や間接税(消費税を含む)等を含めない(原本注)。原本の期間表示「2020年 4-6月」(暦年の四半期)。原本では1列右の見出しの下にある値。月別シートのこの系列の3か月平均と一致(差 0.03、0.1 以内)を確かめて、この系列に付け直した(2026-09-26 番人。付け直した 800 セルが全部一致)。
193d6713055ee2d9,JP,index,建設工事費デフレーター（2020年度基準） 四半期別,電力,建設総合 > 土木総合 > その他土木 > 電力,index (2020年度平均 = 100),national,JP,日本,,,,99.5,,index_value,published_pdl,,,2020Q2,,mlit-deflator-tsuki-2607,deftsuki2020（四半期別）!BG27(見出しは右隣の系列。値はこの系列),https://www.mlit.go.jp/statistics/details/content/deftsuki_2607.xlsx,PDL1.0,,2020年度基準(2020年度平均=100)。2026年4月分の公表から2020年度基準に改定(原本注)。ウエイト項目に営業余剰や間接税(消費税を含む)等を含めない(原本注)。原本の期間表示「2020年 4-6月」(暦年の四半期)。原本では1列右の見出しの下にある値。月別シートのこの系列の3か月平均と一致(差 0.03、0.1 以内)を確かめて、この系列に付け直した(2026-09-26 番人。付け直した 800 セルが全部一致)。
e3baa1a8cd2fb967,JP,index,建設工事費デフレーター（2020年度基準） 四半期別,電気通信,建設総合 > 土木総合 > その他土木 > 電気通信,index (2020年度平均 = 100),national,JP,日本,,,,99.9,,index_value,published_pdl,,,2020Q2,,mlit-deflator-tsuki-2607,deftsuki2020（四半期別）!BH27(見出しは右隣の系列。値はこの系列),https://www.mlit.go.jp/statistics/details/content/deftsuki_2607.xlsx,PDL1.0,,2020年度基準(2020年度平均=100)。2026年4月分の公表から2020年度基準に改定(原本注)。ウエイト項目に営業余剰や間接税(消費税を含む)等を含めない(原本注)。原本の期間表示「2020年 4-6月」(暦年の四半期)。原本では1列右の見出しの下にある値。月別シートのこの系列の3か月平均と一致(差 0.03、0.1 以内)を確かめて、この系列に付け直した(2026-09-26 番人。付け直した 800 セルが全部一致)。
2b538cfc6bd29dad,JP,index,建設工事費デフレーター（2020年度基準） 四半期別,上・工業用水道,建設総合 > 土木総合 > その他土木 > 上・工業用水道,index (2020年度平均 = 100),national,JP,日本,,,,100.3,,index_value,published_pdl,,,2020Q2,,mlit-deflator-tsuki-2607,deftsuki2020（四半期別）!BI27(見出しは右隣の系列。値はこの系列),https://www.mlit.go.jp/statistics/details/content/deftsuki_2607.xlsx,PDL1.0,,2020年度基準(2020年度平均=100)。2026年4月分の公表から2020年度基準に改定(原本注)。ウエイト項目に営業余剰や間接税(消費税を含む)等を含めない(原本注)。原本の期間表示「2020年 4-6月」(暦年の四半期)。原本では1列右の見出しの下にある値。月別シートのこの系列の3か月平均と一致(差 0.03、0.1 以内)を確かめて、この系列に付け直した(2026-09-26 番人。付け直した 800 セルが全部一致)。
d167a14c7d17d5a2,JP,index,建設工事費デフレーター（2020年度基準） 四半期別,土地造成,建設総合 > 土木総合 > その他土木 > 土地造成,index (2020年度平均 = 100),national,JP,日本,,,,99.8,,index_value,published_pdl,,,2020Q2,,mlit-deflator-tsuki-2607,deftsuki2020（四半期別）!BJ27(見出しは右隣の系列。値はこの系列),https://www.mlit.go.jp/statistics/details/content/deftsuki_2607.xlsx,PDL1.0,,2020年度基準(2020年度平均=100)。2026年4月分の公表から2020年度基準に改定(原本注)。ウエイト項目に営業余剰や間接税(消費税を含む)等を含めない(原本注)。原本の期間表示「2020年 4-6月」(暦年の四半期)。原本では1列右の見出しの下にある値。月別シートのこの系列の3か月平均と一致(差 0.00、0.1 以内)を確かめて、この系列に付け直した(2026-09-26 番人。付け直した 800 セルが全部一致)。
13d22001c4b35f95,JP,index,建設工事費デフレーター（2020年度基準） 四半期別,その他土木,建設総合 > 土木総合 > その他土木 (原本の列 BJ。同じ表頭の列が2つある),index (2020年度平均 = 100),national,JP,日本,,,,100.1,,index_value,published_pdl,,,2020Q2,,mlit-deflator-tsuki-2607,deftsuki2020（四半期別）!BK27(見出しは右隣の系列。値はこの系列),https://www.mlit.go.jp/statistics/details/content/deftsuki_2607.xlsx,PDL1.0,,2020年度基準(2020年度平均=100)。2026年4月分の公表から2020年度基準に改定(原本注)。ウエイト項目に営業余剰や間接税(消費税を含む)等を含めない(原本注)。原本の期間表示「2020年 4-6月」(暦年の四半期)。原本では1列右の見出しの下にある値。月別シートのこの系列の3か月平均と一致(差 0.00、0.1 以内)を確かめて、この系列に付け直した(2026-09-26 番人。付け直した 800 セルが全部一致)。
074b4eb45b0b1044,JP,index,建設工事費デフレーター（2020年度基準） 四半期別,W在来住宅,W在来住宅,index (2020年度平均 = 100),national,JP,日本,,,,100.2,,index_value,published_pdl,,,2020Q2,,mlit-deflator-tsuki-2607,deftsuki2020（四半期別）!BL27(見出しは右隣の系列。値はこの系列),https://www.mlit.go.jp/statistics/details/content/deftsuki_2607.xlsx,PDL1.0,,2020年度基準(2020年度平均=100)。2026年4月分の公表から2020年度基準に改定(原本注)。ウエイト項目に営業余剰や間接税(消費税を含む)等を含めない(原本注)。原本の期間表示「2020年 4-6月」(暦年の四半期)。原本では1列右の見出しの下にある値。月別シートのこの系列の3か月平均と一致(差 0.00、0.1 以内)を確かめて、この系列に付け直した(2026-09-26 番人。付け直した 800 セルが全部一致)。
8769b9af3d7601d2,JP,index,建設工事費デフレーター（2020年度基準） 四半期別,W量産住宅,W量産住宅,index (2020年度平均 = 100),national,JP,日本,,,,100,,index_value,published_pdl,,,2020Q2,,mlit-deflator-tsuki-2607,deftsuki2020（四半期別）!BM27(見出しは右隣の系列。値はこの系列),https://www.mlit.go.jp/statistics/details/content/deftsuki_2607.xlsx,PDL1.0,,2020年度基準(2020年度平均=100)。2026年4月分の公表から2020年度基準に改定(原本注)。ウエイト項目に営業余剰や間接税(消費税を含む)等を含めない(原本注)。原本の期間表示「2020年 4-6月」(暦年の四半期)。原本では1列右の見出しの下にある値。月別シートのこの系列の3か月平均と一致(差 0.03、0.1 以内)を確かめて、この系列に付け直した(2026-09-26 番人。付け直した 800 セルが全部一致)。
da3a90ef68104ead,JP,index,建設工事費デフレーター（2020年度基準） 四半期別,RC在来住宅,RC在来住宅,index (2020年度平均 = 100),national,JP,日本,,,,100,,index_value,published_pdl,,,2020Q2,,mlit-deflator-tsuki-2607,deftsuki2020（四半期別）!BN27(見出しは右隣の系列。値はこの系列),https://www.mlit.go.jp/statistics/details/content/deftsuki_2607.xlsx,PDL1.0,,2020年度基準(2020年度平均=100)。2026年4月分の公表から2020年度基準に改定(原本注)。ウエイト項目に営業余剰や間接税(消費税を含む)等を含めない(原本注)。原本の期間表示「2020年 4-6月」(暦年の四半期)。原本では1列右の見出しの下にある値。月別シートのこの系列の3か月平均と一致(差 0.00、0.1 以内)を確かめて、この系列に付け直した(2026-09-26 番人。付け直した 800 セルが全部一致)。
3e434a1a4577de0a,JP,index,建設工事費デフレーター（2020年度基準） 四半期別,RC量産住宅,RC量産住宅,index (2020年度平均 = 100),national,JP,日本,,,,99.8,,index_value,published_pdl,,,2020Q2,,mlit-deflator-tsuki-2607,deftsuki2020（四半期別）!BO27(見出しは右隣の系列。値はこの系列),https://www.mlit.go.jp/statistics/details/content/deftsuki_2607.xlsx,PDL1.0,,2020年度基準(2020年度平均=100)。2026年4月分の公表から2020年度基準に改定(原本注)。ウエイト項目に営業余剰や間接税(消費税を含む)等を含めない(原本注)。原本の期間表示「2020年 4-6月」(暦年の四半期)。原本では1列右の見出しの下にある値。月別シートのこの系列の3か月平均と一致(差 0.03、0.1 以内)を確かめて、この系列に付け直した(2026-09-26 番人。付け直した 800 セルが全部一致)。
f29953b58d36ba15,JP,index,建設工事費デフレーター（2020年度基準） 四半期別,S在来住宅,S在来住宅,index (2020年度平均 = 100),national,JP,日本,,,,100,,index_value,published_pdl,,,2020Q2,,mlit-deflator-tsuki-2607,deftsuki2020（四半期別）!BP27(見出しは右隣の系列。値はこの系列),https://www.mlit.go.jp/statistics/details/content/deftsuki_2607.xlsx,PDL1.0,,2020年度基準(2020年度平均=100)。2026年4月分の公表から2020年度基準に改定(原本注)。ウエイト項目に営業余剰や間接税(消費税を含む)等を含めない(原本注)。原本の期間表示「2020年 4-6月」(暦年の四半期)。原本では1列右の見出しの下にある値。月別シートのこの系列の3か月平均と一致(差 0.03、0.1 以内)を確かめて、この系列に付け直した(2026-09-26 番人。付け直した 800 セルが全部一致)。
d09180ac74f3a617,JP,index,建設工事費デフレーター（2020年度基準） 四半期別,S量産住宅,S量産住宅,index (2020年度平均 = 100),national,JP,日本,,,,99.8,,index_value,published_pdl,,,2020Q2,,mlit-deflator-tsuki-2607,deftsuki2020（四半期別）!BQ27(見出しは右隣の系列。値はこの系列),https://www.mlit.go.jp/statistics/details/content/deftsuki_2607.xlsx,PDL1.0,,2020年度基準(2020年度平均=100)。2026年4月分の公表から2020年度基準に改定(原本注)。ウエイト項目に営業余剰や間接税(消費税を含む)等を含めない(原本注)。原本の期間表示「2020年 4-6月」(暦年の四半期)。原本では1列右の見出しの下にある値。月別シートのこの系列の3か月平均と一致(差 0.03、0.1 以内)を確かめて、この系列に付け直した(2026-09-26 番人。付け直した 800 セルが全部一致)。
1bb9eea14f1b4546,JP,index,建設工事費デフレーター（2020年度基準） 四半期別,W工場・倉庫,W工場・倉庫,index (2020年度平均 = 100),national,JP,日本,,,,100.1,,index_value,published_pdl,,,2020Q2,,mlit-deflator-tsuki-2607,deftsuki2020（四半期別）!BR27(見出しは右隣の系列。値はこの系列),https://www.mlit.go.jp/statistics/details/content/deftsuki_2607.xlsx,PDL1.0,,2020年度基準(2020年度平均=100)。2026年4月分の公表から2020年度基準に改定(原本注)。ウエイト項目に営業余剰や間接税(消費税を含む)等を含めない(原本注)。原本の期間表示「2020年 4-6月」(暦年の四半期)。原本では1列右の見出しの下にある値。月別シートのこの系列の3か月平均と一致(差 0.03、0.1 以内)を確かめて、この系列に付け直した(2026-09-26 番人。付け直した 800 セルが全部一致)。
25119beba0ea659c,JP,index,建設工事費デフレーター（2020年度基準） 四半期別,W事務所・その他,W事務所・その他,index (2020年度平均 = 100),national,JP,日本,,,,100.2,,index_value,published_pdl,,,2020Q2,,mlit-deflator-tsuki-2607,deftsuki2020（四半期別）!BS27(見出しは右隣の系列。値はこの系列),https://www.mlit.go.jp/statistics/details/content/deftsuki_2607.xlsx,PDL1.0,,2020年度基準(2020年度平均=100)。2026年4月分の公表から2020年度基準に改定(原本注)。ウエイト項目に営業余剰や間接税(消費税を含む)等を含めない(原本注)。原本の期間表示「2020年 4-6月」(暦年の四半期)。原本では1列右の見出しの下にある値。月別シートのこの系列の3か月平均と一致(差 0.07、0.1 以内)を確かめて、この系列に付け直した(2026-09-26 番人。付け直した 800 セルが全部一致)。
25152526c465eb9a,JP,index,建設工事費デフレーター（2020年度基準） 四半期別,SRC工場・倉庫,SRC工場・倉庫,index (2020年度平均 = 100),national,JP,日本,,,,100.1,,index_value,published_pdl,,,2020Q2,,mlit-deflator-tsuki-2607,deftsuki2020（四半期別）!BT27(見出しは右隣の系列。値はこの系列),https://www.mlit.go.jp/statistics/details/content/deftsuki_2607.xlsx,PDL1.0,,2020年度基準(2020年度平均=100)。2026年4月分の公表から2020年度基準に改定(原本注)。ウエイト項目に営業余剰や間接税(消費税を含む)等を含めない(原本注)。原本の期間表示「2020年 4-6月」(暦年の四半期)。原本では1列右の見出しの下にある値。月別シートのこの系列の3か月平均と一致(差 0.03、0.1 以内)を確かめて、この系列に付け直した(2026-09-26 番人。付け直した 800 セルが全部一致)。
c2423175a662b49c,JP,index,建設工事費デフレーター（2020年度基準） 四半期別,SRC事務所・その他,SRC事務所・その他,index (2020年度平均 = 100),national,JP,日本,,,,100.1,,index_value,published_pdl,,,2020Q2,,mlit-deflator-tsuki-2607,deftsuki2020（四半期別）!BU27(見出しは右隣の系列。値はこの系列),https://www.mlit.go.jp/statistics/details/content/deftsuki_2607.xlsx,PDL1.0,,2020年度基準(2020年度平均=100)。2026年4月分の公表から2020年度基準に改定(原本注)。ウエイト項目に営業余剰や間接税(消費税を含む)等を含めない(原本注)。原本の期間表示「2020年 4-6月」(暦年の四半期)。原本では1列右の見出しの下にある値。月別シートのこの系列の3か月平均と一致(差 0.03、0.1 以内)を確かめて、この系列に付け直した(2026-09-26 番人。付け直した 800 セルが全部一致)。
1097b0dd0bbf12e6,JP,index,建設工事費デフレーター（2020年度基準） 四半期別,RC工場・倉庫,RC工場・倉庫,index (2020年度平均 = 100),national,JP,日本,,,,100.1,,index_value,published_pdl,,,2020Q2,,mlit-deflator-tsuki-2607,deftsuki2020（四半期別）!BV27(見出しは右隣の系列。値はこの系列),https://www.mlit.go.jp/statistics/details/content/deftsuki_2607.xlsx,PDL1.0,,2020年度基準(2020年度平均=100)。2026年4月分の公表から2020年度基準に改定(原本注)。ウエイト項目に営業余剰や間接税(消費税を含む)等を含めない(原本注)。原本の期間表示「2020年 4-6月」(暦年の四半期)。原本では1列右の見出しの下にある値。月別シートのこの系列の3か月平均と一致(差 0.00、0.1 以内)を確かめて、この系列に付け直した(2026-09-26 番人。付け直した 800 セルが全部一致)。
e3aec84c09cfad7a,JP,index,建設工事費デフレーター（2020年度基準） 四半期別,RC学校,RC学校,index (2020年度平均 = 100),national,JP,日本,,,,100.1,,index_value,published_pdl,,,2020Q2,,mlit-deflator-tsuki-2607,deftsuki2020（四半期別）!BW27(見出しは右隣の系列。値はこの系列),https://www.mlit.go.jp/statistics/details/content/deftsuki_2607.xlsx,PDL1.0,,2020年度基準(2020年度平均=100)。2026年4月分の公表から2020年度基準に改定(原本注)。ウエイト項目に営業余剰や間接税(消費税を含む)等を含めない(原本注)。原本の期間表示「2020年 4-6月」(暦年の四半期)。原本では1列右の見出しの下にある値。月別シートのこの系列の3か月平均と一致(差 0.00、0.1 以内)を確かめて、この系列に付け直した(2026-09-26 番人。付け直した 800 セルが全部一致)。
da23f251a83c5cfd,JP,index,建設工事費デフレーター（2020年度基準） 四半期別,RC事務所・その他,RC事務所・その他,index (2020年度平均 = 100),national,JP,日本,,,,100.1,,index_value,published_pdl,,,2020Q2,,mlit-deflator-tsuki-2607,deftsuki2020（四半期別）!BX27(見出しは右隣の系列。値はこの系列),https://www.mlit.go.jp/statistics/details/content/deftsuki_2607.xlsx,PDL1.0,,2020年度基準(2020年度平均=100)。2026年4月分の公表から2020年度基準に改定(原本注)。ウエイト項目に営業余剰や間接税(消費税を含む)等を含めない(原本注)。原本の期間表示「2020年 4-6月」(暦年の四半期)。原本では1列右の見出しの下にある値。月別シートのこの系列の3か月平均と一致(差 0.00、0.1 以内)を確かめて、この系列に付け直した(2026-09-26 番人。付け直した 800 セルが全部一致)。
1bc5c67d561d57e3,JP,index,建設工事費デフレーター（2020年度基準） 四半期別,S工場・倉庫,S工場・倉庫,index (2020年度平均 = 100),national,JP,日本,,,,100.2,,index_value,published_pdl,,,2020Q2,,mlit-deflator-tsuki-2607,deftsuki2020（四半期別）!BY27(見出しは右隣の系列。値はこの系列),https://www.mlit.go.jp/statistics/details/content/deftsuki_2607.xlsx,PDL1.0,,2020年度基準(2020年度平均=100)。2026年4月分の公表から2020年度基準に改定(原本注)。ウエイト項目に営業余剰や間接税(消費税を含む)等を含めない(原本注)。原本の期間表示「2020年 4-6月」(暦年の四半期)。原本では1列右の見出しの下にある値。月別シートのこの系列の3か月平均と一致(差 0.03、0.1 以内)を確かめて、この系列に付け直した(2026-09-26 番人。付け直した 800 セルが全部一致)。
a995e36dc6cb1411,JP,index,建設工事費デフレーター（2020年度基準） 四半期別,S事務所・その他,S事務所・その他,index (2020年度平均 = 100),national,JP,日本,,,,,,index_value,not_set,,,2020Q2,,mlit-deflator-tsuki-2607,,https://www.mlit.go.jp/statistics/details/content/deftsuki_2607.xlsx,PDL1.0,,2020年度基準(2020年度平均=100)。2026年4月分の公表から2020年度基準に改定(原本注)。ウエイト項目に営業余剰や間接税(消費税を含む)等を含めない(原本注)。原本の期間表示「2020年 4-6月」(暦年の四半期)。原本の四半期別では、列ずれのため、この系列のこの期間の値がどの列にも無い(2026-09-26 番人)。月別シートの値はある。
d7e47348e366ce63,JP,index,建設工事費デフレーター（2020年度基準） 四半期別,地方道路公社等,建設総合 > 土木総合 > 公共事業 > 土木1（除く災害復旧） > 道路総合 > 有料道路 > 地方道路公社等,index (2020年度平均 = 100),national,JP,日本,,,,99.7,,index_value,published_pdl,,,2020Q3,,mlit-deflator-tsuki-2607,deftsuki2020（四半期別）!AT28(見出しは右隣の系列。値はこの系列),https://www.mlit.go.jp/statistics/details/content/deftsuki_2607.xlsx,PDL1.0,,2020年度基準(2020年度平均=100)。2026年4月分の公表から2020年度基準に改定(原本注)。ウエイト項目に営業余剰や間接税(消費税を含む)等を含めない(原本注)。原本の期間表示「2020年 7-9月」(暦年の四半期)。原本では1列右の見出しの下にある値。月別シートのこの系列の3か月平均と一致(差 0.07、0.1 以内)を確かめて、この系列に付け直した(2026-09-26 番人。付け直した 800 セルが全部一致)。
78466846d7562caf,JP,index,建設工事費デフレーター（2020年度基準） 四半期別,道路2（再掲）,建設総合 > 土木総合 > 公共事業 > 土木1（除く災害復旧） > 道路2（再掲）,index (2020年度平均 = 100),national,JP,日本,,,,99.7,,index_value,published_pdl,,,2020Q3,,mlit-deflator-tsuki-2607,deftsuki2020（四半期別）!AU28(見出しは右隣の系列。値はこの系列),https://www.mlit.go.jp/statistics/details/content/deftsuki_2607.xlsx,PDL1.0,,2020年度基準(2020年度平均=100)。2026年4月分の公表から2020年度基準に改定(原本注)。ウエイト項目に営業余剰や間接税(消費税を含む)等を含めない(原本注)。原本の期間表示「2020年 7-9月」(暦年の四半期)。原本では1列右の見出しの下にある値。月別シートのこの系列の3か月平均と一致(差 0.00、0.1 以内)を確かめて、この系列に付け直した(2026-09-26 番人。付け直した 800 セルが全部一致)。
db7b5b6c32cce563,JP,index,建設工事費デフレーター（2020年度基準） 四半期別,街路2（再掲）,建設総合 > 土木総合 > 公共事業 > 土木1（除く災害復旧） > 街路2（再掲）,index (2020年度平均 = 100),national,JP,日本,,,,99.7,,index_value,published_pdl,,,2020Q3,,mlit-deflator-tsuki-2607,deftsuki2020（四半期別）!AV28(見出しは右隣の系列。値はこの系列),https://www.mlit.go.jp/statistics/details/content/deftsuki_2607.xlsx,PDL1.0,,2020年度基準(2020年度平均=100)。2026年4月分の公表から2020年度基準に改定(原本注)。ウエイト項目に営業余剰や間接税(消費税を含む)等を含めない(原本注)。原本の期間表示「2020年 7-9月」(暦年の四半期)。原本では1列右の見出しの下にある値。月別シートのこの系列の3か月平均と一致(差 0.03、0.1 以内)を確かめて、この系列に付け直した(2026-09-26 番人。付け直した 800 セルが全部一致)。
bac6c424908a39e9,JP,index,建設工事費デフレーター（2020年度基準） 四半期別,公園,建設総合 > 土木総合 > 公共事業 > 土木1（除く災害復旧） > 公園,index (2020年度平均 = 100),national,JP,日本,,,,99.7,,index_value,published_pdl,,,2020Q3,,mlit-deflator-tsuki-2607,deftsuki2020（四半期別）!AW28(見出しは右隣の系列。値はこの系列),https://www.mlit.go.jp/statistics/details/content/deftsuki_2607.xlsx,PDL1.0,,2020年度基準(2020年度平均=100)。2026年4月分の公表から2020年度基準に改定(原本注)。ウエイト項目に営業余剰や間接税(消費税を含む)等を含めない(原本注)。原本の期間表示「2020年 7-9月」(暦年の四半期)。原本では1列右の見出しの下にある値。月別シートのこの系列の3か月平均と一致(差 0.03、0.1 以内)を確かめて、この系列に付け直した(2026-09-26 番人。付け直した 800 セルが全部一致)。
8a248f96fdcaab5d,JP,index,建設工事費デフレーター（2020年度基準） 四半期別,下水道,建設総合 > 土木総合 > 公共事業 > 土木1（除く災害復旧） > 下水道,index (2020年度平均 = 100),national,JP,日本,,,,99.7,,index_value,published_pdl,,,2020Q3,,mlit-deflator-tsuki-2607,deftsuki2020（四半期別）!AX28(見出しは右隣の系列。値はこの系列),https://www.mlit.go.jp/statistics/details/content/deftsuki_2607.xlsx,PDL1.0,,2020年度基準(2020年度平均=100)。2026年4月分の公表から2020年度基準に改定(原本注)。ウエイト項目に営業余剰や間接税(消費税を含む)等を含めない(原本注)。原本の期間表示「2020年 7-9月」(暦年の四半期)。原本では1列右の見出しの下にある値。月別シートのこの系列の3か月平均と一致(差 0.03、0.1 以内)を確かめて、この系列に付け直した(2026-09-26 番人。付け直した 800 セルが全部一致)。
788ff9771a629b92,JP,index,建設工事費デフレーター（2020年度基準） 四半期別,災害復旧,建設総合 > 土木総合 > 公共事業 > 土木1（除く災害復旧） > 災害復旧,index (2020年度平均 = 100),national,JP,日本,,,,99.7,,index_value,published_pdl,,,2020Q3,,mlit-deflator-tsuki-2607,deftsuki2020（四半期別）!AY28(見出しは右隣の系列。値はこの系列),https://www.mlit.go.jp/statistics/details/content/deftsuki_2607.xlsx,PDL1.0,,2020年度基準(2020年度平均=100)。2026年4月分の公表から2020年度基準に改定(原本注)。ウエイト項目に営業余剰や間接税(消費税を含む)等を含めない(原本注)。原本の期間表示「2020年 7-9月」(暦年の四半期)。原本では1列右の見出しの下にある値。月別シートのこの系列の3か月平均と一致(差 0.03、0.1 以内)を確かめて、この系列に付け直した(2026-09-26 番人。付け直した 800 セルが全部一致)。
21512310987697c3,JP,index,建設工事費デフレーター（2020年度基準） 四半期別,土木2,建設総合 > 土木総合 > 公共事業 > 土木2,index (2020年度平均 = 100),national,JP,日本,,,,99.6,,index_value,published_pdl,,,2020Q3,,mlit-deflator-tsuki-2607,deftsuki2020（四半期別）!AZ28(見出しは右隣の系列。値はこの系列),https://www.mlit.go.jp/statistics/details/content/deftsuki_2607.xlsx,PDL1.0,,2020年度基準(2020年度平均=100)。2026年4月分の公表から2020年度基準に改定(原本注)。ウエイト項目に営業余剰や間接税(消費税を含む)等を含めない(原本注)。原本の期間表示「2020年 7-9月」(暦年の四半期)。原本では1列右の見出しの下にある値。月別シートのこの系列の3か月平均と一致(差 0.03、0.1 以内)を確かめて、この系列に付け直した(2026-09-26 番人。付け直した 800 セルが全部一致)。
dc3ec11a07945a5b,JP,index,建設工事費デフレーター（2020年度基準） 四半期別,港湾・漁港,建設総合 > 土木総合 > 公共事業 > 土木2 > 港湾・漁港,index (2020年度平均 = 100),national,JP,日本,,,,99.7,,index_value,published_pdl,,,2020Q3,,mlit-deflator-tsuki-2607,deftsuki2020（四半期別）!BA28(見出しは右隣の系列。値はこの系列),https://www.mlit.go.jp/statistics/details/content/deftsuki_2607.xlsx,PDL1.0,,2020年度基準(2020年度平均=100)。2026年4月分の公表から2020年度基準に改定(原本注)。ウエイト項目に営業余剰や間接税(消費税を含む)等を含めない(原本注)。原本の期間表示「2020年 7-9月」(暦年の四半期)。原本では1列右の見出しの下にある値。月別シートのこの系列の3か月平均と一致(差 0.03、0.1 以内)を確かめて、この系列に付け直した(2026-09-26 番人。付け直した 800 セルが全部一致)。
e0a7f63e8f813925,JP,index,建設工事費デフレーター（2020年度基準） 四半期別,空港,建設総合 > 土木総合 > 公共事業 > 土木2 > 空港,index (2020年度平均 = 100),national,JP,日本,,,,99.6,,index_value,published_pdl,,,2020Q3,,mlit-deflator-tsuki-2607,deftsuki2020（四半期別）!BB28(見出しは右隣の系列。値はこの系列),https://www.mlit.go.jp/statistics/details/content/deftsuki_2607.xlsx,PDL1.0,,2020年度基準(2020年度平均=100)。2026年4月分の公表から2020年度基準に改定(原本注)。ウエイト項目に営業余剰や間接税(消費税を含む)等を含めない(原本注)。原本の期間表示「2020年 7-9月」(暦年の四半期)。原本では1列右の見出しの下にある値。月別シートのこの系列の3か月平均と一致(差 0.00、0.1 以内)を確かめて、この系列に付け直した(2026-09-26 番人。付け直した 800 セルが全部一致)。
759722db84e7c04f,JP,index,建設工事費デフレーター（2020年度基準） 四半期別,環境衛生,建設総合 > 土木総合 > 公共事業 > 土木2 > 環境衛生,index (2020年度平均 = 100),national,JP,日本,,,,99.6,,index_value,published_pdl,,,2020Q3,,mlit-deflator-tsuki-2607,deftsuki2020（四半期別）!BC28(見出しは右隣の系列。値はこの系列),https://www.mlit.go.jp/statistics/details/content/deftsuki_2607.xlsx,PDL1.0,,2020年度基準(2020年度平均=100)。2026年4月分の公表から2020年度基準に改定(原本注)。ウエイト項目に営業余剰や間接税(消費税を含む)等を含めない(原本注)。原本の期間表示「2020年 7-9月」(暦年の四半期)。原本では1列右の見出しの下にある値。月別シートのこの系列の3か月平均と一致(差 0.03、0.1 以内)を確かめて、この系列に付け直した(2026-09-26 番人。付け直した 800 セルが全部一致)。
e58aca34d883da15,JP,index,建設工事費デフレーター（2020年度基準） 四半期別,農林関係公共事業,建設総合 > 土木総合 > 公共事業 > 土木2 > 農林関係公共事業,index (2020年度平均 = 100),national,JP,日本,,,,99.6,,index_value,published_pdl,,,2020Q3,,mlit-deflator-tsuki-2607,deftsuki2020（四半期別）!BD28(見出しは右隣の系列。値はこの系列),https://www.mlit.go.jp/statistics/details/content/deftsuki_2607.xlsx,PDL1.0,,2020年度基準(2020年度平均=100)。2026年4月分の公表から2020年度基準に改定(原本注)。ウエイト項目に営業余剰や間接税(消費税を含む)等を含めない(原本注)。原本の期間表示「2020年 7-9月」(暦年の四半期)。原本では1列右の見出しの下にある値。月別シートのこの系列の3か月平均と一致(差 0.03、0.1 以内)を確かめて、この系列に付け直した(2026-09-26 番人。付け直した 800 セルが全部一致)。
1425424f70966860,JP,index,建設工事費デフレーター（2020年度基準） 四半期別,その他土木,建設総合 > 土木総合 > その他土木 (原本の列 BD。同じ表頭の列が2つある),index (2020年度平均 = 100),national,JP,日本,,,,99.6,,index_value,published_pdl,,,2020Q3,,mlit-deflator-tsuki-2607,deftsuki2020（四半期別）!BE28(見出しは右隣の系列。値はこの系列),https://www.mlit.go.jp/statistics/details/content/deftsuki_2607.xlsx,PDL1.0,,2020年度基準(2020年度平均=100)。2026年4月分の公表から2020年度基準に改定(原本注)。ウエイト項目に営業余剰や間接税(消費税を含む)等を含めない(原本注)。原本の期間表示「2020年 7-9月」(暦年の四半期)。原本では1列右の見出しの下にある値。月別シートのこの系列の3か月平均と一致(差 0.03、0.1 以内)を確かめて、この系列に付け直した(2026-09-26 番人。付け直した 800 セルが全部一致)。
a43e4eed96b378d9,JP,index,建設工事費デフレーター（2020年度基準） 四半期別,鉄道軌道,建設総合 > 土木総合 > その他土木 > 鉄道軌道,index (2020年度平均 = 100),national,JP,日本,,,,99.5,,index_value,published_pdl,,,2020Q3,,mlit-deflator-tsuki-2607,deftsuki2020（四半期別）!BF28(見出しは右隣の系列。値はこの系列),https://www.mlit.go.jp/statistics/details/content/deftsuki_2607.xlsx,PDL1.0,,2020年度基準(2020年度平均=100)。2026年4月分の公表から2020年度基準に改定(原本注)。ウエイト項目に営業余剰や間接税(消費税を含む)等を含めない(原本注)。原本の期間表示「2020年 7-9月」(暦年の四半期)。原本では1列右の見出しの下にある値。月別シートのこの系列の3か月平均と一致(差 0.03、0.1 以内)を確かめて、この系列に付け直した(2026-09-26 番人。付け直した 800 セルが全部一致)。
64af8f094cccab9b,JP,index,建設工事費デフレーター（2020年度基準） 四半期別,電力,建設総合 > 土木総合 > その他土木 > 電力,index (2020年度平均 = 100),national,JP,日本,,,,99.5,,index_value,published_pdl,,,2020Q3,,mlit-deflator-tsuki-2607,deftsuki2020（四半期別）!BG28(見出しは右隣の系列。値はこの系列),https://www.mlit.go.jp/statistics/details/content/deftsuki_2607.xlsx,PDL1.0,,2020年度基準(2020年度平均=100)。2026年4月分の公表から2020年度基準に改定(原本注)。ウエイト項目に営業余剰や間接税(消費税を含む)等を含めない(原本注)。原本の期間表示「2020年 7-9月」(暦年の四半期)。原本では1列右の見出しの下にある値。月別シートのこの系列の3か月平均と一致(差 0.00、0.1 以内)を確かめて、この系列に付け直した(2026-09-26 番人。付け直した 800 セルが全部一致)。
e025429ff08ea1fb,JP,index,建設工事費デフレーター（2020年度基準） 四半期別,電気通信,建設総合 > 土木総合 > その他土木 > 電気通信,index (2020年度平均 = 100),national,JP,日本,,,,99.6,,index_value,published_pdl,,,2020Q3,,mlit-deflator-tsuki-2607,deftsuki2020（四半期別）!BH28(見出しは右隣の系列。値はこの系列),https://www.mlit.go.jp/statistics/details/content/deftsuki_2607.xlsx,PDL1.0,,2020年度基準(2020年度平均=100)。2026年4月分の公表から2020年度基準に改定(原本注)。ウエイト項目に営業余剰や間接税(消費税を含む)等を含めない(原本注)。原本の期間表示「2020年 7-9月」(暦年の四半期)。原本では1列右の見出しの下にある値。月別シートのこの系列の3か月平均と一致(差 0.00、0.1 以内)を確かめて、この系列に付け直した(2026-09-26 番人。付け直した 800 セルが全部一致)。
f36908515808b153,JP,index,建設工事費デフレーター（2020年度基準） 四半期別,上・工業用水道,建設総合 > 土木総合 > その他土木 > 上・工業用水道,index (2020年度平均 = 100),national,JP,日本,,,,99.8,,index_value,published_pdl,,,2020Q3,,mlit-deflator-tsuki-2607,deftsuki2020（四半期別）!BI28(見出しは右隣の系列。値はこの系列),https://www.mlit.go.jp/statistics/details/content/deftsuki_2607.xlsx,PDL1.0,,2020年度基準(2020年度平均=100)。2026年4月分の公表から2020年度基準に改定(原本注)。ウエイト項目に営業余剰や間接税(消費税を含む)等を含めない(原本注)。原本の期間表示「2020年 7-9月」(暦年の四半期)。原本では1列右の見出しの下にある値。月別シートのこの系列の3か月平均と一致(差 0.00、0.1 以内)を確かめて、この系列に付け直した(2026-09-26 番人。付け直した 800 セルが全部一致)。
85e0bae5231b4c6a,JP,index,建設工事費デフレーター（2020年度基準） 四半期別,土地造成,建設総合 > 土木総合 > その他土木 > 土地造成,index (2020年度平均 = 100),national,JP,日本,,,,99.6,,index_value,published_pdl,,,2020Q3,,mlit-deflator-tsuki-2607,deftsuki2020（四半期別）!BJ28(見出しは右隣の系列。値はこの系列),https://www.mlit.go.jp/statistics/details/content/deftsuki_2607.xlsx,PDL1.0,,2020年度基準(2020年度平均=100)。2026年4月分の公表から2020年度基準に改定(原本注)。ウエイト項目に営業余剰や間接税(消費税を含む)等を含めない(原本注)。原本の期間表示「2020年 7-9月」(暦年の四半期)。原本では1列右の見出しの下にある値。月別シートのこの系列の3か月平均と一致(差 0.03、0.1 以内)を確かめて、この系列に付け直した(2026-09-26 番人。付け直した 800 セルが全部一致)。
36eedf38c02240b5,JP,index,建設工事費デフレーター（2020年度基準） 四半期別,その他土木,建設総合 > 土木総合 > その他土木 (原本の列 BJ。同じ表頭の列が2つある),index (2020年度平均 = 100),national,JP,日本,,,,99.7,,index_value,published_pdl,,,2020Q3,,mlit-deflator-tsuki-2607,deftsuki2020（四半期別）!BK28(見出しは右隣の系列。値はこの系列),https://www.mlit.go.jp/statistics/details/content/deftsuki_2607.xlsx,PDL1.0,,2020年度基準(2020年度平均=100)。2026年4月分の公表から2020年度基準に改定(原本注)。ウエイト項目に営業余剰や間接税(消費税を含む)等を含めない(原本注)。原本の期間表示「2020年 7-9月」(暦年の四半期)。原本では1列右の見出しの下にある値。月別シートのこの系列の3か月平均と一致(差 0.03、0.1 以内)を確かめて、この系列に付け直した(2026-09-26 番人。付け直した 800 セルが全部一致)。
c47ac7c51b1acbd2,JP,index,建設工事費デフレーター（2020年度基準） 四半期別,W在来住宅,W在来住宅,index (2020年度平均 = 100),national,JP,日本,,,,99.6,,index_value,published_pdl,,,2020Q3,,mlit-deflator-tsuki-2607,deftsuki2020（四半期別）!BL28(見出しは右隣の系列。値はこの系列),https://www.mlit.go.jp/statistics/details/content/deftsuki_2607.xlsx,PDL1.0,,2020年度基準(2020年度平均=100)。2026年4月分の公表から2020年度基準に改定(原本注)。ウエイト項目に営業余剰や間接税(消費税を含む)等を含めない(原本注)。原本の期間表示「2020年 7-9月」(暦年の四半期)。原本では1列右の見出しの下にある値。月別シートのこの系列の3か月平均と一致(差 0.03、0.1 以内)を確かめて、この系列に付け直した(2026-09-26 番人。付け直した 800 セルが全部一致)。
cfc05ef2c3404113,JP,index,建設工事費デフレーター（2020年度基準） 四半期別,W量産住宅,W量産住宅,index (2020年度平均 = 100),national,JP,日本,,,,99.4,,index_value,published_pdl,,,2020Q3,,mlit-deflator-tsuki-2607,deftsuki2020（四半期別）!BM28(見出しは右隣の系列。値はこの系列),https://www.mlit.go.jp/statistics/details/content/deftsuki_2607.xlsx,PDL1.0,,2020年度基準(2020年度平均=100)。2026年4月分の公表から2020年度基準に改定(原本注)。ウエイト項目に営業余剰や間接税(消費税を含む)等を含めない(原本注)。原本の期間表示「2020年 7-9月」(暦年の四半期)。原本では1列右の見出しの下にある値。月別シートのこの系列の3か月平均と一致(差 0.00、0.1 以内)を確かめて、この系列に付け直した(2026-09-26 番人。付け直した 800 セルが全部一致)。
dd219843b632ed79,JP,index,建設工事費デフレーター（2020年度基準） 四半期別,RC在来住宅,RC在来住宅,index (2020年度平均 = 100),national,JP,日本,,,,99.7,,index_value,published_pdl,,,2020Q3,,mlit-deflator-tsuki-2607,deftsuki2020（四半期別）!BN28(見出しは右隣の系列。値はこの系列),https://www.mlit.go.jp/statistics/details/content/deftsuki_2607.xlsx,PDL1.0,,2020年度基準(2020年度平均=100)。2026年4月分の公表から2020年度基準に改定(原本注)。ウエイト項目に営業余剰や間接税(消費税を含む)等を含めない(原本注)。原本の期間表示「2020年 7-9月」(暦年の四半期)。原本では1列右の見出しの下にある値。月別シートのこの系列の3か月平均と一致(差 0.03、0.1 以内)を確かめて、この系列に付け直した(2026-09-26 番人。付け直した 800 セルが全部一致)。
0a45ff038caa0104,JP,index,建設工事費デフレーター（2020年度基準） 四半期別,RC量産住宅,RC量産住宅,index (2020年度平均 = 100),national,JP,日本,,,,99.6,,index_value,published_pdl,,,2020Q3,,mlit-deflator-tsuki-2607,deftsuki2020（四半期別）!BO28(見出しは右隣の系列。値はこの系列),https://www.mlit.go.jp/statistics/details/content/deftsuki_2607.xlsx,PDL1.0,,2020年度基準(2020年度平均=100)。2026年4月分の公表から2020年度基準に改定(原本注)。ウエイト項目に営業余剰や間接税(消費税を含む)等を含めない(原本注)。原本の期間表示「2020年 7-9月」(暦年の四半期)。原本では1列右の見出しの下にある値。月別シートのこの系列の3か月平均と一致(差 0.00、0.1 以内)を確かめて、この系列に付け直した(2026-09-26 番人。付け直した 800 セルが全部一致)。
5b52ab4217632a6d,JP,index,建設工事費デフレーター（2020年度基準） 四半期別,S在来住宅,S在来住宅,index (2020年度平均 = 100),national,JP,日本,,,,99.8,,index_value,published_pdl,,,2020Q3,,mlit-deflator-tsuki-2607,deftsuki2020（四半期別）!BP28(見出しは右隣の系列。値はこの系列),https://www.mlit.go.jp/statistics/details/content/deftsuki_2607.xlsx,PDL1.0,,2020年度基準(2020年度平均=100)。2026年4月分の公表から2020年度基準に改定(原本注)。ウエイト項目に営業余剰や間接税(消費税を含む)等を含めない(原本注)。原本の期間表示「2020年 7-9月」(暦年の四半期)。原本では1列右の見出しの下にある値。月別シートのこの系列の3か月平均と一致(差 0.03、0.1 以内)を確かめて、この系列に付け直した(2026-09-26 番人。付け直した 800 セルが全部一致)。
5175e0dce3e8c0c5,JP,index,建設工事費デフレーター（2020年度基準） 四半期別,S量産住宅,S量産住宅,index (2020年度平均 = 100),national,JP,日本,,,,99.6,,index_value,published_pdl,,,2020Q3,,mlit-deflator-tsuki-2607,deftsuki2020（四半期別）!BQ28(見出しは右隣の系列。値はこの系列),https://www.mlit.go.jp/statistics/details/content/deftsuki_2607.xlsx,PDL1.0,,2020年度基準(2020年度平均=100)。2026年4月分の公表から2020年度基準に改定(原本注)。ウエイト項目に営業余剰や間接税(消費税を含む)等を含めない(原本注)。原本の期間表示「2020年 7-9月」(暦年の四半期)。原本では1列右の見出しの下にある値。月別シートのこの系列の3か月平均と一致(差 0.03、0.1 以内)を確かめて、この系列に付け直した(2026-09-26 番人。付け直した 800 セルが全部一致)。
3e72b8b21ff9f600,JP,index,建設工事費デフレーター（2020年度基準） 四半期別,W工場・倉庫,W工場・倉庫,index (2020年度平均 = 100),national,JP,日本,,,,99.6,,index_value,published_pdl,,,2020Q3,,mlit-deflator-tsuki-2607,deftsuki2020（四半期別）!BR28(見出しは右隣の系列。値はこの系列),https://www.mlit.go.jp/statistics/details/content/deftsuki_2607.xlsx,PDL1.0,,2020年度基準(2020年度平均=100)。2026年4月分の公表から2020年度基準に改定(原本注)。ウエイト項目に営業余剰や間接税(消費税を含む)等を含めない(原本注)。原本の期間表示「2020年 7-9月」(暦年の四半期)。原本では1列右の見出しの下にある値。月別シートのこの系列の3か月平均と一致(差 0.03、0.1 以内)を確かめて、この系列に付け直した(2026-09-26 番人。付け直した 800 セルが全部一致)。
963bc7d6bfaae780,JP,index,建設工事費デフレーター（2020年度基準） 四半期別,W事務所・その他,W事務所・その他,index (2020年度平均 = 100),national,JP,日本,,,,99.6,,index_value,published_pdl,,,2020Q3,,mlit-deflator-tsuki-2607,deftsuki2020（四半期別）!BS28(見出しは右隣の系列。値はこの系列),https://www.mlit.go.jp/statistics/details/content/deftsuki_2607.xlsx,PDL1.0,,2020年度基準(2020年度平均=100)。2026年4月分の公表から2020年度基準に改定(原本注)。ウエイト項目に営業余剰や間接税(消費税を含む)等を含めない(原本注)。原本の期間表示「2020年 7-9月」(暦年の四半期)。原本では1列右の見出しの下にある値。月別シートのこの系列の3か月平均と一致(差 0.03、0.1 以内)を確かめて、この系列に付け直した(2026-09-26 番人。付け直した 800 セルが全部一致)。
ace5bef16e4f2974,JP,index,建設工事費デフレーター（2020年度基準） 四半期別,SRC工場・倉庫,SRC工場・倉庫,index (2020年度平均 = 100),national,JP,日本,,,,99.8,,index_value,published_pdl,,,2020Q3,,mlit-deflator-tsuki-2607,deftsuki2020（四半期別）!BT28(見出しは右隣の系列。値はこの系列),https://www.mlit.go.jp/statistics/details/content/deftsuki_2607.xlsx,PDL1.0,,2020年度基準(2020年度平均=100)。2026年4月分の公表から2020年度基準に改定(原本注)。ウエイト項目に営業余剰や間接税(消費税を含む)等を含めない(原本注)。原本の期間表示「2020年 7-9月」(暦年の四半期)。原本では1列右の見出しの下にある値。月別シートのこの系列の3か月平均と一致(差 0.03、0.1 以内)を確かめて、この系列に付け直した(2026-09-26 番人。付け直した 800 セルが全部一致)。
7af62a848cee9e62,JP,index,建設工事費デフレーター（2020年度基準） 四半期別,SRC事務所・その他,SRC事務所・その他,index (2020年度平均 = 100),national,JP,日本,,,,99.7,,index_value,published_pdl,,,2020Q3,,mlit-deflator-tsuki-2607,deftsuki2020（四半期別）!BU28(見出しは右隣の系列。値はこの系列),https://www.mlit.go.jp/statistics/details/content/deftsuki_2607.xlsx,PDL1.0,,2020年度基準(2020年度平均=100)。2026年4月分の公表から2020年度基準に改定(原本注)。ウエイト項目に営業余剰や間接税(消費税を含む)等を含めない(原本注)。原本の期間表示「2020年 7-9月」(暦年の四半期)。原本では1列右の見出しの下にある値。月別シートのこの系列の3か月平均と一致(差 0.03、0.1 以内)を確かめて、この系列に付け直した(2026-09-26 番人。付け直した 800 セルが全部一致)。
82a31944a9725883,JP,index,建設工事費デフレーター（2020年度基準） 四半期別,RC工場・倉庫,RC工場・倉庫,index (2020年度平均 = 100),national,JP,日本,,,,99.7,,index_value,published_pdl,,,2020Q3,,mlit-deflator-tsuki-2607,deftsuki2020（四半期別）!BV28(見出しは右隣の系列。値はこの系列),https://www.mlit.go.jp/statistics/details/content/deftsuki_2607.xlsx,PDL1.0,,2020年度基準(2020年度平均=100)。2026年4月分の公表から2020年度基準に改定(原本注)。ウエイト項目に営業余剰や間接税(消費税を含む)等を含めない(原本注)。原本の期間表示「2020年 7-9月」(暦年の四半期)。原本では1列右の見出しの下にある値。月別シートのこの系列の3か月平均と一致(差 0.03、0.1 以内)を確かめて、この系列に付け直した(2026-09-26 番人。付け直した 800 セルが全部一致)。
2cd47a4260190f23,JP,index,建設工事費デフレーター（2020年度基準） 四半期別,RC学校,RC学校,index (2020年度平均 = 100),national,JP,日本,,,,99.6,,index_value,published_pdl,,,2020Q3,,mlit-deflator-tsuki-2607,deftsuki2020（四半期別）!BW28(見出しは右隣の系列。値はこの系列),https://www.mlit.go.jp/statistics/details/content/deftsuki_2607.xlsx,PDL1.0,,2020年度基準(2020年度平均=100)。2026年4月分の公表から2020年度基準に改定(原本注)。ウエイト項目に営業余剰や間接税(消費税を含む)等を含めない(原本注)。原本の期間表示「2020年 7-9月」(暦年の四半期)。原本では1列右の見出しの下にある値。月別シートのこの系列の3か月平均と一致(差 0.07、0.1 以内)を確かめて、この系列に付け直した(2026-09-26 番人。付け直した 800 セルが全部一致)。
d9ba80cd2eeb9201,JP,index,建設工事費デフレーター（2020年度基準） 四半期別,RC事務所・その他,RC事務所・その他,index (2020年度平均 = 100),national,JP,日本,,,,99.7,,index_value,published_pdl,,,2020Q3,,mlit-deflator-tsuki-2607,deftsuki2020（四半期別）!BX28(見出しは右隣の系列。値はこの系列),https://www.mlit.go.jp/statistics/details/content/deftsuki_2607.xlsx,PDL1.0,,2020年度基準(2020年度平均=100)。2026年4月分の公表から2020年度基準に改定(原本注)。ウエイト項目に営業余剰や間接税(消費税を含む)等を含めない(原本注)。原本の期間表示「2020年 7-9月」(暦年の四半期)。原本では1列右の見出しの下にある値。月別シートのこの系列の3か月平均と一致(差 0.03、0.1 以内)を確かめて、この系列に付け直した(2026-09-26 番人。付け直した 800 セルが全部一致)。
03c69ab377b455ff,JP,index,建設工事費デフレーター（2020年度基準） 四半期別,S工場・倉庫,S工場・倉庫,index (2020年度平均 = 100),national,JP,日本,,,,99.8,,index_value,published_pdl,,,2020Q3,,mlit-deflator-tsuki-2607,deftsuki2020（四半期別）!BY28(見出しは右隣の系列。値はこの系列),https://www.mlit.go.jp/statistics/details/content/deftsuki_2607.xlsx,PDL1.0,,2020年度基準(2020年度平均=100)。2026年4月分の公表から2020年度基準に改定(原本注)。ウエイト項目に営業余剰や間接税(消費税を含む)等を含めない(原本注)。原本の期間表示「2020年 7-9月」(暦年の四半期)。原本では1列右の見出しの下にある値。月別シートのこの系列の3か月平均と一致(差 0.03、0.1 以内)を確かめて、この系列に付け直した(2026-09-26 番人。付け直した 800 セルが全部一致)。
e8026d43954e6b61,JP,index,建設工事費デフレーター（2020年度基準） 四半期別,S事務所・その他,S事務所・その他,index (2020年度平均 = 100),national,JP,日本,,,,,,index_value,not_set,,,2020Q3,,mlit-deflator-tsuki-2607,,https://www.mlit.go.jp/statistics/details/content/deftsuki_2607.xlsx,PDL1.0,,2020年度基準(2020年度平均=100)。2026年4月分の公表から2020年度基準に改定(原本注)。ウエイト項目に営業余剰や間接税(消費税を含む)等を含めない(原本注)。原本の期間表示「2020年 7-9月」(暦年の四半期)。原本の四半期別では、列ずれのため、この系列のこの期間の値がどの列にも無い(2026-09-26 番人)。月別シートの値はある。
e54eefb9cacbbf5f,JP,index,建設工事費デフレーター（2020年度基準） 四半期別,地方道路公社等,建設総合 > 土木総合 > 公共事業 > 土木1（除く災害復旧） > 道路総合 > 有料道路 > 地方道路公社等,index (2020年度平均 = 100),national,JP,日本,,,,99.8,,index_value,published_pdl,,,2020Q4,,mlit-deflator-tsuki-2607,deftsuki2020（四半期別）!AT29(見出しは右隣の系列。値はこの系列),https://www.mlit.go.jp/statistics/details/content/deftsuki_2607.xlsx,PDL1.0,,2020年度基準(2020年度平均=100)。2026年4月分の公表から2020年度基準に改定(原本注)。ウエイト項目に営業余剰や間接税(消費税を含む)等を含めない(原本注)。原本の期間表示「2020年 10-12月」(暦年の四半期)。原本では1列右の見出しの下にある値。月別シートのこの系列の3か月平均と一致(差 0.00、0.1 以内)を確かめて、この系列に付け直した(2026-09-26 番人。付け直した 800 セルが全部一致)。
f6575460901f7c81,JP,index,建設工事費デフレーター（2020年度基準） 四半期別,道路2（再掲）,建設総合 > 土木総合 > 公共事業 > 土木1（除く災害復旧） > 道路2（再掲）,index (2020年度平均 = 100),national,JP,日本,,,,99.7,,index_value,published_pdl,,,2020Q4,,mlit-deflator-tsuki-2607,deftsuki2020（四半期別）!AU29(見出しは右隣の系列。値はこの系列),https://www.mlit.go.jp/statistics/details/content/deftsuki_2607.xlsx,PDL1.0,,2020年度基準(2020年度平均=100)。2026年4月分の公表から2020年度基準に改定(原本注)。ウエイト項目に営業余剰や間接税(消費税を含む)等を含めない(原本注)。原本の期間表示「2020年 10-12月」(暦年の四半期)。原本では1列右の見出しの下にある値。月別シートのこの系列の3か月平均と一致(差 0.03、0.1 以内)を確かめて、この系列に付け直した(2026-09-26 番人。付け直した 800 セルが全部一致)。
c00b190e7ae18f2e,JP,index,建設工事費デフレーター（2020年度基準） 四半期別,街路2（再掲）,建設総合 > 土木総合 > 公共事業 > 土木1（除く災害復旧） > 街路2（再掲）,index (2020年度平均 = 100),national,JP,日本,,,,99.8,,index_value,published_pdl,,,2020Q4,,mlit-deflator-tsuki-2607,deftsuki2020（四半期別）!AV29(見出しは右隣の系列。値はこの系列),https://www.mlit.go.jp/statistics/details/content/deftsuki_2607.xlsx,PDL1.0,,2020年度基準(2020年度平均=100)。2026年4月分の公表から2020年度基準に改定(原本注)。ウエイト項目に営業余剰や間接税(消費税を含む)等を含めない(原本注)。原本の期間表示「2020年 10-12月」(暦年の四半期)。原本では1列右の見出しの下にある値。月別シートのこの系列の3か月平均と一致(差 0.03、0.1 以内)を確かめて、この系列に付け直した(2026-09-26 番人。付け直した 800 セルが全部一致)。
62076b37249d4483,JP,index,建設工事費デフレーター（2020年度基準） 四半期別,公園,建設総合 > 土木総合 > 公共事業 > 土木1（除く災害復旧） > 公園,index (2020年度平均 = 100),national,JP,日本,,,,99.8,,index_value,published_pdl,,,2020Q4,,mlit-deflator-tsuki-2607,deftsuki2020（四半期別）!AW29(見出しは右隣の系列。値はこの系列),https://www.mlit.go.jp/statistics/details/content/deftsuki_2607.xlsx,PDL1.0,,2020年度基準(2020年度平均=100)。2026年4月分の公表から2020年度基準に改定(原本注)。ウエイト項目に営業余剰や間接税(消費税を含む)等を含めない(原本注)。原本の期間表示「2020年 10-12月」(暦年の四半期)。原本では1列右の見出しの下にある値。月別シートのこの系列の3か月平均と一致(差 0.00、0.1 以内)を確かめて、この系列に付け直した(2026-09-26 番人。付け直した 800 セルが全部一致)。
464768cb7aa8ebb8,JP,index,建設工事費デフレーター（2020年度基準） 四半期別,下水道,建設総合 > 土木総合 > 公共事業 > 土木1（除く災害復旧） > 下水道,index (2020年度平均 = 100),national,JP,日本,,,,99.8,,index_value,published_pdl,,,2020Q4,,mlit-deflator-tsuki-2607,deftsuki2020（四半期別）!AX29(見出しは右隣の系列。値はこの系列),https://www.mlit.go.jp/statistics/details/content/deftsuki_2607.xlsx,PDL1.0,,2020年度基準(2020年度平均=100)。2026年4月分の公表から2020年度基準に改定(原本注)。ウエイト項目に営業余剰や間接税(消費税を含む)等を含めない(原本注)。原本の期間表示「2020年 10-12月」(暦年の四半期)。原本では1列右の見出しの下にある値。月別シートのこの系列の3か月平均と一致(差 0.07、0.1 以内)を確かめて、この系列に付け直した(2026-09-26 番人。付け直した 800 セルが全部一致)。
c5a4af671aa7adca,JP,index,建設工事費デフレーター（2020年度基準） 四半期別,災害復旧,建設総合 > 土木総合 > 公共事業 > 土木1（除く災害復旧） > 災害復旧,index (2020年度平均 = 100),national,JP,日本,,,,99.7,,index_value,published_pdl,,,2020Q4,,mlit-deflator-tsuki-2607,deftsuki2020（四半期別）!AY29(見出しは右隣の系列。値はこの系列),https://www.mlit.go.jp/statistics/details/content/deftsuki_2607.xlsx,PDL1.0,,2020年度基準(2020年度平均=100)。2026年4月分の公表から2020年度基準に改定(原本注)。ウエイト項目に営業余剰や間接税(消費税を含む)等を含めない(原本注)。原本の期間表示「2020年 10-12月」(暦年の四半期)。原本では1列右の見出しの下にある値。月別シートのこの系列の3か月平均と一致(差 0.03、0.1 以内)を確かめて、この系列に付け直した(2026-09-26 番人。付け直した 800 セルが全部一致)。
beb2fc3cf14ef353,JP,index,建設工事費デフレーター（2020年度基準） 四半期別,土木2,建設総合 > 土木総合 > 公共事業 > 土木2,index (2020年度平均 = 100),national,JP,日本,,,,99.8,,index_value,published_pdl,,,2020Q4,,mlit-deflator-tsuki-2607,deftsuki2020（四半期別）!AZ29(見出しは右隣の系列。値はこの系列),https://www.mlit.go.jp/statistics/details/content/deftsuki_2607.xlsx,PDL1.0,,2020年度基準(2020年度平均=100)。2026年4月分の公表から2020年度基準に改定(原本注)。ウエイト項目に営業余剰や間接税(消費税を含む)等を含めない(原本注)。原本の期間表示「2020年 10-12月」(暦年の四半期)。原本では1列右の見出しの下にある値。月別シートのこの系列の3か月平均と一致(差 0.03、0.1 以内)を確かめて、この系列に付け直した(2026-09-26 番人。付け直した 800 セルが全部一致)。
0eb873c79e1f9bdd,JP,index,建設工事費デフレーター（2020年度基準） 四半期別,港湾・漁港,建設総合 > 土木総合 > 公共事業 > 土木2 > 港湾・漁港,index (2020年度平均 = 100),national,JP,日本,,,,99.8,,index_value,published_pdl,,,2020Q4,,mlit-deflator-tsuki-2607,deftsuki2020（四半期別）!BA29(見出しは右隣の系列。値はこの系列),https://www.mlit.go.jp/statistics/details/content/deftsuki_2607.xlsx,PDL1.0,,2020年度基準(2020年度平均=100)。2026年4月分の公表から2020年度基準に改定(原本注)。ウエイト項目に営業余剰や間接税(消費税を含む)等を含めない(原本注)。原本の期間表示「2020年 10-12月」(暦年の四半期)。原本では1列右の見出しの下にある値。月別シートのこの系列の3か月平均と一致(差 0.00、0.1 以内)を確かめて、この系列に付け直した(2026-09-26 番人。付け直した 800 セルが全部一致)。
4c7070760c317046,JP,index,建設工事費デフレーター（2020年度基準） 四半期別,空港,建設総合 > 土木総合 > 公共事業 > 土木2 > 空港,index (2020年度平均 = 100),national,JP,日本,,,,99.7,,index_value,published_pdl,,,2020Q4,,mlit-deflator-tsuki-2607,deftsuki2020（四半期別）!BB29(見出しは右隣の系列。値はこの系列),https://www.mlit.go.jp/statistics/details/content/deftsuki_2607.xlsx,PDL1.0,,2020年度基準(2020年度平均=100)。2026年4月分の公表から2020年度基準に改定(原本注)。ウエイト項目に営業余剰や間接税(消費税を含む)等を含めない(原本注)。原本の期間表示「2020年 10-12月」(暦年の四半期)。原本では1列右の見出しの下にある値。月別シートのこの系列の3か月平均と一致(差 0.03、0.1 以内)を確かめて、この系列に付け直した(2026-09-26 番人。付け直した 800 セルが全部一致)。
99942f87166243b9,JP,index,建設工事費デフレーター（2020年度基準） 四半期別,環境衛生,建設総合 > 土木総合 > 公共事業 > 土木2 > 環境衛生,index (2020年度平均 = 100),national,JP,日本,,,,99.8,,index_value,published_pdl,,,2020Q4,,mlit-deflator-tsuki-2607,deftsuki2020（四半期別）!BC29(見出しは右隣の系列。値はこの系列),https://www.mlit.go.jp/statistics/details/content/deftsuki_2607.xlsx,PDL1.0,,2020年度基準(2020年度平均=100)。2026年4月分の公表から2020年度基準に改定(原本注)。ウエイト項目に営業余剰や間接税(消費税を含む)等を含めない(原本注)。原本の期間表示「2020年 10-12月」(暦年の四半期)。原本では1列右の見出しの下にある値。月別シートのこの系列の3か月平均と一致(差 0.03、0.1 以内)を確かめて、この系列に付け直した(2026-09-26 番人。付け直した 800 セルが全部一致)。
22c703576b8c8a0c,JP,index,建設工事費デフレーター（2020年度基準） 四半期別,農林関係公共事業,建設総合 > 土木総合 > 公共事業 > 土木2 > 農林関係公共事業,index (2020年度平均 = 100),national,JP,日本,,,,99.7,,index_value,published_pdl,,,2020Q4,,mlit-deflator-tsuki-2607,deftsuki2020（四半期別）!BD29(見出しは右隣の系列。値はこの系列),https://www.mlit.go.jp/statistics/details/content/deftsuki_2607.xlsx,PDL1.0,,2020年度基準(2020年度平均=100)。2026年4月分の公表から2020年度基準に改定(原本注)。ウエイト項目に営業余剰や間接税(消費税を含む)等を含めない(原本注)。原本の期間表示「2020年 10-12月」(暦年の四半期)。原本では1列右の見出しの下にある値。月別シートのこの系列の3か月平均と一致(差 0.03、0.1 以内)を確かめて、この系列に付け直した(2026-09-26 番人。付け直した 800 セルが全部一致)。
a6d6c8de373a09b5,JP,index,建設工事費デフレーター（2020年度基準） 四半期別,その他土木,建設総合 > 土木総合 > その他土木 (原本の列 BD。同じ表頭の列が2つある),index (2020年度平均 = 100),national,JP,日本,,,,99.8,,index_value,published_pdl,,,2020Q4,,mlit-deflator-tsuki-2607,deftsuki2020（四半期別）!BE29(見出しは右隣の系列。値はこの系列),https://www.mlit.go.jp/statistics/details/content/deftsuki_2607.xlsx,PDL1.0,,2020年度基準(2020年度平均=100)。2026年4月分の公表から2020年度基準に改定(原本注)。ウエイト項目に営業余剰や間接税(消費税を含む)等を含めない(原本注)。原本の期間表示「2020年 10-12月」(暦年の四半期)。原本では1列右の見出しの下にある値。月別シートのこの系列の3か月平均と一致(差 0.03、0.1 以内)を確かめて、この系列に付け直した(2026-09-26 番人。付け直した 800 セルが全部一致)。
055c4b8dd19bc06c,JP,index,建設工事費デフレーター（2020年度基準） 四半期別,鉄道軌道,建設総合 > 土木総合 > その他土木 > 鉄道軌道,index (2020年度平均 = 100),national,JP,日本,,,,99.8,,index_value,published_pdl,,,2020Q4,,mlit-deflator-tsuki-2607,deftsuki2020（四半期別）!BF29(見出しは右隣の系列。値はこの系列),https://www.mlit.go.jp/statistics/details/content/deftsuki_2607.xlsx,PDL1.0,,2020年度基準(2020年度平均=100)。2026年4月分の公表から2020年度基準に改定(原本注)。ウエイト項目に営業余剰や間接税(消費税を含む)等を含めない(原本注)。原本の期間表示「2020年 10-12月」(暦年の四半期)。原本では1列右の見出しの下にある値。月別シートのこの系列の3か月平均と一致(差 0.03、0.1 以内)を確かめて、この系列に付け直した(2026-09-26 番人。付け直した 800 セルが全部一致)。
03642620ffa3c5c1,JP,index,建設工事費デフレーター（2020年度基準） 四半期別,電力,建設総合 > 土木総合 > その他土木 > 電力,index (2020年度平均 = 100),national,JP,日本,,,,99.8,,index_value,published_pdl,,,2020Q4,,mlit-deflator-tsuki-2607,deftsuki2020（四半期別）!BG29(見出しは右隣の系列。値はこの系列),https://www.mlit.go.jp/statistics/details/content/deftsuki_2607.xlsx,PDL1.0,,2020年度基準(2020年度平均=100)。2026年4月分の公表から2020年度基準に改定(原本注)。ウエイト項目に営業余剰や間接税(消費税を含む)等を含めない(原本注)。原本の期間表示「2020年 10-12月」(暦年の四半期)。原本では1列右の見出しの下にある値。月別シートのこの系列の3か月平均と一致(差 0.03、0.1 以内)を確かめて、この系列に付け直した(2026-09-26 番人。付け直した 800 セルが全部一致)。
64183946fd9fd1d6,JP,index,建設工事費デフレーター（2020年度基準） 四半期別,電気通信,建設総合 > 土木総合 > その他土木 > 電気通信,index (2020年度平均 = 100),national,JP,日本,,,,99.8,,index_value,published_pdl,,,2020Q4,,mlit-deflator-tsuki-2607,deftsuki2020（四半期別）!BH29(見出しは右隣の系列。値はこの系列),https://www.mlit.go.jp/statistics/details/content/deftsuki_2607.xlsx,PDL1.0,,2020年度基準(2020年度平均=100)。2026年4月分の公表から2020年度基準に改定(原本注)。ウエイト項目に営業余剰や間接税(消費税を含む)等を含めない(原本注)。原本の期間表示「2020年 10-12月」(暦年の四半期)。原本では1列右の見出しの下にある値。月別シートのこの系列の3か月平均と一致(差 0.03、0.1 以内)を確かめて、この系列に付け直した(2026-09-26 番人。付け直した 800 セルが全部一致)。
9aa7b98452bc0023,JP,index,建設工事費デフレーター（2020年度基準） 四半期別,上・工業用水道,建設総合 > 土木総合 > その他土木 > 上・工業用水道,index (2020年度平均 = 100),national,JP,日本,,,,99.7,,index_value,published_pdl,,,2020Q4,,mlit-deflator-tsuki-2607,deftsuki2020（四半期別）!BI29(見出しは右隣の系列。値はこの系列),https://www.mlit.go.jp/statistics/details/content/deftsuki_2607.xlsx,PDL1.0,,2020年度基準(2020年度平均=100)。2026年4月分の公表から2020年度基準に改定(原本注)。ウエイト項目に営業余剰や間接税(消費税を含む)等を含めない(原本注)。原本の期間表示「2020年 10-12月」(暦年の四半期)。原本では1列右の見出しの下にある値。月別シートのこの系列の3か月平均と一致(差 0.03、0.1 以内)を確かめて、この系列に付け直した(2026-09-26 番人。付け直した 800 セルが全部一致)。
2e3440dc2ecb83b8,JP,index,建設工事費デフレーター（2020年度基準） 四半期別,土地造成,建設総合 > 土木総合 > その他土木 > 土地造成,index (2020年度平均 = 100),national,JP,日本,,,,99.8,,index_value,published_pdl,,,2020Q4,,mlit-deflator-tsuki-2607,deftsuki2020（四半期別）!BJ29(見出しは右隣の系列。値はこの系列),https://www.mlit.go.jp/statistics/details/content/deftsuki_2607.xlsx,PDL1.0,,2020年度基準(2020年度平均=100)。2026年4月分の公表から2020年度基準に改定(原本注)。ウエイト項目に営業余剰や間接税(消費税を含む)等を含めない(原本注)。原本の期間表示「2020年 10-12月」(暦年の四半期)。原本では1列右の見出しの下にある値。月別シートのこの系列の3か月平均と一致(差 0.00、0.1 以内)を確かめて、この系列に付け直した(2026-09-26 番人。付け直した 800 セルが全部一致)。
2706fbaad7f42e8c,JP,index,建設工事費デフレーター（2020年度基準） 四半期別,その他土木,建設総合 > 土木総合 > その他土木 (原本の列 BJ。同じ表頭の列が2つある),index (2020年度平均 = 100),national,JP,日本,,,,99.7,,index_value,published_pdl,,,2020Q4,,mlit-deflator-tsuki-2607,deftsuki2020（四半期別）!BK29(見出しは右隣の系列。値はこの系列),https://www.mlit.go.jp/statistics/details/content/deftsuki_2607.xlsx,PDL1.0,,2020年度基準(2020年度平均=100)。2026年4月分の公表から2020年度基準に改定(原本注)。ウエイト項目に営業余剰や間接税(消費税を含む)等を含めない(原本注)。原本の期間表示「2020年 10-12月」(暦年の四半期)。原本では1列右の見出しの下にある値。月別シートのこの系列の3か月平均と一致(差 0.03、0.1 以内)を確かめて、この系列に付け直した(2026-09-26 番人。付け直した 800 セルが全部一致)。
2d27ebf3e1a68d55,JP,index,建設工事費デフレーター（2020年度基準） 四半期別,W在来住宅,W在来住宅,index (2020年度平均 = 100),national,JP,日本,,,,99.7,,index_value,published_pdl,,,2020Q4,,mlit-deflator-tsuki-2607,deftsuki2020（四半期別）!BL29(見出しは右隣の系列。値はこの系列),https://www.mlit.go.jp/statistics/details/content/deftsuki_2607.xlsx,PDL1.0,,2020年度基準(2020年度平均=100)。2026年4月分の公表から2020年度基準に改定(原本注)。ウエイト項目に営業余剰や間接税(消費税を含む)等を含めない(原本注)。原本の期間表示「2020年 10-12月」(暦年の四半期)。原本では1列右の見出しの下にある値。月別シートのこの系列の3か月平均と一致(差 0.00、0.1 以内)を確かめて、この系列に付け直した(2026-09-26 番人。付け直した 800 セルが全部一致)。
8e46e148e3a19dd6,JP,index,建設工事費デフレーター（2020年度基準） 四半期別,W量産住宅,W量産住宅,index (2020年度平均 = 100),national,JP,日本,,,,99.8,,index_value,published_pdl,,,2020Q4,,mlit-deflator-tsuki-2607,deftsuki2020（四半期別）!BM29(見出しは右隣の系列。値はこの系列),https://www.mlit.go.jp/statistics/details/content/deftsuki_2607.xlsx,PDL1.0,,2020年度基準(2020年度平均=100)。2026年4月分の公表から2020年度基準に改定(原本注)。ウエイト項目に営業余剰や間接税(消費税を含む)等を含めない(原本注)。原本の期間表示「2020年 10-12月」(暦年の四半期)。原本では1列右の見出しの下にある値。月別シートのこの系列の3か月平均と一致(差 0.00、0.1 以内)を確かめて、この系列に付け直した(2026-09-26 番人。付け直した 800 セルが全部一致)。
d8607e3d8e16eaed,JP,index,建設工事費デフレーター（2020年度基準） 四半期別,RC在来住宅,RC在来住宅,index (2020年度平均 = 100),national,JP,日本,,,,99.7,,index_value,published_pdl,,,2020Q4,,mlit-deflator-tsuki-2607,deftsuki2020（四半期別）!BN29(見出しは右隣の系列。値はこの系列),https://www.mlit.go.jp/statistics/details/content/deftsuki_2607.xlsx,PDL1.0,,2020年度基準(2020年度平均=100)。2026年4月分の公表から2020年度基準に改定(原本注)。ウエイト項目に営業余剰や間接税(消費税を含む)等を含めない(原本注)。原本の期間表示「2020年 10-12月」(暦年の四半期)。原本では1列右の見出しの下にある値。月別シートのこの系列の3か月平均と一致(差 0.00、0.1 以内)を確かめて、この系列に付け直した(2026-09-26 番人。付け直した 800 セルが全部一致)。
433f3c749219709d,JP,index,建設工事費デフレーター（2020年度基準） 四半期別,RC量産住宅,RC量産住宅,index (2020年度平均 = 100),national,JP,日本,,,,99.9,,index_value,published_pdl,,,2020Q4,,mlit-deflator-tsuki-2607,deftsuki2020（四半期別）!BO29(見出しは右隣の系列。値はこの系列),https://www.mlit.go.jp/statistics/details/content/deftsuki_2607.xlsx,PDL1.0,,2020年度基準(2020年度平均=100)。2026年4月分の公表から2020年度基準に改定(原本注)。ウエイト項目に営業余剰や間接税(消費税を含む)等を含めない(原本注)。原本の期間表示「2020年 10-12月」(暦年の四半期)。原本では1列右の見出しの下にある値。月別シートのこの系列の3か月平均と一致(差 0.00、0.1 以内)を確かめて、この系列に付け直した(2026-09-26 番人。付け直した 800 セルが全部一致)。
c4c2d6dcfec61751,JP,index,建設工事費デフレーター（2020年度基準） 四半期別,S在来住宅,S在来住宅,index (2020年度平均 = 100),national,JP,日本,,,,99.6,,index_value,published_pdl,,,2020Q4,,mlit-deflator-tsuki-2607,deftsuki2020（四半期別）!BP29(見出しは右隣の系列。値はこの系列),https://www.mlit.go.jp/statistics/details/content/deftsuki_2607.xlsx,PDL1.0,,2020年度基準(2020年度平均=100)。2026年4月分の公表から2020年度基準に改定(原本注)。ウエイト項目に営業余剰や間接税(消費税を含む)等を含めない(原本注)。原本の期間表示「2020年 10-12月」(暦年の四半期)。原本では1列右の見出しの下にある値。月別シートのこの系列の3か月平均と一致(差 0.03、0.1 以内)を確かめて、この系列に付け直した(2026-09-26 番人。付け直した 800 セルが全部一致)。
15e79e548a208266,JP,index,建設工事費デフレーター（2020年度基準） 四半期別,S量産住宅,S量産住宅,index (2020年度平均 = 100),national,JP,日本,,,,99.8,,index_value,published_pdl,,,2020Q4,,mlit-deflator-tsuki-2607,deftsuki2020（四半期別）!BQ29(見出しは右隣の系列。値はこの系列),https://www.mlit.go.jp/statistics/details/content/deftsuki_2607.xlsx,PDL1.0,,2020年度基準(2020年度平均=100)。2026年4月分の公表から2020年度基準に改定(原本注)。ウエイト項目に営業余剰や間接税(消費税を含む)等を含めない(原本注)。原本の期間表示「2020年 10-12月」(暦年の四半期)。原本では1列右の見出しの下にある値。月別シートのこの系列の3か月平均と一致(差 0.00、0.1 以内)を確かめて、この系列に付け直した(2026-09-26 番人。付け直した 800 セルが全部一致)。
d487125433d3389a,JP,index,建設工事費デフレーター（2020年度基準） 四半期別,W工場・倉庫,W工場・倉庫,index (2020年度平均 = 100),national,JP,日本,,,,99.7,,index_value,published_pdl,,,2020Q4,,mlit-deflator-tsuki-2607,deftsuki2020（四半期別）!BR29(見出しは右隣の系列。値はこの系列),https://www.mlit.go.jp/statistics/details/content/deftsuki_2607.xlsx,PDL1.0,,2020年度基準(2020年度平均=100)。2026年4月分の公表から2020年度基準に改定(原本注)。ウエイト項目に営業余剰や間接税(消費税を含む)等を含めない(原本注)。原本の期間表示「2020年 10-12月」(暦年の四半期)。原本では1列右の見出しの下にある値。月別シートのこの系列の3か月平均と一致(差 0.03、0.1 以内)を確かめて、この系列に付け直した(2026-09-26 番人。付け直した 800 セルが全部一致)。
dfb036f0cfe721f6,JP,index,建設工事費デフレーター（2020年度基準） 四半期別,W事務所・その他,W事務所・その他,index (2020年度平均 = 100),national,JP,日本,,,,99.7,,index_value,published_pdl,,,2020Q4,,mlit-deflator-tsuki-2607,deftsuki2020（四半期別）!BS29(見出しは右隣の系列。値はこの系列),https://www.mlit.go.jp/statistics/details/content/deftsuki_2607.xlsx,PDL1.0,,2020年度基準(2020年度平均=100)。2026年4月分の公表から2020年度基準に改定(原本注)。ウエイト項目に営業余剰や間接税(消費税を含む)等を含めない(原本注)。原本の期間表示「2020年 10-12月」(暦年の四半期)。原本では1列右の見出しの下にある値。月別シートのこの系列の3か月平均と一致(差 0.03、0.1 以内)を確かめて、この系列に付け直した(2026-09-26 番人。付け直した 800 セルが全部一致)。
06d0990f0a8ca42f,JP,index,建設工事費デフレーター（2020年度基準） 四半期別,SRC工場・倉庫,SRC工場・倉庫,index (2020年度平均 = 100),national,JP,日本,,,,99.7,,index_value,published_pdl,,,2020Q4,,mlit-deflator-tsuki-2607,deftsuki2020（四半期別）!BT29(見出しは右隣の系列。値はこの系列),https://www.mlit.go.jp/statistics/details/content/deftsuki_2607.xlsx,PDL1.0,,2020年度基準(2020年度平均=100)。2026年4月分の公表から2020年度基準に改定(原本注)。ウエイト項目に営業余剰や間接税(消費税を含む)等を含めない(原本注)。原本の期間表示「2020年 10-12月」(暦年の四半期)。原本では1列右の見出しの下にある値。月別シートのこの系列の3か月平均と一致(差 0.03、0.1 以内)を確かめて、この系列に付け直した(2026-09-26 番人。付け直した 800 セルが全部一致)。
9c257420c52ba1b0,JP,index,建設工事費デフレーター（2020年度基準） 四半期別,SRC事務所・その他,SRC事務所・その他,index (2020年度平均 = 100),national,JP,日本,,,,99.7,,index_value,published_pdl,,,2020Q4,,mlit-deflator-tsuki-2607,deftsuki2020（四半期別）!BU29(見出しは右隣の系列。値はこの系列),https://www.mlit.go.jp/statistics/details/content/deftsuki_2607.xlsx,PDL1.0,,2020年度基準(2020年度平均=100)。2026年4月分の公表から2020年度基準に改定(原本注)。ウエイト項目に営業余剰や間接税(消費税を含む)等を含めない(原本注)。原本の期間表示「2020年 10-12月」(暦年の四半期)。原本では1列右の見出しの下にある値。月別シートのこの系列の3か月平均と一致(差 0.03、0.1 以内)を確かめて、この系列に付け直した(2026-09-26 番人。付け直した 800 セルが全部一致)。
275a47441758e507,JP,index,建設工事費デフレーター（2020年度基準） 四半期別,RC工場・倉庫,RC工場・倉庫,index (2020年度平均 = 100),national,JP,日本,,,,99.7,,index_value,published_pdl,,,2020Q4,,mlit-deflator-tsuki-2607,deftsuki2020（四半期別）!BV29(見出しは右隣の系列。値はこの系列),https://www.mlit.go.jp/statistics/details/content/deftsuki_2607.xlsx,PDL1.0,,2020年度基準(2020年度平均=100)。2026年4月分の公表から2020年度基準に改定(原本注)。ウエイト項目に営業余剰や間接税(消費税を含む)等を含めない(原本注)。原本の期間表示「2020年 10-12月」(暦年の四半期)。原本では1列右の見出しの下にある値。月別シートのこの系列の3か月平均と一致(差 0.00、0.1 以内)を確かめて、この系列に付け直した(2026-09-26 番人。付け直した 800 セルが全部一致)。
c1889ba094bb2962,JP,index,建設工事費デフレーター（2020年度基準） 四半期別,RC学校,RC学校,index (2020年度平均 = 100),national,JP,日本,,,,99.7,,index_value,published_pdl,,,2020Q4,,mlit-deflator-tsuki-2607,deftsuki2020（四半期別）!BW29(見出しは右隣の系列。値はこの系列),https://www.mlit.go.jp/statistics/details/content/deftsuki_2607.xlsx,PDL1.0,,2020年度基準(2020年度平均=100)。2026年4月分の公表から2020年度基準に改定(原本注)。ウエイト項目に営業余剰や間接税(消費税を含む)等を含めない(原本注)。原本の期間表示「2020年 10-12月」(暦年の四半期)。原本では1列右の見出しの下にある値。月別シートのこの系列の3か月平均と一致(差 0.03、0.1 以内)を確かめて、この系列に付け直した(2026-09-26 番人。付け直した 800 セルが全部一致)。
3eb878ca99f7774d,JP,index,建設工事費デフレーター（2020年度基準） 四半期別,RC事務所・その他,RC事務所・その他,index (2020年度平均 = 100),national,JP,日本,,,,99.7,,index_value,published_pdl,,,2020Q4,,mlit-deflator-tsuki-2607,deftsuki2020（四半期別）!BX29(見出しは右隣の系列。値はこの系列),https://www.mlit.go.jp/statistics/details/content/deftsuki_2607.xlsx,PDL1.0,,2020年度基準(2020年度平均=100)。2026年4月分の公表から2020年度基準に改定(原本注)。ウエイト項目に営業余剰や間接税(消費税を含む)等を含めない(原本注)。原本の期間表示「2020年 10-12月」(暦年の四半期)。原本では1列右の見出しの下にある値。月別シートのこの系列の3か月平均と一致(差 0.03、0.1 以内)を確かめて、この系列に付け直した(2026-09-26 番人。付け直した 800 セルが全部一致)。
5f1dfc088a3b4859,JP,index,建設工事費デフレーター（2020年度基準） 四半期別,S工場・倉庫,S工場・倉庫,index (2020年度平均 = 100),national,JP,日本,,,,99.7,,index_value,published_pdl,,,2020Q4,,mlit-deflator-tsuki-2607,deftsuki2020（四半期別）!BY29(見出しは右隣の系列。値はこの系列),https://www.mlit.go.jp/statistics/details/content/deftsuki_2607.xlsx,PDL1.0,,2020年度基準(2020年度平均=100)。2026年4月分の公表から2020年度基準に改定(原本注)。ウエイト項目に営業余剰や間接税(消費税を含む)等を含めない(原本注)。原本の期間表示「2020年 10-12月」(暦年の四半期)。原本では1列右の見出しの下にある値。月別シートのこの系列の3か月平均と一致(差 0.00、0.1 以内)を確かめて、この系列に付け直した(2026-09-26 番人。付け直した 800 セルが全部一致)。
ec17c3c7b8cd0001,JP,index,建設工事費デフレーター（2020年度基準） 四半期別,S事務所・その他,S事務所・その他,index (2020年度平均 = 100),national,JP,日本,,,,,,index_value,not_set,,,2020Q4,,mlit-deflator-tsuki-2607,,https://www.mlit.go.jp/statistics/details/content/deftsuki_2607.xlsx,PDL1.0,,2020年度基準(2020年度平均=100)。2026年4月分の公表から2020年度基準に改定(原本注)。ウエイト項目に営業余剰や間接税(消費税を含む)等を含めない(原本注)。原本の期間表示「2020年 10-12月」(暦年の四半期)。原本の四半期別では、列ずれのため、この系列のこの期間の値がどの列にも無い(2026-09-26 番人)。月別シートの値はある。
2f72356ded6f28cd,JP,index,建設工事費デフレーター（2020年度基準） 四半期別,地方道路公社等,建設総合 > 土木総合 > 公共事業 > 土木1（除く災害復旧） > 道路総合 > 有料道路 > 地方道路公社等,index (2020年度平均 = 100),national,JP,日本,,,,100.8,,index_value,published_pdl,,,2021Q1,,mlit-deflator-tsuki-2607,deftsuki2020（四半期別）!AT30(見出しは右隣の系列。値はこの系列),https://www.mlit.go.jp/statistics/details/content/deftsuki_2607.xlsx,PDL1.0,,2020年度基準(2020年度平均=100)。2026年4月分の公表から2020年度基準に改定(原本注)。ウエイト項目に営業余剰や間接税(消費税を含む)等を含めない(原本注)。原本の期間表示「2021年 1-3月」(暦年の四半期)。原本では1列右の見出しの下にある値。月別シートのこの系列の3か月平均と一致(差 0.00、0.1 以内)を確かめて、この系列に付け直した(2026-09-26 番人。付け直した 800 セルが全部一致)。
92e4c0ae8f42d7ec,JP,index,建設工事費デフレーター（2020年度基準） 四半期別,道路2（再掲）,建設総合 > 土木総合 > 公共事業 > 土木1（除く災害復旧） > 道路2（再掲）,index (2020年度平均 = 100),national,JP,日本,,,,100.7,,index_value,published_pdl,,,2021Q1,,mlit-deflator-tsuki-2607,deftsuki2020（四半期別）!AU30(見出しは右隣の系列。値はこの系列),https://www.mlit.go.jp/statistics/details/content/deftsuki_2607.xlsx,PDL1.0,,2020年度基準(2020年度平均=100)。2026年4月分の公表から2020年度基準に改定(原本注)。ウエイト項目に営業余剰や間接税(消費税を含む)等を含めない(原本注)。原本の期間表示「2021年 1-3月」(暦年の四半期)。原本では1列右の見出しの下にある値。月別シートのこの系列の3か月平均と一致(差 0.03、0.1 以内)を確かめて、この系列に付け直した(2026-09-26 番人。付け直した 800 セルが全部一致)。
bb7b96d4e7cc0e22,JP,index,建設工事費デフレーター（2020年度基準） 四半期別,街路2（再掲）,建設総合 > 土木総合 > 公共事業 > 土木1（除く災害復旧） > 街路2（再掲）,index (2020年度平均 = 100),national,JP,日本,,,,100.4,,index_value,published_pdl,,,2021Q1,,mlit-deflator-tsuki-2607,deftsuki2020（四半期別）!AV30(見出しは右隣の系列。値はこの系列),https://www.mlit.go.jp/statistics/details/content/deftsuki_2607.xlsx,PDL1.0,,2020年度基準(2020年度平均=100)。2026年4月分の公表から2020年度基準に改定(原本注)。ウエイト項目に営業余剰や間接税(消費税を含む)等を含めない(原本注)。原本の期間表示「2021年 1-3月」(暦年の四半期)。原本では1列右の見出しの下にある値。月別シートのこの系列の3か月平均と一致(差 0.00、0.1 以内)を確かめて、この系列に付け直した(2026-09-26 番人。付け直した 800 セルが全部一致)。
46b2d9427ff2d970,JP,index,建設工事費デフレーター（2020年度基準） 四半期別,公園,建設総合 > 土木総合 > 公共事業 > 土木1（除く災害復旧） > 公園,index (2020年度平均 = 100),national,JP,日本,,,,100.4,,index_value,published_pdl,,,2021Q1,,mlit-deflator-tsuki-2607,deftsuki2020（四半期別）!AW30(見出しは右隣の系列。値はこの系列),https://www.mlit.go.jp/statistics/details/content/deftsuki_2607.xlsx,PDL1.0,,2020年度基準(2020年度平均=100)。2026年4月分の公表から2020年度基準に改定(原本注)。ウエイト項目に営業余剰や間接税(消費税を含む)等を含めない(原本注)。原本の期間表示「2021年 1-3月」(暦年の四半期)。原本では1列右の見出しの下にある値。月別シートのこの系列の3か月平均と一致(差 0.03、0.1 以内)を確かめて、この系列に付け直した(2026-09-26 番人。付け直した 800 セルが全部一致)。
24dea765552b2602,JP,index,建設工事費デフレーター（2020年度基準） 四半期別,下水道,建設総合 > 土木総合 > 公共事業 > 土木1（除く災害復旧） > 下水道,index (2020年度平均 = 100),national,JP,日本,,,,100.4,,index_value,published_pdl,,,2021Q1,,mlit-deflator-tsuki-2607,deftsuki2020（四半期別）!AX30(見出しは右隣の系列。値はこの系列),https://www.mlit.go.jp/statistics/details/content/deftsuki_2607.xlsx,PDL1.0,,2020年度基準(2020年度平均=100)。2026年4月分の公表から2020年度基準に改定(原本注)。ウエイト項目に営業余剰や間接税(消費税を含む)等を含めない(原本注)。原本の期間表示「2021年 1-3月」(暦年の四半期)。原本では1列右の見出しの下にある値。月別シートのこの系列の3か月平均と一致(差 0.03、0.1 以内)を確かめて、この系列に付け直した(2026-09-26 番人。付け直した 800 セルが全部一致)。
4e5450da59ae1c5b,JP,index,建設工事費デフレーター（2020年度基準） 四半期別,災害復旧,建設総合 > 土木総合 > 公共事業 > 土木1（除く災害復旧） > 災害復旧,index (2020年度平均 = 100),national,JP,日本,,,,100.8,,index_value,published_pdl,,,2021Q1,,mlit-deflator-tsuki-2607,deftsuki2020（四半期別）!AY30(見出しは右隣の系列。値はこの系列),https://www.mlit.go.jp/statistics/details/content/deftsuki_2607.xlsx,PDL1.0,,2020年度基準(2020年度平均=100)。2026年4月分の公表から2020年度基準に改定(原本注)。ウエイト項目に営業余剰や間接税(消費税を含む)等を含めない(原本注)。原本の期間表示「2021年 1-3月」(暦年の四半期)。原本では1列右の見出しの下にある値。月別シートのこの系列の3か月平均と一致(差 0.03、0.1 以内)を確かめて、この系列に付け直した(2026-09-26 番人。付け直した 800 セルが全部一致)。
44bb64d6fe80046a,JP,index,建設工事費デフレーター（2020年度基準） 四半期別,土木2,建設総合 > 土木総合 > 公共事業 > 土木2,index (2020年度平均 = 100),national,JP,日本,,,,100.7,,index_value,published_pdl,,,2021Q1,,mlit-deflator-tsuki-2607,deftsuki2020（四半期別）!AZ30(見出しは右隣の系列。値はこの系列),https://www.mlit.go.jp/statistics/details/content/deftsuki_2607.xlsx,PDL1.0,,2020年度基準(2020年度平均=100)。2026年4月分の公表から2020年度基準に改定(原本注)。ウエイト項目に営業余剰や間接税(消費税を含む)等を含めない(原本注)。原本の期間表示「2021年 1-3月」(暦年の四半期)。原本では1列右の見出しの下にある値。月別シートのこの系列の3か月平均と一致(差 0.03、0.1 以内)を確かめて、この系列に付け直した(2026-09-26 番人。付け直した 800 セルが全部一致)。
ca203b8afde0bd60,JP,index,建設工事費デフレーター（2020年度基準） 四半期別,港湾・漁港,建設総合 > 土木総合 > 公共事業 > 土木2 > 港湾・漁港,index (2020年度平均 = 100),national,JP,日本,,,,100.6,,index_value,published_pdl,,,2021Q1,,mlit-deflator-tsuki-2607,deftsuki2020（四半期別）!BA30(見出しは右隣の系列。値はこの系列),https://www.mlit.go.jp/statistics/details/content/deftsuki_2607.xlsx,PDL1.0,,2020年度基準(2020年度平均=100)。2026年4月分の公表から2020年度基準に改定(原本注)。ウエイト項目に営業余剰や間接税(消費税を含む)等を含めない(原本注)。原本の期間表示「2021年 1-3月」(暦年の四半期)。原本では1列右の見出しの下にある値。月別シートのこの系列の3か月平均と一致(差 0.03、0.1 以内)を確かめて、この系列に付け直した(2026-09-26 番人。付け直した 800 セルが全部一致)。
803b0921e9901ca5,JP,index,建設工事費デフレーター（2020年度基準） 四半期別,空港,建設総合 > 土木総合 > 公共事業 > 土木2 > 空港,index (2020年度平均 = 100),national,JP,日本,,,,100.2,,index_value,published_pdl,,,2021Q1,,mlit-deflator-tsuki-2607,deftsuki2020（四半期別）!BB30(見出しは右隣の系列。値はこの系列),https://www.mlit.go.jp/statistics/details/content/deftsuki_2607.xlsx,PDL1.0,,2020年度基準(2020年度平均=100)。2026年4月分の公表から2020年度基準に改定(原本注)。ウエイト項目に営業余剰や間接税(消費税を含む)等を含めない(原本注)。原本の期間表示「2021年 1-3月」(暦年の四半期)。原本では1列右の見出しの下にある値。月別シートのこの系列の3か月平均と一致(差 0.03、0.1 以内)を確かめて、この系列に付け直した(2026-09-26 番人。付け直した 800 セルが全部一致)。
721ebdf78348603d,JP,index,建設工事費デフレーター（2020年度基準） 四半期別,環境衛生,建設総合 > 土木総合 > 公共事業 > 土木2 > 環境衛生,index (2020年度平均 = 100),national,JP,日本,,,,100.8,,index_value,published_pdl,,,2021Q1,,mlit-deflator-tsuki-2607,deftsuki2020（四半期別）!BC30(見出しは右隣の系列。値はこの系列),https://www.mlit.go.jp/statistics/details/content/deftsuki_2607.xlsx,PDL1.0,,2020年度基準(2020年度平均=100)。2026年4月分の公表から2020年度基準に改定(原本注)。ウエイト項目に営業余剰や間接税(消費税を含む)等を含めない(原本注)。原本の期間表示「2021年 1-3月」(暦年の四半期)。原本では1列右の見出しの下にある値。月別シートのこの系列の3か月平均と一致(差 0.03、0.1 以内)を確かめて、この系列に付け直した(2026-09-26 番人。付け直した 800 セルが全部一致)。
2b0221ea533ec3fe,JP,index,建設工事費デフレーター（2020年度基準） 四半期別,農林関係公共事業,建設総合 > 土木総合 > 公共事業 > 土木2 > 農林関係公共事業,index (2020年度平均 = 100),national,JP,日本,,,,100.8,,index_value,published_pdl,,,2021Q1,,mlit-deflator-tsuki-2607,deftsuki2020（四半期別）!BD30(見出しは右隣の系列。値はこの系列),https://www.mlit.go.jp/statistics/details/content/deftsuki_2607.xlsx,PDL1.0,,2020年度基準(2020年度平均=100)。2026年4月分の公表から2020年度基準に改定(原本注)。ウエイト項目に営業余剰や間接税(消費税を含む)等を含めない(原本注)。原本の期間表示「2021年 1-3月」(暦年の四半期)。原本では1列右の見出しの下にある値。月別シートのこの系列の3か月平均と一致(差 0.03、0.1 以内)を確かめて、この系列に付け直した(2026-09-26 番人。付け直した 800 セルが全部一致)。
b18295acbea13626,JP,index,建設工事費デフレーター（2020年度基準） 四半期別,その他土木,建設総合 > 土木総合 > その他土木 (原本の列 BD。同じ表頭の列が2つある),index (2020年度平均 = 100),national,JP,日本,,,,100.7,,index_value,published_pdl,,,2021Q1,,mlit-deflator-tsuki-2607,deftsuki2020（四半期別）!BE30(見出しは右隣の系列。値はこの系列),https://www.mlit.go.jp/statistics/details/content/deftsuki_2607.xlsx,PDL1.0,,2020年度基準(2020年度平均=100)。2026年4月分の公表から2020年度基準に改定(原本注)。ウエイト項目に営業余剰や間接税(消費税を含む)等を含めない(原本注)。原本の期間表示「2021年 1-3月」(暦年の四半期)。原本では1列右の見出しの下にある値。月別シートのこの系列の3か月平均と一致(差 0.03、0.1 以内)を確かめて、この系列に付け直した(2026-09-26 番人。付け直した 800 セルが全部一致)。
734402598db54f28,JP,index,建設工事費デフレーター（2020年度基準） 四半期別,鉄道軌道,建設総合 > 土木総合 > その他土木 > 鉄道軌道,index (2020年度平均 = 100),national,JP,日本,,,,101.2,,index_value,published_pdl,,,2021Q1,,mlit-deflator-tsuki-2607,deftsuki2020（四半期別）!BF30(見出しは右隣の系列。値はこの系列),https://www.mlit.go.jp/statistics/details/content/deftsuki_2607.xlsx,PDL1.0,,2020年度基準(2020年度平均=100)。2026年4月分の公表から2020年度基準に改定(原本注)。ウエイト項目に営業余剰や間接税(消費税を含む)等を含めない(原本注)。原本の期間表示「2021年 1-3月」(暦年の四半期)。原本では1列右の見出しの下にある値。月別シートのこの系列の3か月平均と一致(差 0.00、0.1 以内)を確かめて、この系列に付け直した(2026-09-26 番人。付け直した 800 セルが全部一致)。
a9a410d4d00ad93d,JP,index,建設工事費デフレーター（2020年度基準） 四半期別,電力,建設総合 > 土木総合 > その他土木 > 電力,index (2020年度平均 = 100),national,JP,日本,,,,101,,index_value,published_pdl,,,2021Q1,,mlit-deflator-tsuki-2607,deftsuki2020（四半期別）!BG30(見出しは右隣の系列。値はこの系列),https://www.mlit.go.jp/statistics/details/content/deftsuki_2607.xlsx,PDL1.0,,2020年度基準(2020年度平均=100)。2026年4月分の公表から2020年度基準に改定(原本注)。ウエイト項目に営業余剰や間接税(消費税を含む)等を含めない(原本注)。原本の期間表示「2021年 1-3月」(暦年の四半期)。原本では1列右の見出しの下にある値。月別シートのこの系列の3か月平均と一致(差 0.03、0.1 以内)を確かめて、この系列に付け直した(2026-09-26 番人。付け直した 800 セルが全部一致)。
d6e23004f02cc16a,JP,index,建設工事費デフレーター（2020年度基準） 四半期別,電気通信,建設総合 > 土木総合 > その他土木 > 電気通信,index (2020年度平均 = 100),national,JP,日本,,,,100.6,,index_value,published_pdl,,,2021Q1,,mlit-deflator-tsuki-2607,deftsuki2020（四半期別）!BH30(見出しは右隣の系列。値はこの系列),https://www.mlit.go.jp/statistics/details/content/deftsuki_2607.xlsx,PDL1.0,,2020年度基準(2020年度平均=100)。2026年4月分の公表から2020年度基準に改定(原本注)。ウエイト項目に営業余剰や間接税(消費税を含む)等を含めない(原本注)。原本の期間表示「2021年 1-3月」(暦年の四半期)。原本では1列右の見出しの下にある値。月別シートのこの系列の3か月平均と一致(差 0.03、0.1 以内)を確かめて、この系列に付け直した(2026-09-26 番人。付け直した 800 セルが全部一致)。
4424ff1725f54b73,JP,index,建設工事費デフレーター（2020年度基準） 四半期別,上・工業用水道,建設総合 > 土木総合 > その他土木 > 上・工業用水道,index (2020年度平均 = 100),national,JP,日本,,,,100.1,,index_value,published_pdl,,,2021Q1,,mlit-deflator-tsuki-2607,deftsuki2020（四半期別）!BI30(見出しは右隣の系列。値はこの系列),https://www.mlit.go.jp/statistics/details/content/deftsuki_2607.xlsx,PDL1.0,,2020年度基準(2020年度平均=100)。2026年4月分の公表から2020年度基準に改定(原本注)。ウエイト項目に営業余剰や間接税(消費税を含む)等を含めない(原本注)。原本の期間表示「2021年 1-3月」(暦年の四半期)。原本では1列右の見出しの下にある値。月別シートのこの系列の3か月平均と一致(差 0.00、0.1 以内)を確かめて、この系列に付け直した(2026-09-26 番人。付け直した 800 セルが全部一致)。
e173a1eec90d1d70,JP,index,建設工事費デフレーター（2020年度基準） 四半期別,土地造成,建設総合 > 土木総合 > その他土木 > 土地造成,index (2020年度平均 = 100),national,JP,日本,,,,100.7,,index_value,published_pdl,,,2021Q1,,mlit-deflator-tsuki-2607,deftsuki2020（四半期別）!BJ30(見出しは右隣の系列。値はこの系列),https://www.mlit.go.jp/statistics/details/content/deftsuki_2607.xlsx,PDL1.0,,2020年度基準(2020年度平均=100)。2026年4月分の公表から2020年度基準に改定(原本注)。ウエイト項目に営業余剰や間接税(消費税を含む)等を含めない(原本注)。原本の期間表示「2021年 1-3月」(暦年の四半期)。原本では1列右の見出しの下にある値。月別シートのこの系列の3か月平均と一致(差 0.00、0.1 以内)を確かめて、この系列に付け直した(2026-09-26 番人。付け直した 800 セルが全部一致)。
90fd51c7ce4c7ea8,JP,index,建設工事費デフレーター（2020年度基準） 四半期別,その他土木,建設総合 > 土木総合 > その他土木 (原本の列 BJ。同じ表頭の列が2つある),index (2020年度平均 = 100),national,JP,日本,,,,100.4,,index_value,published_pdl,,,2021Q1,,mlit-deflator-tsuki-2607,deftsuki2020（四半期別）!BK30(見出しは右隣の系列。値はこの系列),https://www.mlit.go.jp/statistics/details/content/deftsuki_2607.xlsx,PDL1.0,,2020年度基準(2020年度平均=100)。2026年4月分の公表から2020年度基準に改定(原本注)。ウエイト項目に営業余剰や間接税(消費税を含む)等を含めない(原本注)。原本の期間表示「2021年 1-3月」(暦年の四半期)。原本では1列右の見出しの下にある値。月別シートのこの系列の3か月平均と一致(差 0.00、0.1 以内)を確かめて、この系列に付け直した(2026-09-26 番人。付け直した 800 セルが全部一致)。
15bc668ef73fef8b,JP,index,建設工事費デフレーター（2020年度基準） 四半期別,W在来住宅,W在来住宅,index (2020年度平均 = 100),national,JP,日本,,,,100.5,,index_value,published_pdl,,,2021Q1,,mlit-deflator-tsuki-2607,deftsuki2020（四半期別）!BL30(見出しは右隣の系列。値はこの系列),https://www.mlit.go.jp/statistics/details/content/deftsuki_2607.xlsx,PDL1.0,,2020年度基準(2020年度平均=100)。2026年4月分の公表から2020年度基準に改定(原本注)。ウエイト項目に営業余剰や間接税(消費税を含む)等を含めない(原本注)。原本の期間表示「2021年 1-3月」(暦年の四半期)。原本では1列右の見出しの下にある値。月別シートのこの系列の3か月平均と一致(差 0.00、0.1 以内)を確かめて、この系列に付け直した(2026-09-26 番人。付け直した 800 セルが全部一致)。
d085d3c98257ea1b,JP,index,建設工事費デフレーター（2020年度基準） 四半期別,W量産住宅,W量産住宅,index (2020年度平均 = 100),national,JP,日本,,,,100.8,,index_value,published_pdl,,,2021Q1,,mlit-deflator-tsuki-2607,deftsuki2020（四半期別）!BM30(見出しは右隣の系列。値はこの系列),https://www.mlit.go.jp/statistics/details/content/deftsuki_2607.xlsx,PDL1.0,,2020年度基準(2020年度平均=100)。2026年4月分の公表から2020年度基準に改定(原本注)。ウエイト項目に営業余剰や間接税(消費税を含む)等を含めない(原本注)。原本の期間表示「2021年 1-3月」(暦年の四半期)。原本では1列右の見出しの下にある値。月別シートのこの系列の3か月平均と一致(差 0.03、0.1 以内)を確かめて、この系列に付け直した(2026-09-26 番人。付け直した 800 セルが全部一致)。
8a1ef52678fe4fa3,JP,index,建設工事費デフレーター（2020年度基準） 四半期別,RC在来住宅,RC在来住宅,index (2020年度平均 = 100),national,JP,日本,,,,100.6,,index_value,published_pdl,,,2021Q1,,mlit-deflator-tsuki-2607,deftsuki2020（四半期別）!BN30(見出しは右隣の系列。値はこの系列),https://www.mlit.go.jp/statistics/details/content/deftsuki_2607.xlsx,PDL1.0,,2020年度基準(2020年度平均=100)。2026年4月分の公表から2020年度基準に改定(原本注)。ウエイト項目に営業余剰や間接税(消費税を含む)等を含めない(原本注)。原本の期間表示「2021年 1-3月」(暦年の四半期)。原本では1列右の見出しの下にある値。月別シートのこの系列の3か月平均と一致(差 0.03、0.1 以内)を確かめて、この系列に付け直した(2026-09-26 番人。付け直した 800 セルが全部一致)。
d649392dda44c968,JP,index,建設工事費デフレーター（2020年度基準） 四半期別,RC量産住宅,RC量産住宅,index (2020年度平均 = 100),national,JP,日本,,,,100.7,,index_value,published_pdl,,,2021Q1,,mlit-deflator-tsuki-2607,deftsuki2020（四半期別）!BO30(見出しは右隣の系列。値はこの系列),https://www.mlit.go.jp/statistics/details/content/deftsuki_2607.xlsx,PDL1.0,,2020年度基準(2020年度平均=100)。2026年4月分の公表から2020年度基準に改定(原本注)。ウエイト項目に営業余剰や間接税(消費税を含む)等を含めない(原本注)。原本の期間表示「2021年 1-3月」(暦年の四半期)。原本では1列右の見出しの下にある値。月別シートのこの系列の3か月平均と一致(差 0.03、0.1 以内)を確かめて、この系列に付け直した(2026-09-26 番人。付け直した 800 セルが全部一致)。
3b8a534b120d1621,JP,index,建設工事費デフレーター（2020年度基準） 四半期別,S在来住宅,S在来住宅,index (2020年度平均 = 100),national,JP,日本,,,,100.5,,index_value,published_pdl,,,2021Q1,,mlit-deflator-tsuki-2607,deftsuki2020（四半期別）!BP30(見出しは右隣の系列。値はこの系列),https://www.mlit.go.jp/statistics/details/content/deftsuki_2607.xlsx,PDL1.0,,2020年度基準(2020年度平均=100)。2026年4月分の公表から2020年度基準に改定(原本注)。ウエイト項目に営業余剰や間接税(消費税を含む)等を含めない(原本注)。原本の期間表示「2021年 1-3月」(暦年の四半期)。原本では1列右の見出しの下にある値。月別シートのこの系列の3か月平均と一致(差 0.00、0.1 以内)を確かめて、この系列に付け直した(2026-09-26 番人。付け直した 800 セルが全部一致)。
1c7e7da0f82bb4ce,JP,index,建設工事費デフレーター（2020年度基準） 四半期別,S量産住宅,S量産住宅,index (2020年度平均 = 100),national,JP,日本,,,,100.8,,index_value,published_pdl,,,2021Q1,,mlit-deflator-tsuki-2607,deftsuki2020（四半期別）!BQ30(見出しは右隣の系列。値はこの系列),https://www.mlit.go.jp/statistics/details/content/deftsuki_2607.xlsx,PDL1.0,,2020年度基準(2020年度平均=100)。2026年4月分の公表から2020年度基準に改定(原本注)。ウエイト項目に営業余剰や間接税(消費税を含む)等を含めない(原本注)。原本の期間表示「2021年 1-3月」(暦年の四半期)。原本では1列右の見出しの下にある値。月別シートのこの系列の3か月平均と一致(差 0.00、0.1 以内)を確かめて、この系列に付け直した(2026-09-26 番人。付け直した 800 セルが全部一致)。
df2c187b87347688,JP,index,建設工事費デフレーター（2020年度基準） 四半期別,W工場・倉庫,W工場・倉庫,index (2020年度平均 = 100),national,JP,日本,,,,100.6,,index_value,published_pdl,,,2021Q1,,mlit-deflator-tsuki-2607,deftsuki2020（四半期別）!BR30(見出しは右隣の系列。値はこの系列),https://www.mlit.go.jp/statistics/details/content/deftsuki_2607.xlsx,PDL1.0,,2020年度基準(2020年度平均=100)。2026年4月分の公表から2020年度基準に改定(原本注)。ウエイト項目に営業余剰や間接税(消費税を含む)等を含めない(原本注)。原本の期間表示「2021年 1-3月」(暦年の四半期)。原本では1列右の見出しの下にある値。月別シートのこの系列の3か月平均と一致(差 0.00、0.1 以内)を確かめて、この系列に付け直した(2026-09-26 番人。付け直した 800 セルが全部一致)。
baaf33abf7f8a599,JP,index,建設工事費デフレーター（2020年度基準） 四半期別,W事務所・その他,W事務所・その他,index (2020年度平均 = 100),national,JP,日本,,,,100.5,,index_value,published_pdl,,,2021Q1,,mlit-deflator-tsuki-2607,deftsuki2020（四半期別）!BS30(見出しは右隣の系列。値はこの系列),https://www.mlit.go.jp/statistics/details/content/deftsuki_2607.xlsx,PDL1.0,,2020年度基準(2020年度平均=100)。2026年4月分の公表から2020年度基準に改定(原本注)。ウエイト項目に営業余剰や間接税(消費税を含む)等を含めない(原本注)。原本の期間表示「2021年 1-3月」(暦年の四半期)。原本では1列右の見出しの下にある値。月別シートのこの系列の3か月平均と一致(差 0.00、0.1 以内)を確かめて、この系列に付け直した(2026-09-26 番人。付け直した 800 セルが全部一致)。
02660e85edbc69f3,JP,index,建設工事費デフレーター（2020年度基準） 四半期別,SRC工場・倉庫,SRC工場・倉庫,index (2020年度平均 = 100),national,JP,日本,,,,100.3,,index_value,published_pdl,,,2021Q1,,mlit-deflator-tsuki-2607,deftsuki2020（四半期別）!BT30(見出しは右隣の系列。値はこの系列),https://www.mlit.go.jp/statistics/details/content/deftsuki_2607.xlsx,PDL1.0,,2020年度基準(2020年度平均=100)。2026年4月分の公表から2020年度基準に改定(原本注)。ウエイト項目に営業余剰や間接税(消費税を含む)等を含めない(原本注)。原本の期間表示「2021年 1-3月」(暦年の四半期)。原本では1列右の見出しの下にある値。月別シートのこの系列の3か月平均と一致(差 0.03、0.1 以内)を確かめて、この系列に付け直した(2026-09-26 番人。付け直した 800 セルが全部一致)。
f0813bc902648fd1,JP,index,建設工事費デフレーター（2020年度基準） 四半期別,SRC事務所・その他,SRC事務所・その他,index (2020年度平均 = 100),national,JP,日本,,,,100.4,,index_value,published_pdl,,,2021Q1,,mlit-deflator-tsuki-2607,deftsuki2020（四半期別）!BU30(見出しは右隣の系列。値はこの系列),https://www.mlit.go.jp/statistics/details/content/deftsuki_2607.xlsx,PDL1.0,,2020年度基準(2020年度平均=100)。2026年4月分の公表から2020年度基準に改定(原本注)。ウエイト項目に営業余剰や間接税(消費税を含む)等を含めない(原本注)。原本の期間表示「2021年 1-3月」(暦年の四半期)。原本では1列右の見出しの下にある値。月別シートのこの系列の3か月平均と一致(差 0.03、0.1 以内)を確かめて、この系列に付け直した(2026-09-26 番人。付け直した 800 セルが全部一致)。
36cc5bfbf4dbed21,JP,index,建設工事費デフレーター（2020年度基準） 四半期別,RC工場・倉庫,RC工場・倉庫,index (2020年度平均 = 100),national,JP,日本,,,,100.4,,index_value,published_pdl,,,2021Q1,,mlit-deflator-tsuki-2607,deftsuki2020（四半期別）!BV30(見出しは右隣の系列。値はこの系列),https://www.mlit.go.jp/statistics/details/content/deftsuki_2607.xlsx,PDL1.0,,2020年度基準(2020年度平均=100)。2026年4月分の公表から2020年度基準に改定(原本注)。ウエイト項目に営業余剰や間接税(消費税を含む)等を含めない(原本注)。原本の期間表示「2021年 1-3月」(暦年の四半期)。原本では1列右の見出しの下にある値。月別シートのこの系列の3か月平均と一致(差 0.03、0.1 以内)を確かめて、この系列に付け直した(2026-09-26 番人。付け直した 800 セルが全部一致)。
6c7a02d8ea9819d9,JP,index,建設工事費デフレーター（2020年度基準） 四半期別,RC学校,RC学校,index (2020年度平均 = 100),national,JP,日本,,,,100.5,,index_value,published_pdl,,,2021Q1,,mlit-deflator-tsuki-2607,deftsuki2020（四半期別）!BW30(見出しは右隣の系列。値はこの系列),https://www.mlit.go.jp/statistics/details/content/deftsuki_2607.xlsx,PDL1.0,,2020年度基準(2020年度平均=100)。2026年4月分の公表から2020年度基準に改定(原本注)。ウエイト項目に営業余剰や間接税(消費税を含む)等を含めない(原本注)。原本の期間表示「2021年 1-3月」(暦年の四半期)。原本では1列右の見出しの下にある値。月別シートのこの系列の3か月平均と一致(差 0.07、0.1 以内)を確かめて、この系列に付け直した(2026-09-26 番人。付け直した 800 セルが全部一致)。
c79919064d2bd159,JP,index,建設工事費デフレーター（2020年度基準） 四半期別,RC事務所・その他,RC事務所・その他,index (2020年度平均 = 100),national,JP,日本,,,,100.5,,index_value,published_pdl,,,2021Q1,,mlit-deflator-tsuki-2607,deftsuki2020（四半期別）!BX30(見出しは右隣の系列。値はこの系列),https://www.mlit.go.jp/statistics/details/content/deftsuki_2607.xlsx,PDL1.0,,2020年度基準(2020年度平均=100)。2026年4月分の公表から2020年度基準に改定(原本注)。ウエイト項目に営業余剰や間接税(消費税を含む)等を含めない(原本注)。原本の期間表示「2021年 1-3月」(暦年の四半期)。原本では1列右の見出しの下にある値。月別シートのこの系列の3か月平均と一致(差 0.03、0.1 以内)を確かめて、この系列に付け直した(2026-09-26 番人。付け直した 800 セルが全部一致)。
9c1c9c8fcac064b0,JP,index,建設工事費デフレーター（2020年度基準） 四半期別,S工場・倉庫,S工場・倉庫,index (2020年度平均 = 100),national,JP,日本,,,,100.3,,index_value,published_pdl,,,2021Q1,,mlit-deflator-tsuki-2607,deftsuki2020（四半期別）!BY30(見出しは右隣の系列。値はこの系列),https://www.mlit.go.jp/statistics/details/content/deftsuki_2607.xlsx,PDL1.0,,2020年度基準(2020年度平均=100)。2026年4月分の公表から2020年度基準に改定(原本注)。ウエイト項目に営業余剰や間接税(消費税を含む)等を含めない(原本注)。原本の期間表示「2021年 1-3月」(暦年の四半期)。原本では1列右の見出しの下にある値。月別シートのこの系列の3か月平均と一致(差 0.03、0.1 以内)を確かめて、この系列に付け直した(2026-09-26 番人。付け直した 800 セルが全部一致)。
5907a777092aad70,JP,index,建設工事費デフレーター（2020年度基準） 四半期別,S事務所・その他,S事務所・その他,index (2020年度平均 = 100),national,JP,日本,,,,,,index_value,not_set,,,2021Q1,,mlit-deflator-tsuki-2607,,https://www.mlit.go.jp/statistics/details/content/deftsuki_2607.xlsx,PDL1.0,,2020年度基準(2020年度平均=100)。2026年4月分の公表から2020年度基準に改定(原本注)。ウエイト項目に営業余剰や間接税(消費税を含む)等を含めない(原本注)。原本の期間表示「2021年 1-3月」(暦年の四半期)。原本の四半期別では、列ずれのため、この系列のこの期間の値がどの列にも無い(2026-09-26 番人)。月別シートの値はある。
00f463c04d264f3a,JP,index,建設工事費デフレーター（2020年度基準） 四半期別,地方道路公社等,建設総合 > 土木総合 > 公共事業 > 土木1（除く災害復旧） > 道路総合 > 有料道路 > 地方道路公社等,index (2020年度平均 = 100),national,JP,日本,,,,101.4,,index_value,published_pdl,,,2021Q2,,mlit-deflator-tsuki-2607,deftsuki2020（四半期別）!AT31(見出しは右隣の系列。値はこの系列),https://www.mlit.go.jp/statistics/details/content/deftsuki_2607.xlsx,PDL1.0,,2020年度基準(2020年度平均=100)。2026年4月分の公表から2020年度基準に改定(原本注)。ウエイト項目に営業余剰や間接税(消費税を含む)等を含めない(原本注)。原本の期間表示「2021年 4-6月」(暦年の四半期)。原本では1列右の見出しの下にある値。月別シートのこの系列の3か月平均と一致(差 0.03、0.1 以内)を確かめて、この系列に付け直した(2026-09-26 番人。付け直した 800 セルが全部一致)。
c8c84052e810e165,JP,index,建設工事費デフレーター（2020年度基準） 四半期別,道路2（再掲）,建設総合 > 土木総合 > 公共事業 > 土木1（除く災害復旧） > 道路2（再掲）,index (2020年度平均 = 100),national,JP,日本,,,,101.1,,index_value,published_pdl,,,2021Q2,,mlit-deflator-tsuki-2607,deftsuki2020（四半期別）!AU31(見出しは右隣の系列。値はこの系列),https://www.mlit.go.jp/statistics/details/content/deftsuki_2607.xlsx,PDL1.0,,2020年度基準(2020年度平均=100)。2026年4月分の公表から2020年度基準に改定(原本注)。ウエイト項目に営業余剰や間接税(消費税を含む)等を含めない(原本注)。原本の期間表示「2021年 4-6月」(暦年の四半期)。原本では1列右の見出しの下にある値。月別シートのこの系列の3か月平均と一致(差 0.03、0.1 以内)を確かめて、この系列に付け直した(2026-09-26 番人。付け直した 800 セルが全部一致)。
6e33a79b37deaf19,JP,index,建設工事費デフレーター（2020年度基準） 四半期別,街路2（再掲）,建設総合 > 土木総合 > 公共事業 > 土木1（除く災害復旧） > 街路2（再掲）,index (2020年度平均 = 100),national,JP,日本,,,,100.7,,index_value,published_pdl,,,2021Q2,,mlit-deflator-tsuki-2607,deftsuki2020（四半期別）!AV31(見出しは右隣の系列。値はこの系列),https://www.mlit.go.jp/statistics/details/content/deftsuki_2607.xlsx,PDL1.0,,2020年度基準(2020年度平均=100)。2026年4月分の公表から2020年度基準に改定(原本注)。ウエイト項目に営業余剰や間接税(消費税を含む)等を含めない(原本注)。原本の期間表示「2021年 4-6月」(暦年の四半期)。原本では1列右の見出しの下にある値。月別シートのこの系列の3か月平均と一致(差 0.07、0.1 以内)を確かめて、この系列に付け直した(2026-09-26 番人。付け直した 800 セルが全部一致)。
d92a9f43a54613e2,JP,index,建設工事費デフレーター（2020年度基準） 四半期別,公園,建設総合 > 土木総合 > 公共事業 > 土木1（除く災害復旧） > 公園,index (2020年度平均 = 100),national,JP,日本,,,,100.7,,index_value,published_pdl,,,2021Q2,,mlit-deflator-tsuki-2607,deftsuki2020（四半期別）!AW31(見出しは右隣の系列。値はこの系列),https://www.mlit.go.jp/statistics/details/content/deftsuki_2607.xlsx,PDL1.0,,2020年度基準(2020年度平均=100)。2026年4月分の公表から2020年度基準に改定(原本注)。ウエイト項目に営業余剰や間接税(消費税を含む)等を含めない(原本注)。原本の期間表示「2021年 4-6月」(暦年の四半期)。原本では1列右の見出しの下にある値。月別シートのこの系列の3か月平均と一致(差 0.00、0.1 以内)を確かめて、この系列に付け直した(2026-09-26 番人。付け直した 800 セルが全部一致)。
bcb2d7047a884556,JP,index,建設工事費デフレーター（2020年度基準） 四半期別,下水道,建設総合 > 土木総合 > 公共事業 > 土木1（除く災害復旧） > 下水道,index (2020年度平均 = 100),national,JP,日本,,,,100.7,,index_value,published_pdl,,,2021Q2,,mlit-deflator-tsuki-2607,deftsuki2020（四半期別）!AX31(見出しは右隣の系列。値はこの系列),https://www.mlit.go.jp/statistics/details/content/deftsuki_2607.xlsx,PDL1.0,,2020年度基準(2020年度平均=100)。2026年4月分の公表から2020年度基準に改定(原本注)。ウエイト項目に営業余剰や間接税(消費税を含む)等を含めない(原本注)。原本の期間表示「2021年 4-6月」(暦年の四半期)。原本では1列右の見出しの下にある値。月別シートのこの系列の3か月平均と一致(差 0.03、0.1 以内)を確かめて、この系列に付け直した(2026-09-26 番人。付け直した 800 セルが全部一致)。
472334477997d3f7,JP,index,建設工事費デフレーター（2020年度基準） 四半期別,災害復旧,建設総合 > 土木総合 > 公共事業 > 土木1（除く災害復旧） > 災害復旧,index (2020年度平均 = 100),national,JP,日本,,,,101,,index_value,published_pdl,,,2021Q2,,mlit-deflator-tsuki-2607,deftsuki2020（四半期別）!AY31(見出しは右隣の系列。値はこの系列),https://www.mlit.go.jp/statistics/details/content/deftsuki_2607.xlsx,PDL1.0,,2020年度基準(2020年度平均=100)。2026年4月分の公表から2020年度基準に改定(原本注)。ウエイト項目に営業余剰や間接税(消費税を含む)等を含めない(原本注)。原本の期間表示「2021年 4-6月」(暦年の四半期)。原本では1列右の見出しの下にある値。月別シートのこの系列の3か月平均と一致(差 0.00、0.1 以内)を確かめて、この系列に付け直した(2026-09-26 番人。付け直した 800 セルが全部一致)。
f289a28db012bc96,JP,index,建設工事費デフレーター（2020年度基準） 四半期別,土木2,建設総合 > 土木総合 > 公共事業 > 土木2,index (2020年度平均 = 100),national,JP,日本,,,,101,,index_value,published_pdl,,,2021Q2,,mlit-deflator-tsuki-2607,deftsuki2020（四半期別）!AZ31(見出しは右隣の系列。値はこの系列),https://www.mlit.go.jp/statistics/details/content/deftsuki_2607.xlsx,PDL1.0,,2020年度基準(2020年度平均=100)。2026年4月分の公表から2020年度基準に改定(原本注)。ウエイト項目に営業余剰や間接税(消費税を含む)等を含めない(原本注)。原本の期間表示「2021年 4-6月」(暦年の四半期)。原本では1列右の見出しの下にある値。月別シートのこの系列の3か月平均と一致(差 0.03、0.1 以内)を確かめて、この系列に付け直した(2026-09-26 番人。付け直した 800 セルが全部一致)。
66a59c63769a3087,JP,index,建設工事費デフレーター（2020年度基準） 四半期別,港湾・漁港,建設総合 > 土木総合 > 公共事業 > 土木2 > 港湾・漁港,index (2020年度平均 = 100),national,JP,日本,,,,101,,index_value,published_pdl,,,2021Q2,,mlit-deflator-tsuki-2607,deftsuki2020（四半期別）!BA31(見出しは右隣の系列。値はこの系列),https://www.mlit.go.jp/statistics/details/content/deftsuki_2607.xlsx,PDL1.0,,2020年度基準(2020年度平均=100)。2026年4月分の公表から2020年度基準に改定(原本注)。ウエイト項目に営業余剰や間接税(消費税を含む)等を含めない(原本注)。原本の期間表示「2021年 4-6月」(暦年の四半期)。原本では1列右の見出しの下にある値。月別シートのこの系列の3か月平均と一致(差 0.03、0.1 以内)を確かめて、この系列に付け直した(2026-09-26 番人。付け直した 800 セルが全部一致)。
ac84a2f35cac1f3a,JP,index,建設工事費デフレーター（2020年度基準） 四半期別,空港,建設総合 > 土木総合 > 公共事業 > 土木2 > 空港,index (2020年度平均 = 100),national,JP,日本,,,,99.9,,index_value,published_pdl,,,2021Q2,,mlit-deflator-tsuki-2607,deftsuki2020（四半期別）!BB31(見出しは右隣の系列。値はこの系列),https://www.mlit.go.jp/statistics/details/content/deftsuki_2607.xlsx,PDL1.0,,2020年度基準(2020年度平均=100)。2026年4月分の公表から2020年度基準に改定(原本注)。ウエイト項目に営業余剰や間接税(消費税を含む)等を含めない(原本注)。原本の期間表示「2021年 4-6月」(暦年の四半期)。原本では1列右の見出しの下にある値。月別シートのこの系列の3か月平均と一致(差 0.03、0.1 以内)を確かめて、この系列に付け直した(2026-09-26 番人。付け直した 800 セルが全部一致)。
40142b6d5401ea36,JP,index,建設工事費デフレーター（2020年度基準） 四半期別,環境衛生,建設総合 > 土木総合 > 公共事業 > 土木2 > 環境衛生,index (2020年度平均 = 100),national,JP,日本,,,,101.5,,index_value,published_pdl,,,2021Q2,,mlit-deflator-tsuki-2607,deftsuki2020（四半期別）!BC31(見出しは右隣の系列。値はこの系列),https://www.mlit.go.jp/statistics/details/content/deftsuki_2607.xlsx,PDL1.0,,2020年度基準(2020年度平均=100)。2026年4月分の公表から2020年度基準に改定(原本注)。ウエイト項目に営業余剰や間接税(消費税を含む)等を含めない(原本注)。原本の期間表示「2021年 4-6月」(暦年の四半期)。原本では1列右の見出しの下にある値。月別シートのこの系列の3か月平均と一致(差 0.03、0.1 以内)を確かめて、この系列に付け直した(2026-09-26 番人。付け直した 800 セルが全部一致)。
34137bb2dcf815cd,JP,index,建設工事費デフレーター（2020年度基準） 四半期別,農林関係公共事業,建設総合 > 土木総合 > 公共事業 > 土木2 > 農林関係公共事業,index (2020年度平均 = 100),national,JP,日本,,,,101.2,,index_value,published_pdl,,,2021Q2,,mlit-deflator-tsuki-2607,deftsuki2020（四半期別）!BD31(見出しは右隣の系列。値はこの系列),https://www.mlit.go.jp/statistics/details/content/deftsuki_2607.xlsx,PDL1.0,,2020年度基準(2020年度平均=100)。2026年4月分の公表から2020年度基準に改定(原本注)。ウエイト項目に営業余剰や間接税(消費税を含む)等を含めない(原本注)。原本の期間表示「2021年 4-6月」(暦年の四半期)。原本では1列右の見出しの下にある値。月別シートのこの系列の3か月平均と一致(差 0.03、0.1 以内)を確かめて、この系列に付け直した(2026-09-26 番人。付け直した 800 セルが全部一致)。
1edc8df7c0fbe744,JP,index,建設工事費デフレーター（2020年度基準） 四半期別,その他土木,建設総合 > 土木総合 > その他土木 (原本の列 BD。同じ表頭の列が2つある),index (2020年度平均 = 100),national,JP,日本,,,,101.2,,index_value,published_pdl,,,2021Q2,,mlit-deflator-tsuki-2607,deftsuki2020（四半期別）!BE31(見出しは右隣の系列。値はこの系列),https://www.mlit.go.jp/statistics/details/content/deftsuki_2607.xlsx,PDL1.0,,2020年度基準(2020年度平均=100)。2026年4月分の公表から2020年度基準に改定(原本注)。ウエイト項目に営業余剰や間接税(消費税を含む)等を含めない(原本注)。原本の期間表示「2021年 4-6月」(暦年の四半期)。原本では1列右の見出しの下にある値。月別シートのこの系列の3か月平均と一致(差 0.03、0.1 以内)を確かめて、この系列に付け直した(2026-09-26 番人。付け直した 800 セルが全部一致)。
ee341531037b220b,JP,index,建設工事費デフレーター（2020年度基準） 四半期別,鉄道軌道,建設総合 > 土木総合 > その他土木 > 鉄道軌道,index (2020年度平均 = 100),national,JP,日本,,,,102.5,,index_value,published_pdl,,,2021Q2,,mlit-deflator-tsuki-2607,deftsuki2020（四半期別）!BF31(見出しは右隣の系列。値はこの系列),https://www.mlit.go.jp/statistics/details/content/deftsuki_2607.xlsx,PDL1.0,,2020年度基準(2020年度平均=100)。2026年4月分の公表から2020年度基準に改定(原本注)。ウエイト項目に営業余剰や間接税(消費税を含む)等を含めない(原本注)。原本の期間表示「2021年 4-6月」(暦年の四半期)。原本では1列右の見出しの下にある値。月別シートのこの系列の3か月平均と一致(差 0.03、0.1 以内)を確かめて、この系列に付け直した(2026-09-26 番人。付け直した 800 セルが全部一致)。
c1c206947413fc3a,JP,index,建設工事費デフレーター（2020年度基準） 四半期別,電力,建設総合 > 土木総合 > その他土木 > 電力,index (2020年度平均 = 100),national,JP,日本,,,,101.9,,index_value,published_pdl,,,2021Q2,,mlit-deflator-tsuki-2607,deftsuki2020（四半期別）!BG31(見出しは右隣の系列。値はこの系列),https://www.mlit.go.jp/statistics/details/content/deftsuki_2607.xlsx,PDL1.0,,2020年度基準(2020年度平均=100)。2026年4月分の公表から2020年度基準に改定(原本注)。ウエイト項目に営業余剰や間接税(消費税を含む)等を含めない(原本注)。原本の期間表示「2021年 4-6月」(暦年の四半期)。原本では1列右の見出しの下にある値。月別シートのこの系列の3か月平均と一致(差 0.03、0.1 以内)を確かめて、この系列に付け直した(2026-09-26 番人。付け直した 800 セルが全部一致)。
1909135e1219c7bd,JP,index,建設工事費デフレーター（2020年度基準） 四半期別,電気通信,建設総合 > 土木総合 > その他土木 > 電気通信,index (2020年度平均 = 100),national,JP,日本,,,,101,,index_value,published_pdl,,,2021Q2,,mlit-deflator-tsuki-2607,deftsuki2020（四半期別）!BH31(見出しは右隣の系列。値はこの系列),https://www.mlit.go.jp/statistics/details/content/deftsuki_2607.xlsx,PDL1.0,,2020年度基準(2020年度平均=100)。2026年4月分の公表から2020年度基準に改定(原本注)。ウエイト項目に営業余剰や間接税(消費税を含む)等を含めない(原本注)。原本の期間表示「2021年 4-6月」(暦年の四半期)。原本では1列右の見出しの下にある値。月別シートのこの系列の3か月平均と一致(差 0.03、0.1 以内)を確かめて、この系列に付け直した(2026-09-26 番人。付け直した 800 セルが全部一致)。
c88b1cbfc72cbd65,JP,index,建設工事費デフレーター（2020年度基準） 四半期別,上・工業用水道,建設総合 > 土木総合 > その他土木 > 上・工業用水道,index (2020年度平均 = 100),national,JP,日本,,,,100.1,,index_value,published_pdl,,,2021Q2,,mlit-deflator-tsuki-2607,deftsuki2020（四半期別）!BI31(見出しは右隣の系列。値はこの系列),https://www.mlit.go.jp/statistics/details/content/deftsuki_2607.xlsx,PDL1.0,,2020年度基準(2020年度平均=100)。2026年4月分の公表から2020年度基準に改定(原本注)。ウエイト項目に営業余剰や間接税(消費税を含む)等を含めない(原本注)。原本の期間表示「2021年 4-6月」(暦年の四半期)。原本では1列右の見出しの下にある値。月別シートのこの系列の3か月平均と一致(差 0.03、0.1 以内)を確かめて、この系列に付け直した(2026-09-26 番人。付け直した 800 セルが全部一致)。
46c2eaec57176e58,JP,index,建設工事費デフレーター（2020年度基準） 四半期別,土地造成,建設総合 > 土木総合 > その他土木 > 土地造成,index (2020年度平均 = 100),national,JP,日本,,,,100.9,,index_value,published_pdl,,,2021Q2,,mlit-deflator-tsuki-2607,deftsuki2020（四半期別）!BJ31(見出しは右隣の系列。値はこの系列),https://www.mlit.go.jp/statistics/details/content/deftsuki_2607.xlsx,PDL1.0,,2020年度基準(2020年度平均=100)。2026年4月分の公表から2020年度基準に改定(原本注)。ウエイト項目に営業余剰や間接税(消費税を含む)等を含めない(原本注)。原本の期間表示「2021年 4-6月」(暦年の四半期)。原本では1列右の見出しの下にある値。月別シートのこの系列の3か月平均と一致(差 0.07、0.1 以内)を確かめて、この系列に付け直した(2026-09-26 番人。付け直した 800 セルが全部一致)。
37cccd9efc116e29,JP,index,建設工事費デフレーター（2020年度基準） 四半期別,その他土木,建設総合 > 土木総合 > その他土木 (原本の列 BJ。同じ表頭の列が2つある),index (2020年度平均 = 100),national,JP,日本,,,,100.7,,index_value,published_pdl,,,2021Q2,,mlit-deflator-tsuki-2607,deftsuki2020（四半期別）!BK31(見出しは右隣の系列。値はこの系列),https://www.mlit.go.jp/statistics/details/content/deftsuki_2607.xlsx,PDL1.0,,2020年度基準(2020年度平均=100)。2026年4月分の公表から2020年度基準に改定(原本注)。ウエイト項目に営業余剰や間接税(消費税を含む)等を含めない(原本注)。原本の期間表示「2021年 4-6月」(暦年の四半期)。原本では1列右の見出しの下にある値。月別シートのこの系列の3か月平均と一致(差 0.07、0.1 以内)を確かめて、この系列に付け直した(2026-09-26 番人。付け直した 800 セルが全部一致)。
6f25820ca6ccc608,JP,index,建設工事費デフレーター（2020年度基準） 四半期別,W在来住宅,W在来住宅,index (2020年度平均 = 100),national,JP,日本,,,,103.1,,index_value,published_pdl,,,2021Q2,,mlit-deflator-tsuki-2607,deftsuki2020（四半期別）!BL31(見出しは右隣の系列。値はこの系列),https://www.mlit.go.jp/statistics/details/content/deftsuki_2607.xlsx,PDL1.0,,2020年度基準(2020年度平均=100)。2026年4月分の公表から2020年度基準に改定(原本注)。ウエイト項目に営業余剰や間接税(消費税を含む)等を含めない(原本注)。原本の期間表示「2021年 4-6月」(暦年の四半期)。原本では1列右の見出しの下にある値。月別シートのこの系列の3か月平均と一致(差 0.00、0.1 以内)を確かめて、この系列に付け直した(2026-09-26 番人。付け直した 800 セルが全部一致)。
58b2d933a3ecf4f5,JP,index,建設工事費デフレーター（2020年度基準） 四半期別,W量産住宅,W量産住宅,index (2020年度平均 = 100),national,JP,日本,,,,104,,index_value,published_pdl,,,2021Q2,,mlit-deflator-tsuki-2607,deftsuki2020（四半期別）!BM31(見出しは右隣の系列。値はこの系列),https://www.mlit.go.jp/statistics/details/content/deftsuki_2607.xlsx,PDL1.0,,2020年度基準(2020年度平均=100)。2026年4月分の公表から2020年度基準に改定(原本注)。ウエイト項目に営業余剰や間接税(消費税を含む)等を含めない(原本注)。原本の期間表示「2021年 4-6月」(暦年の四半期)。原本では1列右の見出しの下にある値。月別シートのこの系列の3か月平均と一致(差 0.03、0.1 以内)を確かめて、この系列に付け直した(2026-09-26 番人。付け直した 800 セルが全部一致)。
7b3c2eaa9c32302d,JP,index,建設工事費デフレーター（2020年度基準） 四半期別,RC在来住宅,RC在来住宅,index (2020年度平均 = 100),national,JP,日本,,,,101.5,,index_value,published_pdl,,,2021Q2,,mlit-deflator-tsuki-2607,deftsuki2020（四半期別）!BN31(見出しは右隣の系列。値はこの系列),https://www.mlit.go.jp/statistics/details/content/deftsuki_2607.xlsx,PDL1.0,,2020年度基準(2020年度平均=100)。2026年4月分の公表から2020年度基準に改定(原本注)。ウエイト項目に営業余剰や間接税(消費税を含む)等を含めない(原本注)。原本の期間表示「2021年 4-6月」(暦年の四半期)。原本では1列右の見出しの下にある値。月別シートのこの系列の3か月平均と一致(差 0.00、0.1 以内)を確かめて、この系列に付け直した(2026-09-26 番人。付け直した 800 セルが全部一致)。
2e73d572db98c138,JP,index,建設工事費デフレーター（2020年度基準） 四半期別,RC量産住宅,RC量産住宅,index (2020年度平均 = 100),national,JP,日本,,,,101.9,,index_value,published_pdl,,,2021Q2,,mlit-deflator-tsuki-2607,deftsuki2020（四半期別）!BO31(見出しは右隣の系列。値はこの系列),https://www.mlit.go.jp/statistics/details/content/deftsuki_2607.xlsx,PDL1.0,,2020年度基準(2020年度平均=100)。2026年4月分の公表から2020年度基準に改定(原本注)。ウエイト項目に営業余剰や間接税(消費税を含む)等を含めない(原本注)。原本の期間表示「2021年 4-6月」(暦年の四半期)。原本では1列右の見出しの下にある値。月別シートのこの系列の3か月平均と一致(差 0.03、0.1 以内)を確かめて、この系列に付け直した(2026-09-26 番人。付け直した 800 セルが全部一致)。
fdcb0a2f197d5565,JP,index,建設工事費デフレーター（2020年度基準） 四半期別,S在来住宅,S在来住宅,index (2020年度平均 = 100),national,JP,日本,,,,101.3,,index_value,published_pdl,,,2021Q2,,mlit-deflator-tsuki-2607,deftsuki2020（四半期別）!BP31(見出しは右隣の系列。値はこの系列),https://www.mlit.go.jp/statistics/details/content/deftsuki_2607.xlsx,PDL1.0,,2020年度基準(2020年度平均=100)。2026年4月分の公表から2020年度基準に改定(原本注)。ウエイト項目に営業余剰や間接税(消費税を含む)等を含めない(原本注)。原本の期間表示「2021年 4-6月」(暦年の四半期)。原本では1列右の見出しの下にある値。月別シートのこの系列の3か月平均と一致(差 0.00、0.1 以内)を確かめて、この系列に付け直した(2026-09-26 番人。付け直した 800 セルが全部一致)。
f6ca9fda92f5c019,JP,index,建設工事費デフレーター（2020年度基準） 四半期別,S量産住宅,S量産住宅,index (2020年度平均 = 100),national,JP,日本,,,,103,,index_value,published_pdl,,,2021Q2,,mlit-deflator-tsuki-2607,deftsuki2020（四半期別）!BQ31(見出しは右隣の系列。値はこの系列),https://www.mlit.go.jp/statistics/details/content/deftsuki_2607.xlsx,PDL1.0,,2020年度基準(2020年度平均=100)。2026年4月分の公表から2020年度基準に改定(原本注)。ウエイト項目に営業余剰や間接税(消費税を含む)等を含めない(原本注)。原本の期間表示「2021年 4-6月」(暦年の四半期)。原本では1列右の見出しの下にある値。月別シートのこの系列の3か月平均と一致(差 0.03、0.1 以内)を確かめて、この系列に付け直した(2026-09-26 番人。付け直した 800 セルが全部一致)。
5f9314e10a27186e,JP,index,建設工事費デフレーター（2020年度基準） 四半期別,W工場・倉庫,W工場・倉庫,index (2020年度平均 = 100),national,JP,日本,,,,102.3,,index_value,published_pdl,,,2021Q2,,mlit-deflator-tsuki-2607,deftsuki2020（四半期別）!BR31(見出しは右隣の系列。値はこの系列),https://www.mlit.go.jp/statistics/details/content/deftsuki_2607.xlsx,PDL1.0,,2020年度基準(2020年度平均=100)。2026年4月分の公表から2020年度基準に改定(原本注)。ウエイト項目に営業余剰や間接税(消費税を含む)等を含めない(原本注)。原本の期間表示「2021年 4-6月」(暦年の四半期)。原本では1列右の見出しの下にある値。月別シートのこの系列の3か月平均と一致(差 0.03、0.1 以内)を確かめて、この系列に付け直した(2026-09-26 番人。付け直した 800 セルが全部一致)。
ab2c4b3c0d2890b2,JP,index,建設工事費デフレーター（2020年度基準） 四半期別,W事務所・その他,W事務所・その他,index (2020年度平均 = 100),national,JP,日本,,,,102.7,,index_value,published_pdl,,,2021Q2,,mlit-deflator-tsuki-2607,deftsuki2020（四半期別）!BS31(見出しは右隣の系列。値はこの系列),https://www.mlit.go.jp/statistics/details/content/deftsuki_2607.xlsx,PDL1.0,,2020年度基準(2020年度平均=100)。2026年4月分の公表から2020年度基準に改定(原本注)。ウエイト項目に営業余剰や間接税(消費税を含む)等を含めない(原本注)。原本の期間表示「2021年 4-6月」(暦年の四半期)。原本では1列右の見出しの下にある値。月別シートのこの系列の3か月平均と一致(差 0.00、0.1 以内)を確かめて、この系列に付け直した(2026-09-26 番人。付け直した 800 セルが全部一致)。
a4a0ed4fd46309ce,JP,index,建設工事費デフレーター（2020年度基準） 四半期別,SRC工場・倉庫,SRC工場・倉庫,index (2020年度平均 = 100),national,JP,日本,,,,100.6,,index_value,published_pdl,,,2021Q2,,mlit-deflator-tsuki-2607,deftsuki2020（四半期別）!BT31(見出しは右隣の系列。値はこの系列),https://www.mlit.go.jp/statistics/details/content/deftsuki_2607.xlsx,PDL1.0,,2020年度基準(2020年度平均=100)。2026年4月分の公表から2020年度基準に改定(原本注)。ウエイト項目に営業余剰や間接税(消費税を含む)等を含めない(原本注)。原本の期間表示「2021年 4-6月」(暦年の四半期)。原本では1列右の見出しの下にある値。月別シートのこの系列の3か月平均と一致(差 0.07、0.1 以内)を確かめて、この系列に付け直した(2026-09-26 番人。付け直した 800 セルが全部一致)。
f70804de9e443bec,JP,index,建設工事費デフレーター（2020年度基準） 四半期別,SRC事務所・その他,SRC事務所・その他,index (2020年度平均 = 100),national,JP,日本,,,,100.8,,index_value,published_pdl,,,2021Q2,,mlit-deflator-tsuki-2607,deftsuki2020（四半期別）!BU31(見出しは右隣の系列。値はこの系列),https://www.mlit.go.jp/statistics/details/content/deftsuki_2607.xlsx,PDL1.0,,2020年度基準(2020年度平均=100)。2026年4月分の公表から2020年度基準に改定(原本注)。ウエイト項目に営業余剰や間接税(消費税を含む)等を含めない(原本注)。原本の期間表示「2021年 4-6月」(暦年の四半期)。原本では1列右の見出しの下にある値。月別シートのこの系列の3か月平均と一致(差 0.07、0.1 以内)を確かめて、この系列に付け直した(2026-09-26 番人。付け直した 800 セルが全部一致)。
eb3c3dfcaf929077,JP,index,建設工事費デフレーター（2020年度基準） 四半期別,RC工場・倉庫,RC工場・倉庫,index (2020年度平均 = 100),national,JP,日本,,,,100.7,,index_value,published_pdl,,,2021Q2,,mlit-deflator-tsuki-2607,deftsuki2020（四半期別）!BV31(見出しは右隣の系列。値はこの系列),https://www.mlit.go.jp/statistics/details/content/deftsuki_2607.xlsx,PDL1.0,,2020年度基準(2020年度平均=100)。2026年4月分の公表から2020年度基準に改定(原本注)。ウエイト項目に営業余剰や間接税(消費税を含む)等を含めない(原本注)。原本の期間表示「2021年 4-6月」(暦年の四半期)。原本では1列右の見出しの下にある値。月別シートのこの系列の3か月平均と一致(差 0.03、0.1 以内)を確かめて、この系列に付け直した(2026-09-26 番人。付け直した 800 セルが全部一致)。
ef07797202e6c1c4,JP,index,建設工事費デフレーター（2020年度基準） 四半期別,RC学校,RC学校,index (2020年度平均 = 100),national,JP,日本,,,,101.3,,index_value,published_pdl,,,2021Q2,,mlit-deflator-tsuki-2607,deftsuki2020（四半期別）!BW31(見出しは右隣の系列。値はこの系列),https://www.mlit.go.jp/statistics/details/content/deftsuki_2607.xlsx,PDL1.0,,2020年度基準(2020年度平均=100)。2026年4月分の公表から2020年度基準に改定(原本注)。ウエイト項目に営業余剰や間接税(消費税を含む)等を含めない(原本注)。原本の期間表示「2021年 4-6月」(暦年の四半期)。原本では1列右の見出しの下にある値。月別シートのこの系列の3か月平均と一致(差 0.00、0.1 以内)を確かめて、この系列に付け直した(2026-09-26 番人。付け直した 800 セルが全部一致)。
0f20da14bb40c040,JP,index,建設工事費デフレーター（2020年度基準） 四半期別,RC事務所・その他,RC事務所・その他,index (2020年度平均 = 100),national,JP,日本,,,,101.2,,index_value,published_pdl,,,2021Q2,,mlit-deflator-tsuki-2607,deftsuki2020（四半期別）!BX31(見出しは右隣の系列。値はこの系列),https://www.mlit.go.jp/statistics/details/content/deftsuki_2607.xlsx,PDL1.0,,2020年度基準(2020年度平均=100)。2026年4月分の公表から2020年度基準に改定(原本注)。ウエイト項目に営業余剰や間接税(消費税を含む)等を含めない(原本注)。原本の期間表示「2021年 4-6月」(暦年の四半期)。原本では1列右の見出しの下にある値。月別シートのこの系列の3か月平均と一致(差 0.03、0.1 以内)を確かめて、この系列に付け直した(2026-09-26 番人。付け直した 800 セルが全部一致)。
2dc8ef16cddd1ea4,JP,index,建設工事費デフレーター（2020年度基準） 四半期別,S工場・倉庫,S工場・倉庫,index (2020年度平均 = 100),national,JP,日本,,,,100.5,,index_value,published_pdl,,,2021Q2,,mlit-deflator-tsuki-2607,deftsuki2020（四半期別）!BY31(見出しは右隣の系列。値はこの系列),https://www.mlit.go.jp/statistics/details/content/deftsuki_2607.xlsx,PDL1.0,,2020年度基準(2020年度平均=100)。2026年4月分の公表から2020年度基準に改定(原本注)。ウエイト項目に営業余剰や間接税(消費税を含む)等を含めない(原本注)。原本の期間表示「2021年 4-6月」(暦年の四半期)。原本では1列右の見出しの下にある値。月別シートのこの系列の3か月平均と一致(差 0.00、0.1 以内)を確かめて、この系列に付け直した(2026-09-26 番人。付け直した 800 セルが全部一致)。
5264db1b2ef1aa12,JP,index,建設工事費デフレーター（2020年度基準） 四半期別,S事務所・その他,S事務所・その他,index (2020年度平均 = 100),national,JP,日本,,,,,,index_value,not_set,,,2021Q2,,mlit-deflator-tsuki-2607,,https://www.mlit.go.jp/statistics/details/content/deftsuki_2607.xlsx,PDL1.0,,2020年度基準(2020年度平均=100)。2026年4月分の公表から2020年度基準に改定(原本注)。ウエイト項目に営業余剰や間接税(消費税を含む)等を含めない(原本注)。原本の期間表示「2021年 4-6月」(暦年の四半期)。原本の四半期別では、列ずれのため、この系列のこの期間の値がどの列にも無い(2026-09-26 番人)。月別シートの値はある。
2053c778a5897a3a,JP,index,建設工事費デフレーター（2020年度基準） 四半期別,地方道路公社等,建設総合 > 土木総合 > 公共事業 > 土木1（除く災害復旧） > 道路総合 > 有料道路 > 地方道路公社等,index (2020年度平均 = 100),national,JP,日本,,,,103.2,,index_value,published_pdl,,,2021Q3,,mlit-deflator-tsuki-2607,deftsuki2020（四半期別）!AT32(見出しは右隣の系列。値はこの系列),https://www.mlit.go.jp/statistics/details/content/deftsuki_2607.xlsx,PDL1.0,,2020年度基準(2020年度平均=100)。2026年4月分の公表から2020年度基準に改定(原本注)。ウエイト項目に営業余剰や間接税(消費税を含む)等を含めない(原本注)。原本の期間表示「2021年 7-9月」(暦年の四半期)。原本では1列右の見出しの下にある値。月別シートのこの系列の3か月平均と一致(差 0.07、0.1 以内)を確かめて、この系列に付け直した(2026-09-26 番人。付け直した 800 セルが全部一致)。
785740edd32d8895,JP,index,建設工事費デフレーター（2020年度基準） 四半期別,道路2（再掲）,建設総合 > 土木総合 > 公共事業 > 土木1（除く災害復旧） > 道路2（再掲）,index (2020年度平均 = 100),national,JP,日本,,,,102.9,,index_value,published_pdl,,,2021Q3,,mlit-deflator-tsuki-2607,deftsuki2020（四半期別）!AU32(見出しは右隣の系列。値はこの系列),https://www.mlit.go.jp/statistics/details/content/deftsuki_2607.xlsx,PDL1.0,,2020年度基準(2020年度平均=100)。2026年4月分の公表から2020年度基準に改定(原本注)。ウエイト項目に営業余剰や間接税(消費税を含む)等を含めない(原本注)。原本の期間表示「2021年 7-9月」(暦年の四半期)。原本では1列右の見出しの下にある値。月別シートのこの系列の3か月平均と一致(差 0.00、0.1 以内)を確かめて、この系列に付け直した(2026-09-26 番人。付け直した 800 セルが全部一致)。
2a60837a36a6406c,JP,index,建設工事費デフレーター（2020年度基準） 四半期別,街路2（再掲）,建設総合 > 土木総合 > 公共事業 > 土木1（除く災害復旧） > 街路2（再掲）,index (2020年度平均 = 100),national,JP,日本,,,,102.4,,index_value,published_pdl,,,2021Q3,,mlit-deflator-tsuki-2607,deftsuki2020（四半期別）!AV32(見出しは右隣の系列。値はこの系列),https://www.mlit.go.jp/statistics/details/content/deftsuki_2607.xlsx,PDL1.0,,2020年度基準(2020年度平均=100)。2026年4月分の公表から2020年度基準に改定(原本注)。ウエイト項目に営業余剰や間接税(消費税を含む)等を含めない(原本注)。原本の期間表示「2021年 7-9月」(暦年の四半期)。原本では1列右の見出しの下にある値。月別シートのこの系列の3か月平均と一致(差 0.00、0.1 以内)を確かめて、この系列に付け直した(2026-09-26 番人。付け直した 800 セルが全部一致)。
e671c4651d4d6769,JP,index,建設工事費デフレーター（2020年度基準） 四半期別,公園,建設総合 > 土木総合 > 公共事業 > 土木1（除く災害復旧） > 公園,index (2020年度平均 = 100),national,JP,日本,,,,102.5,,index_value,published_pdl,,,2021Q3,,mlit-deflator-tsuki-2607,deftsuki2020（四半期別）!AW32(見出しは右隣の系列。値はこの系列),https://www.mlit.go.jp/statistics/details/content/deftsuki_2607.xlsx,PDL1.0,,2020年度基準(2020年度平均=100)。2026年4月分の公表から2020年度基準に改定(原本注)。ウエイト項目に営業余剰や間接税(消費税を含む)等を含めない(原本注)。原本の期間表示「2021年 7-9月」(暦年の四半期)。原本では1列右の見出しの下にある値。月別シートのこの系列の3か月平均と一致(差 0.07、0.1 以内)を確かめて、この系列に付け直した(2026-09-26 番人。付け直した 800 セルが全部一致)。
40b568568b381016,JP,index,建設工事費デフレーター（2020年度基準） 四半期別,下水道,建設総合 > 土木総合 > 公共事業 > 土木1（除く災害復旧） > 下水道,index (2020年度平均 = 100),national,JP,日本,,,,102.2,,index_value,published_pdl,,,2021Q3,,mlit-deflator-tsuki-2607,deftsuki2020（四半期別）!AX32(見出しは右隣の系列。値はこの系列),https://www.mlit.go.jp/statistics/details/content/deftsuki_2607.xlsx,PDL1.0,,2020年度基準(2020年度平均=100)。2026年4月分の公表から2020年度基準に改定(原本注)。ウエイト項目に営業余剰や間接税(消費税を含む)等を含めない(原本注)。原本の期間表示「2021年 7-9月」(暦年の四半期)。原本では1列右の見出しの下にある値。月別シートのこの系列の3か月平均と一致(差 0.03、0.1 以内)を確かめて、この系列に付け直した(2026-09-26 番人。付け直した 800 セルが全部一致)。
c291da7181c9f63f,JP,index,建設工事費デフレーター（2020年度基準） 四半期別,災害復旧,建設総合 > 土木総合 > 公共事業 > 土木1（除く災害復旧） > 災害復旧,index (2020年度平均 = 100),national,JP,日本,,,,102.2,,index_value,published_pdl,,,2021Q3,,mlit-deflator-tsuki-2607,deftsuki2020（四半期別）!AY32(見出しは右隣の系列。値はこの系列),https://www.mlit.go.jp/statistics/details/content/deftsuki_2607.xlsx,PDL1.0,,2020年度基準(2020年度平均=100)。2026年4月分の公表から2020年度基準に改定(原本注)。ウエイト項目に営業余剰や間接税(消費税を含む)等を含めない(原本注)。原本の期間表示「2021年 7-9月」(暦年の四半期)。原本では1列右の見出しの下にある値。月別シートのこの系列の3か月平均と一致(差 0.00、0.1 以内)を確かめて、この系列に付け直した(2026-09-26 番人。付け直した 800 セルが全部一致)。
4322a1b11cf44b2d,JP,index,建設工事費デフレーター（2020年度基準） 四半期別,土木2,建設総合 > 土木総合 > 公共事業 > 土木2,index (2020年度平均 = 100),national,JP,日本,,,,102.8,,index_value,published_pdl,,,2021Q3,,mlit-deflator-tsuki-2607,deftsuki2020（四半期別）!AZ32(見出しは右隣の系列。値はこの系列),https://www.mlit.go.jp/statistics/details/content/deftsuki_2607.xlsx,PDL1.0,,2020年度基準(2020年度平均=100)。2026年4月分の公表から2020年度基準に改定(原本注)。ウエイト項目に営業余剰や間接税(消費税を含む)等を含めない(原本注)。原本の期間表示「2021年 7-9月」(暦年の四半期)。原本では1列右の見出しの下にある値。月別シートのこの系列の3か月平均と一致(差 0.00、0.1 以内)を確かめて、この系列に付け直した(2026-09-26 番人。付け直した 800 セルが全部一致)。
c269c01ab032445c,JP,index,建設工事費デフレーター（2020年度基準） 四半期別,港湾・漁港,建設総合 > 土木総合 > 公共事業 > 土木2 > 港湾・漁港,index (2020年度平均 = 100),national,JP,日本,,,,102.6,,index_value,published_pdl,,,2021Q3,,mlit-deflator-tsuki-2607,deftsuki2020（四半期別）!BA32(見出しは右隣の系列。値はこの系列),https://www.mlit.go.jp/statistics/details/content/deftsuki_2607.xlsx,PDL1.0,,2020年度基準(2020年度平均=100)。2026年4月分の公表から2020年度基準に改定(原本注)。ウエイト項目に営業余剰や間接税(消費税を含む)等を含めない(原本注)。原本の期間表示「2021年 7-9月」(暦年の四半期)。原本では1列右の見出しの下にある値。月別シートのこの系列の3か月平均と一致(差 0.03、0.1 以内)を確かめて、この系列に付け直した(2026-09-26 番人。付け直した 800 セルが全部一致)。
a5fecbb69db291eb,JP,index,建設工事費デフレーター（2020年度基準） 四半期別,空港,建設総合 > 土木総合 > 公共事業 > 土木2 > 空港,index (2020年度平均 = 100),national,JP,日本,,,,101.8,,index_value,published_pdl,,,2021Q3,,mlit-deflator-tsuki-2607,deftsuki2020（四半期別）!BB32(見出しは右隣の系列。値はこの系列),https://www.mlit.go.jp/statistics/details/content/deftsuki_2607.xlsx,PDL1.0,,2020年度基準(2020年度平均=100)。2026年4月分の公表から2020年度基準に改定(原本注)。ウエイト項目に営業余剰や間接税(消費税を含む)等を含めない(原本注)。原本の期間表示「2021年 7-9月」(暦年の四半期)。原本では1列右の見出しの下にある値。月別シートのこの系列の3か月平均と一致(差 0.07、0.1 以内)を確かめて、この系列に付け直した(2026-09-26 番人。付け直した 800 セルが全部一致)。
15169669563d3a5a,JP,index,建設工事費デフレーター（2020年度基準） 四半期別,環境衛生,建設総合 > 土木総合 > 公共事業 > 土木2 > 環境衛生,index (2020年度平均 = 100),national,JP,日本,,,,103.3,,index_value,published_pdl,,,2021Q3,,mlit-deflator-tsuki-2607,deftsuki2020（四半期別）!BC32(見出しは右隣の系列。値はこの系列),https://www.mlit.go.jp/statistics/details/content/deftsuki_2607.xlsx,PDL1.0,,2020年度基準(2020年度平均=100)。2026年4月分の公表から2020年度基準に改定(原本注)。ウエイト項目に営業余剰や間接税(消費税を含む)等を含めない(原本注)。原本の期間表示「2021年 7-9月」(暦年の四半期)。原本では1列右の見出しの下にある値。月別シートのこの系列の3か月平均と一致(差 0.03、0.1 以内)を確かめて、この系列に付け直した(2026-09-26 番人。付け直した 800 セルが全部一致)。
f8133e0f8208b89b,JP,index,建設工事費デフレーター（2020年度基準） 四半期別,農林関係公共事業,建設総合 > 土木総合 > 公共事業 > 土木2 > 農林関係公共事業,index (2020年度平均 = 100),national,JP,日本,,,,102.9,,index_value,published_pdl,,,2021Q3,,mlit-deflator-tsuki-2607,deftsuki2020（四半期別）!BD32(見出しは右隣の系列。値はこの系列),https://www.mlit.go.jp/statistics/details/content/deftsuki_2607.xlsx,PDL1.0,,2020年度基準(2020年度平均=100)。2026年4月分の公表から2020年度基準に改定(原本注)。ウエイト項目に営業余剰や間接税(消費税を含む)等を含めない(原本注)。原本の期間表示「2021年 7-9月」(暦年の四半期)。原本では1列右の見出しの下にある値。月別シートのこの系列の3か月平均と一致(差 0.03、0.1 以内)を確かめて、この系列に付け直した(2026-09-26 番人。付け直した 800 セルが全部一致)。
7a869938060f1bf7,JP,index,建設工事費デフレーター（2020年度基準） 四半期別,その他土木,建設総合 > 土木総合 > その他土木 (原本の列 BD。同じ表頭の列が2つある),index (2020年度平均 = 100),national,JP,日本,,,,103.1,,index_value,published_pdl,,,2021Q3,,mlit-deflator-tsuki-2607,deftsuki2020（四半期別）!BE32(見出しは右隣の系列。値はこの系列),https://www.mlit.go.jp/statistics/details/content/deftsuki_2607.xlsx,PDL1.0,,2020年度基準(2020年度平均=100)。2026年4月分の公表から2020年度基準に改定(原本注)。ウエイト項目に営業余剰や間接税(消費税を含む)等を含めない(原本注)。原本の期間表示「2021年 7-9月」(暦年の四半期)。原本では1列右の見出しの下にある値。月別シートのこの系列の3か月平均と一致(差 0.03、0.1 以内)を確かめて、この系列に付け直した(2026-09-26 番人。付け直した 800 セルが全部一致)。
dfd3b42e27fca0a7,JP,index,建設工事費デフレーター（2020年度基準） 四半期別,鉄道軌道,建設総合 > 土木総合 > その他土木 > 鉄道軌道,index (2020年度平均 = 100),national,JP,日本,,,,104.4,,index_value,published_pdl,,,2021Q3,,mlit-deflator-tsuki-2607,deftsuki2020（四半期別）!BF32(見出しは右隣の系列。値はこの系列),https://www.mlit.go.jp/statistics/details/content/deftsuki_2607.xlsx,PDL1.0,,2020年度基準(2020年度平均=100)。2026年4月分の公表から2020年度基準に改定(原本注)。ウエイト項目に営業余剰や間接税(消費税を含む)等を含めない(原本注)。原本の期間表示「2021年 7-9月」(暦年の四半期)。原本では1列右の見出しの下にある値。月別シートのこの系列の3か月平均と一致(差 0.03、0.1 以内)を確かめて、この系列に付け直した(2026-09-26 番人。付け直した 800 セルが全部一致)。
597f85c0a2a183c4,JP,index,建設工事費デフレーター（2020年度基準） 四半期別,電力,建設総合 > 土木総合 > その他土木 > 電力,index (2020年度平均 = 100),national,JP,日本,,,,103.5,,index_value,published_pdl,,,2021Q3,,mlit-deflator-tsuki-2607,deftsuki2020（四半期別）!BG32(見出しは右隣の系列。値はこの系列),https://www.mlit.go.jp/statistics/details/content/deftsuki_2607.xlsx,PDL1.0,,2020年度基準(2020年度平均=100)。2026年4月分の公表から2020年度基準に改定(原本注)。ウエイト項目に営業余剰や間接税(消費税を含む)等を含めない(原本注)。原本の期間表示「2021年 7-9月」(暦年の四半期)。原本では1列右の見出しの下にある値。月別シートのこの系列の3か月平均と一致(差 0.03、0.1 以内)を確かめて、この系列に付け直した(2026-09-26 番人。付け直した 800 セルが全部一致)。
76216466cb314604,JP,index,建設工事費デフレーター（2020年度基準） 四半期別,電気通信,建設総合 > 土木総合 > その他土木 > 電気通信,index (2020年度平均 = 100),national,JP,日本,,,,102.5,,index_value,published_pdl,,,2021Q3,,mlit-deflator-tsuki-2607,deftsuki2020（四半期別）!BH32(見出しは右隣の系列。値はこの系列),https://www.mlit.go.jp/statistics/details/content/deftsuki_2607.xlsx,PDL1.0,,2020年度基準(2020年度平均=100)。2026年4月分の公表から2020年度基準に改定(原本注)。ウエイト項目に営業余剰や間接税(消費税を含む)等を含めない(原本注)。原本の期間表示「2021年 7-9月」(暦年の四半期)。原本では1列右の見出しの下にある値。月別シートのこの系列の3か月平均と一致(差 0.00、0.1 以内)を確かめて、この系列に付け直した(2026-09-26 番人。付け直した 800 セルが全部一致)。
67992ee34396551c,JP,index,建設工事費デフレーター（2020年度基準） 四半期別,上・工業用水道,建設総合 > 土木総合 > その他土木 > 上・工業用水道,index (2020年度平均 = 100),national,JP,日本,,,,102.1,,index_value,published_pdl,,,2021Q3,,mlit-deflator-tsuki-2607,deftsuki2020（四半期別）!BI32(見出しは右隣の系列。値はこの系列),https://www.mlit.go.jp/statistics/details/content/deftsuki_2607.xlsx,PDL1.0,,2020年度基準(2020年度平均=100)。2026年4月分の公表から2020年度基準に改定(原本注)。ウエイト項目に営業余剰や間接税(消費税を含む)等を含めない(原本注)。原本の期間表示「2021年 7-9月」(暦年の四半期)。原本では1列右の見出しの下にある値。月別シートのこの系列の3か月平均と一致(差 0.00、0.1 以内)を確かめて、この系列に付け直した(2026-09-26 番人。付け直した 800 セルが全部一致)。
45d36b392fce5e34,JP,index,建設工事費デフレーター（2020年度基準） 四半期別,土地造成,建設総合 > 土木総合 > その他土木 > 土地造成,index (2020年度平均 = 100),national,JP,日本,,,,102.5,,index_value,published_pdl,,,2021Q3,,mlit-deflator-tsuki-2607,deftsuki2020（四半期別）!BJ32(見出しは右隣の系列。値はこの系列),https://www.mlit.go.jp/statistics/details/content/deftsuki_2607.xlsx,PDL1.0,,2020年度基準(2020年度平均=100)。2026年4月分の公表から2020年度基準に改定(原本注)。ウエイト項目に営業余剰や間接税(消費税を含む)等を含めない(原本注)。原本の期間表示「2021年 7-9月」(暦年の四半期)。原本では1列右の見出しの下にある値。月別シートのこの系列の3か月平均と一致(差 0.00、0.1 以内)を確かめて、この系列に付け直した(2026-09-26 番人。付け直した 800 セルが全部一致)。
00859ccfbeefd998,JP,index,建設工事費デフレーター（2020年度基準） 四半期別,その他土木,建設総合 > 土木総合 > その他土木 (原本の列 BJ。同じ表頭の列が2つある),index (2020年度平均 = 100),national,JP,日本,,,,102.6,,index_value,published_pdl,,,2021Q3,,mlit-deflator-tsuki-2607,deftsuki2020（四半期別）!BK32(見出しは右隣の系列。値はこの系列),https://www.mlit.go.jp/statistics/details/content/deftsuki_2607.xlsx,PDL1.0,,2020年度基準(2020年度平均=100)。2026年4月分の公表から2020年度基準に改定(原本注)。ウエイト項目に営業余剰や間接税(消費税を含む)等を含めない(原本注)。原本の期間表示「2021年 7-9月」(暦年の四半期)。原本では1列右の見出しの下にある値。月別シートのこの系列の3か月平均と一致(差 0.03、0.1 以内)を確かめて、この系列に付け直した(2026-09-26 番人。付け直した 800 セルが全部一致)。
f87514bcb559e536,JP,index,建設工事費デフレーター（2020年度基準） 四半期別,W在来住宅,W在来住宅,index (2020年度平均 = 100),national,JP,日本,,,,109.5,,index_value,published_pdl,,,2021Q3,,mlit-deflator-tsuki-2607,deftsuki2020（四半期別）!BL32(見出しは右隣の系列。値はこの系列),https://www.mlit.go.jp/statistics/details/content/deftsuki_2607.xlsx,PDL1.0,,2020年度基準(2020年度平均=100)。2026年4月分の公表から2020年度基準に改定(原本注)。ウエイト項目に営業余剰や間接税(消費税を含む)等を含めない(原本注)。原本の期間表示「2021年 7-9月」(暦年の四半期)。原本では1列右の見出しの下にある値。月別シートのこの系列の3か月平均と一致(差 0.00、0.1 以内)を確かめて、この系列に付け直した(2026-09-26 番人。付け直した 800 セルが全部一致)。
b72965d6fd98874b,JP,index,建設工事費デフレーター（2020年度基準） 四半期別,W量産住宅,W量産住宅,index (2020年度平均 = 100),national,JP,日本,,,,112.8,,index_value,published_pdl,,,2021Q3,,mlit-deflator-tsuki-2607,deftsuki2020（四半期別）!BM32(見出しは右隣の系列。値はこの系列),https://www.mlit.go.jp/statistics/details/content/deftsuki_2607.xlsx,PDL1.0,,2020年度基準(2020年度平均=100)。2026年4月分の公表から2020年度基準に改定(原本注)。ウエイト項目に営業余剰や間接税(消費税を含む)等を含めない(原本注)。原本の期間表示「2021年 7-9月」(暦年の四半期)。原本では1列右の見出しの下にある値。月別シートのこの系列の3か月平均と一致(差 0.03、0.1 以内)を確かめて、この系列に付け直した(2026-09-26 番人。付け直した 800 セルが全部一致)。
88d670ff6bf8da9c,JP,index,建設工事費デフレーター（2020年度基準） 四半期別,RC在来住宅,RC在来住宅,index (2020年度平均 = 100),national,JP,日本,,,,104.2,,index_value,published_pdl,,,2021Q3,,mlit-deflator-tsuki-2607,deftsuki2020（四半期別）!BN32(見出しは右隣の系列。値はこの系列),https://www.mlit.go.jp/statistics/details/content/deftsuki_2607.xlsx,PDL1.0,,2020年度基準(2020年度平均=100)。2026年4月分の公表から2020年度基準に改定(原本注)。ウエイト項目に営業余剰や間接税(消費税を含む)等を含めない(原本注)。原本の期間表示「2021年 7-9月」(暦年の四半期)。原本では1列右の見出しの下にある値。月別シートのこの系列の3か月平均と一致(差 0.03、0.1 以内)を確かめて、この系列に付け直した(2026-09-26 番人。付け直した 800 セルが全部一致)。
eaf271c38033b6da,JP,index,建設工事費デフレーター（2020年度基準） 四半期別,RC量産住宅,RC量産住宅,index (2020年度平均 = 100),national,JP,日本,,,,105.1,,index_value,published_pdl,,,2021Q3,,mlit-deflator-tsuki-2607,deftsuki2020（四半期別）!BO32(見出しは右隣の系列。値はこの系列),https://www.mlit.go.jp/statistics/details/content/deftsuki_2607.xlsx,PDL1.0,,2020年度基準(2020年度平均=100)。2026年4月分の公表から2020年度基準に改定(原本注)。ウエイト項目に営業余剰や間接税(消費税を含む)等を含めない(原本注)。原本の期間表示「2021年 7-9月」(暦年の四半期)。原本では1列右の見出しの下にある値。月別シートのこの系列の3か月平均と一致(差 0.03、0.1 以内)を確かめて、この系列に付け直した(2026-09-26 番人。付け直した 800 セルが全部一致)。
a4433377a5d52211,JP,index,建設工事費デフレーター（2020年度基準） 四半期別,S在来住宅,S在来住宅,index (2020年度平均 = 100),national,JP,日本,,,,103.6,,index_value,published_pdl,,,2021Q3,,mlit-deflator-tsuki-2607,deftsuki2020（四半期別）!BP32(見出しは右隣の系列。値はこの系列),https://www.mlit.go.jp/statistics/details/content/deftsuki_2607.xlsx,PDL1.0,,2020年度基準(2020年度平均=100)。2026年4月分の公表から2020年度基準に改定(原本注)。ウエイト項目に営業余剰や間接税(消費税を含む)等を含めない(原本注)。原本の期間表示「2021年 7-9月」(暦年の四半期)。原本では1列右の見出しの下にある値。月別シートのこの系列の3か月平均と一致(差 0.07、0.1 以内)を確かめて、この系列に付け直した(2026-09-26 番人。付け直した 800 セルが全部一致)。
5d4d9797538bca11,JP,index,建設工事費デフレーター（2020年度基準） 四半期別,S量産住宅,S量産住宅,index (2020年度平均 = 100),national,JP,日本,,,,108.4,,index_value,published_pdl,,,2021Q3,,mlit-deflator-tsuki-2607,deftsuki2020（四半期別）!BQ32(見出しは右隣の系列。値はこの系列),https://www.mlit.go.jp/statistics/details/content/deftsuki_2607.xlsx,PDL1.0,,2020年度基準(2020年度平均=100)。2026年4月分の公表から2020年度基準に改定(原本注)。ウエイト項目に営業余剰や間接税(消費税を含む)等を含めない(原本注)。原本の期間表示「2021年 7-9月」(暦年の四半期)。原本では1列右の見出しの下にある値。月別シートのこの系列の3か月平均と一致(差 0.03、0.1 以内)を確かめて、この系列に付け直した(2026-09-26 番人。付け直した 800 セルが全部一致)。
7e1723ba711a3f53,JP,index,建設工事費デフレーター（2020年度基準） 四半期別,W工場・倉庫,W工場・倉庫,index (2020年度平均 = 100),national,JP,日本,,,,106.4,,index_value,published_pdl,,,2021Q3,,mlit-deflator-tsuki-2607,deftsuki2020（四半期別）!BR32(見出しは右隣の系列。値はこの系列),https://www.mlit.go.jp/statistics/details/content/deftsuki_2607.xlsx,PDL1.0,,2020年度基準(2020年度平均=100)。2026年4月分の公表から2020年度基準に改定(原本注)。ウエイト項目に営業余剰や間接税(消費税を含む)等を含めない(原本注)。原本の期間表示「2021年 7-9月」(暦年の四半期)。原本では1列右の見出しの下にある値。月別シートのこの系列の3か月平均と一致(差 0.03、0.1 以内)を確かめて、この系列に付け直した(2026-09-26 番人。付け直した 800 セルが全部一致)。
c14331b3b06796e6,JP,index,建設工事費デフレーター（2020年度基準） 四半期別,W事務所・その他,W事務所・その他,index (2020年度平均 = 100),national,JP,日本,,,,107.4,,index_value,published_pdl,,,2021Q3,,mlit-deflator-tsuki-2607,deftsuki2020（四半期別）!BS32(見出しは右隣の系列。値はこの系列),https://www.mlit.go.jp/statistics/details/content/deftsuki_2607.xlsx,PDL1.0,,2020年度基準(2020年度平均=100)。2026年4月分の公表から2020年度基準に改定(原本注)。ウエイト項目に営業余剰や間接税(消費税を含む)等を含めない(原本注)。原本の期間表示「2021年 7-9月」(暦年の四半期)。原本では1列右の見出しの下にある値。月別シートのこの系列の3か月平均と一致(差 0.03、0.1 以内)を確かめて、この系列に付け直した(2026-09-26 番人。付け直した 800 セルが全部一致)。
950741ca8911f23f,JP,index,建設工事費デフレーター（2020年度基準） 四半期別,SRC工場・倉庫,SRC工場・倉庫,index (2020年度平均 = 100),national,JP,日本,,,,102.4,,index_value,published_pdl,,,2021Q3,,mlit-deflator-tsuki-2607,deftsuki2020（四半期別）!BT32(見出しは右隣の系列。値はこの系列),https://www.mlit.go.jp/statistics/details/content/deftsuki_2607.xlsx,PDL1.0,,2020年度基準(2020年度平均=100)。2026年4月分の公表から2020年度基準に改定(原本注)。ウエイト項目に営業余剰や間接税(消費税を含む)等を含めない(原本注)。原本の期間表示「2021年 7-9月」(暦年の四半期)。原本では1列右の見出しの下にある値。月別シートのこの系列の3か月平均と一致(差 0.07、0.1 以内)を確かめて、この系列に付け直した(2026-09-26 番人。付け直した 800 セルが全部一致)。
dbc096eb3eb7e254,JP,index,建設工事費デフレーター（2020年度基準） 四半期別,SRC事務所・その他,SRC事務所・その他,index (2020年度平均 = 100),national,JP,日本,,,,102.8,,index_value,published_pdl,,,2021Q3,,mlit-deflator-tsuki-2607,deftsuki2020（四半期別）!BU32(見出しは右隣の系列。値はこの系列),https://www.mlit.go.jp/statistics/details/content/deftsuki_2607.xlsx,PDL1.0,,2020年度基準(2020年度平均=100)。2026年4月分の公表から2020年度基準に改定(原本注)。ウエイト項目に営業余剰や間接税(消費税を含む)等を含めない(原本注)。原本の期間表示「2021年 7-9月」(暦年の四半期)。原本では1列右の見出しの下にある値。月別シートのこの系列の3か月平均と一致(差 0.00、0.1 以内)を確かめて、この系列に付け直した(2026-09-26 番人。付け直した 800 セルが全部一致)。
b88d9de6e44b43b9,JP,index,建設工事費デフレーター（2020年度基準） 四半期別,RC工場・倉庫,RC工場・倉庫,index (2020年度平均 = 100),national,JP,日本,,,,102.7,,index_value,published_pdl,,,2021Q3,,mlit-deflator-tsuki-2607,deftsuki2020（四半期別）!BV32(見出しは右隣の系列。値はこの系列),https://www.mlit.go.jp/statistics/details/content/deftsuki_2607.xlsx,PDL1.0,,2020年度基準(2020年度平均=100)。2026年4月分の公表から2020年度基準に改定(原本注)。ウエイト項目に営業余剰や間接税(消費税を含む)等を含めない(原本注)。原本の期間表示「2021年 7-9月」(暦年の四半期)。原本では1列右の見出しの下にある値。月別シートのこの系列の3か月平均と一致(差 0.03、0.1 以内)を確かめて、この系列に付け直した(2026-09-26 番人。付け直した 800 セルが全部一致)。
baff4a1649de0875,JP,index,建設工事費デフレーター（2020年度基準） 四半期別,RC学校,RC学校,index (2020年度平均 = 100),national,JP,日本,,,,103.9,,index_value,published_pdl,,,2021Q3,,mlit-deflator-tsuki-2607,deftsuki2020（四半期別）!BW32(見出しは右隣の系列。値はこの系列),https://www.mlit.go.jp/statistics/details/content/deftsuki_2607.xlsx,PDL1.0,,2020年度基準(2020年度平均=100)。2026年4月分の公表から2020年度基準に改定(原本注)。ウエイト項目に営業余剰や間接税(消費税を含む)等を含めない(原本注)。原本の期間表示「2021年 7-9月」(暦年の四半期)。原本では1列右の見出しの下にある値。月別シートのこの系列の3か月平均と一致(差 0.00、0.1 以内)を確かめて、この系列に付け直した(2026-09-26 番人。付け直した 800 セルが全部一致)。
0bf954ad6b3dc110,JP,index,建設工事費デフレーター（2020年度基準） 四半期別,RC事務所・その他,RC事務所・その他,index (2020年度平均 = 100),national,JP,日本,,,,103.5,,index_value,published_pdl,,,2021Q3,,mlit-deflator-tsuki-2607,deftsuki2020（四半期別）!BX32(見出しは右隣の系列。値はこの系列),https://www.mlit.go.jp/statistics/details/content/deftsuki_2607.xlsx,PDL1.0,,2020年度基準(2020年度平均=100)。2026年4月分の公表から2020年度基準に改定(原本注)。ウエイト項目に営業余剰や間接税(消費税を含む)等を含めない(原本注)。原本の期間表示「2021年 7-9月」(暦年の四半期)。原本では1列右の見出しの下にある値。月別シートのこの系列の3か月平均と一致(差 0.03、0.1 以内)を確かめて、この系列に付け直した(2026-09-26 番人。付け直した 800 セルが全部一致)。
827be008a9316c1b,JP,index,建設工事費デフレーター（2020年度基準） 四半期別,S工場・倉庫,S工場・倉庫,index (2020年度平均 = 100),national,JP,日本,,,,102.4,,index_value,published_pdl,,,2021Q3,,mlit-deflator-tsuki-2607,deftsuki2020（四半期別）!BY32(見出しは右隣の系列。値はこの系列),https://www.mlit.go.jp/statistics/details/content/deftsuki_2607.xlsx,PDL1.0,,2020年度基準(2020年度平均=100)。2026年4月分の公表から2020年度基準に改定(原本注)。ウエイト項目に営業余剰や間接税(消費税を含む)等を含めない(原本注)。原本の期間表示「2021年 7-9月」(暦年の四半期)。原本では1列右の見出しの下にある値。月別シートのこの系列の3か月平均と一致(差 0.00、0.1 以内)を確かめて、この系列に付け直した(2026-09-26 番人。付け直した 800 セルが全部一致)。
018e7ab01dc56b10,JP,index,建設工事費デフレーター（2020年度基準） 四半期別,S事務所・その他,S事務所・その他,index (2020年度平均 = 100),national,JP,日本,,,,,,index_value,not_set,,,2021Q3,,mlit-deflator-tsuki-2607,,https://www.mlit.go.jp/statistics/details/content/deftsuki_2607.xlsx,PDL1.0,,2020年度基準(2020年度平均=100)。2026年4月分の公表から2020年度基準に改定(原本注)。ウエイト項目に営業余剰や間接税(消費税を含む)等を含めない(原本注)。原本の期間表示「2021年 7-9月」(暦年の四半期)。原本の四半期別では、列ずれのため、この系列のこの期間の値がどの列にも無い(2026-09-26 番人)。月別シートの値はある。
b56811bcf63635d7,JP,index,建設工事費デフレーター（2020年度基準） 四半期別,地方道路公社等,建設総合 > 土木総合 > 公共事業 > 土木1（除く災害復旧） > 道路総合 > 有料道路 > 地方道路公社等,index (2020年度平均 = 100),national,JP,日本,,,,104.7,,index_value,published_pdl,,,2021Q4,,mlit-deflator-tsuki-2607,deftsuki2020（四半期別）!AT33(見出しは右隣の系列。値はこの系列),https://www.mlit.go.jp/statistics/details/content/deftsuki_2607.xlsx,PDL1.0,,2020年度基準(2020年度平均=100)。2026年4月分の公表から2020年度基準に改定(原本注)。ウエイト項目に営業余剰や間接税(消費税を含む)等を含めない(原本注)。原本の期間表示「2021年 10-12月」(暦年の四半期)。原本では1列右の見出しの下にある値。月別シートのこの系列の3か月平均と一致(差 0.00、0.1 以内)を確かめて、この系列に付け直した(2026-09-26 番人。付け直した 800 セルが全部一致)。
ade7ebbace35f5ff,JP,index,建設工事費デフレーター（2020年度基準） 四半期別,道路2（再掲）,建設総合 > 土木総合 > 公共事業 > 土木1（除く災害復旧） > 道路2（再掲）,index (2020年度平均 = 100),national,JP,日本,,,,104.5,,index_value,published_pdl,,,2021Q4,,mlit-deflator-tsuki-2607,deftsuki2020（四半期別）!AU33(見出しは右隣の系列。値はこの系列),https://www.mlit.go.jp/statistics/details/content/deftsuki_2607.xlsx,PDL1.0,,2020年度基準(2020年度平均=100)。2026年4月分の公表から2020年度基準に改定(原本注)。ウエイト項目に営業余剰や間接税(消費税を含む)等を含めない(原本注)。原本の期間表示「2021年 10-12月」(暦年の四半期)。原本では1列右の見出しの下にある値。月別シートのこの系列の3か月平均と一致(差 0.03、0.1 以内)を確かめて、この系列に付け直した(2026-09-26 番人。付け直した 800 セルが全部一致)。
53d0a7720a5fd271,JP,index,建設工事費デフレーター（2020年度基準） 四半期別,街路2（再掲）,建設総合 > 土木総合 > 公共事業 > 土木1（除く災害復旧） > 街路2（再掲）,index (2020年度平均 = 100),national,JP,日本,,,,103.7,,index_value,published_pdl,,,2021Q4,,mlit-deflator-tsuki-2607,deftsuki2020（四半期別）!AV33(見出しは右隣の系列。値はこの系列),https://www.mlit.go.jp/statistics/details/content/deftsuki_2607.xlsx,PDL1.0,,2020年度基準(2020年度平均=100)。2026年4月分の公表から2020年度基準に改定(原本注)。ウエイト項目に営業余剰や間接税(消費税を含む)等を含めない(原本注)。原本の期間表示「2021年 10-12月」(暦年の四半期)。原本では1列右の見出しの下にある値。月別シートのこの系列の3か月平均と一致(差 0.03、0.1 以内)を確かめて、この系列に付け直した(2026-09-26 番人。付け直した 800 セルが全部一致)。
ea9190387cc22fbc,JP,index,建設工事費デフレーター（2020年度基準） 四半期別,公園,建設総合 > 土木総合 > 公共事業 > 土木1（除く災害復旧） > 公園,index (2020年度平均 = 100),national,JP,日本,,,,103.7,,index_value,published_pdl,,,2021Q4,,mlit-deflator-tsuki-2607,deftsuki2020（四半期別）!AW33(見出しは右隣の系列。値はこの系列),https://www.mlit.go.jp/statistics/details/content/deftsuki_2607.xlsx,PDL1.0,,2020年度基準(2020年度平均=100)。2026年4月分の公表から2020年度基準に改定(原本注)。ウエイト項目に営業余剰や間接税(消費税を含む)等を含めない(原本注)。原本の期間表示「2021年 10-12月」(暦年の四半期)。原本では1列右の見出しの下にある値。月別シートのこの系列の3か月平均と一致(差 0.07、0.1 以内)を確かめて、この系列に付け直した(2026-09-26 番人。付け直した 800 セルが全部一致)。
3cdbe72eda37cc94,JP,index,建設工事費デフレーター（2020年度基準） 四半期別,下水道,建設総合 > 土木総合 > 公共事業 > 土木1（除く災害復旧） > 下水道,index (2020年度平均 = 100),national,JP,日本,,,,103.4,,index_value,published_pdl,,,2021Q4,,mlit-deflator-tsuki-2607,deftsuki2020（四半期別）!AX33(見出しは右隣の系列。値はこの系列),https://www.mlit.go.jp/statistics/details/content/deftsuki_2607.xlsx,PDL1.0,,2020年度基準(2020年度平均=100)。2026年4月分の公表から2020年度基準に改定(原本注)。ウエイト項目に営業余剰や間接税(消費税を含む)等を含めない(原本注)。原本の期間表示「2021年 10-12月」(暦年の四半期)。原本では1列右の見出しの下にある値。月別シートのこの系列の3か月平均と一致(差 0.03、0.1 以内)を確かめて、この系列に付け直した(2026-09-26 番人。付け直した 800 セルが全部一致)。
5b52eb18eb612b77,JP,index,建設工事費デフレーター（2020年度基準） 四半期別,災害復旧,建設総合 > 土木総合 > 公共事業 > 土木1（除く災害復旧） > 災害復旧,index (2020年度平均 = 100),national,JP,日本,,,,103.2,,index_value,published_pdl,,,2021Q4,,mlit-deflator-tsuki-2607,deftsuki2020（四半期別）!AY33(見出しは右隣の系列。値はこの系列),https://www.mlit.go.jp/statistics/details/content/deftsuki_2607.xlsx,PDL1.0,,2020年度基準(2020年度平均=100)。2026年4月分の公表から2020年度基準に改定(原本注)。ウエイト項目に営業余剰や間接税(消費税を含む)等を含めない(原本注)。原本の期間表示「2021年 10-12月」(暦年の四半期)。原本では1列右の見出しの下にある値。月別シートのこの系列の3か月平均と一致(差 0.03、0.1 以内)を確かめて、この系列に付け直した(2026-09-26 番人。付け直した 800 セルが全部一致)。
3e1c06275e1f302e,JP,index,建設工事費デフレーター（2020年度基準） 四半期別,土木2,建設総合 > 土木総合 > 公共事業 > 土木2,index (2020年度平均 = 100),national,JP,日本,,,,104.3,,index_value,published_pdl,,,2021Q4,,mlit-deflator-tsuki-2607,deftsuki2020（四半期別）!AZ33(見出しは右隣の系列。値はこの系列),https://www.mlit.go.jp/statistics/details/content/deftsuki_2607.xlsx,PDL1.0,,2020年度基準(2020年度平均=100)。2026年4月分の公表から2020年度基準に改定(原本注)。ウエイト項目に営業余剰や間接税(消費税を含む)等を含めない(原本注)。原本の期間表示「2021年 10-12月」(暦年の四半期)。原本では1列右の見出しの下にある値。月別シートのこの系列の3か月平均と一致(差 0.03、0.1 以内)を確かめて、この系列に付け直した(2026-09-26 番人。付け直した 800 セルが全部一致)。
a4591467715bbf8b,JP,index,建設工事費デフレーター（2020年度基準） 四半期別,港湾・漁港,建設総合 > 土木総合 > 公共事業 > 土木2 > 港湾・漁港,index (2020年度平均 = 100),national,JP,日本,,,,104.1,,index_value,published_pdl,,,2021Q4,,mlit-deflator-tsuki-2607,deftsuki2020（四半期別）!BA33(見出しは右隣の系列。値はこの系列),https://www.mlit.go.jp/statistics/details/content/deftsuki_2607.xlsx,PDL1.0,,2020年度基準(2020年度平均=100)。2026年4月分の公表から2020年度基準に改定(原本注)。ウエイト項目に営業余剰や間接税(消費税を含む)等を含めない(原本注)。原本の期間表示「2021年 10-12月」(暦年の四半期)。原本では1列右の見出しの下にある値。月別シートのこの系列の3か月平均と一致(差 0.07、0.1 以内)を確かめて、この系列に付け直した(2026-09-26 番人。付け直した 800 セルが全部一致)。
a5d9c974af71980e,JP,index,建設工事費デフレーター（2020年度基準） 四半期別,空港,建設総合 > 土木総合 > 公共事業 > 土木2 > 空港,index (2020年度平均 = 100),national,JP,日本,,,,102.8,,index_value,published_pdl,,,2021Q4,,mlit-deflator-tsuki-2607,deftsuki2020（四半期別）!BB33(見出しは右隣の系列。値はこの系列),https://www.mlit.go.jp/statistics/details/content/deftsuki_2607.xlsx,PDL1.0,,2020年度基準(2020年度平均=100)。2026年4月分の公表から2020年度基準に改定(原本注)。ウエイト項目に営業余剰や間接税(消費税を含む)等を含めない(原本注)。原本の期間表示「2021年 10-12月」(暦年の四半期)。原本では1列右の見出しの下にある値。月別シートのこの系列の3か月平均と一致(差 0.03、0.1 以内)を確かめて、この系列に付け直した(2026-09-26 番人。付け直した 800 セルが全部一致)。
01d847010c4fe6a0,JP,index,建設工事費デフレーター（2020年度基準） 四半期別,環境衛生,建設総合 > 土木総合 > 公共事業 > 土木2 > 環境衛生,index (2020年度平均 = 100),national,JP,日本,,,,105.3,,index_value,published_pdl,,,2021Q4,,mlit-deflator-tsuki-2607,deftsuki2020（四半期別）!BC33(見出しは右隣の系列。値はこの系列),https://www.mlit.go.jp/statistics/details/content/deftsuki_2607.xlsx,PDL1.0,,2020年度基準(2020年度平均=100)。2026年4月分の公表から2020年度基準に改定(原本注)。ウエイト項目に営業余剰や間接税(消費税を含む)等を含めない(原本注)。原本の期間表示「2021年 10-12月」(暦年の四半期)。原本では1列右の見出しの下にある値。月別シートのこの系列の3か月平均と一致(差 0.07、0.1 以内)を確かめて、この系列に付け直した(2026-09-26 番人。付け直した 800 セルが全部一致)。
30ffa4e90e92c334,JP,index,建設工事費デフレーター（2020年度基準） 四半期別,農林関係公共事業,建設総合 > 土木総合 > 公共事業 > 土木2 > 農林関係公共事業,index (2020年度平均 = 100),national,JP,日本,,,,104.4,,index_value,published_pdl,,,2021Q4,,mlit-deflator-tsuki-2607,deftsuki2020（四半期別）!BD33(見出しは右隣の系列。値はこの系列),https://www.mlit.go.jp/statistics/details/content/deftsuki_2607.xlsx,PDL1.0,,2020年度基準(2020年度平均=100)。2026年4月分の公表から2020年度基準に改定(原本注)。ウエイト項目に営業余剰や間接税(消費税を含む)等を含めない(原本注)。原本の期間表示「2021年 10-12月」(暦年の四半期)。原本では1列右の見出しの下にある値。月別シートのこの系列の3か月平均と一致(差 0.03、0.1 以内)を確かめて、この系列に付け直した(2026-09-26 番人。付け直した 800 セルが全部一致)。
a721d5f027c5362b,JP,index,建設工事費デフレーター（2020年度基準） 四半期別,その他土木,建設総合 > 土木総合 > その他土木 (原本の列 BD。同じ表頭の列が2つある),index (2020年度平均 = 100),national,JP,日本,,,,104.9,,index_value,published_pdl,,,2021Q4,,mlit-deflator-tsuki-2607,deftsuki2020（四半期別）!BE33(見出しは右隣の系列。値はこの系列),https://www.mlit.go.jp/statistics/details/content/deftsuki_2607.xlsx,PDL1.0,,2020年度基準(2020年度平均=100)。2026年4月分の公表から2020年度基準に改定(原本注)。ウエイト項目に営業余剰や間接税(消費税を含む)等を含めない(原本注)。原本の期間表示「2021年 10-12月」(暦年の四半期)。原本では1列右の見出しの下にある値。月別シートのこの系列の3か月平均と一致(差 0.07、0.1 以内)を確かめて、この系列に付け直した(2026-09-26 番人。付け直した 800 セルが全部一致)。
574177be9aca1871,JP,index,建設工事費デフレーター（2020年度基準） 四半期別,鉄道軌道,建設総合 > 土木総合 > その他土木 > 鉄道軌道,index (2020年度平均 = 100),national,JP,日本,,,,106.5,,index_value,published_pdl,,,2021Q4,,mlit-deflator-tsuki-2607,deftsuki2020（四半期別）!BF33(見出しは右隣の系列。値はこの系列),https://www.mlit.go.jp/statistics/details/content/deftsuki_2607.xlsx,PDL1.0,,2020年度基準(2020年度平均=100)。2026年4月分の公表から2020年度基準に改定(原本注)。ウエイト項目に営業余剰や間接税(消費税を含む)等を含めない(原本注)。原本の期間表示「2021年 10-12月」(暦年の四半期)。原本では1列右の見出しの下にある値。月別シートのこの系列の3か月平均と一致(差 0.03、0.1 以内)を確かめて、この系列に付け直した(2026-09-26 番人。付け直した 800 セルが全部一致)。
690f55fd2c82685c,JP,index,建設工事費デフレーター（2020年度基準） 四半期別,電力,建設総合 > 土木総合 > その他土木 > 電力,index (2020年度平均 = 100),national,JP,日本,,,,105.3,,index_value,published_pdl,,,2021Q4,,mlit-deflator-tsuki-2607,deftsuki2020（四半期別）!BG33(見出しは右隣の系列。値はこの系列),https://www.mlit.go.jp/statistics/details/content/deftsuki_2607.xlsx,PDL1.0,,2020年度基準(2020年度平均=100)。2026年4月分の公表から2020年度基準に改定(原本注)。ウエイト項目に営業余剰や間接税(消費税を含む)等を含めない(原本注)。原本の期間表示「2021年 10-12月」(暦年の四半期)。原本では1列右の見出しの下にある値。月別シートのこの系列の3か月平均と一致(差 0.00、0.1 以内)を確かめて、この系列に付け直した(2026-09-26 番人。付け直した 800 セルが全部一致)。
6dba610bec0045a1,JP,index,建設工事費デフレーター（2020年度基準） 四半期別,電気通信,建設総合 > 土木総合 > その他土木 > 電気通信,index (2020年度平均 = 100),national,JP,日本,,,,103.9,,index_value,published_pdl,,,2021Q4,,mlit-deflator-tsuki-2607,deftsuki2020（四半期別）!BH33(見出しは右隣の系列。値はこの系列),https://www.mlit.go.jp/statistics/details/content/deftsuki_2607.xlsx,PDL1.0,,2020年度基準(2020年度平均=100)。2026年4月分の公表から2020年度基準に改定(原本注)。ウエイト項目に営業余剰や間接税(消費税を含む)等を含めない(原本注)。原本の期間表示「2021年 10-12月」(暦年の四半期)。原本では1列右の見出しの下にある値。月別シートのこの系列の3か月平均と一致(差 0.07、0.1 以内)を確かめて、この系列に付け直した(2026-09-26 番人。付け直した 800 セルが全部一致)。
3c3a17f84339dd76,JP,index,建設工事費デフレーター（2020年度基準） 四半期別,上・工業用水道,建設総合 > 土木総合 > その他土木 > 上・工業用水道,index (2020年度平均 = 100),national,JP,日本,,,,103.8,,index_value,published_pdl,,,2021Q4,,mlit-deflator-tsuki-2607,deftsuki2020（四半期別）!BI33(見出しは右隣の系列。値はこの系列),https://www.mlit.go.jp/statistics/details/content/deftsuki_2607.xlsx,PDL1.0,,2020年度基準(2020年度平均=100)。2026年4月分の公表から2020年度基準に改定(原本注)。ウエイト項目に営業余剰や間接税(消費税を含む)等を含めない(原本注)。原本の期間表示「2021年 10-12月」(暦年の四半期)。原本では1列右の見出しの下にある値。月別シートのこの系列の3か月平均と一致(差 0.07、0.1 以内)を確かめて、この系列に付け直した(2026-09-26 番人。付け直した 800 セルが全部一致)。
5f35ce7842f33951,JP,index,建設工事費デフレーター（2020年度基準） 四半期別,土地造成,建設総合 > 土木総合 > その他土木 > 土地造成,index (2020年度平均 = 100),national,JP,日本,,,,103.6,,index_value,published_pdl,,,2021Q4,,mlit-deflator-tsuki-2607,deftsuki2020（四半期別）!BJ33(見出しは右隣の系列。値はこの系列),https://www.mlit.go.jp/statistics/details/content/deftsuki_2607.xlsx,PDL1.0,,2020年度基準(2020年度平均=100)。2026年4月分の公表から2020年度基準に改定(原本注)。ウエイト項目に営業余剰や間接税(消費税を含む)等を含めない(原本注)。原本の期間表示「2021年 10-12月」(暦年の四半期)。原本では1列右の見出しの下にある値。月別シートのこの系列の3か月平均と一致(差 0.03、0.1 以内)を確かめて、この系列に付け直した(2026-09-26 番人。付け直した 800 セルが全部一致)。
64769c4279b74011,JP,index,建設工事費デフレーター（2020年度基準） 四半期別,その他土木,建設総合 > 土木総合 > その他土木 (原本の列 BJ。同じ表頭の列が2つある),index (2020年度平均 = 100),national,JP,日本,,,,104.3,,index_value,published_pdl,,,2021Q4,,mlit-deflator-tsuki-2607,deftsuki2020（四半期別）!BK33(見出しは右隣の系列。値はこの系列),https://www.mlit.go.jp/statistics/details/content/deftsuki_2607.xlsx,PDL1.0,,2020年度基準(2020年度平均=100)。2026年4月分の公表から2020年度基準に改定(原本注)。ウエイト項目に営業余剰や間接税(消費税を含む)等を含めない(原本注)。原本の期間表示「2021年 10-12月」(暦年の四半期)。原本では1列右の見出しの下にある値。月別シートのこの系列の3か月平均と一致(差 0.07、0.1 以内)を確かめて、この系列に付け直した(2026-09-26 番人。付け直した 800 セルが全部一致)。
0b139f1c37119d5f,JP,index,建設工事費デフレーター（2020年度基準） 四半期別,W在来住宅,W在来住宅,index (2020年度平均 = 100),national,JP,日本,,,,113.3,,index_value,published_pdl,,,2021Q4,,mlit-deflator-tsuki-2607,deftsuki2020（四半期別）!BL33(見出しは右隣の系列。値はこの系列),https://www.mlit.go.jp/statistics/details/content/deftsuki_2607.xlsx,PDL1.0,,2020年度基準(2020年度平均=100)。2026年4月分の公表から2020年度基準に改定(原本注)。ウエイト項目に営業余剰や間接税(消費税を含む)等を含めない(原本注)。原本の期間表示「2021年 10-12月」(暦年の四半期)。原本では1列右の見出しの下にある値。月別シートのこの系列の3か月平均と一致(差 0.03、0.1 以内)を確かめて、この系列に付け直した(2026-09-26 番人。付け直した 800 セルが全部一致)。
a43dc34ca3af549b,JP,index,建設工事費デフレーター（2020年度基準） 四半期別,W量産住宅,W量産住宅,index (2020年度平均 = 100),national,JP,日本,,,,118.8,,index_value,published_pdl,,,2021Q4,,mlit-deflator-tsuki-2607,deftsuki2020（四半期別）!BM33(見出しは右隣の系列。値はこの系列),https://www.mlit.go.jp/statistics/details/content/deftsuki_2607.xlsx,PDL1.0,,2020年度基準(2020年度平均=100)。2026年4月分の公表から2020年度基準に改定(原本注)。ウエイト項目に営業余剰や間接税(消費税を含む)等を含めない(原本注)。原本の期間表示「2021年 10-12月」(暦年の四半期)。原本では1列右の見出しの下にある値。月別シートのこの系列の3か月平均と一致(差 0.03、0.1 以内)を確かめて、この系列に付け直した(2026-09-26 番人。付け直した 800 セルが全部一致)。
669d9405db8ac1ec,JP,index,建設工事費デフレーター（2020年度基準） 四半期別,RC在来住宅,RC在来住宅,index (2020年度平均 = 100),national,JP,日本,,,,106.4,,index_value,published_pdl,,,2021Q4,,mlit-deflator-tsuki-2607,deftsuki2020（四半期別）!BN33(見出しは右隣の系列。値はこの系列),https://www.mlit.go.jp/statistics/details/content/deftsuki_2607.xlsx,PDL1.0,,2020年度基準(2020年度平均=100)。2026年4月分の公表から2020年度基準に改定(原本注)。ウエイト項目に営業余剰や間接税(消費税を含む)等を含めない(原本注)。原本の期間表示「2021年 10-12月」(暦年の四半期)。原本では1列右の見出しの下にある値。月別シートのこの系列の3か月平均と一致(差 0.00、0.1 以内)を確かめて、この系列に付け直した(2026-09-26 番人。付け直した 800 セルが全部一致)。
a0b69a41b104f660,JP,index,建設工事費デフレーター（2020年度基準） 四半期別,RC量産住宅,RC量産住宅,index (2020年度平均 = 100),national,JP,日本,,,,107.6,,index_value,published_pdl,,,2021Q4,,mlit-deflator-tsuki-2607,deftsuki2020（四半期別）!BO33(見出しは右隣の系列。値はこの系列),https://www.mlit.go.jp/statistics/details/content/deftsuki_2607.xlsx,PDL1.0,,2020年度基準(2020年度平均=100)。2026年4月分の公表から2020年度基準に改定(原本注)。ウエイト項目に営業余剰や間接税(消費税を含む)等を含めない(原本注)。原本の期間表示「2021年 10-12月」(暦年の四半期)。原本では1列右の見出しの下にある値。月別シートのこの系列の3か月平均と一致(差 0.00、0.1 以内)を確かめて、この系列に付け直した(2026-09-26 番人。付け直した 800 セルが全部一致)。
832fef6d6196875a,JP,index,建設工事費デフレーター（2020年度基準） 四半期別,S在来住宅,S在来住宅,index (2020年度平均 = 100),national,JP,日本,,,,105.7,,index_value,published_pdl,,,2021Q4,,mlit-deflator-tsuki-2607,deftsuki2020（四半期別）!BP33(見出しは右隣の系列。値はこの系列),https://www.mlit.go.jp/statistics/details/content/deftsuki_2607.xlsx,PDL1.0,,2020年度基準(2020年度平均=100)。2026年4月分の公表から2020年度基準に改定(原本注)。ウエイト項目に営業余剰や間接税(消費税を含む)等を含めない(原本注)。原本の期間表示「2021年 10-12月」(暦年の四半期)。原本では1列右の見出しの下にある値。月別シートのこの系列の3か月平均と一致(差 0.03、0.1 以内)を確かめて、この系列に付け直した(2026-09-26 番人。付け直した 800 セルが全部一致)。
52c7d63f8ad39dd5,JP,index,建設工事費デフレーター（2020年度基準） 四半期別,S量産住宅,S量産住宅,index (2020年度平均 = 100),national,JP,日本,,,,112.8,,index_value,published_pdl,,,2021Q4,,mlit-deflator-tsuki-2607,deftsuki2020（四半期別）!BQ33(見出しは右隣の系列。値はこの系列),https://www.mlit.go.jp/statistics/details/content/deftsuki_2607.xlsx,PDL1.0,,2020年度基準(2020年度平均=100)。2026年4月分の公表から2020年度基準に改定(原本注)。ウエイト項目に営業余剰や間接税(消費税を含む)等を含めない(原本注)。原本の期間表示「2021年 10-12月」(暦年の四半期)。原本では1列右の見出しの下にある値。月別シートのこの系列の3か月平均と一致(差 0.03、0.1 以内)を確かめて、この系列に付け直した(2026-09-26 番人。付け直した 800 セルが全部一致)。
fffe4a8bbac0c468,JP,index,建設工事費デフレーター（2020年度基準） 四半期別,W工場・倉庫,W工場・倉庫,index (2020年度平均 = 100),national,JP,日本,,,,108.8,,index_value,published_pdl,,,2021Q4,,mlit-deflator-tsuki-2607,deftsuki2020（四半期別）!BR33(見出しは右隣の系列。値はこの系列),https://www.mlit.go.jp/statistics/details/content/deftsuki_2607.xlsx,PDL1.0,,2020年度基準(2020年度平均=100)。2026年4月分の公表から2020年度基準に改定(原本注)。ウエイト項目に営業余剰や間接税(消費税を含む)等を含めない(原本注)。原本の期間表示「2021年 10-12月」(暦年の四半期)。原本では1列右の見出しの下にある値。月別シートのこの系列の3か月平均と一致(差 0.00、0.1 以内)を確かめて、この系列に付け直した(2026-09-26 番人。付け直した 800 セルが全部一致)。
d2ad74f52c350435,JP,index,建設工事費デフレーター（2020年度基準） 四半期別,W事務所・その他,W事務所・その他,index (2020年度平均 = 100),national,JP,日本,,,,109.8,,index_value,published_pdl,,,2021Q4,,mlit-deflator-tsuki-2607,deftsuki2020（四半期別）!BS33(見出しは右隣の系列。値はこの系列),https://www.mlit.go.jp/statistics/details/content/deftsuki_2607.xlsx,PDL1.0,,2020年度基準(2020年度平均=100)。2026年4月分の公表から2020年度基準に改定(原本注)。ウエイト項目に営業余剰や間接税(消費税を含む)等を含めない(原本注)。原本の期間表示「2021年 10-12月」(暦年の四半期)。原本では1列右の見出しの下にある値。月別シートのこの系列の3か月平均と一致(差 0.00、0.1 以内)を確かめて、この系列に付け直した(2026-09-26 番人。付け直した 800 セルが全部一致)。
341099c2cd07f421,JP,index,建設工事費デフレーター（2020年度基準） 四半期別,SRC工場・倉庫,SRC工場・倉庫,index (2020年度平均 = 100),national,JP,日本,,,,104.3,,index_value,published_pdl,,,2021Q4,,mlit-deflator-tsuki-2607,deftsuki2020（四半期別）!BT33(見出しは右隣の系列。値はこの系列),https://www.mlit.go.jp/statistics/details/content/deftsuki_2607.xlsx,PDL1.0,,2020年度基準(2020年度平均=100)。2026年4月分の公表から2020年度基準に改定(原本注)。ウエイト項目に営業余剰や間接税(消費税を含む)等を含めない(原本注)。原本の期間表示「2021年 10-12月」(暦年の四半期)。原本では1列右の見出しの下にある値。月別シートのこの系列の3か月平均と一致(差 0.03、0.1 以内)を確かめて、この系列に付け直した(2026-09-26 番人。付け直した 800 セルが全部一致)。
34d4cddbcdc0f87a,JP,index,建設工事費デフレーター（2020年度基準） 四半期別,SRC事務所・その他,SRC事務所・その他,index (2020年度平均 = 100),national,JP,日本,,,,104.5,,index_value,published_pdl,,,2021Q4,,mlit-deflator-tsuki-2607,deftsuki2020（四半期別）!BU33(見出しは右隣の系列。値はこの系列),https://www.mlit.go.jp/statistics/details/content/deftsuki_2607.xlsx,PDL1.0,,2020年度基準(2020年度平均=100)。2026年4月分の公表から2020年度基準に改定(原本注)。ウエイト項目に営業余剰や間接税(消費税を含む)等を含めない(原本注)。原本の期間表示「2021年 10-12月」(暦年の四半期)。原本では1列右の見出しの下にある値。月別シートのこの系列の3か月平均と一致(差 0.03、0.1 以内)を確かめて、この系列に付け直した(2026-09-26 番人。付け直した 800 セルが全部一致)。
264326fdf587d718,JP,index,建設工事費デフレーター（2020年度基準） 四半期別,RC工場・倉庫,RC工場・倉庫,index (2020年度平均 = 100),national,JP,日本,,,,104.6,,index_value,published_pdl,,,2021Q4,,mlit-deflator-tsuki-2607,deftsuki2020（四半期別）!BV33(見出しは右隣の系列。値はこの系列),https://www.mlit.go.jp/statistics/details/content/deftsuki_2607.xlsx,PDL1.0,,2020年度基準(2020年度平均=100)。2026年4月分の公表から2020年度基準に改定(原本注)。ウエイト項目に営業余剰や間接税(消費税を含む)等を含めない(原本注)。原本の期間表示「2021年 10-12月」(暦年の四半期)。原本では1列右の見出しの下にある値。月別シートのこの系列の3か月平均と一致(差 0.03、0.1 以内)を確かめて、この系列に付け直した(2026-09-26 番人。付け直した 800 セルが全部一致)。
1d3786bebf135388,JP,index,建設工事費デフレーター（2020年度基準） 四半期別,RC学校,RC学校,index (2020年度平均 = 100),national,JP,日本,,,,106,,index_value,published_pdl,,,2021Q4,,mlit-deflator-tsuki-2607,deftsuki2020（四半期別）!BW33(見出しは右隣の系列。値はこの系列),https://www.mlit.go.jp/statistics/details/content/deftsuki_2607.xlsx,PDL1.0,,2020年度基準(2020年度平均=100)。2026年4月分の公表から2020年度基準に改定(原本注)。ウエイト項目に営業余剰や間接税(消費税を含む)等を含めない(原本注)。原本の期間表示「2021年 10-12月」(暦年の四半期)。原本では1列右の見出しの下にある値。月別シートのこの系列の3か月平均と一致(差 0.00、0.1 以内)を確かめて、この系列に付け直した(2026-09-26 番人。付け直した 800 セルが全部一致)。
007d12ab54c5c5f6,JP,index,建設工事費デフレーター（2020年度基準） 四半期別,RC事務所・その他,RC事務所・その他,index (2020年度平均 = 100),national,JP,日本,,,,105.5,,index_value,published_pdl,,,2021Q4,,mlit-deflator-tsuki-2607,deftsuki2020（四半期別）!BX33(見出しは右隣の系列。値はこの系列),https://www.mlit.go.jp/statistics/details/content/deftsuki_2607.xlsx,PDL1.0,,2020年度基準(2020年度平均=100)。2026年4月分の公表から2020年度基準に改定(原本注)。ウエイト項目に営業余剰や間接税(消費税を含む)等を含めない(原本注)。原本の期間表示「2021年 10-12月」(暦年の四半期)。原本では1列右の見出しの下にある値。月別シートのこの系列の3か月平均と一致(差 0.03、0.1 以内)を確かめて、この系列に付け直した(2026-09-26 番人。付け直した 800 セルが全部一致)。
2e693a0adc8f1e53,JP,index,建設工事費デフレーター（2020年度基準） 四半期別,S工場・倉庫,S工場・倉庫,index (2020年度平均 = 100),national,JP,日本,,,,104.3,,index_value,published_pdl,,,2021Q4,,mlit-deflator-tsuki-2607,deftsuki2020（四半期別）!BY33(見出しは右隣の系列。値はこの系列),https://www.mlit.go.jp/statistics/details/content/deftsuki_2607.xlsx,PDL1.0,,2020年度基準(2020年度平均=100)。2026年4月分の公表から2020年度基準に改定(原本注)。ウエイト項目に営業余剰や間接税(消費税を含む)等を含めない(原本注)。原本の期間表示「2021年 10-12月」(暦年の四半期)。原本では1列右の見出しの下にある値。月別シートのこの系列の3か月平均と一致(差 0.03、0.1 以内)を確かめて、この系列に付け直した(2026-09-26 番人。付け直した 800 セルが全部一致)。
a6e886e9610e450c,JP,index,建設工事費デフレーター（2020年度基準） 四半期別,S事務所・その他,S事務所・その他,index (2020年度平均 = 100),national,JP,日本,,,,,,index_value,not_set,,,2021Q4,,mlit-deflator-tsuki-2607,,https://www.mlit.go.jp/statistics/details/content/deftsuki_2607.xlsx,PDL1.0,,2020年度基準(2020年度平均=100)。2026年4月分の公表から2020年度基準に改定(原本注)。ウエイト項目に営業余剰や間接税(消費税を含む)等を含めない(原本注)。原本の期間表示「2021年 10-12月」(暦年の四半期)。原本の四半期別では、列ずれのため、この系列のこの期間の値がどの列にも無い(2026-09-26 番人)。月別シートの値はある。
0b55ed875dd57d90,JP,index,建設工事費デフレーター（2020年度基準） 四半期別,地方道路公社等,建設総合 > 土木総合 > 公共事業 > 土木1（除く災害復旧） > 道路総合 > 有料道路 > 地方道路公社等,index (2020年度平均 = 100),national,JP,日本,,,,106.9,,index_value,published_pdl,,,2022Q1,,mlit-deflator-tsuki-2607,deftsuki2020（四半期別）!AT34(見出しは右隣の系列。値はこの系列),https://www.mlit.go.jp/statistics/details/content/deftsuki_2607.xlsx,PDL1.0,,2020年度基準(2020年度平均=100)。2026年4月分の公表から2020年度基準に改定(原本注)。ウエイト項目に営業余剰や間接税(消費税を含む)等を含めない(原本注)。原本の期間表示「2022年 1-3月」(暦年の四半期)。原本では1列右の見出しの下にある値。月別シートのこの系列の3か月平均と一致(差 0.03、0.1 以内)を確かめて、この系列に付け直した(2026-09-26 番人。付け直した 800 セルが全部一致)。
155cf4e051fba183,JP,index,建設工事費デフレーター（2020年度基準） 四半期別,道路2（再掲）,建設総合 > 土木総合 > 公共事業 > 土木1（除く災害復旧） > 道路2（再掲）,index (2020年度平均 = 100),national,JP,日本,,,,106.6,,index_value,published_pdl,,,2022Q1,,mlit-deflator-tsuki-2607,deftsuki2020（四半期別）!AU34(見出しは右隣の系列。値はこの系列),https://www.mlit.go.jp/statistics/details/content/deftsuki_2607.xlsx,PDL1.0,,2020年度基準(2020年度平均=100)。2026年4月分の公表から2020年度基準に改定(原本注)。ウエイト項目に営業余剰や間接税(消費税を含む)等を含めない(原本注)。原本の期間表示「2022年 1-3月」(暦年の四半期)。原本では1列右の見出しの下にある値。月別シートのこの系列の3か月平均と一致(差 0.03、0.1 以内)を確かめて、この系列に付け直した(2026-09-26 番人。付け直した 800 セルが全部一致)。
b69397b39c958d74,JP,index,建設工事費デフレーター（2020年度基準） 四半期別,街路2（再掲）,建設総合 > 土木総合 > 公共事業 > 土木1（除く災害復旧） > 街路2（再掲）,index (2020年度平均 = 100),national,JP,日本,,,,105.8,,index_value,published_pdl,,,2022Q1,,mlit-deflator-tsuki-2607,deftsuki2020（四半期別）!AV34(見出しは右隣の系列。値はこの系列),https://www.mlit.go.jp/statistics/details/content/deftsuki_2607.xlsx,PDL1.0,,2020年度基準(2020年度平均=100)。2026年4月分の公表から2020年度基準に改定(原本注)。ウエイト項目に営業余剰や間接税(消費税を含む)等を含めない(原本注)。原本の期間表示「2022年 1-3月」(暦年の四半期)。原本では1列右の見出しの下にある値。月別シートのこの系列の3か月平均と一致(差 0.07、0.1 以内)を確かめて、この系列に付け直した(2026-09-26 番人。付け直した 800 セルが全部一致)。
155fdcb78b08e3b3,JP,index,建設工事費デフレーター（2020年度基準） 四半期別,公園,建設総合 > 土木総合 > 公共事業 > 土木1（除く災害復旧） > 公園,index (2020年度平均 = 100),national,JP,日本,,,,105.6,,index_value,published_pdl,,,2022Q1,,mlit-deflator-tsuki-2607,deftsuki2020（四半期別）!AW34(見出しは右隣の系列。値はこの系列),https://www.mlit.go.jp/statistics/details/content/deftsuki_2607.xlsx,PDL1.0,,2020年度基準(2020年度平均=100)。2026年4月分の公表から2020年度基準に改定(原本注)。ウエイト項目に営業余剰や間接税(消費税を含む)等を含めない(原本注)。原本の期間表示「2022年 1-3月」(暦年の四半期)。原本では1列右の見出しの下にある値。月別シートのこの系列の3か月平均と一致(差 0.00、0.1 以内)を確かめて、この系列に付け直した(2026-09-26 番人。付け直した 800 セルが全部一致)。
2939ca7d33b71aa9,JP,index,建設工事費デフレーター（2020年度基準） 四半期別,下水道,建設総合 > 土木総合 > 公共事業 > 土木1（除く災害復旧） > 下水道,index (2020年度平均 = 100),national,JP,日本,,,,105.6,,index_value,published_pdl,,,2022Q1,,mlit-deflator-tsuki-2607,deftsuki2020（四半期別）!AX34(見出しは右隣の系列。値はこの系列),https://www.mlit.go.jp/statistics/details/content/deftsuki_2607.xlsx,PDL1.0,,2020年度基準(2020年度平均=100)。2026年4月分の公表から2020年度基準に改定(原本注)。ウエイト項目に営業余剰や間接税(消費税を含む)等を含めない(原本注)。原本の期間表示「2022年 1-3月」(暦年の四半期)。原本では1列右の見出しの下にある値。月別シートのこの系列の3か月平均と一致(差 0.03、0.1 以内)を確かめて、この系列に付け直した(2026-09-26 番人。付け直した 800 セルが全部一致)。
934e7f02b851e714,JP,index,建設工事費デフレーター（2020年度基準） 四半期別,災害復旧,建設総合 > 土木総合 > 公共事業 > 土木1（除く災害復旧） > 災害復旧,index (2020年度平均 = 100),national,JP,日本,,,,104.9,,index_value,published_pdl,,,2022Q1,,mlit-deflator-tsuki-2607,deftsuki2020（四半期別）!AY34(見出しは右隣の系列。値はこの系列),https://www.mlit.go.jp/statistics/details/content/deftsuki_2607.xlsx,PDL1.0,,2020年度基準(2020年度平均=100)。2026年4月分の公表から2020年度基準に改定(原本注)。ウエイト項目に営業余剰や間接税(消費税を含む)等を含めない(原本注)。原本の期間表示「2022年 1-3月」(暦年の四半期)。原本では1列右の見出しの下にある値。月別シートのこの系列の3か月平均と一致(差 0.03、0.1 以内)を確かめて、この系列に付け直した(2026-09-26 番人。付け直した 800 セルが全部一致)。
941870c942733ecf,JP,index,建設工事費デフレーター（2020年度基準） 四半期別,土木2,建設総合 > 土木総合 > 公共事業 > 土木2,index (2020年度平均 = 100),national,JP,日本,,,,106.4,,index_value,published_pdl,,,2022Q1,,mlit-deflator-tsuki-2607,deftsuki2020（四半期別）!AZ34(見出しは右隣の系列。値はこの系列),https://www.mlit.go.jp/statistics/details/content/deftsuki_2607.xlsx,PDL1.0,,2020年度基準(2020年度平均=100)。2026年4月分の公表から2020年度基準に改定(原本注)。ウエイト項目に営業余剰や間接税(消費税を含む)等を含めない(原本注)。原本の期間表示「2022年 1-3月」(暦年の四半期)。原本では1列右の見出しの下にある値。月別シートのこの系列の3か月平均と一致(差 0.03、0.1 以内)を確かめて、この系列に付け直した(2026-09-26 番人。付け直した 800 セルが全部一致)。
90a4cfb123be5c3d,JP,index,建設工事費デフレーター（2020年度基準） 四半期別,港湾・漁港,建設総合 > 土木総合 > 公共事業 > 土木2 > 港湾・漁港,index (2020年度平均 = 100),national,JP,日本,,,,106.1,,index_value,published_pdl,,,2022Q1,,mlit-deflator-tsuki-2607,deftsuki2020（四半期別）!BA34(見出しは右隣の系列。値はこの系列),https://www.mlit.go.jp/statistics/details/content/deftsuki_2607.xlsx,PDL1.0,,2020年度基準(2020年度平均=100)。2026年4月分の公表から2020年度基準に改定(原本注)。ウエイト項目に営業余剰や間接税(消費税を含む)等を含めない(原本注)。原本の期間表示「2022年 1-3月」(暦年の四半期)。原本では1列右の見出しの下にある値。月別シートのこの系列の3か月平均と一致(差 0.03、0.1 以内)を確かめて、この系列に付け直した(2026-09-26 番人。付け直した 800 セルが全部一致)。
45e50eb59d2fa0c5,JP,index,建設工事費デフレーター（2020年度基準） 四半期別,空港,建設総合 > 土木総合 > 公共事業 > 土木2 > 空港,index (2020年度平均 = 100),national,JP,日本,,,,104.9,,index_value,published_pdl,,,2022Q1,,mlit-deflator-tsuki-2607,deftsuki2020（四半期別）!BB34(見出しは右隣の系列。値はこの系列),https://www.mlit.go.jp/statistics/details/content/deftsuki_2607.xlsx,PDL1.0,,2020年度基準(2020年度平均=100)。2026年4月分の公表から2020年度基準に改定(原本注)。ウエイト項目に営業余剰や間接税(消費税を含む)等を含めない(原本注)。原本の期間表示「2022年 1-3月」(暦年の四半期)。原本では1列右の見出しの下にある値。月別シートのこの系列の3か月平均と一致(差 0.00、0.1 以内)を確かめて、この系列に付け直した(2026-09-26 番人。付け直した 800 セルが全部一致)。
8f325bf789f864d6,JP,index,建設工事費デフレーター（2020年度基準） 四半期別,環境衛生,建設総合 > 土木総合 > 公共事業 > 土木2 > 環境衛生,index (2020年度平均 = 100),national,JP,日本,,,,107.4,,index_value,published_pdl,,,2022Q1,,mlit-deflator-tsuki-2607,deftsuki2020（四半期別）!BC34(見出しは右隣の系列。値はこの系列),https://www.mlit.go.jp/statistics/details/content/deftsuki_2607.xlsx,PDL1.0,,2020年度基準(2020年度平均=100)。2026年4月分の公表から2020年度基準に改定(原本注)。ウエイト項目に営業余剰や間接税(消費税を含む)等を含めない(原本注)。原本の期間表示「2022年 1-3月」(暦年の四半期)。原本では1列右の見出しの下にある値。月別シートのこの系列の3か月平均と一致(差 0.07、0.1 以内)を確かめて、この系列に付け直した(2026-09-26 番人。付け直した 800 セルが全部一致)。
956469d3b76bd7e6,JP,index,建設工事費デフレーター（2020年度基準） 四半期別,農林関係公共事業,建設総合 > 土木総合 > 公共事業 > 土木2 > 農林関係公共事業,index (2020年度平均 = 100),national,JP,日本,,,,106.6,,index_value,published_pdl,,,2022Q1,,mlit-deflator-tsuki-2607,deftsuki2020（四半期別）!BD34(見出しは右隣の系列。値はこの系列),https://www.mlit.go.jp/statistics/details/content/deftsuki_2607.xlsx,PDL1.0,,2020年度基準(2020年度平均=100)。2026年4月分の公表から2020年度基準に改定(原本注)。ウエイト項目に営業余剰や間接税(消費税を含む)等を含めない(原本注)。原本の期間表示「2022年 1-3月」(暦年の四半期)。原本では1列右の見出しの下にある値。月別シートのこの系列の3か月平均と一致(差 0.00、0.1 以内)を確かめて、この系列に付け直した(2026-09-26 番人。付け直した 800 セルが全部一致)。
08dcc853df7c96cf,JP,index,建設工事費デフレーター（2020年度基準） 四半期別,その他土木,建設総合 > 土木総合 > その他土木 (原本の列 BD。同じ表頭の列が2つある),index (2020年度平均 = 100),national,JP,日本,,,,107.2,,index_value,published_pdl,,,2022Q1,,mlit-deflator-tsuki-2607,deftsuki2020（四半期別）!BE34(見出しは右隣の系列。値はこの系列),https://www.mlit.go.jp/statistics/details/content/deftsuki_2607.xlsx,PDL1.0,,2020年度基準(2020年度平均=100)。2026年4月分の公表から2020年度基準に改定(原本注)。ウエイト項目に営業余剰や間接税(消費税を含む)等を含めない(原本注)。原本の期間表示「2022年 1-3月」(暦年の四半期)。原本では1列右の見出しの下にある値。月別シートのこの系列の3か月平均と一致(差 0.00、0.1 以内)を確かめて、この系列に付け直した(2026-09-26 番人。付け直した 800 セルが全部一致)。
c2253962eed18a4d,JP,index,建設工事費デフレーター（2020年度基準） 四半期別,鉄道軌道,建設総合 > 土木総合 > その他土木 > 鉄道軌道,index (2020年度平均 = 100),national,JP,日本,,,,109,,index_value,published_pdl,,,2022Q1,,mlit-deflator-tsuki-2607,deftsuki2020（四半期別）!BF34(見出しは右隣の系列。値はこの系列),https://www.mlit.go.jp/statistics/details/content/deftsuki_2607.xlsx,PDL1.0,,2020年度基準(2020年度平均=100)。2026年4月分の公表から2020年度基準に改定(原本注)。ウエイト項目に営業余剰や間接税(消費税を含む)等を含めない(原本注)。原本の期間表示「2022年 1-3月」(暦年の四半期)。原本では1列右の見出しの下にある値。月別シートのこの系列の3か月平均と一致(差 0.07、0.1 以内)を確かめて、この系列に付け直した(2026-09-26 番人。付け直した 800 セルが全部一致)。
01a6ecd0d79dd348,JP,index,建設工事費デフレーター（2020年度基準） 四半期別,電力,建設総合 > 土木総合 > その他土木 > 電力,index (2020年度平均 = 100),national,JP,日本,,,,107.8,,index_value,published_pdl,,,2022Q1,,mlit-deflator-tsuki-2607,deftsuki2020（四半期別）!BG34(見出しは右隣の系列。値はこの系列),https://www.mlit.go.jp/statistics/details/content/deftsuki_2607.xlsx,PDL1.0,,2020年度基準(2020年度平均=100)。2026年4月分の公表から2020年度基準に改定(原本注)。ウエイト項目に営業余剰や間接税(消費税を含む)等を含めない(原本注)。原本の期間表示「2022年 1-3月」(暦年の四半期)。原本では1列右の見出しの下にある値。月別シートのこの系列の3か月平均と一致(差 0.00、0.1 以内)を確かめて、この系列に付け直した(2026-09-26 番人。付け直した 800 セルが全部一致)。
02b58aaf76a546ac,JP,index,建設工事費デフレーター（2020年度基準） 四半期別,電気通信,建設総合 > 土木総合 > その他土木 > 電気通信,index (2020年度平均 = 100),national,JP,日本,,,,106.2,,index_value,published_pdl,,,2022Q1,,mlit-deflator-tsuki-2607,deftsuki2020（四半期別）!BH34(見出しは右隣の系列。値はこの系列),https://www.mlit.go.jp/statistics/details/content/deftsuki_2607.xlsx,PDL1.0,,2020年度基準(2020年度平均=100)。2026年4月分の公表から2020年度基準に改定(原本注)。ウエイト項目に営業余剰や間接税(消費税を含む)等を含めない(原本注)。原本の期間表示「2022年 1-3月」(暦年の四半期)。原本では1列右の見出しの下にある値。月別シートのこの系列の3か月平均と一致(差 0.03、0.1 以内)を確かめて、この系列に付け直した(2026-09-26 番人。付け直した 800 セルが全部一致)。
ee9fdb020abff4f6,JP,index,建設工事費デフレーター（2020年度基準） 四半期別,上・工業用水道,建設総合 > 土木総合 > その他土木 > 上・工業用水道,index (2020年度平均 = 100),national,JP,日本,,,,106.2,,index_value,published_pdl,,,2022Q1,,mlit-deflator-tsuki-2607,deftsuki2020（四半期別）!BI34(見出しは右隣の系列。値はこの系列),https://www.mlit.go.jp/statistics/details/content/deftsuki_2607.xlsx,PDL1.0,,2020年度基準(2020年度平均=100)。2026年4月分の公表から2020年度基準に改定(原本注)。ウエイト項目に営業余剰や間接税(消費税を含む)等を含めない(原本注)。原本の期間表示「2022年 1-3月」(暦年の四半期)。原本では1列右の見出しの下にある値。月別シートのこの系列の3か月平均と一致(差 0.03、0.1 以内)を確かめて、この系列に付け直した(2026-09-26 番人。付け直した 800 セルが全部一致)。
dc979d0cb8a9acd6,JP,index,建設工事費デフレーター（2020年度基準） 四半期別,土地造成,建設総合 > 土木総合 > その他土木 > 土地造成,index (2020年度平均 = 100),national,JP,日本,,,,105.7,,index_value,published_pdl,,,2022Q1,,mlit-deflator-tsuki-2607,deftsuki2020（四半期別）!BJ34(見出しは右隣の系列。値はこの系列),https://www.mlit.go.jp/statistics/details/content/deftsuki_2607.xlsx,PDL1.0,,2020年度基準(2020年度平均=100)。2026年4月分の公表から2020年度基準に改定(原本注)。ウエイト項目に営業余剰や間接税(消費税を含む)等を含めない(原本注)。原本の期間表示「2022年 1-3月」(暦年の四半期)。原本では1列右の見出しの下にある値。月別シートのこの系列の3か月平均と一致(差 0.03、0.1 以内)を確かめて、この系列に付け直した(2026-09-26 番人。付け直した 800 セルが全部一致)。
450a1825f573e9d3,JP,index,建設工事費デフレーター（2020年度基準） 四半期別,その他土木,建設総合 > 土木総合 > その他土木 (原本の列 BJ。同じ表頭の列が2つある),index (2020年度平均 = 100),national,JP,日本,,,,106.5,,index_value,published_pdl,,,2022Q1,,mlit-deflator-tsuki-2607,deftsuki2020（四半期別）!BK34(見出しは右隣の系列。値はこの系列),https://www.mlit.go.jp/statistics/details/content/deftsuki_2607.xlsx,PDL1.0,,2020年度基準(2020年度平均=100)。2026年4月分の公表から2020年度基準に改定(原本注)。ウエイト項目に営業余剰や間接税(消費税を含む)等を含めない(原本注)。原本の期間表示「2022年 1-3月」(暦年の四半期)。原本では1列右の見出しの下にある値。月別シートのこの系列の3か月平均と一致(差 0.00、0.1 以内)を確かめて、この系列に付け直した(2026-09-26 番人。付け直した 800 セルが全部一致)。
1792d6a6e5a4c33b,JP,index,建設工事費デフレーター（2020年度基準） 四半期別,W在来住宅,W在来住宅,index (2020年度平均 = 100),national,JP,日本,,,,115.1,,index_value,published_pdl,,,2022Q1,,mlit-deflator-tsuki-2607,deftsuki2020（四半期別）!BL34(見出しは右隣の系列。値はこの系列),https://www.mlit.go.jp/statistics/details/content/deftsuki_2607.xlsx,PDL1.0,,2020年度基準(2020年度平均=100)。2026年4月分の公表から2020年度基準に改定(原本注)。ウエイト項目に営業余剰や間接税(消費税を含む)等を含めない(原本注)。原本の期間表示「2022年 1-3月」(暦年の四半期)。原本では1列右の見出しの下にある値。月別シートのこの系列の3か月平均と一致(差 0.00、0.1 以内)を確かめて、この系列に付け直した(2026-09-26 番人。付け直した 800 セルが全部一致)。
2d32699ace97afda,JP,index,建設工事費デフレーター（2020年度基準） 四半期別,W量産住宅,W量産住宅,index (2020年度平均 = 100),national,JP,日本,,,,120.9,,index_value,published_pdl,,,2022Q1,,mlit-deflator-tsuki-2607,deftsuki2020（四半期別）!BM34(見出しは右隣の系列。値はこの系列),https://www.mlit.go.jp/statistics/details/content/deftsuki_2607.xlsx,PDL1.0,,2020年度基準(2020年度平均=100)。2026年4月分の公表から2020年度基準に改定(原本注)。ウエイト項目に営業余剰や間接税(消費税を含む)等を含めない(原本注)。原本の期間表示「2022年 1-3月」(暦年の四半期)。原本では1列右の見出しの下にある値。月別シートのこの系列の3か月平均と一致(差 0.00、0.1 以内)を確かめて、この系列に付け直した(2026-09-26 番人。付け直した 800 セルが全部一致)。
8b97c3414697ab02,JP,index,建設工事費デフレーター（2020年度基準） 四半期別,RC在来住宅,RC在来住宅,index (2020年度平均 = 100),national,JP,日本,,,,108.5,,index_value,published_pdl,,,2022Q1,,mlit-deflator-tsuki-2607,deftsuki2020（四半期別）!BN34(見出しは右隣の系列。値はこの系列),https://www.mlit.go.jp/statistics/details/content/deftsuki_2607.xlsx,PDL1.0,,2020年度基準(2020年度平均=100)。2026年4月分の公表から2020年度基準に改定(原本注)。ウエイト項目に営業余剰や間接税(消費税を含む)等を含めない(原本注)。原本の期間表示「2022年 1-3月」(暦年の四半期)。原本では1列右の見出しの下にある値。月別シートのこの系列の3か月平均と一致(差 0.03、0.1 以内)を確かめて、この系列に付け直した(2026-09-26 番人。付け直した 800 セルが全部一致)。
def58b3b2f1046d7,JP,index,建設工事費デフレーター（2020年度基準） 四半期別,RC量産住宅,RC量産住宅,index (2020年度平均 = 100),national,JP,日本,,,,109.5,,index_value,published_pdl,,,2022Q1,,mlit-deflator-tsuki-2607,deftsuki2020（四半期別）!BO34(見出しは右隣の系列。値はこの系列),https://www.mlit.go.jp/statistics/details/content/deftsuki_2607.xlsx,PDL1.0,,2020年度基準(2020年度平均=100)。2026年4月分の公表から2020年度基準に改定(原本注)。ウエイト項目に営業余剰や間接税(消費税を含む)等を含めない(原本注)。原本の期間表示「2022年 1-3月」(暦年の四半期)。原本では1列右の見出しの下にある値。月別シートのこの系列の3か月平均と一致(差 0.03、0.1 以内)を確かめて、この系列に付け直した(2026-09-26 番人。付け直した 800 セルが全部一致)。
d6d6a7f361f6131c,JP,index,建設工事費デフレーター（2020年度基準） 四半期別,S在来住宅,S在来住宅,index (2020年度平均 = 100),national,JP,日本,,,,107.7,,index_value,published_pdl,,,2022Q1,,mlit-deflator-tsuki-2607,deftsuki2020（四半期別）!BP34(見出しは右隣の系列。値はこの系列),https://www.mlit.go.jp/statistics/details/content/deftsuki_2607.xlsx,PDL1.0,,2020年度基準(2020年度平均=100)。2026年4月分の公表から2020年度基準に改定(原本注)。ウエイト項目に営業余剰や間接税(消費税を含む)等を含めない(原本注)。原本の期間表示「2022年 1-3月」(暦年の四半期)。原本では1列右の見出しの下にある値。月別シートのこの系列の3か月平均と一致(差 0.03、0.1 以内)を確かめて、この系列に付け直した(2026-09-26 番人。付け直した 800 セルが全部一致)。
6b43bcc2a54b8e9d,JP,index,建設工事費デフレーター（2020年度基準） 四半期別,S量産住宅,S量産住宅,index (2020年度平均 = 100),national,JP,日本,,,,114.9,,index_value,published_pdl,,,2022Q1,,mlit-deflator-tsuki-2607,deftsuki2020（四半期別）!BQ34(見出しは右隣の系列。値はこの系列),https://www.mlit.go.jp/statistics/details/content/deftsuki_2607.xlsx,PDL1.0,,2020年度基準(2020年度平均=100)。2026年4月分の公表から2020年度基準に改定(原本注)。ウエイト項目に営業余剰や間接税(消費税を含む)等を含めない(原本注)。原本の期間表示「2022年 1-3月」(暦年の四半期)。原本では1列右の見出しの下にある値。月別シートのこの系列の3か月平均と一致(差 0.03、0.1 以内)を確かめて、この系列に付け直した(2026-09-26 番人。付け直した 800 セルが全部一致)。
f43e47801bdf2e23,JP,index,建設工事費デフレーター（2020年度基準） 四半期別,W工場・倉庫,W工場・倉庫,index (2020年度平均 = 100),national,JP,日本,,,,110.7,,index_value,published_pdl,,,2022Q1,,mlit-deflator-tsuki-2607,deftsuki2020（四半期別）!BR34(見出しは右隣の系列。値はこの系列),https://www.mlit.go.jp/statistics/details/content/deftsuki_2607.xlsx,PDL1.0,,2020年度基準(2020年度平均=100)。2026年4月分の公表から2020年度基準に改定(原本注)。ウエイト項目に営業余剰や間接税(消費税を含む)等を含めない(原本注)。原本の期間表示「2022年 1-3月」(暦年の四半期)。原本では1列右の見出しの下にある値。月別シートのこの系列の3か月平均と一致(差 0.07、0.1 以内)を確かめて、この系列に付け直した(2026-09-26 番人。付け直した 800 セルが全部一致)。
3f1be31b594ce7df,JP,index,建設工事費デフレーター（2020年度基準） 四半期別,W事務所・その他,W事務所・その他,index (2020年度平均 = 100),national,JP,日本,,,,111.3,,index_value,published_pdl,,,2022Q1,,mlit-deflator-tsuki-2607,deftsuki2020（四半期別）!BS34(見出しは右隣の系列。値はこの系列),https://www.mlit.go.jp/statistics/details/content/deftsuki_2607.xlsx,PDL1.0,,2020年度基準(2020年度平均=100)。2026年4月分の公表から2020年度基準に改定(原本注)。ウエイト項目に営業余剰や間接税(消費税を含む)等を含めない(原本注)。原本の期間表示「2022年 1-3月」(暦年の四半期)。原本では1列右の見出しの下にある値。月別シートのこの系列の3か月平均と一致(差 0.03、0.1 以内)を確かめて、この系列に付け直した(2026-09-26 番人。付け直した 800 セルが全部一致)。
05909327db5c9ba7,JP,index,建設工事費デフレーター（2020年度基準） 四半期別,SRC工場・倉庫,SRC工場・倉庫,index (2020年度平均 = 100),national,JP,日本,,,,106.6,,index_value,published_pdl,,,2022Q1,,mlit-deflator-tsuki-2607,deftsuki2020（四半期別）!BT34(見出しは右隣の系列。値はこの系列),https://www.mlit.go.jp/statistics/details/content/deftsuki_2607.xlsx,PDL1.0,,2020年度基準(2020年度平均=100)。2026年4月分の公表から2020年度基準に改定(原本注)。ウエイト項目に営業余剰や間接税(消費税を含む)等を含めない(原本注)。原本の期間表示「2022年 1-3月」(暦年の四半期)。原本では1列右の見出しの下にある値。月別シートのこの系列の3か月平均と一致(差 0.03、0.1 以内)を確かめて、この系列に付け直した(2026-09-26 番人。付け直した 800 セルが全部一致)。
ed2e392d93931570,JP,index,建設工事費デフレーター（2020年度基準） 四半期別,SRC事務所・その他,SRC事務所・その他,index (2020年度平均 = 100),national,JP,日本,,,,106.5,,index_value,published_pdl,,,2022Q1,,mlit-deflator-tsuki-2607,deftsuki2020（四半期別）!BU34(見出しは右隣の系列。値はこの系列),https://www.mlit.go.jp/statistics/details/content/deftsuki_2607.xlsx,PDL1.0,,2020年度基準(2020年度平均=100)。2026年4月分の公表から2020年度基準に改定(原本注)。ウエイト項目に営業余剰や間接税(消費税を含む)等を含めない(原本注)。原本の期間表示「2022年 1-3月」(暦年の四半期)。原本では1列右の見出しの下にある値。月別シートのこの系列の3か月平均と一致(差 0.00、0.1 以内)を確かめて、この系列に付け直した(2026-09-26 番人。付け直した 800 セルが全部一致)。
27d9bb3ff56ae02b,JP,index,建設工事費デフレーター（2020年度基準） 四半期別,RC工場・倉庫,RC工場・倉庫,index (2020年度平均 = 100),national,JP,日本,,,,106.8,,index_value,published_pdl,,,2022Q1,,mlit-deflator-tsuki-2607,deftsuki2020（四半期別）!BV34(見出しは右隣の系列。値はこの系列),https://www.mlit.go.jp/statistics/details/content/deftsuki_2607.xlsx,PDL1.0,,2020年度基準(2020年度平均=100)。2026年4月分の公表から2020年度基準に改定(原本注)。ウエイト項目に営業余剰や間接税(消費税を含む)等を含めない(原本注)。原本の期間表示「2022年 1-3月」(暦年の四半期)。原本では1列右の見出しの下にある値。月別シートのこの系列の3か月平均と一致(差 0.00、0.1 以内)を確かめて、この系列に付け直した(2026-09-26 番人。付け直した 800 セルが全部一致)。
06433abb5e550643,JP,index,建設工事費デフレーター（2020年度基準） 四半期別,RC学校,RC学校,index (2020年度平均 = 100),national,JP,日本,,,,108,,index_value,published_pdl,,,2022Q1,,mlit-deflator-tsuki-2607,deftsuki2020（四半期別）!BW34(見出しは右隣の系列。値はこの系列),https://www.mlit.go.jp/statistics/details/content/deftsuki_2607.xlsx,PDL1.0,,2020年度基準(2020年度平均=100)。2026年4月分の公表から2020年度基準に改定(原本注)。ウエイト項目に営業余剰や間接税(消費税を含む)等を含めない(原本注)。原本の期間表示「2022年 1-3月」(暦年の四半期)。原本では1列右の見出しの下にある値。月別シートのこの系列の3か月平均と一致(差 0.07、0.1 以内)を確かめて、この系列に付け直した(2026-09-26 番人。付け直した 800 セルが全部一致)。
00cf8b0bab0429cf,JP,index,建設工事費デフレーター（2020年度基準） 四半期別,RC事務所・その他,RC事務所・その他,index (2020年度平均 = 100),national,JP,日本,,,,107.4,,index_value,published_pdl,,,2022Q1,,mlit-deflator-tsuki-2607,deftsuki2020（四半期別）!BX34(見出しは右隣の系列。値はこの系列),https://www.mlit.go.jp/statistics/details/content/deftsuki_2607.xlsx,PDL1.0,,2020年度基準(2020年度平均=100)。2026年4月分の公表から2020年度基準に改定(原本注)。ウエイト項目に営業余剰や間接税(消費税を含む)等を含めない(原本注)。原本の期間表示「2022年 1-3月」(暦年の四半期)。原本では1列右の見出しの下にある値。月別シートのこの系列の3か月平均と一致(差 0.03、0.1 以内)を確かめて、この系列に付け直した(2026-09-26 番人。付け直した 800 セルが全部一致)。
7c188a77dcafd360,JP,index,建設工事費デフレーター（2020年度基準） 四半期別,S工場・倉庫,S工場・倉庫,index (2020年度平均 = 100),national,JP,日本,,,,106.6,,index_value,published_pdl,,,2022Q1,,mlit-deflator-tsuki-2607,deftsuki2020（四半期別）!BY34(見出しは右隣の系列。値はこの系列),https://www.mlit.go.jp/statistics/details/content/deftsuki_2607.xlsx,PDL1.0,,2020年度基準(2020年度平均=100)。2026年4月分の公表から2020年度基準に改定(原本注)。ウエイト項目に営業余剰や間接税(消費税を含む)等を含めない(原本注)。原本の期間表示「2022年 1-3月」(暦年の四半期)。原本では1列右の見出しの下にある値。月別シートのこの系列の3か月平均と一致(差 0.00、0.1 以内)を確かめて、この系列に付け直した(2026-09-26 番人。付け直した 800 セルが全部一致)。
c21bd48d17e489ab,JP,index,建設工事費デフレーター（2020年度基準） 四半期別,S事務所・その他,S事務所・その他,index (2020年度平均 = 100),national,JP,日本,,,,,,index_value,not_set,,,2022Q1,,mlit-deflator-tsuki-2607,,https://www.mlit.go.jp/statistics/details/content/deftsuki_2607.xlsx,PDL1.0,,2020年度基準(2020年度平均=100)。2026年4月分の公表から2020年度基準に改定(原本注)。ウエイト項目に営業余剰や間接税(消費税を含む)等を含めない(原本注)。原本の期間表示「2022年 1-3月」(暦年の四半期)。原本の四半期別では、列ずれのため、この系列のこの期間の値がどの列にも無い(2026-09-26 番人)。月別シートの値はある。
30d73cad567a5e1d,JP,index,建設工事費デフレーター（2020年度基準） 四半期別,地方道路公社等,建設総合 > 土木総合 > 公共事業 > 土木1（除く災害復旧） > 道路総合 > 有料道路 > 地方道路公社等,index (2020年度平均 = 100),national,JP,日本,,,,108.8,,index_value,published_pdl,,,2022Q2,,mlit-deflator-tsuki-2607,deftsuki2020（四半期別）!AT35(見出しは右隣の系列。値はこの系列),https://www.mlit.go.jp/statistics/details/content/deftsuki_2607.xlsx,PDL1.0,,2020年度基準(2020年度平均=100)。2026年4月分の公表から2020年度基準に改定(原本注)。ウエイト項目に営業余剰や間接税(消費税を含む)等を含めない(原本注)。原本の期間表示「2022年 4-6月」(暦年の四半期)。原本では1列右の見出しの下にある値。月別シートのこの系列の3か月平均と一致(差 0.03、0.1 以内)を確かめて、この系列に付け直した(2026-09-26 番人。付け直した 800 セルが全部一致)。
5dba1e1299b08164,JP,index,建設工事費デフレーター（2020年度基準） 四半期別,道路2（再掲）,建設総合 > 土木総合 > 公共事業 > 土木1（除く災害復旧） > 道路2（再掲）,index (2020年度平均 = 100),national,JP,日本,,,,108.3,,index_value,published_pdl,,,2022Q2,,mlit-deflator-tsuki-2607,deftsuki2020（四半期別）!AU35(見出しは右隣の系列。値はこの系列),https://www.mlit.go.jp/statistics/details/content/deftsuki_2607.xlsx,PDL1.0,,2020年度基準(2020年度平均=100)。2026年4月分の公表から2020年度基準に改定(原本注)。ウエイト項目に営業余剰や間接税(消費税を含む)等を含めない(原本注)。原本の期間表示「2022年 4-6月」(暦年の四半期)。原本では1列右の見出しの下にある値。月別シートのこの系列の3か月平均と一致(差 0.00、0.1 以内)を確かめて、この系列に付け直した(2026-09-26 番人。付け直した 800 セルが全部一致)。
fb55e9fe335ea325,JP,index,建設工事費デフレーター（2020年度基準） 四半期別,街路2（再掲）,建設総合 > 土木総合 > 公共事業 > 土木1（除く災害復旧） > 街路2（再掲）,index (2020年度平均 = 100),national,JP,日本,,,,107.7,,index_value,published_pdl,,,2022Q2,,mlit-deflator-tsuki-2607,deftsuki2020（四半期別）!AV35(見出しは右隣の系列。値はこの系列),https://www.mlit.go.jp/statistics/details/content/deftsuki_2607.xlsx,PDL1.0,,2020年度基準(2020年度平均=100)。2026年4月分の公表から2020年度基準に改定(原本注)。ウエイト項目に営業余剰や間接税(消費税を含む)等を含めない(原本注)。原本の期間表示「2022年 4-6月」(暦年の四半期)。原本では1列右の見出しの下にある値。月別シートのこの系列の3か月平均と一致(差 0.03、0.1 以内)を確かめて、この系列に付け直した(2026-09-26 番人。付け直した 800 セルが全部一致)。
9d1dc029a7d973c8,JP,index,建設工事費デフレーター（2020年度基準） 四半期別,公園,建設総合 > 土木総合 > 公共事業 > 土木1（除く災害復旧） > 公園,index (2020年度平均 = 100),national,JP,日本,,,,107.3,,index_value,published_pdl,,,2022Q2,,mlit-deflator-tsuki-2607,deftsuki2020（四半期別）!AW35(見出しは右隣の系列。値はこの系列),https://www.mlit.go.jp/statistics/details/content/deftsuki_2607.xlsx,PDL1.0,,2020年度基準(2020年度平均=100)。2026年4月分の公表から2020年度基準に改定(原本注)。ウエイト項目に営業余剰や間接税(消費税を含む)等を含めない(原本注)。原本の期間表示「2022年 4-6月」(暦年の四半期)。原本では1列右の見出しの下にある値。月別シートのこの系列の3か月平均と一致(差 0.07、0.1 以内)を確かめて、この系列に付け直した(2026-09-26 番人。付け直した 800 セルが全部一致)。
5e066b6d186137ab,JP,index,建設工事費デフレーター（2020年度基準） 四半期別,下水道,建設総合 > 土木総合 > 公共事業 > 土木1（除く災害復旧） > 下水道,index (2020年度平均 = 100),national,JP,日本,,,,107.5,,index_value,published_pdl,,,2022Q2,,mlit-deflator-tsuki-2607,deftsuki2020（四半期別）!AX35(見出しは右隣の系列。値はこの系列),https://www.mlit.go.jp/statistics/details/content/deftsuki_2607.xlsx,PDL1.0,,2020年度基準(2020年度平均=100)。2026年4月分の公表から2020年度基準に改定(原本注)。ウエイト項目に営業余剰や間接税(消費税を含む)等を含めない(原本注)。原本の期間表示「2022年 4-6月」(暦年の四半期)。原本では1列右の見出しの下にある値。月別シートのこの系列の3か月平均と一致(差 0.03、0.1 以内)を確かめて、この系列に付け直した(2026-09-26 番人。付け直した 800 セルが全部一致)。
9eff5cc998915c59,JP,index,建設工事費デフレーター（2020年度基準） 四半期別,災害復旧,建設総合 > 土木総合 > 公共事業 > 土木1（除く災害復旧） > 災害復旧,index (2020年度平均 = 100),national,JP,日本,,,,106.5,,index_value,published_pdl,,,2022Q2,,mlit-deflator-tsuki-2607,deftsuki2020（四半期別）!AY35(見出しは右隣の系列。値はこの系列),https://www.mlit.go.jp/statistics/details/content/deftsuki_2607.xlsx,PDL1.0,,2020年度基準(2020年度平均=100)。2026年4月分の公表から2020年度基準に改定(原本注)。ウエイト項目に営業余剰や間接税(消費税を含む)等を含めない(原本注)。原本の期間表示「2022年 4-6月」(暦年の四半期)。原本では1列右の見出しの下にある値。月別シートのこの系列の3か月平均と一致(差 0.03、0.1 以内)を確かめて、この系列に付け直した(2026-09-26 番人。付け直した 800 セルが全部一致)。
80da272e96cb7c57,JP,index,建設工事費デフレーター（2020年度基準） 四半期別,土木2,建設総合 > 土木総合 > 公共事業 > 土木2,index (2020年度平均 = 100),national,JP,日本,,,,108.2,,index_value,published_pdl,,,2022Q2,,mlit-deflator-tsuki-2607,deftsuki2020（四半期別）!AZ35(見出しは右隣の系列。値はこの系列),https://www.mlit.go.jp/statistics/details/content/deftsuki_2607.xlsx,PDL1.0,,2020年度基準(2020年度平均=100)。2026年4月分の公表から2020年度基準に改定(原本注)。ウエイト項目に営業余剰や間接税(消費税を含む)等を含めない(原本注)。原本の期間表示「2022年 4-6月」(暦年の四半期)。原本では1列右の見出しの下にある値。月別シートのこの系列の3か月平均と一致(差 0.03、0.1 以内)を確かめて、この系列に付け直した(2026-09-26 番人。付け直した 800 セルが全部一致)。
b4c41195b68bb747,JP,index,建設工事費デフレーター（2020年度基準） 四半期別,港湾・漁港,建設総合 > 土木総合 > 公共事業 > 土木2 > 港湾・漁港,index (2020年度平均 = 100),national,JP,日本,,,,107.7,,index_value,published_pdl,,,2022Q2,,mlit-deflator-tsuki-2607,deftsuki2020（四半期別）!BA35(見出しは右隣の系列。値はこの系列),https://www.mlit.go.jp/statistics/details/content/deftsuki_2607.xlsx,PDL1.0,,2020年度基準(2020年度平均=100)。2026年4月分の公表から2020年度基準に改定(原本注)。ウエイト項目に営業余剰や間接税(消費税を含む)等を含めない(原本注)。原本の期間表示「2022年 4-6月」(暦年の四半期)。原本では1列右の見出しの下にある値。月別シートのこの系列の3か月平均と一致(差 0.03、0.1 以内)を確かめて、この系列に付け直した(2026-09-26 番人。付け直した 800 セルが全部一致)。
12d5074c04596456,JP,index,建設工事費デフレーター（2020年度基準） 四半期別,空港,建設総合 > 土木総合 > 公共事業 > 土木2 > 空港,index (2020年度平均 = 100),national,JP,日本,,,,106.3,,index_value,published_pdl,,,2022Q2,,mlit-deflator-tsuki-2607,deftsuki2020（四半期別）!BB35(見出しは右隣の系列。値はこの系列),https://www.mlit.go.jp/statistics/details/content/deftsuki_2607.xlsx,PDL1.0,,2020年度基準(2020年度平均=100)。2026年4月分の公表から2020年度基準に改定(原本注)。ウエイト項目に営業余剰や間接税(消費税を含む)等を含めない(原本注)。原本の期間表示「2022年 4-6月」(暦年の四半期)。原本では1列右の見出しの下にある値。月別シートのこの系列の3か月平均と一致(差 0.03、0.1 以内)を確かめて、この系列に付け直した(2026-09-26 番人。付け直した 800 セルが全部一致)。
4df54e8b25b93fb8,JP,index,建設工事費デフレーター（2020年度基準） 四半期別,環境衛生,建設総合 > 土木総合 > 公共事業 > 土木2 > 環境衛生,index (2020年度平均 = 100),national,JP,日本,,,,109.3,,index_value,published_pdl,,,2022Q2,,mlit-deflator-tsuki-2607,deftsuki2020（四半期別）!BC35(見出しは右隣の系列。値はこの系列),https://www.mlit.go.jp/statistics/details/content/deftsuki_2607.xlsx,PDL1.0,,2020年度基準(2020年度平均=100)。2026年4月分の公表から2020年度基準に改定(原本注)。ウエイト項目に営業余剰や間接税(消費税を含む)等を含めない(原本注)。原本の期間表示「2022年 4-6月」(暦年の四半期)。原本では1列右の見出しの下にある値。月別シートのこの系列の3か月平均と一致(差 0.03、0.1 以内)を確かめて、この系列に付け直した(2026-09-26 番人。付け直した 800 セルが全部一致)。
d931d385982a65c1,JP,index,建設工事費デフレーター（2020年度基準） 四半期別,農林関係公共事業,建設総合 > 土木総合 > 公共事業 > 土木2 > 農林関係公共事業,index (2020年度平均 = 100),national,JP,日本,,,,108.2,,index_value,published_pdl,,,2022Q2,,mlit-deflator-tsuki-2607,deftsuki2020（四半期別）!BD35(見出しは右隣の系列。値はこの系列),https://www.mlit.go.jp/statistics/details/content/deftsuki_2607.xlsx,PDL1.0,,2020年度基準(2020年度平均=100)。2026年4月分の公表から2020年度基準に改定(原本注)。ウエイト項目に営業余剰や間接税(消費税を含む)等を含めない(原本注)。原本の期間表示「2022年 4-6月」(暦年の四半期)。原本では1列右の見出しの下にある値。月別シートのこの系列の3か月平均と一致(差 0.00、0.1 以内)を確かめて、この系列に付け直した(2026-09-26 番人。付け直した 800 セルが全部一致)。
61d0c635523b236d,JP,index,建設工事費デフレーター（2020年度基準） 四半期別,その他土木,建設総合 > 土木総合 > その他土木 (原本の列 BD。同じ表頭の列が2つある),index (2020年度平均 = 100),national,JP,日本,,,,109,,index_value,published_pdl,,,2022Q2,,mlit-deflator-tsuki-2607,deftsuki2020（四半期別）!BE35(見出しは右隣の系列。値はこの系列),https://www.mlit.go.jp/statistics/details/content/deftsuki_2607.xlsx,PDL1.0,,2020年度基準(2020年度平均=100)。2026年4月分の公表から2020年度基準に改定(原本注)。ウエイト項目に営業余剰や間接税(消費税を含む)等を含めない(原本注)。原本の期間表示「2022年 4-6月」(暦年の四半期)。原本では1列右の見出しの下にある値。月別シートのこの系列の3か月平均と一致(差 0.00、0.1 以内)を確かめて、この系列に付け直した(2026-09-26 番人。付け直した 800 セルが全部一致)。
dd18e8e5bbc89282,JP,index,建設工事費デフレーター（2020年度基準） 四半期別,鉄道軌道,建設総合 > 土木総合 > その他土木 > 鉄道軌道,index (2020年度平均 = 100),national,JP,日本,,,,111.1,,index_value,published_pdl,,,2022Q2,,mlit-deflator-tsuki-2607,deftsuki2020（四半期別）!BF35(見出しは右隣の系列。値はこの系列),https://www.mlit.go.jp/statistics/details/content/deftsuki_2607.xlsx,PDL1.0,,2020年度基準(2020年度平均=100)。2026年4月分の公表から2020年度基準に改定(原本注)。ウエイト項目に営業余剰や間接税(消費税を含む)等を含めない(原本注)。原本の期間表示「2022年 4-6月」(暦年の四半期)。原本では1列右の見出しの下にある値。月別シートのこの系列の3か月平均と一致(差 0.00、0.1 以内)を確かめて、この系列に付け直した(2026-09-26 番人。付け直した 800 セルが全部一致)。
91871ba555b0a7b8,JP,index,建設工事費デフレーター（2020年度基準） 四半期別,電力,建設総合 > 土木総合 > その他土木 > 電力,index (2020年度平均 = 100),national,JP,日本,,,,109.6,,index_value,published_pdl,,,2022Q2,,mlit-deflator-tsuki-2607,deftsuki2020（四半期別）!BG35(見出しは右隣の系列。値はこの系列),https://www.mlit.go.jp/statistics/details/content/deftsuki_2607.xlsx,PDL1.0,,2020年度基準(2020年度平均=100)。2026年4月分の公表から2020年度基準に改定(原本注)。ウエイト項目に営業余剰や間接税(消費税を含む)等を含めない(原本注)。原本の期間表示「2022年 4-6月」(暦年の四半期)。原本では1列右の見出しの下にある値。月別シートのこの系列の3か月平均と一致(差 0.03、0.1 以内)を確かめて、この系列に付け直した(2026-09-26 番人。付け直した 800 セルが全部一致)。
b119dabe9d97149f,JP,index,建設工事費デフレーター（2020年度基準） 四半期別,電気通信,建設総合 > 土木総合 > その他土木 > 電気通信,index (2020年度平均 = 100),national,JP,日本,,,,107.7,,index_value,published_pdl,,,2022Q2,,mlit-deflator-tsuki-2607,deftsuki2020（四半期別）!BH35(見出しは右隣の系列。値はこの系列),https://www.mlit.go.jp/statistics/details/content/deftsuki_2607.xlsx,PDL1.0,,2020年度基準(2020年度平均=100)。2026年4月分の公表から2020年度基準に改定(原本注)。ウエイト項目に営業余剰や間接税(消費税を含む)等を含めない(原本注)。原本の期間表示「2022年 4-6月」(暦年の四半期)。原本では1列右の見出しの下にある値。月別シートのこの系列の3か月平均と一致(差 0.03、0.1 以内)を確かめて、この系列に付け直した(2026-09-26 番人。付け直した 800 セルが全部一致)。
b53196c474da8875,JP,index,建設工事費デフレーター（2020年度基準） 四半期別,上・工業用水道,建設総合 > 土木総合 > その他土木 > 上・工業用水道,index (2020年度平均 = 100),national,JP,日本,,,,107.9,,index_value,published_pdl,,,2022Q2,,mlit-deflator-tsuki-2607,deftsuki2020（四半期別）!BI35(見出しは右隣の系列。値はこの系列),https://www.mlit.go.jp/statistics/details/content/deftsuki_2607.xlsx,PDL1.0,,2020年度基準(2020年度平均=100)。2026年4月分の公表から2020年度基準に改定(原本注)。ウエイト項目に営業余剰や間接税(消費税を含む)等を含めない(原本注)。原本の期間表示「2022年 4-6月」(暦年の四半期)。原本では1列右の見出しの下にある値。月別シートのこの系列の3か月平均と一致(差 0.00、0.1 以内)を確かめて、この系列に付け直した(2026-09-26 番人。付け直した 800 セルが全部一致)。
212fb669bed88837,JP,index,建設工事費デフレーター（2020年度基準） 四半期別,土地造成,建設総合 > 土木総合 > その他土木 > 土地造成,index (2020年度平均 = 100),national,JP,日本,,,,107,,index_value,published_pdl,,,2022Q2,,mlit-deflator-tsuki-2607,deftsuki2020（四半期別）!BJ35(見出しは右隣の系列。値はこの系列),https://www.mlit.go.jp/statistics/details/content/deftsuki_2607.xlsx,PDL1.0,,2020年度基準(2020年度平均=100)。2026年4月分の公表から2020年度基準に改定(原本注)。ウエイト項目に営業余剰や間接税(消費税を含む)等を含めない(原本注)。原本の期間表示「2022年 4-6月」(暦年の四半期)。原本では1列右の見出しの下にある値。月別シートのこの系列の3か月平均と一致(差 0.03、0.1 以内)を確かめて、この系列に付け直した(2026-09-26 番人。付け直した 800 セルが全部一致)。
b3bbe56c8b0d5c14,JP,index,建設工事費デフレーター（2020年度基準） 四半期別,その他土木,建設総合 > 土木総合 > その他土木 (原本の列 BJ。同じ表頭の列が2つある),index (2020年度平均 = 100),national,JP,日本,,,,108.2,,index_value,published_pdl,,,2022Q2,,mlit-deflator-tsuki-2607,deftsuki2020（四半期別）!BK35(見出しは右隣の系列。値はこの系列),https://www.mlit.go.jp/statistics/details/content/deftsuki_2607.xlsx,PDL1.0,,2020年度基準(2020年度平均=100)。2026年4月分の公表から2020年度基準に改定(原本注)。ウエイト項目に営業余剰や間接税(消費税を含む)等を含めない(原本注)。原本の期間表示「2022年 4-6月」(暦年の四半期)。原本では1列右の見出しの下にある値。月別シートのこの系列の3か月平均と一致(差 0.00、0.1 以内)を確かめて、この系列に付け直した(2026-09-26 番人。付け直した 800 セルが全部一致)。
f30a63f59150d929,JP,index,建設工事費デフレーター（2020年度基準） 四半期別,W在来住宅,W在来住宅,index (2020年度平均 = 100),national,JP,日本,,,,117.4,,index_value,published_pdl,,,2022Q2,,mlit-deflator-tsuki-2607,deftsuki2020（四半期別）!BL35(見出しは右隣の系列。値はこの系列),https://www.mlit.go.jp/statistics/details/content/deftsuki_2607.xlsx,PDL1.0,,2020年度基準(2020年度平均=100)。2026年4月分の公表から2020年度基準に改定(原本注)。ウエイト項目に営業余剰や間接税(消費税を含む)等を含めない(原本注)。原本の期間表示「2022年 4-6月」(暦年の四半期)。原本では1列右の見出しの下にある値。月別シートのこの系列の3か月平均と一致(差 0.00、0.1 以内)を確かめて、この系列に付け直した(2026-09-26 番人。付け直した 800 セルが全部一致)。
0062c4bb41820b88,JP,index,建設工事費デフレーター（2020年度基準） 四半期別,W量産住宅,W量産住宅,index (2020年度平均 = 100),national,JP,日本,,,,123.6,,index_value,published_pdl,,,2022Q2,,mlit-deflator-tsuki-2607,deftsuki2020（四半期別）!BM35(見出しは右隣の系列。値はこの系列),https://www.mlit.go.jp/statistics/details/content/deftsuki_2607.xlsx,PDL1.0,,2020年度基準(2020年度平均=100)。2026年4月分の公表から2020年度基準に改定(原本注)。ウエイト項目に営業余剰や間接税(消費税を含む)等を含めない(原本注)。原本の期間表示「2022年 4-6月」(暦年の四半期)。原本では1列右の見出しの下にある値。月別シートのこの系列の3か月平均と一致(差 0.03、0.1 以内)を確かめて、この系列に付け直した(2026-09-26 番人。付け直した 800 セルが全部一致)。
a550313324dcdead,JP,index,建設工事費デフレーター（2020年度基準） 四半期別,RC在来住宅,RC在来住宅,index (2020年度平均 = 100),national,JP,日本,,,,110.6,,index_value,published_pdl,,,2022Q2,,mlit-deflator-tsuki-2607,deftsuki2020（四半期別）!BN35(見出しは右隣の系列。値はこの系列),https://www.mlit.go.jp/statistics/details/content/deftsuki_2607.xlsx,PDL1.0,,2020年度基準(2020年度平均=100)。2026年4月分の公表から2020年度基準に改定(原本注)。ウエイト項目に営業余剰や間接税(消費税を含む)等を含めない(原本注)。原本の期間表示「2022年 4-6月」(暦年の四半期)。原本では1列右の見出しの下にある値。月別シートのこの系列の3か月平均と一致(差 0.03、0.1 以内)を確かめて、この系列に付け直した(2026-09-26 番人。付け直した 800 セルが全部一致)。
a0b358133f6a7bb1,JP,index,建設工事費デフレーター（2020年度基準） 四半期別,RC量産住宅,RC量産住宅,index (2020年度平均 = 100),national,JP,日本,,,,111.6,,index_value,published_pdl,,,2022Q2,,mlit-deflator-tsuki-2607,deftsuki2020（四半期別）!BO35(見出しは右隣の系列。値はこの系列),https://www.mlit.go.jp/statistics/details/content/deftsuki_2607.xlsx,PDL1.0,,2020年度基準(2020年度平均=100)。2026年4月分の公表から2020年度基準に改定(原本注)。ウエイト項目に営業余剰や間接税(消費税を含む)等を含めない(原本注)。原本の期間表示「2022年 4-6月」(暦年の四半期)。原本では1列右の見出しの下にある値。月別シートのこの系列の3か月平均と一致(差 0.00、0.1 以内)を確かめて、この系列に付け直した(2026-09-26 番人。付け直した 800 セルが全部一致)。
f0da027c16fba2e2,JP,index,建設工事費デフレーター（2020年度基準） 四半期別,S在来住宅,S在来住宅,index (2020年度平均 = 100),national,JP,日本,,,,110,,index_value,published_pdl,,,2022Q2,,mlit-deflator-tsuki-2607,deftsuki2020（四半期別）!BP35(見出しは右隣の系列。値はこの系列),https://www.mlit.go.jp/statistics/details/content/deftsuki_2607.xlsx,PDL1.0,,2020年度基準(2020年度平均=100)。2026年4月分の公表から2020年度基準に改定(原本注)。ウエイト項目に営業余剰や間接税(消費税を含む)等を含めない(原本注)。原本の期間表示「2022年 4-6月」(暦年の四半期)。原本では1列右の見出しの下にある値。月別シートのこの系列の3か月平均と一致(差 0.00、0.1 以内)を確かめて、この系列に付け直した(2026-09-26 番人。付け直した 800 セルが全部一致)。
696c99cf652cbbdd,JP,index,建設工事費デフレーター（2020年度基準） 四半期別,S量産住宅,S量産住宅,index (2020年度平均 = 100),national,JP,日本,,,,117.7,,index_value,published_pdl,,,2022Q2,,mlit-deflator-tsuki-2607,deftsuki2020（四半期別）!BQ35(見出しは右隣の系列。値はこの系列),https://www.mlit.go.jp/statistics/details/content/deftsuki_2607.xlsx,PDL1.0,,2020年度基準(2020年度平均=100)。2026年4月分の公表から2020年度基準に改定(原本注)。ウエイト項目に営業余剰や間接税(消費税を含む)等を含めない(原本注)。原本の期間表示「2022年 4-6月」(暦年の四半期)。原本では1列右の見出しの下にある値。月別シートのこの系列の3か月平均と一致(差 0.00、0.1 以内)を確かめて、この系列に付け直した(2026-09-26 番人。付け直した 800 セルが全部一致)。
5b4010b8a493f047,JP,index,建設工事費デフレーター（2020年度基準） 四半期別,W工場・倉庫,W工場・倉庫,index (2020年度平均 = 100),national,JP,日本,,,,112.6,,index_value,published_pdl,,,2022Q2,,mlit-deflator-tsuki-2607,deftsuki2020（四半期別）!BR35(見出しは右隣の系列。値はこの系列),https://www.mlit.go.jp/statistics/details/content/deftsuki_2607.xlsx,PDL1.0,,2020年度基準(2020年度平均=100)。2026年4月分の公表から2020年度基準に改定(原本注)。ウエイト項目に営業余剰や間接税(消費税を含む)等を含めない(原本注)。原本の期間表示「2022年 4-6月」(暦年の四半期)。原本では1列右の見出しの下にある値。月別シートのこの系列の3か月平均と一致(差 0.03、0.1 以内)を確かめて、この系列に付け直した(2026-09-26 番人。付け直した 800 セルが全部一致)。
931fb8292c7c7b5b,JP,index,建設工事費デフレーター（2020年度基準） 四半期別,W事務所・その他,W事務所・その他,index (2020年度平均 = 100),national,JP,日本,,,,113.3,,index_value,published_pdl,,,2022Q2,,mlit-deflator-tsuki-2607,deftsuki2020（四半期別）!BS35(見出しは右隣の系列。値はこの系列),https://www.mlit.go.jp/statistics/details/content/deftsuki_2607.xlsx,PDL1.0,,2020年度基準(2020年度平均=100)。2026年4月分の公表から2020年度基準に改定(原本注)。ウエイト項目に営業余剰や間接税(消費税を含む)等を含めない(原本注)。原本の期間表示「2022年 4-6月」(暦年の四半期)。原本では1列右の見出しの下にある値。月別シートのこの系列の3か月平均と一致(差 0.03、0.1 以内)を確かめて、この系列に付け直した(2026-09-26 番人。付け直した 800 セルが全部一致)。
4056acfeefd1607a,JP,index,建設工事費デフレーター（2020年度基準） 四半期別,SRC工場・倉庫,SRC工場・倉庫,index (2020年度平均 = 100),national,JP,日本,,,,108.4,,index_value,published_pdl,,,2022Q2,,mlit-deflator-tsuki-2607,deftsuki2020（四半期別）!BT35(見出しは右隣の系列。値はこの系列),https://www.mlit.go.jp/statistics/details/content/deftsuki_2607.xlsx,PDL1.0,,2020年度基準(2020年度平均=100)。2026年4月分の公表から2020年度基準に改定(原本注)。ウエイト項目に営業余剰や間接税(消費税を含む)等を含めない(原本注)。原本の期間表示「2022年 4-6月」(暦年の四半期)。原本では1列右の見出しの下にある値。月別シートのこの系列の3か月平均と一致(差 0.03、0.1 以内)を確かめて、この系列に付け直した(2026-09-26 番人。付け直した 800 セルが全部一致)。
36380406777607aa,JP,index,建設工事費デフレーター（2020年度基準） 四半期別,SRC事務所・その他,SRC事務所・その他,index (2020年度平均 = 100),national,JP,日本,,,,108.3,,index_value,published_pdl,,,2022Q2,,mlit-deflator-tsuki-2607,deftsuki2020（四半期別）!BU35(見出しは右隣の系列。値はこの系列),https://www.mlit.go.jp/statistics/details/content/deftsuki_2607.xlsx,PDL1.0,,2020年度基準(2020年度平均=100)。2026年4月分の公表から2020年度基準に改定(原本注)。ウエイト項目に営業余剰や間接税(消費税を含む)等を含めない(原本注)。原本の期間表示「2022年 4-6月」(暦年の四半期)。原本では1列右の見出しの下にある値。月別シートのこの系列の3か月平均と一致(差 0.03、0.1 以内)を確かめて、この系列に付け直した(2026-09-26 番人。付け直した 800 セルが全部一致)。
798761d856497560,JP,index,建設工事費デフレーター（2020年度基準） 四半期別,RC工場・倉庫,RC工場・倉庫,index (2020年度平均 = 100),national,JP,日本,,,,108.6,,index_value,published_pdl,,,2022Q2,,mlit-deflator-tsuki-2607,deftsuki2020（四半期別）!BV35(見出しは右隣の系列。値はこの系列),https://www.mlit.go.jp/statistics/details/content/deftsuki_2607.xlsx,PDL1.0,,2020年度基準(2020年度平均=100)。2026年4月分の公表から2020年度基準に改定(原本注)。ウエイト項目に営業余剰や間接税(消費税を含む)等を含めない(原本注)。原本の期間表示「2022年 4-6月」(暦年の四半期)。原本では1列右の見出しの下にある値。月別シートのこの系列の3か月平均と一致(差 0.03、0.1 以内)を確かめて、この系列に付け直した(2026-09-26 番人。付け直した 800 セルが全部一致)。
8945c70ae1740598,JP,index,建設工事費デフレーター（2020年度基準） 四半期別,RC学校,RC学校,index (2020年度平均 = 100),national,JP,日本,,,,110,,index_value,published_pdl,,,2022Q2,,mlit-deflator-tsuki-2607,deftsuki2020（四半期別）!BW35(見出しは右隣の系列。値はこの系列),https://www.mlit.go.jp/statistics/details/content/deftsuki_2607.xlsx,PDL1.0,,2020年度基準(2020年度平均=100)。2026年4月分の公表から2020年度基準に改定(原本注)。ウエイト項目に営業余剰や間接税(消費税を含む)等を含めない(原本注)。原本の期間表示「2022年 4-6月」(暦年の四半期)。原本では1列右の見出しの下にある値。月別シートのこの系列の3か月平均と一致(差 0.03、0.1 以内)を確かめて、この系列に付け直した(2026-09-26 番人。付け直した 800 セルが全部一致)。
b9972363405b77f6,JP,index,建設工事費デフレーター（2020年度基準） 四半期別,RC事務所・その他,RC事務所・その他,index (2020年度平均 = 100),national,JP,日本,,,,109.4,,index_value,published_pdl,,,2022Q2,,mlit-deflator-tsuki-2607,deftsuki2020（四半期別）!BX35(見出しは右隣の系列。値はこの系列),https://www.mlit.go.jp/statistics/details/content/deftsuki_2607.xlsx,PDL1.0,,2020年度基準(2020年度平均=100)。2026年4月分の公表から2020年度基準に改定(原本注)。ウエイト項目に営業余剰や間接税(消費税を含む)等を含めない(原本注)。原本の期間表示「2022年 4-6月」(暦年の四半期)。原本では1列右の見出しの下にある値。月別シートのこの系列の3か月平均と一致(差 0.03、0.1 以内)を確かめて、この系列に付け直した(2026-09-26 番人。付け直した 800 セルが全部一致)。
b8928453715c9937,JP,index,建設工事費デフレーター（2020年度基準） 四半期別,S工場・倉庫,S工場・倉庫,index (2020年度平均 = 100),national,JP,日本,,,,108.4,,index_value,published_pdl,,,2022Q2,,mlit-deflator-tsuki-2607,deftsuki2020（四半期別）!BY35(見出しは右隣の系列。値はこの系列),https://www.mlit.go.jp/statistics/details/content/deftsuki_2607.xlsx,PDL1.0,,2020年度基準(2020年度平均=100)。2026年4月分の公表から2020年度基準に改定(原本注)。ウエイト項目に営業余剰や間接税(消費税を含む)等を含めない(原本注)。原本の期間表示「2022年 4-6月」(暦年の四半期)。原本では1列右の見出しの下にある値。月別シートのこの系列の3か月平均と一致(差 0.00、0.1 以内)を確かめて、この系列に付け直した(2026-09-26 番人。付け直した 800 セルが全部一致)。
35634524f6582974,JP,index,建設工事費デフレーター（2020年度基準） 四半期別,S事務所・その他,S事務所・その他,index (2020年度平均 = 100),national,JP,日本,,,,,,index_value,not_set,,,2022Q2,,mlit-deflator-tsuki-2607,,https://www.mlit.go.jp/statistics/details/content/deftsuki_2607.xlsx,PDL1.0,,2020年度基準(2020年度平均=100)。2026年4月分の公表から2020年度基準に改定(原本注)。ウエイト項目に営業余剰や間接税(消費税を含む)等を含めない(原本注)。原本の期間表示「2022年 4-6月」(暦年の四半期)。原本の四半期別では、列ずれのため、この系列のこの期間の値がどの列にも無い(2026-09-26 番人)。月別シートの値はある。
2bfdc821723038f5,JP,index,建設工事費デフレーター（2020年度基準） 四半期別,地方道路公社等,建設総合 > 土木総合 > 公共事業 > 土木1（除く災害復旧） > 道路総合 > 有料道路 > 地方道路公社等,index (2020年度平均 = 100),national,JP,日本,,,,108.3,,index_value,published_pdl,,,2022Q3,,mlit-deflator-tsuki-2607,deftsuki2020（四半期別）!AT36(見出しは右隣の系列。値はこの系列),https://www.mlit.go.jp/statistics/details/content/deftsuki_2607.xlsx,PDL1.0,,2020年度基準(2020年度平均=100)。2026年4月分の公表から2020年度基準に改定(原本注)。ウエイト項目に営業余剰や間接税(消費税を含む)等を含めない(原本注)。原本の期間表示「2022年 7-9月」(暦年の四半期)。原本では1列右の見出しの下にある値。月別シートのこの系列の3か月平均と一致(差 0.00、0.1 以内)を確かめて、この系列に付け直した(2026-09-26 番人。付け直した 800 セルが全部一致)。
dbcb8921210a1815,JP,index,建設工事費デフレーター（2020年度基準） 四半期別,道路2（再掲）,建設総合 > 土木総合 > 公共事業 > 土木1（除く災害復旧） > 道路2（再掲）,index (2020年度平均 = 100),national,JP,日本,,,,108,,index_value,published_pdl,,,2022Q3,,mlit-deflator-tsuki-2607,deftsuki2020（四半期別）!AU36(見出しは右隣の系列。値はこの系列),https://www.mlit.go.jp/statistics/details/content/deftsuki_2607.xlsx,PDL1.0,,2020年度基準(2020年度平均=100)。2026年4月分の公表から2020年度基準に改定(原本注)。ウエイト項目に営業余剰や間接税(消費税を含む)等を含めない(原本注)。原本の期間表示「2022年 7-9月」(暦年の四半期)。原本では1列右の見出しの下にある値。月別シートのこの系列の3か月平均と一致(差 0.03、0.1 以内)を確かめて、この系列に付け直した(2026-09-26 番人。付け直した 800 セルが全部一致)。
4fbc226cac410d02,JP,index,建設工事費デフレーター（2020年度基準） 四半期別,街路2（再掲）,建設総合 > 土木総合 > 公共事業 > 土木1（除く災害復旧） > 街路2（再掲）,index (2020年度平均 = 100),national,JP,日本,,,,107.7,,index_value,published_pdl,,,2022Q3,,mlit-deflator-tsuki-2607,deftsuki2020（四半期別）!AV36(見出しは右隣の系列。値はこの系列),https://www.mlit.go.jp/statistics/details/content/deftsuki_2607.xlsx,PDL1.0,,2020年度基準(2020年度平均=100)。2026年4月分の公表から2020年度基準に改定(原本注)。ウエイト項目に営業余剰や間接税(消費税を含む)等を含めない(原本注)。原本の期間表示「2022年 7-9月」(暦年の四半期)。原本では1列右の見出しの下にある値。月別シートのこの系列の3か月平均と一致(差 0.00、0.1 以内)を確かめて、この系列に付け直した(2026-09-26 番人。付け直した 800 セルが全部一致)。
272ba3287551c1b0,JP,index,建設工事費デフレーター（2020年度基準） 四半期別,公園,建設総合 > 土木総合 > 公共事業 > 土木1（除く災害復旧） > 公園,index (2020年度平均 = 100),national,JP,日本,,,,106.9,,index_value,published_pdl,,,2022Q3,,mlit-deflator-tsuki-2607,deftsuki2020（四半期別）!AW36(見出しは右隣の系列。値はこの系列),https://www.mlit.go.jp/statistics/details/content/deftsuki_2607.xlsx,PDL1.0,,2020年度基準(2020年度平均=100)。2026年4月分の公表から2020年度基準に改定(原本注)。ウエイト項目に営業余剰や間接税(消費税を含む)等を含めない(原本注)。原本の期間表示「2022年 7-9月」(暦年の四半期)。原本では1列右の見出しの下にある値。月別シートのこの系列の3か月平均と一致(差 0.03、0.1 以内)を確かめて、この系列に付け直した(2026-09-26 番人。付け直した 800 セルが全部一致)。
eaf6f7713ef06c31,JP,index,建設工事費デフレーター（2020年度基準） 四半期別,下水道,建設総合 > 土木総合 > 公共事業 > 土木1（除く災害復旧） > 下水道,index (2020年度平均 = 100),national,JP,日本,,,,107.6,,index_value,published_pdl,,,2022Q3,,mlit-deflator-tsuki-2607,deftsuki2020（四半期別）!AX36(見出しは右隣の系列。値はこの系列),https://www.mlit.go.jp/statistics/details/content/deftsuki_2607.xlsx,PDL1.0,,2020年度基準(2020年度平均=100)。2026年4月分の公表から2020年度基準に改定(原本注)。ウエイト項目に営業余剰や間接税(消費税を含む)等を含めない(原本注)。原本の期間表示「2022年 7-9月」(暦年の四半期)。原本では1列右の見出しの下にある値。月別シートのこの系列の3か月平均と一致(差 0.07、0.1 以内)を確かめて、この系列に付け直した(2026-09-26 番人。付け直した 800 セルが全部一致)。
8591d95635697ac3,JP,index,建設工事費デフレーター（2020年度基準） 四半期別,災害復旧,建設総合 > 土木総合 > 公共事業 > 土木1（除く災害復旧） > 災害復旧,index (2020年度平均 = 100),national,JP,日本,,,,106,,index_value,published_pdl,,,2022Q3,,mlit-deflator-tsuki-2607,deftsuki2020（四半期別）!AY36(見出しは右隣の系列。値はこの系列),https://www.mlit.go.jp/statistics/details/content/deftsuki_2607.xlsx,PDL1.0,,2020年度基準(2020年度平均=100)。2026年4月分の公表から2020年度基準に改定(原本注)。ウエイト項目に営業余剰や間接税(消費税を含む)等を含めない(原本注)。原本の期間表示「2022年 7-9月」(暦年の四半期)。原本では1列右の見出しの下にある値。月別シートのこの系列の3か月平均と一致(差 0.03、0.1 以内)を確かめて、この系列に付け直した(2026-09-26 番人。付け直した 800 セルが全部一致)。
4c5879be6e0fdb34,JP,index,建設工事費デフレーター（2020年度基準） 四半期別,土木2,建設総合 > 土木総合 > 公共事業 > 土木2,index (2020年度平均 = 100),national,JP,日本,,,,107.9,,index_value,published_pdl,,,2022Q3,,mlit-deflator-tsuki-2607,deftsuki2020（四半期別）!AZ36(見出しは右隣の系列。値はこの系列),https://www.mlit.go.jp/statistics/details/content/deftsuki_2607.xlsx,PDL1.0,,2020年度基準(2020年度平均=100)。2026年4月分の公表から2020年度基準に改定(原本注)。ウエイト項目に営業余剰や間接税(消費税を含む)等を含めない(原本注)。原本の期間表示「2022年 7-9月」(暦年の四半期)。原本では1列右の見出しの下にある値。月別シートのこの系列の3か月平均と一致(差 0.00、0.1 以内)を確かめて、この系列に付け直した(2026-09-26 番人。付け直した 800 セルが全部一致)。
3606bb97674ad17b,JP,index,建設工事費デフレーター（2020年度基準） 四半期別,港湾・漁港,建設総合 > 土木総合 > 公共事業 > 土木2 > 港湾・漁港,index (2020年度平均 = 100),national,JP,日本,,,,107.8,,index_value,published_pdl,,,2022Q3,,mlit-deflator-tsuki-2607,deftsuki2020（四半期別）!BA36(見出しは右隣の系列。値はこの系列),https://www.mlit.go.jp/statistics/details/content/deftsuki_2607.xlsx,PDL1.0,,2020年度基準(2020年度平均=100)。2026年4月分の公表から2020年度基準に改定(原本注)。ウエイト項目に営業余剰や間接税(消費税を含む)等を含めない(原本注)。原本の期間表示「2022年 7-9月」(暦年の四半期)。原本では1列右の見出しの下にある値。月別シートのこの系列の3か月平均と一致(差 0.03、0.1 以内)を確かめて、この系列に付け直した(2026-09-26 番人。付け直した 800 セルが全部一致)。
35da6eb8199c9d1e,JP,index,建設工事費デフレーター（2020年度基準） 四半期別,空港,建設総合 > 土木総合 > 公共事業 > 土木2 > 空港,index (2020年度平均 = 100),national,JP,日本,,,,105.2,,index_value,published_pdl,,,2022Q3,,mlit-deflator-tsuki-2607,deftsuki2020（四半期別）!BB36(見出しは右隣の系列。値はこの系列),https://www.mlit.go.jp/statistics/details/content/deftsuki_2607.xlsx,PDL1.0,,2020年度基準(2020年度平均=100)。2026年4月分の公表から2020年度基準に改定(原本注)。ウエイト項目に営業余剰や間接税(消費税を含む)等を含めない(原本注)。原本の期間表示「2022年 7-9月」(暦年の四半期)。原本では1列右の見出しの下にある値。月別シートのこの系列の3か月平均と一致(差 0.03、0.1 以内)を確かめて、この系列に付け直した(2026-09-26 番人。付け直した 800 セルが全部一致)。
a8b8d165d48682c6,JP,index,建設工事費デフレーター（2020年度基準） 四半期別,環境衛生,建設総合 > 土木総合 > 公共事業 > 土木2 > 環境衛生,index (2020年度平均 = 100),national,JP,日本,,,,109.3,,index_value,published_pdl,,,2022Q3,,mlit-deflator-tsuki-2607,deftsuki2020（四半期別）!BC36(見出しは右隣の系列。値はこの系列),https://www.mlit.go.jp/statistics/details/content/deftsuki_2607.xlsx,PDL1.0,,2020年度基準(2020年度平均=100)。2026年4月分の公表から2020年度基準に改定(原本注)。ウエイト項目に営業余剰や間接税(消費税を含む)等を含めない(原本注)。原本の期間表示「2022年 7-9月」(暦年の四半期)。原本では1列右の見出しの下にある値。月別シートのこの系列の3か月平均と一致(差 0.00、0.1 以内)を確かめて、この系列に付け直した(2026-09-26 番人。付け直した 800 セルが全部一致)。
aaf7c12fd2eafa35,JP,index,建設工事費デフレーター（2020年度基準） 四半期別,農林関係公共事業,建設総合 > 土木総合 > 公共事業 > 土木2 > 農林関係公共事業,index (2020年度平均 = 100),national,JP,日本,,,,107.7,,index_value,published_pdl,,,2022Q3,,mlit-deflator-tsuki-2607,deftsuki2020（四半期別）!BD36(見出しは右隣の系列。値はこの系列),https://www.mlit.go.jp/statistics/details/content/deftsuki_2607.xlsx,PDL1.0,,2020年度基準(2020年度平均=100)。2026年4月分の公表から2020年度基準に改定(原本注)。ウエイト項目に営業余剰や間接税(消費税を含む)等を含めない(原本注)。原本の期間表示「2022年 7-9月」(暦年の四半期)。原本では1列右の見出しの下にある値。月別シートのこの系列の3か月平均と一致(差 0.03、0.1 以内)を確かめて、この系列に付け直した(2026-09-26 番人。付け直した 800 セルが全部一致)。
98058a12695635f9,JP,index,建設工事費デフレーター（2020年度基準） 四半期別,その他土木,建設総合 > 土木総合 > その他土木 (原本の列 BD。同じ表頭の列が2つある),index (2020年度平均 = 100),national,JP,日本,,,,108.3,,index_value,published_pdl,,,2022Q3,,mlit-deflator-tsuki-2607,deftsuki2020（四半期別）!BE36(見出しは右隣の系列。値はこの系列),https://www.mlit.go.jp/statistics/details/content/deftsuki_2607.xlsx,PDL1.0,,2020年度基準(2020年度平均=100)。2026年4月分の公表から2020年度基準に改定(原本注)。ウエイト項目に営業余剰や間接税(消費税を含む)等を含めない(原本注)。原本の期間表示「2022年 7-9月」(暦年の四半期)。原本では1列右の見出しの下にある値。月別シートのこの系列の3か月平均と一致(差 0.03、0.1 以内)を確かめて、この系列に付け直した(2026-09-26 番人。付け直した 800 セルが全部一致)。
4c59dc02c1d181d3,JP,index,建設工事費デフレーター（2020年度基準） 四半期別,鉄道軌道,建設総合 > 土木総合 > その他土木 > 鉄道軌道,index (2020年度平均 = 100),national,JP,日本,,,,110.1,,index_value,published_pdl,,,2022Q3,,mlit-deflator-tsuki-2607,deftsuki2020（四半期別）!BF36(見出しは右隣の系列。値はこの系列),https://www.mlit.go.jp/statistics/details/content/deftsuki_2607.xlsx,PDL1.0,,2020年度基準(2020年度平均=100)。2026年4月分の公表から2020年度基準に改定(原本注)。ウエイト項目に営業余剰や間接税(消費税を含む)等を含めない(原本注)。原本の期間表示「2022年 7-9月」(暦年の四半期)。原本では1列右の見出しの下にある値。月別シートのこの系列の3か月平均と一致(差 0.03、0.1 以内)を確かめて、この系列に付け直した(2026-09-26 番人。付け直した 800 セルが全部一致)。
544ca9821f46cf7a,JP,index,建設工事費デフレーター（2020年度基準） 四半期別,電力,建設総合 > 土木総合 > その他土木 > 電力,index (2020年度平均 = 100),national,JP,日本,,,,107.9,,index_value,published_pdl,,,2022Q3,,mlit-deflator-tsuki-2607,deftsuki2020（四半期別）!BG36(見出しは右隣の系列。値はこの系列),https://www.mlit.go.jp/statistics/details/content/deftsuki_2607.xlsx,PDL1.0,,2020年度基準(2020年度平均=100)。2026年4月分の公表から2020年度基準に改定(原本注)。ウエイト項目に営業余剰や間接税(消費税を含む)等を含めない(原本注)。原本の期間表示「2022年 7-9月」(暦年の四半期)。原本では1列右の見出しの下にある値。月別シートのこの系列の3か月平均と一致(差 0.00、0.1 以内)を確かめて、この系列に付け直した(2026-09-26 番人。付け直した 800 セルが全部一致)。
2002c72b466f5664,JP,index,建設工事費デフレーター（2020年度基準） 四半期別,電気通信,建設総合 > 土木総合 > その他土木 > 電気通信,index (2020年度平均 = 100),national,JP,日本,,,,106.3,,index_value,published_pdl,,,2022Q3,,mlit-deflator-tsuki-2607,deftsuki2020（四半期別）!BH36(見出しは右隣の系列。値はこの系列),https://www.mlit.go.jp/statistics/details/content/deftsuki_2607.xlsx,PDL1.0,,2020年度基準(2020年度平均=100)。2026年4月分の公表から2020年度基準に改定(原本注)。ウエイト項目に営業余剰や間接税(消費税を含む)等を含めない(原本注)。原本の期間表示「2022年 7-9月」(暦年の四半期)。原本では1列右の見出しの下にある値。月別シートのこの系列の3か月平均と一致(差 0.00、0.1 以内)を確かめて、この系列に付け直した(2026-09-26 番人。付け直した 800 セルが全部一致)。
ae64bc3994c6ea02,JP,index,建設工事費デフレーター（2020年度基準） 四半期別,上・工業用水道,建設総合 > 土木総合 > その他土木 > 上・工業用水道,index (2020年度平均 = 100),national,JP,日本,,,,107.9,,index_value,published_pdl,,,2022Q3,,mlit-deflator-tsuki-2607,deftsuki2020（四半期別）!BI36(見出しは右隣の系列。値はこの系列),https://www.mlit.go.jp/statistics/details/content/deftsuki_2607.xlsx,PDL1.0,,2020年度基準(2020年度平均=100)。2026年4月分の公表から2020年度基準に改定(原本注)。ウエイト項目に営業余剰や間接税(消費税を含む)等を含めない(原本注)。原本の期間表示「2022年 7-9月」(暦年の四半期)。原本では1列右の見出しの下にある値。月別シートのこの系列の3か月平均と一致(差 0.00、0.1 以内)を確かめて、この系列に付け直した(2026-09-26 番人。付け直した 800 セルが全部一致)。
fde38143f1e57163,JP,index,建設工事費デフレーター（2020年度基準） 四半期別,土地造成,建設総合 > 土木総合 > その他土木 > 土地造成,index (2020年度平均 = 100),national,JP,日本,,,,106.3,,index_value,published_pdl,,,2022Q3,,mlit-deflator-tsuki-2607,deftsuki2020（四半期別）!BJ36(見出しは右隣の系列。値はこの系列),https://www.mlit.go.jp/statistics/details/content/deftsuki_2607.xlsx,PDL1.0,,2020年度基準(2020年度平均=100)。2026年4月分の公表から2020年度基準に改定(原本注)。ウエイト項目に営業余剰や間接税(消費税を含む)等を含めない(原本注)。原本の期間表示「2022年 7-9月」(暦年の四半期)。原本では1列右の見出しの下にある値。月別シートのこの系列の3か月平均と一致(差 0.03、0.1 以内)を確かめて、この系列に付け直した(2026-09-26 番人。付け直した 800 セルが全部一致)。
2d2163eca471ebdb,JP,index,建設工事費デフレーター（2020年度基準） 四半期別,その他土木,建設総合 > 土木総合 > その他土木 (原本の列 BJ。同じ表頭の列が2つある),index (2020年度平均 = 100),national,JP,日本,,,,108,,index_value,published_pdl,,,2022Q3,,mlit-deflator-tsuki-2607,deftsuki2020（四半期別）!BK36(見出しは右隣の系列。値はこの系列),https://www.mlit.go.jp/statistics/details/content/deftsuki_2607.xlsx,PDL1.0,,2020年度基準(2020年度平均=100)。2026年4月分の公表から2020年度基準に改定(原本注)。ウエイト項目に営業余剰や間接税(消費税を含む)等を含めない(原本注)。原本の期間表示「2022年 7-9月」(暦年の四半期)。原本では1列右の見出しの下にある値。月別シートのこの系列の3か月平均と一致(差 0.00、0.1 以内)を確かめて、この系列に付け直した(2026-09-26 番人。付け直した 800 セルが全部一致)。
d2f66d7cc6e61316,JP,index,建設工事費デフレーター（2020年度基準） 四半期別,W在来住宅,W在来住宅,index (2020年度平均 = 100),national,JP,日本,,,,116.5,,index_value,published_pdl,,,2022Q3,,mlit-deflator-tsuki-2607,deftsuki2020（四半期別）!BL36(見出しは右隣の系列。値はこの系列),https://www.mlit.go.jp/statistics/details/content/deftsuki_2607.xlsx,PDL1.0,,2020年度基準(2020年度平均=100)。2026年4月分の公表から2020年度基準に改定(原本注)。ウエイト項目に営業余剰や間接税(消費税を含む)等を含めない(原本注)。原本の期間表示「2022年 7-9月」(暦年の四半期)。原本では1列右の見出しの下にある値。月別シートのこの系列の3か月平均と一致(差 0.03、0.1 以内)を確かめて、この系列に付け直した(2026-09-26 番人。付け直した 800 セルが全部一致)。
552f18ea7955653d,JP,index,建設工事費デフレーター（2020年度基準） 四半期別,W量産住宅,W量産住宅,index (2020年度平均 = 100),national,JP,日本,,,,122.8,,index_value,published_pdl,,,2022Q3,,mlit-deflator-tsuki-2607,deftsuki2020（四半期別）!BM36(見出しは右隣の系列。値はこの系列),https://www.mlit.go.jp/statistics/details/content/deftsuki_2607.xlsx,PDL1.0,,2020年度基準(2020年度平均=100)。2026年4月分の公表から2020年度基準に改定(原本注)。ウエイト項目に営業余剰や間接税(消費税を含む)等を含めない(原本注)。原本の期間表示「2022年 7-9月」(暦年の四半期)。原本では1列右の見出しの下にある値。月別シートのこの系列の3か月平均と一致(差 0.03、0.1 以内)を確かめて、この系列に付け直した(2026-09-26 番人。付け直した 800 セルが全部一致)。
e8672fa69f5bb6f2,JP,index,建設工事費デフレーター（2020年度基準） 四半期別,RC在来住宅,RC在来住宅,index (2020年度平均 = 100),national,JP,日本,,,,110.5,,index_value,published_pdl,,,2022Q3,,mlit-deflator-tsuki-2607,deftsuki2020（四半期別）!BN36(見出しは右隣の系列。値はこの系列),https://www.mlit.go.jp/statistics/details/content/deftsuki_2607.xlsx,PDL1.0,,2020年度基準(2020年度平均=100)。2026年4月分の公表から2020年度基準に改定(原本注)。ウエイト項目に営業余剰や間接税(消費税を含む)等を含めない(原本注)。原本の期間表示「2022年 7-9月」(暦年の四半期)。原本では1列右の見出しの下にある値。月別シートのこの系列の3か月平均と一致(差 0.03、0.1 以内)を確かめて、この系列に付け直した(2026-09-26 番人。付け直した 800 セルが全部一致)。
8b62d89f3be783f9,JP,index,建設工事費デフレーター（2020年度基準） 四半期別,RC量産住宅,RC量産住宅,index (2020年度平均 = 100),national,JP,日本,,,,111.8,,index_value,published_pdl,,,2022Q3,,mlit-deflator-tsuki-2607,deftsuki2020（四半期別）!BO36(見出しは右隣の系列。値はこの系列),https://www.mlit.go.jp/statistics/details/content/deftsuki_2607.xlsx,PDL1.0,,2020年度基準(2020年度平均=100)。2026年4月分の公表から2020年度基準に改定(原本注)。ウエイト項目に営業余剰や間接税(消費税を含む)等を含めない(原本注)。原本の期間表示「2022年 7-9月」(暦年の四半期)。原本では1列右の見出しの下にある値。月別シートのこの系列の3か月平均と一致(差 0.00、0.1 以内)を確かめて、この系列に付け直した(2026-09-26 番人。付け直した 800 セルが全部一致)。
ca8a009453a611ad,JP,index,建設工事費デフレーター（2020年度基準） 四半期別,S在来住宅,S在来住宅,index (2020年度平均 = 100),national,JP,日本,,,,109.8,,index_value,published_pdl,,,2022Q3,,mlit-deflator-tsuki-2607,deftsuki2020（四半期別）!BP36(見出しは右隣の系列。値はこの系列),https://www.mlit.go.jp/statistics/details/content/deftsuki_2607.xlsx,PDL1.0,,2020年度基準(2020年度平均=100)。2026年4月分の公表から2020年度基準に改定(原本注)。ウエイト項目に営業余剰や間接税(消費税を含む)等を含めない(原本注)。原本の期間表示「2022年 7-9月」(暦年の四半期)。原本では1列右の見出しの下にある値。月別シートのこの系列の3か月平均と一致(差 0.00、0.1 以内)を確かめて、この系列に付け直した(2026-09-26 番人。付け直した 800 セルが全部一致)。
1b852f4edd32499f,JP,index,建設工事費デフレーター（2020年度基準） 四半期別,S量産住宅,S量産住宅,index (2020年度平均 = 100),national,JP,日本,,,,118.1,,index_value,published_pdl,,,2022Q3,,mlit-deflator-tsuki-2607,deftsuki2020（四半期別）!BQ36(見出しは右隣の系列。値はこの系列),https://www.mlit.go.jp/statistics/details/content/deftsuki_2607.xlsx,PDL1.0,,2020年度基準(2020年度平均=100)。2026年4月分の公表から2020年度基準に改定(原本注)。ウエイト項目に営業余剰や間接税(消費税を含む)等を含めない(原本注)。原本の期間表示「2022年 7-9月」(暦年の四半期)。原本では1列右の見出しの下にある値。月別シートのこの系列の3か月平均と一致(差 0.00、0.1 以内)を確かめて、この系列に付け直した(2026-09-26 番人。付け直した 800 セルが全部一致)。
3a333e2fa9ec1d9a,JP,index,建設工事費デフレーター（2020年度基準） 四半期別,W工場・倉庫,W工場・倉庫,index (2020年度平均 = 100),national,JP,日本,,,,112,,index_value,published_pdl,,,2022Q3,,mlit-deflator-tsuki-2607,deftsuki2020（四半期別）!BR36(見出しは右隣の系列。値はこの系列),https://www.mlit.go.jp/statistics/details/content/deftsuki_2607.xlsx,PDL1.0,,2020年度基準(2020年度平均=100)。2026年4月分の公表から2020年度基準に改定(原本注)。ウエイト項目に営業余剰や間接税(消費税を含む)等を含めない(原本注)。原本の期間表示「2022年 7-9月」(暦年の四半期)。原本では1列右の見出しの下にある値。月別シートのこの系列の3か月平均と一致(差 0.00、0.1 以内)を確かめて、この系列に付け直した(2026-09-26 番人。付け直した 800 セルが全部一致)。
c504de1f7a470d7f,JP,index,建設工事費デフレーター（2020年度基準） 四半期別,W事務所・その他,W事務所・その他,index (2020年度平均 = 100),national,JP,日本,,,,112.5,,index_value,published_pdl,,,2022Q3,,mlit-deflator-tsuki-2607,deftsuki2020（四半期別）!BS36(見出しは右隣の系列。値はこの系列),https://www.mlit.go.jp/statistics/details/content/deftsuki_2607.xlsx,PDL1.0,,2020年度基準(2020年度平均=100)。2026年4月分の公表から2020年度基準に改定(原本注)。ウエイト項目に営業余剰や間接税(消費税を含む)等を含めない(原本注)。原本の期間表示「2022年 7-9月」(暦年の四半期)。原本では1列右の見出しの下にある値。月別シートのこの系列の3か月平均と一致(差 0.03、0.1 以内)を確かめて、この系列に付け直した(2026-09-26 番人。付け直した 800 セルが全部一致)。
486a27ddb8a7c1c0,JP,index,建設工事費デフレーター（2020年度基準） 四半期別,SRC工場・倉庫,SRC工場・倉庫,index (2020年度平均 = 100),national,JP,日本,,,,108.5,,index_value,published_pdl,,,2022Q3,,mlit-deflator-tsuki-2607,deftsuki2020（四半期別）!BT36(見出しは右隣の系列。値はこの系列),https://www.mlit.go.jp/statistics/details/content/deftsuki_2607.xlsx,PDL1.0,,2020年度基準(2020年度平均=100)。2026年4月分の公表から2020年度基準に改定(原本注)。ウエイト項目に営業余剰や間接税(消費税を含む)等を含めない(原本注)。原本の期間表示「2022年 7-9月」(暦年の四半期)。原本では1列右の見出しの下にある値。月別シートのこの系列の3か月平均と一致(差 0.03、0.1 以内)を確かめて、この系列に付け直した(2026-09-26 番人。付け直した 800 セルが全部一致)。
5c1366565ef8258f,JP,index,建設工事費デフレーター（2020年度基準） 四半期別,SRC事務所・その他,SRC事務所・その他,index (2020年度平均 = 100),national,JP,日本,,,,108.1,,index_value,published_pdl,,,2022Q3,,mlit-deflator-tsuki-2607,deftsuki2020（四半期別）!BU36(見出しは右隣の系列。値はこの系列),https://www.mlit.go.jp/statistics/details/content/deftsuki_2607.xlsx,PDL1.0,,2020年度基準(2020年度平均=100)。2026年4月分の公表から2020年度基準に改定(原本注)。ウエイト項目に営業余剰や間接税(消費税を含む)等を含めない(原本注)。原本の期間表示「2022年 7-9月」(暦年の四半期)。原本では1列右の見出しの下にある値。月別シートのこの系列の3か月平均と一致(差 0.00、0.1 以内)を確かめて、この系列に付け直した(2026-09-26 番人。付け直した 800 セルが全部一致)。
fff44d0c2c2b2a15,JP,index,建設工事費デフレーター（2020年度基準） 四半期別,RC工場・倉庫,RC工場・倉庫,index (2020年度平均 = 100),national,JP,日本,,,,108.6,,index_value,published_pdl,,,2022Q3,,mlit-deflator-tsuki-2607,deftsuki2020（四半期別）!BV36(見出しは右隣の系列。値はこの系列),https://www.mlit.go.jp/statistics/details/content/deftsuki_2607.xlsx,PDL1.0,,2020年度基準(2020年度平均=100)。2026年4月分の公表から2020年度基準に改定(原本注)。ウエイト項目に営業余剰や間接税(消費税を含む)等を含めない(原本注)。原本の期間表示「2022年 7-9月」(暦年の四半期)。原本では1列右の見出しの下にある値。月別シートのこの系列の3か月平均と一致(差 0.03、0.1 以内)を確かめて、この系列に付け直した(2026-09-26 番人。付け直した 800 セルが全部一致)。
3b6be3b02fd249af,JP,index,建設工事費デフレーター（2020年度基準） 四半期別,RC学校,RC学校,index (2020年度平均 = 100),national,JP,日本,,,,109.6,,index_value,published_pdl,,,2022Q3,,mlit-deflator-tsuki-2607,deftsuki2020（四半期別）!BW36(見出しは右隣の系列。値はこの系列),https://www.mlit.go.jp/statistics/details/content/deftsuki_2607.xlsx,PDL1.0,,2020年度基準(2020年度平均=100)。2026年4月分の公表から2020年度基準に改定(原本注)。ウエイト項目に営業余剰や間接税(消費税を含む)等を含めない(原本注)。原本の期間表示「2022年 7-9月」(暦年の四半期)。原本では1列右の見出しの下にある値。月別シートのこの系列の3か月平均と一致(差 0.00、0.1 以内)を確かめて、この系列に付け直した(2026-09-26 番人。付け直した 800 セルが全部一致)。
eabb924edb35752f,JP,index,建設工事費デフレーター（2020年度基準） 四半期別,RC事務所・その他,RC事務所・その他,index (2020年度平均 = 100),national,JP,日本,,,,109.2,,index_value,published_pdl,,,2022Q3,,mlit-deflator-tsuki-2607,deftsuki2020（四半期別）!BX36(見出しは右隣の系列。値はこの系列),https://www.mlit.go.jp/statistics/details/content/deftsuki_2607.xlsx,PDL1.0,,2020年度基準(2020年度平均=100)。2026年4月分の公表から2020年度基準に改定(原本注)。ウエイト項目に営業余剰や間接税(消費税を含む)等を含めない(原本注)。原本の期間表示「2022年 7-9月」(暦年の四半期)。原本では1列右の見出しの下にある値。月別シートのこの系列の3か月平均と一致(差 0.07、0.1 以内)を確かめて、この系列に付け直した(2026-09-26 番人。付け直した 800 セルが全部一致)。
8a9d63c367dbf638,JP,index,建設工事費デフレーター（2020年度基準） 四半期別,S工場・倉庫,S工場・倉庫,index (2020年度平均 = 100),national,JP,日本,,,,108.4,,index_value,published_pdl,,,2022Q3,,mlit-deflator-tsuki-2607,deftsuki2020（四半期別）!BY36(見出しは右隣の系列。値はこの系列),https://www.mlit.go.jp/statistics/details/content/deftsuki_2607.xlsx,PDL1.0,,2020年度基準(2020年度平均=100)。2026年4月分の公表から2020年度基準に改定(原本注)。ウエイト項目に営業余剰や間接税(消費税を含む)等を含めない(原本注)。原本の期間表示「2022年 7-9月」(暦年の四半期)。原本では1列右の見出しの下にある値。月別シートのこの系列の3か月平均と一致(差 0.07、0.1 以内)を確かめて、この系列に付け直した(2026-09-26 番人。付け直した 800 セルが全部一致)。
acc3bf2271063b82,JP,index,建設工事費デフレーター（2020年度基準） 四半期別,S事務所・その他,S事務所・その他,index (2020年度平均 = 100),national,JP,日本,,,,,,index_value,not_set,,,2022Q3,,mlit-deflator-tsuki-2607,,https://www.mlit.go.jp/statistics/details/content/deftsuki_2607.xlsx,PDL1.0,,2020年度基準(2020年度平均=100)。2026年4月分の公表から2020年度基準に改定(原本注)。ウエイト項目に営業余剰や間接税(消費税を含む)等を含めない(原本注)。原本の期間表示「2022年 7-9月」(暦年の四半期)。原本の四半期別では、列ずれのため、この系列のこの期間の値がどの列にも無い(2026-09-26 番人)。月別シートの値はある。
7451285cbe281de8,JP,index,建設工事費デフレーター（2020年度基準） 四半期別,地方道路公社等,建設総合 > 土木総合 > 公共事業 > 土木1（除く災害復旧） > 道路総合 > 有料道路 > 地方道路公社等,index (2020年度平均 = 100),national,JP,日本,,,,111.2,,index_value,published_pdl,,,2022Q4,,mlit-deflator-tsuki-2607,deftsuki2020（四半期別）!AT37(見出しは右隣の系列。値はこの系列),https://www.mlit.go.jp/statistics/details/content/deftsuki_2607.xlsx,PDL1.0,,2020年度基準(2020年度平均=100)。2026年4月分の公表から2020年度基準に改定(原本注)。ウエイト項目に営業余剰や間接税(消費税を含む)等を含めない(原本注)。原本の期間表示「2022年 10-12月」(暦年の四半期)。原本では1列右の見出しの下にある値。月別シートのこの系列の3か月平均と一致(差 0.00、0.1 以内)を確かめて、この系列に付け直した(2026-09-26 番人。付け直した 800 セルが全部一致)。
143e556229a92f0f,JP,index,建設工事費デフレーター（2020年度基準） 四半期別,道路2（再掲）,建設総合 > 土木総合 > 公共事業 > 土木1（除く災害復旧） > 道路2（再掲）,index (2020年度平均 = 100),national,JP,日本,,,,110.7,,index_value,published_pdl,,,2022Q4,,mlit-deflator-tsuki-2607,deftsuki2020（四半期別）!AU37(見出しは右隣の系列。値はこの系列),https://www.mlit.go.jp/statistics/details/content/deftsuki_2607.xlsx,PDL1.0,,2020年度基準(2020年度平均=100)。2026年4月分の公表から2020年度基準に改定(原本注)。ウエイト項目に営業余剰や間接税(消費税を含む)等を含めない(原本注)。原本の期間表示「2022年 10-12月」(暦年の四半期)。原本では1列右の見出しの下にある値。月別シートのこの系列の3か月平均と一致(差 0.03、0.1 以内)を確かめて、この系列に付け直した(2026-09-26 番人。付け直した 800 セルが全部一致)。
465ef89c58a67f65,JP,index,建設工事費デフレーター（2020年度基準） 四半期別,街路2（再掲）,建設総合 > 土木総合 > 公共事業 > 土木1（除く災害復旧） > 街路2（再掲）,index (2020年度平均 = 100),national,JP,日本,,,,110.5,,index_value,published_pdl,,,2022Q4,,mlit-deflator-tsuki-2607,deftsuki2020（四半期別）!AV37(見出しは右隣の系列。値はこの系列),https://www.mlit.go.jp/statistics/details/content/deftsuki_2607.xlsx,PDL1.0,,2020年度基準(2020年度平均=100)。2026年4月分の公表から2020年度基準に改定(原本注)。ウエイト項目に営業余剰や間接税(消費税を含む)等を含めない(原本注)。原本の期間表示「2022年 10-12月」(暦年の四半期)。原本では1列右の見出しの下にある値。月別シートのこの系列の3か月平均と一致(差 0.03、0.1 以内)を確かめて、この系列に付け直した(2026-09-26 番人。付け直した 800 セルが全部一致)。
729d67e5f15e5a94,JP,index,建設工事費デフレーター（2020年度基準） 四半期別,公園,建設総合 > 土木総合 > 公共事業 > 土木1（除く災害復旧） > 公園,index (2020年度平均 = 100),national,JP,日本,,,,109.2,,index_value,published_pdl,,,2022Q4,,mlit-deflator-tsuki-2607,deftsuki2020（四半期別）!AW37(見出しは右隣の系列。値はこの系列),https://www.mlit.go.jp/statistics/details/content/deftsuki_2607.xlsx,PDL1.0,,2020年度基準(2020年度平均=100)。2026年4月分の公表から2020年度基準に改定(原本注)。ウエイト項目に営業余剰や間接税(消費税を含む)等を含めない(原本注)。原本の期間表示「2022年 10-12月」(暦年の四半期)。原本では1列右の見出しの下にある値。月別シートのこの系列の3か月平均と一致(差 0.03、0.1 以内)を確かめて、この系列に付け直した(2026-09-26 番人。付け直した 800 セルが全部一致)。
fcb296d633a52734,JP,index,建設工事費デフレーター（2020年度基準） 四半期別,下水道,建設総合 > 土木総合 > 公共事業 > 土木1（除く災害復旧） > 下水道,index (2020年度平均 = 100),national,JP,日本,,,,110.4,,index_value,published_pdl,,,2022Q4,,mlit-deflator-tsuki-2607,deftsuki2020（四半期別）!AX37(見出しは右隣の系列。値はこの系列),https://www.mlit.go.jp/statistics/details/content/deftsuki_2607.xlsx,PDL1.0,,2020年度基準(2020年度平均=100)。2026年4月分の公表から2020年度基準に改定(原本注)。ウエイト項目に営業余剰や間接税(消費税を含む)等を含めない(原本注)。原本の期間表示「2022年 10-12月」(暦年の四半期)。原本では1列右の見出しの下にある値。月別シートのこの系列の3か月平均と一致(差 0.00、0.1 以内)を確かめて、この系列に付け直した(2026-09-26 番人。付け直した 800 セルが全部一致)。
c838933ce109e888,JP,index,建設工事費デフレーター（2020年度基準） 四半期別,災害復旧,建設総合 > 土木総合 > 公共事業 > 土木1（除く災害復旧） > 災害復旧,index (2020年度平均 = 100),national,JP,日本,,,,108.4,,index_value,published_pdl,,,2022Q4,,mlit-deflator-tsuki-2607,deftsuki2020（四半期別）!AY37(見出しは右隣の系列。値はこの系列),https://www.mlit.go.jp/statistics/details/content/deftsuki_2607.xlsx,PDL1.0,,2020年度基準(2020年度平均=100)。2026年4月分の公表から2020年度基準に改定(原本注)。ウエイト項目に営業余剰や間接税(消費税を含む)等を含めない(原本注)。原本の期間表示「2022年 10-12月」(暦年の四半期)。原本では1列右の見出しの下にある値。月別シートのこの系列の3か月平均と一致(差 0.00、0.1 以内)を確かめて、この系列に付け直した(2026-09-26 番人。付け直した 800 セルが全部一致)。
d5e845b739a89b1b,JP,index,建設工事費デフレーター（2020年度基準） 四半期別,土木2,建設総合 > 土木総合 > 公共事業 > 土木2,index (2020年度平均 = 100),national,JP,日本,,,,110.8,,index_value,published_pdl,,,2022Q4,,mlit-deflator-tsuki-2607,deftsuki2020（四半期別）!AZ37(見出しは右隣の系列。値はこの系列),https://www.mlit.go.jp/statistics/details/content/deftsuki_2607.xlsx,PDL1.0,,2020年度基準(2020年度平均=100)。2026年4月分の公表から2020年度基準に改定(原本注)。ウエイト項目に営業余剰や間接税(消費税を含む)等を含めない(原本注)。原本の期間表示「2022年 10-12月」(暦年の四半期)。原本では1列右の見出しの下にある値。月別シートのこの系列の3か月平均と一致(差 0.03、0.1 以内)を確かめて、この系列に付け直した(2026-09-26 番人。付け直した 800 セルが全部一致)。
6395a50e574d2c2b,JP,index,建設工事費デフレーター（2020年度基準） 四半期別,港湾・漁港,建設総合 > 土木総合 > 公共事業 > 土木2 > 港湾・漁港,index (2020年度平均 = 100),national,JP,日本,,,,110.6,,index_value,published_pdl,,,2022Q4,,mlit-deflator-tsuki-2607,deftsuki2020（四半期別）!BA37(見出しは右隣の系列。値はこの系列),https://www.mlit.go.jp/statistics/details/content/deftsuki_2607.xlsx,PDL1.0,,2020年度基準(2020年度平均=100)。2026年4月分の公表から2020年度基準に改定(原本注)。ウエイト項目に営業余剰や間接税(消費税を含む)等を含めない(原本注)。原本の期間表示「2022年 10-12月」(暦年の四半期)。原本では1列右の見出しの下にある値。月別シートのこの系列の3か月平均と一致(差 0.00、0.1 以内)を確かめて、この系列に付け直した(2026-09-26 番人。付け直した 800 セルが全部一致)。
3eed7cb28137c938,JP,index,建設工事費デフレーター（2020年度基準） 四半期別,空港,建設総合 > 土木総合 > 公共事業 > 土木2 > 空港,index (2020年度平均 = 100),national,JP,日本,,,,108.1,,index_value,published_pdl,,,2022Q4,,mlit-deflator-tsuki-2607,deftsuki2020（四半期別）!BB37(見出しは右隣の系列。値はこの系列),https://www.mlit.go.jp/statistics/details/content/deftsuki_2607.xlsx,PDL1.0,,2020年度基準(2020年度平均=100)。2026年4月分の公表から2020年度基準に改定(原本注)。ウエイト項目に営業余剰や間接税(消費税を含む)等を含めない(原本注)。原本の期間表示「2022年 10-12月」(暦年の四半期)。原本では1列右の見出しの下にある値。月別シートのこの系列の3か月平均と一致(差 0.07、0.1 以内)を確かめて、この系列に付け直した(2026-09-26 番人。付け直した 800 セルが全部一致)。
655faaa68fcaf6ac,JP,index,建設工事費デフレーター（2020年度基準） 四半期別,環境衛生,建設総合 > 土木総合 > 公共事業 > 土木2 > 環境衛生,index (2020年度平均 = 100),national,JP,日本,,,,112.3,,index_value,published_pdl,,,2022Q4,,mlit-deflator-tsuki-2607,deftsuki2020（四半期別）!BC37(見出しは右隣の系列。値はこの系列),https://www.mlit.go.jp/statistics/details/content/deftsuki_2607.xlsx,PDL1.0,,2020年度基準(2020年度平均=100)。2026年4月分の公表から2020年度基準に改定(原本注)。ウエイト項目に営業余剰や間接税(消費税を含む)等を含めない(原本注)。原本の期間表示「2022年 10-12月」(暦年の四半期)。原本では1列右の見出しの下にある値。月別シートのこの系列の3か月平均と一致(差 0.07、0.1 以内)を確かめて、この系列に付け直した(2026-09-26 番人。付け直した 800 セルが全部一致)。
d7e6b63eca15c2f0,JP,index,建設工事費デフレーター（2020年度基準） 四半期別,農林関係公共事業,建設総合 > 土木総合 > 公共事業 > 土木2 > 農林関係公共事業,index (2020年度平均 = 100),national,JP,日本,,,,110.6,,index_value,published_pdl,,,2022Q4,,mlit-deflator-tsuki-2607,deftsuki2020（四半期別）!BD37(見出しは右隣の系列。値はこの系列),https://www.mlit.go.jp/statistics/details/content/deftsuki_2607.xlsx,PDL1.0,,2020年度基準(2020年度平均=100)。2026年4月分の公表から2020年度基準に改定(原本注)。ウエイト項目に営業余剰や間接税(消費税を含む)等を含めない(原本注)。原本の期間表示「2022年 10-12月」(暦年の四半期)。原本では1列右の見出しの下にある値。月別シートのこの系列の3か月平均と一致(差 0.03、0.1 以内)を確かめて、この系列に付け直した(2026-09-26 番人。付け直した 800 セルが全部一致)。
47e8497eaad4f65c,JP,index,建設工事費デフレーター（2020年度基準） 四半期別,その他土木,建設総合 > 土木総合 > その他土木 (原本の列 BD。同じ表頭の列が2つある),index (2020年度平均 = 100),national,JP,日本,,,,111.5,,index_value,published_pdl,,,2022Q4,,mlit-deflator-tsuki-2607,deftsuki2020（四半期別）!BE37(見出しは右隣の系列。値はこの系列),https://www.mlit.go.jp/statistics/details/content/deftsuki_2607.xlsx,PDL1.0,,2020年度基準(2020年度平均=100)。2026年4月分の公表から2020年度基準に改定(原本注)。ウエイト項目に営業余剰や間接税(消費税を含む)等を含めない(原本注)。原本の期間表示「2022年 10-12月」(暦年の四半期)。原本では1列右の見出しの下にある値。月別シートのこの系列の3か月平均と一致(差 0.03、0.1 以内)を確かめて、この系列に付け直した(2026-09-26 番人。付け直した 800 セルが全部一致)。
3662f3ad0e1ec8b0,JP,index,建設工事費デフレーター（2020年度基準） 四半期別,鉄道軌道,建設総合 > 土木総合 > その他土木 > 鉄道軌道,index (2020年度平均 = 100),national,JP,日本,,,,113.7,,index_value,published_pdl,,,2022Q4,,mlit-deflator-tsuki-2607,deftsuki2020（四半期別）!BF37(見出しは右隣の系列。値はこの系列),https://www.mlit.go.jp/statistics/details/content/deftsuki_2607.xlsx,PDL1.0,,2020年度基準(2020年度平均=100)。2026年4月分の公表から2020年度基準に改定(原本注)。ウエイト項目に営業余剰や間接税(消費税を含む)等を含めない(原本注)。原本の期間表示「2022年 10-12月」(暦年の四半期)。原本では1列右の見出しの下にある値。月別シートのこの系列の3か月平均と一致(差 0.03、0.1 以内)を確かめて、この系列に付け直した(2026-09-26 番人。付け直した 800 セルが全部一致)。
3291052b9594caca,JP,index,建設工事費デフレーター（2020年度基準） 四半期別,電力,建設総合 > 土木総合 > その他土木 > 電力,index (2020年度平均 = 100),national,JP,日本,,,,111.3,,index_value,published_pdl,,,2022Q4,,mlit-deflator-tsuki-2607,deftsuki2020（四半期別）!BG37(見出しは右隣の系列。値はこの系列),https://www.mlit.go.jp/statistics/details/content/deftsuki_2607.xlsx,PDL1.0,,2020年度基準(2020年度平均=100)。2026年4月分の公表から2020年度基準に改定(原本注)。ウエイト項目に営業余剰や間接税(消費税を含む)等を含めない(原本注)。原本の期間表示「2022年 10-12月」(暦年の四半期)。原本では1列右の見出しの下にある値。月別シートのこの系列の3か月平均と一致(差 0.00、0.1 以内)を確かめて、この系列に付け直した(2026-09-26 番人。付け直した 800 セルが全部一致)。
d4b30c3c60f9000b,JP,index,建設工事費デフレーター（2020年度基準） 四半期別,電気通信,建設総合 > 土木総合 > その他土木 > 電気通信,index (2020年度平均 = 100),national,JP,日本,,,,109.5,,index_value,published_pdl,,,2022Q4,,mlit-deflator-tsuki-2607,deftsuki2020（四半期別）!BH37(見出しは右隣の系列。値はこの系列),https://www.mlit.go.jp/statistics/details/content/deftsuki_2607.xlsx,PDL1.0,,2020年度基準(2020年度平均=100)。2026年4月分の公表から2020年度基準に改定(原本注)。ウエイト項目に営業余剰や間接税(消費税を含む)等を含めない(原本注)。原本の期間表示「2022年 10-12月」(暦年の四半期)。原本では1列右の見出しの下にある値。月別シートのこの系列の3か月平均と一致(差 0.03、0.1 以内)を確かめて、この系列に付け直した(2026-09-26 番人。付け直した 800 セルが全部一致)。
2e365ce1b8bb5276,JP,index,建設工事費デフレーター（2020年度基準） 四半期別,上・工業用水道,建設総合 > 土木総合 > その他土木 > 上・工業用水道,index (2020年度平均 = 100),national,JP,日本,,,,111,,index_value,published_pdl,,,2022Q4,,mlit-deflator-tsuki-2607,deftsuki2020（四半期別）!BI37(見出しは右隣の系列。値はこの系列),https://www.mlit.go.jp/statistics/details/content/deftsuki_2607.xlsx,PDL1.0,,2020年度基準(2020年度平均=100)。2026年4月分の公表から2020年度基準に改定(原本注)。ウエイト項目に営業余剰や間接税(消費税を含む)等を含めない(原本注)。原本の期間表示「2022年 10-12月」(暦年の四半期)。原本では1列右の見出しの下にある値。月別シートのこの系列の3か月平均と一致(差 0.00、0.1 以内)を確かめて、この系列に付け直した(2026-09-26 番人。付け直した 800 セルが全部一致)。
4b63a711522b571e,JP,index,建設工事費デフレーター（2020年度基準） 四半期別,土地造成,建設総合 > 土木総合 > その他土木 > 土地造成,index (2020年度平均 = 100),national,JP,日本,,,,109.2,,index_value,published_pdl,,,2022Q4,,mlit-deflator-tsuki-2607,deftsuki2020（四半期別）!BJ37(見出しは右隣の系列。値はこの系列),https://www.mlit.go.jp/statistics/details/content/deftsuki_2607.xlsx,PDL1.0,,2020年度基準(2020年度平均=100)。2026年4月分の公表から2020年度基準に改定(原本注)。ウエイト項目に営業余剰や間接税(消費税を含む)等を含めない(原本注)。原本の期間表示「2022年 10-12月」(暦年の四半期)。原本では1列右の見出しの下にある値。月別シートのこの系列の3か月平均と一致(差 0.00、0.1 以内)を確かめて、この系列に付け直した(2026-09-26 番人。付け直した 800 セルが全部一致)。
ebe73bf67c87776e,JP,index,建設工事費デフレーター（2020年度基準） 四半期別,その他土木,建設総合 > 土木総合 > その他土木 (原本の列 BJ。同じ表頭の列が2つある),index (2020年度平均 = 100),national,JP,日本,,,,110.9,,index_value,published_pdl,,,2022Q4,,mlit-deflator-tsuki-2607,deftsuki2020（四半期別）!BK37(見出しは右隣の系列。値はこの系列),https://www.mlit.go.jp/statistics/details/content/deftsuki_2607.xlsx,PDL1.0,,2020年度基準(2020年度平均=100)。2026年4月分の公表から2020年度基準に改定(原本注)。ウエイト項目に営業余剰や間接税(消費税を含む)等を含めない(原本注)。原本の期間表示「2022年 10-12月」(暦年の四半期)。原本では1列右の見出しの下にある値。月別シートのこの系列の3か月平均と一致(差 0.03、0.1 以内)を確かめて、この系列に付け直した(2026-09-26 番人。付け直した 800 セルが全部一致)。
f1f61ed728c00873,JP,index,建設工事費デフレーター（2020年度基準） 四半期別,W在来住宅,W在来住宅,index (2020年度平均 = 100),national,JP,日本,,,,117.3,,index_value,published_pdl,,,2022Q4,,mlit-deflator-tsuki-2607,deftsuki2020（四半期別）!BL37(見出しは右隣の系列。値はこの系列),https://www.mlit.go.jp/statistics/details/content/deftsuki_2607.xlsx,PDL1.0,,2020年度基準(2020年度平均=100)。2026年4月分の公表から2020年度基準に改定(原本注)。ウエイト項目に営業余剰や間接税(消費税を含む)等を含めない(原本注)。原本の期間表示「2022年 10-12月」(暦年の四半期)。原本では1列右の見出しの下にある値。月別シートのこの系列の3か月平均と一致(差 0.03、0.1 以内)を確かめて、この系列に付け直した(2026-09-26 番人。付け直した 800 セルが全部一致)。
ae9f1d760bf6e448,JP,index,建設工事費デフレーター（2020年度基準） 四半期別,W量産住宅,W量産住宅,index (2020年度平均 = 100),national,JP,日本,,,,122.6,,index_value,published_pdl,,,2022Q4,,mlit-deflator-tsuki-2607,deftsuki2020（四半期別）!BM37(見出しは右隣の系列。値はこの系列),https://www.mlit.go.jp/statistics/details/content/deftsuki_2607.xlsx,PDL1.0,,2020年度基準(2020年度平均=100)。2026年4月分の公表から2020年度基準に改定(原本注)。ウエイト項目に営業余剰や間接税(消費税を含む)等を含めない(原本注)。原本の期間表示「2022年 10-12月」(暦年の四半期)。原本では1列右の見出しの下にある値。月別シートのこの系列の3か月平均と一致(差 0.03、0.1 以内)を確かめて、この系列に付け直した(2026-09-26 番人。付け直した 800 セルが全部一致)。
c70628a15acf700f,JP,index,建設工事費デフレーター（2020年度基準） 四半期別,RC在来住宅,RC在来住宅,index (2020年度平均 = 100),national,JP,日本,,,,113.1,,index_value,published_pdl,,,2022Q4,,mlit-deflator-tsuki-2607,deftsuki2020（四半期別）!BN37(見出しは右隣の系列。値はこの系列),https://www.mlit.go.jp/statistics/details/content/deftsuki_2607.xlsx,PDL1.0,,2020年度基準(2020年度平均=100)。2026年4月分の公表から2020年度基準に改定(原本注)。ウエイト項目に営業余剰や間接税(消費税を含む)等を含めない(原本注)。原本の期間表示「2022年 10-12月」(暦年の四半期)。原本では1列右の見出しの下にある値。月別シートのこの系列の3か月平均と一致(差 0.03、0.1 以内)を確かめて、この系列に付け直した(2026-09-26 番人。付け直した 800 セルが全部一致)。
d452b7c7d3c6d76f,JP,index,建設工事費デフレーター（2020年度基準） 四半期別,RC量産住宅,RC量産住宅,index (2020年度平均 = 100),national,JP,日本,,,,114.3,,index_value,published_pdl,,,2022Q4,,mlit-deflator-tsuki-2607,deftsuki2020（四半期別）!BO37(見出しは右隣の系列。値はこの系列),https://www.mlit.go.jp/statistics/details/content/deftsuki_2607.xlsx,PDL1.0,,2020年度基準(2020年度平均=100)。2026年4月分の公表から2020年度基準に改定(原本注)。ウエイト項目に営業余剰や間接税(消費税を含む)等を含めない(原本注)。原本の期間表示「2022年 10-12月」(暦年の四半期)。原本では1列右の見出しの下にある値。月別シートのこの系列の3か月平均と一致(差 0.00、0.1 以内)を確かめて、この系列に付け直した(2026-09-26 番人。付け直した 800 セルが全部一致)。
87a25195b6b3ca04,JP,index,建設工事費デフレーター（2020年度基準） 四半期別,S在来住宅,S在来住宅,index (2020年度平均 = 100),national,JP,日本,,,,112.1,,index_value,published_pdl,,,2022Q4,,mlit-deflator-tsuki-2607,deftsuki2020（四半期別）!BP37(見出しは右隣の系列。値はこの系列),https://www.mlit.go.jp/statistics/details/content/deftsuki_2607.xlsx,PDL1.0,,2020年度基準(2020年度平均=100)。2026年4月分の公表から2020年度基準に改定(原本注)。ウエイト項目に営業余剰や間接税(消費税を含む)等を含めない(原本注)。原本の期間表示「2022年 10-12月」(暦年の四半期)。原本では1列右の見出しの下にある値。月別シートのこの系列の3か月平均と一致(差 0.03、0.1 以内)を確かめて、この系列に付け直した(2026-09-26 番人。付け直した 800 セルが全部一致)。
5436a114f5342917,JP,index,建設工事費デフレーター（2020年度基準） 四半期別,S量産住宅,S量産住宅,index (2020年度平均 = 100),national,JP,日本,,,,119.9,,index_value,published_pdl,,,2022Q4,,mlit-deflator-tsuki-2607,deftsuki2020（四半期別）!BQ37(見出しは右隣の系列。値はこの系列),https://www.mlit.go.jp/statistics/details/content/deftsuki_2607.xlsx,PDL1.0,,2020年度基準(2020年度平均=100)。2026年4月分の公表から2020年度基準に改定(原本注)。ウエイト項目に営業余剰や間接税(消費税を含む)等を含めない(原本注)。原本の期間表示「2022年 10-12月」(暦年の四半期)。原本では1列右の見出しの下にある値。月別シートのこの系列の3か月平均と一致(差 0.03、0.1 以内)を確かめて、この系列に付け直した(2026-09-26 番人。付け直した 800 セルが全部一致)。
d49b126c161bb66c,JP,index,建設工事費デフレーター（2020年度基準） 四半期別,W工場・倉庫,W工場・倉庫,index (2020年度平均 = 100),national,JP,日本,,,,113.9,,index_value,published_pdl,,,2022Q4,,mlit-deflator-tsuki-2607,deftsuki2020（四半期別）!BR37(見出しは右隣の系列。値はこの系列),https://www.mlit.go.jp/statistics/details/content/deftsuki_2607.xlsx,PDL1.0,,2020年度基準(2020年度平均=100)。2026年4月分の公表から2020年度基準に改定(原本注)。ウエイト項目に営業余剰や間接税(消費税を含む)等を含めない(原本注)。原本の期間表示「2022年 10-12月」(暦年の四半期)。原本では1列右の見出しの下にある値。月別シートのこの系列の3か月平均と一致(差 0.00、0.1 以内)を確かめて、この系列に付け直した(2026-09-26 番人。付け直した 800 セルが全部一致)。
93ea932814e701be,JP,index,建設工事費デフレーター（2020年度基準） 四半期別,W事務所・その他,W事務所・その他,index (2020年度平均 = 100),national,JP,日本,,,,114,,index_value,published_pdl,,,2022Q4,,mlit-deflator-tsuki-2607,deftsuki2020（四半期別）!BS37(見出しは右隣の系列。値はこの系列),https://www.mlit.go.jp/statistics/details/content/deftsuki_2607.xlsx,PDL1.0,,2020年度基準(2020年度平均=100)。2026年4月分の公表から2020年度基準に改定(原本注)。ウエイト項目に営業余剰や間接税(消費税を含む)等を含めない(原本注)。原本の期間表示「2022年 10-12月」(暦年の四半期)。原本では1列右の見出しの下にある値。月別シートのこの系列の3か月平均と一致(差 0.03、0.1 以内)を確かめて、この系列に付け直した(2026-09-26 番人。付け直した 800 セルが全部一致)。
24ce8ec2e972c74b,JP,index,建設工事費デフレーター（2020年度基準） 四半期別,SRC工場・倉庫,SRC工場・倉庫,index (2020年度平均 = 100),national,JP,日本,,,,111.6,,index_value,published_pdl,,,2022Q4,,mlit-deflator-tsuki-2607,deftsuki2020（四半期別）!BT37(見出しは右隣の系列。値はこの系列),https://www.mlit.go.jp/statistics/details/content/deftsuki_2607.xlsx,PDL1.0,,2020年度基準(2020年度平均=100)。2026年4月分の公表から2020年度基準に改定(原本注)。ウエイト項目に営業余剰や間接税(消費税を含む)等を含めない(原本注)。原本の期間表示「2022年 10-12月」(暦年の四半期)。原本では1列右の見出しの下にある値。月別シートのこの系列の3か月平均と一致(差 0.03、0.1 以内)を確かめて、この系列に付け直した(2026-09-26 番人。付け直した 800 セルが全部一致)。
3023b704988b6724,JP,index,建設工事費デフレーター（2020年度基準） 四半期別,SRC事務所・その他,SRC事務所・その他,index (2020年度平均 = 100),national,JP,日本,,,,110.8,,index_value,published_pdl,,,2022Q4,,mlit-deflator-tsuki-2607,deftsuki2020（四半期別）!BU37(見出しは右隣の系列。値はこの系列),https://www.mlit.go.jp/statistics/details/content/deftsuki_2607.xlsx,PDL1.0,,2020年度基準(2020年度平均=100)。2026年4月分の公表から2020年度基準に改定(原本注)。ウエイト項目に営業余剰や間接税(消費税を含む)等を含めない(原本注)。原本の期間表示「2022年 10-12月」(暦年の四半期)。原本では1列右の見出しの下にある値。月別シートのこの系列の3か月平均と一致(差 0.07、0.1 以内)を確かめて、この系列に付け直した(2026-09-26 番人。付け直した 800 セルが全部一致)。
8a9e9d4138ad32b2,JP,index,建設工事費デフレーター（2020年度基準） 四半期別,RC工場・倉庫,RC工場・倉庫,index (2020年度平均 = 100),national,JP,日本,,,,111.7,,index_value,published_pdl,,,2022Q4,,mlit-deflator-tsuki-2607,deftsuki2020（四半期別）!BV37(見出しは右隣の系列。値はこの系列),https://www.mlit.go.jp/statistics/details/content/deftsuki_2607.xlsx,PDL1.0,,2020年度基準(2020年度平均=100)。2026年4月分の公表から2020年度基準に改定(原本注)。ウエイト項目に営業余剰や間接税(消費税を含む)等を含めない(原本注)。原本の期間表示「2022年 10-12月」(暦年の四半期)。原本では1列右の見出しの下にある値。月別シートのこの系列の3か月平均と一致(差 0.03、0.1 以内)を確かめて、この系列に付け直した(2026-09-26 番人。付け直した 800 セルが全部一致)。
8f2c327ac5b6a312,JP,index,建設工事費デフレーター（2020年度基準） 四半期別,RC学校,RC学校,index (2020年度平均 = 100),national,JP,日本,,,,112,,index_value,published_pdl,,,2022Q4,,mlit-deflator-tsuki-2607,deftsuki2020（四半期別）!BW37(見出しは右隣の系列。値はこの系列),https://www.mlit.go.jp/statistics/details/content/deftsuki_2607.xlsx,PDL1.0,,2020年度基準(2020年度平均=100)。2026年4月分の公表から2020年度基準に改定(原本注)。ウエイト項目に営業余剰や間接税(消費税を含む)等を含めない(原本注)。原本の期間表示「2022年 10-12月」(暦年の四半期)。原本では1列右の見出しの下にある値。月別シートのこの系列の3か月平均と一致(差 0.00、0.1 以内)を確かめて、この系列に付け直した(2026-09-26 番人。付け直した 800 セルが全部一致)。
70e547e1bf028200,JP,index,建設工事費デフレーター（2020年度基準） 四半期別,RC事務所・その他,RC事務所・その他,index (2020年度平均 = 100),national,JP,日本,,,,111.8,,index_value,published_pdl,,,2022Q4,,mlit-deflator-tsuki-2607,deftsuki2020（四半期別）!BX37(見出しは右隣の系列。値はこの系列),https://www.mlit.go.jp/statistics/details/content/deftsuki_2607.xlsx,PDL1.0,,2020年度基準(2020年度平均=100)。2026年4月分の公表から2020年度基準に改定(原本注)。ウエイト項目に営業余剰や間接税(消費税を含む)等を含めない(原本注)。原本の期間表示「2022年 10-12月」(暦年の四半期)。原本では1列右の見出しの下にある値。月別シートのこの系列の3か月平均と一致(差 0.00、0.1 以内)を確かめて、この系列に付け直した(2026-09-26 番人。付け直した 800 セルが全部一致)。
830ba5d6221109ca,JP,index,建設工事費デフレーター（2020年度基準） 四半期別,S工場・倉庫,S工場・倉庫,index (2020年度平均 = 100),national,JP,日本,,,,111.5,,index_value,published_pdl,,,2022Q4,,mlit-deflator-tsuki-2607,deftsuki2020（四半期別）!BY37(見出しは右隣の系列。値はこの系列),https://www.mlit.go.jp/statistics/details/content/deftsuki_2607.xlsx,PDL1.0,,2020年度基準(2020年度平均=100)。2026年4月分の公表から2020年度基準に改定(原本注)。ウエイト項目に営業余剰や間接税(消費税を含む)等を含めない(原本注)。原本の期間表示「2022年 10-12月」(暦年の四半期)。原本では1列右の見出しの下にある値。月別シートのこの系列の3か月平均と一致(差 0.00、0.1 以内)を確かめて、この系列に付け直した(2026-09-26 番人。付け直した 800 セルが全部一致)。
29cc78dabe36500e,JP,index,建設工事費デフレーター（2020年度基準） 四半期別,S事務所・その他,S事務所・その他,index (2020年度平均 = 100),national,JP,日本,,,,,,index_value,not_set,,,2022Q4,,mlit-deflator-tsuki-2607,,https://www.mlit.go.jp/statistics/details/content/deftsuki_2607.xlsx,PDL1.0,,2020年度基準(2020年度平均=100)。2026年4月分の公表から2020年度基準に改定(原本注)。ウエイト項目に営業余剰や間接税(消費税を含む)等を含めない(原本注)。原本の期間表示「2022年 10-12月」(暦年の四半期)。原本の四半期別では、列ずれのため、この系列のこの期間の値がどの列にも無い(2026-09-26 番人)。月別シートの値はある。
9333ab5cf79045d4,JP,index,建設工事費デフレーター（2020年度基準） 四半期別,地方道路公社等,建設総合 > 土木総合 > 公共事業 > 土木1（除く災害復旧） > 道路総合 > 有料道路 > 地方道路公社等,index (2020年度平均 = 100),national,JP,日本,,,,110.9,,index_value,published_pdl,,,2023Q1,,mlit-deflator-tsuki-2607,deftsuki2020（四半期別）!AT38(見出しは右隣の系列。値はこの系列),https://www.mlit.go.jp/statistics/details/content/deftsuki_2607.xlsx,PDL1.0,,2020年度基準(2020年度平均=100)。2026年4月分の公表から2020年度基準に改定(原本注)。ウエイト項目に営業余剰や間接税(消費税を含む)等を含めない(原本注)。原本の期間表示「2023年 1-3月」(暦年の四半期)。原本では1列右の見出しの下にある値。月別シートのこの系列の3か月平均と一致(差 0.00、0.1 以内)を確かめて、この系列に付け直した(2026-09-26 番人。付け直した 800 セルが全部一致)。
eccf8ab2052122fd,JP,index,建設工事費デフレーター（2020年度基準） 四半期別,道路2（再掲）,建設総合 > 土木総合 > 公共事業 > 土木1（除く災害復旧） > 道路2（再掲）,index (2020年度平均 = 100),national,JP,日本,,,,110.5,,index_value,published_pdl,,,2023Q1,,mlit-deflator-tsuki-2607,deftsuki2020（四半期別）!AU38(見出しは右隣の系列。値はこの系列),https://www.mlit.go.jp/statistics/details/content/deftsuki_2607.xlsx,PDL1.0,,2020年度基準(2020年度平均=100)。2026年4月分の公表から2020年度基準に改定(原本注)。ウエイト項目に営業余剰や間接税(消費税を含む)等を含めない(原本注)。原本の期間表示「2023年 1-3月」(暦年の四半期)。原本では1列右の見出しの下にある値。月別シートのこの系列の3か月平均と一致(差 0.03、0.1 以内)を確かめて、この系列に付け直した(2026-09-26 番人。付け直した 800 セルが全部一致)。
bef618f065b27ace,JP,index,建設工事費デフレーター（2020年度基準） 四半期別,街路2（再掲）,建設総合 > 土木総合 > 公共事業 > 土木1（除く災害復旧） > 街路2（再掲）,index (2020年度平均 = 100),national,JP,日本,,,,110.6,,index_value,published_pdl,,,2023Q1,,mlit-deflator-tsuki-2607,deftsuki2020（四半期別）!AV38(見出しは右隣の系列。値はこの系列),https://www.mlit.go.jp/statistics/details/content/deftsuki_2607.xlsx,PDL1.0,,2020年度基準(2020年度平均=100)。2026年4月分の公表から2020年度基準に改定(原本注)。ウエイト項目に営業余剰や間接税(消費税を含む)等を含めない(原本注)。原本の期間表示「2023年 1-3月」(暦年の四半期)。原本では1列右の見出しの下にある値。月別シートのこの系列の3か月平均と一致(差 0.03、0.1 以内)を確かめて、この系列に付け直した(2026-09-26 番人。付け直した 800 セルが全部一致)。
6bf7fd9f8da77c6d,JP,index,建設工事費デフレーター（2020年度基準） 四半期別,公園,建設総合 > 土木総合 > 公共事業 > 土木1（除く災害復旧） > 公園,index (2020年度平均 = 100),national,JP,日本,,,,109,,index_value,published_pdl,,,2023Q1,,mlit-deflator-tsuki-2607,deftsuki2020（四半期別）!AW38(見出しは右隣の系列。値はこの系列),https://www.mlit.go.jp/statistics/details/content/deftsuki_2607.xlsx,PDL1.0,,2020年度基準(2020年度平均=100)。2026年4月分の公表から2020年度基準に改定(原本注)。ウエイト項目に営業余剰や間接税(消費税を含む)等を含めない(原本注)。原本の期間表示「2023年 1-3月」(暦年の四半期)。原本では1列右の見出しの下にある値。月別シートのこの系列の3か月平均と一致(差 0.03、0.1 以内)を確かめて、この系列に付け直した(2026-09-26 番人。付け直した 800 セルが全部一致)。
d689bb45d2e926e4,JP,index,建設工事費デフレーター（2020年度基準） 四半期別,下水道,建設総合 > 土木総合 > 公共事業 > 土木1（除く災害復旧） > 下水道,index (2020年度平均 = 100),national,JP,日本,,,,110.3,,index_value,published_pdl,,,2023Q1,,mlit-deflator-tsuki-2607,deftsuki2020（四半期別）!AX38(見出しは右隣の系列。値はこの系列),https://www.mlit.go.jp/statistics/details/content/deftsuki_2607.xlsx,PDL1.0,,2020年度基準(2020年度平均=100)。2026年4月分の公表から2020年度基準に改定(原本注)。ウエイト項目に営業余剰や間接税(消費税を含む)等を含めない(原本注)。原本の期間表示「2023年 1-3月」(暦年の四半期)。原本では1列右の見出しの下にある値。月別シートのこの系列の3か月平均と一致(差 0.03、0.1 以内)を確かめて、この系列に付け直した(2026-09-26 番人。付け直した 800 セルが全部一致)。
884b8511fb80a75d,JP,index,建設工事費デフレーター（2020年度基準） 四半期別,災害復旧,建設総合 > 土木総合 > 公共事業 > 土木1（除く災害復旧） > 災害復旧,index (2020年度平均 = 100),national,JP,日本,,,,108.7,,index_value,published_pdl,,,2023Q1,,mlit-deflator-tsuki-2607,deftsuki2020（四半期別）!AY38(見出しは右隣の系列。値はこの系列),https://www.mlit.go.jp/statistics/details/content/deftsuki_2607.xlsx,PDL1.0,,2020年度基準(2020年度平均=100)。2026年4月分の公表から2020年度基準に改定(原本注)。ウエイト項目に営業余剰や間接税(消費税を含む)等を含めない(原本注)。原本の期間表示「2023年 1-3月」(暦年の四半期)。原本では1列右の見出しの下にある値。月別シートのこの系列の3か月平均と一致(差 0.00、0.1 以内)を確かめて、この系列に付け直した(2026-09-26 番人。付け直した 800 セルが全部一致)。
b17a25ecaaa6f24e,JP,index,建設工事費デフレーター（2020年度基準） 四半期別,土木2,建設総合 > 土木総合 > 公共事業 > 土木2,index (2020年度平均 = 100),national,JP,日本,,,,110.7,,index_value,published_pdl,,,2023Q1,,mlit-deflator-tsuki-2607,deftsuki2020（四半期別）!AZ38(見出しは右隣の系列。値はこの系列),https://www.mlit.go.jp/statistics/details/content/deftsuki_2607.xlsx,PDL1.0,,2020年度基準(2020年度平均=100)。2026年4月分の公表から2020年度基準に改定(原本注)。ウエイト項目に営業余剰や間接税(消費税を含む)等を含めない(原本注)。原本の期間表示「2023年 1-3月」(暦年の四半期)。原本では1列右の見出しの下にある値。月別シートのこの系列の3か月平均と一致(差 0.03、0.1 以内)を確かめて、この系列に付け直した(2026-09-26 番人。付け直した 800 セルが全部一致)。
2be955c256387eba,JP,index,建設工事費デフレーター（2020年度基準） 四半期別,港湾・漁港,建設総合 > 土木総合 > 公共事業 > 土木2 > 港湾・漁港,index (2020年度平均 = 100),national,JP,日本,,,,110.6,,index_value,published_pdl,,,2023Q1,,mlit-deflator-tsuki-2607,deftsuki2020（四半期別）!BA38(見出しは右隣の系列。値はこの系列),https://www.mlit.go.jp/statistics/details/content/deftsuki_2607.xlsx,PDL1.0,,2020年度基準(2020年度平均=100)。2026年4月分の公表から2020年度基準に改定(原本注)。ウエイト項目に営業余剰や間接税(消費税を含む)等を含めない(原本注)。原本の期間表示「2023年 1-3月」(暦年の四半期)。原本では1列右の見出しの下にある値。月別シートのこの系列の3か月平均と一致(差 0.03、0.1 以内)を確かめて、この系列に付け直した(2026-09-26 番人。付け直した 800 セルが全部一致)。
39a5107749f3486e,JP,index,建設工事費デフレーター（2020年度基準） 四半期別,空港,建設総合 > 土木総合 > 公共事業 > 土木2 > 空港,index (2020年度平均 = 100),national,JP,日本,,,,107.1,,index_value,published_pdl,,,2023Q1,,mlit-deflator-tsuki-2607,deftsuki2020（四半期別）!BB38(見出しは右隣の系列。値はこの系列),https://www.mlit.go.jp/statistics/details/content/deftsuki_2607.xlsx,PDL1.0,,2020年度基準(2020年度平均=100)。2026年4月分の公表から2020年度基準に改定(原本注)。ウエイト項目に営業余剰や間接税(消費税を含む)等を含めない(原本注)。原本の期間表示「2023年 1-3月」(暦年の四半期)。原本では1列右の見出しの下にある値。月別シートのこの系列の3か月平均と一致(差 0.07、0.1 以内)を確かめて、この系列に付け直した(2026-09-26 番人。付け直した 800 セルが全部一致)。
970bb6b12e81fe46,JP,index,建設工事費デフレーター（2020年度基準） 四半期別,環境衛生,建設総合 > 土木総合 > 公共事業 > 土木2 > 環境衛生,index (2020年度平均 = 100),national,JP,日本,,,,112.2,,index_value,published_pdl,,,2023Q1,,mlit-deflator-tsuki-2607,deftsuki2020（四半期別）!BC38(見出しは右隣の系列。値はこの系列),https://www.mlit.go.jp/statistics/details/content/deftsuki_2607.xlsx,PDL1.0,,2020年度基準(2020年度平均=100)。2026年4月分の公表から2020年度基準に改定(原本注)。ウエイト項目に営業余剰や間接税(消費税を含む)等を含めない(原本注)。原本の期間表示「2023年 1-3月」(暦年の四半期)。原本では1列右の見出しの下にある値。月別シートのこの系列の3か月平均と一致(差 0.00、0.1 以内)を確かめて、この系列に付け直した(2026-09-26 番人。付け直した 800 セルが全部一致)。
a352a646405d2efe,JP,index,建設工事費デフレーター（2020年度基準） 四半期別,農林関係公共事業,建設総合 > 土木総合 > 公共事業 > 土木2 > 農林関係公共事業,index (2020年度平均 = 100),national,JP,日本,,,,110.6,,index_value,published_pdl,,,2023Q1,,mlit-deflator-tsuki-2607,deftsuki2020（四半期別）!BD38(見出しは右隣の系列。値はこの系列),https://www.mlit.go.jp/statistics/details/content/deftsuki_2607.xlsx,PDL1.0,,2020年度基準(2020年度平均=100)。2026年4月分の公表から2020年度基準に改定(原本注)。ウエイト項目に営業余剰や間接税(消費税を含む)等を含めない(原本注)。原本の期間表示「2023年 1-3月」(暦年の四半期)。原本では1列右の見出しの下にある値。月別シートのこの系列の3か月平均と一致(差 0.03、0.1 以内)を確かめて、この系列に付け直した(2026-09-26 番人。付け直した 800 セルが全部一致)。
7625de8aa360fd09,JP,index,建設工事費デフレーター（2020年度基準） 四半期別,その他土木,建設総合 > 土木総合 > その他土木 (原本の列 BD。同じ表頭の列が2つある),index (2020年度平均 = 100),national,JP,日本,,,,111.5,,index_value,published_pdl,,,2023Q1,,mlit-deflator-tsuki-2607,deftsuki2020（四半期別）!BE38(見出しは右隣の系列。値はこの系列),https://www.mlit.go.jp/statistics/details/content/deftsuki_2607.xlsx,PDL1.0,,2020年度基準(2020年度平均=100)。2026年4月分の公表から2020年度基準に改定(原本注)。ウエイト項目に営業余剰や間接税(消費税を含む)等を含めない(原本注)。原本の期間表示「2023年 1-3月」(暦年の四半期)。原本では1列右の見出しの下にある値。月別シートのこの系列の3か月平均と一致(差 0.03、0.1 以内)を確かめて、この系列に付け直した(2026-09-26 番人。付け直した 800 セルが全部一致)。
0346181b19b8ffc8,JP,index,建設工事費デフレーター（2020年度基準） 四半期別,鉄道軌道,建設総合 > 土木総合 > その他土木 > 鉄道軌道,index (2020年度平均 = 100),national,JP,日本,,,,113.6,,index_value,published_pdl,,,2023Q1,,mlit-deflator-tsuki-2607,deftsuki2020（四半期別）!BF38(見出しは右隣の系列。値はこの系列),https://www.mlit.go.jp/statistics/details/content/deftsuki_2607.xlsx,PDL1.0,,2020年度基準(2020年度平均=100)。2026年4月分の公表から2020年度基準に改定(原本注)。ウエイト項目に営業余剰や間接税(消費税を含む)等を含めない(原本注)。原本の期間表示「2023年 1-3月」(暦年の四半期)。原本では1列右の見出しの下にある値。月別シートのこの系列の3か月平均と一致(差 0.03、0.1 以内)を確かめて、この系列に付け直した(2026-09-26 番人。付け直した 800 セルが全部一致)。
a6d1d8353d62a3b3,JP,index,建設工事費デフレーター（2020年度基準） 四半期別,電力,建設総合 > 土木総合 > その他土木 > 電力,index (2020年度平均 = 100),national,JP,日本,,,,111.5,,index_value,published_pdl,,,2023Q1,,mlit-deflator-tsuki-2607,deftsuki2020（四半期別）!BG38(見出しは右隣の系列。値はこの系列),https://www.mlit.go.jp/statistics/details/content/deftsuki_2607.xlsx,PDL1.0,,2020年度基準(2020年度平均=100)。2026年4月分の公表から2020年度基準に改定(原本注)。ウエイト項目に営業余剰や間接税(消費税を含む)等を含めない(原本注)。原本の期間表示「2023年 1-3月」(暦年の四半期)。原本では1列右の見出しの下にある値。月別シートのこの系列の3か月平均と一致(差 0.00、0.1 以内)を確かめて、この系列に付け直した(2026-09-26 番人。付け直した 800 セルが全部一致)。
532a506e52923ef3,JP,index,建設工事費デフレーター（2020年度基準） 四半期別,電気通信,建設総合 > 土木総合 > その他土木 > 電気通信,index (2020年度平均 = 100),national,JP,日本,,,,109.4,,index_value,published_pdl,,,2023Q1,,mlit-deflator-tsuki-2607,deftsuki2020（四半期別）!BH38(見出しは右隣の系列。値はこの系列),https://www.mlit.go.jp/statistics/details/content/deftsuki_2607.xlsx,PDL1.0,,2020年度基準(2020年度平均=100)。2026年4月分の公表から2020年度基準に改定(原本注)。ウエイト項目に営業余剰や間接税(消費税を含む)等を含めない(原本注)。原本の期間表示「2023年 1-3月」(暦年の四半期)。原本では1列右の見出しの下にある値。月別シートのこの系列の3か月平均と一致(差 0.07、0.1 以内)を確かめて、この系列に付け直した(2026-09-26 番人。付け直した 800 セルが全部一致)。
11cf8ad5992104d5,JP,index,建設工事費デフレーター（2020年度基準） 四半期別,上・工業用水道,建設総合 > 土木総合 > その他土木 > 上・工業用水道,index (2020年度平均 = 100),national,JP,日本,,,,111.4,,index_value,published_pdl,,,2023Q1,,mlit-deflator-tsuki-2607,deftsuki2020（四半期別）!BI38(見出しは右隣の系列。値はこの系列),https://www.mlit.go.jp/statistics/details/content/deftsuki_2607.xlsx,PDL1.0,,2020年度基準(2020年度平均=100)。2026年4月分の公表から2020年度基準に改定(原本注)。ウエイト項目に営業余剰や間接税(消費税を含む)等を含めない(原本注)。原本の期間表示「2023年 1-3月」(暦年の四半期)。原本では1列右の見出しの下にある値。月別シートのこの系列の3か月平均と一致(差 0.00、0.1 以内)を確かめて、この系列に付け直した(2026-09-26 番人。付け直した 800 セルが全部一致)。
5e41fd12d0337b96,JP,index,建設工事費デフレーター（2020年度基準） 四半期別,土地造成,建設総合 > 土木総合 > その他土木 > 土地造成,index (2020年度平均 = 100),national,JP,日本,,,,109,,index_value,published_pdl,,,2023Q1,,mlit-deflator-tsuki-2607,deftsuki2020（四半期別）!BJ38(見出しは右隣の系列。値はこの系列),https://www.mlit.go.jp/statistics/details/content/deftsuki_2607.xlsx,PDL1.0,,2020年度基準(2020年度平均=100)。2026年4月分の公表から2020年度基準に改定(原本注)。ウエイト項目に営業余剰や間接税(消費税を含む)等を含めない(原本注)。原本の期間表示「2023年 1-3月」(暦年の四半期)。原本では1列右の見出しの下にある値。月別シートのこの系列の3か月平均と一致(差 0.03、0.1 以内)を確かめて、この系列に付け直した(2026-09-26 番人。付け直した 800 セルが全部一致)。
e1d768ea77fcfc83,JP,index,建設工事費デフレーター（2020年度基準） 四半期別,その他土木,建設総合 > 土木総合 > その他土木 (原本の列 BJ。同じ表頭の列が2つある),index (2020年度平均 = 100),national,JP,日本,,,,110.8,,index_value,published_pdl,,,2023Q1,,mlit-deflator-tsuki-2607,deftsuki2020（四半期別）!BK38(見出しは右隣の系列。値はこの系列),https://www.mlit.go.jp/statistics/details/content/deftsuki_2607.xlsx,PDL1.0,,2020年度基準(2020年度平均=100)。2026年4月分の公表から2020年度基準に改定(原本注)。ウエイト項目に営業余剰や間接税(消費税を含む)等を含めない(原本注)。原本の期間表示「2023年 1-3月」(暦年の四半期)。原本では1列右の見出しの下にある値。月別シートのこの系列の3か月平均と一致(差 0.03、0.1 以内)を確かめて、この系列に付け直した(2026-09-26 番人。付け直した 800 セルが全部一致)。
0255814b487ead68,JP,index,建設工事費デフレーター（2020年度基準） 四半期別,W在来住宅,W在来住宅,index (2020年度平均 = 100),national,JP,日本,,,,115.2,,index_value,published_pdl,,,2023Q1,,mlit-deflator-tsuki-2607,deftsuki2020（四半期別）!BL38(見出しは右隣の系列。値はこの系列),https://www.mlit.go.jp/statistics/details/content/deftsuki_2607.xlsx,PDL1.0,,2020年度基準(2020年度平均=100)。2026年4月分の公表から2020年度基準に改定(原本注)。ウエイト項目に営業余剰や間接税(消費税を含む)等を含めない(原本注)。原本の期間表示「2023年 1-3月」(暦年の四半期)。原本では1列右の見出しの下にある値。月別シートのこの系列の3か月平均と一致(差 0.07、0.1 以内)を確かめて、この系列に付け直した(2026-09-26 番人。付け直した 800 セルが全部一致)。
5020811f5b013991,JP,index,建設工事費デフレーター（2020年度基準） 四半期別,W量産住宅,W量産住宅,index (2020年度平均 = 100),national,JP,日本,,,,119.4,,index_value,published_pdl,,,2023Q1,,mlit-deflator-tsuki-2607,deftsuki2020（四半期別）!BM38(見出しは右隣の系列。値はこの系列),https://www.mlit.go.jp/statistics/details/content/deftsuki_2607.xlsx,PDL1.0,,2020年度基準(2020年度平均=100)。2026年4月分の公表から2020年度基準に改定(原本注)。ウエイト項目に営業余剰や間接税(消費税を含む)等を含めない(原本注)。原本の期間表示「2023年 1-3月」(暦年の四半期)。原本では1列右の見出しの下にある値。月別シートのこの系列の3か月平均と一致(差 0.03、0.1 以内)を確かめて、この系列に付け直した(2026-09-26 番人。付け直した 800 セルが全部一致)。
e696b97def94c102,JP,index,建設工事費デフレーター（2020年度基準） 四半期別,RC在来住宅,RC在来住宅,index (2020年度平均 = 100),national,JP,日本,,,,112.6,,index_value,published_pdl,,,2023Q1,,mlit-deflator-tsuki-2607,deftsuki2020（四半期別）!BN38(見出しは右隣の系列。値はこの系列),https://www.mlit.go.jp/statistics/details/content/deftsuki_2607.xlsx,PDL1.0,,2020年度基準(2020年度平均=100)。2026年4月分の公表から2020年度基準に改定(原本注)。ウエイト項目に営業余剰や間接税(消費税を含む)等を含めない(原本注)。原本の期間表示「2023年 1-3月」(暦年の四半期)。原本では1列右の見出しの下にある値。月別シートのこの系列の3か月平均と一致(差 0.03、0.1 以内)を確かめて、この系列に付け直した(2026-09-26 番人。付け直した 800 セルが全部一致)。
d604c0f2bb2b51f5,JP,index,建設工事費デフレーター（2020年度基準） 四半期別,RC量産住宅,RC量産住宅,index (2020年度平均 = 100),national,JP,日本,,,,113.5,,index_value,published_pdl,,,2023Q1,,mlit-deflator-tsuki-2607,deftsuki2020（四半期別）!BO38(見出しは右隣の系列。値はこの系列),https://www.mlit.go.jp/statistics/details/content/deftsuki_2607.xlsx,PDL1.0,,2020年度基準(2020年度平均=100)。2026年4月分の公表から2020年度基準に改定(原本注)。ウエイト項目に営業余剰や間接税(消費税を含む)等を含めない(原本注)。原本の期間表示「2023年 1-3月」(暦年の四半期)。原本では1列右の見出しの下にある値。月別シートのこの系列の3か月平均と一致(差 0.00、0.1 以内)を確かめて、この系列に付け直した(2026-09-26 番人。付け直した 800 セルが全部一致)。
204952522cca6e46,JP,index,建設工事費デフレーター（2020年度基準） 四半期別,S在来住宅,S在来住宅,index (2020年度平均 = 100),national,JP,日本,,,,112.1,,index_value,published_pdl,,,2023Q1,,mlit-deflator-tsuki-2607,deftsuki2020（四半期別）!BP38(見出しは右隣の系列。値はこの系列),https://www.mlit.go.jp/statistics/details/content/deftsuki_2607.xlsx,PDL1.0,,2020年度基準(2020年度平均=100)。2026年4月分の公表から2020年度基準に改定(原本注)。ウエイト項目に営業余剰や間接税(消費税を含む)等を含めない(原本注)。原本の期間表示「2023年 1-3月」(暦年の四半期)。原本では1列右の見出しの下にある値。月別シートのこの系列の3か月平均と一致(差 0.03、0.1 以内)を確かめて、この系列に付け直した(2026-09-26 番人。付け直した 800 セルが全部一致)。
3cd1924711d71f3c,JP,index,建設工事費デフレーター（2020年度基準） 四半期別,S量産住宅,S量産住宅,index (2020年度平均 = 100),national,JP,日本,,,,118.6,,index_value,published_pdl,,,2023Q1,,mlit-deflator-tsuki-2607,deftsuki2020（四半期別）!BQ38(見出しは右隣の系列。値はこの系列),https://www.mlit.go.jp/statistics/details/content/deftsuki_2607.xlsx,PDL1.0,,2020年度基準(2020年度平均=100)。2026年4月分の公表から2020年度基準に改定(原本注)。ウエイト項目に営業余剰や間接税(消費税を含む)等を含めない(原本注)。原本の期間表示「2023年 1-3月」(暦年の四半期)。原本では1列右の見出しの下にある値。月別シートのこの系列の3か月平均と一致(差 0.00、0.1 以内)を確かめて、この系列に付け直した(2026-09-26 番人。付け直した 800 セルが全部一致)。
ca8a161e871d1819,JP,index,建設工事費デフレーター（2020年度基準） 四半期別,W工場・倉庫,W工場・倉庫,index (2020年度平均 = 100),national,JP,日本,,,,113,,index_value,published_pdl,,,2023Q1,,mlit-deflator-tsuki-2607,deftsuki2020（四半期別）!BR38(見出しは右隣の系列。値はこの系列),https://www.mlit.go.jp/statistics/details/content/deftsuki_2607.xlsx,PDL1.0,,2020年度基準(2020年度平均=100)。2026年4月分の公表から2020年度基準に改定(原本注)。ウエイト項目に営業余剰や間接税(消費税を含む)等を含めない(原本注)。原本の期間表示「2023年 1-3月」(暦年の四半期)。原本では1列右の見出しの下にある値。月別シートのこの系列の3か月平均と一致(差 0.00、0.1 以内)を確かめて、この系列に付け直した(2026-09-26 番人。付け直した 800 セルが全部一致)。
5d6d064a6344a747,JP,index,建設工事費デフレーター（2020年度基準） 四半期別,W事務所・その他,W事務所・その他,index (2020年度平均 = 100),national,JP,日本,,,,113,,index_value,published_pdl,,,2023Q1,,mlit-deflator-tsuki-2607,deftsuki2020（四半期別）!BS38(見出しは右隣の系列。値はこの系列),https://www.mlit.go.jp/statistics/details/content/deftsuki_2607.xlsx,PDL1.0,,2020年度基準(2020年度平均=100)。2026年4月分の公表から2020年度基準に改定(原本注)。ウエイト項目に営業余剰や間接税(消費税を含む)等を含めない(原本注)。原本の期間表示「2023年 1-3月」(暦年の四半期)。原本では1列右の見出しの下にある値。月別シートのこの系列の3か月平均と一致(差 0.00、0.1 以内)を確かめて、この系列に付け直した(2026-09-26 番人。付け直した 800 セルが全部一致)。
210b51aaa3d338ec,JP,index,建設工事費デフレーター（2020年度基準） 四半期別,SRC工場・倉庫,SRC工場・倉庫,index (2020年度平均 = 100),national,JP,日本,,,,112,,index_value,published_pdl,,,2023Q1,,mlit-deflator-tsuki-2607,deftsuki2020（四半期別）!BT38(見出しは右隣の系列。値はこの系列),https://www.mlit.go.jp/statistics/details/content/deftsuki_2607.xlsx,PDL1.0,,2020年度基準(2020年度平均=100)。2026年4月分の公表から2020年度基準に改定(原本注)。ウエイト項目に営業余剰や間接税(消費税を含む)等を含めない(原本注)。原本の期間表示「2023年 1-3月」(暦年の四半期)。原本では1列右の見出しの下にある値。月別シートのこの系列の3か月平均と一致(差 0.00、0.1 以内)を確かめて、この系列に付け直した(2026-09-26 番人。付け直した 800 セルが全部一致)。
b71961c2b2bc7f59,JP,index,建設工事費デフレーター（2020年度基準） 四半期別,SRC事務所・その他,SRC事務所・その他,index (2020年度平均 = 100),national,JP,日本,,,,110.9,,index_value,published_pdl,,,2023Q1,,mlit-deflator-tsuki-2607,deftsuki2020（四半期別）!BU38(見出しは右隣の系列。値はこの系列),https://www.mlit.go.jp/statistics/details/content/deftsuki_2607.xlsx,PDL1.0,,2020年度基準(2020年度平均=100)。2026年4月分の公表から2020年度基準に改定(原本注)。ウエイト項目に営業余剰や間接税(消費税を含む)等を含めない(原本注)。原本の期間表示「2023年 1-3月」(暦年の四半期)。原本では1列右の見出しの下にある値。月別シートのこの系列の3か月平均と一致(差 0.03、0.1 以内)を確かめて、この系列に付け直した(2026-09-26 番人。付け直した 800 セルが全部一致)。
b25910b3e28baa69,JP,index,建設工事費デフレーター（2020年度基準） 四半期別,RC工場・倉庫,RC工場・倉庫,index (2020年度平均 = 100),national,JP,日本,,,,111.8,,index_value,published_pdl,,,2023Q1,,mlit-deflator-tsuki-2607,deftsuki2020（四半期別）!BV38(見出しは右隣の系列。値はこの系列),https://www.mlit.go.jp/statistics/details/content/deftsuki_2607.xlsx,PDL1.0,,2020年度基準(2020年度平均=100)。2026年4月分の公表から2020年度基準に改定(原本注)。ウエイト項目に営業余剰や間接税(消費税を含む)等を含めない(原本注)。原本の期間表示「2023年 1-3月」(暦年の四半期)。原本では1列右の見出しの下にある値。月別シートのこの系列の3か月平均と一致(差 0.03、0.1 以内)を確かめて、この系列に付け直した(2026-09-26 番人。付け直した 800 セルが全部一致)。
e4c5be35d06659ee,JP,index,建設工事費デフレーター（2020年度基準） 四半期別,RC学校,RC学校,index (2020年度平均 = 100),national,JP,日本,,,,111.6,,index_value,published_pdl,,,2023Q1,,mlit-deflator-tsuki-2607,deftsuki2020（四半期別）!BW38(見出しは右隣の系列。値はこの系列),https://www.mlit.go.jp/statistics/details/content/deftsuki_2607.xlsx,PDL1.0,,2020年度基準(2020年度平均=100)。2026年4月分の公表から2020年度基準に改定(原本注)。ウエイト項目に営業余剰や間接税(消費税を含む)等を含めない(原本注)。原本の期間表示「2023年 1-3月」(暦年の四半期)。原本では1列右の見出しの下にある値。月別シートのこの系列の3か月平均と一致(差 0.00、0.1 以内)を確かめて、この系列に付け直した(2026-09-26 番人。付け直した 800 セルが全部一致)。
9a3442f90e3fe714,JP,index,建設工事費デフレーター（2020年度基準） 四半期別,RC事務所・その他,RC事務所・その他,index (2020年度平均 = 100),national,JP,日本,,,,111.6,,index_value,published_pdl,,,2023Q1,,mlit-deflator-tsuki-2607,deftsuki2020（四半期別）!BX38(見出しは右隣の系列。値はこの系列),https://www.mlit.go.jp/statistics/details/content/deftsuki_2607.xlsx,PDL1.0,,2020年度基準(2020年度平均=100)。2026年4月分の公表から2020年度基準に改定(原本注)。ウエイト項目に営業余剰や間接税(消費税を含む)等を含めない(原本注)。原本の期間表示「2023年 1-3月」(暦年の四半期)。原本では1列右の見出しの下にある値。月別シートのこの系列の3か月平均と一致(差 0.00、0.1 以内)を確かめて、この系列に付け直した(2026-09-26 番人。付け直した 800 セルが全部一致)。
9bb2775bbab68d94,JP,index,建設工事費デフレーター（2020年度基準） 四半期別,S工場・倉庫,S工場・倉庫,index (2020年度平均 = 100),national,JP,日本,,,,111.9,,index_value,published_pdl,,,2023Q1,,mlit-deflator-tsuki-2607,deftsuki2020（四半期別）!BY38(見出しは右隣の系列。値はこの系列),https://www.mlit.go.jp/statistics/details/content/deftsuki_2607.xlsx,PDL1.0,,2020年度基準(2020年度平均=100)。2026年4月分の公表から2020年度基準に改定(原本注)。ウエイト項目に営業余剰や間接税(消費税を含む)等を含めない(原本注)。原本の期間表示「2023年 1-3月」(暦年の四半期)。原本では1列右の見出しの下にある値。月別シートのこの系列の3か月平均と一致(差 0.03、0.1 以内)を確かめて、この系列に付け直した(2026-09-26 番人。付け直した 800 セルが全部一致)。
762d365bb5b15567,JP,index,建設工事費デフレーター（2020年度基準） 四半期別,S事務所・その他,S事務所・その他,index (2020年度平均 = 100),national,JP,日本,,,,,,index_value,not_set,,,2023Q1,,mlit-deflator-tsuki-2607,,https://www.mlit.go.jp/statistics/details/content/deftsuki_2607.xlsx,PDL1.0,,2020年度基準(2020年度平均=100)。2026年4月分の公表から2020年度基準に改定(原本注)。ウエイト項目に営業余剰や間接税(消費税を含む)等を含めない(原本注)。原本の期間表示「2023年 1-3月」(暦年の四半期)。原本の四半期別では、列ずれのため、この系列のこの期間の値がどの列にも無い(2026-09-26 番人)。月別シートの値はある。
161c68c8497dfb96,JP,index,建設工事費デフレーター（2020年度基準） 四半期別,地方道路公社等,建設総合 > 土木総合 > 公共事業 > 土木1（除く災害復旧） > 道路総合 > 有料道路 > 地方道路公社等,index (2020年度平均 = 100),national,JP,日本,,,,111.4,,index_value,published_pdl,,,2023Q2,,mlit-deflator-tsuki-2607,deftsuki2020（四半期別）!AT39(見出しは右隣の系列。値はこの系列),https://www.mlit.go.jp/statistics/details/content/deftsuki_2607.xlsx,PDL1.0,,2020年度基準(2020年度平均=100)。2026年4月分の公表から2020年度基準に改定(原本注)。ウエイト項目に営業余剰や間接税(消費税を含む)等を含めない(原本注)。原本の期間表示「2023年 4-6月」(暦年の四半期)。2023年度以降は建設投資のウエイトに2020〜2022年度の平均値を暫定的に使用(原本注)。原本では1列右の見出しの下にある値。月別シートのこの系列の3か月平均と一致(差 0.00、0.1 以内)を確かめて、この系列に付け直した(2026-09-26 番人。付け直した 800 セルが全部一致)。
3bc289f2ea3f6a14,JP,index,建設工事費デフレーター（2020年度基準） 四半期別,道路2（再掲）,建設総合 > 土木総合 > 公共事業 > 土木1（除く災害復旧） > 道路2（再掲）,index (2020年度平均 = 100),national,JP,日本,,,,111.6,,index_value,published_pdl,,,2023Q2,,mlit-deflator-tsuki-2607,deftsuki2020（四半期別）!AU39(見出しは右隣の系列。値はこの系列),https://www.mlit.go.jp/statistics/details/content/deftsuki_2607.xlsx,PDL1.0,,2020年度基準(2020年度平均=100)。2026年4月分の公表から2020年度基準に改定(原本注)。ウエイト項目に営業余剰や間接税(消費税を含む)等を含めない(原本注)。原本の期間表示「2023年 4-6月」(暦年の四半期)。2023年度以降は建設投資のウエイトに2020〜2022年度の平均値を暫定的に使用(原本注)。原本では1列右の見出しの下にある値。月別シートのこの系列の3か月平均と一致(差 0.07、0.1 以内)を確かめて、この系列に付け直した(2026-09-26 番人。付け直した 800 セルが全部一致)。
a6a616784afd86f9,JP,index,建設工事費デフレーター（2020年度基準） 四半期別,街路2（再掲）,建設総合 > 土木総合 > 公共事業 > 土木1（除く災害復旧） > 街路2（再掲）,index (2020年度平均 = 100),national,JP,日本,,,,111.3,,index_value,published_pdl,,,2023Q2,,mlit-deflator-tsuki-2607,deftsuki2020（四半期別）!AV39(見出しは右隣の系列。値はこの系列),https://www.mlit.go.jp/statistics/details/content/deftsuki_2607.xlsx,PDL1.0,,2020年度基準(2020年度平均=100)。2026年4月分の公表から2020年度基準に改定(原本注)。ウエイト項目に営業余剰や間接税(消費税を含む)等を含めない(原本注)。原本の期間表示「2023年 4-6月」(暦年の四半期)。2023年度以降は建設投資のウエイトに2020〜2022年度の平均値を暫定的に使用(原本注)。原本では1列右の見出しの下にある値。月別シートのこの系列の3か月平均と一致(差 0.03、0.1 以内)を確かめて、この系列に付け直した(2026-09-26 番人。付け直した 800 セルが全部一致)。
2518a56b9c0b8a1c,JP,index,建設工事費デフレーター（2020年度基準） 四半期別,公園,建設総合 > 土木総合 > 公共事業 > 土木1（除く災害復旧） > 公園,index (2020年度平均 = 100),national,JP,日本,,,,109.5,,index_value,published_pdl,,,2023Q2,,mlit-deflator-tsuki-2607,deftsuki2020（四半期別）!AW39(見出しは右隣の系列。値はこの系列),https://www.mlit.go.jp/statistics/details/content/deftsuki_2607.xlsx,PDL1.0,,2020年度基準(2020年度平均=100)。2026年4月分の公表から2020年度基準に改定(原本注)。ウエイト項目に営業余剰や間接税(消費税を含む)等を含めない(原本注)。原本の期間表示「2023年 4-6月」(暦年の四半期)。2023年度以降は建設投資のウエイトに2020〜2022年度の平均値を暫定的に使用(原本注)。原本では1列右の見出しの下にある値。月別シートのこの系列の3か月平均と一致(差 0.03、0.1 以内)を確かめて、この系列に付け直した(2026-09-26 番人。付け直した 800 セルが全部一致)。
1b9017a23b2897a7,JP,index,建設工事費デフレーター（2020年度基準） 四半期別,下水道,建設総合 > 土木総合 > 公共事業 > 土木1（除く災害復旧） > 下水道,index (2020年度平均 = 100),national,JP,日本,,,,111,,index_value,published_pdl,,,2023Q2,,mlit-deflator-tsuki-2607,deftsuki2020（四半期別）!AX39(見出しは右隣の系列。値はこの系列),https://www.mlit.go.jp/statistics/details/content/deftsuki_2607.xlsx,PDL1.0,,2020年度基準(2020年度平均=100)。2026年4月分の公表から2020年度基準に改定(原本注)。ウエイト項目に営業余剰や間接税(消費税を含む)等を含めない(原本注)。原本の期間表示「2023年 4-6月」(暦年の四半期)。2023年度以降は建設投資のウエイトに2020〜2022年度の平均値を暫定的に使用(原本注)。原本では1列右の見出しの下にある値。月別シートのこの系列の3か月平均と一致(差 0.03、0.1 以内)を確かめて、この系列に付け直した(2026-09-26 番人。付け直した 800 セルが全部一致)。
8007da4b512c5113,JP,index,建設工事費デフレーター（2020年度基準） 四半期別,災害復旧,建設総合 > 土木総合 > 公共事業 > 土木1（除く災害復旧） > 災害復旧,index (2020年度平均 = 100),national,JP,日本,,,,110,,index_value,published_pdl,,,2023Q2,,mlit-deflator-tsuki-2607,deftsuki2020（四半期別）!AY39(見出しは右隣の系列。値はこの系列),https://www.mlit.go.jp/statistics/details/content/deftsuki_2607.xlsx,PDL1.0,,2020年度基準(2020年度平均=100)。2026年4月分の公表から2020年度基準に改定(原本注)。ウエイト項目に営業余剰や間接税(消費税を含む)等を含めない(原本注)。原本の期間表示「2023年 4-6月」(暦年の四半期)。2023年度以降は建設投資のウエイトに2020〜2022年度の平均値を暫定的に使用(原本注)。原本では1列右の見出しの下にある値。月別シートのこの系列の3か月平均と一致(差 0.03、0.1 以内)を確かめて、この系列に付け直した(2026-09-26 番人。付け直した 800 セルが全部一致)。
b6044a5cf3f93ca8,JP,index,建設工事費デフレーター（2020年度基準） 四半期別,土木2,建設総合 > 土木総合 > 公共事業 > 土木2,index (2020年度平均 = 100),national,JP,日本,,,,111.3,,index_value,published_pdl,,,2023Q2,,mlit-deflator-tsuki-2607,deftsuki2020（四半期別）!AZ39(見出しは右隣の系列。値はこの系列),https://www.mlit.go.jp/statistics/details/content/deftsuki_2607.xlsx,PDL1.0,,2020年度基準(2020年度平均=100)。2026年4月分の公表から2020年度基準に改定(原本注)。ウエイト項目に営業余剰や間接税(消費税を含む)等を含めない(原本注)。原本の期間表示「2023年 4-6月」(暦年の四半期)。2023年度以降は建設投資のウエイトに2020〜2022年度の平均値を暫定的に使用(原本注)。原本では1列右の見出しの下にある値。月別シートのこの系列の3か月平均と一致(差 0.03、0.1 以内)を確かめて、この系列に付け直した(2026-09-26 番人。付け直した 800 セルが全部一致)。
44d5c2f46957a4d0,JP,index,建設工事費デフレーター（2020年度基準） 四半期別,港湾・漁港,建設総合 > 土木総合 > 公共事業 > 土木2 > 港湾・漁港,index (2020年度平均 = 100),national,JP,日本,,,,111.3,,index_value,published_pdl,,,2023Q2,,mlit-deflator-tsuki-2607,deftsuki2020（四半期別）!BA39(見出しは右隣の系列。値はこの系列),https://www.mlit.go.jp/statistics/details/content/deftsuki_2607.xlsx,PDL1.0,,2020年度基準(2020年度平均=100)。2026年4月分の公表から2020年度基準に改定(原本注)。ウエイト項目に営業余剰や間接税(消費税を含む)等を含めない(原本注)。原本の期間表示「2023年 4-6月」(暦年の四半期)。2023年度以降は建設投資のウエイトに2020〜2022年度の平均値を暫定的に使用(原本注)。原本では1列右の見出しの下にある値。月別シートのこの系列の3か月平均と一致(差 0.03、0.1 以内)を確かめて、この系列に付け直した(2026-09-26 番人。付け直した 800 セルが全部一致)。
0b343d445f9d8c6d,JP,index,建設工事費デフレーター（2020年度基準） 四半期別,空港,建設総合 > 土木総合 > 公共事業 > 土木2 > 空港,index (2020年度平均 = 100),national,JP,日本,,,,107.2,,index_value,published_pdl,,,2023Q2,,mlit-deflator-tsuki-2607,deftsuki2020（四半期別）!BB39(見出しは右隣の系列。値はこの系列),https://www.mlit.go.jp/statistics/details/content/deftsuki_2607.xlsx,PDL1.0,,2020年度基準(2020年度平均=100)。2026年4月分の公表から2020年度基準に改定(原本注)。ウエイト項目に営業余剰や間接税(消費税を含む)等を含めない(原本注)。原本の期間表示「2023年 4-6月」(暦年の四半期)。2023年度以降は建設投資のウエイトに2020〜2022年度の平均値を暫定的に使用(原本注)。原本では1列右の見出しの下にある値。月別シートのこの系列の3か月平均と一致(差 0.07、0.1 以内)を確かめて、この系列に付け直した(2026-09-26 番人。付け直した 800 セルが全部一致)。
2fa203caf4d845b5,JP,index,建設工事費デフレーター（2020年度基準） 四半期別,環境衛生,建設総合 > 土木総合 > 公共事業 > 土木2 > 環境衛生,index (2020年度平均 = 100),national,JP,日本,,,,112.5,,index_value,published_pdl,,,2023Q2,,mlit-deflator-tsuki-2607,deftsuki2020（四半期別）!BC39(見出しは右隣の系列。値はこの系列),https://www.mlit.go.jp/statistics/details/content/deftsuki_2607.xlsx,PDL1.0,,2020年度基準(2020年度平均=100)。2026年4月分の公表から2020年度基準に改定(原本注)。ウエイト項目に営業余剰や間接税(消費税を含む)等を含めない(原本注)。原本の期間表示「2023年 4-6月」(暦年の四半期)。2023年度以降は建設投資のウエイトに2020〜2022年度の平均値を暫定的に使用(原本注)。原本では1列右の見出しの下にある値。月別シートのこの系列の3か月平均と一致(差 0.03、0.1 以内)を確かめて、この系列に付け直した(2026-09-26 番人。付け直した 800 セルが全部一致)。
4639f83b7ef7b06e,JP,index,建設工事費デフレーター（2020年度基準） 四半期別,農林関係公共事業,建設総合 > 土木総合 > 公共事業 > 土木2 > 農林関係公共事業,index (2020年度平均 = 100),national,JP,日本,,,,111.5,,index_value,published_pdl,,,2023Q2,,mlit-deflator-tsuki-2607,deftsuki2020（四半期別）!BD39(見出しは右隣の系列。値はこの系列),https://www.mlit.go.jp/statistics/details/content/deftsuki_2607.xlsx,PDL1.0,,2020年度基準(2020年度平均=100)。2026年4月分の公表から2020年度基準に改定(原本注)。ウエイト項目に営業余剰や間接税(消費税を含む)等を含めない(原本注)。原本の期間表示「2023年 4-6月」(暦年の四半期)。2023年度以降は建設投資のウエイトに2020〜2022年度の平均値を暫定的に使用(原本注)。原本では1列右の見出しの下にある値。月別シートのこの系列の3か月平均と一致(差 0.00、0.1 以内)を確かめて、この系列に付け直した(2026-09-26 番人。付け直した 800 セルが全部一致)。
48abd02fc8c0924c,JP,index,建設工事費デフレーター（2020年度基準） 四半期別,その他土木,建設総合 > 土木総合 > その他土木 (原本の列 BD。同じ表頭の列が2つある),index (2020年度平均 = 100),national,JP,日本,,,,111.8,,index_value,published_pdl,,,2023Q2,,mlit-deflator-tsuki-2607,deftsuki2020（四半期別）!BE39(見出しは右隣の系列。値はこの系列),https://www.mlit.go.jp/statistics/details/content/deftsuki_2607.xlsx,PDL1.0,,2020年度基準(2020年度平均=100)。2026年4月分の公表から2020年度基準に改定(原本注)。ウエイト項目に営業余剰や間接税(消費税を含む)等を含めない(原本注)。原本の期間表示「2023年 4-6月」(暦年の四半期)。2023年度以降は建設投資のウエイトに2020〜2022年度の平均値を暫定的に使用(原本注)。原本では1列右の見出しの下にある値。月別シートのこの系列の3か月平均と一致(差 0.03、0.1 以内)を確かめて、この系列に付け直した(2026-09-26 番人。付け直した 800 セルが全部一致)。
31bbf0d1cf193dc4,JP,index,建設工事費デフレーター（2020年度基準） 四半期別,鉄道軌道,建設総合 > 土木総合 > その他土木 > 鉄道軌道,index (2020年度平均 = 100),national,JP,日本,,,,113.6,,index_value,published_pdl,,,2023Q2,,mlit-deflator-tsuki-2607,deftsuki2020（四半期別）!BF39(見出しは右隣の系列。値はこの系列),https://www.mlit.go.jp/statistics/details/content/deftsuki_2607.xlsx,PDL1.0,,2020年度基準(2020年度平均=100)。2026年4月分の公表から2020年度基準に改定(原本注)。ウエイト項目に営業余剰や間接税(消費税を含む)等を含めない(原本注)。原本の期間表示「2023年 4-6月」(暦年の四半期)。2023年度以降は建設投資のウエイトに2020〜2022年度の平均値を暫定的に使用(原本注)。原本では1列右の見出しの下にある値。月別シートのこの系列の3か月平均と一致(差 0.03、0.1 以内)を確かめて、この系列に付け直した(2026-09-26 番人。付け直した 800 セルが全部一致)。
81b9128fc8448d82,JP,index,建設工事費デフレーター（2020年度基準） 四半期別,電力,建設総合 > 土木総合 > その他土木 > 電力,index (2020年度平均 = 100),national,JP,日本,,,,111.6,,index_value,published_pdl,,,2023Q2,,mlit-deflator-tsuki-2607,deftsuki2020（四半期別）!BG39(見出しは右隣の系列。値はこの系列),https://www.mlit.go.jp/statistics/details/content/deftsuki_2607.xlsx,PDL1.0,,2020年度基準(2020年度平均=100)。2026年4月分の公表から2020年度基準に改定(原本注)。ウエイト項目に営業余剰や間接税(消費税を含む)等を含めない(原本注)。原本の期間表示「2023年 4-6月」(暦年の四半期)。2023年度以降は建設投資のウエイトに2020〜2022年度の平均値を暫定的に使用(原本注)。原本では1列右の見出しの下にある値。月別シートのこの系列の3か月平均と一致(差 0.03、0.1 以内)を確かめて、この系列に付け直した(2026-09-26 番人。付け直した 800 セルが全部一致)。
83d013233880cc29,JP,index,建設工事費デフレーター（2020年度基準） 四半期別,電気通信,建設総合 > 土木総合 > その他土木 > 電気通信,index (2020年度平均 = 100),national,JP,日本,,,,109.5,,index_value,published_pdl,,,2023Q2,,mlit-deflator-tsuki-2607,deftsuki2020（四半期別）!BH39(見出しは右隣の系列。値はこの系列),https://www.mlit.go.jp/statistics/details/content/deftsuki_2607.xlsx,PDL1.0,,2020年度基準(2020年度平均=100)。2026年4月分の公表から2020年度基準に改定(原本注)。ウエイト項目に営業余剰や間接税(消費税を含む)等を含めない(原本注)。原本の期間表示「2023年 4-6月」(暦年の四半期)。2023年度以降は建設投資のウエイトに2020〜2022年度の平均値を暫定的に使用(原本注)。原本では1列右の見出しの下にある値。月別シートのこの系列の3か月平均と一致(差 0.03、0.1 以内)を確かめて、この系列に付け直した(2026-09-26 番人。付け直した 800 セルが全部一致)。
62109d6f8a49a9d5,JP,index,建設工事費デフレーター（2020年度基準） 四半期別,上・工業用水道,建設総合 > 土木総合 > その他土木 > 上・工業用水道,index (2020年度平均 = 100),national,JP,日本,,,,111.8,,index_value,published_pdl,,,2023Q2,,mlit-deflator-tsuki-2607,deftsuki2020（四半期別）!BI39(見出しは右隣の系列。値はこの系列),https://www.mlit.go.jp/statistics/details/content/deftsuki_2607.xlsx,PDL1.0,,2020年度基準(2020年度平均=100)。2026年4月分の公表から2020年度基準に改定(原本注)。ウエイト項目に営業余剰や間接税(消費税を含む)等を含めない(原本注)。原本の期間表示「2023年 4-6月」(暦年の四半期)。2023年度以降は建設投資のウエイトに2020〜2022年度の平均値を暫定的に使用(原本注)。原本では1列右の見出しの下にある値。月別シートのこの系列の3か月平均と一致(差 0.03、0.1 以内)を確かめて、この系列に付け直した(2026-09-26 番人。付け直した 800 セルが全部一致)。
2b1851c6bb084173,JP,index,建設工事費デフレーター（2020年度基準） 四半期別,土地造成,建設総合 > 土木総合 > その他土木 > 土地造成,index (2020年度平均 = 100),national,JP,日本,,,,109.8,,index_value,published_pdl,,,2023Q2,,mlit-deflator-tsuki-2607,deftsuki2020（四半期別）!BJ39(見出しは右隣の系列。値はこの系列),https://www.mlit.go.jp/statistics/details/content/deftsuki_2607.xlsx,PDL1.0,,2020年度基準(2020年度平均=100)。2026年4月分の公表から2020年度基準に改定(原本注)。ウエイト項目に営業余剰や間接税(消費税を含む)等を含めない(原本注)。原本の期間表示「2023年 4-6月」(暦年の四半期)。2023年度以降は建設投資のウエイトに2020〜2022年度の平均値を暫定的に使用(原本注)。原本では1列右の見出しの下にある値。月別シートのこの系列の3か月平均と一致(差 0.03、0.1 以内)を確かめて、この系列に付け直した(2026-09-26 番人。付け直した 800 セルが全部一致)。
8835d51fd2a40066,JP,index,建設工事費デフレーター（2020年度基準） 四半期別,その他土木,建設総合 > 土木総合 > その他土木 (原本の列 BJ。同じ表頭の列が2つある),index (2020年度平均 = 100),national,JP,日本,,,,111.3,,index_value,published_pdl,,,2023Q2,,mlit-deflator-tsuki-2607,deftsuki2020（四半期別）!BK39(見出しは右隣の系列。値はこの系列),https://www.mlit.go.jp/statistics/details/content/deftsuki_2607.xlsx,PDL1.0,,2020年度基準(2020年度平均=100)。2026年4月分の公表から2020年度基準に改定(原本注)。ウエイト項目に営業余剰や間接税(消費税を含む)等を含めない(原本注)。原本の期間表示「2023年 4-6月」(暦年の四半期)。2023年度以降は建設投資のウエイトに2020〜2022年度の平均値を暫定的に使用(原本注)。原本では1列右の見出しの下にある値。月別シートのこの系列の3か月平均と一致(差 0.03、0.1 以内)を確かめて、この系列に付け直した(2026-09-26 番人。付け直した 800 セルが全部一致)。
56130bc112e7f2de,JP,index,建設工事費デフレーター（2020年度基準） 四半期別,W在来住宅,W在来住宅,index (2020年度平均 = 100),national,JP,日本,,,,114.3,,index_value,published_pdl,,,2023Q2,,mlit-deflator-tsuki-2607,deftsuki2020（四半期別）!BL39(見出しは右隣の系列。値はこの系列),https://www.mlit.go.jp/statistics/details/content/deftsuki_2607.xlsx,PDL1.0,,2020年度基準(2020年度平均=100)。2026年4月分の公表から2020年度基準に改定(原本注)。ウエイト項目に営業余剰や間接税(消費税を含む)等を含めない(原本注)。原本の期間表示「2023年 4-6月」(暦年の四半期)。2023年度以降は建設投資のウエイトに2020〜2022年度の平均値を暫定的に使用(原本注)。原本では1列右の見出しの下にある値。月別シートのこの系列の3か月平均と一致(差 0.00、0.1 以内)を確かめて、この系列に付け直した(2026-09-26 番人。付け直した 800 セルが全部一致)。
e10e4725c7e72582,JP,index,建設工事費デフレーター（2020年度基準） 四半期別,W量産住宅,W量産住宅,index (2020年度平均 = 100),national,JP,日本,,,,117.2,,index_value,published_pdl,,,2023Q2,,mlit-deflator-tsuki-2607,deftsuki2020（四半期別）!BM39(見出しは右隣の系列。値はこの系列),https://www.mlit.go.jp/statistics/details/content/deftsuki_2607.xlsx,PDL1.0,,2020年度基準(2020年度平均=100)。2026年4月分の公表から2020年度基準に改定(原本注)。ウエイト項目に営業余剰や間接税(消費税を含む)等を含めない(原本注)。原本の期間表示「2023年 4-6月」(暦年の四半期)。2023年度以降は建設投資のウエイトに2020〜2022年度の平均値を暫定的に使用(原本注)。原本では1列右の見出しの下にある値。月別シートのこの系列の3か月平均と一致(差 0.00、0.1 以内)を確かめて、この系列に付け直した(2026-09-26 番人。付け直した 800 セルが全部一致)。
f203cfba4926c5df,JP,index,建設工事費デフレーター（2020年度基準） 四半期別,RC在来住宅,RC在来住宅,index (2020年度平均 = 100),national,JP,日本,,,,112.9,,index_value,published_pdl,,,2023Q2,,mlit-deflator-tsuki-2607,deftsuki2020（四半期別）!BN39(見出しは右隣の系列。値はこの系列),https://www.mlit.go.jp/statistics/details/content/deftsuki_2607.xlsx,PDL1.0,,2020年度基準(2020年度平均=100)。2026年4月分の公表から2020年度基準に改定(原本注)。ウエイト項目に営業余剰や間接税(消費税を含む)等を含めない(原本注)。原本の期間表示「2023年 4-6月」(暦年の四半期)。2023年度以降は建設投資のウエイトに2020〜2022年度の平均値を暫定的に使用(原本注)。原本では1列右の見出しの下にある値。月別シートのこの系列の3か月平均と一致(差 0.03、0.1 以内)を確かめて、この系列に付け直した(2026-09-26 番人。付け直した 800 セルが全部一致)。
d94b4987c521469f,JP,index,建設工事費デフレーター（2020年度基準） 四半期別,RC量産住宅,RC量産住宅,index (2020年度平均 = 100),national,JP,日本,,,,113.3,,index_value,published_pdl,,,2023Q2,,mlit-deflator-tsuki-2607,deftsuki2020（四半期別）!BO39(見出しは右隣の系列。値はこの系列),https://www.mlit.go.jp/statistics/details/content/deftsuki_2607.xlsx,PDL1.0,,2020年度基準(2020年度平均=100)。2026年4月分の公表から2020年度基準に改定(原本注)。ウエイト項目に営業余剰や間接税(消費税を含む)等を含めない(原本注)。原本の期間表示「2023年 4-6月」(暦年の四半期)。2023年度以降は建設投資のウエイトに2020〜2022年度の平均値を暫定的に使用(原本注)。原本では1列右の見出しの下にある値。月別シートのこの系列の3か月平均と一致(差 0.03、0.1 以内)を確かめて、この系列に付け直した(2026-09-26 番人。付け直した 800 セルが全部一致)。
750a39c072620dc2,JP,index,建設工事費デフレーター（2020年度基準） 四半期別,S在来住宅,S在来住宅,index (2020年度平均 = 100),national,JP,日本,,,,112.8,,index_value,published_pdl,,,2023Q2,,mlit-deflator-tsuki-2607,deftsuki2020（四半期別）!BP39(見出しは右隣の系列。値はこの系列),https://www.mlit.go.jp/statistics/details/content/deftsuki_2607.xlsx,PDL1.0,,2020年度基準(2020年度平均=100)。2026年4月分の公表から2020年度基準に改定(原本注)。ウエイト項目に営業余剰や間接税(消費税を含む)等を含めない(原本注)。原本の期間表示「2023年 4-6月」(暦年の四半期)。2023年度以降は建設投資のウエイトに2020〜2022年度の平均値を暫定的に使用(原本注)。原本では1列右の見出しの下にある値。月別シートのこの系列の3か月平均と一致(差 0.03、0.1 以内)を確かめて、この系列に付け直した(2026-09-26 番人。付け直した 800 セルが全部一致)。
64e1f92e68bcf2ce,JP,index,建設工事費デフレーター（2020年度基準） 四半期別,S量産住宅,S量産住宅,index (2020年度平均 = 100),national,JP,日本,,,,117.8,,index_value,published_pdl,,,2023Q2,,mlit-deflator-tsuki-2607,deftsuki2020（四半期別）!BQ39(見出しは右隣の系列。値はこの系列),https://www.mlit.go.jp/statistics/details/content/deftsuki_2607.xlsx,PDL1.0,,2020年度基準(2020年度平均=100)。2026年4月分の公表から2020年度基準に改定(原本注)。ウエイト項目に営業余剰や間接税(消費税を含む)等を含めない(原本注)。原本の期間表示「2023年 4-6月」(暦年の四半期)。2023年度以降は建設投資のウエイトに2020〜2022年度の平均値を暫定的に使用(原本注)。原本では1列右の見出しの下にある値。月別シートのこの系列の3か月平均と一致(差 0.03、0.1 以内)を確かめて、この系列に付け直した(2026-09-26 番人。付け直した 800 セルが全部一致)。
b5e26eb304f908e8,JP,index,建設工事費デフレーター（2020年度基準） 四半期別,W工場・倉庫,W工場・倉庫,index (2020年度平均 = 100),national,JP,日本,,,,113.2,,index_value,published_pdl,,,2023Q2,,mlit-deflator-tsuki-2607,deftsuki2020（四半期別）!BR39(見出しは右隣の系列。値はこの系列),https://www.mlit.go.jp/statistics/details/content/deftsuki_2607.xlsx,PDL1.0,,2020年度基準(2020年度平均=100)。2026年4月分の公表から2020年度基準に改定(原本注)。ウエイト項目に営業余剰や間接税(消費税を含む)等を含めない(原本注)。原本の期間表示「2023年 4-6月」(暦年の四半期)。2023年度以降は建設投資のウエイトに2020〜2022年度の平均値を暫定的に使用(原本注)。原本では1列右の見出しの下にある値。月別シートのこの系列の3か月平均と一致(差 0.03、0.1 以内)を確かめて、この系列に付け直した(2026-09-26 番人。付け直した 800 セルが全部一致)。
87f0355d7659ba0a,JP,index,建設工事費デフレーター（2020年度基準） 四半期別,W事務所・その他,W事務所・その他,index (2020年度平均 = 100),national,JP,日本,,,,112.9,,index_value,published_pdl,,,2023Q2,,mlit-deflator-tsuki-2607,deftsuki2020（四半期別）!BS39(見出しは右隣の系列。値はこの系列),https://www.mlit.go.jp/statistics/details/content/deftsuki_2607.xlsx,PDL1.0,,2020年度基準(2020年度平均=100)。2026年4月分の公表から2020年度基準に改定(原本注)。ウエイト項目に営業余剰や間接税(消費税を含む)等を含めない(原本注)。原本の期間表示「2023年 4-6月」(暦年の四半期)。2023年度以降は建設投資のウエイトに2020〜2022年度の平均値を暫定的に使用(原本注)。原本では1列右の見出しの下にある値。月別シートのこの系列の3か月平均と一致(差 0.03、0.1 以内)を確かめて、この系列に付け直した(2026-09-26 番人。付け直した 800 セルが全部一致)。
579308f7ed06112e,JP,index,建設工事費デフレーター（2020年度基準） 四半期別,SRC工場・倉庫,SRC工場・倉庫,index (2020年度平均 = 100),national,JP,日本,,,,112.6,,index_value,published_pdl,,,2023Q2,,mlit-deflator-tsuki-2607,deftsuki2020（四半期別）!BT39(見出しは右隣の系列。値はこの系列),https://www.mlit.go.jp/statistics/details/content/deftsuki_2607.xlsx,PDL1.0,,2020年度基準(2020年度平均=100)。2026年4月分の公表から2020年度基準に改定(原本注)。ウエイト項目に営業余剰や間接税(消費税を含む)等を含めない(原本注)。原本の期間表示「2023年 4-6月」(暦年の四半期)。2023年度以降は建設投資のウエイトに2020〜2022年度の平均値を暫定的に使用(原本注)。原本では1列右の見出しの下にある値。月別シートのこの系列の3か月平均と一致(差 0.07、0.1 以内)を確かめて、この系列に付け直した(2026-09-26 番人。付け直した 800 セルが全部一致)。
694159ea564cad0d,JP,index,建設工事費デフレーター（2020年度基準） 四半期別,SRC事務所・その他,SRC事務所・その他,index (2020年度平均 = 100),national,JP,日本,,,,111.5,,index_value,published_pdl,,,2023Q2,,mlit-deflator-tsuki-2607,deftsuki2020（四半期別）!BU39(見出しは右隣の系列。値はこの系列),https://www.mlit.go.jp/statistics/details/content/deftsuki_2607.xlsx,PDL1.0,,2020年度基準(2020年度平均=100)。2026年4月分の公表から2020年度基準に改定(原本注)。ウエイト項目に営業余剰や間接税(消費税を含む)等を含めない(原本注)。原本の期間表示「2023年 4-6月」(暦年の四半期)。2023年度以降は建設投資のウエイトに2020〜2022年度の平均値を暫定的に使用(原本注)。原本では1列右の見出しの下にある値。月別シートのこの系列の3か月平均と一致(差 0.07、0.1 以内)を確かめて、この系列に付け直した(2026-09-26 番人。付け直した 800 セルが全部一致)。
1464f7aba466f6be,JP,index,建設工事費デフレーター（2020年度基準） 四半期別,RC工場・倉庫,RC工場・倉庫,index (2020年度平均 = 100),national,JP,日本,,,,112.4,,index_value,published_pdl,,,2023Q2,,mlit-deflator-tsuki-2607,deftsuki2020（四半期別）!BV39(見出しは右隣の系列。値はこの系列),https://www.mlit.go.jp/statistics/details/content/deftsuki_2607.xlsx,PDL1.0,,2020年度基準(2020年度平均=100)。2026年4月分の公表から2020年度基準に改定(原本注)。ウエイト項目に営業余剰や間接税(消費税を含む)等を含めない(原本注)。原本の期間表示「2023年 4-6月」(暦年の四半期)。2023年度以降は建設投資のウエイトに2020〜2022年度の平均値を暫定的に使用(原本注)。原本では1列右の見出しの下にある値。月別シートのこの系列の3か月平均と一致(差 0.03、0.1 以内)を確かめて、この系列に付け直した(2026-09-26 番人。付け直した 800 セルが全部一致)。
2b64f42ccc7634e3,JP,index,建設工事費デフレーター（2020年度基準） 四半期別,RC学校,RC学校,index (2020年度平均 = 100),national,JP,日本,,,,112,,index_value,published_pdl,,,2023Q2,,mlit-deflator-tsuki-2607,deftsuki2020（四半期別）!BW39(見出しは右隣の系列。値はこの系列),https://www.mlit.go.jp/statistics/details/content/deftsuki_2607.xlsx,PDL1.0,,2020年度基準(2020年度平均=100)。2026年4月分の公表から2020年度基準に改定(原本注)。ウエイト項目に営業余剰や間接税(消費税を含む)等を含めない(原本注)。原本の期間表示「2023年 4-6月」(暦年の四半期)。2023年度以降は建設投資のウエイトに2020〜2022年度の平均値を暫定的に使用(原本注)。原本では1列右の見出しの下にある値。月別シートのこの系列の3か月平均と一致(差 0.03、0.1 以内)を確かめて、この系列に付け直した(2026-09-26 番人。付け直した 800 セルが全部一致)。
dc9517137a9b92ee,JP,index,建設工事費デフレーター（2020年度基準） 四半期別,RC事務所・その他,RC事務所・その他,index (2020年度平均 = 100),national,JP,日本,,,,112.1,,index_value,published_pdl,,,2023Q2,,mlit-deflator-tsuki-2607,deftsuki2020（四半期別）!BX39(見出しは右隣の系列。値はこの系列),https://www.mlit.go.jp/statistics/details/content/deftsuki_2607.xlsx,PDL1.0,,2020年度基準(2020年度平均=100)。2026年4月分の公表から2020年度基準に改定(原本注)。ウエイト項目に営業余剰や間接税(消費税を含む)等を含めない(原本注)。原本の期間表示「2023年 4-6月」(暦年の四半期)。2023年度以降は建設投資のウエイトに2020〜2022年度の平均値を暫定的に使用(原本注)。原本では1列右の見出しの下にある値。月別シートのこの系列の3か月平均と一致(差 0.03、0.1 以内)を確かめて、この系列に付け直した(2026-09-26 番人。付け直した 800 セルが全部一致)。
74f82505b66221e2,JP,index,建設工事費デフレーター（2020年度基準） 四半期別,S工場・倉庫,S工場・倉庫,index (2020年度平均 = 100),national,JP,日本,,,,112.4,,index_value,published_pdl,,,2023Q2,,mlit-deflator-tsuki-2607,deftsuki2020（四半期別）!BY39(見出しは右隣の系列。値はこの系列),https://www.mlit.go.jp/statistics/details/content/deftsuki_2607.xlsx,PDL1.0,,2020年度基準(2020年度平均=100)。2026年4月分の公表から2020年度基準に改定(原本注)。ウエイト項目に営業余剰や間接税(消費税を含む)等を含めない(原本注)。原本の期間表示「2023年 4-6月」(暦年の四半期)。2023年度以降は建設投資のウエイトに2020〜2022年度の平均値を暫定的に使用(原本注)。原本では1列右の見出しの下にある値。月別シートのこの系列の3か月平均と一致(差 0.03、0.1 以内)を確かめて、この系列に付け直した(2026-09-26 番人。付け直した 800 セルが全部一致)。
ee49fbbba45320b8,JP,index,建設工事費デフレーター（2020年度基準） 四半期別,S事務所・その他,S事務所・その他,index (2020年度平均 = 100),national,JP,日本,,,,,,index_value,not_set,,,2023Q2,,mlit-deflator-tsuki-2607,,https://www.mlit.go.jp/statistics/details/content/deftsuki_2607.xlsx,PDL1.0,,2020年度基準(2020年度平均=100)。2026年4月分の公表から2020年度基準に改定(原本注)。ウエイト項目に営業余剰や間接税(消費税を含む)等を含めない(原本注)。原本の期間表示「2023年 4-6月」(暦年の四半期)。2023年度以降は建設投資のウエイトに2020〜2022年度の平均値を暫定的に使用(原本注)。原本の四半期別では、列ずれのため、この系列のこの期間の値がどの列にも無い(2026-09-26 番人)。月別シートの値はある。
1426940590d94016,JP,index,建設工事費デフレーター（2020年度基準） 四半期別,地方道路公社等,建設総合 > 土木総合 > 公共事業 > 土木1（除く災害復旧） > 道路総合 > 有料道路 > 地方道路公社等,index (2020年度平均 = 100),national,JP,日本,,,,112.2,,index_value,published_pdl,,,2023Q3,,mlit-deflator-tsuki-2607,deftsuki2020（四半期別）!AT40(見出しは右隣の系列。値はこの系列),https://www.mlit.go.jp/statistics/details/content/deftsuki_2607.xlsx,PDL1.0,,2020年度基準(2020年度平均=100)。2026年4月分の公表から2020年度基準に改定(原本注)。ウエイト項目に営業余剰や間接税(消費税を含む)等を含めない(原本注)。原本の期間表示「2023年 7-9月」(暦年の四半期)。2023年度以降は建設投資のウエイトに2020〜2022年度の平均値を暫定的に使用(原本注)。原本では1列右の見出しの下にある値。月別シートのこの系列の3か月平均と一致(差 0.00、0.1 以内)を確かめて、この系列に付け直した(2026-09-26 番人。付け直した 800 セルが全部一致)。
1f9f0a228e786f99,JP,index,建設工事費デフレーター（2020年度基準） 四半期別,道路2（再掲）,建設総合 > 土木総合 > 公共事業 > 土木1（除く災害復旧） > 道路2（再掲）,index (2020年度平均 = 100),national,JP,日本,,,,112.5,,index_value,published_pdl,,,2023Q3,,mlit-deflator-tsuki-2607,deftsuki2020（四半期別）!AU40(見出しは右隣の系列。値はこの系列),https://www.mlit.go.jp/statistics/details/content/deftsuki_2607.xlsx,PDL1.0,,2020年度基準(2020年度平均=100)。2026年4月分の公表から2020年度基準に改定(原本注)。ウエイト項目に営業余剰や間接税(消費税を含む)等を含めない(原本注)。原本の期間表示「2023年 7-9月」(暦年の四半期)。2023年度以降は建設投資のウエイトに2020〜2022年度の平均値を暫定的に使用(原本注)。原本では1列右の見出しの下にある値。月別シートのこの系列の3か月平均と一致(差 0.07、0.1 以内)を確かめて、この系列に付け直した(2026-09-26 番人。付け直した 800 セルが全部一致)。
a76c93b3b6866131,JP,index,建設工事費デフレーター（2020年度基準） 四半期別,街路2（再掲）,建設総合 > 土木総合 > 公共事業 > 土木1（除く災害復旧） > 街路2（再掲）,index (2020年度平均 = 100),national,JP,日本,,,,112.1,,index_value,published_pdl,,,2023Q3,,mlit-deflator-tsuki-2607,deftsuki2020（四半期別）!AV40(見出しは右隣の系列。値はこの系列),https://www.mlit.go.jp/statistics/details/content/deftsuki_2607.xlsx,PDL1.0,,2020年度基準(2020年度平均=100)。2026年4月分の公表から2020年度基準に改定(原本注)。ウエイト項目に営業余剰や間接税(消費税を含む)等を含めない(原本注)。原本の期間表示「2023年 7-9月」(暦年の四半期)。2023年度以降は建設投資のウエイトに2020〜2022年度の平均値を暫定的に使用(原本注)。原本では1列右の見出しの下にある値。月別シートのこの系列の3か月平均と一致(差 0.03、0.1 以内)を確かめて、この系列に付け直した(2026-09-26 番人。付け直した 800 セルが全部一致)。
8e92fb72f8dc3a75,JP,index,建設工事費デフレーター（2020年度基準） 四半期別,公園,建設総合 > 土木総合 > 公共事業 > 土木1（除く災害復旧） > 公園,index (2020年度平均 = 100),national,JP,日本,,,,110.1,,index_value,published_pdl,,,2023Q3,,mlit-deflator-tsuki-2607,deftsuki2020（四半期別）!AW40(見出しは右隣の系列。値はこの系列),https://www.mlit.go.jp/statistics/details/content/deftsuki_2607.xlsx,PDL1.0,,2020年度基準(2020年度平均=100)。2026年4月分の公表から2020年度基準に改定(原本注)。ウエイト項目に営業余剰や間接税(消費税を含む)等を含めない(原本注)。原本の期間表示「2023年 7-9月」(暦年の四半期)。2023年度以降は建設投資のウエイトに2020〜2022年度の平均値を暫定的に使用(原本注)。原本では1列右の見出しの下にある値。月別シートのこの系列の3か月平均と一致(差 0.03、0.1 以内)を確かめて、この系列に付け直した(2026-09-26 番人。付け直した 800 セルが全部一致)。
a581152774fd7310,JP,index,建設工事費デフレーター（2020年度基準） 四半期別,下水道,建設総合 > 土木総合 > 公共事業 > 土木1（除く災害復旧） > 下水道,index (2020年度平均 = 100),national,JP,日本,,,,111.6,,index_value,published_pdl,,,2023Q3,,mlit-deflator-tsuki-2607,deftsuki2020（四半期別）!AX40(見出しは右隣の系列。値はこの系列),https://www.mlit.go.jp/statistics/details/content/deftsuki_2607.xlsx,PDL1.0,,2020年度基準(2020年度平均=100)。2026年4月分の公表から2020年度基準に改定(原本注)。ウエイト項目に営業余剰や間接税(消費税を含む)等を含めない(原本注)。原本の期間表示「2023年 7-9月」(暦年の四半期)。2023年度以降は建設投資のウエイトに2020〜2022年度の平均値を暫定的に使用(原本注)。原本では1列右の見出しの下にある値。月別シートのこの系列の3か月平均と一致(差 0.07、0.1 以内)を確かめて、この系列に付け直した(2026-09-26 番人。付け直した 800 セルが全部一致)。
628ee21c66aac57f,JP,index,建設工事費デフレーター（2020年度基準） 四半期別,災害復旧,建設総合 > 土木総合 > 公共事業 > 土木1（除く災害復旧） > 災害復旧,index (2020年度平均 = 100),national,JP,日本,,,,110.7,,index_value,published_pdl,,,2023Q3,,mlit-deflator-tsuki-2607,deftsuki2020（四半期別）!AY40(見出しは右隣の系列。値はこの系列),https://www.mlit.go.jp/statistics/details/content/deftsuki_2607.xlsx,PDL1.0,,2020年度基準(2020年度平均=100)。2026年4月分の公表から2020年度基準に改定(原本注)。ウエイト項目に営業余剰や間接税(消費税を含む)等を含めない(原本注)。原本の期間表示「2023年 7-9月」(暦年の四半期)。2023年度以降は建設投資のウエイトに2020〜2022年度の平均値を暫定的に使用(原本注)。原本では1列右の見出しの下にある値。月別シートのこの系列の3か月平均と一致(差 0.03、0.1 以内)を確かめて、この系列に付け直した(2026-09-26 番人。付け直した 800 セルが全部一致)。
2f00039eb382ff3a,JP,index,建設工事費デフレーター（2020年度基準） 四半期別,土木2,建設総合 > 土木総合 > 公共事業 > 土木2,index (2020年度平均 = 100),national,JP,日本,,,,112,,index_value,published_pdl,,,2023Q3,,mlit-deflator-tsuki-2607,deftsuki2020（四半期別）!AZ40(見出しは右隣の系列。値はこの系列),https://www.mlit.go.jp/statistics/details/content/deftsuki_2607.xlsx,PDL1.0,,2020年度基準(2020年度平均=100)。2026年4月分の公表から2020年度基準に改定(原本注)。ウエイト項目に営業余剰や間接税(消費税を含む)等を含めない(原本注)。原本の期間表示「2023年 7-9月」(暦年の四半期)。2023年度以降は建設投資のウエイトに2020〜2022年度の平均値を暫定的に使用(原本注)。原本では1列右の見出しの下にある値。月別シートのこの系列の3か月平均と一致(差 0.03、0.1 以内)を確かめて、この系列に付け直した(2026-09-26 番人。付け直した 800 セルが全部一致)。
ad09d73c68b3fe36,JP,index,建設工事費デフレーター（2020年度基準） 四半期別,港湾・漁港,建設総合 > 土木総合 > 公共事業 > 土木2 > 港湾・漁港,index (2020年度平均 = 100),national,JP,日本,,,,112.2,,index_value,published_pdl,,,2023Q3,,mlit-deflator-tsuki-2607,deftsuki2020（四半期別）!BA40(見出しは右隣の系列。値はこの系列),https://www.mlit.go.jp/statistics/details/content/deftsuki_2607.xlsx,PDL1.0,,2020年度基準(2020年度平均=100)。2026年4月分の公表から2020年度基準に改定(原本注)。ウエイト項目に営業余剰や間接税(消費税を含む)等を含めない(原本注)。原本の期間表示「2023年 7-9月」(暦年の四半期)。2023年度以降は建設投資のウエイトに2020〜2022年度の平均値を暫定的に使用(原本注)。原本では1列右の見出しの下にある値。月別シートのこの系列の3か月平均と一致(差 0.03、0.1 以内)を確かめて、この系列に付け直した(2026-09-26 番人。付け直した 800 セルが全部一致)。
1c425347ed4f7d2d,JP,index,建設工事費デフレーター（2020年度基準） 四半期別,空港,建設総合 > 土木総合 > 公共事業 > 土木2 > 空港,index (2020年度平均 = 100),national,JP,日本,,,,107.3,,index_value,published_pdl,,,2023Q3,,mlit-deflator-tsuki-2607,deftsuki2020（四半期別）!BB40(見出しは右隣の系列。値はこの系列),https://www.mlit.go.jp/statistics/details/content/deftsuki_2607.xlsx,PDL1.0,,2020年度基準(2020年度平均=100)。2026年4月分の公表から2020年度基準に改定(原本注)。ウエイト項目に営業余剰や間接税(消費税を含む)等を含めない(原本注)。原本の期間表示「2023年 7-9月」(暦年の四半期)。2023年度以降は建設投資のウエイトに2020〜2022年度の平均値を暫定的に使用(原本注)。原本では1列右の見出しの下にある値。月別シートのこの系列の3か月平均と一致(差 0.03、0.1 以内)を確かめて、この系列に付け直した(2026-09-26 番人。付け直した 800 セルが全部一致)。
eb40d03d4eb0120d,JP,index,建設工事費デフレーター（2020年度基準） 四半期別,環境衛生,建設総合 > 土木総合 > 公共事業 > 土木2 > 環境衛生,index (2020年度平均 = 100),national,JP,日本,,,,113,,index_value,published_pdl,,,2023Q3,,mlit-deflator-tsuki-2607,deftsuki2020（四半期別）!BC40(見出しは右隣の系列。値はこの系列),https://www.mlit.go.jp/statistics/details/content/deftsuki_2607.xlsx,PDL1.0,,2020年度基準(2020年度平均=100)。2026年4月分の公表から2020年度基準に改定(原本注)。ウエイト項目に営業余剰や間接税(消費税を含む)等を含めない(原本注)。原本の期間表示「2023年 7-9月」(暦年の四半期)。2023年度以降は建設投資のウエイトに2020〜2022年度の平均値を暫定的に使用(原本注)。原本では1列右の見出しの下にある値。月別シートのこの系列の3か月平均と一致(差 0.00、0.1 以内)を確かめて、この系列に付け直した(2026-09-26 番人。付け直した 800 セルが全部一致)。
66fa23d7cb56a050,JP,index,建設工事費デフレーター（2020年度基準） 四半期別,農林関係公共事業,建設総合 > 土木総合 > 公共事業 > 土木2 > 農林関係公共事業,index (2020年度平均 = 100),national,JP,日本,,,,112.4,,index_value,published_pdl,,,2023Q3,,mlit-deflator-tsuki-2607,deftsuki2020（四半期別）!BD40(見出しは右隣の系列。値はこの系列),https://www.mlit.go.jp/statistics/details/content/deftsuki_2607.xlsx,PDL1.0,,2020年度基準(2020年度平均=100)。2026年4月分の公表から2020年度基準に改定(原本注)。ウエイト項目に営業余剰や間接税(消費税を含む)等を含めない(原本注)。原本の期間表示「2023年 7-9月」(暦年の四半期)。2023年度以降は建設投資のウエイトに2020〜2022年度の平均値を暫定的に使用(原本注)。原本では1列右の見出しの下にある値。月別シートのこの系列の3か月平均と一致(差 0.03、0.1 以内)を確かめて、この系列に付け直した(2026-09-26 番人。付け直した 800 セルが全部一致)。
7f67128c597b2b38,JP,index,建設工事費デフレーター（2020年度基準） 四半期別,その他土木,建設総合 > 土木総合 > その他土木 (原本の列 BD。同じ表頭の列が2つある),index (2020年度平均 = 100),national,JP,日本,,,,112.4,,index_value,published_pdl,,,2023Q3,,mlit-deflator-tsuki-2607,deftsuki2020（四半期別）!BE40(見出しは右隣の系列。値はこの系列),https://www.mlit.go.jp/statistics/details/content/deftsuki_2607.xlsx,PDL1.0,,2020年度基準(2020年度平均=100)。2026年4月分の公表から2020年度基準に改定(原本注)。ウエイト項目に営業余剰や間接税(消費税を含む)等を含めない(原本注)。原本の期間表示「2023年 7-9月」(暦年の四半期)。2023年度以降は建設投資のウエイトに2020〜2022年度の平均値を暫定的に使用(原本注)。原本では1列右の見出しの下にある値。月別シートのこの系列の3か月平均と一致(差 0.03、0.1 以内)を確かめて、この系列に付け直した(2026-09-26 番人。付け直した 800 セルが全部一致)。
75f531300b87187d,JP,index,建設工事費デフレーター（2020年度基準） 四半期別,鉄道軌道,建設総合 > 土木総合 > その他土木 > 鉄道軌道,index (2020年度平均 = 100),national,JP,日本,,,,114.2,,index_value,published_pdl,,,2023Q3,,mlit-deflator-tsuki-2607,deftsuki2020（四半期別）!BF40(見出しは右隣の系列。値はこの系列),https://www.mlit.go.jp/statistics/details/content/deftsuki_2607.xlsx,PDL1.0,,2020年度基準(2020年度平均=100)。2026年4月分の公表から2020年度基準に改定(原本注)。ウエイト項目に営業余剰や間接税(消費税を含む)等を含めない(原本注)。原本の期間表示「2023年 7-9月」(暦年の四半期)。2023年度以降は建設投資のウエイトに2020〜2022年度の平均値を暫定的に使用(原本注)。原本では1列右の見出しの下にある値。月別シートのこの系列の3か月平均と一致(差 0.03、0.1 以内)を確かめて、この系列に付け直した(2026-09-26 番人。付け直した 800 セルが全部一致)。
c2ed6bac4b73b084,JP,index,建設工事費デフレーター（2020年度基準） 四半期別,電力,建設総合 > 土木総合 > その他土木 > 電力,index (2020年度平均 = 100),national,JP,日本,,,,112.4,,index_value,published_pdl,,,2023Q3,,mlit-deflator-tsuki-2607,deftsuki2020（四半期別）!BG40(見出しは右隣の系列。値はこの系列),https://www.mlit.go.jp/statistics/details/content/deftsuki_2607.xlsx,PDL1.0,,2020年度基準(2020年度平均=100)。2026年4月分の公表から2020年度基準に改定(原本注)。ウエイト項目に営業余剰や間接税(消費税を含む)等を含めない(原本注)。原本の期間表示「2023年 7-9月」(暦年の四半期)。2023年度以降は建設投資のウエイトに2020〜2022年度の平均値を暫定的に使用(原本注)。原本では1列右の見出しの下にある値。月別シートのこの系列の3か月平均と一致(差 0.00、0.1 以内)を確かめて、この系列に付け直した(2026-09-26 番人。付け直した 800 セルが全部一致)。
273accf659450df3,JP,index,建設工事費デフレーター（2020年度基準） 四半期別,電気通信,建設総合 > 土木総合 > その他土木 > 電気通信,index (2020年度平均 = 100),national,JP,日本,,,,109.7,,index_value,published_pdl,,,2023Q3,,mlit-deflator-tsuki-2607,deftsuki2020（四半期別）!BH40(見出しは右隣の系列。値はこの系列),https://www.mlit.go.jp/statistics/details/content/deftsuki_2607.xlsx,PDL1.0,,2020年度基準(2020年度平均=100)。2026年4月分の公表から2020年度基準に改定(原本注)。ウエイト項目に営業余剰や間接税(消費税を含む)等を含めない(原本注)。原本の期間表示「2023年 7-9月」(暦年の四半期)。2023年度以降は建設投資のウエイトに2020〜2022年度の平均値を暫定的に使用(原本注)。原本では1列右の見出しの下にある値。月別シートのこの系列の3か月平均と一致(差 0.03、0.1 以内)を確かめて、この系列に付け直した(2026-09-26 番人。付け直した 800 セルが全部一致)。
ab6b9fbd606ee17a,JP,index,建設工事費デフレーター（2020年度基準） 四半期別,上・工業用水道,建設総合 > 土木総合 > その他土木 > 上・工業用水道,index (2020年度平均 = 100),national,JP,日本,,,,112.5,,index_value,published_pdl,,,2023Q3,,mlit-deflator-tsuki-2607,deftsuki2020（四半期別）!BI40(見出しは右隣の系列。値はこの系列),https://www.mlit.go.jp/statistics/details/content/deftsuki_2607.xlsx,PDL1.0,,2020年度基準(2020年度平均=100)。2026年4月分の公表から2020年度基準に改定(原本注)。ウエイト項目に営業余剰や間接税(消費税を含む)等を含めない(原本注)。原本の期間表示「2023年 7-9月」(暦年の四半期)。2023年度以降は建設投資のウエイトに2020〜2022年度の平均値を暫定的に使用(原本注)。原本では1列右の見出しの下にある値。月別シートのこの系列の3か月平均と一致(差 0.00、0.1 以内)を確かめて、この系列に付け直した(2026-09-26 番人。付け直した 800 セルが全部一致)。
7aa705e6f977f95a,JP,index,建設工事費デフレーター（2020年度基準） 四半期別,土地造成,建設総合 > 土木総合 > その他土木 > 土地造成,index (2020年度平均 = 100),national,JP,日本,,,,110.6,,index_value,published_pdl,,,2023Q3,,mlit-deflator-tsuki-2607,deftsuki2020（四半期別）!BJ40(見出しは右隣の系列。値はこの系列),https://www.mlit.go.jp/statistics/details/content/deftsuki_2607.xlsx,PDL1.0,,2020年度基準(2020年度平均=100)。2026年4月分の公表から2020年度基準に改定(原本注)。ウエイト項目に営業余剰や間接税(消費税を含む)等を含めない(原本注)。原本の期間表示「2023年 7-9月」(暦年の四半期)。2023年度以降は建設投資のウエイトに2020〜2022年度の平均値を暫定的に使用(原本注)。原本では1列右の見出しの下にある値。月別シートのこの系列の3か月平均と一致(差 0.03、0.1 以内)を確かめて、この系列に付け直した(2026-09-26 番人。付け直した 800 セルが全部一致)。
0db37b5566d7dceb,JP,index,建設工事費デフレーター（2020年度基準） 四半期別,その他土木,建設総合 > 土木総合 > その他土木 (原本の列 BJ。同じ表頭の列が2つある),index (2020年度平均 = 100),national,JP,日本,,,,111.9,,index_value,published_pdl,,,2023Q3,,mlit-deflator-tsuki-2607,deftsuki2020（四半期別）!BK40(見出しは右隣の系列。値はこの系列),https://www.mlit.go.jp/statistics/details/content/deftsuki_2607.xlsx,PDL1.0,,2020年度基準(2020年度平均=100)。2026年4月分の公表から2020年度基準に改定(原本注)。ウエイト項目に営業余剰や間接税(消費税を含む)等を含めない(原本注)。原本の期間表示「2023年 7-9月」(暦年の四半期)。2023年度以降は建設投資のウエイトに2020〜2022年度の平均値を暫定的に使用(原本注)。原本では1列右の見出しの下にある値。月別シートのこの系列の3か月平均と一致(差 0.00、0.1 以内)を確かめて、この系列に付け直した(2026-09-26 番人。付け直した 800 セルが全部一致)。
dcd895e5145500ef,JP,index,建設工事費デフレーター（2020年度基準） 四半期別,W在来住宅,W在来住宅,index (2020年度平均 = 100),national,JP,日本,,,,114,,index_value,published_pdl,,,2023Q3,,mlit-deflator-tsuki-2607,deftsuki2020（四半期別）!BL40(見出しは右隣の系列。値はこの系列),https://www.mlit.go.jp/statistics/details/content/deftsuki_2607.xlsx,PDL1.0,,2020年度基準(2020年度平均=100)。2026年4月分の公表から2020年度基準に改定(原本注)。ウエイト項目に営業余剰や間接税(消費税を含む)等を含めない(原本注)。原本の期間表示「2023年 7-9月」(暦年の四半期)。2023年度以降は建設投資のウエイトに2020〜2022年度の平均値を暫定的に使用(原本注)。原本では1列右の見出しの下にある値。月別シートのこの系列の3か月平均と一致(差 0.03、0.1 以内)を確かめて、この系列に付け直した(2026-09-26 番人。付け直した 800 セルが全部一致)。
75498d7b5b76ae3e,JP,index,建設工事費デフレーター（2020年度基準） 四半期別,W量産住宅,W量産住宅,index (2020年度平均 = 100),national,JP,日本,,,,116.5,,index_value,published_pdl,,,2023Q3,,mlit-deflator-tsuki-2607,deftsuki2020（四半期別）!BM40(見出しは右隣の系列。値はこの系列),https://www.mlit.go.jp/statistics/details/content/deftsuki_2607.xlsx,PDL1.0,,2020年度基準(2020年度平均=100)。2026年4月分の公表から2020年度基準に改定(原本注)。ウエイト項目に営業余剰や間接税(消費税を含む)等を含めない(原本注)。原本の期間表示「2023年 7-9月」(暦年の四半期)。2023年度以降は建設投資のウエイトに2020〜2022年度の平均値を暫定的に使用(原本注)。原本では1列右の見出しの下にある値。月別シートのこの系列の3か月平均と一致(差 0.03、0.1 以内)を確かめて、この系列に付け直した(2026-09-26 番人。付け直した 800 セルが全部一致)。
fa843e6689d736e0,JP,index,建設工事費デフレーター（2020年度基準） 四半期別,RC在来住宅,RC在来住宅,index (2020年度平均 = 100),national,JP,日本,,,,113.3,,index_value,published_pdl,,,2023Q3,,mlit-deflator-tsuki-2607,deftsuki2020（四半期別）!BN40(見出しは右隣の系列。値はこの系列),https://www.mlit.go.jp/statistics/details/content/deftsuki_2607.xlsx,PDL1.0,,2020年度基準(2020年度平均=100)。2026年4月分の公表から2020年度基準に改定(原本注)。ウエイト項目に営業余剰や間接税(消費税を含む)等を含めない(原本注)。原本の期間表示「2023年 7-9月」(暦年の四半期)。2023年度以降は建設投資のウエイトに2020〜2022年度の平均値を暫定的に使用(原本注)。原本では1列右の見出しの下にある値。月別シートのこの系列の3か月平均と一致(差 0.03、0.1 以内)を確かめて、この系列に付け直した(2026-09-26 番人。付け直した 800 セルが全部一致)。
d358fb611c06b22d,JP,index,建設工事費デフレーター（2020年度基準） 四半期別,RC量産住宅,RC量産住宅,index (2020年度平均 = 100),national,JP,日本,,,,113.8,,index_value,published_pdl,,,2023Q3,,mlit-deflator-tsuki-2607,deftsuki2020（四半期別）!BO40(見出しは右隣の系列。値はこの系列),https://www.mlit.go.jp/statistics/details/content/deftsuki_2607.xlsx,PDL1.0,,2020年度基準(2020年度平均=100)。2026年4月分の公表から2020年度基準に改定(原本注)。ウエイト項目に営業余剰や間接税(消費税を含む)等を含めない(原本注)。原本の期間表示「2023年 7-9月」(暦年の四半期)。2023年度以降は建設投資のウエイトに2020〜2022年度の平均値を暫定的に使用(原本注)。原本では1列右の見出しの下にある値。月別シートのこの系列の3か月平均と一致(差 0.03、0.1 以内)を確かめて、この系列に付け直した(2026-09-26 番人。付け直した 800 セルが全部一致)。
364fc4b4e1d419cb,JP,index,建設工事費デフレーター（2020年度基準） 四半期別,S在来住宅,S在来住宅,index (2020年度平均 = 100),national,JP,日本,,,,113.4,,index_value,published_pdl,,,2023Q3,,mlit-deflator-tsuki-2607,deftsuki2020（四半期別）!BP40(見出しは右隣の系列。値はこの系列),https://www.mlit.go.jp/statistics/details/content/deftsuki_2607.xlsx,PDL1.0,,2020年度基準(2020年度平均=100)。2026年4月分の公表から2020年度基準に改定(原本注)。ウエイト項目に営業余剰や間接税(消費税を含む)等を含めない(原本注)。原本の期間表示「2023年 7-9月」(暦年の四半期)。2023年度以降は建設投資のウエイトに2020〜2022年度の平均値を暫定的に使用(原本注)。原本では1列右の見出しの下にある値。月別シートのこの系列の3か月平均と一致(差 0.07、0.1 以内)を確かめて、この系列に付け直した(2026-09-26 番人。付け直した 800 セルが全部一致)。
3544220333e99b3b,JP,index,建設工事費デフレーター（2020年度基準） 四半期別,S量産住宅,S量産住宅,index (2020年度平均 = 100),national,JP,日本,,,,117.9,,index_value,published_pdl,,,2023Q3,,mlit-deflator-tsuki-2607,deftsuki2020（四半期別）!BQ40(見出しは右隣の系列。値はこの系列),https://www.mlit.go.jp/statistics/details/content/deftsuki_2607.xlsx,PDL1.0,,2020年度基準(2020年度平均=100)。2026年4月分の公表から2020年度基準に改定(原本注)。ウエイト項目に営業余剰や間接税(消費税を含む)等を含めない(原本注)。原本の期間表示「2023年 7-9月」(暦年の四半期)。2023年度以降は建設投資のウエイトに2020〜2022年度の平均値を暫定的に使用(原本注)。原本では1列右の見出しの下にある値。月別シートのこの系列の3か月平均と一致(差 0.03、0.1 以内)を確かめて、この系列に付け直した(2026-09-26 番人。付け直した 800 セルが全部一致)。
e5dcee10d190ec2f,JP,index,建設工事費デフレーター（2020年度基準） 四半期別,W工場・倉庫,W工場・倉庫,index (2020年度平均 = 100),national,JP,日本,,,,113.4,,index_value,published_pdl,,,2023Q3,,mlit-deflator-tsuki-2607,deftsuki2020（四半期別）!BR40(見出しは右隣の系列。値はこの系列),https://www.mlit.go.jp/statistics/details/content/deftsuki_2607.xlsx,PDL1.0,,2020年度基準(2020年度平均=100)。2026年4月分の公表から2020年度基準に改定(原本注)。ウエイト項目に営業余剰や間接税(消費税を含む)等を含めない(原本注)。原本の期間表示「2023年 7-9月」(暦年の四半期)。2023年度以降は建設投資のウエイトに2020〜2022年度の平均値を暫定的に使用(原本注)。原本では1列右の見出しの下にある値。月別シートのこの系列の3か月平均と一致(差 0.03、0.1 以内)を確かめて、この系列に付け直した(2026-09-26 番人。付け直した 800 セルが全部一致)。
041270bceef12236,JP,index,建設工事費デフレーター（2020年度基準） 四半期別,W事務所・その他,W事務所・その他,index (2020年度平均 = 100),national,JP,日本,,,,112.8,,index_value,published_pdl,,,2023Q3,,mlit-deflator-tsuki-2607,deftsuki2020（四半期別）!BS40(見出しは右隣の系列。値はこの系列),https://www.mlit.go.jp/statistics/details/content/deftsuki_2607.xlsx,PDL1.0,,2020年度基準(2020年度平均=100)。2026年4月分の公表から2020年度基準に改定(原本注)。ウエイト項目に営業余剰や間接税(消費税を含む)等を含めない(原本注)。原本の期間表示「2023年 7-9月」(暦年の四半期)。2023年度以降は建設投資のウエイトに2020〜2022年度の平均値を暫定的に使用(原本注)。原本では1列右の見出しの下にある値。月別シートのこの系列の3か月平均と一致(差 0.00、0.1 以内)を確かめて、この系列に付け直した(2026-09-26 番人。付け直した 800 セルが全部一致)。
938c947197bd2aea,JP,index,建設工事費デフレーター（2020年度基準） 四半期別,SRC工場・倉庫,SRC工場・倉庫,index (2020年度平均 = 100),national,JP,日本,,,,113.6,,index_value,published_pdl,,,2023Q3,,mlit-deflator-tsuki-2607,deftsuki2020（四半期別）!BT40(見出しは右隣の系列。値はこの系列),https://www.mlit.go.jp/statistics/details/content/deftsuki_2607.xlsx,PDL1.0,,2020年度基準(2020年度平均=100)。2026年4月分の公表から2020年度基準に改定(原本注)。ウエイト項目に営業余剰や間接税(消費税を含む)等を含めない(原本注)。原本の期間表示「2023年 7-9月」(暦年の四半期)。2023年度以降は建設投資のウエイトに2020〜2022年度の平均値を暫定的に使用(原本注)。原本では1列右の見出しの下にある値。月別シートのこの系列の3か月平均と一致(差 0.00、0.1 以内)を確かめて、この系列に付け直した(2026-09-26 番人。付け直した 800 セルが全部一致)。
04b5cd3eafbe666b,JP,index,建設工事費デフレーター（2020年度基準） 四半期別,SRC事務所・その他,SRC事務所・その他,index (2020年度平均 = 100),national,JP,日本,,,,112,,index_value,published_pdl,,,2023Q3,,mlit-deflator-tsuki-2607,deftsuki2020（四半期別）!BU40(見出しは右隣の系列。値はこの系列),https://www.mlit.go.jp/statistics/details/content/deftsuki_2607.xlsx,PDL1.0,,2020年度基準(2020年度平均=100)。2026年4月分の公表から2020年度基準に改定(原本注)。ウエイト項目に営業余剰や間接税(消費税を含む)等を含めない(原本注)。原本の期間表示「2023年 7-9月」(暦年の四半期)。2023年度以降は建設投資のウエイトに2020〜2022年度の平均値を暫定的に使用(原本注)。原本では1列右の見出しの下にある値。月別シートのこの系列の3か月平均と一致(差 0.03、0.1 以内)を確かめて、この系列に付け直した(2026-09-26 番人。付け直した 800 セルが全部一致)。
74bb635d9a84a428,JP,index,建設工事費デフレーター（2020年度基準） 四半期別,RC工場・倉庫,RC工場・倉庫,index (2020年度平均 = 100),national,JP,日本,,,,113.3,,index_value,published_pdl,,,2023Q3,,mlit-deflator-tsuki-2607,deftsuki2020（四半期別）!BV40(見出しは右隣の系列。値はこの系列),https://www.mlit.go.jp/statistics/details/content/deftsuki_2607.xlsx,PDL1.0,,2020年度基準(2020年度平均=100)。2026年4月分の公表から2020年度基準に改定(原本注)。ウエイト項目に営業余剰や間接税(消費税を含む)等を含めない(原本注)。原本の期間表示「2023年 7-9月」(暦年の四半期)。2023年度以降は建設投資のウエイトに2020〜2022年度の平均値を暫定的に使用(原本注)。原本では1列右の見出しの下にある値。月別シートのこの系列の3か月平均と一致(差 0.03、0.1 以内)を確かめて、この系列に付け直した(2026-09-26 番人。付け直した 800 セルが全部一致)。
584876e7d10a4fdc,JP,index,建設工事費デフレーター（2020年度基準） 四半期別,RC学校,RC学校,index (2020年度平均 = 100),national,JP,日本,,,,112.4,,index_value,published_pdl,,,2023Q3,,mlit-deflator-tsuki-2607,deftsuki2020（四半期別）!BW40(見出しは右隣の系列。値はこの系列),https://www.mlit.go.jp/statistics/details/content/deftsuki_2607.xlsx,PDL1.0,,2020年度基準(2020年度平均=100)。2026年4月分の公表から2020年度基準に改定(原本注)。ウエイト項目に営業余剰や間接税(消費税を含む)等を含めない(原本注)。原本の期間表示「2023年 7-9月」(暦年の四半期)。2023年度以降は建設投資のウエイトに2020〜2022年度の平均値を暫定的に使用(原本注)。原本では1列右の見出しの下にある値。月別シートのこの系列の3か月平均と一致(差 0.03、0.1 以内)を確かめて、この系列に付け直した(2026-09-26 番人。付け直した 800 セルが全部一致)。
a7572afbede39a81,JP,index,建設工事費デフレーター（2020年度基準） 四半期別,RC事務所・その他,RC事務所・その他,index (2020年度平均 = 100),national,JP,日本,,,,112.6,,index_value,published_pdl,,,2023Q3,,mlit-deflator-tsuki-2607,deftsuki2020（四半期別）!BX40(見出しは右隣の系列。値はこの系列),https://www.mlit.go.jp/statistics/details/content/deftsuki_2607.xlsx,PDL1.0,,2020年度基準(2020年度平均=100)。2026年4月分の公表から2020年度基準に改定(原本注)。ウエイト項目に営業余剰や間接税(消費税を含む)等を含めない(原本注)。原本の期間表示「2023年 7-9月」(暦年の四半期)。2023年度以降は建設投資のウエイトに2020〜2022年度の平均値を暫定的に使用(原本注)。原本では1列右の見出しの下にある値。月別シートのこの系列の3か月平均と一致(差 0.03、0.1 以内)を確かめて、この系列に付け直した(2026-09-26 番人。付け直した 800 セルが全部一致)。
d790a2ecedc3d22f,JP,index,建設工事費デフレーター（2020年度基準） 四半期別,S工場・倉庫,S工場・倉庫,index (2020年度平均 = 100),national,JP,日本,,,,113.4,,index_value,published_pdl,,,2023Q3,,mlit-deflator-tsuki-2607,deftsuki2020（四半期別）!BY40(見出しは右隣の系列。値はこの系列),https://www.mlit.go.jp/statistics/details/content/deftsuki_2607.xlsx,PDL1.0,,2020年度基準(2020年度平均=100)。2026年4月分の公表から2020年度基準に改定(原本注)。ウエイト項目に営業余剰や間接税(消費税を含む)等を含めない(原本注)。原本の期間表示「2023年 7-9月」(暦年の四半期)。2023年度以降は建設投資のウエイトに2020〜2022年度の平均値を暫定的に使用(原本注)。原本では1列右の見出しの下にある値。月別シートのこの系列の3か月平均と一致(差 0.00、0.1 以内)を確かめて、この系列に付け直した(2026-09-26 番人。付け直した 800 セルが全部一致)。
9016e30199fa4946,JP,index,建設工事費デフレーター（2020年度基準） 四半期別,S事務所・その他,S事務所・その他,index (2020年度平均 = 100),national,JP,日本,,,,,,index_value,not_set,,,2023Q3,,mlit-deflator-tsuki-2607,,https://www.mlit.go.jp/statistics/details/content/deftsuki_2607.xlsx,PDL1.0,,2020年度基準(2020年度平均=100)。2026年4月分の公表から2020年度基準に改定(原本注)。ウエイト項目に営業余剰や間接税(消費税を含む)等を含めない(原本注)。原本の期間表示「2023年 7-9月」(暦年の四半期)。2023年度以降は建設投資のウエイトに2020〜2022年度の平均値を暫定的に使用(原本注)。原本の四半期別では、列ずれのため、この系列のこの期間の値がどの列にも無い(2026-09-26 番人)。月別シートの値はある。
230d89794419fa4f,JP,index,建設工事費デフレーター（2020年度基準） 四半期別,地方道路公社等,建設総合 > 土木総合 > 公共事業 > 土木1（除く災害復旧） > 道路総合 > 有料道路 > 地方道路公社等,index (2020年度平均 = 100),national,JP,日本,,,,113.1,,index_value,published_pdl,,,2023Q4,,mlit-deflator-tsuki-2607,deftsuki2020（四半期別）!AT41(見出しは右隣の系列。値はこの系列),https://www.mlit.go.jp/statistics/details/content/deftsuki_2607.xlsx,PDL1.0,,2020年度基準(2020年度平均=100)。2026年4月分の公表から2020年度基準に改定(原本注)。ウエイト項目に営業余剰や間接税(消費税を含む)等を含めない(原本注)。原本の期間表示「2023年 10-12月」(暦年の四半期)。2023年度以降は建設投資のウエイトに2020〜2022年度の平均値を暫定的に使用(原本注)。原本では1列右の見出しの下にある値。月別シートのこの系列の3か月平均と一致(差 0.03、0.1 以内)を確かめて、この系列に付け直した(2026-09-26 番人。付け直した 800 セルが全部一致)。
0398ed713f9afd10,JP,index,建設工事費デフレーター（2020年度基準） 四半期別,道路2（再掲）,建設総合 > 土木総合 > 公共事業 > 土木1（除く災害復旧） > 道路2（再掲）,index (2020年度平均 = 100),national,JP,日本,,,,113.3,,index_value,published_pdl,,,2023Q4,,mlit-deflator-tsuki-2607,deftsuki2020（四半期別）!AU41(見出しは右隣の系列。値はこの系列),https://www.mlit.go.jp/statistics/details/content/deftsuki_2607.xlsx,PDL1.0,,2020年度基準(2020年度平均=100)。2026年4月分の公表から2020年度基準に改定(原本注)。ウエイト項目に営業余剰や間接税(消費税を含む)等を含めない(原本注)。原本の期間表示「2023年 10-12月」(暦年の四半期)。2023年度以降は建設投資のウエイトに2020〜2022年度の平均値を暫定的に使用(原本注)。原本では1列右の見出しの下にある値。月別シートのこの系列の3か月平均と一致(差 0.03、0.1 以内)を確かめて、この系列に付け直した(2026-09-26 番人。付け直した 800 セルが全部一致)。
fcb91cc847cd0b35,JP,index,建設工事費デフレーター（2020年度基準） 四半期別,街路2（再掲）,建設総合 > 土木総合 > 公共事業 > 土木1（除く災害復旧） > 街路2（再掲）,index (2020年度平均 = 100),national,JP,日本,,,,113.3,,index_value,published_pdl,,,2023Q4,,mlit-deflator-tsuki-2607,deftsuki2020（四半期別）!AV41(見出しは右隣の系列。値はこの系列),https://www.mlit.go.jp/statistics/details/content/deftsuki_2607.xlsx,PDL1.0,,2020年度基準(2020年度平均=100)。2026年4月分の公表から2020年度基準に改定(原本注)。ウエイト項目に営業余剰や間接税(消費税を含む)等を含めない(原本注)。原本の期間表示「2023年 10-12月」(暦年の四半期)。2023年度以降は建設投資のウエイトに2020〜2022年度の平均値を暫定的に使用(原本注)。原本では1列右の見出しの下にある値。月別シートのこの系列の3か月平均と一致(差 0.00、0.1 以内)を確かめて、この系列に付け直した(2026-09-26 番人。付け直した 800 セルが全部一致)。
a351074e40b86ebb,JP,index,建設工事費デフレーター（2020年度基準） 四半期別,公園,建設総合 > 土木総合 > 公共事業 > 土木1（除く災害復旧） > 公園,index (2020年度平均 = 100),national,JP,日本,,,,111.1,,index_value,published_pdl,,,2023Q4,,mlit-deflator-tsuki-2607,deftsuki2020（四半期別）!AW41(見出しは右隣の系列。値はこの系列),https://www.mlit.go.jp/statistics/details/content/deftsuki_2607.xlsx,PDL1.0,,2020年度基準(2020年度平均=100)。2026年4月分の公表から2020年度基準に改定(原本注)。ウエイト項目に営業余剰や間接税(消費税を含む)等を含めない(原本注)。原本の期間表示「2023年 10-12月」(暦年の四半期)。2023年度以降は建設投資のウエイトに2020〜2022年度の平均値を暫定的に使用(原本注)。原本では1列右の見出しの下にある値。月別シートのこの系列の3か月平均と一致(差 0.03、0.1 以内)を確かめて、この系列に付け直した(2026-09-26 番人。付け直した 800 セルが全部一致)。
0ba588235cf39e3a,JP,index,建設工事費デフレーター（2020年度基準） 四半期別,下水道,建設総合 > 土木総合 > 公共事業 > 土木1（除く災害復旧） > 下水道,index (2020年度平均 = 100),national,JP,日本,,,,112.6,,index_value,published_pdl,,,2023Q4,,mlit-deflator-tsuki-2607,deftsuki2020（四半期別）!AX41(見出しは右隣の系列。値はこの系列),https://www.mlit.go.jp/statistics/details/content/deftsuki_2607.xlsx,PDL1.0,,2020年度基準(2020年度平均=100)。2026年4月分の公表から2020年度基準に改定(原本注)。ウエイト項目に営業余剰や間接税(消費税を含む)等を含めない(原本注)。原本の期間表示「2023年 10-12月」(暦年の四半期)。2023年度以降は建設投資のウエイトに2020〜2022年度の平均値を暫定的に使用(原本注)。原本では1列右の見出しの下にある値。月別シートのこの系列の3か月平均と一致(差 0.00、0.1 以内)を確かめて、この系列に付け直した(2026-09-26 番人。付け直した 800 セルが全部一致)。
38b286389b4d297d,JP,index,建設工事費デフレーター（2020年度基準） 四半期別,災害復旧,建設総合 > 土木総合 > 公共事業 > 土木1（除く災害復旧） > 災害復旧,index (2020年度平均 = 100),national,JP,日本,,,,111.7,,index_value,published_pdl,,,2023Q4,,mlit-deflator-tsuki-2607,deftsuki2020（四半期別）!AY41(見出しは右隣の系列。値はこの系列),https://www.mlit.go.jp/statistics/details/content/deftsuki_2607.xlsx,PDL1.0,,2020年度基準(2020年度平均=100)。2026年4月分の公表から2020年度基準に改定(原本注)。ウエイト項目に営業余剰や間接税(消費税を含む)等を含めない(原本注)。原本の期間表示「2023年 10-12月」(暦年の四半期)。2023年度以降は建設投資のウエイトに2020〜2022年度の平均値を暫定的に使用(原本注)。原本では1列右の見出しの下にある値。月別シートのこの系列の3か月平均と一致(差 0.03、0.1 以内)を確かめて、この系列に付け直した(2026-09-26 番人。付け直した 800 セルが全部一致)。
b79083d8efb376d7,JP,index,建設工事費デフレーター（2020年度基準） 四半期別,土木2,建設総合 > 土木総合 > 公共事業 > 土木2,index (2020年度平均 = 100),national,JP,日本,,,,112.9,,index_value,published_pdl,,,2023Q4,,mlit-deflator-tsuki-2607,deftsuki2020（四半期別）!AZ41(見出しは右隣の系列。値はこの系列),https://www.mlit.go.jp/statistics/details/content/deftsuki_2607.xlsx,PDL1.0,,2020年度基準(2020年度平均=100)。2026年4月分の公表から2020年度基準に改定(原本注)。ウエイト項目に営業余剰や間接税(消費税を含む)等を含めない(原本注)。原本の期間表示「2023年 10-12月」(暦年の四半期)。2023年度以降は建設投資のウエイトに2020〜2022年度の平均値を暫定的に使用(原本注)。原本では1列右の見出しの下にある値。月別シートのこの系列の3か月平均と一致(差 0.03、0.1 以内)を確かめて、この系列に付け直した(2026-09-26 番人。付け直した 800 セルが全部一致)。
0e85149c14edf81b,JP,index,建設工事費デフレーター（2020年度基準） 四半期別,港湾・漁港,建設総合 > 土木総合 > 公共事業 > 土木2 > 港湾・漁港,index (2020年度平均 = 100),national,JP,日本,,,,113.1,,index_value,published_pdl,,,2023Q4,,mlit-deflator-tsuki-2607,deftsuki2020（四半期別）!BA41(見出しは右隣の系列。値はこの系列),https://www.mlit.go.jp/statistics/details/content/deftsuki_2607.xlsx,PDL1.0,,2020年度基準(2020年度平均=100)。2026年4月分の公表から2020年度基準に改定(原本注)。ウエイト項目に営業余剰や間接税(消費税を含む)等を含めない(原本注)。原本の期間表示「2023年 10-12月」(暦年の四半期)。2023年度以降は建設投資のウエイトに2020〜2022年度の平均値を暫定的に使用(原本注)。原本では1列右の見出しの下にある値。月別シートのこの系列の3か月平均と一致(差 0.00、0.1 以内)を確かめて、この系列に付け直した(2026-09-26 番人。付け直した 800 セルが全部一致)。
45aa22e67a4dcc83,JP,index,建設工事費デフレーター（2020年度基準） 四半期別,空港,建設総合 > 土木総合 > 公共事業 > 土木2 > 空港,index (2020年度平均 = 100),national,JP,日本,,,,108.4,,index_value,published_pdl,,,2023Q4,,mlit-deflator-tsuki-2607,deftsuki2020（四半期別）!BB41(見出しは右隣の系列。値はこの系列),https://www.mlit.go.jp/statistics/details/content/deftsuki_2607.xlsx,PDL1.0,,2020年度基準(2020年度平均=100)。2026年4月分の公表から2020年度基準に改定(原本注)。ウエイト項目に営業余剰や間接税(消費税を含む)等を含めない(原本注)。原本の期間表示「2023年 10-12月」(暦年の四半期)。2023年度以降は建設投資のウエイトに2020〜2022年度の平均値を暫定的に使用(原本注)。原本では1列右の見出しの下にある値。月別シートのこの系列の3か月平均と一致(差 0.00、0.1 以内)を確かめて、この系列に付け直した(2026-09-26 番人。付け直した 800 セルが全部一致)。
1a9150645eabc511,JP,index,建設工事費デフレーター（2020年度基準） 四半期別,環境衛生,建設総合 > 土木総合 > 公共事業 > 土木2 > 環境衛生,index (2020年度平均 = 100),national,JP,日本,,,,113.7,,index_value,published_pdl,,,2023Q4,,mlit-deflator-tsuki-2607,deftsuki2020（四半期別）!BC41(見出しは右隣の系列。値はこの系列),https://www.mlit.go.jp/statistics/details/content/deftsuki_2607.xlsx,PDL1.0,,2020年度基準(2020年度平均=100)。2026年4月分の公表から2020年度基準に改定(原本注)。ウエイト項目に営業余剰や間接税(消費税を含む)等を含めない(原本注)。原本の期間表示「2023年 10-12月」(暦年の四半期)。2023年度以降は建設投資のウエイトに2020〜2022年度の平均値を暫定的に使用(原本注)。原本では1列右の見出しの下にある値。月別シートのこの系列の3か月平均と一致(差 0.03、0.1 以内)を確かめて、この系列に付け直した(2026-09-26 番人。付け直した 800 セルが全部一致)。
6adcbb2b7164cf94,JP,index,建設工事費デフレーター（2020年度基準） 四半期別,農林関係公共事業,建設総合 > 土木総合 > 公共事業 > 土木2 > 農林関係公共事業,index (2020年度平均 = 100),national,JP,日本,,,,113.2,,index_value,published_pdl,,,2023Q4,,mlit-deflator-tsuki-2607,deftsuki2020（四半期別）!BD41(見出しは右隣の系列。値はこの系列),https://www.mlit.go.jp/statistics/details/content/deftsuki_2607.xlsx,PDL1.0,,2020年度基準(2020年度平均=100)。2026年4月分の公表から2020年度基準に改定(原本注)。ウエイト項目に営業余剰や間接税(消費税を含む)等を含めない(原本注)。原本の期間表示「2023年 10-12月」(暦年の四半期)。2023年度以降は建設投資のウエイトに2020〜2022年度の平均値を暫定的に使用(原本注)。原本では1列右の見出しの下にある値。月別シートのこの系列の3か月平均と一致(差 0.07、0.1 以内)を確かめて、この系列に付け直した(2026-09-26 番人。付け直した 800 セルが全部一致)。
fce997a41c93e30e,JP,index,建設工事費デフレーター（2020年度基準） 四半期別,その他土木,建設総合 > 土木総合 > その他土木 (原本の列 BD。同じ表頭の列が2つある),index (2020年度平均 = 100),national,JP,日本,,,,113.2,,index_value,published_pdl,,,2023Q4,,mlit-deflator-tsuki-2607,deftsuki2020（四半期別）!BE41(見出しは右隣の系列。値はこの系列),https://www.mlit.go.jp/statistics/details/content/deftsuki_2607.xlsx,PDL1.0,,2020年度基準(2020年度平均=100)。2026年4月分の公表から2020年度基準に改定(原本注)。ウエイト項目に営業余剰や間接税(消費税を含む)等を含めない(原本注)。原本の期間表示「2023年 10-12月」(暦年の四半期)。2023年度以降は建設投資のウエイトに2020〜2022年度の平均値を暫定的に使用(原本注)。原本では1列右の見出しの下にある値。月別シートのこの系列の3か月平均と一致(差 0.00、0.1 以内)を確かめて、この系列に付け直した(2026-09-26 番人。付け直した 800 セルが全部一致)。
36a11a03c54b3949,JP,index,建設工事費デフレーター（2020年度基準） 四半期別,鉄道軌道,建設総合 > 土木総合 > その他土木 > 鉄道軌道,index (2020年度平均 = 100),national,JP,日本,,,,114.9,,index_value,published_pdl,,,2023Q4,,mlit-deflator-tsuki-2607,deftsuki2020（四半期別）!BF41(見出しは右隣の系列。値はこの系列),https://www.mlit.go.jp/statistics/details/content/deftsuki_2607.xlsx,PDL1.0,,2020年度基準(2020年度平均=100)。2026年4月分の公表から2020年度基準に改定(原本注)。ウエイト項目に営業余剰や間接税(消費税を含む)等を含めない(原本注)。原本の期間表示「2023年 10-12月」(暦年の四半期)。2023年度以降は建設投資のウエイトに2020〜2022年度の平均値を暫定的に使用(原本注)。原本では1列右の見出しの下にある値。月別シートのこの系列の3か月平均と一致(差 0.00、0.1 以内)を確かめて、この系列に付け直した(2026-09-26 番人。付け直した 800 セルが全部一致)。
bca8e7e2381012bb,JP,index,建設工事費デフレーター（2020年度基準） 四半期別,電力,建設総合 > 土木総合 > その他土木 > 電力,index (2020年度平均 = 100),national,JP,日本,,,,113.2,,index_value,published_pdl,,,2023Q4,,mlit-deflator-tsuki-2607,deftsuki2020（四半期別）!BG41(見出しは右隣の系列。値はこの系列),https://www.mlit.go.jp/statistics/details/content/deftsuki_2607.xlsx,PDL1.0,,2020年度基準(2020年度平均=100)。2026年4月分の公表から2020年度基準に改定(原本注)。ウエイト項目に営業余剰や間接税(消費税を含む)等を含めない(原本注)。原本の期間表示「2023年 10-12月」(暦年の四半期)。2023年度以降は建設投資のウエイトに2020〜2022年度の平均値を暫定的に使用(原本注)。原本では1列右の見出しの下にある値。月別シートのこの系列の3か月平均と一致(差 0.03、0.1 以内)を確かめて、この系列に付け直した(2026-09-26 番人。付け直した 800 セルが全部一致)。
b3f407512b404cf1,JP,index,建設工事費デフレーター（2020年度基準） 四半期別,電気通信,建設総合 > 土木総合 > その他土木 > 電気通信,index (2020年度平均 = 100),national,JP,日本,,,,110.7,,index_value,published_pdl,,,2023Q4,,mlit-deflator-tsuki-2607,deftsuki2020（四半期別）!BH41(見出しは右隣の系列。値はこの系列),https://www.mlit.go.jp/statistics/details/content/deftsuki_2607.xlsx,PDL1.0,,2020年度基準(2020年度平均=100)。2026年4月分の公表から2020年度基準に改定(原本注)。ウエイト項目に営業余剰や間接税(消費税を含む)等を含めない(原本注)。原本の期間表示「2023年 10-12月」(暦年の四半期)。2023年度以降は建設投資のウエイトに2020〜2022年度の平均値を暫定的に使用(原本注)。原本では1列右の見出しの下にある値。月別シートのこの系列の3か月平均と一致(差 0.07、0.1 以内)を確かめて、この系列に付け直した(2026-09-26 番人。付け直した 800 セルが全部一致)。
b35967903180fb83,JP,index,建設工事費デフレーター（2020年度基準） 四半期別,上・工業用水道,建設総合 > 土木総合 > その他土木 > 上・工業用水道,index (2020年度平均 = 100),national,JP,日本,,,,113.3,,index_value,published_pdl,,,2023Q4,,mlit-deflator-tsuki-2607,deftsuki2020（四半期別）!BI41(見出しは右隣の系列。値はこの系列),https://www.mlit.go.jp/statistics/details/content/deftsuki_2607.xlsx,PDL1.0,,2020年度基準(2020年度平均=100)。2026年4月分の公表から2020年度基準に改定(原本注)。ウエイト項目に営業余剰や間接税(消費税を含む)等を含めない(原本注)。原本の期間表示「2023年 10-12月」(暦年の四半期)。2023年度以降は建設投資のウエイトに2020〜2022年度の平均値を暫定的に使用(原本注)。原本では1列右の見出しの下にある値。月別シートのこの系列の3か月平均と一致(差 0.03、0.1 以内)を確かめて、この系列に付け直した(2026-09-26 番人。付け直した 800 セルが全部一致)。
63ca18facff87b17,JP,index,建設工事費デフレーター（2020年度基準） 四半期別,土地造成,建設総合 > 土木総合 > その他土木 > 土地造成,index (2020年度平均 = 100),national,JP,日本,,,,111.4,,index_value,published_pdl,,,2023Q4,,mlit-deflator-tsuki-2607,deftsuki2020（四半期別）!BJ41(見出しは右隣の系列。値はこの系列),https://www.mlit.go.jp/statistics/details/content/deftsuki_2607.xlsx,PDL1.0,,2020年度基準(2020年度平均=100)。2026年4月分の公表から2020年度基準に改定(原本注)。ウエイト項目に営業余剰や間接税(消費税を含む)等を含めない(原本注)。原本の期間表示「2023年 10-12月」(暦年の四半期)。2023年度以降は建設投資のウエイトに2020〜2022年度の平均値を暫定的に使用(原本注)。原本では1列右の見出しの下にある値。月別シートのこの系列の3か月平均と一致(差 0.00、0.1 以内)を確かめて、この系列に付け直した(2026-09-26 番人。付け直した 800 セルが全部一致)。
d3c938c4ce8b3081,JP,index,建設工事費デフレーター（2020年度基準） 四半期別,その他土木,建設総合 > 土木総合 > その他土木 (原本の列 BJ。同じ表頭の列が2つある),index (2020年度平均 = 100),national,JP,日本,,,,112.7,,index_value,published_pdl,,,2023Q4,,mlit-deflator-tsuki-2607,deftsuki2020（四半期別）!BK41(見出しは右隣の系列。値はこの系列),https://www.mlit.go.jp/statistics/details/content/deftsuki_2607.xlsx,PDL1.0,,2020年度基準(2020年度平均=100)。2026年4月分の公表から2020年度基準に改定(原本注)。ウエイト項目に営業余剰や間接税(消費税を含む)等を含めない(原本注)。原本の期間表示「2023年 10-12月」(暦年の四半期)。2023年度以降は建設投資のウエイトに2020〜2022年度の平均値を暫定的に使用(原本注)。原本では1列右の見出しの下にある値。月別シートのこの系列の3か月平均と一致(差 0.00、0.1 以内)を確かめて、この系列に付け直した(2026-09-26 番人。付け直した 800 セルが全部一致)。
a4a2fd3433585139,JP,index,建設工事費デフレーター（2020年度基準） 四半期別,W在来住宅,W在来住宅,index (2020年度平均 = 100),national,JP,日本,,,,114.9,,index_value,published_pdl,,,2023Q4,,mlit-deflator-tsuki-2607,deftsuki2020（四半期別）!BL41(見出しは右隣の系列。値はこの系列),https://www.mlit.go.jp/statistics/details/content/deftsuki_2607.xlsx,PDL1.0,,2020年度基準(2020年度平均=100)。2026年4月分の公表から2020年度基準に改定(原本注)。ウエイト項目に営業余剰や間接税(消費税を含む)等を含めない(原本注)。原本の期間表示「2023年 10-12月」(暦年の四半期)。2023年度以降は建設投資のウエイトに2020〜2022年度の平均値を暫定的に使用(原本注)。原本では1列右の見出しの下にある値。月別シートのこの系列の3か月平均と一致(差 0.07、0.1 以内)を確かめて、この系列に付け直した(2026-09-26 番人。付け直した 800 セルが全部一致)。
a272505827f115cc,JP,index,建設工事費デフレーター（2020年度基準） 四半期別,W量産住宅,W量産住宅,index (2020年度平均 = 100),national,JP,日本,,,,117.5,,index_value,published_pdl,,,2023Q4,,mlit-deflator-tsuki-2607,deftsuki2020（四半期別）!BM41(見出しは右隣の系列。値はこの系列),https://www.mlit.go.jp/statistics/details/content/deftsuki_2607.xlsx,PDL1.0,,2020年度基準(2020年度平均=100)。2026年4月分の公表から2020年度基準に改定(原本注)。ウエイト項目に営業余剰や間接税(消費税を含む)等を含めない(原本注)。原本の期間表示「2023年 10-12月」(暦年の四半期)。2023年度以降は建設投資のウエイトに2020〜2022年度の平均値を暫定的に使用(原本注)。原本では1列右の見出しの下にある値。月別シートのこの系列の3か月平均と一致(差 0.03、0.1 以内)を確かめて、この系列に付け直した(2026-09-26 番人。付け直した 800 セルが全部一致)。
b507469515342a06,JP,index,建設工事費デフレーター（2020年度基準） 四半期別,RC在来住宅,RC在来住宅,index (2020年度平均 = 100),national,JP,日本,,,,114.1,,index_value,published_pdl,,,2023Q4,,mlit-deflator-tsuki-2607,deftsuki2020（四半期別）!BN41(見出しは右隣の系列。値はこの系列),https://www.mlit.go.jp/statistics/details/content/deftsuki_2607.xlsx,PDL1.0,,2020年度基準(2020年度平均=100)。2026年4月分の公表から2020年度基準に改定(原本注)。ウエイト項目に営業余剰や間接税(消費税を含む)等を含めない(原本注)。原本の期間表示「2023年 10-12月」(暦年の四半期)。2023年度以降は建設投資のウエイトに2020〜2022年度の平均値を暫定的に使用(原本注)。原本では1列右の見出しの下にある値。月別シートのこの系列の3か月平均と一致(差 0.00、0.1 以内)を確かめて、この系列に付け直した(2026-09-26 番人。付け直した 800 セルが全部一致)。
4f73c463913b2a7b,JP,index,建設工事費デフレーター（2020年度基準） 四半期別,RC量産住宅,RC量産住宅,index (2020年度平均 = 100),national,JP,日本,,,,114.9,,index_value,published_pdl,,,2023Q4,,mlit-deflator-tsuki-2607,deftsuki2020（四半期別）!BO41(見出しは右隣の系列。値はこの系列),https://www.mlit.go.jp/statistics/details/content/deftsuki_2607.xlsx,PDL1.0,,2020年度基準(2020年度平均=100)。2026年4月分の公表から2020年度基準に改定(原本注)。ウエイト項目に営業余剰や間接税(消費税を含む)等を含めない(原本注)。原本の期間表示「2023年 10-12月」(暦年の四半期)。2023年度以降は建設投資のウエイトに2020〜2022年度の平均値を暫定的に使用(原本注)。原本では1列右の見出しの下にある値。月別シートのこの系列の3か月平均と一致(差 0.00、0.1 以内)を確かめて、この系列に付け直した(2026-09-26 番人。付け直した 800 セルが全部一致)。
644a8cb7513d698e,JP,index,建設工事費デフレーター（2020年度基準） 四半期別,S在来住宅,S在来住宅,index (2020年度平均 = 100),national,JP,日本,,,,114.1,,index_value,published_pdl,,,2023Q4,,mlit-deflator-tsuki-2607,deftsuki2020（四半期別）!BP41(見出しは右隣の系列。値はこの系列),https://www.mlit.go.jp/statistics/details/content/deftsuki_2607.xlsx,PDL1.0,,2020年度基準(2020年度平均=100)。2026年4月分の公表から2020年度基準に改定(原本注)。ウエイト項目に営業余剰や間接税(消費税を含む)等を含めない(原本注)。原本の期間表示「2023年 10-12月」(暦年の四半期)。2023年度以降は建設投資のウエイトに2020〜2022年度の平均値を暫定的に使用(原本注)。原本では1列右の見出しの下にある値。月別シートのこの系列の3か月平均と一致(差 0.03、0.1 以内)を確かめて、この系列に付け直した(2026-09-26 番人。付け直した 800 セルが全部一致)。
d0af6a6584c9e8b3,JP,index,建設工事費デフレーター（2020年度基準） 四半期別,S量産住宅,S量産住宅,index (2020年度平均 = 100),national,JP,日本,,,,118.5,,index_value,published_pdl,,,2023Q4,,mlit-deflator-tsuki-2607,deftsuki2020（四半期別）!BQ41(見出しは右隣の系列。値はこの系列),https://www.mlit.go.jp/statistics/details/content/deftsuki_2607.xlsx,PDL1.0,,2020年度基準(2020年度平均=100)。2026年4月分の公表から2020年度基準に改定(原本注)。ウエイト項目に営業余剰や間接税(消費税を含む)等を含めない(原本注)。原本の期間表示「2023年 10-12月」(暦年の四半期)。2023年度以降は建設投資のウエイトに2020〜2022年度の平均値を暫定的に使用(原本注)。原本では1列右の見出しの下にある値。月別シートのこの系列の3か月平均と一致(差 0.03、0.1 以内)を確かめて、この系列に付け直した(2026-09-26 番人。付け直した 800 セルが全部一致)。
be642147f2151ccc,JP,index,建設工事費デフレーター（2020年度基準） 四半期別,W工場・倉庫,W工場・倉庫,index (2020年度平均 = 100),national,JP,日本,,,,114.3,,index_value,published_pdl,,,2023Q4,,mlit-deflator-tsuki-2607,deftsuki2020（四半期別）!BR41(見出しは右隣の系列。値はこの系列),https://www.mlit.go.jp/statistics/details/content/deftsuki_2607.xlsx,PDL1.0,,2020年度基準(2020年度平均=100)。2026年4月分の公表から2020年度基準に改定(原本注)。ウエイト項目に営業余剰や間接税(消費税を含む)等を含めない(原本注)。原本の期間表示「2023年 10-12月」(暦年の四半期)。2023年度以降は建設投資のウエイトに2020〜2022年度の平均値を暫定的に使用(原本注)。原本では1列右の見出しの下にある値。月別シートのこの系列の3か月平均と一致(差 0.00、0.1 以内)を確かめて、この系列に付け直した(2026-09-26 番人。付け直した 800 セルが全部一致)。
33d8cea3e235749e,JP,index,建設工事費デフレーター（2020年度基準） 四半期別,W事務所・その他,W事務所・その他,index (2020年度平均 = 100),national,JP,日本,,,,113.8,,index_value,published_pdl,,,2023Q4,,mlit-deflator-tsuki-2607,deftsuki2020（四半期別）!BS41(見出しは右隣の系列。値はこの系列),https://www.mlit.go.jp/statistics/details/content/deftsuki_2607.xlsx,PDL1.0,,2020年度基準(2020年度平均=100)。2026年4月分の公表から2020年度基準に改定(原本注)。ウエイト項目に営業余剰や間接税(消費税を含む)等を含めない(原本注)。原本の期間表示「2023年 10-12月」(暦年の四半期)。2023年度以降は建設投資のウエイトに2020〜2022年度の平均値を暫定的に使用(原本注)。原本では1列右の見出しの下にある値。月別シートのこの系列の3か月平均と一致(差 0.03、0.1 以内)を確かめて、この系列に付け直した(2026-09-26 番人。付け直した 800 セルが全部一致)。
612ebd50231d0793,JP,index,建設工事費デフレーター（2020年度基準） 四半期別,SRC工場・倉庫,SRC工場・倉庫,index (2020年度平均 = 100),national,JP,日本,,,,114.5,,index_value,published_pdl,,,2023Q4,,mlit-deflator-tsuki-2607,deftsuki2020（四半期別）!BT41(見出しは右隣の系列。値はこの系列),https://www.mlit.go.jp/statistics/details/content/deftsuki_2607.xlsx,PDL1.0,,2020年度基準(2020年度平均=100)。2026年4月分の公表から2020年度基準に改定(原本注)。ウエイト項目に営業余剰や間接税(消費税を含む)等を含めない(原本注)。原本の期間表示「2023年 10-12月」(暦年の四半期)。2023年度以降は建設投資のウエイトに2020〜2022年度の平均値を暫定的に使用(原本注)。原本では1列右の見出しの下にある値。月別シートのこの系列の3か月平均と一致(差 0.00、0.1 以内)を確かめて、この系列に付け直した(2026-09-26 番人。付け直した 800 セルが全部一致)。
c19df395091ea2eb,JP,index,建設工事費デフレーター（2020年度基準） 四半期別,SRC事務所・その他,SRC事務所・その他,index (2020年度平均 = 100),national,JP,日本,,,,112.9,,index_value,published_pdl,,,2023Q4,,mlit-deflator-tsuki-2607,deftsuki2020（四半期別）!BU41(見出しは右隣の系列。値はこの系列),https://www.mlit.go.jp/statistics/details/content/deftsuki_2607.xlsx,PDL1.0,,2020年度基準(2020年度平均=100)。2026年4月分の公表から2020年度基準に改定(原本注)。ウエイト項目に営業余剰や間接税(消費税を含む)等を含めない(原本注)。原本の期間表示「2023年 10-12月」(暦年の四半期)。2023年度以降は建設投資のウエイトに2020〜2022年度の平均値を暫定的に使用(原本注)。原本では1列右の見出しの下にある値。月別シートのこの系列の3か月平均と一致(差 0.03、0.1 以内)を確かめて、この系列に付け直した(2026-09-26 番人。付け直した 800 セルが全部一致)。
aa30e1e43734e4be,JP,index,建設工事費デフレーター（2020年度基準） 四半期別,RC工場・倉庫,RC工場・倉庫,index (2020年度平均 = 100),national,JP,日本,,,,114.1,,index_value,published_pdl,,,2023Q4,,mlit-deflator-tsuki-2607,deftsuki2020（四半期別）!BV41(見出しは右隣の系列。値はこの系列),https://www.mlit.go.jp/statistics/details/content/deftsuki_2607.xlsx,PDL1.0,,2020年度基準(2020年度平均=100)。2026年4月分の公表から2020年度基準に改定(原本注)。ウエイト項目に営業余剰や間接税(消費税を含む)等を含めない(原本注)。原本の期間表示「2023年 10-12月」(暦年の四半期)。2023年度以降は建設投資のウエイトに2020〜2022年度の平均値を暫定的に使用(原本注)。原本では1列右の見出しの下にある値。月別シートのこの系列の3か月平均と一致(差 0.03、0.1 以内)を確かめて、この系列に付け直した(2026-09-26 番人。付け直した 800 セルが全部一致)。
e804a533219a75af,JP,index,建設工事費デフレーター（2020年度基準） 四半期別,RC学校,RC学校,index (2020年度平均 = 100),national,JP,日本,,,,113.2,,index_value,published_pdl,,,2023Q4,,mlit-deflator-tsuki-2607,deftsuki2020（四半期別）!BW41(見出しは右隣の系列。値はこの系列),https://www.mlit.go.jp/statistics/details/content/deftsuki_2607.xlsx,PDL1.0,,2020年度基準(2020年度平均=100)。2026年4月分の公表から2020年度基準に改定(原本注)。ウエイト項目に営業余剰や間接税(消費税を含む)等を含めない(原本注)。原本の期間表示「2023年 10-12月」(暦年の四半期)。2023年度以降は建設投資のウエイトに2020〜2022年度の平均値を暫定的に使用(原本注)。原本では1列右の見出しの下にある値。月別シートのこの系列の3か月平均と一致(差 0.03、0.1 以内)を確かめて、この系列に付け直した(2026-09-26 番人。付け直した 800 セルが全部一致)。
17c0cda7ed3fc371,JP,index,建設工事費デフレーター（2020年度基準） 四半期別,RC事務所・その他,RC事務所・その他,index (2020年度平均 = 100),national,JP,日本,,,,113.5,,index_value,published_pdl,,,2023Q4,,mlit-deflator-tsuki-2607,deftsuki2020（四半期別）!BX41(見出しは右隣の系列。値はこの系列),https://www.mlit.go.jp/statistics/details/content/deftsuki_2607.xlsx,PDL1.0,,2020年度基準(2020年度平均=100)。2026年4月分の公表から2020年度基準に改定(原本注)。ウエイト項目に営業余剰や間接税(消費税を含む)等を含めない(原本注)。原本の期間表示「2023年 10-12月」(暦年の四半期)。2023年度以降は建設投資のウエイトに2020〜2022年度の平均値を暫定的に使用(原本注)。原本では1列右の見出しの下にある値。月別シートのこの系列の3か月平均と一致(差 0.03、0.1 以内)を確かめて、この系列に付け直した(2026-09-26 番人。付け直した 800 セルが全部一致)。
5608d2411b55e4a3,JP,index,建設工事費デフレーター（2020年度基準） 四半期別,S工場・倉庫,S工場・倉庫,index (2020年度平均 = 100),national,JP,日本,,,,114.3,,index_value,published_pdl,,,2023Q4,,mlit-deflator-tsuki-2607,deftsuki2020（四半期別）!BY41(見出しは右隣の系列。値はこの系列),https://www.mlit.go.jp/statistics/details/content/deftsuki_2607.xlsx,PDL1.0,,2020年度基準(2020年度平均=100)。2026年4月分の公表から2020年度基準に改定(原本注)。ウエイト項目に営業余剰や間接税(消費税を含む)等を含めない(原本注)。原本の期間表示「2023年 10-12月」(暦年の四半期)。2023年度以降は建設投資のウエイトに2020〜2022年度の平均値を暫定的に使用(原本注)。原本では1列右の見出しの下にある値。月別シートのこの系列の3か月平均と一致(差 0.03、0.1 以内)を確かめて、この系列に付け直した(2026-09-26 番人。付け直した 800 セルが全部一致)。
0f00e6f883721044,JP,index,建設工事費デフレーター（2020年度基準） 四半期別,S事務所・その他,S事務所・その他,index (2020年度平均 = 100),national,JP,日本,,,,,,index_value,not_set,,,2023Q4,,mlit-deflator-tsuki-2607,,https://www.mlit.go.jp/statistics/details/content/deftsuki_2607.xlsx,PDL1.0,,2020年度基準(2020年度平均=100)。2026年4月分の公表から2020年度基準に改定(原本注)。ウエイト項目に営業余剰や間接税(消費税を含む)等を含めない(原本注)。原本の期間表示「2023年 10-12月」(暦年の四半期)。2023年度以降は建設投資のウエイトに2020〜2022年度の平均値を暫定的に使用(原本注)。原本の四半期別では、列ずれのため、この系列のこの期間の値がどの列にも無い(2026-09-26 番人)。月別シートの値はある。
948c8e493979bd1c,JP,index,建設工事費デフレーター（2020年度基準） 四半期別,地方道路公社等,建設総合 > 土木総合 > 公共事業 > 土木1（除く災害復旧） > 道路総合 > 有料道路 > 地方道路公社等,index (2020年度平均 = 100),national,JP,日本,,,,113.8,,index_value,published_pdl,,,2024Q1,,mlit-deflator-tsuki-2607,deftsuki2020（四半期別）!AT42(見出しは右隣の系列。値はこの系列),https://www.mlit.go.jp/statistics/details/content/deftsuki_2607.xlsx,PDL1.0,,2020年度基準(2020年度平均=100)。2026年4月分の公表から2020年度基準に改定(原本注)。ウエイト項目に営業余剰や間接税(消費税を含む)等を含めない(原本注)。原本の期間表示「2024年 1-3月」(暦年の四半期)。2023年度以降は建設投資のウエイトに2020〜2022年度の平均値を暫定的に使用(原本注)。原本では1列右の見出しの下にある値。月別シートのこの系列の3か月平均と一致(差 0.03、0.1 以内)を確かめて、この系列に付け直した(2026-09-26 番人。付け直した 800 セルが全部一致)。
9ba6525468718b50,JP,index,建設工事費デフレーター（2020年度基準） 四半期別,道路2（再掲）,建設総合 > 土木総合 > 公共事業 > 土木1（除く災害復旧） > 道路2（再掲）,index (2020年度平均 = 100),national,JP,日本,,,,114.3,,index_value,published_pdl,,,2024Q1,,mlit-deflator-tsuki-2607,deftsuki2020（四半期別）!AU42(見出しは右隣の系列。値はこの系列),https://www.mlit.go.jp/statistics/details/content/deftsuki_2607.xlsx,PDL1.0,,2020年度基準(2020年度平均=100)。2026年4月分の公表から2020年度基準に改定(原本注)。ウエイト項目に営業余剰や間接税(消費税を含む)等を含めない(原本注)。原本の期間表示「2024年 1-3月」(暦年の四半期)。2023年度以降は建設投資のウエイトに2020〜2022年度の平均値を暫定的に使用(原本注)。原本では1列右の見出しの下にある値。月別シートのこの系列の3か月平均と一致(差 0.03、0.1 以内)を確かめて、この系列に付け直した(2026-09-26 番人。付け直した 800 セルが全部一致)。
c215c255a5269636,JP,index,建設工事費デフレーター（2020年度基準） 四半期別,街路2（再掲）,建設総合 > 土木総合 > 公共事業 > 土木1（除く災害復旧） > 街路2（再掲）,index (2020年度平均 = 100),national,JP,日本,,,,114.2,,index_value,published_pdl,,,2024Q1,,mlit-deflator-tsuki-2607,deftsuki2020（四半期別）!AV42(見出しは右隣の系列。値はこの系列),https://www.mlit.go.jp/statistics/details/content/deftsuki_2607.xlsx,PDL1.0,,2020年度基準(2020年度平均=100)。2026年4月分の公表から2020年度基準に改定(原本注)。ウエイト項目に営業余剰や間接税(消費税を含む)等を含めない(原本注)。原本の期間表示「2024年 1-3月」(暦年の四半期)。2023年度以降は建設投資のウエイトに2020〜2022年度の平均値を暫定的に使用(原本注)。原本では1列右の見出しの下にある値。月別シートのこの系列の3か月平均と一致(差 0.07、0.1 以内)を確かめて、この系列に付け直した(2026-09-26 番人。付け直した 800 セルが全部一致)。
12903e10c2069d65,JP,index,建設工事費デフレーター（2020年度基準） 四半期別,公園,建設総合 > 土木総合 > 公共事業 > 土木1（除く災害復旧） > 公園,index (2020年度平均 = 100),national,JP,日本,,,,111.9,,index_value,published_pdl,,,2024Q1,,mlit-deflator-tsuki-2607,deftsuki2020（四半期別）!AW42(見出しは右隣の系列。値はこの系列),https://www.mlit.go.jp/statistics/details/content/deftsuki_2607.xlsx,PDL1.0,,2020年度基準(2020年度平均=100)。2026年4月分の公表から2020年度基準に改定(原本注)。ウエイト項目に営業余剰や間接税(消費税を含む)等を含めない(原本注)。原本の期間表示「2024年 1-3月」(暦年の四半期)。2023年度以降は建設投資のウエイトに2020〜2022年度の平均値を暫定的に使用(原本注)。原本では1列右の見出しの下にある値。月別シートのこの系列の3か月平均と一致(差 0.03、0.1 以内)を確かめて、この系列に付け直した(2026-09-26 番人。付け直した 800 セルが全部一致)。
7b6295c58b453f77,JP,index,建設工事費デフレーター（2020年度基準） 四半期別,下水道,建設総合 > 土木総合 > 公共事業 > 土木1（除く災害復旧） > 下水道,index (2020年度平均 = 100),national,JP,日本,,,,113.5,,index_value,published_pdl,,,2024Q1,,mlit-deflator-tsuki-2607,deftsuki2020（四半期別）!AX42(見出しは右隣の系列。値はこの系列),https://www.mlit.go.jp/statistics/details/content/deftsuki_2607.xlsx,PDL1.0,,2020年度基準(2020年度平均=100)。2026年4月分の公表から2020年度基準に改定(原本注)。ウエイト項目に営業余剰や間接税(消費税を含む)等を含めない(原本注)。原本の期間表示「2024年 1-3月」(暦年の四半期)。2023年度以降は建設投資のウエイトに2020〜2022年度の平均値を暫定的に使用(原本注)。原本では1列右の見出しの下にある値。月別シートのこの系列の3か月平均と一致(差 0.03、0.1 以内)を確かめて、この系列に付け直した(2026-09-26 番人。付け直した 800 セルが全部一致)。
f15868922e97f842,JP,index,建設工事費デフレーター（2020年度基準） 四半期別,災害復旧,建設総合 > 土木総合 > 公共事業 > 土木1（除く災害復旧） > 災害復旧,index (2020年度平均 = 100),national,JP,日本,,,,113.3,,index_value,published_pdl,,,2024Q1,,mlit-deflator-tsuki-2607,deftsuki2020（四半期別）!AY42(見出しは右隣の系列。値はこの系列),https://www.mlit.go.jp/statistics/details/content/deftsuki_2607.xlsx,PDL1.0,,2020年度基準(2020年度平均=100)。2026年4月分の公表から2020年度基準に改定(原本注)。ウエイト項目に営業余剰や間接税(消費税を含む)等を含めない(原本注)。原本の期間表示「2024年 1-3月」(暦年の四半期)。2023年度以降は建設投資のウエイトに2020〜2022年度の平均値を暫定的に使用(原本注)。原本では1列右の見出しの下にある値。月別シートのこの系列の3か月平均と一致(差 0.03、0.1 以内)を確かめて、この系列に付け直した(2026-09-26 番人。付け直した 800 セルが全部一致)。
46734a525d9714b0,JP,index,建設工事費デフレーター（2020年度基準） 四半期別,土木2,建設総合 > 土木総合 > 公共事業 > 土木2,index (2020年度平均 = 100),national,JP,日本,,,,113.9,,index_value,published_pdl,,,2024Q1,,mlit-deflator-tsuki-2607,deftsuki2020（四半期別）!AZ42(見出しは右隣の系列。値はこの系列),https://www.mlit.go.jp/statistics/details/content/deftsuki_2607.xlsx,PDL1.0,,2020年度基準(2020年度平均=100)。2026年4月分の公表から2020年度基準に改定(原本注)。ウエイト項目に営業余剰や間接税(消費税を含む)等を含めない(原本注)。原本の期間表示「2024年 1-3月」(暦年の四半期)。2023年度以降は建設投資のウエイトに2020〜2022年度の平均値を暫定的に使用(原本注)。原本では1列右の見出しの下にある値。月別シートのこの系列の3か月平均と一致(差 0.00、0.1 以内)を確かめて、この系列に付け直した(2026-09-26 番人。付け直した 800 セルが全部一致)。
2a9a317617bbf881,JP,index,建設工事費デフレーター（2020年度基準） 四半期別,港湾・漁港,建設総合 > 土木総合 > 公共事業 > 土木2 > 港湾・漁港,index (2020年度平均 = 100),national,JP,日本,,,,113.9,,index_value,published_pdl,,,2024Q1,,mlit-deflator-tsuki-2607,deftsuki2020（四半期別）!BA42(見出しは右隣の系列。値はこの系列),https://www.mlit.go.jp/statistics/details/content/deftsuki_2607.xlsx,PDL1.0,,2020年度基準(2020年度平均=100)。2026年4月分の公表から2020年度基準に改定(原本注)。ウエイト項目に営業余剰や間接税(消費税を含む)等を含めない(原本注)。原本の期間表示「2024年 1-3月」(暦年の四半期)。2023年度以降は建設投資のウエイトに2020〜2022年度の平均値を暫定的に使用(原本注)。原本では1列右の見出しの下にある値。月別シートのこの系列の3か月平均と一致(差 0.00、0.1 以内)を確かめて、この系列に付け直した(2026-09-26 番人。付け直した 800 セルが全部一致)。
0e36eb3bf90533bb,JP,index,建設工事費デフレーター（2020年度基準） 四半期別,空港,建設総合 > 土木総合 > 公共事業 > 土木2 > 空港,index (2020年度平均 = 100),national,JP,日本,,,,109.1,,index_value,published_pdl,,,2024Q1,,mlit-deflator-tsuki-2607,deftsuki2020（四半期別）!BB42(見出しは右隣の系列。値はこの系列),https://www.mlit.go.jp/statistics/details/content/deftsuki_2607.xlsx,PDL1.0,,2020年度基準(2020年度平均=100)。2026年4月分の公表から2020年度基準に改定(原本注)。ウエイト項目に営業余剰や間接税(消費税を含む)等を含めない(原本注)。原本の期間表示「2024年 1-3月」(暦年の四半期)。2023年度以降は建設投資のウエイトに2020〜2022年度の平均値を暫定的に使用(原本注)。原本では1列右の見出しの下にある値。月別シートのこの系列の3か月平均と一致(差 0.03、0.1 以内)を確かめて、この系列に付け直した(2026-09-26 番人。付け直した 800 セルが全部一致)。
8b74b74a943a1761,JP,index,建設工事費デフレーター（2020年度基準） 四半期別,環境衛生,建設総合 > 土木総合 > 公共事業 > 土木2 > 環境衛生,index (2020年度平均 = 100),national,JP,日本,,,,114.7,,index_value,published_pdl,,,2024Q1,,mlit-deflator-tsuki-2607,deftsuki2020（四半期別）!BC42(見出しは右隣の系列。値はこの系列),https://www.mlit.go.jp/statistics/details/content/deftsuki_2607.xlsx,PDL1.0,,2020年度基準(2020年度平均=100)。2026年4月分の公表から2020年度基準に改定(原本注)。ウエイト項目に営業余剰や間接税(消費税を含む)等を含めない(原本注)。原本の期間表示「2024年 1-3月」(暦年の四半期)。2023年度以降は建設投資のウエイトに2020〜2022年度の平均値を暫定的に使用(原本注)。原本では1列右の見出しの下にある値。月別シートのこの系列の3か月平均と一致(差 0.03、0.1 以内)を確かめて、この系列に付け直した(2026-09-26 番人。付け直した 800 セルが全部一致)。
19827929a4ea6a48,JP,index,建設工事費デフレーター（2020年度基準） 四半期別,農林関係公共事業,建設総合 > 土木総合 > 公共事業 > 土木2 > 農林関係公共事業,index (2020年度平均 = 100),national,JP,日本,,,,114.4,,index_value,published_pdl,,,2024Q1,,mlit-deflator-tsuki-2607,deftsuki2020（四半期別）!BD42(見出しは右隣の系列。値はこの系列),https://www.mlit.go.jp/statistics/details/content/deftsuki_2607.xlsx,PDL1.0,,2020年度基準(2020年度平均=100)。2026年4月分の公表から2020年度基準に改定(原本注)。ウエイト項目に営業余剰や間接税(消費税を含む)等を含めない(原本注)。原本の期間表示「2024年 1-3月」(暦年の四半期)。2023年度以降は建設投資のウエイトに2020〜2022年度の平均値を暫定的に使用(原本注)。原本では1列右の見出しの下にある値。月別シートのこの系列の3か月平均と一致(差 0.03、0.1 以内)を確かめて、この系列に付け直した(2026-09-26 番人。付け直した 800 セルが全部一致)。
782fd57d8d03a023,JP,index,建設工事費デフレーター（2020年度基準） 四半期別,その他土木,建設総合 > 土木総合 > その他土木 (原本の列 BD。同じ表頭の列が2つある),index (2020年度平均 = 100),national,JP,日本,,,,114,,index_value,published_pdl,,,2024Q1,,mlit-deflator-tsuki-2607,deftsuki2020（四半期別）!BE42(見出しは右隣の系列。値はこの系列),https://www.mlit.go.jp/statistics/details/content/deftsuki_2607.xlsx,PDL1.0,,2020年度基準(2020年度平均=100)。2026年4月分の公表から2020年度基準に改定(原本注)。ウエイト項目に営業余剰や間接税(消費税を含む)等を含めない(原本注)。原本の期間表示「2024年 1-3月」(暦年の四半期)。2023年度以降は建設投資のウエイトに2020〜2022年度の平均値を暫定的に使用(原本注)。原本では1列右の見出しの下にある値。月別シートのこの系列の3か月平均と一致(差 0.03、0.1 以内)を確かめて、この系列に付け直した(2026-09-26 番人。付け直した 800 セルが全部一致)。
08c0387e316f0172,JP,index,建設工事費デフレーター（2020年度基準） 四半期別,鉄道軌道,建設総合 > 土木総合 > その他土木 > 鉄道軌道,index (2020年度平均 = 100),national,JP,日本,,,,115.8,,index_value,published_pdl,,,2024Q1,,mlit-deflator-tsuki-2607,deftsuki2020（四半期別）!BF42(見出しは右隣の系列。値はこの系列),https://www.mlit.go.jp/statistics/details/content/deftsuki_2607.xlsx,PDL1.0,,2020年度基準(2020年度平均=100)。2026年4月分の公表から2020年度基準に改定(原本注)。ウエイト項目に営業余剰や間接税(消費税を含む)等を含めない(原本注)。原本の期間表示「2024年 1-3月」(暦年の四半期)。2023年度以降は建設投資のウエイトに2020〜2022年度の平均値を暫定的に使用(原本注)。原本では1列右の見出しの下にある値。月別シートのこの系列の3か月平均と一致(差 0.03、0.1 以内)を確かめて、この系列に付け直した(2026-09-26 番人。付け直した 800 セルが全部一致)。
0dd08d3834d1e487,JP,index,建設工事費デフレーター（2020年度基準） 四半期別,電力,建設総合 > 土木総合 > その他土木 > 電力,index (2020年度平均 = 100),national,JP,日本,,,,114.2,,index_value,published_pdl,,,2024Q1,,mlit-deflator-tsuki-2607,deftsuki2020（四半期別）!BG42(見出しは右隣の系列。値はこの系列),https://www.mlit.go.jp/statistics/details/content/deftsuki_2607.xlsx,PDL1.0,,2020年度基準(2020年度平均=100)。2026年4月分の公表から2020年度基準に改定(原本注)。ウエイト項目に営業余剰や間接税(消費税を含む)等を含めない(原本注)。原本の期間表示「2024年 1-3月」(暦年の四半期)。2023年度以降は建設投資のウエイトに2020〜2022年度の平均値を暫定的に使用(原本注)。原本では1列右の見出しの下にある値。月別シートのこの系列の3か月平均と一致(差 0.03、0.1 以内)を確かめて、この系列に付け直した(2026-09-26 番人。付け直した 800 セルが全部一致)。
57dc2c59d0607f90,JP,index,建設工事費デフレーター（2020年度基準） 四半期別,電気通信,建設総合 > 土木総合 > その他土木 > 電気通信,index (2020年度平均 = 100),national,JP,日本,,,,111.6,,index_value,published_pdl,,,2024Q1,,mlit-deflator-tsuki-2607,deftsuki2020（四半期別）!BH42(見出しは右隣の系列。値はこの系列),https://www.mlit.go.jp/statistics/details/content/deftsuki_2607.xlsx,PDL1.0,,2020年度基準(2020年度平均=100)。2026年4月分の公表から2020年度基準に改定(原本注)。ウエイト項目に営業余剰や間接税(消費税を含む)等を含めない(原本注)。原本の期間表示「2024年 1-3月」(暦年の四半期)。2023年度以降は建設投資のウエイトに2020〜2022年度の平均値を暫定的に使用(原本注)。原本では1列右の見出しの下にある値。月別シートのこの系列の3か月平均と一致(差 0.03、0.1 以内)を確かめて、この系列に付け直した(2026-09-26 番人。付け直した 800 セルが全部一致)。
a0924d3b078a3f36,JP,index,建設工事費デフレーター（2020年度基準） 四半期別,上・工業用水道,建設総合 > 土木総合 > その他土木 > 上・工業用水道,index (2020年度平均 = 100),national,JP,日本,,,,114.1,,index_value,published_pdl,,,2024Q1,,mlit-deflator-tsuki-2607,deftsuki2020（四半期別）!BI42(見出しは右隣の系列。値はこの系列),https://www.mlit.go.jp/statistics/details/content/deftsuki_2607.xlsx,PDL1.0,,2020年度基準(2020年度平均=100)。2026年4月分の公表から2020年度基準に改定(原本注)。ウエイト項目に営業余剰や間接税(消費税を含む)等を含めない(原本注)。原本の期間表示「2024年 1-3月」(暦年の四半期)。2023年度以降は建設投資のウエイトに2020〜2022年度の平均値を暫定的に使用(原本注)。原本では1列右の見出しの下にある値。月別シートのこの系列の3か月平均と一致(差 0.00、0.1 以内)を確かめて、この系列に付け直した(2026-09-26 番人。付け直した 800 セルが全部一致)。
8744b11a9049885a,JP,index,建設工事費デフレーター（2020年度基準） 四半期別,土地造成,建設総合 > 土木総合 > その他土木 > 土地造成,index (2020年度平均 = 100),national,JP,日本,,,,112.4,,index_value,published_pdl,,,2024Q1,,mlit-deflator-tsuki-2607,deftsuki2020（四半期別）!BJ42(見出しは右隣の系列。値はこの系列),https://www.mlit.go.jp/statistics/details/content/deftsuki_2607.xlsx,PDL1.0,,2020年度基準(2020年度平均=100)。2026年4月分の公表から2020年度基準に改定(原本注)。ウエイト項目に営業余剰や間接税(消費税を含む)等を含めない(原本注)。原本の期間表示「2024年 1-3月」(暦年の四半期)。2023年度以降は建設投資のウエイトに2020〜2022年度の平均値を暫定的に使用(原本注)。原本では1列右の見出しの下にある値。月別シートのこの系列の3か月平均と一致(差 0.03、0.1 以内)を確かめて、この系列に付け直した(2026-09-26 番人。付け直した 800 セルが全部一致)。
c34d1093e2090a91,JP,index,建設工事費デフレーター（2020年度基準） 四半期別,その他土木,建設総合 > 土木総合 > その他土木 (原本の列 BJ。同じ表頭の列が2つある),index (2020年度平均 = 100),national,JP,日本,,,,113.5,,index_value,published_pdl,,,2024Q1,,mlit-deflator-tsuki-2607,deftsuki2020（四半期別）!BK42(見出しは右隣の系列。値はこの系列),https://www.mlit.go.jp/statistics/details/content/deftsuki_2607.xlsx,PDL1.0,,2020年度基準(2020年度平均=100)。2026年4月分の公表から2020年度基準に改定(原本注)。ウエイト項目に営業余剰や間接税(消費税を含む)等を含めない(原本注)。原本の期間表示「2024年 1-3月」(暦年の四半期)。2023年度以降は建設投資のウエイトに2020〜2022年度の平均値を暫定的に使用(原本注)。原本では1列右の見出しの下にある値。月別シートのこの系列の3か月平均と一致(差 0.03、0.1 以内)を確かめて、この系列に付け直した(2026-09-26 番人。付け直した 800 セルが全部一致)。
fcf55a71467bd3a5,JP,index,建設工事費デフレーター（2020年度基準） 四半期別,W在来住宅,W在来住宅,index (2020年度平均 = 100),national,JP,日本,,,,115.7,,index_value,published_pdl,,,2024Q1,,mlit-deflator-tsuki-2607,deftsuki2020（四半期別）!BL42(見出しは右隣の系列。値はこの系列),https://www.mlit.go.jp/statistics/details/content/deftsuki_2607.xlsx,PDL1.0,,2020年度基準(2020年度平均=100)。2026年4月分の公表から2020年度基準に改定(原本注)。ウエイト項目に営業余剰や間接税(消費税を含む)等を含めない(原本注)。原本の期間表示「2024年 1-3月」(暦年の四半期)。2023年度以降は建設投資のウエイトに2020〜2022年度の平均値を暫定的に使用(原本注)。原本では1列右の見出しの下にある値。月別シートのこの系列の3か月平均と一致(差 0.07、0.1 以内)を確かめて、この系列に付け直した(2026-09-26 番人。付け直した 800 セルが全部一致)。
3bec6e814c7ad553,JP,index,建設工事費デフレーター（2020年度基準） 四半期別,W量産住宅,W量産住宅,index (2020年度平均 = 100),national,JP,日本,,,,118,,index_value,published_pdl,,,2024Q1,,mlit-deflator-tsuki-2607,deftsuki2020（四半期別）!BM42(見出しは右隣の系列。値はこの系列),https://www.mlit.go.jp/statistics/details/content/deftsuki_2607.xlsx,PDL1.0,,2020年度基準(2020年度平均=100)。2026年4月分の公表から2020年度基準に改定(原本注)。ウエイト項目に営業余剰や間接税(消費税を含む)等を含めない(原本注)。原本の期間表示「2024年 1-3月」(暦年の四半期)。2023年度以降は建設投資のウエイトに2020〜2022年度の平均値を暫定的に使用(原本注)。原本では1列右の見出しの下にある値。月別シートのこの系列の3か月平均と一致(差 0.07、0.1 以内)を確かめて、この系列に付け直した(2026-09-26 番人。付け直した 800 セルが全部一致)。
03fc2f6c42a7c6cd,JP,index,建設工事費デフレーター（2020年度基準） 四半期別,RC在来住宅,RC在来住宅,index (2020年度平均 = 100),national,JP,日本,,,,115.1,,index_value,published_pdl,,,2024Q1,,mlit-deflator-tsuki-2607,deftsuki2020（四半期別）!BN42(見出しは右隣の系列。値はこの系列),https://www.mlit.go.jp/statistics/details/content/deftsuki_2607.xlsx,PDL1.0,,2020年度基準(2020年度平均=100)。2026年4月分の公表から2020年度基準に改定(原本注)。ウエイト項目に営業余剰や間接税(消費税を含む)等を含めない(原本注)。原本の期間表示「2024年 1-3月」(暦年の四半期)。2023年度以降は建設投資のウエイトに2020〜2022年度の平均値を暫定的に使用(原本注)。原本では1列右の見出しの下にある値。月別シートのこの系列の3か月平均と一致(差 0.03、0.1 以内)を確かめて、この系列に付け直した(2026-09-26 番人。付け直した 800 セルが全部一致)。
0fe17354cc9ac849,JP,index,建設工事費デフレーター（2020年度基準） 四半期別,RC量産住宅,RC量産住宅,index (2020年度平均 = 100),national,JP,日本,,,,115.6,,index_value,published_pdl,,,2024Q1,,mlit-deflator-tsuki-2607,deftsuki2020（四半期別）!BO42(見出しは右隣の系列。値はこの系列),https://www.mlit.go.jp/statistics/details/content/deftsuki_2607.xlsx,PDL1.0,,2020年度基準(2020年度平均=100)。2026年4月分の公表から2020年度基準に改定(原本注)。ウエイト項目に営業余剰や間接税(消費税を含む)等を含めない(原本注)。原本の期間表示「2024年 1-3月」(暦年の四半期)。2023年度以降は建設投資のウエイトに2020〜2022年度の平均値を暫定的に使用(原本注)。原本では1列右の見出しの下にある値。月別シートのこの系列の3か月平均と一致(差 0.03、0.1 以内)を確かめて、この系列に付け直した(2026-09-26 番人。付け直した 800 セルが全部一致)。
cd4c3a631a36272b,JP,index,建設工事費デフレーター（2020年度基準） 四半期別,S在来住宅,S在来住宅,index (2020年度平均 = 100),national,JP,日本,,,,115.4,,index_value,published_pdl,,,2024Q1,,mlit-deflator-tsuki-2607,deftsuki2020（四半期別）!BP42(見出しは右隣の系列。値はこの系列),https://www.mlit.go.jp/statistics/details/content/deftsuki_2607.xlsx,PDL1.0,,2020年度基準(2020年度平均=100)。2026年4月分の公表から2020年度基準に改定(原本注)。ウエイト項目に営業余剰や間接税(消費税を含む)等を含めない(原本注)。原本の期間表示「2024年 1-3月」(暦年の四半期)。2023年度以降は建設投資のウエイトに2020〜2022年度の平均値を暫定的に使用(原本注)。原本では1列右の見出しの下にある値。月別シートのこの系列の3か月平均と一致(差 0.03、0.1 以内)を確かめて、この系列に付け直した(2026-09-26 番人。付け直した 800 セルが全部一致)。
0c3a5b46aa3015dc,JP,index,建設工事費デフレーター（2020年度基準） 四半期別,S量産住宅,S量産住宅,index (2020年度平均 = 100),national,JP,日本,,,,119.2,,index_value,published_pdl,,,2024Q1,,mlit-deflator-tsuki-2607,deftsuki2020（四半期別）!BQ42(見出しは右隣の系列。値はこの系列),https://www.mlit.go.jp/statistics/details/content/deftsuki_2607.xlsx,PDL1.0,,2020年度基準(2020年度平均=100)。2026年4月分の公表から2020年度基準に改定(原本注)。ウエイト項目に営業余剰や間接税(消費税を含む)等を含めない(原本注)。原本の期間表示「2024年 1-3月」(暦年の四半期)。2023年度以降は建設投資のウエイトに2020〜2022年度の平均値を暫定的に使用(原本注)。原本では1列右の見出しの下にある値。月別シートのこの系列の3か月平均と一致(差 0.03、0.1 以内)を確かめて、この系列に付け直した(2026-09-26 番人。付け直した 800 セルが全部一致)。
087b95f616257990,JP,index,建設工事費デフレーター（2020年度基準） 四半期別,W工場・倉庫,W工場・倉庫,index (2020年度平均 = 100),national,JP,日本,,,,115.1,,index_value,published_pdl,,,2024Q1,,mlit-deflator-tsuki-2607,deftsuki2020（四半期別）!BR42(見出しは右隣の系列。値はこの系列),https://www.mlit.go.jp/statistics/details/content/deftsuki_2607.xlsx,PDL1.0,,2020年度基準(2020年度平均=100)。2026年4月分の公表から2020年度基準に改定(原本注)。ウエイト項目に営業余剰や間接税(消費税を含む)等を含めない(原本注)。原本の期間表示「2024年 1-3月」(暦年の四半期)。2023年度以降は建設投資のウエイトに2020〜2022年度の平均値を暫定的に使用(原本注)。原本では1列右の見出しの下にある値。月別シートのこの系列の3か月平均と一致(差 0.00、0.1 以内)を確かめて、この系列に付け直した(2026-09-26 番人。付け直した 800 セルが全部一致)。
0749c915f844d303,JP,index,建設工事費デフレーター（2020年度基準） 四半期別,W事務所・その他,W事務所・その他,index (2020年度平均 = 100),national,JP,日本,,,,114.6,,index_value,published_pdl,,,2024Q1,,mlit-deflator-tsuki-2607,deftsuki2020（四半期別）!BS42(見出しは右隣の系列。値はこの系列),https://www.mlit.go.jp/statistics/details/content/deftsuki_2607.xlsx,PDL1.0,,2020年度基準(2020年度平均=100)。2026年4月分の公表から2020年度基準に改定(原本注)。ウエイト項目に営業余剰や間接税(消費税を含む)等を含めない(原本注)。原本の期間表示「2024年 1-3月」(暦年の四半期)。2023年度以降は建設投資のウエイトに2020〜2022年度の平均値を暫定的に使用(原本注)。原本では1列右の見出しの下にある値。月別シートのこの系列の3か月平均と一致(差 0.00、0.1 以内)を確かめて、この系列に付け直した(2026-09-26 番人。付け直した 800 セルが全部一致)。
f19a5142435de2bb,JP,index,建設工事費デフレーター（2020年度基準） 四半期別,SRC工場・倉庫,SRC工場・倉庫,index (2020年度平均 = 100),national,JP,日本,,,,115.4,,index_value,published_pdl,,,2024Q1,,mlit-deflator-tsuki-2607,deftsuki2020（四半期別）!BT42(見出しは右隣の系列。値はこの系列),https://www.mlit.go.jp/statistics/details/content/deftsuki_2607.xlsx,PDL1.0,,2020年度基準(2020年度平均=100)。2026年4月分の公表から2020年度基準に改定(原本注)。ウエイト項目に営業余剰や間接税(消費税を含む)等を含めない(原本注)。原本の期間表示「2024年 1-3月」(暦年の四半期)。2023年度以降は建設投資のウエイトに2020〜2022年度の平均値を暫定的に使用(原本注)。原本では1列右の見出しの下にある値。月別シートのこの系列の3か月平均と一致(差 0.03、0.1 以内)を確かめて、この系列に付け直した(2026-09-26 番人。付け直した 800 セルが全部一致)。
280f8c693c069c82,JP,index,建設工事費デフレーター（2020年度基準） 四半期別,SRC事務所・その他,SRC事務所・その他,index (2020年度平均 = 100),national,JP,日本,,,,113.8,,index_value,published_pdl,,,2024Q1,,mlit-deflator-tsuki-2607,deftsuki2020（四半期別）!BU42(見出しは右隣の系列。値はこの系列),https://www.mlit.go.jp/statistics/details/content/deftsuki_2607.xlsx,PDL1.0,,2020年度基準(2020年度平均=100)。2026年4月分の公表から2020年度基準に改定(原本注)。ウエイト項目に営業余剰や間接税(消費税を含む)等を含めない(原本注)。原本の期間表示「2024年 1-3月」(暦年の四半期)。2023年度以降は建設投資のウエイトに2020〜2022年度の平均値を暫定的に使用(原本注)。原本では1列右の見出しの下にある値。月別シートのこの系列の3か月平均と一致(差 0.03、0.1 以内)を確かめて、この系列に付け直した(2026-09-26 番人。付け直した 800 セルが全部一致)。
d4d53254a15fb741,JP,index,建設工事費デフレーター（2020年度基準） 四半期別,RC工場・倉庫,RC工場・倉庫,index (2020年度平均 = 100),national,JP,日本,,,,115,,index_value,published_pdl,,,2024Q1,,mlit-deflator-tsuki-2607,deftsuki2020（四半期別）!BV42(見出しは右隣の系列。値はこの系列),https://www.mlit.go.jp/statistics/details/content/deftsuki_2607.xlsx,PDL1.0,,2020年度基準(2020年度平均=100)。2026年4月分の公表から2020年度基準に改定(原本注)。ウエイト項目に営業余剰や間接税(消費税を含む)等を含めない(原本注)。原本の期間表示「2024年 1-3月」(暦年の四半期)。2023年度以降は建設投資のウエイトに2020〜2022年度の平均値を暫定的に使用(原本注)。原本では1列右の見出しの下にある値。月別シートのこの系列の3か月平均と一致(差 0.03、0.1 以内)を確かめて、この系列に付け直した(2026-09-26 番人。付け直した 800 セルが全部一致)。
8eb86b69628f9041,JP,index,建設工事費デフレーター（2020年度基準） 四半期別,RC学校,RC学校,index (2020年度平均 = 100),national,JP,日本,,,,114.2,,index_value,published_pdl,,,2024Q1,,mlit-deflator-tsuki-2607,deftsuki2020（四半期別）!BW42(見出しは右隣の系列。値はこの系列),https://www.mlit.go.jp/statistics/details/content/deftsuki_2607.xlsx,PDL1.0,,2020年度基準(2020年度平均=100)。2026年4月分の公表から2020年度基準に改定(原本注)。ウエイト項目に営業余剰や間接税(消費税を含む)等を含めない(原本注)。原本の期間表示「2024年 1-3月」(暦年の四半期)。2023年度以降は建設投資のウエイトに2020〜2022年度の平均値を暫定的に使用(原本注)。原本では1列右の見出しの下にある値。月別シートのこの系列の3か月平均と一致(差 0.00、0.1 以内)を確かめて、この系列に付け直した(2026-09-26 番人。付け直した 800 セルが全部一致)。
8d73e91c4c0595b4,JP,index,建設工事費デフレーター（2020年度基準） 四半期別,RC事務所・その他,RC事務所・その他,index (2020年度平均 = 100),national,JP,日本,,,,114.4,,index_value,published_pdl,,,2024Q1,,mlit-deflator-tsuki-2607,deftsuki2020（四半期別）!BX42(見出しは右隣の系列。値はこの系列),https://www.mlit.go.jp/statistics/details/content/deftsuki_2607.xlsx,PDL1.0,,2020年度基準(2020年度平均=100)。2026年4月分の公表から2020年度基準に改定(原本注)。ウエイト項目に営業余剰や間接税(消費税を含む)等を含めない(原本注)。原本の期間表示「2024年 1-3月」(暦年の四半期)。2023年度以降は建設投資のウエイトに2020〜2022年度の平均値を暫定的に使用(原本注)。原本では1列右の見出しの下にある値。月別シートのこの系列の3か月平均と一致(差 0.00、0.1 以内)を確かめて、この系列に付け直した(2026-09-26 番人。付け直した 800 セルが全部一致)。
c1f8eb62ed07ae50,JP,index,建設工事費デフレーター（2020年度基準） 四半期別,S工場・倉庫,S工場・倉庫,index (2020年度平均 = 100),national,JP,日本,,,,115.1,,index_value,published_pdl,,,2024Q1,,mlit-deflator-tsuki-2607,deftsuki2020（四半期別）!BY42(見出しは右隣の系列。値はこの系列),https://www.mlit.go.jp/statistics/details/content/deftsuki_2607.xlsx,PDL1.0,,2020年度基準(2020年度平均=100)。2026年4月分の公表から2020年度基準に改定(原本注)。ウエイト項目に営業余剰や間接税(消費税を含む)等を含めない(原本注)。原本の期間表示「2024年 1-3月」(暦年の四半期)。2023年度以降は建設投資のウエイトに2020〜2022年度の平均値を暫定的に使用(原本注)。原本では1列右の見出しの下にある値。月別シートのこの系列の3か月平均と一致(差 0.00、0.1 以内)を確かめて、この系列に付け直した(2026-09-26 番人。付け直した 800 セルが全部一致)。
22be54e89dd576b6,JP,index,建設工事費デフレーター（2020年度基準） 四半期別,S事務所・その他,S事務所・その他,index (2020年度平均 = 100),national,JP,日本,,,,,,index_value,not_set,,,2024Q1,,mlit-deflator-tsuki-2607,,https://www.mlit.go.jp/statistics/details/content/deftsuki_2607.xlsx,PDL1.0,,2020年度基準(2020年度平均=100)。2026年4月分の公表から2020年度基準に改定(原本注)。ウエイト項目に営業余剰や間接税(消費税を含む)等を含めない(原本注)。原本の期間表示「2024年 1-3月」(暦年の四半期)。2023年度以降は建設投資のウエイトに2020〜2022年度の平均値を暫定的に使用(原本注)。原本の四半期別では、列ずれのため、この系列のこの期間の値がどの列にも無い(2026-09-26 番人)。月別シートの値はある。
22daef37391e90a9,JP,index,建設工事費デフレーター（2020年度基準） 四半期別,地方道路公社等,建設総合 > 土木総合 > 公共事業 > 土木1（除く災害復旧） > 道路総合 > 有料道路 > 地方道路公社等,index (2020年度平均 = 100),national,JP,日本,,,,117.1,,index_value,published_pdl,,,2024Q2,,mlit-deflator-tsuki-2607,deftsuki2020（四半期別）!AT43(見出しは右隣の系列。値はこの系列),https://www.mlit.go.jp/statistics/details/content/deftsuki_2607.xlsx,PDL1.0,,2020年度基準(2020年度平均=100)。2026年4月分の公表から2020年度基準に改定(原本注)。ウエイト項目に営業余剰や間接税(消費税を含む)等を含めない(原本注)。原本の期間表示「2024年 4-6月」(暦年の四半期)。2023年度以降は建設投資のウエイトに2020〜2022年度の平均値を暫定的に使用(原本注)。原本では1列右の見出しの下にある値。月別シートのこの系列の3か月平均と一致(差 0.00、0.1 以内)を確かめて、この系列に付け直した(2026-09-26 番人。付け直した 800 セルが全部一致)。
b093c5c583868f99,JP,index,建設工事費デフレーター（2020年度基準） 四半期別,道路2（再掲）,建設総合 > 土木総合 > 公共事業 > 土木1（除く災害復旧） > 道路2（再掲）,index (2020年度平均 = 100),national,JP,日本,,,,117.6,,index_value,published_pdl,,,2024Q2,,mlit-deflator-tsuki-2607,deftsuki2020（四半期別）!AU43(見出しは右隣の系列。値はこの系列),https://www.mlit.go.jp/statistics/details/content/deftsuki_2607.xlsx,PDL1.0,,2020年度基準(2020年度平均=100)。2026年4月分の公表から2020年度基準に改定(原本注)。ウエイト項目に営業余剰や間接税(消費税を含む)等を含めない(原本注)。原本の期間表示「2024年 4-6月」(暦年の四半期)。2023年度以降は建設投資のウエイトに2020〜2022年度の平均値を暫定的に使用(原本注)。原本では1列右の見出しの下にある値。月別シートのこの系列の3か月平均と一致(差 0.03、0.1 以内)を確かめて、この系列に付け直した(2026-09-26 番人。付け直した 800 セルが全部一致)。
ffe09f7f63ab96eb,JP,index,建設工事費デフレーター（2020年度基準） 四半期別,街路2（再掲）,建設総合 > 土木総合 > 公共事業 > 土木1（除く災害復旧） > 街路2（再掲）,index (2020年度平均 = 100),national,JP,日本,,,,117.2,,index_value,published_pdl,,,2024Q2,,mlit-deflator-tsuki-2607,deftsuki2020（四半期別）!AV43(見出しは右隣の系列。値はこの系列),https://www.mlit.go.jp/statistics/details/content/deftsuki_2607.xlsx,PDL1.0,,2020年度基準(2020年度平均=100)。2026年4月分の公表から2020年度基準に改定(原本注)。ウエイト項目に営業余剰や間接税(消費税を含む)等を含めない(原本注)。原本の期間表示「2024年 4-6月」(暦年の四半期)。2023年度以降は建設投資のウエイトに2020〜2022年度の平均値を暫定的に使用(原本注)。原本では1列右の見出しの下にある値。月別シートのこの系列の3か月平均と一致(差 0.07、0.1 以内)を確かめて、この系列に付け直した(2026-09-26 番人。付け直した 800 セルが全部一致)。
e74e1c7b8a349ad9,JP,index,建設工事費デフレーター（2020年度基準） 四半期別,公園,建設総合 > 土木総合 > 公共事業 > 土木1（除く災害復旧） > 公園,index (2020年度平均 = 100),national,JP,日本,,,,115,,index_value,published_pdl,,,2024Q2,,mlit-deflator-tsuki-2607,deftsuki2020（四半期別）!AW43(見出しは右隣の系列。値はこの系列),https://www.mlit.go.jp/statistics/details/content/deftsuki_2607.xlsx,PDL1.0,,2020年度基準(2020年度平均=100)。2026年4月分の公表から2020年度基準に改定(原本注)。ウエイト項目に営業余剰や間接税(消費税を含む)等を含めない(原本注)。原本の期間表示「2024年 4-6月」(暦年の四半期)。2023年度以降は建設投資のウエイトに2020〜2022年度の平均値を暫定的に使用(原本注)。原本では1列右の見出しの下にある値。月別シートのこの系列の3か月平均と一致(差 0.00、0.1 以内)を確かめて、この系列に付け直した(2026-09-26 番人。付け直した 800 セルが全部一致)。
991f17a76ea5f9d5,JP,index,建設工事費デフレーター（2020年度基準） 四半期別,下水道,建設総合 > 土木総合 > 公共事業 > 土木1（除く災害復旧） > 下水道,index (2020年度平均 = 100),national,JP,日本,,,,116.5,,index_value,published_pdl,,,2024Q2,,mlit-deflator-tsuki-2607,deftsuki2020（四半期別）!AX43(見出しは右隣の系列。値はこの系列),https://www.mlit.go.jp/statistics/details/content/deftsuki_2607.xlsx,PDL1.0,,2020年度基準(2020年度平均=100)。2026年4月分の公表から2020年度基準に改定(原本注)。ウエイト項目に営業余剰や間接税(消費税を含む)等を含めない(原本注)。原本の期間表示「2024年 4-6月」(暦年の四半期)。2023年度以降は建設投資のウエイトに2020〜2022年度の平均値を暫定的に使用(原本注)。原本では1列右の見出しの下にある値。月別シートのこの系列の3か月平均と一致(差 0.03、0.1 以内)を確かめて、この系列に付け直した(2026-09-26 番人。付け直した 800 セルが全部一致)。
82b74ef6d26feab3,JP,index,建設工事費デフレーター（2020年度基準） 四半期別,災害復旧,建設総合 > 土木総合 > 公共事業 > 土木1（除く災害復旧） > 災害復旧,index (2020年度平均 = 100),national,JP,日本,,,,116.9,,index_value,published_pdl,,,2024Q2,,mlit-deflator-tsuki-2607,deftsuki2020（四半期別）!AY43(見出しは右隣の系列。値はこの系列),https://www.mlit.go.jp/statistics/details/content/deftsuki_2607.xlsx,PDL1.0,,2020年度基準(2020年度平均=100)。2026年4月分の公表から2020年度基準に改定(原本注)。ウエイト項目に営業余剰や間接税(消費税を含む)等を含めない(原本注)。原本の期間表示「2024年 4-6月」(暦年の四半期)。2023年度以降は建設投資のウエイトに2020〜2022年度の平均値を暫定的に使用(原本注)。原本では1列右の見出しの下にある値。月別シートのこの系列の3か月平均と一致(差 0.03、0.1 以内)を確かめて、この系列に付け直した(2026-09-26 番人。付け直した 800 セルが全部一致)。
581c8f274574fe31,JP,index,建設工事費デフレーター（2020年度基準） 四半期別,土木2,建設総合 > 土木総合 > 公共事業 > 土木2,index (2020年度平均 = 100),national,JP,日本,,,,116.8,,index_value,published_pdl,,,2024Q2,,mlit-deflator-tsuki-2607,deftsuki2020（四半期別）!AZ43(見出しは右隣の系列。値はこの系列),https://www.mlit.go.jp/statistics/details/content/deftsuki_2607.xlsx,PDL1.0,,2020年度基準(2020年度平均=100)。2026年4月分の公表から2020年度基準に改定(原本注)。ウエイト項目に営業余剰や間接税(消費税を含む)等を含めない(原本注)。原本の期間表示「2024年 4-6月」(暦年の四半期)。2023年度以降は建設投資のウエイトに2020〜2022年度の平均値を暫定的に使用(原本注)。原本では1列右の見出しの下にある値。月別シートのこの系列の3か月平均と一致(差 0.00、0.1 以内)を確かめて、この系列に付け直した(2026-09-26 番人。付け直した 800 セルが全部一致)。
9c94e2ee2857bd68,JP,index,建設工事費デフレーター（2020年度基準） 四半期別,港湾・漁港,建設総合 > 土木総合 > 公共事業 > 土木2 > 港湾・漁港,index (2020年度平均 = 100),national,JP,日本,,,,116.5,,index_value,published_pdl,,,2024Q2,,mlit-deflator-tsuki-2607,deftsuki2020（四半期別）!BA43(見出しは右隣の系列。値はこの系列),https://www.mlit.go.jp/statistics/details/content/deftsuki_2607.xlsx,PDL1.0,,2020年度基準(2020年度平均=100)。2026年4月分の公表から2020年度基準に改定(原本注)。ウエイト項目に営業余剰や間接税(消費税を含む)等を含めない(原本注)。原本の期間表示「2024年 4-6月」(暦年の四半期)。2023年度以降は建設投資のウエイトに2020〜2022年度の平均値を暫定的に使用(原本注)。原本では1列右の見出しの下にある値。月別シートのこの系列の3か月平均と一致(差 0.03、0.1 以内)を確かめて、この系列に付け直した(2026-09-26 番人。付け直した 800 セルが全部一致)。
a9a32e9b23caec48,JP,index,建設工事費デフレーター（2020年度基準） 四半期別,空港,建設総合 > 土木総合 > 公共事業 > 土木2 > 空港,index (2020年度平均 = 100),national,JP,日本,,,,112.1,,index_value,published_pdl,,,2024Q2,,mlit-deflator-tsuki-2607,deftsuki2020（四半期別）!BB43(見出しは右隣の系列。値はこの系列),https://www.mlit.go.jp/statistics/details/content/deftsuki_2607.xlsx,PDL1.0,,2020年度基準(2020年度平均=100)。2026年4月分の公表から2020年度基準に改定(原本注)。ウエイト項目に営業余剰や間接税(消費税を含む)等を含めない(原本注)。原本の期間表示「2024年 4-6月」(暦年の四半期)。2023年度以降は建設投資のウエイトに2020〜2022年度の平均値を暫定的に使用(原本注)。原本では1列右の見出しの下にある値。月別シートのこの系列の3か月平均と一致(差 0.00、0.1 以内)を確かめて、この系列に付け直した(2026-09-26 番人。付け直した 800 セルが全部一致)。
0b70ff5b131e3aba,JP,index,建設工事費デフレーター（2020年度基準） 四半期別,環境衛生,建設総合 > 土木総合 > 公共事業 > 土木2 > 環境衛生,index (2020年度平均 = 100),national,JP,日本,,,,117.6,,index_value,published_pdl,,,2024Q2,,mlit-deflator-tsuki-2607,deftsuki2020（四半期別）!BC43(見出しは右隣の系列。値はこの系列),https://www.mlit.go.jp/statistics/details/content/deftsuki_2607.xlsx,PDL1.0,,2020年度基準(2020年度平均=100)。2026年4月分の公表から2020年度基準に改定(原本注)。ウエイト項目に営業余剰や間接税(消費税を含む)等を含めない(原本注)。原本の期間表示「2024年 4-6月」(暦年の四半期)。2023年度以降は建設投資のウエイトに2020〜2022年度の平均値を暫定的に使用(原本注)。原本では1列右の見出しの下にある値。月別シートのこの系列の3か月平均と一致(差 0.07、0.1 以内)を確かめて、この系列に付け直した(2026-09-26 番人。付け直した 800 セルが全部一致)。
a87c41a7404f4f07,JP,index,建設工事費デフレーター（2020年度基準） 四半期別,農林関係公共事業,建設総合 > 土木総合 > 公共事業 > 土木2 > 農林関係公共事業,index (2020年度平均 = 100),national,JP,日本,,,,117.4,,index_value,published_pdl,,,2024Q2,,mlit-deflator-tsuki-2607,deftsuki2020（四半期別）!BD43(見出しは右隣の系列。値はこの系列),https://www.mlit.go.jp/statistics/details/content/deftsuki_2607.xlsx,PDL1.0,,2020年度基準(2020年度平均=100)。2026年4月分の公表から2020年度基準に改定(原本注)。ウエイト項目に営業余剰や間接税(消費税を含む)等を含めない(原本注)。原本の期間表示「2024年 4-6月」(暦年の四半期)。2023年度以降は建設投資のウエイトに2020〜2022年度の平均値を暫定的に使用(原本注)。原本では1列右の見出しの下にある値。月別シートのこの系列の3か月平均と一致(差 0.03、0.1 以内)を確かめて、この系列に付け直した(2026-09-26 番人。付け直した 800 セルが全部一致)。
b4e8dcac69e54a5c,JP,index,建設工事費デフレーター（2020年度基準） 四半期別,その他土木,建設総合 > 土木総合 > その他土木 (原本の列 BD。同じ表頭の列が2つある),index (2020年度平均 = 100),national,JP,日本,,,,117.5,,index_value,published_pdl,,,2024Q2,,mlit-deflator-tsuki-2607,deftsuki2020（四半期別）!BE43(見出しは右隣の系列。値はこの系列),https://www.mlit.go.jp/statistics/details/content/deftsuki_2607.xlsx,PDL1.0,,2020年度基準(2020年度平均=100)。2026年4月分の公表から2020年度基準に改定(原本注)。ウエイト項目に営業余剰や間接税(消費税を含む)等を含めない(原本注)。原本の期間表示「2024年 4-6月」(暦年の四半期)。2023年度以降は建設投資のウエイトに2020〜2022年度の平均値を暫定的に使用(原本注)。原本では1列右の見出しの下にある値。月別シートのこの系列の3か月平均と一致(差 0.00、0.1 以内)を確かめて、この系列に付け直した(2026-09-26 番人。付け直した 800 セルが全部一致)。
53995ba40059e47b,JP,index,建設工事費デフレーター（2020年度基準） 四半期別,鉄道軌道,建設総合 > 土木総合 > その他土木 > 鉄道軌道,index (2020年度平均 = 100),national,JP,日本,,,,119.8,,index_value,published_pdl,,,2024Q2,,mlit-deflator-tsuki-2607,deftsuki2020（四半期別）!BF43(見出しは右隣の系列。値はこの系列),https://www.mlit.go.jp/statistics/details/content/deftsuki_2607.xlsx,PDL1.0,,2020年度基準(2020年度平均=100)。2026年4月分の公表から2020年度基準に改定(原本注)。ウエイト項目に営業余剰や間接税(消費税を含む)等を含めない(原本注)。原本の期間表示「2024年 4-6月」(暦年の四半期)。2023年度以降は建設投資のウエイトに2020〜2022年度の平均値を暫定的に使用(原本注)。原本では1列右の見出しの下にある値。月別シートのこの系列の3か月平均と一致(差 0.03、0.1 以内)を確かめて、この系列に付け直した(2026-09-26 番人。付け直した 800 セルが全部一致)。
4735e59d98330882,JP,index,建設工事費デフレーター（2020年度基準） 四半期別,電力,建設総合 > 土木総合 > その他土木 > 電力,index (2020年度平均 = 100),national,JP,日本,,,,118.7,,index_value,published_pdl,,,2024Q2,,mlit-deflator-tsuki-2607,deftsuki2020（四半期別）!BG43(見出しは右隣の系列。値はこの系列),https://www.mlit.go.jp/statistics/details/content/deftsuki_2607.xlsx,PDL1.0,,2020年度基準(2020年度平均=100)。2026年4月分の公表から2020年度基準に改定(原本注)。ウエイト項目に営業余剰や間接税(消費税を含む)等を含めない(原本注)。原本の期間表示「2024年 4-6月」(暦年の四半期)。2023年度以降は建設投資のウエイトに2020〜2022年度の平均値を暫定的に使用(原本注)。原本では1列右の見出しの下にある値。月別シートのこの系列の3か月平均と一致(差 0.00、0.1 以内)を確かめて、この系列に付け直した(2026-09-26 番人。付け直した 800 セルが全部一致)。
62a309c24d701fd7,JP,index,建設工事費デフレーター（2020年度基準） 四半期別,電気通信,建設総合 > 土木総合 > その他土木 > 電気通信,index (2020年度平均 = 100),national,JP,日本,,,,115.3,,index_value,published_pdl,,,2024Q2,,mlit-deflator-tsuki-2607,deftsuki2020（四半期別）!BH43(見出しは右隣の系列。値はこの系列),https://www.mlit.go.jp/statistics/details/content/deftsuki_2607.xlsx,PDL1.0,,2020年度基準(2020年度平均=100)。2026年4月分の公表から2020年度基準に改定(原本注)。ウエイト項目に営業余剰や間接税(消費税を含む)等を含めない(原本注)。原本の期間表示「2024年 4-6月」(暦年の四半期)。2023年度以降は建設投資のウエイトに2020〜2022年度の平均値を暫定的に使用(原本注)。原本では1列右の見出しの下にある値。月別シートのこの系列の3か月平均と一致(差 0.03、0.1 以内)を確かめて、この系列に付け直した(2026-09-26 番人。付け直した 800 セルが全部一致)。
99a2f3d65c5d07b6,JP,index,建設工事費デフレーター（2020年度基準） 四半期別,上・工業用水道,建設総合 > 土木総合 > その他土木 > 上・工業用水道,index (2020年度平均 = 100),national,JP,日本,,,,117,,index_value,published_pdl,,,2024Q2,,mlit-deflator-tsuki-2607,deftsuki2020（四半期別）!BI43(見出しは右隣の系列。値はこの系列),https://www.mlit.go.jp/statistics/details/content/deftsuki_2607.xlsx,PDL1.0,,2020年度基準(2020年度平均=100)。2026年4月分の公表から2020年度基準に改定(原本注)。ウエイト項目に営業余剰や間接税(消費税を含む)等を含めない(原本注)。原本の期間表示「2024年 4-6月」(暦年の四半期)。2023年度以降は建設投資のウエイトに2020〜2022年度の平均値を暫定的に使用(原本注)。原本では1列右の見出しの下にある値。月別シートのこの系列の3か月平均と一致(差 0.00、0.1 以内)を確かめて、この系列に付け直した(2026-09-26 番人。付け直した 800 セルが全部一致)。
fe969b2e97106877,JP,index,建設工事費デフレーター（2020年度基準） 四半期別,土地造成,建設総合 > 土木総合 > その他土木 > 土地造成,index (2020年度平均 = 100),national,JP,日本,,,,115.3,,index_value,published_pdl,,,2024Q2,,mlit-deflator-tsuki-2607,deftsuki2020（四半期別）!BJ43(見出しは右隣の系列。値はこの系列),https://www.mlit.go.jp/statistics/details/content/deftsuki_2607.xlsx,PDL1.0,,2020年度基準(2020年度平均=100)。2026年4月分の公表から2020年度基準に改定(原本注)。ウエイト項目に営業余剰や間接税(消費税を含む)等を含めない(原本注)。原本の期間表示「2024年 4-6月」(暦年の四半期)。2023年度以降は建設投資のウエイトに2020〜2022年度の平均値を暫定的に使用(原本注)。原本では1列右の見出しの下にある値。月別シートのこの系列の3か月平均と一致(差 0.07、0.1 以内)を確かめて、この系列に付け直した(2026-09-26 番人。付け直した 800 セルが全部一致)。
627c818817888bef,JP,index,建設工事費デフレーター（2020年度基準） 四半期別,その他土木,建設総合 > 土木総合 > その他土木 (原本の列 BJ。同じ表頭の列が2つある),index (2020年度平均 = 100),national,JP,日本,,,,116.4,,index_value,published_pdl,,,2024Q2,,mlit-deflator-tsuki-2607,deftsuki2020（四半期別）!BK43(見出しは右隣の系列。値はこの系列),https://www.mlit.go.jp/statistics/details/content/deftsuki_2607.xlsx,PDL1.0,,2020年度基準(2020年度平均=100)。2026年4月分の公表から2020年度基準に改定(原本注)。ウエイト項目に営業余剰や間接税(消費税を含む)等を含めない(原本注)。原本の期間表示「2024年 4-6月」(暦年の四半期)。2023年度以降は建設投資のウエイトに2020〜2022年度の平均値を暫定的に使用(原本注)。原本では1列右の見出しの下にある値。月別シートのこの系列の3か月平均と一致(差 0.03、0.1 以内)を確かめて、この系列に付け直した(2026-09-26 番人。付け直した 800 セルが全部一致)。
76733cb9bdb82fc8,JP,index,建設工事費デフレーター（2020年度基準） 四半期別,W在来住宅,W在来住宅,index (2020年度平均 = 100),national,JP,日本,,,,118.2,,index_value,published_pdl,,,2024Q2,,mlit-deflator-tsuki-2607,deftsuki2020（四半期別）!BL43(見出しは右隣の系列。値はこの系列),https://www.mlit.go.jp/statistics/details/content/deftsuki_2607.xlsx,PDL1.0,,2020年度基準(2020年度平均=100)。2026年4月分の公表から2020年度基準に改定(原本注)。ウエイト項目に営業余剰や間接税(消費税を含む)等を含めない(原本注)。原本の期間表示「2024年 4-6月」(暦年の四半期)。2023年度以降は建設投資のウエイトに2020〜2022年度の平均値を暫定的に使用(原本注)。原本では1列右の見出しの下にある値。月別シートのこの系列の3か月平均と一致(差 0.03、0.1 以内)を確かめて、この系列に付け直した(2026-09-26 番人。付け直した 800 セルが全部一致)。
76a4384661443e5a,JP,index,建設工事費デフレーター（2020年度基準） 四半期別,W量産住宅,W量産住宅,index (2020年度平均 = 100),national,JP,日本,,,,119.6,,index_value,published_pdl,,,2024Q2,,mlit-deflator-tsuki-2607,deftsuki2020（四半期別）!BM43(見出しは右隣の系列。値はこの系列),https://www.mlit.go.jp/statistics/details/content/deftsuki_2607.xlsx,PDL1.0,,2020年度基準(2020年度平均=100)。2026年4月分の公表から2020年度基準に改定(原本注)。ウエイト項目に営業余剰や間接税(消費税を含む)等を含めない(原本注)。原本の期間表示「2024年 4-6月」(暦年の四半期)。2023年度以降は建設投資のウエイトに2020〜2022年度の平均値を暫定的に使用(原本注)。原本では1列右の見出しの下にある値。月別シートのこの系列の3か月平均と一致(差 0.00、0.1 以内)を確かめて、この系列に付け直した(2026-09-26 番人。付け直した 800 セルが全部一致)。
6ac773bc5020409f,JP,index,建設工事費デフレーター（2020年度基準） 四半期別,RC在来住宅,RC在来住宅,index (2020年度平均 = 100),national,JP,日本,,,,118.2,,index_value,published_pdl,,,2024Q2,,mlit-deflator-tsuki-2607,deftsuki2020（四半期別）!BN43(見出しは右隣の系列。値はこの系列),https://www.mlit.go.jp/statistics/details/content/deftsuki_2607.xlsx,PDL1.0,,2020年度基準(2020年度平均=100)。2026年4月分の公表から2020年度基準に改定(原本注)。ウエイト項目に営業余剰や間接税(消費税を含む)等を含めない(原本注)。原本の期間表示「2024年 4-6月」(暦年の四半期)。2023年度以降は建設投資のウエイトに2020〜2022年度の平均値を暫定的に使用(原本注)。原本では1列右の見出しの下にある値。月別シートのこの系列の3か月平均と一致(差 0.00、0.1 以内)を確かめて、この系列に付け直した(2026-09-26 番人。付け直した 800 セルが全部一致)。
b7df2bd1636daec6,JP,index,建設工事費デフレーター（2020年度基準） 四半期別,RC量産住宅,RC量産住宅,index (2020年度平均 = 100),national,JP,日本,,,,117.9,,index_value,published_pdl,,,2024Q2,,mlit-deflator-tsuki-2607,deftsuki2020（四半期別）!BO43(見出しは右隣の系列。値はこの系列),https://www.mlit.go.jp/statistics/details/content/deftsuki_2607.xlsx,PDL1.0,,2020年度基準(2020年度平均=100)。2026年4月分の公表から2020年度基準に改定(原本注)。ウエイト項目に営業余剰や間接税(消費税を含む)等を含めない(原本注)。原本の期間表示「2024年 4-6月」(暦年の四半期)。2023年度以降は建設投資のウエイトに2020〜2022年度の平均値を暫定的に使用(原本注)。原本では1列右の見出しの下にある値。月別シートのこの系列の3か月平均と一致(差 0.00、0.1 以内)を確かめて、この系列に付け直した(2026-09-26 番人。付け直した 800 セルが全部一致)。
b63480524af95de9,JP,index,建設工事費デフレーター（2020年度基準） 四半期別,S在来住宅,S在来住宅,index (2020年度平均 = 100),national,JP,日本,,,,119,,index_value,published_pdl,,,2024Q2,,mlit-deflator-tsuki-2607,deftsuki2020（四半期別）!BP43(見出しは右隣の系列。値はこの系列),https://www.mlit.go.jp/statistics/details/content/deftsuki_2607.xlsx,PDL1.0,,2020年度基準(2020年度平均=100)。2026年4月分の公表から2020年度基準に改定(原本注)。ウエイト項目に営業余剰や間接税(消費税を含む)等を含めない(原本注)。原本の期間表示「2024年 4-6月」(暦年の四半期)。2023年度以降は建設投資のウエイトに2020〜2022年度の平均値を暫定的に使用(原本注)。原本では1列右の見出しの下にある値。月別シートのこの系列の3か月平均と一致(差 0.03、0.1 以内)を確かめて、この系列に付け直した(2026-09-26 番人。付け直した 800 セルが全部一致)。
a4fa8407d6cedd5d,JP,index,建設工事費デフレーター（2020年度基準） 四半期別,S量産住宅,S量産住宅,index (2020年度平均 = 100),national,JP,日本,,,,121.3,,index_value,published_pdl,,,2024Q2,,mlit-deflator-tsuki-2607,deftsuki2020（四半期別）!BQ43(見出しは右隣の系列。値はこの系列),https://www.mlit.go.jp/statistics/details/content/deftsuki_2607.xlsx,PDL1.0,,2020年度基準(2020年度平均=100)。2026年4月分の公表から2020年度基準に改定(原本注)。ウエイト項目に営業余剰や間接税(消費税を含む)等を含めない(原本注)。原本の期間表示「2024年 4-6月」(暦年の四半期)。2023年度以降は建設投資のウエイトに2020〜2022年度の平均値を暫定的に使用(原本注)。原本では1列右の見出しの下にある値。月別シートのこの系列の3か月平均と一致(差 0.03、0.1 以内)を確かめて、この系列に付け直した(2026-09-26 番人。付け直した 800 セルが全部一致)。
a218c70446e2d86e,JP,index,建設工事費デフレーター（2020年度基準） 四半期別,W工場・倉庫,W工場・倉庫,index (2020年度平均 = 100),national,JP,日本,,,,117.6,,index_value,published_pdl,,,2024Q2,,mlit-deflator-tsuki-2607,deftsuki2020（四半期別）!BR43(見出しは右隣の系列。値はこの系列),https://www.mlit.go.jp/statistics/details/content/deftsuki_2607.xlsx,PDL1.0,,2020年度基準(2020年度平均=100)。2026年4月分の公表から2020年度基準に改定(原本注)。ウエイト項目に営業余剰や間接税(消費税を含む)等を含めない(原本注)。原本の期間表示「2024年 4-6月」(暦年の四半期)。2023年度以降は建設投資のウエイトに2020〜2022年度の平均値を暫定的に使用(原本注)。原本では1列右の見出しの下にある値。月別シートのこの系列の3か月平均と一致(差 0.00、0.1 以内)を確かめて、この系列に付け直した(2026-09-26 番人。付け直した 800 セルが全部一致)。
786edbcee42dbe72,JP,index,建設工事費デフレーター（2020年度基準） 四半期別,W事務所・その他,W事務所・その他,index (2020年度平均 = 100),national,JP,日本,,,,117.2,,index_value,published_pdl,,,2024Q2,,mlit-deflator-tsuki-2607,deftsuki2020（四半期別）!BS43(見出しは右隣の系列。値はこの系列),https://www.mlit.go.jp/statistics/details/content/deftsuki_2607.xlsx,PDL1.0,,2020年度基準(2020年度平均=100)。2026年4月分の公表から2020年度基準に改定(原本注)。ウエイト項目に営業余剰や間接税(消費税を含む)等を含めない(原本注)。原本の期間表示「2024年 4-6月」(暦年の四半期)。2023年度以降は建設投資のウエイトに2020〜2022年度の平均値を暫定的に使用(原本注)。原本では1列右の見出しの下にある値。月別シートのこの系列の3か月平均と一致(差 0.00、0.1 以内)を確かめて、この系列に付け直した(2026-09-26 番人。付け直した 800 セルが全部一致)。
e114438ced62522e,JP,index,建設工事費デフレーター（2020年度基準） 四半期別,SRC工場・倉庫,SRC工場・倉庫,index (2020年度平均 = 100),national,JP,日本,,,,118.3,,index_value,published_pdl,,,2024Q2,,mlit-deflator-tsuki-2607,deftsuki2020（四半期別）!BT43(見出しは右隣の系列。値はこの系列),https://www.mlit.go.jp/statistics/details/content/deftsuki_2607.xlsx,PDL1.0,,2020年度基準(2020年度平均=100)。2026年4月分の公表から2020年度基準に改定(原本注)。ウエイト項目に営業余剰や間接税(消費税を含む)等を含めない(原本注)。原本の期間表示「2024年 4-6月」(暦年の四半期)。2023年度以降は建設投資のウエイトに2020〜2022年度の平均値を暫定的に使用(原本注)。原本では1列右の見出しの下にある値。月別シートのこの系列の3か月平均と一致(差 0.03、0.1 以内)を確かめて、この系列に付け直した(2026-09-26 番人。付け直した 800 セルが全部一致)。
2c8ae0b5040876bf,JP,index,建設工事費デフレーター（2020年度基準） 四半期別,SRC事務所・その他,SRC事務所・その他,index (2020年度平均 = 100),national,JP,日本,,,,116.9,,index_value,published_pdl,,,2024Q2,,mlit-deflator-tsuki-2607,deftsuki2020（四半期別）!BU43(見出しは右隣の系列。値はこの系列),https://www.mlit.go.jp/statistics/details/content/deftsuki_2607.xlsx,PDL1.0,,2020年度基準(2020年度平均=100)。2026年4月分の公表から2020年度基準に改定(原本注)。ウエイト項目に営業余剰や間接税(消費税を含む)等を含めない(原本注)。原本の期間表示「2024年 4-6月」(暦年の四半期)。2023年度以降は建設投資のウエイトに2020〜2022年度の平均値を暫定的に使用(原本注)。原本では1列右の見出しの下にある値。月別シートのこの系列の3か月平均と一致(差 0.07、0.1 以内)を確かめて、この系列に付け直した(2026-09-26 番人。付け直した 800 セルが全部一致)。
b8115ce5fede23d7,JP,index,建設工事費デフレーター（2020年度基準） 四半期別,RC工場・倉庫,RC工場・倉庫,index (2020年度平均 = 100),national,JP,日本,,,,117.9,,index_value,published_pdl,,,2024Q2,,mlit-deflator-tsuki-2607,deftsuki2020（四半期別）!BV43(見出しは右隣の系列。値はこの系列),https://www.mlit.go.jp/statistics/details/content/deftsuki_2607.xlsx,PDL1.0,,2020年度基準(2020年度平均=100)。2026年4月分の公表から2020年度基準に改定(原本注)。ウエイト項目に営業余剰や間接税(消費税を含む)等を含めない(原本注)。原本の期間表示「2024年 4-6月」(暦年の四半期)。2023年度以降は建設投資のウエイトに2020〜2022年度の平均値を暫定的に使用(原本注)。原本では1列右の見出しの下にある値。月別シートのこの系列の3か月平均と一致(差 0.00、0.1 以内)を確かめて、この系列に付け直した(2026-09-26 番人。付け直した 800 セルが全部一致)。
dc4a270582cd3943,JP,index,建設工事費デフレーター（2020年度基準） 四半期別,RC学校,RC学校,index (2020年度平均 = 100),national,JP,日本,,,,117.2,,index_value,published_pdl,,,2024Q2,,mlit-deflator-tsuki-2607,deftsuki2020（四半期別）!BW43(見出しは右隣の系列。値はこの系列),https://www.mlit.go.jp/statistics/details/content/deftsuki_2607.xlsx,PDL1.0,,2020年度基準(2020年度平均=100)。2026年4月分の公表から2020年度基準に改定(原本注)。ウエイト項目に営業余剰や間接税(消費税を含む)等を含めない(原本注)。原本の期間表示「2024年 4-6月」(暦年の四半期)。2023年度以降は建設投資のウエイトに2020〜2022年度の平均値を暫定的に使用(原本注)。原本では1列右の見出しの下にある値。月別シートのこの系列の3か月平均と一致(差 0.03、0.1 以内)を確かめて、この系列に付け直した(2026-09-26 番人。付け直した 800 セルが全部一致)。
709e834f59388b8b,JP,index,建設工事費デフレーター（2020年度基準） 四半期別,RC事務所・その他,RC事務所・その他,index (2020年度平均 = 100),national,JP,日本,,,,117.4,,index_value,published_pdl,,,2024Q2,,mlit-deflator-tsuki-2607,deftsuki2020（四半期別）!BX43(見出しは右隣の系列。値はこの系列),https://www.mlit.go.jp/statistics/details/content/deftsuki_2607.xlsx,PDL1.0,,2020年度基準(2020年度平均=100)。2026年4月分の公表から2020年度基準に改定(原本注)。ウエイト項目に営業余剰や間接税(消費税を含む)等を含めない(原本注)。原本の期間表示「2024年 4-6月」(暦年の四半期)。2023年度以降は建設投資のウエイトに2020〜2022年度の平均値を暫定的に使用(原本注)。原本では1列右の見出しの下にある値。月別シートのこの系列の3か月平均と一致(差 0.03、0.1 以内)を確かめて、この系列に付け直した(2026-09-26 番人。付け直した 800 セルが全部一致)。
b0c1950746c2e4ae,JP,index,建設工事費デフレーター（2020年度基準） 四半期別,S工場・倉庫,S工場・倉庫,index (2020年度平均 = 100),national,JP,日本,,,,118.2,,index_value,published_pdl,,,2024Q2,,mlit-deflator-tsuki-2607,deftsuki2020（四半期別）!BY43(見出しは右隣の系列。値はこの系列),https://www.mlit.go.jp/statistics/details/content/deftsuki_2607.xlsx,PDL1.0,,2020年度基準(2020年度平均=100)。2026年4月分の公表から2020年度基準に改定(原本注)。ウエイト項目に営業余剰や間接税(消費税を含む)等を含めない(原本注)。原本の期間表示「2024年 4-6月」(暦年の四半期)。2023年度以降は建設投資のウエイトに2020〜2022年度の平均値を暫定的に使用(原本注)。原本では1列右の見出しの下にある値。月別シートのこの系列の3か月平均と一致(差 0.03、0.1 以内)を確かめて、この系列に付け直した(2026-09-26 番人。付け直した 800 セルが全部一致)。
be8a4691092e7389,JP,index,建設工事費デフレーター（2020年度基準） 四半期別,S事務所・その他,S事務所・その他,index (2020年度平均 = 100),national,JP,日本,,,,,,index_value,not_set,,,2024Q2,,mlit-deflator-tsuki-2607,,https://www.mlit.go.jp/statistics/details/content/deftsuki_2607.xlsx,PDL1.0,,2020年度基準(2020年度平均=100)。2026年4月分の公表から2020年度基準に改定(原本注)。ウエイト項目に営業余剰や間接税(消費税を含む)等を含めない(原本注)。原本の期間表示「2024年 4-6月」(暦年の四半期)。2023年度以降は建設投資のウエイトに2020〜2022年度の平均値を暫定的に使用(原本注)。原本の四半期別では、列ずれのため、この系列のこの期間の値がどの列にも無い(2026-09-26 番人)。月別シートの値はある。
80ef868e2ba8496f,JP,index,建設工事費デフレーター（2020年度基準） 四半期別,地方道路公社等,建設総合 > 土木総合 > 公共事業 > 土木1（除く災害復旧） > 道路総合 > 有料道路 > 地方道路公社等,index (2020年度平均 = 100),national,JP,日本,,,,117.6,,index_value,published_pdl,,,2024Q3,,mlit-deflator-tsuki-2607,deftsuki2020（四半期別）!AT44(見出しは右隣の系列。値はこの系列),https://www.mlit.go.jp/statistics/details/content/deftsuki_2607.xlsx,PDL1.0,,2020年度基準(2020年度平均=100)。2026年4月分の公表から2020年度基準に改定(原本注)。ウエイト項目に営業余剰や間接税(消費税を含む)等を含めない(原本注)。原本の期間表示「2024年 7-9月」(暦年の四半期)。2023年度以降は建設投資のウエイトに2020〜2022年度の平均値を暫定的に使用(原本注)。原本では1列右の見出しの下にある値。月別シートのこの系列の3か月平均と一致(差 0.07、0.1 以内)を確かめて、この系列に付け直した(2026-09-26 番人。付け直した 800 セルが全部一致)。
0e8fd6045980f04e,JP,index,建設工事費デフレーター（2020年度基準） 四半期別,道路2（再掲）,建設総合 > 土木総合 > 公共事業 > 土木1（除く災害復旧） > 道路2（再掲）,index (2020年度平均 = 100),national,JP,日本,,,,118.2,,index_value,published_pdl,,,2024Q3,,mlit-deflator-tsuki-2607,deftsuki2020（四半期別）!AU44(見出しは右隣の系列。値はこの系列),https://www.mlit.go.jp/statistics/details/content/deftsuki_2607.xlsx,PDL1.0,,2020年度基準(2020年度平均=100)。2026年4月分の公表から2020年度基準に改定(原本注)。ウエイト項目に営業余剰や間接税(消費税を含む)等を含めない(原本注)。原本の期間表示「2024年 7-9月」(暦年の四半期)。2023年度以降は建設投資のウエイトに2020〜2022年度の平均値を暫定的に使用(原本注)。原本では1列右の見出しの下にある値。月別シートのこの系列の3か月平均と一致(差 0.00、0.1 以内)を確かめて、この系列に付け直した(2026-09-26 番人。付け直した 800 セルが全部一致)。
f5a6a9ec884b6d47,JP,index,建設工事費デフレーター（2020年度基準） 四半期別,街路2（再掲）,建設総合 > 土木総合 > 公共事業 > 土木1（除く災害復旧） > 街路2（再掲）,index (2020年度平均 = 100),national,JP,日本,,,,117.9,,index_value,published_pdl,,,2024Q3,,mlit-deflator-tsuki-2607,deftsuki2020（四半期別）!AV44(見出しは右隣の系列。値はこの系列),https://www.mlit.go.jp/statistics/details/content/deftsuki_2607.xlsx,PDL1.0,,2020年度基準(2020年度平均=100)。2026年4月分の公表から2020年度基準に改定(原本注)。ウエイト項目に営業余剰や間接税(消費税を含む)等を含めない(原本注)。原本の期間表示「2024年 7-9月」(暦年の四半期)。2023年度以降は建設投資のウエイトに2020〜2022年度の平均値を暫定的に使用(原本注)。原本では1列右の見出しの下にある値。月別シートのこの系列の3か月平均と一致(差 0.00、0.1 以内)を確かめて、この系列に付け直した(2026-09-26 番人。付け直した 800 セルが全部一致)。
d31f0d6aff19ba66,JP,index,建設工事費デフレーター（2020年度基準） 四半期別,公園,建設総合 > 土木総合 > 公共事業 > 土木1（除く災害復旧） > 公園,index (2020年度平均 = 100),national,JP,日本,,,,115.7,,index_value,published_pdl,,,2024Q3,,mlit-deflator-tsuki-2607,deftsuki2020（四半期別）!AW44(見出しは右隣の系列。値はこの系列),https://www.mlit.go.jp/statistics/details/content/deftsuki_2607.xlsx,PDL1.0,,2020年度基準(2020年度平均=100)。2026年4月分の公表から2020年度基準に改定(原本注)。ウエイト項目に営業余剰や間接税(消費税を含む)等を含めない(原本注)。原本の期間表示「2024年 7-9月」(暦年の四半期)。2023年度以降は建設投資のウエイトに2020〜2022年度の平均値を暫定的に使用(原本注)。原本では1列右の見出しの下にある値。月別シートのこの系列の3か月平均と一致(差 0.03、0.1 以内)を確かめて、この系列に付け直した(2026-09-26 番人。付け直した 800 セルが全部一致)。
a72b0a05487931c4,JP,index,建設工事費デフレーター（2020年度基準） 四半期別,下水道,建設総合 > 土木総合 > 公共事業 > 土木1（除く災害復旧） > 下水道,index (2020年度平均 = 100),national,JP,日本,,,,117.2,,index_value,published_pdl,,,2024Q3,,mlit-deflator-tsuki-2607,deftsuki2020（四半期別）!AX44(見出しは右隣の系列。値はこの系列),https://www.mlit.go.jp/statistics/details/content/deftsuki_2607.xlsx,PDL1.0,,2020年度基準(2020年度平均=100)。2026年4月分の公表から2020年度基準に改定(原本注)。ウエイト項目に営業余剰や間接税(消費税を含む)等を含めない(原本注)。原本の期間表示「2024年 7-9月」(暦年の四半期)。2023年度以降は建設投資のウエイトに2020〜2022年度の平均値を暫定的に使用(原本注)。原本では1列右の見出しの下にある値。月別シートのこの系列の3か月平均と一致(差 0.00、0.1 以内)を確かめて、この系列に付け直した(2026-09-26 番人。付け直した 800 セルが全部一致)。
43b2616513c1e0bf,JP,index,建設工事費デフレーター（2020年度基準） 四半期別,災害復旧,建設総合 > 土木総合 > 公共事業 > 土木1（除く災害復旧） > 災害復旧,index (2020年度平均 = 100),national,JP,日本,,,,117.5,,index_value,published_pdl,,,2024Q3,,mlit-deflator-tsuki-2607,deftsuki2020（四半期別）!AY44(見出しは右隣の系列。値はこの系列),https://www.mlit.go.jp/statistics/details/content/deftsuki_2607.xlsx,PDL1.0,,2020年度基準(2020年度平均=100)。2026年4月分の公表から2020年度基準に改定(原本注)。ウエイト項目に営業余剰や間接税(消費税を含む)等を含めない(原本注)。原本の期間表示「2024年 7-9月」(暦年の四半期)。2023年度以降は建設投資のウエイトに2020〜2022年度の平均値を暫定的に使用(原本注)。原本では1列右の見出しの下にある値。月別シートのこの系列の3か月平均と一致(差 0.00、0.1 以内)を確かめて、この系列に付け直した(2026-09-26 番人。付け直した 800 セルが全部一致)。
1cca647ece7d222a,JP,index,建設工事費デフレーター（2020年度基準） 四半期別,土木2,建設総合 > 土木総合 > 公共事業 > 土木2,index (2020年度平均 = 100),national,JP,日本,,,,117.5,,index_value,published_pdl,,,2024Q3,,mlit-deflator-tsuki-2607,deftsuki2020（四半期別）!AZ44(見出しは右隣の系列。値はこの系列),https://www.mlit.go.jp/statistics/details/content/deftsuki_2607.xlsx,PDL1.0,,2020年度基準(2020年度平均=100)。2026年4月分の公表から2020年度基準に改定(原本注)。ウエイト項目に営業余剰や間接税(消費税を含む)等を含めない(原本注)。原本の期間表示「2024年 7-9月」(暦年の四半期)。2023年度以降は建設投資のウエイトに2020〜2022年度の平均値を暫定的に使用(原本注)。原本では1列右の見出しの下にある値。月別シートのこの系列の3か月平均と一致(差 0.03、0.1 以内)を確かめて、この系列に付け直した(2026-09-26 番人。付け直した 800 セルが全部一致)。
ab7573d1da7657b5,JP,index,建設工事費デフレーター（2020年度基準） 四半期別,港湾・漁港,建設総合 > 土木総合 > 公共事業 > 土木2 > 港湾・漁港,index (2020年度平均 = 100),national,JP,日本,,,,117.4,,index_value,published_pdl,,,2024Q3,,mlit-deflator-tsuki-2607,deftsuki2020（四半期別）!BA44(見出しは右隣の系列。値はこの系列),https://www.mlit.go.jp/statistics/details/content/deftsuki_2607.xlsx,PDL1.0,,2020年度基準(2020年度平均=100)。2026年4月分の公表から2020年度基準に改定(原本注)。ウエイト項目に営業余剰や間接税(消費税を含む)等を含めない(原本注)。原本の期間表示「2024年 7-9月」(暦年の四半期)。2023年度以降は建設投資のウエイトに2020〜2022年度の平均値を暫定的に使用(原本注)。原本では1列右の見出しの下にある値。月別シートのこの系列の3か月平均と一致(差 0.03、0.1 以内)を確かめて、この系列に付け直した(2026-09-26 番人。付け直した 800 セルが全部一致)。
b3bda5b1a3cb83f8,JP,index,建設工事費デフレーター（2020年度基準） 四半期別,空港,建設総合 > 土木総合 > 公共事業 > 土木2 > 空港,index (2020年度平均 = 100),national,JP,日本,,,,112.9,,index_value,published_pdl,,,2024Q3,,mlit-deflator-tsuki-2607,deftsuki2020（四半期別）!BB44(見出しは右隣の系列。値はこの系列),https://www.mlit.go.jp/statistics/details/content/deftsuki_2607.xlsx,PDL1.0,,2020年度基準(2020年度平均=100)。2026年4月分の公表から2020年度基準に改定(原本注)。ウエイト項目に営業余剰や間接税(消費税を含む)等を含めない(原本注)。原本の期間表示「2024年 7-9月」(暦年の四半期)。2023年度以降は建設投資のウエイトに2020〜2022年度の平均値を暫定的に使用(原本注)。原本では1列右の見出しの下にある値。月別シートのこの系列の3か月平均と一致(差 0.03、0.1 以内)を確かめて、この系列に付け直した(2026-09-26 番人。付け直した 800 セルが全部一致)。
330eb479ccb0cf81,JP,index,建設工事費デフレーター（2020年度基準） 四半期別,環境衛生,建設総合 > 土木総合 > 公共事業 > 土木2 > 環境衛生,index (2020年度平均 = 100),national,JP,日本,,,,118.2,,index_value,published_pdl,,,2024Q3,,mlit-deflator-tsuki-2607,deftsuki2020（四半期別）!BC44(見出しは右隣の系列。値はこの系列),https://www.mlit.go.jp/statistics/details/content/deftsuki_2607.xlsx,PDL1.0,,2020年度基準(2020年度平均=100)。2026年4月分の公表から2020年度基準に改定(原本注)。ウエイト項目に営業余剰や間接税(消費税を含む)等を含めない(原本注)。原本の期間表示「2024年 7-9月」(暦年の四半期)。2023年度以降は建設投資のウエイトに2020〜2022年度の平均値を暫定的に使用(原本注)。原本では1列右の見出しの下にある値。月別シートのこの系列の3か月平均と一致(差 0.07、0.1 以内)を確かめて、この系列に付け直した(2026-09-26 番人。付け直した 800 セルが全部一致)。
50634d618cb5a037,JP,index,建設工事費デフレーター（2020年度基準） 四半期別,農林関係公共事業,建設総合 > 土木総合 > 公共事業 > 土木2 > 農林関係公共事業,index (2020年度平均 = 100),national,JP,日本,,,,118.1,,index_value,published_pdl,,,2024Q3,,mlit-deflator-tsuki-2607,deftsuki2020（四半期別）!BD44(見出しは右隣の系列。値はこの系列),https://www.mlit.go.jp/statistics/details/content/deftsuki_2607.xlsx,PDL1.0,,2020年度基準(2020年度平均=100)。2026年4月分の公表から2020年度基準に改定(原本注)。ウエイト項目に営業余剰や間接税(消費税を含む)等を含めない(原本注)。原本の期間表示「2024年 7-9月」(暦年の四半期)。2023年度以降は建設投資のウエイトに2020〜2022年度の平均値を暫定的に使用(原本注)。原本では1列右の見出しの下にある値。月別シートのこの系列の3か月平均と一致(差 0.03、0.1 以内)を確かめて、この系列に付け直した(2026-09-26 番人。付け直した 800 セルが全部一致)。
a83cc42da4c365a7,JP,index,建設工事費デフレーター（2020年度基準） 四半期別,その他土木,建設総合 > 土木総合 > その他土木 (原本の列 BD。同じ表頭の列が2つある),index (2020年度平均 = 100),national,JP,日本,,,,117.9,,index_value,published_pdl,,,2024Q3,,mlit-deflator-tsuki-2607,deftsuki2020（四半期別）!BE44(見出しは右隣の系列。値はこの系列),https://www.mlit.go.jp/statistics/details/content/deftsuki_2607.xlsx,PDL1.0,,2020年度基準(2020年度平均=100)。2026年4月分の公表から2020年度基準に改定(原本注)。ウエイト項目に営業余剰や間接税(消費税を含む)等を含めない(原本注)。原本の期間表示「2024年 7-9月」(暦年の四半期)。2023年度以降は建設投資のウエイトに2020〜2022年度の平均値を暫定的に使用(原本注)。原本では1列右の見出しの下にある値。月別シートのこの系列の3か月平均と一致(差 0.00、0.1 以内)を確かめて、この系列に付け直した(2026-09-26 番人。付け直した 800 セルが全部一致)。
650e5637dcbe2b30,JP,index,建設工事費デフレーター（2020年度基準） 四半期別,鉄道軌道,建設総合 > 土木総合 > その他土木 > 鉄道軌道,index (2020年度平均 = 100),national,JP,日本,,,,120,,index_value,published_pdl,,,2024Q3,,mlit-deflator-tsuki-2607,deftsuki2020（四半期別）!BF44(見出しは右隣の系列。値はこの系列),https://www.mlit.go.jp/statistics/details/content/deftsuki_2607.xlsx,PDL1.0,,2020年度基準(2020年度平均=100)。2026年4月分の公表から2020年度基準に改定(原本注)。ウエイト項目に営業余剰や間接税(消費税を含む)等を含めない(原本注)。原本の期間表示「2024年 7-9月」(暦年の四半期)。2023年度以降は建設投資のウエイトに2020〜2022年度の平均値を暫定的に使用(原本注)。原本では1列右の見出しの下にある値。月別シートのこの系列の3か月平均と一致(差 0.00、0.1 以内)を確かめて、この系列に付け直した(2026-09-26 番人。付け直した 800 セルが全部一致)。
4cab3883ca85376e,JP,index,建設工事費デフレーター（2020年度基準） 四半期別,電力,建設総合 > 土木総合 > その他土木 > 電力,index (2020年度平均 = 100),national,JP,日本,,,,118.7,,index_value,published_pdl,,,2024Q3,,mlit-deflator-tsuki-2607,deftsuki2020（四半期別）!BG44(見出しは右隣の系列。値はこの系列),https://www.mlit.go.jp/statistics/details/content/deftsuki_2607.xlsx,PDL1.0,,2020年度基準(2020年度平均=100)。2026年4月分の公表から2020年度基準に改定(原本注)。ウエイト項目に営業余剰や間接税(消費税を含む)等を含めない(原本注)。原本の期間表示「2024年 7-9月」(暦年の四半期)。2023年度以降は建設投資のウエイトに2020〜2022年度の平均値を暫定的に使用(原本注)。原本では1列右の見出しの下にある値。月別シートのこの系列の3か月平均と一致(差 0.00、0.1 以内)を確かめて、この系列に付け直した(2026-09-26 番人。付け直した 800 セルが全部一致)。
52725b3fc00f423c,JP,index,建設工事費デフレーター（2020年度基準） 四半期別,電気通信,建設総合 > 土木総合 > その他土木 > 電気通信,index (2020年度平均 = 100),national,JP,日本,,,,115.6,,index_value,published_pdl,,,2024Q3,,mlit-deflator-tsuki-2607,deftsuki2020（四半期別）!BH44(見出しは右隣の系列。値はこの系列),https://www.mlit.go.jp/statistics/details/content/deftsuki_2607.xlsx,PDL1.0,,2020年度基準(2020年度平均=100)。2026年4月分の公表から2020年度基準に改定(原本注)。ウエイト項目に営業余剰や間接税(消費税を含む)等を含めない(原本注)。原本の期間表示「2024年 7-9月」(暦年の四半期)。2023年度以降は建設投資のウエイトに2020〜2022年度の平均値を暫定的に使用(原本注)。原本では1列右の見出しの下にある値。月別シートのこの系列の3か月平均と一致(差 0.00、0.1 以内)を確かめて、この系列に付け直した(2026-09-26 番人。付け直した 800 セルが全部一致)。
fd61efd5063e098b,JP,index,建設工事費デフレーター（2020年度基準） 四半期別,上・工業用水道,建設総合 > 土木総合 > その他土木 > 上・工業用水道,index (2020年度平均 = 100),national,JP,日本,,,,117.6,,index_value,published_pdl,,,2024Q3,,mlit-deflator-tsuki-2607,deftsuki2020（四半期別）!BI44(見出しは右隣の系列。値はこの系列),https://www.mlit.go.jp/statistics/details/content/deftsuki_2607.xlsx,PDL1.0,,2020年度基準(2020年度平均=100)。2026年4月分の公表から2020年度基準に改定(原本注)。ウエイト項目に営業余剰や間接税(消費税を含む)等を含めない(原本注)。原本の期間表示「2024年 7-9月」(暦年の四半期)。2023年度以降は建設投資のウエイトに2020〜2022年度の平均値を暫定的に使用(原本注)。原本では1列右の見出しの下にある値。月別シートのこの系列の3か月平均と一致(差 0.00、0.1 以内)を確かめて、この系列に付け直した(2026-09-26 番人。付け直した 800 セルが全部一致)。
bbe4d6eb6ca046b5,JP,index,建設工事費デフレーター（2020年度基準） 四半期別,土地造成,建設総合 > 土木総合 > その他土木 > 土地造成,index (2020年度平均 = 100),national,JP,日本,,,,116,,index_value,published_pdl,,,2024Q3,,mlit-deflator-tsuki-2607,deftsuki2020（四半期別）!BJ44(見出しは右隣の系列。値はこの系列),https://www.mlit.go.jp/statistics/details/content/deftsuki_2607.xlsx,PDL1.0,,2020年度基準(2020年度平均=100)。2026年4月分の公表から2020年度基準に改定(原本注)。ウエイト項目に営業余剰や間接税(消費税を含む)等を含めない(原本注)。原本の期間表示「2024年 7-9月」(暦年の四半期)。2023年度以降は建設投資のウエイトに2020〜2022年度の平均値を暫定的に使用(原本注)。原本では1列右の見出しの下にある値。月別シートのこの系列の3か月平均と一致(差 0.00、0.1 以内)を確かめて、この系列に付け直した(2026-09-26 番人。付け直した 800 セルが全部一致)。
c00bad8222cb85f3,JP,index,建設工事費デフレーター（2020年度基準） 四半期別,その他土木,建設総合 > 土木総合 > その他土木 (原本の列 BJ。同じ表頭の列が2つある),index (2020年度平均 = 100),national,JP,日本,,,,117,,index_value,published_pdl,,,2024Q3,,mlit-deflator-tsuki-2607,deftsuki2020（四半期別）!BK44(見出しは右隣の系列。値はこの系列),https://www.mlit.go.jp/statistics/details/content/deftsuki_2607.xlsx,PDL1.0,,2020年度基準(2020年度平均=100)。2026年4月分の公表から2020年度基準に改定(原本注)。ウエイト項目に営業余剰や間接税(消費税を含む)等を含めない(原本注)。原本の期間表示「2024年 7-9月」(暦年の四半期)。2023年度以降は建設投資のウエイトに2020〜2022年度の平均値を暫定的に使用(原本注)。原本では1列右の見出しの下にある値。月別シートのこの系列の3か月平均と一致(差 0.03、0.1 以内)を確かめて、この系列に付け直した(2026-09-26 番人。付け直した 800 セルが全部一致)。
484ea1c5c27725b1,JP,index,建設工事費デフレーター（2020年度基準） 四半期別,W在来住宅,W在来住宅,index (2020年度平均 = 100),national,JP,日本,,,,118.8,,index_value,published_pdl,,,2024Q3,,mlit-deflator-tsuki-2607,deftsuki2020（四半期別）!BL44(見出しは右隣の系列。値はこの系列),https://www.mlit.go.jp/statistics/details/content/deftsuki_2607.xlsx,PDL1.0,,2020年度基準(2020年度平均=100)。2026年4月分の公表から2020年度基準に改定(原本注)。ウエイト項目に営業余剰や間接税(消費税を含む)等を含めない(原本注)。原本の期間表示「2024年 7-9月」(暦年の四半期)。2023年度以降は建設投資のウエイトに2020〜2022年度の平均値を暫定的に使用(原本注)。原本では1列右の見出しの下にある値。月別シートのこの系列の3か月平均と一致(差 0.03、0.1 以内)を確かめて、この系列に付け直した(2026-09-26 番人。付け直した 800 セルが全部一致)。
d2d59ce2196fb0db,JP,index,建設工事費デフレーター（2020年度基準） 四半期別,W量産住宅,W量産住宅,index (2020年度平均 = 100),national,JP,日本,,,,120.2,,index_value,published_pdl,,,2024Q3,,mlit-deflator-tsuki-2607,deftsuki2020（四半期別）!BM44(見出しは右隣の系列。値はこの系列),https://www.mlit.go.jp/statistics/details/content/deftsuki_2607.xlsx,PDL1.0,,2020年度基準(2020年度平均=100)。2026年4月分の公表から2020年度基準に改定(原本注)。ウエイト項目に営業余剰や間接税(消費税を含む)等を含めない(原本注)。原本の期間表示「2024年 7-9月」(暦年の四半期)。2023年度以降は建設投資のウエイトに2020〜2022年度の平均値を暫定的に使用(原本注)。原本では1列右の見出しの下にある値。月別シートのこの系列の3か月平均と一致(差 0.03、0.1 以内)を確かめて、この系列に付け直した(2026-09-26 番人。付け直した 800 セルが全部一致)。
d810d390765c2ed3,JP,index,建設工事費デフレーター（2020年度基準） 四半期別,RC在来住宅,RC在来住宅,index (2020年度平均 = 100),national,JP,日本,,,,118.8,,index_value,published_pdl,,,2024Q3,,mlit-deflator-tsuki-2607,deftsuki2020（四半期別）!BN44(見出しは右隣の系列。値はこの系列),https://www.mlit.go.jp/statistics/details/content/deftsuki_2607.xlsx,PDL1.0,,2020年度基準(2020年度平均=100)。2026年4月分の公表から2020年度基準に改定(原本注)。ウエイト項目に営業余剰や間接税(消費税を含む)等を含めない(原本注)。原本の期間表示「2024年 7-9月」(暦年の四半期)。2023年度以降は建設投資のウエイトに2020〜2022年度の平均値を暫定的に使用(原本注)。原本では1列右の見出しの下にある値。月別シートのこの系列の3か月平均と一致(差 0.00、0.1 以内)を確かめて、この系列に付け直した(2026-09-26 番人。付け直した 800 セルが全部一致)。
676f5b1024aa6a68,JP,index,建設工事費デフレーター（2020年度基準） 四半期別,RC量産住宅,RC量産住宅,index (2020年度平均 = 100),national,JP,日本,,,,118.6,,index_value,published_pdl,,,2024Q3,,mlit-deflator-tsuki-2607,deftsuki2020（四半期別）!BO44(見出しは右隣の系列。値はこの系列),https://www.mlit.go.jp/statistics/details/content/deftsuki_2607.xlsx,PDL1.0,,2020年度基準(2020年度平均=100)。2026年4月分の公表から2020年度基準に改定(原本注)。ウエイト項目に営業余剰や間接税(消費税を含む)等を含めない(原本注)。原本の期間表示「2024年 7-9月」(暦年の四半期)。2023年度以降は建設投資のウエイトに2020〜2022年度の平均値を暫定的に使用(原本注)。原本では1列右の見出しの下にある値。月別シートのこの系列の3か月平均と一致(差 0.03、0.1 以内)を確かめて、この系列に付け直した(2026-09-26 番人。付け直した 800 セルが全部一致)。
ff647595def70ea0,JP,index,建設工事費デフレーター（2020年度基準） 四半期別,S在来住宅,S在来住宅,index (2020年度平均 = 100),national,JP,日本,,,,119.5,,index_value,published_pdl,,,2024Q3,,mlit-deflator-tsuki-2607,deftsuki2020（四半期別）!BP44(見出しは右隣の系列。値はこの系列),https://www.mlit.go.jp/statistics/details/content/deftsuki_2607.xlsx,PDL1.0,,2020年度基準(2020年度平均=100)。2026年4月分の公表から2020年度基準に改定(原本注)。ウエイト項目に営業余剰や間接税(消費税を含む)等を含めない(原本注)。原本の期間表示「2024年 7-9月」(暦年の四半期)。2023年度以降は建設投資のウエイトに2020〜2022年度の平均値を暫定的に使用(原本注)。原本では1列右の見出しの下にある値。月別シートのこの系列の3か月平均と一致(差 0.03、0.1 以内)を確かめて、この系列に付け直した(2026-09-26 番人。付け直した 800 セルが全部一致)。
742d0c3ff07e965d,JP,index,建設工事費デフレーター（2020年度基準） 四半期別,S量産住宅,S量産住宅,index (2020年度平均 = 100),national,JP,日本,,,,122,,index_value,published_pdl,,,2024Q3,,mlit-deflator-tsuki-2607,deftsuki2020（四半期別）!BQ44(見出しは右隣の系列。値はこの系列),https://www.mlit.go.jp/statistics/details/content/deftsuki_2607.xlsx,PDL1.0,,2020年度基準(2020年度平均=100)。2026年4月分の公表から2020年度基準に改定(原本注)。ウエイト項目に営業余剰や間接税(消費税を含む)等を含めない(原本注)。原本の期間表示「2024年 7-9月」(暦年の四半期)。2023年度以降は建設投資のウエイトに2020〜2022年度の平均値を暫定的に使用(原本注)。原本では1列右の見出しの下にある値。月別シートのこの系列の3か月平均と一致(差 0.00、0.1 以内)を確かめて、この系列に付け直した(2026-09-26 番人。付け直した 800 セルが全部一致)。
9e6a1f3d9c501635,JP,index,建設工事費デフレーター（2020年度基準） 四半期別,W工場・倉庫,W工場・倉庫,index (2020年度平均 = 100),national,JP,日本,,,,118.2,,index_value,published_pdl,,,2024Q3,,mlit-deflator-tsuki-2607,deftsuki2020（四半期別）!BR44(見出しは右隣の系列。値はこの系列),https://www.mlit.go.jp/statistics/details/content/deftsuki_2607.xlsx,PDL1.0,,2020年度基準(2020年度平均=100)。2026年4月分の公表から2020年度基準に改定(原本注)。ウエイト項目に営業余剰や間接税(消費税を含む)等を含めない(原本注)。原本の期間表示「2024年 7-9月」(暦年の四半期)。2023年度以降は建設投資のウエイトに2020〜2022年度の平均値を暫定的に使用(原本注)。原本では1列右の見出しの下にある値。月別シートのこの系列の3か月平均と一致(差 0.03、0.1 以内)を確かめて、この系列に付け直した(2026-09-26 番人。付け直した 800 セルが全部一致)。
3d034706115d6e95,JP,index,建設工事費デフレーター（2020年度基準） 四半期別,W事務所・その他,W事務所・その他,index (2020年度平均 = 100),national,JP,日本,,,,117.7,,index_value,published_pdl,,,2024Q3,,mlit-deflator-tsuki-2607,deftsuki2020（四半期別）!BS44(見出しは右隣の系列。値はこの系列),https://www.mlit.go.jp/statistics/details/content/deftsuki_2607.xlsx,PDL1.0,,2020年度基準(2020年度平均=100)。2026年4月分の公表から2020年度基準に改定(原本注)。ウエイト項目に営業余剰や間接税(消費税を含む)等を含めない(原本注)。原本の期間表示「2024年 7-9月」(暦年の四半期)。2023年度以降は建設投資のウエイトに2020〜2022年度の平均値を暫定的に使用(原本注)。原本では1列右の見出しの下にある値。月別シートのこの系列の3か月平均と一致(差 0.03、0.1 以内)を確かめて、この系列に付け直した(2026-09-26 番人。付け直した 800 セルが全部一致)。
9489ecc0a31d3309,JP,index,建設工事費デフレーター（2020年度基準） 四半期別,SRC工場・倉庫,SRC工場・倉庫,index (2020年度平均 = 100),national,JP,日本,,,,118.9,,index_value,published_pdl,,,2024Q3,,mlit-deflator-tsuki-2607,deftsuki2020（四半期別）!BT44(見出しは右隣の系列。値はこの系列),https://www.mlit.go.jp/statistics/details/content/deftsuki_2607.xlsx,PDL1.0,,2020年度基準(2020年度平均=100)。2026年4月分の公表から2020年度基準に改定(原本注)。ウエイト項目に営業余剰や間接税(消費税を含む)等を含めない(原本注)。原本の期間表示「2024年 7-9月」(暦年の四半期)。2023年度以降は建設投資のウエイトに2020〜2022年度の平均値を暫定的に使用(原本注)。原本では1列右の見出しの下にある値。月別シートのこの系列の3か月平均と一致(差 0.00、0.1 以内)を確かめて、この系列に付け直した(2026-09-26 番人。付け直した 800 セルが全部一致)。
99759c627785716c,JP,index,建設工事費デフレーター（2020年度基準） 四半期別,SRC事務所・その他,SRC事務所・その他,index (2020年度平均 = 100),national,JP,日本,,,,117.5,,index_value,published_pdl,,,2024Q3,,mlit-deflator-tsuki-2607,deftsuki2020（四半期別）!BU44(見出しは右隣の系列。値はこの系列),https://www.mlit.go.jp/statistics/details/content/deftsuki_2607.xlsx,PDL1.0,,2020年度基準(2020年度平均=100)。2026年4月分の公表から2020年度基準に改定(原本注)。ウエイト項目に営業余剰や間接税(消費税を含む)等を含めない(原本注)。原本の期間表示「2024年 7-9月」(暦年の四半期)。2023年度以降は建設投資のウエイトに2020〜2022年度の平均値を暫定的に使用(原本注)。原本では1列右の見出しの下にある値。月別シートのこの系列の3か月平均と一致(差 0.00、0.1 以内)を確かめて、この系列に付け直した(2026-09-26 番人。付け直した 800 セルが全部一致)。
4509773eca96d7b1,JP,index,建設工事費デフレーター（2020年度基準） 四半期別,RC工場・倉庫,RC工場・倉庫,index (2020年度平均 = 100),national,JP,日本,,,,118.5,,index_value,published_pdl,,,2024Q3,,mlit-deflator-tsuki-2607,deftsuki2020（四半期別）!BV44(見出しは右隣の系列。値はこの系列),https://www.mlit.go.jp/statistics/details/content/deftsuki_2607.xlsx,PDL1.0,,2020年度基準(2020年度平均=100)。2026年4月分の公表から2020年度基準に改定(原本注)。ウエイト項目に営業余剰や間接税(消費税を含む)等を含めない(原本注)。原本の期間表示「2024年 7-9月」(暦年の四半期)。2023年度以降は建設投資のウエイトに2020〜2022年度の平均値を暫定的に使用(原本注)。原本では1列右の見出しの下にある値。月別シートのこの系列の3か月平均と一致(差 0.03、0.1 以内)を確かめて、この系列に付け直した(2026-09-26 番人。付け直した 800 セルが全部一致)。
97af3eb9ab44de59,JP,index,建設工事費デフレーター（2020年度基準） 四半期別,RC学校,RC学校,index (2020年度平均 = 100),national,JP,日本,,,,117.7,,index_value,published_pdl,,,2024Q3,,mlit-deflator-tsuki-2607,deftsuki2020（四半期別）!BW44(見出しは右隣の系列。値はこの系列),https://www.mlit.go.jp/statistics/details/content/deftsuki_2607.xlsx,PDL1.0,,2020年度基準(2020年度平均=100)。2026年4月分の公表から2020年度基準に改定(原本注)。ウエイト項目に営業余剰や間接税(消費税を含む)等を含めない(原本注)。原本の期間表示「2024年 7-9月」(暦年の四半期)。2023年度以降は建設投資のウエイトに2020〜2022年度の平均値を暫定的に使用(原本注)。原本では1列右の見出しの下にある値。月別シートのこの系列の3か月平均と一致(差 0.03、0.1 以内)を確かめて、この系列に付け直した(2026-09-26 番人。付け直した 800 セルが全部一致)。
33bbd96258a10749,JP,index,建設工事費デフレーター（2020年度基準） 四半期別,RC事務所・その他,RC事務所・その他,index (2020年度平均 = 100),national,JP,日本,,,,117.9,,index_value,published_pdl,,,2024Q3,,mlit-deflator-tsuki-2607,deftsuki2020（四半期別）!BX44(見出しは右隣の系列。値はこの系列),https://www.mlit.go.jp/statistics/details/content/deftsuki_2607.xlsx,PDL1.0,,2020年度基準(2020年度平均=100)。2026年4月分の公表から2020年度基準に改定(原本注)。ウエイト項目に営業余剰や間接税(消費税を含む)等を含めない(原本注)。原本の期間表示「2024年 7-9月」(暦年の四半期)。2023年度以降は建設投資のウエイトに2020〜2022年度の平均値を暫定的に使用(原本注)。原本では1列右の見出しの下にある値。月別シートのこの系列の3か月平均と一致(差 0.03、0.1 以内)を確かめて、この系列に付け直した(2026-09-26 番人。付け直した 800 セルが全部一致)。
837fab2033e99460,JP,index,建設工事費デフレーター（2020年度基準） 四半期別,S工場・倉庫,S工場・倉庫,index (2020年度平均 = 100),national,JP,日本,,,,118.7,,index_value,published_pdl,,,2024Q3,,mlit-deflator-tsuki-2607,deftsuki2020（四半期別）!BY44(見出しは右隣の系列。値はこの系列),https://www.mlit.go.jp/statistics/details/content/deftsuki_2607.xlsx,PDL1.0,,2020年度基準(2020年度平均=100)。2026年4月分の公表から2020年度基準に改定(原本注)。ウエイト項目に営業余剰や間接税(消費税を含む)等を含めない(原本注)。原本の期間表示「2024年 7-9月」(暦年の四半期)。2023年度以降は建設投資のウエイトに2020〜2022年度の平均値を暫定的に使用(原本注)。原本では1列右の見出しの下にある値。月別シートのこの系列の3か月平均と一致(差 0.00、0.1 以内)を確かめて、この系列に付け直した(2026-09-26 番人。付け直した 800 セルが全部一致)。
e379a88b8d92563f,JP,index,建設工事費デフレーター（2020年度基準） 四半期別,S事務所・その他,S事務所・その他,index (2020年度平均 = 100),national,JP,日本,,,,,,index_value,not_set,,,2024Q3,,mlit-deflator-tsuki-2607,,https://www.mlit.go.jp/statistics/details/content/deftsuki_2607.xlsx,PDL1.0,,2020年度基準(2020年度平均=100)。2026年4月分の公表から2020年度基準に改定(原本注)。ウエイト項目に営業余剰や間接税(消費税を含む)等を含めない(原本注)。原本の期間表示「2024年 7-9月」(暦年の四半期)。2023年度以降は建設投資のウエイトに2020〜2022年度の平均値を暫定的に使用(原本注)。原本の四半期別では、列ずれのため、この系列のこの期間の値がどの列にも無い(2026-09-26 番人)。月別シートの値はある。
a9f7b44f070012bd,JP,index,建設工事費デフレーター（2020年度基準） 四半期別,地方道路公社等,建設総合 > 土木総合 > 公共事業 > 土木1（除く災害復旧） > 道路総合 > 有料道路 > 地方道路公社等,index (2020年度平均 = 100),national,JP,日本,,,,118.2,,index_value,published_pdl,,,2024Q4,,mlit-deflator-tsuki-2607,deftsuki2020（四半期別）!AT45(見出しは右隣の系列。値はこの系列),https://www.mlit.go.jp/statistics/details/content/deftsuki_2607.xlsx,PDL1.0,,2020年度基準(2020年度平均=100)。2026年4月分の公表から2020年度基準に改定(原本注)。ウエイト項目に営業余剰や間接税(消費税を含む)等を含めない(原本注)。原本の期間表示「2024年 10-12月」(暦年の四半期)。2023年度以降は建設投資のウエイトに2020〜2022年度の平均値を暫定的に使用(原本注)。原本では1列右の見出しの下にある値。月別シートのこの系列の3か月平均と一致(差 0.03、0.1 以内)を確かめて、この系列に付け直した(2026-09-26 番人。付け直した 800 セルが全部一致)。
167b1cf3f2d1d8e3,JP,index,建設工事費デフレーター（2020年度基準） 四半期別,道路2（再掲）,建設総合 > 土木総合 > 公共事業 > 土木1（除く災害復旧） > 道路2（再掲）,index (2020年度平均 = 100),national,JP,日本,,,,118.7,,index_value,published_pdl,,,2024Q4,,mlit-deflator-tsuki-2607,deftsuki2020（四半期別）!AU45(見出しは右隣の系列。値はこの系列),https://www.mlit.go.jp/statistics/details/content/deftsuki_2607.xlsx,PDL1.0,,2020年度基準(2020年度平均=100)。2026年4月分の公表から2020年度基準に改定(原本注)。ウエイト項目に営業余剰や間接税(消費税を含む)等を含めない(原本注)。原本の期間表示「2024年 10-12月」(暦年の四半期)。2023年度以降は建設投資のウエイトに2020〜2022年度の平均値を暫定的に使用(原本注)。原本では1列右の見出しの下にある値。月別シートのこの系列の3か月平均と一致(差 0.03、0.1 以内)を確かめて、この系列に付け直した(2026-09-26 番人。付け直した 800 セルが全部一致)。
f41ec56324f8b2fb,JP,index,建設工事費デフレーター（2020年度基準） 四半期別,街路2（再掲）,建設総合 > 土木総合 > 公共事業 > 土木1（除く災害復旧） > 街路2（再掲）,index (2020年度平均 = 100),national,JP,日本,,,,118.6,,index_value,published_pdl,,,2024Q4,,mlit-deflator-tsuki-2607,deftsuki2020（四半期別）!AV45(見出しは右隣の系列。値はこの系列),https://www.mlit.go.jp/statistics/details/content/deftsuki_2607.xlsx,PDL1.0,,2020年度基準(2020年度平均=100)。2026年4月分の公表から2020年度基準に改定(原本注)。ウエイト項目に営業余剰や間接税(消費税を含む)等を含めない(原本注)。原本の期間表示「2024年 10-12月」(暦年の四半期)。2023年度以降は建設投資のウエイトに2020〜2022年度の平均値を暫定的に使用(原本注)。原本では1列右の見出しの下にある値。月別シートのこの系列の3か月平均と一致(差 0.03、0.1 以内)を確かめて、この系列に付け直した(2026-09-26 番人。付け直した 800 セルが全部一致)。
ebfba25ad92c7851,JP,index,建設工事費デフレーター（2020年度基準） 四半期別,公園,建設総合 > 土木総合 > 公共事業 > 土木1（除く災害復旧） > 公園,index (2020年度平均 = 100),national,JP,日本,,,,116.3,,index_value,published_pdl,,,2024Q4,,mlit-deflator-tsuki-2607,deftsuki2020（四半期別）!AW45(見出しは右隣の系列。値はこの系列),https://www.mlit.go.jp/statistics/details/content/deftsuki_2607.xlsx,PDL1.0,,2020年度基準(2020年度平均=100)。2026年4月分の公表から2020年度基準に改定(原本注)。ウエイト項目に営業余剰や間接税(消費税を含む)等を含めない(原本注)。原本の期間表示「2024年 10-12月」(暦年の四半期)。2023年度以降は建設投資のウエイトに2020〜2022年度の平均値を暫定的に使用(原本注)。原本では1列右の見出しの下にある値。月別シートのこの系列の3か月平均と一致(差 0.07、0.1 以内)を確かめて、この系列に付け直した(2026-09-26 番人。付け直した 800 セルが全部一致)。
38e28625399804d4,JP,index,建設工事費デフレーター（2020年度基準） 四半期別,下水道,建設総合 > 土木総合 > 公共事業 > 土木1（除く災害復旧） > 下水道,index (2020年度平均 = 100),national,JP,日本,,,,117.9,,index_value,published_pdl,,,2024Q4,,mlit-deflator-tsuki-2607,deftsuki2020（四半期別）!AX45(見出しは右隣の系列。値はこの系列),https://www.mlit.go.jp/statistics/details/content/deftsuki_2607.xlsx,PDL1.0,,2020年度基準(2020年度平均=100)。2026年4月分の公表から2020年度基準に改定(原本注)。ウエイト項目に営業余剰や間接税(消費税を含む)等を含めない(原本注)。原本の期間表示「2024年 10-12月」(暦年の四半期)。2023年度以降は建設投資のウエイトに2020〜2022年度の平均値を暫定的に使用(原本注)。原本では1列右の見出しの下にある値。月別シートのこの系列の3か月平均と一致(差 0.03、0.1 以内)を確かめて、この系列に付け直した(2026-09-26 番人。付け直した 800 セルが全部一致)。
2e3da9988dfa5a61,JP,index,建設工事費デフレーター（2020年度基準） 四半期別,災害復旧,建設総合 > 土木総合 > 公共事業 > 土木1（除く災害復旧） > 災害復旧,index (2020年度平均 = 100),national,JP,日本,,,,118.1,,index_value,published_pdl,,,2024Q4,,mlit-deflator-tsuki-2607,deftsuki2020（四半期別）!AY45(見出しは右隣の系列。値はこの系列),https://www.mlit.go.jp/statistics/details/content/deftsuki_2607.xlsx,PDL1.0,,2020年度基準(2020年度平均=100)。2026年4月分の公表から2020年度基準に改定(原本注)。ウエイト項目に営業余剰や間接税(消費税を含む)等を含めない(原本注)。原本の期間表示「2024年 10-12月」(暦年の四半期)。2023年度以降は建設投資のウエイトに2020〜2022年度の平均値を暫定的に使用(原本注)。原本では1列右の見出しの下にある値。月別シートのこの系列の3か月平均と一致(差 0.07、0.1 以内)を確かめて、この系列に付け直した(2026-09-26 番人。付け直した 800 セルが全部一致)。
62768f8bde7bdbd8,JP,index,建設工事費デフレーター（2020年度基準） 四半期別,土木2,建設総合 > 土木総合 > 公共事業 > 土木2,index (2020年度平均 = 100),national,JP,日本,,,,118.1,,index_value,published_pdl,,,2024Q4,,mlit-deflator-tsuki-2607,deftsuki2020（四半期別）!AZ45(見出しは右隣の系列。値はこの系列),https://www.mlit.go.jp/statistics/details/content/deftsuki_2607.xlsx,PDL1.0,,2020年度基準(2020年度平均=100)。2026年4月分の公表から2020年度基準に改定(原本注)。ウエイト項目に営業余剰や間接税(消費税を含む)等を含めない(原本注)。原本の期間表示「2024年 10-12月」(暦年の四半期)。2023年度以降は建設投資のウエイトに2020〜2022年度の平均値を暫定的に使用(原本注)。原本では1列右の見出しの下にある値。月別シートのこの系列の3か月平均と一致(差 0.03、0.1 以内)を確かめて、この系列に付け直した(2026-09-26 番人。付け直した 800 セルが全部一致)。
09c1950d50a1dd77,JP,index,建設工事費デフレーター（2020年度基準） 四半期別,港湾・漁港,建設総合 > 土木総合 > 公共事業 > 土木2 > 港湾・漁港,index (2020年度平均 = 100),national,JP,日本,,,,118.1,,index_value,published_pdl,,,2024Q4,,mlit-deflator-tsuki-2607,deftsuki2020（四半期別）!BA45(見出しは右隣の系列。値はこの系列),https://www.mlit.go.jp/statistics/details/content/deftsuki_2607.xlsx,PDL1.0,,2020年度基準(2020年度平均=100)。2026年4月分の公表から2020年度基準に改定(原本注)。ウエイト項目に営業余剰や間接税(消費税を含む)等を含めない(原本注)。原本の期間表示「2024年 10-12月」(暦年の四半期)。2023年度以降は建設投資のウエイトに2020〜2022年度の平均値を暫定的に使用(原本注)。原本では1列右の見出しの下にある値。月別シートのこの系列の3か月平均と一致(差 0.00、0.1 以内)を確かめて、この系列に付け直した(2026-09-26 番人。付け直した 800 セルが全部一致)。
c57512101bd4ce7e,JP,index,建設工事費デフレーター（2020年度基準） 四半期別,空港,建設総合 > 土木総合 > 公共事業 > 土木2 > 空港,index (2020年度平均 = 100),national,JP,日本,,,,113.2,,index_value,published_pdl,,,2024Q4,,mlit-deflator-tsuki-2607,deftsuki2020（四半期別）!BB45(見出しは右隣の系列。値はこの系列),https://www.mlit.go.jp/statistics/details/content/deftsuki_2607.xlsx,PDL1.0,,2020年度基準(2020年度平均=100)。2026年4月分の公表から2020年度基準に改定(原本注)。ウエイト項目に営業余剰や間接税(消費税を含む)等を含めない(原本注)。原本の期間表示「2024年 10-12月」(暦年の四半期)。2023年度以降は建設投資のウエイトに2020〜2022年度の平均値を暫定的に使用(原本注)。原本では1列右の見出しの下にある値。月別シートのこの系列の3か月平均と一致(差 0.03、0.1 以内)を確かめて、この系列に付け直した(2026-09-26 番人。付け直した 800 セルが全部一致)。
f5b05814aca45dc6,JP,index,建設工事費デフレーター（2020年度基準） 四半期別,環境衛生,建設総合 > 土木総合 > 公共事業 > 土木2 > 環境衛生,index (2020年度平均 = 100),national,JP,日本,,,,118.7,,index_value,published_pdl,,,2024Q4,,mlit-deflator-tsuki-2607,deftsuki2020（四半期別）!BC45(見出しは右隣の系列。値はこの系列),https://www.mlit.go.jp/statistics/details/content/deftsuki_2607.xlsx,PDL1.0,,2020年度基準(2020年度平均=100)。2026年4月分の公表から2020年度基準に改定(原本注)。ウエイト項目に営業余剰や間接税(消費税を含む)等を含めない(原本注)。原本の期間表示「2024年 10-12月」(暦年の四半期)。2023年度以降は建設投資のウエイトに2020〜2022年度の平均値を暫定的に使用(原本注)。原本では1列右の見出しの下にある値。月別シートのこの系列の3か月平均と一致(差 0.03、0.1 以内)を確かめて、この系列に付け直した(2026-09-26 番人。付け直した 800 セルが全部一致)。
433994f2f7aa1b16,JP,index,建設工事費デフレーター（2020年度基準） 四半期別,農林関係公共事業,建設総合 > 土木総合 > 公共事業 > 土木2 > 農林関係公共事業,index (2020年度平均 = 100),national,JP,日本,,,,118.8,,index_value,published_pdl,,,2024Q4,,mlit-deflator-tsuki-2607,deftsuki2020（四半期別）!BD45(見出しは右隣の系列。値はこの系列),https://www.mlit.go.jp/statistics/details/content/deftsuki_2607.xlsx,PDL1.0,,2020年度基準(2020年度平均=100)。2026年4月分の公表から2020年度基準に改定(原本注)。ウエイト項目に営業余剰や間接税(消費税を含む)等を含めない(原本注)。原本の期間表示「2024年 10-12月」(暦年の四半期)。2023年度以降は建設投資のウエイトに2020〜2022年度の平均値を暫定的に使用(原本注)。原本では1列右の見出しの下にある値。月別シートのこの系列の3か月平均と一致(差 0.03、0.1 以内)を確かめて、この系列に付け直した(2026-09-26 番人。付け直した 800 セルが全部一致)。
27ab2db9c8d08585,JP,index,建設工事費デフレーター（2020年度基準） 四半期別,その他土木,建設総合 > 土木総合 > その他土木 (原本の列 BD。同じ表頭の列が2つある),index (2020年度平均 = 100),national,JP,日本,,,,118.6,,index_value,published_pdl,,,2024Q4,,mlit-deflator-tsuki-2607,deftsuki2020（四半期別）!BE45(見出しは右隣の系列。値はこの系列),https://www.mlit.go.jp/statistics/details/content/deftsuki_2607.xlsx,PDL1.0,,2020年度基準(2020年度平均=100)。2026年4月分の公表から2020年度基準に改定(原本注)。ウエイト項目に営業余剰や間接税(消費税を含む)等を含めない(原本注)。原本の期間表示「2024年 10-12月」(暦年の四半期)。2023年度以降は建設投資のウエイトに2020〜2022年度の平均値を暫定的に使用(原本注)。原本では1列右の見出しの下にある値。月別シートのこの系列の3か月平均と一致(差 0.03、0.1 以内)を確かめて、この系列に付け直した(2026-09-26 番人。付け直した 800 セルが全部一致)。
d3886c7dd8f6a26d,JP,index,建設工事費デフレーター（2020年度基準） 四半期別,鉄道軌道,建設総合 > 土木総合 > その他土木 > 鉄道軌道,index (2020年度平均 = 100),national,JP,日本,,,,120.6,,index_value,published_pdl,,,2024Q4,,mlit-deflator-tsuki-2607,deftsuki2020（四半期別）!BF45(見出しは右隣の系列。値はこの系列),https://www.mlit.go.jp/statistics/details/content/deftsuki_2607.xlsx,PDL1.0,,2020年度基準(2020年度平均=100)。2026年4月分の公表から2020年度基準に改定(原本注)。ウエイト項目に営業余剰や間接税(消費税を含む)等を含めない(原本注)。原本の期間表示「2024年 10-12月」(暦年の四半期)。2023年度以降は建設投資のウエイトに2020〜2022年度の平均値を暫定的に使用(原本注)。原本では1列右の見出しの下にある値。月別シートのこの系列の3か月平均と一致(差 0.03、0.1 以内)を確かめて、この系列に付け直した(2026-09-26 番人。付け直した 800 セルが全部一致)。
151bdafdb984aa82,JP,index,建設工事費デフレーター（2020年度基準） 四半期別,電力,建設総合 > 土木総合 > その他土木 > 電力,index (2020年度平均 = 100),national,JP,日本,,,,119.6,,index_value,published_pdl,,,2024Q4,,mlit-deflator-tsuki-2607,deftsuki2020（四半期別）!BG45(見出しは右隣の系列。値はこの系列),https://www.mlit.go.jp/statistics/details/content/deftsuki_2607.xlsx,PDL1.0,,2020年度基準(2020年度平均=100)。2026年4月分の公表から2020年度基準に改定(原本注)。ウエイト項目に営業余剰や間接税(消費税を含む)等を含めない(原本注)。原本の期間表示「2024年 10-12月」(暦年の四半期)。2023年度以降は建設投資のウエイトに2020〜2022年度の平均値を暫定的に使用(原本注)。原本では1列右の見出しの下にある値。月別シートのこの系列の3か月平均と一致(差 0.03、0.1 以内)を確かめて、この系列に付け直した(2026-09-26 番人。付け直した 800 セルが全部一致)。
afea6f0d660a3796,JP,index,建設工事費デフレーター（2020年度基準） 四半期別,電気通信,建設総合 > 土木総合 > その他土木 > 電気通信,index (2020年度平均 = 100),national,JP,日本,,,,116.3,,index_value,published_pdl,,,2024Q4,,mlit-deflator-tsuki-2607,deftsuki2020（四半期別）!BH45(見出しは右隣の系列。値はこの系列),https://www.mlit.go.jp/statistics/details/content/deftsuki_2607.xlsx,PDL1.0,,2020年度基準(2020年度平均=100)。2026年4月分の公表から2020年度基準に改定(原本注)。ウエイト項目に営業余剰や間接税(消費税を含む)等を含めない(原本注)。原本の期間表示「2024年 10-12月」(暦年の四半期)。2023年度以降は建設投資のウエイトに2020〜2022年度の平均値を暫定的に使用(原本注)。原本では1列右の見出しの下にある値。月別シートのこの系列の3か月平均と一致(差 0.03、0.1 以内)を確かめて、この系列に付け直した(2026-09-26 番人。付け直した 800 セルが全部一致)。
4abb2875d133087e,JP,index,建設工事費デフレーター（2020年度基準） 四半期別,上・工業用水道,建設総合 > 土木総合 > その他土木 > 上・工業用水道,index (2020年度平均 = 100),national,JP,日本,,,,118.5,,index_value,published_pdl,,,2024Q4,,mlit-deflator-tsuki-2607,deftsuki2020（四半期別）!BI45(見出しは右隣の系列。値はこの系列),https://www.mlit.go.jp/statistics/details/content/deftsuki_2607.xlsx,PDL1.0,,2020年度基準(2020年度平均=100)。2026年4月分の公表から2020年度基準に改定(原本注)。ウエイト項目に営業余剰や間接税(消費税を含む)等を含めない(原本注)。原本の期間表示「2024年 10-12月」(暦年の四半期)。2023年度以降は建設投資のウエイトに2020〜2022年度の平均値を暫定的に使用(原本注)。原本では1列右の見出しの下にある値。月別シートのこの系列の3か月平均と一致(差 0.03、0.1 以内)を確かめて、この系列に付け直した(2026-09-26 番人。付け直した 800 セルが全部一致)。
355dd40d13994782,JP,index,建設工事費デフレーター（2020年度基準） 四半期別,土地造成,建設総合 > 土木総合 > その他土木 > 土地造成,index (2020年度平均 = 100),national,JP,日本,,,,116.7,,index_value,published_pdl,,,2024Q4,,mlit-deflator-tsuki-2607,deftsuki2020（四半期別）!BJ45(見出しは右隣の系列。値はこの系列),https://www.mlit.go.jp/statistics/details/content/deftsuki_2607.xlsx,PDL1.0,,2020年度基準(2020年度平均=100)。2026年4月分の公表から2020年度基準に改定(原本注)。ウエイト項目に営業余剰や間接税(消費税を含む)等を含めない(原本注)。原本の期間表示「2024年 10-12月」(暦年の四半期)。2023年度以降は建設投資のウエイトに2020〜2022年度の平均値を暫定的に使用(原本注)。原本では1列右の見出しの下にある値。月別シートのこの系列の3か月平均と一致(差 0.03、0.1 以内)を確かめて、この系列に付け直した(2026-09-26 番人。付け直した 800 セルが全部一致)。
18215677e6f92068,JP,index,建設工事費デフレーター（2020年度基準） 四半期別,その他土木,建設総合 > 土木総合 > その他土木 (原本の列 BJ。同じ表頭の列が2つある),index (2020年度平均 = 100),national,JP,日本,,,,117.8,,index_value,published_pdl,,,2024Q4,,mlit-deflator-tsuki-2607,deftsuki2020（四半期別）!BK45(見出しは右隣の系列。値はこの系列),https://www.mlit.go.jp/statistics/details/content/deftsuki_2607.xlsx,PDL1.0,,2020年度基準(2020年度平均=100)。2026年4月分の公表から2020年度基準に改定(原本注)。ウエイト項目に営業余剰や間接税(消費税を含む)等を含めない(原本注)。原本の期間表示「2024年 10-12月」(暦年の四半期)。2023年度以降は建設投資のウエイトに2020〜2022年度の平均値を暫定的に使用(原本注)。原本では1列右の見出しの下にある値。月別シートのこの系列の3か月平均と一致(差 0.00、0.1 以内)を確かめて、この系列に付け直した(2026-09-26 番人。付け直した 800 セルが全部一致)。
be99a9e95bcf89d9,JP,index,建設工事費デフレーター（2020年度基準） 四半期別,W在来住宅,W在来住宅,index (2020年度平均 = 100),national,JP,日本,,,,119.1,,index_value,published_pdl,,,2024Q4,,mlit-deflator-tsuki-2607,deftsuki2020（四半期別）!BL45(見出しは右隣の系列。値はこの系列),https://www.mlit.go.jp/statistics/details/content/deftsuki_2607.xlsx,PDL1.0,,2020年度基準(2020年度平均=100)。2026年4月分の公表から2020年度基準に改定(原本注)。ウエイト項目に営業余剰や間接税(消費税を含む)等を含めない(原本注)。原本の期間表示「2024年 10-12月」(暦年の四半期)。2023年度以降は建設投資のウエイトに2020〜2022年度の平均値を暫定的に使用(原本注)。原本では1列右の見出しの下にある値。月別シートのこの系列の3か月平均と一致(差 0.00、0.1 以内)を確かめて、この系列に付け直した(2026-09-26 番人。付け直した 800 セルが全部一致)。
10b9ad9877cda037,JP,index,建設工事費デフレーター（2020年度基準） 四半期別,W量産住宅,W量産住宅,index (2020年度平均 = 100),national,JP,日本,,,,120.5,,index_value,published_pdl,,,2024Q4,,mlit-deflator-tsuki-2607,deftsuki2020（四半期別）!BM45(見出しは右隣の系列。値はこの系列),https://www.mlit.go.jp/statistics/details/content/deftsuki_2607.xlsx,PDL1.0,,2020年度基準(2020年度平均=100)。2026年4月分の公表から2020年度基準に改定(原本注)。ウエイト項目に営業余剰や間接税(消費税を含む)等を含めない(原本注)。原本の期間表示「2024年 10-12月」(暦年の四半期)。2023年度以降は建設投資のウエイトに2020〜2022年度の平均値を暫定的に使用(原本注)。原本では1列右の見出しの下にある値。月別シートのこの系列の3か月平均と一致(差 0.00、0.1 以内)を確かめて、この系列に付け直した(2026-09-26 番人。付け直した 800 セルが全部一致)。
d04060e56cb60b34,JP,index,建設工事費デフレーター（2020年度基準） 四半期別,RC在来住宅,RC在来住宅,index (2020年度平均 = 100),national,JP,日本,,,,119.4,,index_value,published_pdl,,,2024Q4,,mlit-deflator-tsuki-2607,deftsuki2020（四半期別）!BN45(見出しは右隣の系列。値はこの系列),https://www.mlit.go.jp/statistics/details/content/deftsuki_2607.xlsx,PDL1.0,,2020年度基準(2020年度平均=100)。2026年4月分の公表から2020年度基準に改定(原本注)。ウエイト項目に営業余剰や間接税(消費税を含む)等を含めない(原本注)。原本の期間表示「2024年 10-12月」(暦年の四半期)。2023年度以降は建設投資のウエイトに2020〜2022年度の平均値を暫定的に使用(原本注)。原本では1列右の見出しの下にある値。月別シートのこの系列の3か月平均と一致(差 0.03、0.1 以内)を確かめて、この系列に付け直した(2026-09-26 番人。付け直した 800 セルが全部一致)。
352614fb9724d917,JP,index,建設工事費デフレーター（2020年度基準） 四半期別,RC量産住宅,RC量産住宅,index (2020年度平均 = 100),national,JP,日本,,,,119.4,,index_value,published_pdl,,,2024Q4,,mlit-deflator-tsuki-2607,deftsuki2020（四半期別）!BO45(見出しは右隣の系列。値はこの系列),https://www.mlit.go.jp/statistics/details/content/deftsuki_2607.xlsx,PDL1.0,,2020年度基準(2020年度平均=100)。2026年4月分の公表から2020年度基準に改定(原本注)。ウエイト項目に営業余剰や間接税(消費税を含む)等を含めない(原本注)。原本の期間表示「2024年 10-12月」(暦年の四半期)。2023年度以降は建設投資のウエイトに2020〜2022年度の平均値を暫定的に使用(原本注)。原本では1列右の見出しの下にある値。月別シートのこの系列の3か月平均と一致(差 0.03、0.1 以内)を確かめて、この系列に付け直した(2026-09-26 番人。付け直した 800 セルが全部一致)。
3209cf615451a052,JP,index,建設工事費デフレーター（2020年度基準） 四半期別,S在来住宅,S在来住宅,index (2020年度平均 = 100),national,JP,日本,,,,120.3,,index_value,published_pdl,,,2024Q4,,mlit-deflator-tsuki-2607,deftsuki2020（四半期別）!BP45(見出しは右隣の系列。値はこの系列),https://www.mlit.go.jp/statistics/details/content/deftsuki_2607.xlsx,PDL1.0,,2020年度基準(2020年度平均=100)。2026年4月分の公表から2020年度基準に改定(原本注)。ウエイト項目に営業余剰や間接税(消費税を含む)等を含めない(原本注)。原本の期間表示「2024年 10-12月」(暦年の四半期)。2023年度以降は建設投資のウエイトに2020〜2022年度の平均値を暫定的に使用(原本注)。原本では1列右の見出しの下にある値。月別シートのこの系列の3か月平均と一致(差 0.03、0.1 以内)を確かめて、この系列に付け直した(2026-09-26 番人。付け直した 800 セルが全部一致)。
a0c8194a0af36636,JP,index,建設工事費デフレーター（2020年度基準） 四半期別,S量産住宅,S量産住宅,index (2020年度平均 = 100),national,JP,日本,,,,122.8,,index_value,published_pdl,,,2024Q4,,mlit-deflator-tsuki-2607,deftsuki2020（四半期別）!BQ45(見出しは右隣の系列。値はこの系列),https://www.mlit.go.jp/statistics/details/content/deftsuki_2607.xlsx,PDL1.0,,2020年度基準(2020年度平均=100)。2026年4月分の公表から2020年度基準に改定(原本注)。ウエイト項目に営業余剰や間接税(消費税を含む)等を含めない(原本注)。原本の期間表示「2024年 10-12月」(暦年の四半期)。2023年度以降は建設投資のウエイトに2020〜2022年度の平均値を暫定的に使用(原本注)。原本では1列右の見出しの下にある値。月別シートのこの系列の3か月平均と一致(差 0.03、0.1 以内)を確かめて、この系列に付け直した(2026-09-26 番人。付け直した 800 セルが全部一致)。
b4f7dcccbd017f60,JP,index,建設工事費デフレーター（2020年度基準） 四半期別,W工場・倉庫,W工場・倉庫,index (2020年度平均 = 100),national,JP,日本,,,,118.6,,index_value,published_pdl,,,2024Q4,,mlit-deflator-tsuki-2607,deftsuki2020（四半期別）!BR45(見出しは右隣の系列。値はこの系列),https://www.mlit.go.jp/statistics/details/content/deftsuki_2607.xlsx,PDL1.0,,2020年度基準(2020年度平均=100)。2026年4月分の公表から2020年度基準に改定(原本注)。ウエイト項目に営業余剰や間接税(消費税を含む)等を含めない(原本注)。原本の期間表示「2024年 10-12月」(暦年の四半期)。2023年度以降は建設投資のウエイトに2020〜2022年度の平均値を暫定的に使用(原本注)。原本では1列右の見出しの下にある値。月別シートのこの系列の3か月平均と一致(差 0.07、0.1 以内)を確かめて、この系列に付け直した(2026-09-26 番人。付け直した 800 セルが全部一致)。
d678c96472368eff,JP,index,建設工事費デフレーター（2020年度基準） 四半期別,W事務所・その他,W事務所・その他,index (2020年度平均 = 100),national,JP,日本,,,,118.2,,index_value,published_pdl,,,2024Q4,,mlit-deflator-tsuki-2607,deftsuki2020（四半期別）!BS45(見出しは右隣の系列。値はこの系列),https://www.mlit.go.jp/statistics/details/content/deftsuki_2607.xlsx,PDL1.0,,2020年度基準(2020年度平均=100)。2026年4月分の公表から2020年度基準に改定(原本注)。ウエイト項目に営業余剰や間接税(消費税を含む)等を含めない(原本注)。原本の期間表示「2024年 10-12月」(暦年の四半期)。2023年度以降は建設投資のウエイトに2020〜2022年度の平均値を暫定的に使用(原本注)。原本では1列右の見出しの下にある値。月別シートのこの系列の3か月平均と一致(差 0.03、0.1 以内)を確かめて、この系列に付け直した(2026-09-26 番人。付け直した 800 セルが全部一致)。
9deb9bba09b9789e,JP,index,建設工事費デフレーター（2020年度基準） 四半期別,SRC工場・倉庫,SRC工場・倉庫,index (2020年度平均 = 100),national,JP,日本,,,,120.1,,index_value,published_pdl,,,2024Q4,,mlit-deflator-tsuki-2607,deftsuki2020（四半期別）!BT45(見出しは右隣の系列。値はこの系列),https://www.mlit.go.jp/statistics/details/content/deftsuki_2607.xlsx,PDL1.0,,2020年度基準(2020年度平均=100)。2026年4月分の公表から2020年度基準に改定(原本注)。ウエイト項目に営業余剰や間接税(消費税を含む)等を含めない(原本注)。原本の期間表示「2024年 10-12月」(暦年の四半期)。2023年度以降は建設投資のウエイトに2020〜2022年度の平均値を暫定的に使用(原本注)。原本では1列右の見出しの下にある値。月別シートのこの系列の3か月平均と一致(差 0.07、0.1 以内)を確かめて、この系列に付け直した(2026-09-26 番人。付け直した 800 セルが全部一致)。
2761f5ee5ebabf67,JP,index,建設工事費デフレーター（2020年度基準） 四半期別,SRC事務所・その他,SRC事務所・その他,index (2020年度平均 = 100),national,JP,日本,,,,118.5,,index_value,published_pdl,,,2024Q4,,mlit-deflator-tsuki-2607,deftsuki2020（四半期別）!BU45(見出しは右隣の系列。値はこの系列),https://www.mlit.go.jp/statistics/details/content/deftsuki_2607.xlsx,PDL1.0,,2020年度基準(2020年度平均=100)。2026年4月分の公表から2020年度基準に改定(原本注)。ウエイト項目に営業余剰や間接税(消費税を含む)等を含めない(原本注)。原本の期間表示「2024年 10-12月」(暦年の四半期)。2023年度以降は建設投資のウエイトに2020〜2022年度の平均値を暫定的に使用(原本注)。原本では1列右の見出しの下にある値。月別シートのこの系列の3か月平均と一致(差 0.00、0.1 以内)を確かめて、この系列に付け直した(2026-09-26 番人。付け直した 800 セルが全部一致)。
f6a3eee3db54587d,JP,index,建設工事費デフレーター（2020年度基準） 四半期別,RC工場・倉庫,RC工場・倉庫,index (2020年度平均 = 100),national,JP,日本,,,,119.5,,index_value,published_pdl,,,2024Q4,,mlit-deflator-tsuki-2607,deftsuki2020（四半期別）!BV45(見出しは右隣の系列。値はこの系列),https://www.mlit.go.jp/statistics/details/content/deftsuki_2607.xlsx,PDL1.0,,2020年度基準(2020年度平均=100)。2026年4月分の公表から2020年度基準に改定(原本注)。ウエイト項目に営業余剰や間接税(消費税を含む)等を含めない(原本注)。原本の期間表示「2024年 10-12月」(暦年の四半期)。2023年度以降は建設投資のウエイトに2020〜2022年度の平均値を暫定的に使用(原本注)。原本では1列右の見出しの下にある値。月別シートのこの系列の3か月平均と一致(差 0.03、0.1 以内)を確かめて、この系列に付け直した(2026-09-26 番人。付け直した 800 セルが全部一致)。
fba072b4d2bdd373,JP,index,建設工事費デフレーター（2020年度基準） 四半期別,RC学校,RC学校,index (2020年度平均 = 100),national,JP,日本,,,,118.5,,index_value,published_pdl,,,2024Q4,,mlit-deflator-tsuki-2607,deftsuki2020（四半期別）!BW45(見出しは右隣の系列。値はこの系列),https://www.mlit.go.jp/statistics/details/content/deftsuki_2607.xlsx,PDL1.0,,2020年度基準(2020年度平均=100)。2026年4月分の公表から2020年度基準に改定(原本注)。ウエイト項目に営業余剰や間接税(消費税を含む)等を含めない(原本注)。原本の期間表示「2024年 10-12月」(暦年の四半期)。2023年度以降は建設投資のウエイトに2020〜2022年度の平均値を暫定的に使用(原本注)。原本では1列右の見出しの下にある値。月別シートのこの系列の3か月平均と一致(差 0.03、0.1 以内)を確かめて、この系列に付け直した(2026-09-26 番人。付け直した 800 セルが全部一致)。
ce6d5815b8e1acba,JP,index,建設工事費デフレーター（2020年度基準） 四半期別,RC事務所・その他,RC事務所・その他,index (2020年度平均 = 100),national,JP,日本,,,,118.7,,index_value,published_pdl,,,2024Q4,,mlit-deflator-tsuki-2607,deftsuki2020（四半期別）!BX45(見出しは右隣の系列。値はこの系列),https://www.mlit.go.jp/statistics/details/content/deftsuki_2607.xlsx,PDL1.0,,2020年度基準(2020年度平均=100)。2026年4月分の公表から2020年度基準に改定(原本注)。ウエイト項目に営業余剰や間接税(消費税を含む)等を含めない(原本注)。原本の期間表示「2024年 10-12月」(暦年の四半期)。2023年度以降は建設投資のウエイトに2020〜2022年度の平均値を暫定的に使用(原本注)。原本では1列右の見出しの下にある値。月別シートのこの系列の3か月平均と一致(差 0.00、0.1 以内)を確かめて、この系列に付け直した(2026-09-26 番人。付け直した 800 セルが全部一致)。
690e28707a3a168e,JP,index,建設工事費デフレーター（2020年度基準） 四半期別,S工場・倉庫,S工場・倉庫,index (2020年度平均 = 100),national,JP,日本,,,,119.9,,index_value,published_pdl,,,2024Q4,,mlit-deflator-tsuki-2607,deftsuki2020（四半期別）!BY45(見出しは右隣の系列。値はこの系列),https://www.mlit.go.jp/statistics/details/content/deftsuki_2607.xlsx,PDL1.0,,2020年度基準(2020年度平均=100)。2026年4月分の公表から2020年度基準に改定(原本注)。ウエイト項目に営業余剰や間接税(消費税を含む)等を含めない(原本注)。原本の期間表示「2024年 10-12月」(暦年の四半期)。2023年度以降は建設投資のウエイトに2020〜2022年度の平均値を暫定的に使用(原本注)。原本では1列右の見出しの下にある値。月別シートのこの系列の3か月平均と一致(差 0.03、0.1 以内)を確かめて、この系列に付け直した(2026-09-26 番人。付け直した 800 セルが全部一致)。
5f495bf7f3dbef42,JP,index,建設工事費デフレーター（2020年度基準） 四半期別,S事務所・その他,S事務所・その他,index (2020年度平均 = 100),national,JP,日本,,,,,,index_value,not_set,,,2024Q4,,mlit-deflator-tsuki-2607,,https://www.mlit.go.jp/statistics/details/content/deftsuki_2607.xlsx,PDL1.0,,2020年度基準(2020年度平均=100)。2026年4月分の公表から2020年度基準に改定(原本注)。ウエイト項目に営業余剰や間接税(消費税を含む)等を含めない(原本注)。原本の期間表示「2024年 10-12月」(暦年の四半期)。2023年度以降は建設投資のウエイトに2020〜2022年度の平均値を暫定的に使用(原本注)。原本の四半期別では、列ずれのため、この系列のこの期間の値がどの列にも無い(2026-09-26 番人)。月別シートの値はある。
ad810556c3b812c0,JP,index,建設工事費デフレーター（2020年度基準） 四半期別,地方道路公社等,建設総合 > 土木総合 > 公共事業 > 土木1（除く災害復旧） > 道路総合 > 有料道路 > 地方道路公社等,index (2020年度平均 = 100),national,JP,日本,,,,118.1,,index_value,published_pdl,,,2025Q1,,mlit-deflator-tsuki-2607,deftsuki2020（四半期別）!AT46(見出しは右隣の系列。値はこの系列),https://www.mlit.go.jp/statistics/details/content/deftsuki_2607.xlsx,PDL1.0,,2020年度基準(2020年度平均=100)。2026年4月分の公表から2020年度基準に改定(原本注)。ウエイト項目に営業余剰や間接税(消費税を含む)等を含めない(原本注)。原本の期間表示「2025年 1-3月」(暦年の四半期)。2023年度以降は建設投資のウエイトに2020〜2022年度の平均値を暫定的に使用(原本注)。原本では1列右の見出しの下にある値。月別シートのこの系列の3か月平均と一致(差 0.00、0.1 以内)を確かめて、この系列に付け直した(2026-09-26 番人。付け直した 800 セルが全部一致)。
fe64c90eaa390255,JP,index,建設工事費デフレーター（2020年度基準） 四半期別,道路2（再掲）,建設総合 > 土木総合 > 公共事業 > 土木1（除く災害復旧） > 道路2（再掲）,index (2020年度平均 = 100),national,JP,日本,,,,118.8,,index_value,published_pdl,,,2025Q1,,mlit-deflator-tsuki-2607,deftsuki2020（四半期別）!AU46(見出しは右隣の系列。値はこの系列),https://www.mlit.go.jp/statistics/details/content/deftsuki_2607.xlsx,PDL1.0,,2020年度基準(2020年度平均=100)。2026年4月分の公表から2020年度基準に改定(原本注)。ウエイト項目に営業余剰や間接税(消費税を含む)等を含めない(原本注)。原本の期間表示「2025年 1-3月」(暦年の四半期)。2023年度以降は建設投資のウエイトに2020〜2022年度の平均値を暫定的に使用(原本注)。原本では1列右の見出しの下にある値。月別シートのこの系列の3か月平均と一致(差 0.00、0.1 以内)を確かめて、この系列に付け直した(2026-09-26 番人。付け直した 800 セルが全部一致)。
b74285193953fbac,JP,index,建設工事費デフレーター（2020年度基準） 四半期別,街路2（再掲）,建設総合 > 土木総合 > 公共事業 > 土木1（除く災害復旧） > 街路2（再掲）,index (2020年度平均 = 100),national,JP,日本,,,,118.6,,index_value,published_pdl,,,2025Q1,,mlit-deflator-tsuki-2607,deftsuki2020（四半期別）!AV46(見出しは右隣の系列。値はこの系列),https://www.mlit.go.jp/statistics/details/content/deftsuki_2607.xlsx,PDL1.0,,2020年度基準(2020年度平均=100)。2026年4月分の公表から2020年度基準に改定(原本注)。ウエイト項目に営業余剰や間接税(消費税を含む)等を含めない(原本注)。原本の期間表示「2025年 1-3月」(暦年の四半期)。2023年度以降は建設投資のウエイトに2020〜2022年度の平均値を暫定的に使用(原本注)。原本では1列右の見出しの下にある値。月別シートのこの系列の3か月平均と一致(差 0.00、0.1 以内)を確かめて、この系列に付け直した(2026-09-26 番人。付け直した 800 セルが全部一致)。
c315eb8465ae9ab1,JP,index,建設工事費デフレーター（2020年度基準） 四半期別,公園,建設総合 > 土木総合 > 公共事業 > 土木1（除く災害復旧） > 公園,index (2020年度平均 = 100),national,JP,日本,,,,116.3,,index_value,published_pdl,,,2025Q1,,mlit-deflator-tsuki-2607,deftsuki2020（四半期別）!AW46(見出しは右隣の系列。値はこの系列),https://www.mlit.go.jp/statistics/details/content/deftsuki_2607.xlsx,PDL1.0,,2020年度基準(2020年度平均=100)。2026年4月分の公表から2020年度基準に改定(原本注)。ウエイト項目に営業余剰や間接税(消費税を含む)等を含めない(原本注)。原本の期間表示「2025年 1-3月」(暦年の四半期)。2023年度以降は建設投資のウエイトに2020〜2022年度の平均値を暫定的に使用(原本注)。原本では1列右の見出しの下にある値。月別シートのこの系列の3か月平均と一致(差 0.03、0.1 以内)を確かめて、この系列に付け直した(2026-09-26 番人。付け直した 800 セルが全部一致)。
8e3b5709ea3d703e,JP,index,建設工事費デフレーター（2020年度基準） 四半期別,下水道,建設総合 > 土木総合 > 公共事業 > 土木1（除く災害復旧） > 下水道,index (2020年度平均 = 100),national,JP,日本,,,,117.9,,index_value,published_pdl,,,2025Q1,,mlit-deflator-tsuki-2607,deftsuki2020（四半期別）!AX46(見出しは右隣の系列。値はこの系列),https://www.mlit.go.jp/statistics/details/content/deftsuki_2607.xlsx,PDL1.0,,2020年度基準(2020年度平均=100)。2026年4月分の公表から2020年度基準に改定(原本注)。ウエイト項目に営業余剰や間接税(消費税を含む)等を含めない(原本注)。原本の期間表示「2025年 1-3月」(暦年の四半期)。2023年度以降は建設投資のウエイトに2020〜2022年度の平均値を暫定的に使用(原本注)。原本では1列右の見出しの下にある値。月別シートのこの系列の3か月平均と一致(差 0.03、0.1 以内)を確かめて、この系列に付け直した(2026-09-26 番人。付け直した 800 セルが全部一致)。
1aac4c05ef483000,JP,index,建設工事費デフレーター（2020年度基準） 四半期別,災害復旧,建設総合 > 土木総合 > 公共事業 > 土木1（除く災害復旧） > 災害復旧,index (2020年度平均 = 100),national,JP,日本,,,,118.4,,index_value,published_pdl,,,2025Q1,,mlit-deflator-tsuki-2607,deftsuki2020（四半期別）!AY46(見出しは右隣の系列。値はこの系列),https://www.mlit.go.jp/statistics/details/content/deftsuki_2607.xlsx,PDL1.0,,2020年度基準(2020年度平均=100)。2026年4月分の公表から2020年度基準に改定(原本注)。ウエイト項目に営業余剰や間接税(消費税を含む)等を含めない(原本注)。原本の期間表示「2025年 1-3月」(暦年の四半期)。2023年度以降は建設投資のウエイトに2020〜2022年度の平均値を暫定的に使用(原本注)。原本では1列右の見出しの下にある値。月別シートのこの系列の3か月平均と一致(差 0.00、0.1 以内)を確かめて、この系列に付け直した(2026-09-26 番人。付け直した 800 セルが全部一致)。
c33c3388d7f80e2d,JP,index,建設工事費デフレーター（2020年度基準） 四半期別,土木2,建設総合 > 土木総合 > 公共事業 > 土木2,index (2020年度平均 = 100),national,JP,日本,,,,118,,index_value,published_pdl,,,2025Q1,,mlit-deflator-tsuki-2607,deftsuki2020（四半期別）!AZ46(見出しは右隣の系列。値はこの系列),https://www.mlit.go.jp/statistics/details/content/deftsuki_2607.xlsx,PDL1.0,,2020年度基準(2020年度平均=100)。2026年4月分の公表から2020年度基準に改定(原本注)。ウエイト項目に営業余剰や間接税(消費税を含む)等を含めない(原本注)。原本の期間表示「2025年 1-3月」(暦年の四半期)。2023年度以降は建設投資のウエイトに2020〜2022年度の平均値を暫定的に使用(原本注)。原本では1列右の見出しの下にある値。月別シートのこの系列の3か月平均と一致(差 0.03、0.1 以内)を確かめて、この系列に付け直した(2026-09-26 番人。付け直した 800 セルが全部一致)。
ceebd7653a25f2c0,JP,index,建設工事費デフレーター（2020年度基準） 四半期別,港湾・漁港,建設総合 > 土木総合 > 公共事業 > 土木2 > 港湾・漁港,index (2020年度平均 = 100),national,JP,日本,,,,118,,index_value,published_pdl,,,2025Q1,,mlit-deflator-tsuki-2607,deftsuki2020（四半期別）!BA46(見出しは右隣の系列。値はこの系列),https://www.mlit.go.jp/statistics/details/content/deftsuki_2607.xlsx,PDL1.0,,2020年度基準(2020年度平均=100)。2026年4月分の公表から2020年度基準に改定(原本注)。ウエイト項目に営業余剰や間接税(消費税を含む)等を含めない(原本注)。原本の期間表示「2025年 1-3月」(暦年の四半期)。2023年度以降は建設投資のウエイトに2020〜2022年度の平均値を暫定的に使用(原本注)。原本では1列右の見出しの下にある値。月別シートのこの系列の3か月平均と一致(差 0.03、0.1 以内)を確かめて、この系列に付け直した(2026-09-26 番人。付け直した 800 セルが全部一致)。
15be513ac3e60ba5,JP,index,建設工事費デフレーター（2020年度基準） 四半期別,空港,建設総合 > 土木総合 > 公共事業 > 土木2 > 空港,index (2020年度平均 = 100),national,JP,日本,,,,112.3,,index_value,published_pdl,,,2025Q1,,mlit-deflator-tsuki-2607,deftsuki2020（四半期別）!BB46(見出しは右隣の系列。値はこの系列),https://www.mlit.go.jp/statistics/details/content/deftsuki_2607.xlsx,PDL1.0,,2020年度基準(2020年度平均=100)。2026年4月分の公表から2020年度基準に改定(原本注)。ウエイト項目に営業余剰や間接税(消費税を含む)等を含めない(原本注)。原本の期間表示「2025年 1-3月」(暦年の四半期)。2023年度以降は建設投資のウエイトに2020〜2022年度の平均値を暫定的に使用(原本注)。原本では1列右の見出しの下にある値。月別シートのこの系列の3か月平均と一致(差 0.00、0.1 以内)を確かめて、この系列に付け直した(2026-09-26 番人。付け直した 800 セルが全部一致)。
8a20cef46d4c51d5,JP,index,建設工事費デフレーター（2020年度基準） 四半期別,環境衛生,建設総合 > 土木総合 > 公共事業 > 土木2 > 環境衛生,index (2020年度平均 = 100),national,JP,日本,,,,118.3,,index_value,published_pdl,,,2025Q1,,mlit-deflator-tsuki-2607,deftsuki2020（四半期別）!BC46(見出しは右隣の系列。値はこの系列),https://www.mlit.go.jp/statistics/details/content/deftsuki_2607.xlsx,PDL1.0,,2020年度基準(2020年度平均=100)。2026年4月分の公表から2020年度基準に改定(原本注)。ウエイト項目に営業余剰や間接税(消費税を含む)等を含めない(原本注)。原本の期間表示「2025年 1-3月」(暦年の四半期)。2023年度以降は建設投資のウエイトに2020〜2022年度の平均値を暫定的に使用(原本注)。原本では1列右の見出しの下にある値。月別シートのこの系列の3か月平均と一致(差 0.03、0.1 以内)を確かめて、この系列に付け直した(2026-09-26 番人。付け直した 800 セルが全部一致)。
053181621cb560d9,JP,index,建設工事費デフレーター（2020年度基準） 四半期別,農林関係公共事業,建設総合 > 土木総合 > 公共事業 > 土木2 > 農林関係公共事業,index (2020年度平均 = 100),national,JP,日本,,,,118.7,,index_value,published_pdl,,,2025Q1,,mlit-deflator-tsuki-2607,deftsuki2020（四半期別）!BD46(見出しは右隣の系列。値はこの系列),https://www.mlit.go.jp/statistics/details/content/deftsuki_2607.xlsx,PDL1.0,,2020年度基準(2020年度平均=100)。2026年4月分の公表から2020年度基準に改定(原本注)。ウエイト項目に営業余剰や間接税(消費税を含む)等を含めない(原本注)。原本の期間表示「2025年 1-3月」(暦年の四半期)。2023年度以降は建設投資のウエイトに2020〜2022年度の平均値を暫定的に使用(原本注)。原本では1列右の見出しの下にある値。月別シートのこの系列の3か月平均と一致(差 0.03、0.1 以内)を確かめて、この系列に付け直した(2026-09-26 番人。付け直した 800 セルが全部一致)。
2f4fff2e77eea7e4,JP,index,建設工事費デフレーター（2020年度基準） 四半期別,その他土木,建設総合 > 土木総合 > その他土木 (原本の列 BD。同じ表頭の列が2つある),index (2020年度平均 = 100),national,JP,日本,,,,118.2,,index_value,published_pdl,,,2025Q1,,mlit-deflator-tsuki-2607,deftsuki2020（四半期別）!BE46(見出しは右隣の系列。値はこの系列),https://www.mlit.go.jp/statistics/details/content/deftsuki_2607.xlsx,PDL1.0,,2020年度基準(2020年度平均=100)。2026年4月分の公表から2020年度基準に改定(原本注)。ウエイト項目に営業余剰や間接税(消費税を含む)等を含めない(原本注)。原本の期間表示「2025年 1-3月」(暦年の四半期)。2023年度以降は建設投資のウエイトに2020〜2022年度の平均値を暫定的に使用(原本注)。原本では1列右の見出しの下にある値。月別シートのこの系列の3か月平均と一致(差 0.03、0.1 以内)を確かめて、この系列に付け直した(2026-09-26 番人。付け直した 800 セルが全部一致)。
62ff563b6011d205,JP,index,建設工事費デフレーター（2020年度基準） 四半期別,鉄道軌道,建設総合 > 土木総合 > その他土木 > 鉄道軌道,index (2020年度平均 = 100),national,JP,日本,,,,119.9,,index_value,published_pdl,,,2025Q1,,mlit-deflator-tsuki-2607,deftsuki2020（四半期別）!BF46(見出しは右隣の系列。値はこの系列),https://www.mlit.go.jp/statistics/details/content/deftsuki_2607.xlsx,PDL1.0,,2020年度基準(2020年度平均=100)。2026年4月分の公表から2020年度基準に改定(原本注)。ウエイト項目に営業余剰や間接税(消費税を含む)等を含めない(原本注)。原本の期間表示「2025年 1-3月」(暦年の四半期)。2023年度以降は建設投資のウエイトに2020〜2022年度の平均値を暫定的に使用(原本注)。原本では1列右の見出しの下にある値。月別シートのこの系列の3か月平均と一致(差 0.03、0.1 以内)を確かめて、この系列に付け直した(2026-09-26 番人。付け直した 800 セルが全部一致)。
805878e08ae0556d,JP,index,建設工事費デフレーター（2020年度基準） 四半期別,電力,建設総合 > 土木総合 > その他土木 > 電力,index (2020年度平均 = 100),national,JP,日本,,,,119,,index_value,published_pdl,,,2025Q1,,mlit-deflator-tsuki-2607,deftsuki2020（四半期別）!BG46(見出しは右隣の系列。値はこの系列),https://www.mlit.go.jp/statistics/details/content/deftsuki_2607.xlsx,PDL1.0,,2020年度基準(2020年度平均=100)。2026年4月分の公表から2020年度基準に改定(原本注)。ウエイト項目に営業余剰や間接税(消費税を含む)等を含めない(原本注)。原本の期間表示「2025年 1-3月」(暦年の四半期)。2023年度以降は建設投資のウエイトに2020〜2022年度の平均値を暫定的に使用(原本注)。原本では1列右の見出しの下にある値。月別シートのこの系列の3か月平均と一致(差 0.00、0.1 以内)を確かめて、この系列に付け直した(2026-09-26 番人。付け直した 800 セルが全部一致)。
d9b0f26b00becb80,JP,index,建設工事費デフレーター（2020年度基準） 四半期別,電気通信,建設総合 > 土木総合 > その他土木 > 電気通信,index (2020年度平均 = 100),national,JP,日本,,,,115.7,,index_value,published_pdl,,,2025Q1,,mlit-deflator-tsuki-2607,deftsuki2020（四半期別）!BH46(見出しは右隣の系列。値はこの系列),https://www.mlit.go.jp/statistics/details/content/deftsuki_2607.xlsx,PDL1.0,,2020年度基準(2020年度平均=100)。2026年4月分の公表から2020年度基準に改定(原本注)。ウエイト項目に営業余剰や間接税(消費税を含む)等を含めない(原本注)。原本の期間表示「2025年 1-3月」(暦年の四半期)。2023年度以降は建設投資のウエイトに2020〜2022年度の平均値を暫定的に使用(原本注)。原本では1列右の見出しの下にある値。月別シートのこの系列の3か月平均と一致(差 0.03、0.1 以内)を確かめて、この系列に付け直した(2026-09-26 番人。付け直した 800 セルが全部一致)。
ba60e5928d36ea13,JP,index,建設工事費デフレーター（2020年度基準） 四半期別,上・工業用水道,建設総合 > 土木総合 > その他土木 > 上・工業用水道,index (2020年度平均 = 100),national,JP,日本,,,,118.1,,index_value,published_pdl,,,2025Q1,,mlit-deflator-tsuki-2607,deftsuki2020（四半期別）!BI46(見出しは右隣の系列。値はこの系列),https://www.mlit.go.jp/statistics/details/content/deftsuki_2607.xlsx,PDL1.0,,2020年度基準(2020年度平均=100)。2026年4月分の公表から2020年度基準に改定(原本注)。ウエイト項目に営業余剰や間接税(消費税を含む)等を含めない(原本注)。原本の期間表示「2025年 1-3月」(暦年の四半期)。2023年度以降は建設投資のウエイトに2020〜2022年度の平均値を暫定的に使用(原本注)。原本では1列右の見出しの下にある値。月別シートのこの系列の3か月平均と一致(差 0.03、0.1 以内)を確かめて、この系列に付け直した(2026-09-26 番人。付け直した 800 セルが全部一致)。
7a65625cdacd6275,JP,index,建設工事費デフレーター（2020年度基準） 四半期別,土地造成,建設総合 > 土木総合 > その他土木 > 土地造成,index (2020年度平均 = 100),national,JP,日本,,,,116.6,,index_value,published_pdl,,,2025Q1,,mlit-deflator-tsuki-2607,deftsuki2020（四半期別）!BJ46(見出しは右隣の系列。値はこの系列),https://www.mlit.go.jp/statistics/details/content/deftsuki_2607.xlsx,PDL1.0,,2020年度基準(2020年度平均=100)。2026年4月分の公表から2020年度基準に改定(原本注)。ウエイト項目に営業余剰や間接税(消費税を含む)等を含めない(原本注)。原本の期間表示「2025年 1-3月」(暦年の四半期)。2023年度以降は建設投資のウエイトに2020〜2022年度の平均値を暫定的に使用(原本注)。原本では1列右の見出しの下にある値。月別シートのこの系列の3か月平均と一致(差 0.00、0.1 以内)を確かめて、この系列に付け直した(2026-09-26 番人。付け直した 800 セルが全部一致)。
450c55f30dcd386d,JP,index,建設工事費デフレーター（2020年度基準） 四半期別,その他土木,建設総合 > 土木総合 > その他土木 (原本の列 BJ。同じ表頭の列が2つある),index (2020年度平均 = 100),national,JP,日本,,,,117.4,,index_value,published_pdl,,,2025Q1,,mlit-deflator-tsuki-2607,deftsuki2020（四半期別）!BK46(見出しは右隣の系列。値はこの系列),https://www.mlit.go.jp/statistics/details/content/deftsuki_2607.xlsx,PDL1.0,,2020年度基準(2020年度平均=100)。2026年4月分の公表から2020年度基準に改定(原本注)。ウエイト項目に営業余剰や間接税(消費税を含む)等を含めない(原本注)。原本の期間表示「2025年 1-3月」(暦年の四半期)。2023年度以降は建設投資のウエイトに2020〜2022年度の平均値を暫定的に使用(原本注)。原本では1列右の見出しの下にある値。月別シートのこの系列の3か月平均と一致(差 0.03、0.1 以内)を確かめて、この系列に付け直した(2026-09-26 番人。付け直した 800 セルが全部一致)。
7bda759521572756,JP,index,建設工事費デフレーター（2020年度基準） 四半期別,W在来住宅,W在来住宅,index (2020年度平均 = 100),national,JP,日本,,,,118.9,,index_value,published_pdl,,,2025Q1,,mlit-deflator-tsuki-2607,deftsuki2020（四半期別）!BL46(見出しは右隣の系列。値はこの系列),https://www.mlit.go.jp/statistics/details/content/deftsuki_2607.xlsx,PDL1.0,,2020年度基準(2020年度平均=100)。2026年4月分の公表から2020年度基準に改定(原本注)。ウエイト項目に営業余剰や間接税(消費税を含む)等を含めない(原本注)。原本の期間表示「2025年 1-3月」(暦年の四半期)。2023年度以降は建設投資のウエイトに2020〜2022年度の平均値を暫定的に使用(原本注)。原本では1列右の見出しの下にある値。月別シートのこの系列の3か月平均と一致(差 0.00、0.1 以内)を確かめて、この系列に付け直した(2026-09-26 番人。付け直した 800 セルが全部一致)。
29c4a06c757be4fd,JP,index,建設工事費デフレーター（2020年度基準） 四半期別,W量産住宅,W量産住宅,index (2020年度平均 = 100),national,JP,日本,,,,120.2,,index_value,published_pdl,,,2025Q1,,mlit-deflator-tsuki-2607,deftsuki2020（四半期別）!BM46(見出しは右隣の系列。値はこの系列),https://www.mlit.go.jp/statistics/details/content/deftsuki_2607.xlsx,PDL1.0,,2020年度基準(2020年度平均=100)。2026年4月分の公表から2020年度基準に改定(原本注)。ウエイト項目に営業余剰や間接税(消費税を含む)等を含めない(原本注)。原本の期間表示「2025年 1-3月」(暦年の四半期)。2023年度以降は建設投資のウエイトに2020〜2022年度の平均値を暫定的に使用(原本注)。原本では1列右の見出しの下にある値。月別シートのこの系列の3か月平均と一致(差 0.00、0.1 以内)を確かめて、この系列に付け直した(2026-09-26 番人。付け直した 800 セルが全部一致)。
d6e2822950672f36,JP,index,建設工事費デフレーター（2020年度基準） 四半期別,RC在来住宅,RC在来住宅,index (2020年度平均 = 100),national,JP,日本,,,,119.2,,index_value,published_pdl,,,2025Q1,,mlit-deflator-tsuki-2607,deftsuki2020（四半期別）!BN46(見出しは右隣の系列。値はこの系列),https://www.mlit.go.jp/statistics/details/content/deftsuki_2607.xlsx,PDL1.0,,2020年度基準(2020年度平均=100)。2026年4月分の公表から2020年度基準に改定(原本注)。ウエイト項目に営業余剰や間接税(消費税を含む)等を含めない(原本注)。原本の期間表示「2025年 1-3月」(暦年の四半期)。2023年度以降は建設投資のウエイトに2020〜2022年度の平均値を暫定的に使用(原本注)。原本では1列右の見出しの下にある値。月別シートのこの系列の3か月平均と一致(差 0.00、0.1 以内)を確かめて、この系列に付け直した(2026-09-26 番人。付け直した 800 セルが全部一致)。
069b06c804de1bff,JP,index,建設工事費デフレーター（2020年度基準） 四半期別,RC量産住宅,RC量産住宅,index (2020年度平均 = 100),national,JP,日本,,,,119.4,,index_value,published_pdl,,,2025Q1,,mlit-deflator-tsuki-2607,deftsuki2020（四半期別）!BO46(見出しは右隣の系列。値はこの系列),https://www.mlit.go.jp/statistics/details/content/deftsuki_2607.xlsx,PDL1.0,,2020年度基準(2020年度平均=100)。2026年4月分の公表から2020年度基準に改定(原本注)。ウエイト項目に営業余剰や間接税(消費税を含む)等を含めない(原本注)。原本の期間表示「2025年 1-3月」(暦年の四半期)。2023年度以降は建設投資のウエイトに2020〜2022年度の平均値を暫定的に使用(原本注)。原本では1列右の見出しの下にある値。月別シートのこの系列の3か月平均と一致(差 0.00、0.1 以内)を確かめて、この系列に付け直した(2026-09-26 番人。付け直した 800 セルが全部一致)。
2e859868166a53a8,JP,index,建設工事費デフレーター（2020年度基準） 四半期別,S在来住宅,S在来住宅,index (2020年度平均 = 100),national,JP,日本,,,,120.4,,index_value,published_pdl,,,2025Q1,,mlit-deflator-tsuki-2607,deftsuki2020（四半期別）!BP46(見出しは右隣の系列。値はこの系列),https://www.mlit.go.jp/statistics/details/content/deftsuki_2607.xlsx,PDL1.0,,2020年度基準(2020年度平均=100)。2026年4月分の公表から2020年度基準に改定(原本注)。ウエイト項目に営業余剰や間接税(消費税を含む)等を含めない(原本注)。原本の期間表示「2025年 1-3月」(暦年の四半期)。2023年度以降は建設投資のウエイトに2020〜2022年度の平均値を暫定的に使用(原本注)。原本では1列右の見出しの下にある値。月別シートのこの系列の3か月平均と一致(差 0.03、0.1 以内)を確かめて、この系列に付け直した(2026-09-26 番人。付け直した 800 セルが全部一致)。
93dc96eb5d80598c,JP,index,建設工事費デフレーター（2020年度基準） 四半期別,S量産住宅,S量産住宅,index (2020年度平均 = 100),national,JP,日本,,,,122.3,,index_value,published_pdl,,,2025Q1,,mlit-deflator-tsuki-2607,deftsuki2020（四半期別）!BQ46(見出しは右隣の系列。値はこの系列),https://www.mlit.go.jp/statistics/details/content/deftsuki_2607.xlsx,PDL1.0,,2020年度基準(2020年度平均=100)。2026年4月分の公表から2020年度基準に改定(原本注)。ウエイト項目に営業余剰や間接税(消費税を含む)等を含めない(原本注)。原本の期間表示「2025年 1-3月」(暦年の四半期)。2023年度以降は建設投資のウエイトに2020〜2022年度の平均値を暫定的に使用(原本注)。原本では1列右の見出しの下にある値。月別シートのこの系列の3か月平均と一致(差 0.03、0.1 以内)を確かめて、この系列に付け直した(2026-09-26 番人。付け直した 800 セルが全部一致)。
a3bd614998a7d335,JP,index,建設工事費デフレーター（2020年度基準） 四半期別,W工場・倉庫,W工場・倉庫,index (2020年度平均 = 100),national,JP,日本,,,,118.3,,index_value,published_pdl,,,2025Q1,,mlit-deflator-tsuki-2607,deftsuki2020（四半期別）!BR46(見出しは右隣の系列。値はこの系列),https://www.mlit.go.jp/statistics/details/content/deftsuki_2607.xlsx,PDL1.0,,2020年度基準(2020年度平均=100)。2026年4月分の公表から2020年度基準に改定(原本注)。ウエイト項目に営業余剰や間接税(消費税を含む)等を含めない(原本注)。原本の期間表示「2025年 1-3月」(暦年の四半期)。2023年度以降は建設投資のウエイトに2020〜2022年度の平均値を暫定的に使用(原本注)。原本では1列右の見出しの下にある値。月別シートのこの系列の3か月平均と一致(差 0.03、0.1 以内)を確かめて、この系列に付け直した(2026-09-26 番人。付け直した 800 セルが全部一致)。
bce5396018161d68,JP,index,建設工事費デフレーター（2020年度基準） 四半期別,W事務所・その他,W事務所・その他,index (2020年度平均 = 100),national,JP,日本,,,,117.9,,index_value,published_pdl,,,2025Q1,,mlit-deflator-tsuki-2607,deftsuki2020（四半期別）!BS46(見出しは右隣の系列。値はこの系列),https://www.mlit.go.jp/statistics/details/content/deftsuki_2607.xlsx,PDL1.0,,2020年度基準(2020年度平均=100)。2026年4月分の公表から2020年度基準に改定(原本注)。ウエイト項目に営業余剰や間接税(消費税を含む)等を含めない(原本注)。原本の期間表示「2025年 1-3月」(暦年の四半期)。2023年度以降は建設投資のウエイトに2020〜2022年度の平均値を暫定的に使用(原本注)。原本では1列右の見出しの下にある値。月別シートのこの系列の3か月平均と一致(差 0.00、0.1 以内)を確かめて、この系列に付け直した(2026-09-26 番人。付け直した 800 セルが全部一致)。
8ac4774334c30161,JP,index,建設工事費デフレーター（2020年度基準） 四半期別,SRC工場・倉庫,SRC工場・倉庫,index (2020年度平均 = 100),national,JP,日本,,,,119.7,,index_value,published_pdl,,,2025Q1,,mlit-deflator-tsuki-2607,deftsuki2020（四半期別）!BT46(見出しは右隣の系列。値はこの系列),https://www.mlit.go.jp/statistics/details/content/deftsuki_2607.xlsx,PDL1.0,,2020年度基準(2020年度平均=100)。2026年4月分の公表から2020年度基準に改定(原本注)。ウエイト項目に営業余剰や間接税(消費税を含む)等を含めない(原本注)。原本の期間表示「2025年 1-3月」(暦年の四半期)。2023年度以降は建設投資のウエイトに2020〜2022年度の平均値を暫定的に使用(原本注)。原本では1列右の見出しの下にある値。月別シートのこの系列の3か月平均と一致(差 0.00、0.1 以内)を確かめて、この系列に付け直した(2026-09-26 番人。付け直した 800 セルが全部一致)。
2884d90faa9e0d26,JP,index,建設工事費デフレーター（2020年度基準） 四半期別,SRC事務所・その他,SRC事務所・その他,index (2020年度平均 = 100),national,JP,日本,,,,118,,index_value,published_pdl,,,2025Q1,,mlit-deflator-tsuki-2607,deftsuki2020（四半期別）!BU46(見出しは右隣の系列。値はこの系列),https://www.mlit.go.jp/statistics/details/content/deftsuki_2607.xlsx,PDL1.0,,2020年度基準(2020年度平均=100)。2026年4月分の公表から2020年度基準に改定(原本注)。ウエイト項目に営業余剰や間接税(消費税を含む)等を含めない(原本注)。原本の期間表示「2025年 1-3月」(暦年の四半期)。2023年度以降は建設投資のウエイトに2020〜2022年度の平均値を暫定的に使用(原本注)。原本では1列右の見出しの下にある値。月別シートのこの系列の3か月平均と一致(差 0.03、0.1 以内)を確かめて、この系列に付け直した(2026-09-26 番人。付け直した 800 セルが全部一致)。
49076cbf70e7cb51,JP,index,建設工事費デフレーター（2020年度基準） 四半期別,RC工場・倉庫,RC工場・倉庫,index (2020年度平均 = 100),national,JP,日本,,,,119.1,,index_value,published_pdl,,,2025Q1,,mlit-deflator-tsuki-2607,deftsuki2020（四半期別）!BV46(見出しは右隣の系列。値はこの系列),https://www.mlit.go.jp/statistics/details/content/deftsuki_2607.xlsx,PDL1.0,,2020年度基準(2020年度平均=100)。2026年4月分の公表から2020年度基準に改定(原本注)。ウエイト項目に営業余剰や間接税(消費税を含む)等を含めない(原本注)。原本の期間表示「2025年 1-3月」(暦年の四半期)。2023年度以降は建設投資のウエイトに2020〜2022年度の平均値を暫定的に使用(原本注)。原本では1列右の見出しの下にある値。月別シートのこの系列の3か月平均と一致(差 0.00、0.1 以内)を確かめて、この系列に付け直した(2026-09-26 番人。付け直した 800 セルが全部一致)。
8c2f2ee47c31f3c8,JP,index,建設工事費デフレーター（2020年度基準） 四半期別,RC学校,RC学校,index (2020年度平均 = 100),national,JP,日本,,,,118.1,,index_value,published_pdl,,,2025Q1,,mlit-deflator-tsuki-2607,deftsuki2020（四半期別）!BW46(見出しは右隣の系列。値はこの系列),https://www.mlit.go.jp/statistics/details/content/deftsuki_2607.xlsx,PDL1.0,,2020年度基準(2020年度平均=100)。2026年4月分の公表から2020年度基準に改定(原本注)。ウエイト項目に営業余剰や間接税(消費税を含む)等を含めない(原本注)。原本の期間表示「2025年 1-3月」(暦年の四半期)。2023年度以降は建設投資のウエイトに2020〜2022年度の平均値を暫定的に使用(原本注)。原本では1列右の見出しの下にある値。月別シートのこの系列の3か月平均と一致(差 0.03、0.1 以内)を確かめて、この系列に付け直した(2026-09-26 番人。付け直した 800 セルが全部一致)。
d2a479fee67b5301,JP,index,建設工事費デフレーター（2020年度基準） 四半期別,RC事務所・その他,RC事務所・その他,index (2020年度平均 = 100),national,JP,日本,,,,118.3,,index_value,published_pdl,,,2025Q1,,mlit-deflator-tsuki-2607,deftsuki2020（四半期別）!BX46(見出しは右隣の系列。値はこの系列),https://www.mlit.go.jp/statistics/details/content/deftsuki_2607.xlsx,PDL1.0,,2020年度基準(2020年度平均=100)。2026年4月分の公表から2020年度基準に改定(原本注)。ウエイト項目に営業余剰や間接税(消費税を含む)等を含めない(原本注)。原本の期間表示「2025年 1-3月」(暦年の四半期)。2023年度以降は建設投資のウエイトに2020〜2022年度の平均値を暫定的に使用(原本注)。原本では1列右の見出しの下にある値。月別シートのこの系列の3か月平均と一致(差 0.07、0.1 以内)を確かめて、この系列に付け直した(2026-09-26 番人。付け直した 800 セルが全部一致)。
412fc9791bcab175,JP,index,建設工事費デフレーター（2020年度基準） 四半期別,S工場・倉庫,S工場・倉庫,index (2020年度平均 = 100),national,JP,日本,,,,119.5,,index_value,published_pdl,,,2025Q1,,mlit-deflator-tsuki-2607,deftsuki2020（四半期別）!BY46(見出しは右隣の系列。値はこの系列),https://www.mlit.go.jp/statistics/details/content/deftsuki_2607.xlsx,PDL1.0,,2020年度基準(2020年度平均=100)。2026年4月分の公表から2020年度基準に改定(原本注)。ウエイト項目に営業余剰や間接税(消費税を含む)等を含めない(原本注)。原本の期間表示「2025年 1-3月」(暦年の四半期)。2023年度以降は建設投資のウエイトに2020〜2022年度の平均値を暫定的に使用(原本注)。原本では1列右の見出しの下にある値。月別シートのこの系列の3か月平均と一致(差 0.00、0.1 以内)を確かめて、この系列に付け直した(2026-09-26 番人。付け直した 800 セルが全部一致)。
5e590b47034055b2,JP,index,建設工事費デフレーター（2020年度基準） 四半期別,S事務所・その他,S事務所・その他,index (2020年度平均 = 100),national,JP,日本,,,,,,index_value,not_set,,,2025Q1,,mlit-deflator-tsuki-2607,,https://www.mlit.go.jp/statistics/details/content/deftsuki_2607.xlsx,PDL1.0,,2020年度基準(2020年度平均=100)。2026年4月分の公表から2020年度基準に改定(原本注)。ウエイト項目に営業余剰や間接税(消費税を含む)等を含めない(原本注)。原本の期間表示「2025年 1-3月」(暦年の四半期)。2023年度以降は建設投資のウエイトに2020〜2022年度の平均値を暫定的に使用(原本注)。原本の四半期別では、列ずれのため、この系列のこの期間の値がどの列にも無い(2026-09-26 番人)。月別シートの値はある。
ba663387fabb1abb,JP,index,建設工事費デフレーター（2020年度基準） 四半期別,地方道路公社等,建設総合 > 土木総合 > 公共事業 > 土木1（除く災害復旧） > 道路総合 > 有料道路 > 地方道路公社等,index (2020年度平均 = 100),national,JP,日本,,,,119.1,,index_value,published_pdl,,,2025Q2,,mlit-deflator-tsuki-2607,deftsuki2020（四半期別）!AT47(見出しは右隣の系列。値はこの系列),https://www.mlit.go.jp/statistics/details/content/deftsuki_2607.xlsx,PDL1.0,,2020年度基準(2020年度平均=100)。2026年4月分の公表から2020年度基準に改定(原本注)。ウエイト項目に営業余剰や間接税(消費税を含む)等を含めない(原本注)。原本の期間表示「2025年 4-6月」(暦年の四半期)。2023年度以降は建設投資のウエイトに2020〜2022年度の平均値を暫定的に使用(原本注)。原本では1列右の見出しの下にある値。月別シートのこの系列の3か月平均と一致(差 0.03、0.1 以内)を確かめて、この系列に付け直した(2026-09-26 番人。付け直した 800 セルが全部一致)。
fd84e58d75be7fd1,JP,index,建設工事費デフレーター（2020年度基準） 四半期別,道路2（再掲）,建設総合 > 土木総合 > 公共事業 > 土木1（除く災害復旧） > 道路2（再掲）,index (2020年度平均 = 100),national,JP,日本,,,,120,,index_value,published_pdl,,,2025Q2,,mlit-deflator-tsuki-2607,deftsuki2020（四半期別）!AU47(見出しは右隣の系列。値はこの系列),https://www.mlit.go.jp/statistics/details/content/deftsuki_2607.xlsx,PDL1.0,,2020年度基準(2020年度平均=100)。2026年4月分の公表から2020年度基準に改定(原本注)。ウエイト項目に営業余剰や間接税(消費税を含む)等を含めない(原本注)。原本の期間表示「2025年 4-6月」(暦年の四半期)。2023年度以降は建設投資のウエイトに2020〜2022年度の平均値を暫定的に使用(原本注)。原本では1列右の見出しの下にある値。月別シートのこの系列の3か月平均と一致(差 0.00、0.1 以内)を確かめて、この系列に付け直した(2026-09-26 番人。付け直した 800 セルが全部一致)。
81dcd80ba0f54fac,JP,index,建設工事費デフレーター（2020年度基準） 四半期別,街路2（再掲）,建設総合 > 土木総合 > 公共事業 > 土木1（除く災害復旧） > 街路2（再掲）,index (2020年度平均 = 100),national,JP,日本,,,,120,,index_value,published_pdl,,,2025Q2,,mlit-deflator-tsuki-2607,deftsuki2020（四半期別）!AV47(見出しは右隣の系列。値はこの系列),https://www.mlit.go.jp/statistics/details/content/deftsuki_2607.xlsx,PDL1.0,,2020年度基準(2020年度平均=100)。2026年4月分の公表から2020年度基準に改定(原本注)。ウエイト項目に営業余剰や間接税(消費税を含む)等を含めない(原本注)。原本の期間表示「2025年 4-6月」(暦年の四半期)。2023年度以降は建設投資のウエイトに2020〜2022年度の平均値を暫定的に使用(原本注)。原本では1列右の見出しの下にある値。月別シートのこの系列の3か月平均と一致(差 0.03、0.1 以内)を確かめて、この系列に付け直した(2026-09-26 番人。付け直した 800 セルが全部一致)。
a7473498869dfc59,JP,index,建設工事費デフレーター（2020年度基準） 四半期別,公園,建設総合 > 土木総合 > 公共事業 > 土木1（除く災害復旧） > 公園,index (2020年度平均 = 100),national,JP,日本,,,,117.4,,index_value,published_pdl,,,2025Q2,,mlit-deflator-tsuki-2607,deftsuki2020（四半期別）!AW47(見出しは右隣の系列。値はこの系列),https://www.mlit.go.jp/statistics/details/content/deftsuki_2607.xlsx,PDL1.0,,2020年度基準(2020年度平均=100)。2026年4月分の公表から2020年度基準に改定(原本注)。ウエイト項目に営業余剰や間接税(消費税を含む)等を含めない(原本注)。原本の期間表示「2025年 4-6月」(暦年の四半期)。2023年度以降は建設投資のウエイトに2020〜2022年度の平均値を暫定的に使用(原本注)。原本では1列右の見出しの下にある値。月別シートのこの系列の3か月平均と一致(差 0.07、0.1 以内)を確かめて、この系列に付け直した(2026-09-26 番人。付け直した 800 セルが全部一致)。
273761dfc7b042d3,JP,index,建設工事費デフレーター（2020年度基準） 四半期別,下水道,建設総合 > 土木総合 > 公共事業 > 土木1（除く災害復旧） > 下水道,index (2020年度平均 = 100),national,JP,日本,,,,119.3,,index_value,published_pdl,,,2025Q2,,mlit-deflator-tsuki-2607,deftsuki2020（四半期別）!AX47(見出しは右隣の系列。値はこの系列),https://www.mlit.go.jp/statistics/details/content/deftsuki_2607.xlsx,PDL1.0,,2020年度基準(2020年度平均=100)。2026年4月分の公表から2020年度基準に改定(原本注)。ウエイト項目に営業余剰や間接税(消費税を含む)等を含めない(原本注)。原本の期間表示「2025年 4-6月」(暦年の四半期)。2023年度以降は建設投資のウエイトに2020〜2022年度の平均値を暫定的に使用(原本注)。原本では1列右の見出しの下にある値。月別シートのこの系列の3か月平均と一致(差 0.03、0.1 以内)を確かめて、この系列に付け直した(2026-09-26 番人。付け直した 800 セルが全部一致)。
d9c0d3012bf40fc2,JP,index,建設工事費デフレーター（2020年度基準） 四半期別,災害復旧,建設総合 > 土木総合 > 公共事業 > 土木1（除く災害復旧） > 災害復旧,index (2020年度平均 = 100),national,JP,日本,,,,119.9,,index_value,published_pdl,,,2025Q2,,mlit-deflator-tsuki-2607,deftsuki2020（四半期別）!AY47(見出しは右隣の系列。値はこの系列),https://www.mlit.go.jp/statistics/details/content/deftsuki_2607.xlsx,PDL1.0,,2020年度基準(2020年度平均=100)。2026年4月分の公表から2020年度基準に改定(原本注)。ウエイト項目に営業余剰や間接税(消費税を含む)等を含めない(原本注)。原本の期間表示「2025年 4-6月」(暦年の四半期)。2023年度以降は建設投資のウエイトに2020〜2022年度の平均値を暫定的に使用(原本注)。原本では1列右の見出しの下にある値。月別シートのこの系列の3か月平均と一致(差 0.03、0.1 以内)を確かめて、この系列に付け直した(2026-09-26 番人。付け直した 800 セルが全部一致)。
5f4c02dc9d7401f4,JP,index,建設工事費デフレーター（2020年度基準） 四半期別,土木2,建設総合 > 土木総合 > 公共事業 > 土木2,index (2020年度平均 = 100),national,JP,日本,,,,119.2,,index_value,published_pdl,,,2025Q2,,mlit-deflator-tsuki-2607,deftsuki2020（四半期別）!AZ47(見出しは右隣の系列。値はこの系列),https://www.mlit.go.jp/statistics/details/content/deftsuki_2607.xlsx,PDL1.0,,2020年度基準(2020年度平均=100)。2026年4月分の公表から2020年度基準に改定(原本注)。ウエイト項目に営業余剰や間接税(消費税を含む)等を含めない(原本注)。原本の期間表示「2025年 4-6月」(暦年の四半期)。2023年度以降は建設投資のウエイトに2020〜2022年度の平均値を暫定的に使用(原本注)。原本では1列右の見出しの下にある値。月別シートのこの系列の3か月平均と一致(差 0.03、0.1 以内)を確かめて、この系列に付け直した(2026-09-26 番人。付け直した 800 セルが全部一致)。
a51f7eeee0dfb686,JP,index,建設工事費デフレーター（2020年度基準） 四半期別,港湾・漁港,建設総合 > 土木総合 > 公共事業 > 土木2 > 港湾・漁港,index (2020年度平均 = 100),national,JP,日本,,,,119.1,,index_value,published_pdl,,,2025Q2,,mlit-deflator-tsuki-2607,deftsuki2020（四半期別）!BA47(見出しは右隣の系列。値はこの系列),https://www.mlit.go.jp/statistics/details/content/deftsuki_2607.xlsx,PDL1.0,,2020年度基準(2020年度平均=100)。2026年4月分の公表から2020年度基準に改定(原本注)。ウエイト項目に営業余剰や間接税(消費税を含む)等を含めない(原本注)。原本の期間表示「2025年 4-6月」(暦年の四半期)。2023年度以降は建設投資のウエイトに2020〜2022年度の平均値を暫定的に使用(原本注)。原本では1列右の見出しの下にある値。月別シートのこの系列の3か月平均と一致(差 0.03、0.1 以内)を確かめて、この系列に付け直した(2026-09-26 番人。付け直した 800 セルが全部一致)。
a3c99ac4e9229d3b,JP,index,建設工事費デフレーター（2020年度基準） 四半期別,空港,建設総合 > 土木総合 > 公共事業 > 土木2 > 空港,index (2020年度平均 = 100),national,JP,日本,,,,113.4,,index_value,published_pdl,,,2025Q2,,mlit-deflator-tsuki-2607,deftsuki2020（四半期別）!BB47(見出しは右隣の系列。値はこの系列),https://www.mlit.go.jp/statistics/details/content/deftsuki_2607.xlsx,PDL1.0,,2020年度基準(2020年度平均=100)。2026年4月分の公表から2020年度基準に改定(原本注)。ウエイト項目に営業余剰や間接税(消費税を含む)等を含めない(原本注)。原本の期間表示「2025年 4-6月」(暦年の四半期)。2023年度以降は建設投資のウエイトに2020〜2022年度の平均値を暫定的に使用(原本注)。原本では1列右の見出しの下にある値。月別シートのこの系列の3か月平均と一致(差 0.03、0.1 以内)を確かめて、この系列に付け直した(2026-09-26 番人。付け直した 800 セルが全部一致)。
5179ba4f5b942b16,JP,index,建設工事費デフレーター（2020年度基準） 四半期別,環境衛生,建設総合 > 土木総合 > 公共事業 > 土木2 > 環境衛生,index (2020年度平均 = 100),national,JP,日本,,,,119.2,,index_value,published_pdl,,,2025Q2,,mlit-deflator-tsuki-2607,deftsuki2020（四半期別）!BC47(見出しは右隣の系列。値はこの系列),https://www.mlit.go.jp/statistics/details/content/deftsuki_2607.xlsx,PDL1.0,,2020年度基準(2020年度平均=100)。2026年4月分の公表から2020年度基準に改定(原本注)。ウエイト項目に営業余剰や間接税(消費税を含む)等を含めない(原本注)。原本の期間表示「2025年 4-6月」(暦年の四半期)。2023年度以降は建設投資のウエイトに2020〜2022年度の平均値を暫定的に使用(原本注)。原本では1列右の見出しの下にある値。月別シートのこの系列の3か月平均と一致(差 0.00、0.1 以内)を確かめて、この系列に付け直した(2026-09-26 番人。付け直した 800 セルが全部一致)。
cfd5e4625281bf24,JP,index,建設工事費デフレーター（2020年度基準） 四半期別,農林関係公共事業,建設総合 > 土木総合 > 公共事業 > 土木2 > 農林関係公共事業,index (2020年度平均 = 100),national,JP,日本,,,,120,,index_value,published_pdl,,,2025Q2,,mlit-deflator-tsuki-2607,deftsuki2020（四半期別）!BD47(見出しは右隣の系列。値はこの系列),https://www.mlit.go.jp/statistics/details/content/deftsuki_2607.xlsx,PDL1.0,,2020年度基準(2020年度平均=100)。2026年4月分の公表から2020年度基準に改定(原本注)。ウエイト項目に営業余剰や間接税(消費税を含む)等を含めない(原本注)。原本の期間表示「2025年 4-6月」(暦年の四半期)。2023年度以降は建設投資のウエイトに2020〜2022年度の平均値を暫定的に使用(原本注)。原本では1列右の見出しの下にある値。月別シートのこの系列の3か月平均と一致(差 0.03、0.1 以内)を確かめて、この系列に付け直した(2026-09-26 番人。付け直した 800 セルが全部一致)。
48a209a20d17dc00,JP,index,建設工事費デフレーター（2020年度基準） 四半期別,その他土木,建設総合 > 土木総合 > その他土木 (原本の列 BD。同じ表頭の列が2つある),index (2020年度平均 = 100),national,JP,日本,,,,119.3,,index_value,published_pdl,,,2025Q2,,mlit-deflator-tsuki-2607,deftsuki2020（四半期別）!BE47(見出しは右隣の系列。値はこの系列),https://www.mlit.go.jp/statistics/details/content/deftsuki_2607.xlsx,PDL1.0,,2020年度基準(2020年度平均=100)。2026年4月分の公表から2020年度基準に改定(原本注)。ウエイト項目に営業余剰や間接税(消費税を含む)等を含めない(原本注)。原本の期間表示「2025年 4-6月」(暦年の四半期)。2023年度以降は建設投資のウエイトに2020〜2022年度の平均値を暫定的に使用(原本注)。原本では1列右の見出しの下にある値。月別シートのこの系列の3か月平均と一致(差 0.00、0.1 以内)を確かめて、この系列に付け直した(2026-09-26 番人。付け直した 800 セルが全部一致)。
f31bd7cd3f01b04f,JP,index,建設工事費デフレーター（2020年度基準） 四半期別,鉄道軌道,建設総合 > 土木総合 > その他土木 > 鉄道軌道,index (2020年度平均 = 100),national,JP,日本,,,,120.7,,index_value,published_pdl,,,2025Q2,,mlit-deflator-tsuki-2607,deftsuki2020（四半期別）!BF47(見出しは右隣の系列。値はこの系列),https://www.mlit.go.jp/statistics/details/content/deftsuki_2607.xlsx,PDL1.0,,2020年度基準(2020年度平均=100)。2026年4月分の公表から2020年度基準に改定(原本注)。ウエイト項目に営業余剰や間接税(消費税を含む)等を含めない(原本注)。原本の期間表示「2025年 4-6月」(暦年の四半期)。2023年度以降は建設投資のウエイトに2020〜2022年度の平均値を暫定的に使用(原本注)。原本では1列右の見出しの下にある値。月別シートのこの系列の3か月平均と一致(差 0.03、0.1 以内)を確かめて、この系列に付け直した(2026-09-26 番人。付け直した 800 セルが全部一致)。
ec38d6c86614ae95,JP,index,建設工事費デフレーター（2020年度基準） 四半期別,電力,建設総合 > 土木総合 > その他土木 > 電力,index (2020年度平均 = 100),national,JP,日本,,,,120.1,,index_value,published_pdl,,,2025Q2,,mlit-deflator-tsuki-2607,deftsuki2020（四半期別）!BG47(見出しは右隣の系列。値はこの系列),https://www.mlit.go.jp/statistics/details/content/deftsuki_2607.xlsx,PDL1.0,,2020年度基準(2020年度平均=100)。2026年4月分の公表から2020年度基準に改定(原本注)。ウエイト項目に営業余剰や間接税(消費税を含む)等を含めない(原本注)。原本の期間表示「2025年 4-6月」(暦年の四半期)。2023年度以降は建設投資のウエイトに2020〜2022年度の平均値を暫定的に使用(原本注)。原本では1列右の見出しの下にある値。月別シートのこの系列の3か月平均と一致(差 0.03、0.1 以内)を確かめて、この系列に付け直した(2026-09-26 番人。付け直した 800 セルが全部一致)。
f5e3509f72b26bec,JP,index,建設工事費デフレーター（2020年度基準） 四半期別,電気通信,建設総合 > 土木総合 > その他土木 > 電気通信,index (2020年度平均 = 100),national,JP,日本,,,,117.1,,index_value,published_pdl,,,2025Q2,,mlit-deflator-tsuki-2607,deftsuki2020（四半期別）!BH47(見出しは右隣の系列。値はこの系列),https://www.mlit.go.jp/statistics/details/content/deftsuki_2607.xlsx,PDL1.0,,2020年度基準(2020年度平均=100)。2026年4月分の公表から2020年度基準に改定(原本注)。ウエイト項目に営業余剰や間接税(消費税を含む)等を含めない(原本注)。原本の期間表示「2025年 4-6月」(暦年の四半期)。2023年度以降は建設投資のウエイトに2020〜2022年度の平均値を暫定的に使用(原本注)。原本では1列右の見出しの下にある値。月別シートのこの系列の3か月平均と一致(差 0.03、0.1 以内)を確かめて、この系列に付け直した(2026-09-26 番人。付け直した 800 セルが全部一致)。
262127ffb26ae361,JP,index,建設工事費デフレーター（2020年度基準） 四半期別,上・工業用水道,建設総合 > 土木総合 > その他土木 > 上・工業用水道,index (2020年度平均 = 100),national,JP,日本,,,,119.5,,index_value,published_pdl,,,2025Q2,,mlit-deflator-tsuki-2607,deftsuki2020（四半期別）!BI47(見出しは右隣の系列。値はこの系列),https://www.mlit.go.jp/statistics/details/content/deftsuki_2607.xlsx,PDL1.0,,2020年度基準(2020年度平均=100)。2026年4月分の公表から2020年度基準に改定(原本注)。ウエイト項目に営業余剰や間接税(消費税を含む)等を含めない(原本注)。原本の期間表示「2025年 4-6月」(暦年の四半期)。2023年度以降は建設投資のウエイトに2020〜2022年度の平均値を暫定的に使用(原本注)。原本では1列右の見出しの下にある値。月別シートのこの系列の3か月平均と一致(差 0.03、0.1 以内)を確かめて、この系列に付け直した(2026-09-26 番人。付け直した 800 セルが全部一致)。
5f4fe0412780f382,JP,index,建設工事費デフレーター（2020年度基準） 四半期別,土地造成,建設総合 > 土木総合 > その他土木 > 土地造成,index (2020年度平均 = 100),national,JP,日本,,,,117.8,,index_value,published_pdl,,,2025Q2,,mlit-deflator-tsuki-2607,deftsuki2020（四半期別）!BJ47(見出しは右隣の系列。値はこの系列),https://www.mlit.go.jp/statistics/details/content/deftsuki_2607.xlsx,PDL1.0,,2020年度基準(2020年度平均=100)。2026年4月分の公表から2020年度基準に改定(原本注)。ウエイト項目に営業余剰や間接税(消費税を含む)等を含めない(原本注)。原本の期間表示「2025年 4-6月」(暦年の四半期)。2023年度以降は建設投資のウエイトに2020〜2022年度の平均値を暫定的に使用(原本注)。原本では1列右の見出しの下にある値。月別シートのこの系列の3か月平均と一致(差 0.03、0.1 以内)を確かめて、この系列に付け直した(2026-09-26 番人。付け直した 800 セルが全部一致)。
650592053c0140af,JP,index,建設工事費デフレーター（2020年度基準） 四半期別,その他土木,建設総合 > 土木総合 > その他土木 (原本の列 BJ。同じ表頭の列が2つある),index (2020年度平均 = 100),national,JP,日本,,,,118.6,,index_value,published_pdl,,,2025Q2,,mlit-deflator-tsuki-2607,deftsuki2020（四半期別）!BK47(見出しは右隣の系列。値はこの系列),https://www.mlit.go.jp/statistics/details/content/deftsuki_2607.xlsx,PDL1.0,,2020年度基準(2020年度平均=100)。2026年4月分の公表から2020年度基準に改定(原本注)。ウエイト項目に営業余剰や間接税(消費税を含む)等を含めない(原本注)。原本の期間表示「2025年 4-6月」(暦年の四半期)。2023年度以降は建設投資のウエイトに2020〜2022年度の平均値を暫定的に使用(原本注)。原本では1列右の見出しの下にある値。月別シートのこの系列の3か月平均と一致(差 0.03、0.1 以内)を確かめて、この系列に付け直した(2026-09-26 番人。付け直した 800 セルが全部一致)。
32780de4e7b57896,JP,index,建設工事費デフレーター（2020年度基準） 四半期別,W在来住宅,W在来住宅,index (2020年度平均 = 100),national,JP,日本,,,,120.7,,index_value,published_pdl,,,2025Q2,,mlit-deflator-tsuki-2607,deftsuki2020（四半期別）!BL47(見出しは右隣の系列。値はこの系列),https://www.mlit.go.jp/statistics/details/content/deftsuki_2607.xlsx,PDL1.0,,2020年度基準(2020年度平均=100)。2026年4月分の公表から2020年度基準に改定(原本注)。ウエイト項目に営業余剰や間接税(消費税を含む)等を含めない(原本注)。原本の期間表示「2025年 4-6月」(暦年の四半期)。2023年度以降は建設投資のウエイトに2020〜2022年度の平均値を暫定的に使用(原本注)。原本では1列右の見出しの下にある値。月別シートのこの系列の3か月平均と一致(差 0.03、0.1 以内)を確かめて、この系列に付け直した(2026-09-26 番人。付け直した 800 セルが全部一致)。
fcb32ed969cbd548,JP,index,建設工事費デフレーター（2020年度基準） 四半期別,W量産住宅,W量産住宅,index (2020年度平均 = 100),national,JP,日本,,,,121.9,,index_value,published_pdl,,,2025Q2,,mlit-deflator-tsuki-2607,deftsuki2020（四半期別）!BM47(見出しは右隣の系列。値はこの系列),https://www.mlit.go.jp/statistics/details/content/deftsuki_2607.xlsx,PDL1.0,,2020年度基準(2020年度平均=100)。2026年4月分の公表から2020年度基準に改定(原本注)。ウエイト項目に営業余剰や間接税(消費税を含む)等を含めない(原本注)。原本の期間表示「2025年 4-6月」(暦年の四半期)。2023年度以降は建設投資のウエイトに2020〜2022年度の平均値を暫定的に使用(原本注)。原本では1列右の見出しの下にある値。月別シートのこの系列の3か月平均と一致(差 0.03、0.1 以内)を確かめて、この系列に付け直した(2026-09-26 番人。付け直した 800 セルが全部一致)。
cc5bfe41c1bcba74,JP,index,建設工事費デフレーター（2020年度基準） 四半期別,RC在来住宅,RC在来住宅,index (2020年度平均 = 100),national,JP,日本,,,,120.6,,index_value,published_pdl,,,2025Q2,,mlit-deflator-tsuki-2607,deftsuki2020（四半期別）!BN47(見出しは右隣の系列。値はこの系列),https://www.mlit.go.jp/statistics/details/content/deftsuki_2607.xlsx,PDL1.0,,2020年度基準(2020年度平均=100)。2026年4月分の公表から2020年度基準に改定(原本注)。ウエイト項目に営業余剰や間接税(消費税を含む)等を含めない(原本注)。原本の期間表示「2025年 4-6月」(暦年の四半期)。2023年度以降は建設投資のウエイトに2020〜2022年度の平均値を暫定的に使用(原本注)。原本では1列右の見出しの下にある値。月別シートのこの系列の3か月平均と一致(差 0.00、0.1 以内)を確かめて、この系列に付け直した(2026-09-26 番人。付け直した 800 セルが全部一致)。
f3d3032f326f3ae2,JP,index,建設工事費デフレーター（2020年度基準） 四半期別,RC量産住宅,RC量産住宅,index (2020年度平均 = 100),national,JP,日本,,,,120.7,,index_value,published_pdl,,,2025Q2,,mlit-deflator-tsuki-2607,deftsuki2020（四半期別）!BO47(見出しは右隣の系列。値はこの系列),https://www.mlit.go.jp/statistics/details/content/deftsuki_2607.xlsx,PDL1.0,,2020年度基準(2020年度平均=100)。2026年4月分の公表から2020年度基準に改定(原本注)。ウエイト項目に営業余剰や間接税(消費税を含む)等を含めない(原本注)。原本の期間表示「2025年 4-6月」(暦年の四半期)。2023年度以降は建設投資のウエイトに2020〜2022年度の平均値を暫定的に使用(原本注)。原本では1列右の見出しの下にある値。月別シートのこの系列の3か月平均と一致(差 0.00、0.1 以内)を確かめて、この系列に付け直した(2026-09-26 番人。付け直した 800 セルが全部一致)。
f3617aa4c8eb5655,JP,index,建設工事費デフレーター（2020年度基準） 四半期別,S在来住宅,S在来住宅,index (2020年度平均 = 100),national,JP,日本,,,,122.1,,index_value,published_pdl,,,2025Q2,,mlit-deflator-tsuki-2607,deftsuki2020（四半期別）!BP47(見出しは右隣の系列。値はこの系列),https://www.mlit.go.jp/statistics/details/content/deftsuki_2607.xlsx,PDL1.0,,2020年度基準(2020年度平均=100)。2026年4月分の公表から2020年度基準に改定(原本注)。ウエイト項目に営業余剰や間接税(消費税を含む)等を含めない(原本注)。原本の期間表示「2025年 4-6月」(暦年の四半期)。2023年度以降は建設投資のウエイトに2020〜2022年度の平均値を暫定的に使用(原本注)。原本では1列右の見出しの下にある値。月別シートのこの系列の3か月平均と一致(差 0.00、0.1 以内)を確かめて、この系列に付け直した(2026-09-26 番人。付け直した 800 セルが全部一致)。
828dba273ce71688,JP,index,建設工事費デフレーター（2020年度基準） 四半期別,S量産住宅,S量産住宅,index (2020年度平均 = 100),national,JP,日本,,,,123.7,,index_value,published_pdl,,,2025Q2,,mlit-deflator-tsuki-2607,deftsuki2020（四半期別）!BQ47(見出しは右隣の系列。値はこの系列),https://www.mlit.go.jp/statistics/details/content/deftsuki_2607.xlsx,PDL1.0,,2020年度基準(2020年度平均=100)。2026年4月分の公表から2020年度基準に改定(原本注)。ウエイト項目に営業余剰や間接税(消費税を含む)等を含めない(原本注)。原本の期間表示「2025年 4-6月」(暦年の四半期)。2023年度以降は建設投資のウエイトに2020〜2022年度の平均値を暫定的に使用(原本注)。原本では1列右の見出しの下にある値。月別シートのこの系列の3か月平均と一致(差 0.03、0.1 以内)を確かめて、この系列に付け直した(2026-09-26 番人。付け直した 800 セルが全部一致)。
c4fd591f590af853,JP,index,建設工事費デフレーター（2020年度基準） 四半期別,W工場・倉庫,W工場・倉庫,index (2020年度平均 = 100),national,JP,日本,,,,120,,index_value,published_pdl,,,2025Q2,,mlit-deflator-tsuki-2607,deftsuki2020（四半期別）!BR47(見出しは右隣の系列。値はこの系列),https://www.mlit.go.jp/statistics/details/content/deftsuki_2607.xlsx,PDL1.0,,2020年度基準(2020年度平均=100)。2026年4月分の公表から2020年度基準に改定(原本注)。ウエイト項目に営業余剰や間接税(消費税を含む)等を含めない(原本注)。原本の期間表示「2025年 4-6月」(暦年の四半期)。2023年度以降は建設投資のウエイトに2020〜2022年度の平均値を暫定的に使用(原本注)。原本では1列右の見出しの下にある値。月別シートのこの系列の3か月平均と一致(差 0.00、0.1 以内)を確かめて、この系列に付け直した(2026-09-26 番人。付け直した 800 セルが全部一致)。
82f35245d36452a1,JP,index,建設工事費デフレーター（2020年度基準） 四半期別,W事務所・その他,W事務所・その他,index (2020年度平均 = 100),national,JP,日本,,,,119.7,,index_value,published_pdl,,,2025Q2,,mlit-deflator-tsuki-2607,deftsuki2020（四半期別）!BS47(見出しは右隣の系列。値はこの系列),https://www.mlit.go.jp/statistics/details/content/deftsuki_2607.xlsx,PDL1.0,,2020年度基準(2020年度平均=100)。2026年4月分の公表から2020年度基準に改定(原本注)。ウエイト項目に営業余剰や間接税(消費税を含む)等を含めない(原本注)。原本の期間表示「2025年 4-6月」(暦年の四半期)。2023年度以降は建設投資のウエイトに2020〜2022年度の平均値を暫定的に使用(原本注)。原本では1列右の見出しの下にある値。月別シートのこの系列の3か月平均と一致(差 0.03、0.1 以内)を確かめて、この系列に付け直した(2026-09-26 番人。付け直した 800 セルが全部一致)。
af1eb45032c4761e,JP,index,建設工事費デフレーター（2020年度基準） 四半期別,SRC工場・倉庫,SRC工場・倉庫,index (2020年度平均 = 100),national,JP,日本,,,,121.3,,index_value,published_pdl,,,2025Q2,,mlit-deflator-tsuki-2607,deftsuki2020（四半期別）!BT47(見出しは右隣の系列。値はこの系列),https://www.mlit.go.jp/statistics/details/content/deftsuki_2607.xlsx,PDL1.0,,2020年度基準(2020年度平均=100)。2026年4月分の公表から2020年度基準に改定(原本注)。ウエイト項目に営業余剰や間接税(消費税を含む)等を含めない(原本注)。原本の期間表示「2025年 4-6月」(暦年の四半期)。2023年度以降は建設投資のウエイトに2020〜2022年度の平均値を暫定的に使用(原本注)。原本では1列右の見出しの下にある値。月別シートのこの系列の3か月平均と一致(差 0.07、0.1 以内)を確かめて、この系列に付け直した(2026-09-26 番人。付け直した 800 セルが全部一致)。
5904cddfabc6bd03,JP,index,建設工事費デフレーター（2020年度基準） 四半期別,SRC事務所・その他,SRC事務所・その他,index (2020年度平均 = 100),national,JP,日本,,,,119.6,,index_value,published_pdl,,,2025Q2,,mlit-deflator-tsuki-2607,deftsuki2020（四半期別）!BU47(見出しは右隣の系列。値はこの系列),https://www.mlit.go.jp/statistics/details/content/deftsuki_2607.xlsx,PDL1.0,,2020年度基準(2020年度平均=100)。2026年4月分の公表から2020年度基準に改定(原本注)。ウエイト項目に営業余剰や間接税(消費税を含む)等を含めない(原本注)。原本の期間表示「2025年 4-6月」(暦年の四半期)。2023年度以降は建設投資のウエイトに2020〜2022年度の平均値を暫定的に使用(原本注)。原本では1列右の見出しの下にある値。月別シートのこの系列の3か月平均と一致(差 0.00、0.1 以内)を確かめて、この系列に付け直した(2026-09-26 番人。付け直した 800 セルが全部一致)。
d982a6c39f1b4a19,JP,index,建設工事費デフレーター（2020年度基準） 四半期別,RC工場・倉庫,RC工場・倉庫,index (2020年度平均 = 100),national,JP,日本,,,,120.5,,index_value,published_pdl,,,2025Q2,,mlit-deflator-tsuki-2607,deftsuki2020（四半期別）!BV47(見出しは右隣の系列。値はこの系列),https://www.mlit.go.jp/statistics/details/content/deftsuki_2607.xlsx,PDL1.0,,2020年度基準(2020年度平均=100)。2026年4月分の公表から2020年度基準に改定(原本注)。ウエイト項目に営業余剰や間接税(消費税を含む)等を含めない(原本注)。原本の期間表示「2025年 4-6月」(暦年の四半期)。2023年度以降は建設投資のウエイトに2020〜2022年度の平均値を暫定的に使用(原本注)。原本では1列右の見出しの下にある値。月別シートのこの系列の3か月平均と一致(差 0.03、0.1 以内)を確かめて、この系列に付け直した(2026-09-26 番人。付け直した 800 セルが全部一致)。
442fa8e0b975ecd6,JP,index,建設工事費デフレーター（2020年度基準） 四半期別,RC学校,RC学校,index (2020年度平均 = 100),national,JP,日本,,,,119.5,,index_value,published_pdl,,,2025Q2,,mlit-deflator-tsuki-2607,deftsuki2020（四半期別）!BW47(見出しは右隣の系列。値はこの系列),https://www.mlit.go.jp/statistics/details/content/deftsuki_2607.xlsx,PDL1.0,,2020年度基準(2020年度平均=100)。2026年4月分の公表から2020年度基準に改定(原本注)。ウエイト項目に営業余剰や間接税(消費税を含む)等を含めない(原本注)。原本の期間表示「2025年 4-6月」(暦年の四半期)。2023年度以降は建設投資のウエイトに2020〜2022年度の平均値を暫定的に使用(原本注)。原本では1列右の見出しの下にある値。月別シートのこの系列の3か月平均と一致(差 0.03、0.1 以内)を確かめて、この系列に付け直した(2026-09-26 番人。付け直した 800 セルが全部一致)。
5825f59f8619886d,JP,index,建設工事費デフレーター（2020年度基準） 四半期別,RC事務所・その他,RC事務所・その他,index (2020年度平均 = 100),national,JP,日本,,,,119.8,,index_value,published_pdl,,,2025Q2,,mlit-deflator-tsuki-2607,deftsuki2020（四半期別）!BX47(見出しは右隣の系列。値はこの系列),https://www.mlit.go.jp/statistics/details/content/deftsuki_2607.xlsx,PDL1.0,,2020年度基準(2020年度平均=100)。2026年4月分の公表から2020年度基準に改定(原本注)。ウエイト項目に営業余剰や間接税(消費税を含む)等を含めない(原本注)。原本の期間表示「2025年 4-6月」(暦年の四半期)。2023年度以降は建設投資のウエイトに2020〜2022年度の平均値を暫定的に使用(原本注)。原本では1列右の見出しの下にある値。月別シートのこの系列の3か月平均と一致(差 0.03、0.1 以内)を確かめて、この系列に付け直した(2026-09-26 番人。付け直した 800 セルが全部一致)。
738d32bc3428d90e,JP,index,建設工事費デフレーター（2020年度基準） 四半期別,S工場・倉庫,S工場・倉庫,index (2020年度平均 = 100),national,JP,日本,,,,121,,index_value,published_pdl,,,2025Q2,,mlit-deflator-tsuki-2607,deftsuki2020（四半期別）!BY47(見出しは右隣の系列。値はこの系列),https://www.mlit.go.jp/statistics/details/content/deftsuki_2607.xlsx,PDL1.0,,2020年度基準(2020年度平均=100)。2026年4月分の公表から2020年度基準に改定(原本注)。ウエイト項目に営業余剰や間接税(消費税を含む)等を含めない(原本注)。原本の期間表示「2025年 4-6月」(暦年の四半期)。2023年度以降は建設投資のウエイトに2020〜2022年度の平均値を暫定的に使用(原本注)。原本では1列右の見出しの下にある値。月別シートのこの系列の3か月平均と一致(差 0.00、0.1 以内)を確かめて、この系列に付け直した(2026-09-26 番人。付け直した 800 セルが全部一致)。
4bf0992089699c4e,JP,index,建設工事費デフレーター（2020年度基準） 四半期別,S事務所・その他,S事務所・その他,index (2020年度平均 = 100),national,JP,日本,,,,,,index_value,not_set,,,2025Q2,,mlit-deflator-tsuki-2607,,https://www.mlit.go.jp/statistics/details/content/deftsuki_2607.xlsx,PDL1.0,,2020年度基準(2020年度平均=100)。2026年4月分の公表から2020年度基準に改定(原本注)。ウエイト項目に営業余剰や間接税(消費税を含む)等を含めない(原本注)。原本の期間表示「2025年 4-6月」(暦年の四半期)。2023年度以降は建設投資のウエイトに2020〜2022年度の平均値を暫定的に使用(原本注)。原本の四半期別では、列ずれのため、この系列のこの期間の値がどの列にも無い(2026-09-26 番人)。月別シートの値はある。
f1d36fde84e6b8b7,JP,index,建設工事費デフレーター（2020年度基準） 四半期別,地方道路公社等,建設総合 > 土木総合 > 公共事業 > 土木1（除く災害復旧） > 道路総合 > 有料道路 > 地方道路公社等,index (2020年度平均 = 100),national,JP,日本,,,,120.9,,index_value,published_pdl,,,2025Q3,,mlit-deflator-tsuki-2607,deftsuki2020（四半期別）!AT48(見出しは右隣の系列。値はこの系列),https://www.mlit.go.jp/statistics/details/content/deftsuki_2607.xlsx,PDL1.0,,2020年度基準(2020年度平均=100)。2026年4月分の公表から2020年度基準に改定(原本注)。ウエイト項目に営業余剰や間接税(消費税を含む)等を含めない(原本注)。原本の期間表示「2025年 7-9月」(暦年の四半期)。2023年度以降は建設投資のウエイトに2020〜2022年度の平均値を暫定的に使用(原本注)。原本では1列右の見出しの下にある値。月別シートのこの系列の3か月平均と一致(差 0.00、0.1 以内)を確かめて、この系列に付け直した(2026-09-26 番人。付け直した 800 セルが全部一致)。
e77534a3d2006913,JP,index,建設工事費デフレーター（2020年度基準） 四半期別,道路2（再掲）,建設総合 > 土木総合 > 公共事業 > 土木1（除く災害復旧） > 道路2（再掲）,index (2020年度平均 = 100),national,JP,日本,,,,121.6,,index_value,published_pdl,,,2025Q3,,mlit-deflator-tsuki-2607,deftsuki2020（四半期別）!AU48(見出しは右隣の系列。値はこの系列),https://www.mlit.go.jp/statistics/details/content/deftsuki_2607.xlsx,PDL1.0,,2020年度基準(2020年度平均=100)。2026年4月分の公表から2020年度基準に改定(原本注)。ウエイト項目に営業余剰や間接税(消費税を含む)等を含めない(原本注)。原本の期間表示「2025年 7-9月」(暦年の四半期)。2023年度以降は建設投資のウエイトに2020〜2022年度の平均値を暫定的に使用(原本注)。原本では1列右の見出しの下にある値。月別シートのこの系列の3か月平均と一致(差 0.03、0.1 以内)を確かめて、この系列に付け直した(2026-09-26 番人。付け直した 800 セルが全部一致)。
e702c4cf1f068f1e,JP,index,建設工事費デフレーター（2020年度基準） 四半期別,街路2（再掲）,建設総合 > 土木総合 > 公共事業 > 土木1（除く災害復旧） > 街路2（再掲）,index (2020年度平均 = 100),national,JP,日本,,,,121.6,,index_value,published_pdl,,,2025Q3,,mlit-deflator-tsuki-2607,deftsuki2020（四半期別）!AV48(見出しは右隣の系列。値はこの系列),https://www.mlit.go.jp/statistics/details/content/deftsuki_2607.xlsx,PDL1.0,,2020年度基準(2020年度平均=100)。2026年4月分の公表から2020年度基準に改定(原本注)。ウエイト項目に営業余剰や間接税(消費税を含む)等を含めない(原本注)。原本の期間表示「2025年 7-9月」(暦年の四半期)。2023年度以降は建設投資のウエイトに2020〜2022年度の平均値を暫定的に使用(原本注)。原本では1列右の見出しの下にある値。月別シートのこの系列の3か月平均と一致(差 0.00、0.1 以内)を確かめて、この系列に付け直した(2026-09-26 番人。付け直した 800 セルが全部一致)。
e33ac2bf038ed40f,JP,index,建設工事費デフレーター（2020年度基準） 四半期別,公園,建設総合 > 土木総合 > 公共事業 > 土木1（除く災害復旧） > 公園,index (2020年度平均 = 100),national,JP,日本,,,,119.1,,index_value,published_pdl,,,2025Q3,,mlit-deflator-tsuki-2607,deftsuki2020（四半期別）!AW48(見出しは右隣の系列。値はこの系列),https://www.mlit.go.jp/statistics/details/content/deftsuki_2607.xlsx,PDL1.0,,2020年度基準(2020年度平均=100)。2026年4月分の公表から2020年度基準に改定(原本注)。ウエイト項目に営業余剰や間接税(消費税を含む)等を含めない(原本注)。原本の期間表示「2025年 7-9月」(暦年の四半期)。2023年度以降は建設投資のウエイトに2020〜2022年度の平均値を暫定的に使用(原本注)。原本では1列右の見出しの下にある値。月別シートのこの系列の3か月平均と一致(差 0.00、0.1 以内)を確かめて、この系列に付け直した(2026-09-26 番人。付け直した 800 セルが全部一致)。
941635fd1ef64053,JP,index,建設工事費デフレーター（2020年度基準） 四半期別,下水道,建設総合 > 土木総合 > 公共事業 > 土木1（除く災害復旧） > 下水道,index (2020年度平均 = 100),national,JP,日本,,,,121,,index_value,published_pdl,,,2025Q3,,mlit-deflator-tsuki-2607,deftsuki2020（四半期別）!AX48(見出しは右隣の系列。値はこの系列),https://www.mlit.go.jp/statistics/details/content/deftsuki_2607.xlsx,PDL1.0,,2020年度基準(2020年度平均=100)。2026年4月分の公表から2020年度基準に改定(原本注)。ウエイト項目に営業余剰や間接税(消費税を含む)等を含めない(原本注)。原本の期間表示「2025年 7-9月」(暦年の四半期)。2023年度以降は建設投資のウエイトに2020〜2022年度の平均値を暫定的に使用(原本注)。原本では1列右の見出しの下にある値。月別シートのこの系列の3か月平均と一致(差 0.00、0.1 以内)を確かめて、この系列に付け直した(2026-09-26 番人。付け直した 800 セルが全部一致)。
5122a0f8de239a51,JP,index,建設工事費デフレーター（2020年度基準） 四半期別,災害復旧,建設総合 > 土木総合 > 公共事業 > 土木1（除く災害復旧） > 災害復旧,index (2020年度平均 = 100),national,JP,日本,,,,121.9,,index_value,published_pdl,,,2025Q3,,mlit-deflator-tsuki-2607,deftsuki2020（四半期別）!AY48(見出しは右隣の系列。値はこの系列),https://www.mlit.go.jp/statistics/details/content/deftsuki_2607.xlsx,PDL1.0,,2020年度基準(2020年度平均=100)。2026年4月分の公表から2020年度基準に改定(原本注)。ウエイト項目に営業余剰や間接税(消費税を含む)等を含めない(原本注)。原本の期間表示「2025年 7-9月」(暦年の四半期)。2023年度以降は建設投資のウエイトに2020〜2022年度の平均値を暫定的に使用(原本注)。原本では1列右の見出しの下にある値。月別シートのこの系列の3か月平均と一致(差 0.07、0.1 以内)を確かめて、この系列に付け直した(2026-09-26 番人。付け直した 800 セルが全部一致)。
3d2d4fe81b2cf22d,JP,index,建設工事費デフレーター（2020年度基準） 四半期別,土木2,建設総合 > 土木総合 > 公共事業 > 土木2,index (2020年度平均 = 100),national,JP,日本,,,,121.1,,index_value,published_pdl,,,2025Q3,,mlit-deflator-tsuki-2607,deftsuki2020（四半期別）!AZ48(見出しは右隣の系列。値はこの系列),https://www.mlit.go.jp/statistics/details/content/deftsuki_2607.xlsx,PDL1.0,,2020年度基準(2020年度平均=100)。2026年4月分の公表から2020年度基準に改定(原本注)。ウエイト項目に営業余剰や間接税(消費税を含む)等を含めない(原本注)。原本の期間表示「2025年 7-9月」(暦年の四半期)。2023年度以降は建設投資のウエイトに2020〜2022年度の平均値を暫定的に使用(原本注)。原本では1列右の見出しの下にある値。月別シートのこの系列の3か月平均と一致(差 0.03、0.1 以内)を確かめて、この系列に付け直した(2026-09-26 番人。付け直した 800 セルが全部一致)。
0778af98f382c108,JP,index,建設工事費デフレーター（2020年度基準） 四半期別,港湾・漁港,建設総合 > 土木総合 > 公共事業 > 土木2 > 港湾・漁港,index (2020年度平均 = 100),national,JP,日本,,,,120.9,,index_value,published_pdl,,,2025Q3,,mlit-deflator-tsuki-2607,deftsuki2020（四半期別）!BA48(見出しは右隣の系列。値はこの系列),https://www.mlit.go.jp/statistics/details/content/deftsuki_2607.xlsx,PDL1.0,,2020年度基準(2020年度平均=100)。2026年4月分の公表から2020年度基準に改定(原本注)。ウエイト項目に営業余剰や間接税(消費税を含む)等を含めない(原本注)。原本の期間表示「2025年 7-9月」(暦年の四半期)。2023年度以降は建設投資のウエイトに2020〜2022年度の平均値を暫定的に使用(原本注)。原本では1列右の見出しの下にある値。月別シートのこの系列の3か月平均と一致(差 0.03、0.1 以内)を確かめて、この系列に付け直した(2026-09-26 番人。付け直した 800 セルが全部一致)。
828c722f982aa913,JP,index,建設工事費デフレーター（2020年度基準） 四半期別,空港,建設総合 > 土木総合 > 公共事業 > 土木2 > 空港,index (2020年度平均 = 100),national,JP,日本,,,,115.7,,index_value,published_pdl,,,2025Q3,,mlit-deflator-tsuki-2607,deftsuki2020（四半期別）!BB48(見出しは右隣の系列。値はこの系列),https://www.mlit.go.jp/statistics/details/content/deftsuki_2607.xlsx,PDL1.0,,2020年度基準(2020年度平均=100)。2026年4月分の公表から2020年度基準に改定(原本注)。ウエイト項目に営業余剰や間接税(消費税を含む)等を含めない(原本注)。原本の期間表示「2025年 7-9月」(暦年の四半期)。2023年度以降は建設投資のウエイトに2020〜2022年度の平均値を暫定的に使用(原本注)。原本では1列右の見出しの下にある値。月別シートのこの系列の3か月平均と一致(差 0.00、0.1 以内)を確かめて、この系列に付け直した(2026-09-26 番人。付け直した 800 セルが全部一致)。
2abb667a8f18ad89,JP,index,建設工事費デフレーター（2020年度基準） 四半期別,環境衛生,建設総合 > 土木総合 > 公共事業 > 土木2 > 環境衛生,index (2020年度平均 = 100),national,JP,日本,,,,120.9,,index_value,published_pdl,,,2025Q3,,mlit-deflator-tsuki-2607,deftsuki2020（四半期別）!BC48(見出しは右隣の系列。値はこの系列),https://www.mlit.go.jp/statistics/details/content/deftsuki_2607.xlsx,PDL1.0,,2020年度基準(2020年度平均=100)。2026年4月分の公表から2020年度基準に改定(原本注)。ウエイト項目に営業余剰や間接税(消費税を含む)等を含めない(原本注)。原本の期間表示「2025年 7-9月」(暦年の四半期)。2023年度以降は建設投資のウエイトに2020〜2022年度の平均値を暫定的に使用(原本注)。原本では1列右の見出しの下にある値。月別シートのこの系列の3か月平均と一致(差 0.00、0.1 以内)を確かめて、この系列に付け直した(2026-09-26 番人。付け直した 800 セルが全部一致)。
33206a743447bcdb,JP,index,建設工事費デフレーター（2020年度基準） 四半期別,農林関係公共事業,建設総合 > 土木総合 > 公共事業 > 土木2 > 農林関係公共事業,index (2020年度平均 = 100),national,JP,日本,,,,122,,index_value,published_pdl,,,2025Q3,,mlit-deflator-tsuki-2607,deftsuki2020（四半期別）!BD48(見出しは右隣の系列。値はこの系列),https://www.mlit.go.jp/statistics/details/content/deftsuki_2607.xlsx,PDL1.0,,2020年度基準(2020年度平均=100)。2026年4月分の公表から2020年度基準に改定(原本注)。ウエイト項目に営業余剰や間接税(消費税を含む)等を含めない(原本注)。原本の期間表示「2025年 7-9月」(暦年の四半期)。2023年度以降は建設投資のウエイトに2020〜2022年度の平均値を暫定的に使用(原本注)。原本では1列右の見出しの下にある値。月別シートのこの系列の3か月平均と一致(差 0.03、0.1 以内)を確かめて、この系列に付け直した(2026-09-26 番人。付け直した 800 セルが全部一致)。
9a9397eaf130a2a3,JP,index,建設工事費デフレーター（2020年度基準） 四半期別,その他土木,建設総合 > 土木総合 > その他土木 (原本の列 BD。同じ表頭の列が2つある),index (2020年度平均 = 100),national,JP,日本,,,,121.3,,index_value,published_pdl,,,2025Q3,,mlit-deflator-tsuki-2607,deftsuki2020（四半期別）!BE48(見出しは右隣の系列。値はこの系列),https://www.mlit.go.jp/statistics/details/content/deftsuki_2607.xlsx,PDL1.0,,2020年度基準(2020年度平均=100)。2026年4月分の公表から2020年度基準に改定(原本注)。ウエイト項目に営業余剰や間接税(消費税を含む)等を含めない(原本注)。原本の期間表示「2025年 7-9月」(暦年の四半期)。2023年度以降は建設投資のウエイトに2020〜2022年度の平均値を暫定的に使用(原本注)。原本では1列右の見出しの下にある値。月別シートのこの系列の3か月平均と一致(差 0.03、0.1 以内)を確かめて、この系列に付け直した(2026-09-26 番人。付け直した 800 セルが全部一致)。
a4d7b1ea882ecb19,JP,index,建設工事費デフレーター（2020年度基準） 四半期別,鉄道軌道,建設総合 > 土木総合 > その他土木 > 鉄道軌道,index (2020年度平均 = 100),national,JP,日本,,,,123,,index_value,published_pdl,,,2025Q3,,mlit-deflator-tsuki-2607,deftsuki2020（四半期別）!BF48(見出しは右隣の系列。値はこの系列),https://www.mlit.go.jp/statistics/details/content/deftsuki_2607.xlsx,PDL1.0,,2020年度基準(2020年度平均=100)。2026年4月分の公表から2020年度基準に改定(原本注)。ウエイト項目に営業余剰や間接税(消費税を含む)等を含めない(原本注)。原本の期間表示「2025年 7-9月」(暦年の四半期)。2023年度以降は建設投資のウエイトに2020〜2022年度の平均値を暫定的に使用(原本注)。原本では1列右の見出しの下にある値。月別シートのこの系列の3か月平均と一致(差 0.03、0.1 以内)を確かめて、この系列に付け直した(2026-09-26 番人。付け直した 800 セルが全部一致)。
d0fca09f29fb4a73,JP,index,建設工事費デフレーター（2020年度基準） 四半期別,電力,建設総合 > 土木総合 > その他土木 > 電力,index (2020年度平均 = 100),national,JP,日本,,,,122.5,,index_value,published_pdl,,,2025Q3,,mlit-deflator-tsuki-2607,deftsuki2020（四半期別）!BG48(見出しは右隣の系列。値はこの系列),https://www.mlit.go.jp/statistics/details/content/deftsuki_2607.xlsx,PDL1.0,,2020年度基準(2020年度平均=100)。2026年4月分の公表から2020年度基準に改定(原本注)。ウエイト項目に営業余剰や間接税(消費税を含む)等を含めない(原本注)。原本の期間表示「2025年 7-9月」(暦年の四半期)。2023年度以降は建設投資のウエイトに2020〜2022年度の平均値を暫定的に使用(原本注)。原本では1列右の見出しの下にある値。月別シートのこの系列の3か月平均と一致(差 0.03、0.1 以内)を確かめて、この系列に付け直した(2026-09-26 番人。付け直した 800 セルが全部一致)。
2c2bf7c875e218a6,JP,index,建設工事費デフレーター（2020年度基準） 四半期別,電気通信,建設総合 > 土木総合 > その他土木 > 電気通信,index (2020年度平均 = 100),national,JP,日本,,,,119.4,,index_value,published_pdl,,,2025Q3,,mlit-deflator-tsuki-2607,deftsuki2020（四半期別）!BH48(見出しは右隣の系列。値はこの系列),https://www.mlit.go.jp/statistics/details/content/deftsuki_2607.xlsx,PDL1.0,,2020年度基準(2020年度平均=100)。2026年4月分の公表から2020年度基準に改定(原本注)。ウエイト項目に営業余剰や間接税(消費税を含む)等を含めない(原本注)。原本の期間表示「2025年 7-9月」(暦年の四半期)。2023年度以降は建設投資のウエイトに2020〜2022年度の平均値を暫定的に使用(原本注)。原本では1列右の見出しの下にある値。月別シートのこの系列の3か月平均と一致(差 0.03、0.1 以内)を確かめて、この系列に付け直した(2026-09-26 番人。付け直した 800 セルが全部一致)。
d4987fba5da76b1c,JP,index,建設工事費デフレーター（2020年度基準） 四半期別,上・工業用水道,建設総合 > 土木総合 > その他土木 > 上・工業用水道,index (2020年度平均 = 100),national,JP,日本,,,,121,,index_value,published_pdl,,,2025Q3,,mlit-deflator-tsuki-2607,deftsuki2020（四半期別）!BI48(見出しは右隣の系列。値はこの系列),https://www.mlit.go.jp/statistics/details/content/deftsuki_2607.xlsx,PDL1.0,,2020年度基準(2020年度平均=100)。2026年4月分の公表から2020年度基準に改定(原本注)。ウエイト項目に営業余剰や間接税(消費税を含む)等を含めない(原本注)。原本の期間表示「2025年 7-9月」(暦年の四半期)。2023年度以降は建設投資のウエイトに2020〜2022年度の平均値を暫定的に使用(原本注)。原本では1列右の見出しの下にある値。月別シートのこの系列の3か月平均と一致(差 0.03、0.1 以内)を確かめて、この系列に付け直した(2026-09-26 番人。付け直した 800 セルが全部一致)。
0beb99d5c6209ec4,JP,index,建設工事費デフレーター（2020年度基準） 四半期別,土地造成,建設総合 > 土木総合 > その他土木 > 土地造成,index (2020年度平均 = 100),national,JP,日本,,,,120,,index_value,published_pdl,,,2025Q3,,mlit-deflator-tsuki-2607,deftsuki2020（四半期別）!BJ48(見出しは右隣の系列。値はこの系列),https://www.mlit.go.jp/statistics/details/content/deftsuki_2607.xlsx,PDL1.0,,2020年度基準(2020年度平均=100)。2026年4月分の公表から2020年度基準に改定(原本注)。ウエイト項目に営業余剰や間接税(消費税を含む)等を含めない(原本注)。原本の期間表示「2025年 7-9月」(暦年の四半期)。2023年度以降は建設投資のウエイトに2020〜2022年度の平均値を暫定的に使用(原本注)。原本では1列右の見出しの下にある値。月別シートのこの系列の3か月平均と一致(差 0.00、0.1 以内)を確かめて、この系列に付け直した(2026-09-26 番人。付け直した 800 セルが全部一致)。
233312c5efbd4373,JP,index,建設工事費デフレーター（2020年度基準） 四半期別,その他土木,建設総合 > 土木総合 > その他土木 (原本の列 BJ。同じ表頭の列が2つある),index (2020年度平均 = 100),national,JP,日本,,,,120.3,,index_value,published_pdl,,,2025Q3,,mlit-deflator-tsuki-2607,deftsuki2020（四半期別）!BK48(見出しは右隣の系列。値はこの系列),https://www.mlit.go.jp/statistics/details/content/deftsuki_2607.xlsx,PDL1.0,,2020年度基準(2020年度平均=100)。2026年4月分の公表から2020年度基準に改定(原本注)。ウエイト項目に営業余剰や間接税(消費税を含む)等を含めない(原本注)。原本の期間表示「2025年 7-9月」(暦年の四半期)。2023年度以降は建設投資のウエイトに2020〜2022年度の平均値を暫定的に使用(原本注)。原本では1列右の見出しの下にある値。月別シートのこの系列の3か月平均と一致(差 0.03、0.1 以内)を確かめて、この系列に付け直した(2026-09-26 番人。付け直した 800 セルが全部一致)。
8517f641f9411972,JP,index,建設工事費デフレーター（2020年度基準） 四半期別,W在来住宅,W在来住宅,index (2020年度平均 = 100),national,JP,日本,,,,122.5,,index_value,published_pdl,,,2025Q3,,mlit-deflator-tsuki-2607,deftsuki2020（四半期別）!BL48(見出しは右隣の系列。値はこの系列),https://www.mlit.go.jp/statistics/details/content/deftsuki_2607.xlsx,PDL1.0,,2020年度基準(2020年度平均=100)。2026年4月分の公表から2020年度基準に改定(原本注)。ウエイト項目に営業余剰や間接税(消費税を含む)等を含めない(原本注)。原本の期間表示「2025年 7-9月」(暦年の四半期)。2023年度以降は建設投資のウエイトに2020〜2022年度の平均値を暫定的に使用(原本注)。原本では1列右の見出しの下にある値。月別シートのこの系列の3か月平均と一致(差 0.03、0.1 以内)を確かめて、この系列に付け直した(2026-09-26 番人。付け直した 800 セルが全部一致)。
8796e3dbe5c5e2f5,JP,index,建設工事費デフレーター（2020年度基準） 四半期別,W量産住宅,W量産住宅,index (2020年度平均 = 100),national,JP,日本,,,,123.4,,index_value,published_pdl,,,2025Q3,,mlit-deflator-tsuki-2607,deftsuki2020（四半期別）!BM48(見出しは右隣の系列。値はこの系列),https://www.mlit.go.jp/statistics/details/content/deftsuki_2607.xlsx,PDL1.0,,2020年度基準(2020年度平均=100)。2026年4月分の公表から2020年度基準に改定(原本注)。ウエイト項目に営業余剰や間接税(消費税を含む)等を含めない(原本注)。原本の期間表示「2025年 7-9月」(暦年の四半期)。2023年度以降は建設投資のウエイトに2020〜2022年度の平均値を暫定的に使用(原本注)。原本では1列右の見出しの下にある値。月別シートのこの系列の3か月平均と一致(差 0.03、0.1 以内)を確かめて、この系列に付け直した(2026-09-26 番人。付け直した 800 セルが全部一致)。
2d6176fee42938b7,JP,index,建設工事費デフレーター（2020年度基準） 四半期別,RC在来住宅,RC在来住宅,index (2020年度平均 = 100),national,JP,日本,,,,122.4,,index_value,published_pdl,,,2025Q3,,mlit-deflator-tsuki-2607,deftsuki2020（四半期別）!BN48(見出しは右隣の系列。値はこの系列),https://www.mlit.go.jp/statistics/details/content/deftsuki_2607.xlsx,PDL1.0,,2020年度基準(2020年度平均=100)。2026年4月分の公表から2020年度基準に改定(原本注)。ウエイト項目に営業余剰や間接税(消費税を含む)等を含めない(原本注)。原本の期間表示「2025年 7-9月」(暦年の四半期)。2023年度以降は建設投資のウエイトに2020〜2022年度の平均値を暫定的に使用(原本注)。原本では1列右の見出しの下にある値。月別シートのこの系列の3か月平均と一致(差 0.00、0.1 以内)を確かめて、この系列に付け直した(2026-09-26 番人。付け直した 800 セルが全部一致)。
b7177793672618cd,JP,index,建設工事費デフレーター（2020年度基準） 四半期別,RC量産住宅,RC量産住宅,index (2020年度平均 = 100),national,JP,日本,,,,122.4,,index_value,published_pdl,,,2025Q3,,mlit-deflator-tsuki-2607,deftsuki2020（四半期別）!BO48(見出しは右隣の系列。値はこの系列),https://www.mlit.go.jp/statistics/details/content/deftsuki_2607.xlsx,PDL1.0,,2020年度基準(2020年度平均=100)。2026年4月分の公表から2020年度基準に改定(原本注)。ウエイト項目に営業余剰や間接税(消費税を含む)等を含めない(原本注)。原本の期間表示「2025年 7-9月」(暦年の四半期)。2023年度以降は建設投資のウエイトに2020〜2022年度の平均値を暫定的に使用(原本注)。原本では1列右の見出しの下にある値。月別シートのこの系列の3か月平均と一致(差 0.00、0.1 以内)を確かめて、この系列に付け直した(2026-09-26 番人。付け直した 800 セルが全部一致)。
acd82a039154883d,JP,index,建設工事費デフレーター（2020年度基準） 四半期別,S在来住宅,S在来住宅,index (2020年度平均 = 100),national,JP,日本,,,,123.4,,index_value,published_pdl,,,2025Q3,,mlit-deflator-tsuki-2607,deftsuki2020（四半期別）!BP48(見出しは右隣の系列。値はこの系列),https://www.mlit.go.jp/statistics/details/content/deftsuki_2607.xlsx,PDL1.0,,2020年度基準(2020年度平均=100)。2026年4月分の公表から2020年度基準に改定(原本注)。ウエイト項目に営業余剰や間接税(消費税を含む)等を含めない(原本注)。原本の期間表示「2025年 7-9月」(暦年の四半期)。2023年度以降は建設投資のウエイトに2020〜2022年度の平均値を暫定的に使用(原本注)。原本では1列右の見出しの下にある値。月別シートのこの系列の3か月平均と一致(差 0.00、0.1 以内)を確かめて、この系列に付け直した(2026-09-26 番人。付け直した 800 セルが全部一致)。
a7e8785edb018b32,JP,index,建設工事費デフレーター（2020年度基準） 四半期別,S量産住宅,S量産住宅,index (2020年度平均 = 100),national,JP,日本,,,,124.9,,index_value,published_pdl,,,2025Q3,,mlit-deflator-tsuki-2607,deftsuki2020（四半期別）!BQ48(見出しは右隣の系列。値はこの系列),https://www.mlit.go.jp/statistics/details/content/deftsuki_2607.xlsx,PDL1.0,,2020年度基準(2020年度平均=100)。2026年4月分の公表から2020年度基準に改定(原本注)。ウエイト項目に営業余剰や間接税(消費税を含む)等を含めない(原本注)。原本の期間表示「2025年 7-9月」(暦年の四半期)。2023年度以降は建設投資のウエイトに2020〜2022年度の平均値を暫定的に使用(原本注)。原本では1列右の見出しの下にある値。月別シートのこの系列の3か月平均と一致(差 0.03、0.1 以内)を確かめて、この系列に付け直した(2026-09-26 番人。付け直した 800 セルが全部一致)。
b4c98c79837e22aa,JP,index,建設工事費デフレーター（2020年度基準） 四半期別,W工場・倉庫,W工場・倉庫,index (2020年度平均 = 100),national,JP,日本,,,,122,,index_value,published_pdl,,,2025Q3,,mlit-deflator-tsuki-2607,deftsuki2020（四半期別）!BR48(見出しは右隣の系列。値はこの系列),https://www.mlit.go.jp/statistics/details/content/deftsuki_2607.xlsx,PDL1.0,,2020年度基準(2020年度平均=100)。2026年4月分の公表から2020年度基準に改定(原本注)。ウエイト項目に営業余剰や間接税(消費税を含む)等を含めない(原本注)。原本の期間表示「2025年 7-9月」(暦年の四半期)。2023年度以降は建設投資のウエイトに2020〜2022年度の平均値を暫定的に使用(原本注)。原本では1列右の見出しの下にある値。月別シートのこの系列の3か月平均と一致(差 0.00、0.1 以内)を確かめて、この系列に付け直した(2026-09-26 番人。付け直した 800 セルが全部一致)。
c265081822ae00d4,JP,index,建設工事費デフレーター（2020年度基準） 四半期別,W事務所・その他,W事務所・その他,index (2020年度平均 = 100),national,JP,日本,,,,121.5,,index_value,published_pdl,,,2025Q3,,mlit-deflator-tsuki-2607,deftsuki2020（四半期別）!BS48(見出しは右隣の系列。値はこの系列),https://www.mlit.go.jp/statistics/details/content/deftsuki_2607.xlsx,PDL1.0,,2020年度基準(2020年度平均=100)。2026年4月分の公表から2020年度基準に改定(原本注)。ウエイト項目に営業余剰や間接税(消費税を含む)等を含めない(原本注)。原本の期間表示「2025年 7-9月」(暦年の四半期)。2023年度以降は建設投資のウエイトに2020〜2022年度の平均値を暫定的に使用(原本注)。原本では1列右の見出しの下にある値。月別シートのこの系列の3か月平均と一致(差 0.03、0.1 以内)を確かめて、この系列に付け直した(2026-09-26 番人。付け直した 800 セルが全部一致)。
7382e03b6602637e,JP,index,建設工事費デフレーター（2020年度基準） 四半期別,SRC工場・倉庫,SRC工場・倉庫,index (2020年度平均 = 100),national,JP,日本,,,,122.7,,index_value,published_pdl,,,2025Q3,,mlit-deflator-tsuki-2607,deftsuki2020（四半期別）!BT48(見出しは右隣の系列。値はこの系列),https://www.mlit.go.jp/statistics/details/content/deftsuki_2607.xlsx,PDL1.0,,2020年度基準(2020年度平均=100)。2026年4月分の公表から2020年度基準に改定(原本注)。ウエイト項目に営業余剰や間接税(消費税を含む)等を含めない(原本注)。原本の期間表示「2025年 7-9月」(暦年の四半期)。2023年度以降は建設投資のウエイトに2020〜2022年度の平均値を暫定的に使用(原本注)。原本では1列右の見出しの下にある値。月別シートのこの系列の3か月平均と一致(差 0.03、0.1 以内)を確かめて、この系列に付け直した(2026-09-26 番人。付け直した 800 セルが全部一致)。
eab8cc2216cdbaf0,JP,index,建設工事費デフレーター（2020年度基準） 四半期別,SRC事務所・その他,SRC事務所・その他,index (2020年度平均 = 100),national,JP,日本,,,,121.3,,index_value,published_pdl,,,2025Q3,,mlit-deflator-tsuki-2607,deftsuki2020（四半期別）!BU48(見出しは右隣の系列。値はこの系列),https://www.mlit.go.jp/statistics/details/content/deftsuki_2607.xlsx,PDL1.0,,2020年度基準(2020年度平均=100)。2026年4月分の公表から2020年度基準に改定(原本注)。ウエイト項目に営業余剰や間接税(消費税を含む)等を含めない(原本注)。原本の期間表示「2025年 7-9月」(暦年の四半期)。2023年度以降は建設投資のウエイトに2020〜2022年度の平均値を暫定的に使用(原本注)。原本では1列右の見出しの下にある値。月別シートのこの系列の3か月平均と一致(差 0.03、0.1 以内)を確かめて、この系列に付け直した(2026-09-26 番人。付け直した 800 セルが全部一致)。
ae71822ebe45d58d,JP,index,建設工事費デフレーター（2020年度基準） 四半期別,RC工場・倉庫,RC工場・倉庫,index (2020年度平均 = 100),national,JP,日本,,,,122.3,,index_value,published_pdl,,,2025Q3,,mlit-deflator-tsuki-2607,deftsuki2020（四半期別）!BV48(見出しは右隣の系列。値はこの系列),https://www.mlit.go.jp/statistics/details/content/deftsuki_2607.xlsx,PDL1.0,,2020年度基準(2020年度平均=100)。2026年4月分の公表から2020年度基準に改定(原本注)。ウエイト項目に営業余剰や間接税(消費税を含む)等を含めない(原本注)。原本の期間表示「2025年 7-9月」(暦年の四半期)。2023年度以降は建設投資のウエイトに2020〜2022年度の平均値を暫定的に使用(原本注)。原本では1列右の見出しの下にある値。月別シートのこの系列の3か月平均と一致(差 0.03、0.1 以内)を確かめて、この系列に付け直した(2026-09-26 番人。付け直した 800 セルが全部一致)。
357ab24a8dfa12c4,JP,index,建設工事費デフレーター（2020年度基準） 四半期別,RC学校,RC学校,index (2020年度平均 = 100),national,JP,日本,,,,121.3,,index_value,published_pdl,,,2025Q3,,mlit-deflator-tsuki-2607,deftsuki2020（四半期別）!BW48(見出しは右隣の系列。値はこの系列),https://www.mlit.go.jp/statistics/details/content/deftsuki_2607.xlsx,PDL1.0,,2020年度基準(2020年度平均=100)。2026年4月分の公表から2020年度基準に改定(原本注)。ウエイト項目に営業余剰や間接税(消費税を含む)等を含めない(原本注)。原本の期間表示「2025年 7-9月」(暦年の四半期)。2023年度以降は建設投資のウエイトに2020〜2022年度の平均値を暫定的に使用(原本注)。原本では1列右の見出しの下にある値。月別シートのこの系列の3か月平均と一致(差 0.03、0.1 以内)を確かめて、この系列に付け直した(2026-09-26 番人。付け直した 800 セルが全部一致)。
7fa2512ddd8ea94e,JP,index,建設工事費デフレーター（2020年度基準） 四半期別,RC事務所・その他,RC事務所・その他,index (2020年度平均 = 100),national,JP,日本,,,,121.6,,index_value,published_pdl,,,2025Q3,,mlit-deflator-tsuki-2607,deftsuki2020（四半期別）!BX48(見出しは右隣の系列。値はこの系列),https://www.mlit.go.jp/statistics/details/content/deftsuki_2607.xlsx,PDL1.0,,2020年度基準(2020年度平均=100)。2026年4月分の公表から2020年度基準に改定(原本注)。ウエイト項目に営業余剰や間接税(消費税を含む)等を含めない(原本注)。原本の期間表示「2025年 7-9月」(暦年の四半期)。2023年度以降は建設投資のウエイトに2020〜2022年度の平均値を暫定的に使用(原本注)。原本では1列右の見出しの下にある値。月別シートのこの系列の3か月平均と一致(差 0.07、0.1 以内)を確かめて、この系列に付け直した(2026-09-26 番人。付け直した 800 セルが全部一致)。
7be665c3d5974869,JP,index,建設工事費デフレーター（2020年度基準） 四半期別,S工場・倉庫,S工場・倉庫,index (2020年度平均 = 100),national,JP,日本,,,,122.5,,index_value,published_pdl,,,2025Q3,,mlit-deflator-tsuki-2607,deftsuki2020（四半期別）!BY48(見出しは右隣の系列。値はこの系列),https://www.mlit.go.jp/statistics/details/content/deftsuki_2607.xlsx,PDL1.0,,2020年度基準(2020年度平均=100)。2026年4月分の公表から2020年度基準に改定(原本注)。ウエイト項目に営業余剰や間接税(消費税を含む)等を含めない(原本注)。原本の期間表示「2025年 7-9月」(暦年の四半期)。2023年度以降は建設投資のウエイトに2020〜2022年度の平均値を暫定的に使用(原本注)。原本では1列右の見出しの下にある値。月別シートのこの系列の3か月平均と一致(差 0.07、0.1 以内)を確かめて、この系列に付け直した(2026-09-26 番人。付け直した 800 セルが全部一致)。
dc136994aacee82f,JP,index,建設工事費デフレーター（2020年度基準） 四半期別,S事務所・その他,S事務所・その他,index (2020年度平均 = 100),national,JP,日本,,,,,,index_value,not_set,,,2025Q3,,mlit-deflator-tsuki-2607,,https://www.mlit.go.jp/statistics/details/content/deftsuki_2607.xlsx,PDL1.0,,2020年度基準(2020年度平均=100)。2026年4月分の公表から2020年度基準に改定(原本注)。ウエイト項目に営業余剰や間接税(消費税を含む)等を含めない(原本注)。原本の期間表示「2025年 7-9月」(暦年の四半期)。2023年度以降は建設投資のウエイトに2020〜2022年度の平均値を暫定的に使用(原本注)。原本の四半期別では、列ずれのため、この系列のこの期間の値がどの列にも無い(2026-09-26 番人)。月別シートの値はある。
e715de20244e3a09,JP,index,建設工事費デフレーター（2020年度基準） 四半期別,地方道路公社等,建設総合 > 土木総合 > 公共事業 > 土木1（除く災害復旧） > 道路総合 > 有料道路 > 地方道路公社等,index (2020年度平均 = 100),national,JP,日本,,,,120.3,,index_value,published_pdl,,,2025Q4,,mlit-deflator-tsuki-2607,deftsuki2020（四半期別）!AT49(見出しは右隣の系列。値はこの系列),https://www.mlit.go.jp/statistics/details/content/deftsuki_2607.xlsx,PDL1.0,,2020年度基準(2020年度平均=100)。2026年4月分の公表から2020年度基準に改定(原本注)。ウエイト項目に営業余剰や間接税(消費税を含む)等を含めない(原本注)。原本の期間表示「2025年 10-12月」(暦年の四半期)。2023年度以降は建設投資のウエイトに2020〜2022年度の平均値を暫定的に使用(原本注)。原本では1列右の見出しの下にある値。月別シートのこの系列の3か月平均と一致(差 0.00、0.1 以内)を確かめて、この系列に付け直した(2026-09-26 番人。付け直した 800 セルが全部一致)。
05f3495f5bb9d165,JP,index,建設工事費デフレーター（2020年度基準） 四半期別,道路2（再掲）,建設総合 > 土木総合 > 公共事業 > 土木1（除く災害復旧） > 道路2（再掲）,index (2020年度平均 = 100),national,JP,日本,,,,121,,index_value,published_pdl,,,2025Q4,,mlit-deflator-tsuki-2607,deftsuki2020（四半期別）!AU49(見出しは右隣の系列。値はこの系列),https://www.mlit.go.jp/statistics/details/content/deftsuki_2607.xlsx,PDL1.0,,2020年度基準(2020年度平均=100)。2026年4月分の公表から2020年度基準に改定(原本注)。ウエイト項目に営業余剰や間接税(消費税を含む)等を含めない(原本注)。原本の期間表示「2025年 10-12月」(暦年の四半期)。2023年度以降は建設投資のウエイトに2020〜2022年度の平均値を暫定的に使用(原本注)。原本では1列右の見出しの下にある値。月別シートのこの系列の3か月平均と一致(差 0.00、0.1 以内)を確かめて、この系列に付け直した(2026-09-26 番人。付け直した 800 セルが全部一致)。
e5edb4d13334761c,JP,index,建設工事費デフレーター（2020年度基準） 四半期別,街路2（再掲）,建設総合 > 土木総合 > 公共事業 > 土木1（除く災害復旧） > 街路2（再掲）,index (2020年度平均 = 100),national,JP,日本,,,,120.9,,index_value,published_pdl,,,2025Q4,,mlit-deflator-tsuki-2607,deftsuki2020（四半期別）!AV49(見出しは右隣の系列。値はこの系列),https://www.mlit.go.jp/statistics/details/content/deftsuki_2607.xlsx,PDL1.0,,2020年度基準(2020年度平均=100)。2026年4月分の公表から2020年度基準に改定(原本注)。ウエイト項目に営業余剰や間接税(消費税を含む)等を含めない(原本注)。原本の期間表示「2025年 10-12月」(暦年の四半期)。2023年度以降は建設投資のウエイトに2020〜2022年度の平均値を暫定的に使用(原本注)。原本では1列右の見出しの下にある値。月別シートのこの系列の3か月平均と一致(差 0.00、0.1 以内)を確かめて、この系列に付け直した(2026-09-26 番人。付け直した 800 セルが全部一致)。
8f1935dc1f3a1dac,JP,index,建設工事費デフレーター（2020年度基準） 四半期別,公園,建設総合 > 土木総合 > 公共事業 > 土木1（除く災害復旧） > 公園,index (2020年度平均 = 100),national,JP,日本,,,,118.7,,index_value,published_pdl,,,2025Q4,,mlit-deflator-tsuki-2607,deftsuki2020（四半期別）!AW49(見出しは右隣の系列。値はこの系列),https://www.mlit.go.jp/statistics/details/content/deftsuki_2607.xlsx,PDL1.0,,2020年度基準(2020年度平均=100)。2026年4月分の公表から2020年度基準に改定(原本注)。ウエイト項目に営業余剰や間接税(消費税を含む)等を含めない(原本注)。原本の期間表示「2025年 10-12月」(暦年の四半期)。2023年度以降は建設投資のウエイトに2020〜2022年度の平均値を暫定的に使用(原本注)。原本では1列右の見出しの下にある値。月別シートのこの系列の3か月平均と一致(差 0.03、0.1 以内)を確かめて、この系列に付け直した(2026-09-26 番人。付け直した 800 セルが全部一致)。
e00df634845895ac,JP,index,建設工事費デフレーター（2020年度基準） 四半期別,下水道,建設総合 > 土木総合 > 公共事業 > 土木1（除く災害復旧） > 下水道,index (2020年度平均 = 100),national,JP,日本,,,,120.6,,index_value,published_pdl,,,2025Q4,,mlit-deflator-tsuki-2607,deftsuki2020（四半期別）!AX49(見出しは右隣の系列。値はこの系列),https://www.mlit.go.jp/statistics/details/content/deftsuki_2607.xlsx,PDL1.0,,2020年度基準(2020年度平均=100)。2026年4月分の公表から2020年度基準に改定(原本注)。ウエイト項目に営業余剰や間接税(消費税を含む)等を含めない(原本注)。原本の期間表示「2025年 10-12月」(暦年の四半期)。2023年度以降は建設投資のウエイトに2020〜2022年度の平均値を暫定的に使用(原本注)。原本では1列右の見出しの下にある値。月別シートのこの系列の3か月平均と一致(差 0.00、0.1 以内)を確かめて、この系列に付け直した(2026-09-26 番人。付け直した 800 セルが全部一致)。
01409c8a153469b5,JP,index,建設工事費デフレーター（2020年度基準） 四半期別,災害復旧,建設総合 > 土木総合 > 公共事業 > 土木1（除く災害復旧） > 災害復旧,index (2020年度平均 = 100),national,JP,日本,,,,121.8,,index_value,published_pdl,,,2025Q4,,mlit-deflator-tsuki-2607,deftsuki2020（四半期別）!AY49(見出しは右隣の系列。値はこの系列),https://www.mlit.go.jp/statistics/details/content/deftsuki_2607.xlsx,PDL1.0,,2020年度基準(2020年度平均=100)。2026年4月分の公表から2020年度基準に改定(原本注)。ウエイト項目に営業余剰や間接税(消費税を含む)等を含めない(原本注)。原本の期間表示「2025年 10-12月」(暦年の四半期)。2023年度以降は建設投資のウエイトに2020〜2022年度の平均値を暫定的に使用(原本注)。原本では1列右の見出しの下にある値。月別シートのこの系列の3か月平均と一致(差 0.03、0.1 以内)を確かめて、この系列に付け直した(2026-09-26 番人。付け直した 800 セルが全部一致)。
be11d339f2b539cf,JP,index,建設工事費デフレーター（2020年度基準） 四半期別,土木2,建設総合 > 土木総合 > 公共事業 > 土木2,index (2020年度平均 = 100),national,JP,日本,,,,120.4,,index_value,published_pdl,,,2025Q4,,mlit-deflator-tsuki-2607,deftsuki2020（四半期別）!AZ49(見出しは右隣の系列。値はこの系列),https://www.mlit.go.jp/statistics/details/content/deftsuki_2607.xlsx,PDL1.0,,2020年度基準(2020年度平均=100)。2026年4月分の公表から2020年度基準に改定(原本注)。ウエイト項目に営業余剰や間接税(消費税を含む)等を含めない(原本注)。原本の期間表示「2025年 10-12月」(暦年の四半期)。2023年度以降は建設投資のウエイトに2020〜2022年度の平均値を暫定的に使用(原本注)。原本では1列右の見出しの下にある値。月別シートのこの系列の3か月平均と一致(差 0.07、0.1 以内)を確かめて、この系列に付け直した(2026-09-26 番人。付け直した 800 セルが全部一致)。
7658c3f3a20a0444,JP,index,建設工事費デフレーター（2020年度基準） 四半期別,港湾・漁港,建設総合 > 土木総合 > 公共事業 > 土木2 > 港湾・漁港,index (2020年度平均 = 100),national,JP,日本,,,,120.5,,index_value,published_pdl,,,2025Q4,,mlit-deflator-tsuki-2607,deftsuki2020（四半期別）!BA49(見出しは右隣の系列。値はこの系列),https://www.mlit.go.jp/statistics/details/content/deftsuki_2607.xlsx,PDL1.0,,2020年度基準(2020年度平均=100)。2026年4月分の公表から2020年度基準に改定(原本注)。ウエイト項目に営業余剰や間接税(消費税を含む)等を含めない(原本注)。原本の期間表示「2025年 10-12月」(暦年の四半期)。2023年度以降は建設投資のウエイトに2020〜2022年度の平均値を暫定的に使用(原本注)。原本では1列右の見出しの下にある値。月別シートのこの系列の3か月平均と一致(差 0.03、0.1 以内)を確かめて、この系列に付け直した(2026-09-26 番人。付け直した 800 セルが全部一致)。
444658249b12dafa,JP,index,建設工事費デフレーター（2020年度基準） 四半期別,空港,建設総合 > 土木総合 > 公共事業 > 土木2 > 空港,index (2020年度平均 = 100),national,JP,日本,,,,114.6,,index_value,published_pdl,,,2025Q4,,mlit-deflator-tsuki-2607,deftsuki2020（四半期別）!BB49(見出しは右隣の系列。値はこの系列),https://www.mlit.go.jp/statistics/details/content/deftsuki_2607.xlsx,PDL1.0,,2020年度基準(2020年度平均=100)。2026年4月分の公表から2020年度基準に改定(原本注)。ウエイト項目に営業余剰や間接税(消費税を含む)等を含めない(原本注)。原本の期間表示「2025年 10-12月」(暦年の四半期)。2023年度以降は建設投資のウエイトに2020〜2022年度の平均値を暫定的に使用(原本注)。原本では1列右の見出しの下にある値。月別シートのこの系列の3か月平均と一致(差 0.03、0.1 以内)を確かめて、この系列に付け直した(2026-09-26 番人。付け直した 800 セルが全部一致)。
9dcde8c9214ad434,JP,index,建設工事費デフレーター（2020年度基準） 四半期別,環境衛生,建設総合 > 土木総合 > 公共事業 > 土木2 > 環境衛生,index (2020年度平均 = 100),national,JP,日本,,,,120.4,,index_value,published_pdl,,,2025Q4,,mlit-deflator-tsuki-2607,deftsuki2020（四半期別）!BC49(見出しは右隣の系列。値はこの系列),https://www.mlit.go.jp/statistics/details/content/deftsuki_2607.xlsx,PDL1.0,,2020年度基準(2020年度平均=100)。2026年4月分の公表から2020年度基準に改定(原本注)。ウエイト項目に営業余剰や間接税(消費税を含む)等を含めない(原本注)。原本の期間表示「2025年 10-12月」(暦年の四半期)。2023年度以降は建設投資のウエイトに2020〜2022年度の平均値を暫定的に使用(原本注)。原本では1列右の見出しの下にある値。月別シートのこの系列の3か月平均と一致(差 0.00、0.1 以内)を確かめて、この系列に付け直した(2026-09-26 番人。付け直した 800 セルが全部一致)。
f97f89517d7e7179,JP,index,建設工事費デフレーター（2020年度基準） 四半期別,農林関係公共事業,建設総合 > 土木総合 > 公共事業 > 土木2 > 農林関係公共事業,index (2020年度平均 = 100),national,JP,日本,,,,121.3,,index_value,published_pdl,,,2025Q4,,mlit-deflator-tsuki-2607,deftsuki2020（四半期別）!BD49(見出しは右隣の系列。値はこの系列),https://www.mlit.go.jp/statistics/details/content/deftsuki_2607.xlsx,PDL1.0,,2020年度基準(2020年度平均=100)。2026年4月分の公表から2020年度基準に改定(原本注)。ウエイト項目に営業余剰や間接税(消費税を含む)等を含めない(原本注)。原本の期間表示「2025年 10-12月」(暦年の四半期)。2023年度以降は建設投資のウエイトに2020〜2022年度の平均値を暫定的に使用(原本注)。原本では1列右の見出しの下にある値。月別シートのこの系列の3か月平均と一致(差 0.00、0.1 以内)を確かめて、この系列に付け直した(2026-09-26 番人。付け直した 800 セルが全部一致)。
d57228b36b42d4e8,JP,index,建設工事費デフレーター（2020年度基準） 四半期別,その他土木,建設総合 > 土木総合 > その他土木 (原本の列 BD。同じ表頭の列が2つある),index (2020年度平均 = 100),national,JP,日本,,,,120.7,,index_value,published_pdl,,,2025Q4,,mlit-deflator-tsuki-2607,deftsuki2020（四半期別）!BE49(見出しは右隣の系列。値はこの系列),https://www.mlit.go.jp/statistics/details/content/deftsuki_2607.xlsx,PDL1.0,,2020年度基準(2020年度平均=100)。2026年4月分の公表から2020年度基準に改定(原本注)。ウエイト項目に営業余剰や間接税(消費税を含む)等を含めない(原本注)。原本の期間表示「2025年 10-12月」(暦年の四半期)。2023年度以降は建設投資のウエイトに2020〜2022年度の平均値を暫定的に使用(原本注)。原本では1列右の見出しの下にある値。月別シートのこの系列の3か月平均と一致(差 0.03、0.1 以内)を確かめて、この系列に付け直した(2026-09-26 番人。付け直した 800 セルが全部一致)。
839cc25715ef7b62,JP,index,建設工事費デフレーター（2020年度基準） 四半期別,鉄道軌道,建設総合 > 土木総合 > その他土木 > 鉄道軌道,index (2020年度平均 = 100),national,JP,日本,,,,123.1,,index_value,published_pdl,,,2025Q4,,mlit-deflator-tsuki-2607,deftsuki2020（四半期別）!BF49(見出しは右隣の系列。値はこの系列),https://www.mlit.go.jp/statistics/details/content/deftsuki_2607.xlsx,PDL1.0,,2020年度基準(2020年度平均=100)。2026年4月分の公表から2020年度基準に改定(原本注)。ウエイト項目に営業余剰や間接税(消費税を含む)等を含めない(原本注)。原本の期間表示「2025年 10-12月」(暦年の四半期)。2023年度以降は建設投資のウエイトに2020〜2022年度の平均値を暫定的に使用(原本注)。原本では1列右の見出しの下にある値。月別シートのこの系列の3か月平均と一致(差 0.00、0.1 以内)を確かめて、この系列に付け直した(2026-09-26 番人。付け直した 800 セルが全部一致)。
207790413d34202c,JP,index,建設工事費デフレーター（2020年度基準） 四半期別,電力,建設総合 > 土木総合 > その他土木 > 電力,index (2020年度平均 = 100),national,JP,日本,,,,122.5,,index_value,published_pdl,,,2025Q4,,mlit-deflator-tsuki-2607,deftsuki2020（四半期別）!BG49(見出しは右隣の系列。値はこの系列),https://www.mlit.go.jp/statistics/details/content/deftsuki_2607.xlsx,PDL1.0,,2020年度基準(2020年度平均=100)。2026年4月分の公表から2020年度基準に改定(原本注)。ウエイト項目に営業余剰や間接税(消費税を含む)等を含めない(原本注)。原本の期間表示「2025年 10-12月」(暦年の四半期)。2023年度以降は建設投資のウエイトに2020〜2022年度の平均値を暫定的に使用(原本注)。原本では1列右の見出しの下にある値。月別シートのこの系列の3か月平均と一致(差 0.00、0.1 以内)を確かめて、この系列に付け直した(2026-09-26 番人。付け直した 800 セルが全部一致)。
fc13f6f97469abed,JP,index,建設工事費デフレーター（2020年度基準） 四半期別,電気通信,建設総合 > 土木総合 > その他土木 > 電気通信,index (2020年度平均 = 100),national,JP,日本,,,,119.1,,index_value,published_pdl,,,2025Q4,,mlit-deflator-tsuki-2607,deftsuki2020（四半期別）!BH49(見出しは右隣の系列。値はこの系列),https://www.mlit.go.jp/statistics/details/content/deftsuki_2607.xlsx,PDL1.0,,2020年度基準(2020年度平均=100)。2026年4月分の公表から2020年度基準に改定(原本注)。ウエイト項目に営業余剰や間接税(消費税を含む)等を含めない(原本注)。原本の期間表示「2025年 10-12月」(暦年の四半期)。2023年度以降は建設投資のウエイトに2020〜2022年度の平均値を暫定的に使用(原本注)。原本では1列右の見出しの下にある値。月別シートのこの系列の3か月平均と一致(差 0.03、0.1 以内)を確かめて、この系列に付け直した(2026-09-26 番人。付け直した 800 セルが全部一致)。
591fad1c7eee61ab,JP,index,建設工事費デフレーター（2020年度基準） 四半期別,上・工業用水道,建設総合 > 土木総合 > その他土木 > 上・工業用水道,index (2020年度平均 = 100),national,JP,日本,,,,119.9,,index_value,published_pdl,,,2025Q4,,mlit-deflator-tsuki-2607,deftsuki2020（四半期別）!BI49(見出しは右隣の系列。値はこの系列),https://www.mlit.go.jp/statistics/details/content/deftsuki_2607.xlsx,PDL1.0,,2020年度基準(2020年度平均=100)。2026年4月分の公表から2020年度基準に改定(原本注)。ウエイト項目に営業余剰や間接税(消費税を含む)等を含めない(原本注)。原本の期間表示「2025年 10-12月」(暦年の四半期)。2023年度以降は建設投資のウエイトに2020〜2022年度の平均値を暫定的に使用(原本注)。原本では1列右の見出しの下にある値。月別シートのこの系列の3か月平均と一致(差 0.00、0.1 以内)を確かめて、この系列に付け直した(2026-09-26 番人。付け直した 800 セルが全部一致)。
8a2d7c89945cd03b,JP,index,建設工事費デフレーター（2020年度基準） 四半期別,土地造成,建設総合 > 土木総合 > その他土木 > 土地造成,index (2020年度平均 = 100),national,JP,日本,,,,119.3,,index_value,published_pdl,,,2025Q4,,mlit-deflator-tsuki-2607,deftsuki2020（四半期別）!BJ49(見出しは右隣の系列。値はこの系列),https://www.mlit.go.jp/statistics/details/content/deftsuki_2607.xlsx,PDL1.0,,2020年度基準(2020年度平均=100)。2026年4月分の公表から2020年度基準に改定(原本注)。ウエイト項目に営業余剰や間接税(消費税を含む)等を含めない(原本注)。原本の期間表示「2025年 10-12月」(暦年の四半期)。2023年度以降は建設投資のウエイトに2020〜2022年度の平均値を暫定的に使用(原本注)。原本では1列右の見出しの下にある値。月別シートのこの系列の3か月平均と一致(差 0.03、0.1 以内)を確かめて、この系列に付け直した(2026-09-26 番人。付け直した 800 セルが全部一致)。
cc487986267f9767,JP,index,建設工事費デフレーター（2020年度基準） 四半期別,その他土木,建設総合 > 土木総合 > その他土木 (原本の列 BJ。同じ表頭の列が2つある),index (2020年度平均 = 100),national,JP,日本,,,,119.3,,index_value,published_pdl,,,2025Q4,,mlit-deflator-tsuki-2607,deftsuki2020（四半期別）!BK49(見出しは右隣の系列。値はこの系列),https://www.mlit.go.jp/statistics/details/content/deftsuki_2607.xlsx,PDL1.0,,2020年度基準(2020年度平均=100)。2026年4月分の公表から2020年度基準に改定(原本注)。ウエイト項目に営業余剰や間接税(消費税を含む)等を含めない(原本注)。原本の期間表示「2025年 10-12月」(暦年の四半期)。2023年度以降は建設投資のウエイトに2020〜2022年度の平均値を暫定的に使用(原本注)。原本では1列右の見出しの下にある値。月別シートのこの系列の3か月平均と一致(差 0.03、0.1 以内)を確かめて、この系列に付け直した(2026-09-26 番人。付け直した 800 セルが全部一致)。
a5a4138527036aec,JP,index,建設工事費デフレーター（2020年度基準） 四半期別,W在来住宅,W在来住宅,index (2020年度平均 = 100),national,JP,日本,,,,122.3,,index_value,published_pdl,,,2025Q4,,mlit-deflator-tsuki-2607,deftsuki2020（四半期別）!BL49(見出しは右隣の系列。値はこの系列),https://www.mlit.go.jp/statistics/details/content/deftsuki_2607.xlsx,PDL1.0,,2020年度基準(2020年度平均=100)。2026年4月分の公表から2020年度基準に改定(原本注)。ウエイト項目に営業余剰や間接税(消費税を含む)等を含めない(原本注)。原本の期間表示「2025年 10-12月」(暦年の四半期)。2023年度以降は建設投資のウエイトに2020〜2022年度の平均値を暫定的に使用(原本注)。原本では1列右の見出しの下にある値。月別シートのこの系列の3か月平均と一致(差 0.03、0.1 以内)を確かめて、この系列に付け直した(2026-09-26 番人。付け直した 800 セルが全部一致)。
ec574ff139697f03,JP,index,建設工事費デフレーター（2020年度基準） 四半期別,W量産住宅,W量産住宅,index (2020年度平均 = 100),national,JP,日本,,,,123.5,,index_value,published_pdl,,,2025Q4,,mlit-deflator-tsuki-2607,deftsuki2020（四半期別）!BM49(見出しは右隣の系列。値はこの系列),https://www.mlit.go.jp/statistics/details/content/deftsuki_2607.xlsx,PDL1.0,,2020年度基準(2020年度平均=100)。2026年4月分の公表から2020年度基準に改定(原本注)。ウエイト項目に営業余剰や間接税(消費税を含む)等を含めない(原本注)。原本の期間表示「2025年 10-12月」(暦年の四半期)。2023年度以降は建設投資のウエイトに2020〜2022年度の平均値を暫定的に使用(原本注)。原本では1列右の見出しの下にある値。月別シートのこの系列の3か月平均と一致(差 0.00、0.1 以内)を確かめて、この系列に付け直した(2026-09-26 番人。付け直した 800 セルが全部一致)。
aa30f00d1aff9770,JP,index,建設工事費デフレーター（2020年度基準） 四半期別,RC在来住宅,RC在来住宅,index (2020年度平均 = 100),national,JP,日本,,,,122.1,,index_value,published_pdl,,,2025Q4,,mlit-deflator-tsuki-2607,deftsuki2020（四半期別）!BN49(見出しは右隣の系列。値はこの系列),https://www.mlit.go.jp/statistics/details/content/deftsuki_2607.xlsx,PDL1.0,,2020年度基準(2020年度平均=100)。2026年4月分の公表から2020年度基準に改定(原本注)。ウエイト項目に営業余剰や間接税(消費税を含む)等を含めない(原本注)。原本の期間表示「2025年 10-12月」(暦年の四半期)。2023年度以降は建設投資のウエイトに2020〜2022年度の平均値を暫定的に使用(原本注)。原本では1列右の見出しの下にある値。月別シートのこの系列の3か月平均と一致(差 0.03、0.1 以内)を確かめて、この系列に付け直した(2026-09-26 番人。付け直した 800 セルが全部一致)。
e8584c9b7d7e756e,JP,index,建設工事費デフレーター（2020年度基準） 四半期別,RC量産住宅,RC量産住宅,index (2020年度平均 = 100),national,JP,日本,,,,122.4,,index_value,published_pdl,,,2025Q4,,mlit-deflator-tsuki-2607,deftsuki2020（四半期別）!BO49(見出しは右隣の系列。値はこの系列),https://www.mlit.go.jp/statistics/details/content/deftsuki_2607.xlsx,PDL1.0,,2020年度基準(2020年度平均=100)。2026年4月分の公表から2020年度基準に改定(原本注)。ウエイト項目に営業余剰や間接税(消費税を含む)等を含めない(原本注)。原本の期間表示「2025年 10-12月」(暦年の四半期)。2023年度以降は建設投資のウエイトに2020〜2022年度の平均値を暫定的に使用(原本注)。原本では1列右の見出しの下にある値。月別シートのこの系列の3か月平均と一致(差 0.03、0.1 以内)を確かめて、この系列に付け直した(2026-09-26 番人。付け直した 800 セルが全部一致)。
2fd491d729c053d3,JP,index,建設工事費デフレーター（2020年度基準） 四半期別,S在来住宅,S在来住宅,index (2020年度平均 = 100),national,JP,日本,,,,123,,index_value,published_pdl,,,2025Q4,,mlit-deflator-tsuki-2607,deftsuki2020（四半期別）!BP49(見出しは右隣の系列。値はこの系列),https://www.mlit.go.jp/statistics/details/content/deftsuki_2607.xlsx,PDL1.0,,2020年度基準(2020年度平均=100)。2026年4月分の公表から2020年度基準に改定(原本注)。ウエイト項目に営業余剰や間接税(消費税を含む)等を含めない(原本注)。原本の期間表示「2025年 10-12月」(暦年の四半期)。2023年度以降は建設投資のウエイトに2020〜2022年度の平均値を暫定的に使用(原本注)。原本では1列右の見出しの下にある値。月別シートのこの系列の3か月平均と一致(差 0.00、0.1 以内)を確かめて、この系列に付け直した(2026-09-26 番人。付け直した 800 セルが全部一致)。
638fd582a6d79127,JP,index,建設工事費デフレーター（2020年度基準） 四半期別,S量産住宅,S量産住宅,index (2020年度平均 = 100),national,JP,日本,,,,124.8,,index_value,published_pdl,,,2025Q4,,mlit-deflator-tsuki-2607,deftsuki2020（四半期別）!BQ49(見出しは右隣の系列。値はこの系列),https://www.mlit.go.jp/statistics/details/content/deftsuki_2607.xlsx,PDL1.0,,2020年度基準(2020年度平均=100)。2026年4月分の公表から2020年度基準に改定(原本注)。ウエイト項目に営業余剰や間接税(消費税を含む)等を含めない(原本注)。原本の期間表示「2025年 10-12月」(暦年の四半期)。2023年度以降は建設投資のウエイトに2020〜2022年度の平均値を暫定的に使用(原本注)。原本では1列右の見出しの下にある値。月別シートのこの系列の3か月平均と一致(差 0.00、0.1 以内)を確かめて、この系列に付け直した(2026-09-26 番人。付け直した 800 セルが全部一致)。
850eef1a28f990e0,JP,index,建設工事費デフレーター（2020年度基準） 四半期別,W工場・倉庫,W工場・倉庫,index (2020年度平均 = 100),national,JP,日本,,,,121.8,,index_value,published_pdl,,,2025Q4,,mlit-deflator-tsuki-2607,deftsuki2020（四半期別）!BR49(見出しは右隣の系列。値はこの系列),https://www.mlit.go.jp/statistics/details/content/deftsuki_2607.xlsx,PDL1.0,,2020年度基準(2020年度平均=100)。2026年4月分の公表から2020年度基準に改定(原本注)。ウエイト項目に営業余剰や間接税(消費税を含む)等を含めない(原本注)。原本の期間表示「2025年 10-12月」(暦年の四半期)。2023年度以降は建設投資のウエイトに2020〜2022年度の平均値を暫定的に使用(原本注)。原本では1列右の見出しの下にある値。月別シートのこの系列の3か月平均と一致(差 0.03、0.1 以内)を確かめて、この系列に付け直した(2026-09-26 番人。付け直した 800 セルが全部一致)。
c96ff38d88e62ecb,JP,index,建設工事費デフレーター（2020年度基準） 四半期別,W事務所・その他,W事務所・その他,index (2020年度平均 = 100),national,JP,日本,,,,121.4,,index_value,published_pdl,,,2025Q4,,mlit-deflator-tsuki-2607,deftsuki2020（四半期別）!BS49(見出しは右隣の系列。値はこの系列),https://www.mlit.go.jp/statistics/details/content/deftsuki_2607.xlsx,PDL1.0,,2020年度基準(2020年度平均=100)。2026年4月分の公表から2020年度基準に改定(原本注)。ウエイト項目に営業余剰や間接税(消費税を含む)等を含めない(原本注)。原本の期間表示「2025年 10-12月」(暦年の四半期)。2023年度以降は建設投資のウエイトに2020〜2022年度の平均値を暫定的に使用(原本注)。原本では1列右の見出しの下にある値。月別シートのこの系列の3か月平均と一致(差 0.03、0.1 以内)を確かめて、この系列に付け直した(2026-09-26 番人。付け直した 800 セルが全部一致)。
85bf73d2fc8335a3,JP,index,建設工事費デフレーター（2020年度基準） 四半期別,SRC工場・倉庫,SRC工場・倉庫,index (2020年度平均 = 100),national,JP,日本,,,,121.7,,index_value,published_pdl,,,2025Q4,,mlit-deflator-tsuki-2607,deftsuki2020（四半期別）!BT49(見出しは右隣の系列。値はこの系列),https://www.mlit.go.jp/statistics/details/content/deftsuki_2607.xlsx,PDL1.0,,2020年度基準(2020年度平均=100)。2026年4月分の公表から2020年度基準に改定(原本注)。ウエイト項目に営業余剰や間接税(消費税を含む)等を含めない(原本注)。原本の期間表示「2025年 10-12月」(暦年の四半期)。2023年度以降は建設投資のウエイトに2020〜2022年度の平均値を暫定的に使用(原本注)。原本では1列右の見出しの下にある値。月別シートのこの系列の3か月平均と一致(差 0.00、0.1 以内)を確かめて、この系列に付け直した(2026-09-26 番人。付け直した 800 セルが全部一致)。
d130b51ff2a7b4c6,JP,index,建設工事費デフレーター（2020年度基準） 四半期別,SRC事務所・その他,SRC事務所・その他,index (2020年度平均 = 100),national,JP,日本,,,,120.8,,index_value,published_pdl,,,2025Q4,,mlit-deflator-tsuki-2607,deftsuki2020（四半期別）!BU49(見出しは右隣の系列。値はこの系列),https://www.mlit.go.jp/statistics/details/content/deftsuki_2607.xlsx,PDL1.0,,2020年度基準(2020年度平均=100)。2026年4月分の公表から2020年度基準に改定(原本注)。ウエイト項目に営業余剰や間接税(消費税を含む)等を含めない(原本注)。原本の期間表示「2025年 10-12月」(暦年の四半期)。2023年度以降は建設投資のウエイトに2020〜2022年度の平均値を暫定的に使用(原本注)。原本では1列右の見出しの下にある値。月別シートのこの系列の3か月平均と一致(差 0.03、0.1 以内)を確かめて、この系列に付け直した(2026-09-26 番人。付け直した 800 セルが全部一致)。
3f6e96c4a2911f72,JP,index,建設工事費デフレーター（2020年度基準） 四半期別,RC工場・倉庫,RC工場・倉庫,index (2020年度平均 = 100),national,JP,日本,,,,121.4,,index_value,published_pdl,,,2025Q4,,mlit-deflator-tsuki-2607,deftsuki2020（四半期別）!BV49(見出しは右隣の系列。値はこの系列),https://www.mlit.go.jp/statistics/details/content/deftsuki_2607.xlsx,PDL1.0,,2020年度基準(2020年度平均=100)。2026年4月分の公表から2020年度基準に改定(原本注)。ウエイト項目に営業余剰や間接税(消費税を含む)等を含めない(原本注)。原本の期間表示「2025年 10-12月」(暦年の四半期)。2023年度以降は建設投資のウエイトに2020〜2022年度の平均値を暫定的に使用(原本注)。原本では1列右の見出しの下にある値。月別シートのこの系列の3か月平均と一致(差 0.03、0.1 以内)を確かめて、この系列に付け直した(2026-09-26 番人。付け直した 800 セルが全部一致)。
93d5f6e520eaf229,JP,index,建設工事費デフレーター（2020年度基準） 四半期別,RC学校,RC学校,index (2020年度平均 = 100),national,JP,日本,,,,121,,index_value,published_pdl,,,2025Q4,,mlit-deflator-tsuki-2607,deftsuki2020（四半期別）!BW49(見出しは右隣の系列。値はこの系列),https://www.mlit.go.jp/statistics/details/content/deftsuki_2607.xlsx,PDL1.0,,2020年度基準(2020年度平均=100)。2026年4月分の公表から2020年度基準に改定(原本注)。ウエイト項目に営業余剰や間接税(消費税を含む)等を含めない(原本注)。原本の期間表示「2025年 10-12月」(暦年の四半期)。2023年度以降は建設投資のウエイトに2020〜2022年度の平均値を暫定的に使用(原本注)。原本では1列右の見出しの下にある値。月別シートのこの系列の3か月平均と一致(差 0.00、0.1 以内)を確かめて、この系列に付け直した(2026-09-26 番人。付け直した 800 セルが全部一致)。
9649f077601a4ae2,JP,index,建設工事費デフレーター（2020年度基準） 四半期別,RC事務所・その他,RC事務所・その他,index (2020年度平均 = 100),national,JP,日本,,,,121.3,,index_value,published_pdl,,,2025Q4,,mlit-deflator-tsuki-2607,deftsuki2020（四半期別）!BX49(見出しは右隣の系列。値はこの系列),https://www.mlit.go.jp/statistics/details/content/deftsuki_2607.xlsx,PDL1.0,,2020年度基準(2020年度平均=100)。2026年4月分の公表から2020年度基準に改定(原本注)。ウエイト項目に営業余剰や間接税(消費税を含む)等を含めない(原本注)。原本の期間表示「2025年 10-12月」(暦年の四半期)。2023年度以降は建設投資のウエイトに2020〜2022年度の平均値を暫定的に使用(原本注)。原本では1列右の見出しの下にある値。月別シートのこの系列の3か月平均と一致(差 0.03、0.1 以内)を確かめて、この系列に付け直した(2026-09-26 番人。付け直した 800 セルが全部一致)。
d3561b5ef945a3b1,JP,index,建設工事費デフレーター（2020年度基準） 四半期別,S工場・倉庫,S工場・倉庫,index (2020年度平均 = 100),national,JP,日本,,,,121.4,,index_value,published_pdl,,,2025Q4,,mlit-deflator-tsuki-2607,deftsuki2020（四半期別）!BY49(見出しは右隣の系列。値はこの系列),https://www.mlit.go.jp/statistics/details/content/deftsuki_2607.xlsx,PDL1.0,,2020年度基準(2020年度平均=100)。2026年4月分の公表から2020年度基準に改定(原本注)。ウエイト項目に営業余剰や間接税(消費税を含む)等を含めない(原本注)。原本の期間表示「2025年 10-12月」(暦年の四半期)。2023年度以降は建設投資のウエイトに2020〜2022年度の平均値を暫定的に使用(原本注)。原本では1列右の見出しの下にある値。月別シートのこの系列の3か月平均と一致(差 0.03、0.1 以内)を確かめて、この系列に付け直した(2026-09-26 番人。付け直した 800 セルが全部一致)。
8afa31cc536cd694,JP,index,建設工事費デフレーター（2020年度基準） 四半期別,S事務所・その他,S事務所・その他,index (2020年度平均 = 100),national,JP,日本,,,,,,index_value,not_set,,,2025Q4,,mlit-deflator-tsuki-2607,,https://www.mlit.go.jp/statistics/details/content/deftsuki_2607.xlsx,PDL1.0,,2020年度基準(2020年度平均=100)。2026年4月分の公表から2020年度基準に改定(原本注)。ウエイト項目に営業余剰や間接税(消費税を含む)等を含めない(原本注)。原本の期間表示「2025年 10-12月」(暦年の四半期)。2023年度以降は建設投資のウエイトに2020〜2022年度の平均値を暫定的に使用(原本注)。原本の四半期別では、列ずれのため、この系列のこの期間の値がどの列にも無い(2026-09-26 番人)。月別シートの値はある。
10882e50ff3f84f4,JP,index,建設工事費デフレーター（2020年度基準） 四半期別,地方道路公社等,建設総合 > 土木総合 > 公共事業 > 土木1（除く災害復旧） > 道路総合 > 有料道路 > 地方道路公社等,index (2020年度平均 = 100),national,JP,日本,,,,122,,index_value,published_pdl,,,2026Q1,,mlit-deflator-tsuki-2607,deftsuki2020（四半期別）!AT50(見出しは右隣の系列。値はこの系列),https://www.mlit.go.jp/statistics/details/content/deftsuki_2607.xlsx,PDL1.0,,2020年度基準(2020年度平均=100)。2026年4月分の公表から2020年度基準に改定(原本注)。ウエイト項目に営業余剰や間接税(消費税を含む)等を含めない(原本注)。原本の期間表示「2026年 1-3月」(暦年の四半期)。2023年度以降は建設投資のウエイトに2020〜2022年度の平均値を暫定的に使用(原本注)。原本では1列右の見出しの下にある値。月別シートのこの系列の3か月平均と一致(差 0.00、0.1 以内)を確かめて、この系列に付け直した(2026-09-26 番人。付け直した 800 セルが全部一致)。
d311f01ac121c343,JP,index,建設工事費デフレーター（2020年度基準） 四半期別,道路2（再掲）,建設総合 > 土木総合 > 公共事業 > 土木1（除く災害復旧） > 道路2（再掲）,index (2020年度平均 = 100),national,JP,日本,,,,122.3,,index_value,published_pdl,,,2026Q1,,mlit-deflator-tsuki-2607,deftsuki2020（四半期別）!AU50(見出しは右隣の系列。値はこの系列),https://www.mlit.go.jp/statistics/details/content/deftsuki_2607.xlsx,PDL1.0,,2020年度基準(2020年度平均=100)。2026年4月分の公表から2020年度基準に改定(原本注)。ウエイト項目に営業余剰や間接税(消費税を含む)等を含めない(原本注)。原本の期間表示「2026年 1-3月」(暦年の四半期)。2023年度以降は建設投資のウエイトに2020〜2022年度の平均値を暫定的に使用(原本注)。原本では1列右の見出しの下にある値。月別シートのこの系列の3か月平均と一致(差 0.00、0.1 以内)を確かめて、この系列に付け直した(2026-09-26 番人。付け直した 800 セルが全部一致)。
8110c8d98784992c,JP,index,建設工事費デフレーター（2020年度基準） 四半期別,街路2（再掲）,建設総合 > 土木総合 > 公共事業 > 土木1（除く災害復旧） > 街路2（再掲）,index (2020年度平均 = 100),national,JP,日本,,,,122.3,,index_value,published_pdl,,,2026Q1,,mlit-deflator-tsuki-2607,deftsuki2020（四半期別）!AV50(見出しは右隣の系列。値はこの系列),https://www.mlit.go.jp/statistics/details/content/deftsuki_2607.xlsx,PDL1.0,,2020年度基準(2020年度平均=100)。2026年4月分の公表から2020年度基準に改定(原本注)。ウエイト項目に営業余剰や間接税(消費税を含む)等を含めない(原本注)。原本の期間表示「2026年 1-3月」(暦年の四半期)。2023年度以降は建設投資のウエイトに2020〜2022年度の平均値を暫定的に使用(原本注)。原本では1列右の見出しの下にある値。月別シートのこの系列の3か月平均と一致(差 0.03、0.1 以内)を確かめて、この系列に付け直した(2026-09-26 番人。付け直した 800 セルが全部一致)。
7124817a61a02ef3,JP,index,建設工事費デフレーター（2020年度基準） 四半期別,公園,建設総合 > 土木総合 > 公共事業 > 土木1（除く災害復旧） > 公園,index (2020年度平均 = 100),national,JP,日本,,,,120,,index_value,published_pdl,,,2026Q1,,mlit-deflator-tsuki-2607,deftsuki2020（四半期別）!AW50(見出しは右隣の系列。値はこの系列),https://www.mlit.go.jp/statistics/details/content/deftsuki_2607.xlsx,PDL1.0,,2020年度基準(2020年度平均=100)。2026年4月分の公表から2020年度基準に改定(原本注)。ウエイト項目に営業余剰や間接税(消費税を含む)等を含めない(原本注)。原本の期間表示「2026年 1-3月」(暦年の四半期)。2023年度以降は建設投資のウエイトに2020〜2022年度の平均値を暫定的に使用(原本注)。原本では1列右の見出しの下にある値。月別シートのこの系列の3か月平均と一致(差 0.03、0.1 以内)を確かめて、この系列に付け直した(2026-09-26 番人。付け直した 800 セルが全部一致)。
2658e789b9e351b3,JP,index,建設工事費デフレーター（2020年度基準） 四半期別,下水道,建設総合 > 土木総合 > 公共事業 > 土木1（除く災害復旧） > 下水道,index (2020年度平均 = 100),national,JP,日本,,,,122,,index_value,published_pdl,,,2026Q1,,mlit-deflator-tsuki-2607,deftsuki2020（四半期別）!AX50(見出しは右隣の系列。値はこの系列),https://www.mlit.go.jp/statistics/details/content/deftsuki_2607.xlsx,PDL1.0,,2020年度基準(2020年度平均=100)。2026年4月分の公表から2020年度基準に改定(原本注)。ウエイト項目に営業余剰や間接税(消費税を含む)等を含めない(原本注)。原本の期間表示「2026年 1-3月」(暦年の四半期)。2023年度以降は建設投資のウエイトに2020〜2022年度の平均値を暫定的に使用(原本注)。原本では1列右の見出しの下にある値。月別シートのこの系列の3か月平均と一致(差 0.03、0.1 以内)を確かめて、この系列に付け直した(2026-09-26 番人。付け直した 800 セルが全部一致)。
1be63673c1bdd05c,JP,index,建設工事費デフレーター（2020年度基準） 四半期別,災害復旧,建設総合 > 土木総合 > 公共事業 > 土木1（除く災害復旧） > 災害復旧,index (2020年度平均 = 100),national,JP,日本,,,,123.1,,index_value,published_pdl,,,2026Q1,,mlit-deflator-tsuki-2607,deftsuki2020（四半期別）!AY50(見出しは右隣の系列。値はこの系列),https://www.mlit.go.jp/statistics/details/content/deftsuki_2607.xlsx,PDL1.0,,2020年度基準(2020年度平均=100)。2026年4月分の公表から2020年度基準に改定(原本注)。ウエイト項目に営業余剰や間接税(消費税を含む)等を含めない(原本注)。原本の期間表示「2026年 1-3月」(暦年の四半期)。2023年度以降は建設投資のウエイトに2020〜2022年度の平均値を暫定的に使用(原本注)。原本では1列右の見出しの下にある値。月別シートのこの系列の3か月平均と一致(差 0.00、0.1 以内)を確かめて、この系列に付け直した(2026-09-26 番人。付け直した 800 セルが全部一致)。
00d9ca7da1ab4778,JP,index,建設工事費デフレーター（2020年度基準） 四半期別,土木2,建設総合 > 土木総合 > 公共事業 > 土木2,index (2020年度平均 = 100),national,JP,日本,,,,121.9,,index_value,published_pdl,,,2026Q1,,mlit-deflator-tsuki-2607,deftsuki2020（四半期別）!AZ50(見出しは右隣の系列。値はこの系列),https://www.mlit.go.jp/statistics/details/content/deftsuki_2607.xlsx,PDL1.0,,2020年度基準(2020年度平均=100)。2026年4月分の公表から2020年度基準に改定(原本注)。ウエイト項目に営業余剰や間接税(消費税を含む)等を含めない(原本注)。原本の期間表示「2026年 1-3月」(暦年の四半期)。2023年度以降は建設投資のウエイトに2020〜2022年度の平均値を暫定的に使用(原本注)。原本では1列右の見出しの下にある値。月別シートのこの系列の3か月平均と一致(差 0.00、0.1 以内)を確かめて、この系列に付け直した(2026-09-26 番人。付け直した 800 セルが全部一致)。
d4025f71688589a1,JP,index,建設工事費デフレーター（2020年度基準） 四半期別,港湾・漁港,建設総合 > 土木総合 > 公共事業 > 土木2 > 港湾・漁港,index (2020年度平均 = 100),national,JP,日本,,,,121.9,,index_value,published_pdl,,,2026Q1,,mlit-deflator-tsuki-2607,deftsuki2020（四半期別）!BA50(見出しは右隣の系列。値はこの系列),https://www.mlit.go.jp/statistics/details/content/deftsuki_2607.xlsx,PDL1.0,,2020年度基準(2020年度平均=100)。2026年4月分の公表から2020年度基準に改定(原本注)。ウエイト項目に営業余剰や間接税(消費税を含む)等を含めない(原本注)。原本の期間表示「2026年 1-3月」(暦年の四半期)。2023年度以降は建設投資のウエイトに2020〜2022年度の平均値を暫定的に使用(原本注)。原本では1列右の見出しの下にある値。月別シートのこの系列の3か月平均と一致(差 0.03、0.1 以内)を確かめて、この系列に付け直した(2026-09-26 番人。付け直した 800 セルが全部一致)。
fb8972866882a1ba,JP,index,建設工事費デフレーター（2020年度基準） 四半期別,空港,建設総合 > 土木総合 > 公共事業 > 土木2 > 空港,index (2020年度平均 = 100),national,JP,日本,,,,115.9,,index_value,published_pdl,,,2026Q1,,mlit-deflator-tsuki-2607,deftsuki2020（四半期別）!BB50(見出しは右隣の系列。値はこの系列),https://www.mlit.go.jp/statistics/details/content/deftsuki_2607.xlsx,PDL1.0,,2020年度基準(2020年度平均=100)。2026年4月分の公表から2020年度基準に改定(原本注)。ウエイト項目に営業余剰や間接税(消費税を含む)等を含めない(原本注)。原本の期間表示「2026年 1-3月」(暦年の四半期)。2023年度以降は建設投資のウエイトに2020〜2022年度の平均値を暫定的に使用(原本注)。原本では1列右の見出しの下にある値。月別シートのこの系列の3か月平均と一致(差 0.03、0.1 以内)を確かめて、この系列に付け直した(2026-09-26 番人。付け直した 800 セルが全部一致)。
07fbb9424820e661,JP,index,建設工事費デフレーター（2020年度基準） 四半期別,環境衛生,建設総合 > 土木総合 > 公共事業 > 土木2 > 環境衛生,index (2020年度平均 = 100),national,JP,日本,,,,122,,index_value,published_pdl,,,2026Q1,,mlit-deflator-tsuki-2607,deftsuki2020（四半期別）!BC50(見出しは右隣の系列。値はこの系列),https://www.mlit.go.jp/statistics/details/content/deftsuki_2607.xlsx,PDL1.0,,2020年度基準(2020年度平均=100)。2026年4月分の公表から2020年度基準に改定(原本注)。ウエイト項目に営業余剰や間接税(消費税を含む)等を含めない(原本注)。原本の期間表示「2026年 1-3月」(暦年の四半期)。2023年度以降は建設投資のウエイトに2020〜2022年度の平均値を暫定的に使用(原本注)。原本では1列右の見出しの下にある値。月別シートのこの系列の3か月平均と一致(差 0.07、0.1 以内)を確かめて、この系列に付け直した(2026-09-26 番人。付け直した 800 セルが全部一致)。
cde3f8f98a4cd160,JP,index,建設工事費デフレーター（2020年度基準） 四半期別,農林関係公共事業,建設総合 > 土木総合 > 公共事業 > 土木2 > 農林関係公共事業,index (2020年度平均 = 100),national,JP,日本,,,,122.7,,index_value,published_pdl,,,2026Q1,,mlit-deflator-tsuki-2607,deftsuki2020（四半期別）!BD50(見出しは右隣の系列。値はこの系列),https://www.mlit.go.jp/statistics/details/content/deftsuki_2607.xlsx,PDL1.0,,2020年度基準(2020年度平均=100)。2026年4月分の公表から2020年度基準に改定(原本注)。ウエイト項目に営業余剰や間接税(消費税を含む)等を含めない(原本注)。原本の期間表示「2026年 1-3月」(暦年の四半期)。2023年度以降は建設投資のウエイトに2020〜2022年度の平均値を暫定的に使用(原本注)。原本では1列右の見出しの下にある値。月別シートのこの系列の3か月平均と一致(差 0.03、0.1 以内)を確かめて、この系列に付け直した(2026-09-26 番人。付け直した 800 セルが全部一致)。
1bdc68f4b2fcfb69,JP,index,建設工事費デフレーター（2020年度基準） 四半期別,その他土木,建設総合 > 土木総合 > その他土木 (原本の列 BD。同じ表頭の列が2つある),index (2020年度平均 = 100),national,JP,日本,,,,122.9,,index_value,published_pdl,,,2026Q1,,mlit-deflator-tsuki-2607,deftsuki2020（四半期別）!BE50(見出しは右隣の系列。値はこの系列),https://www.mlit.go.jp/statistics/details/content/deftsuki_2607.xlsx,PDL1.0,,2020年度基準(2020年度平均=100)。2026年4月分の公表から2020年度基準に改定(原本注)。ウエイト項目に営業余剰や間接税(消費税を含む)等を含めない(原本注)。原本の期間表示「2026年 1-3月」(暦年の四半期)。2023年度以降は建設投資のウエイトに2020〜2022年度の平均値を暫定的に使用(原本注)。原本では1列右の見出しの下にある値。月別シートのこの系列の3か月平均と一致(差 0.00、0.1 以内)を確かめて、この系列に付け直した(2026-09-26 番人。付け直した 800 セルが全部一致)。
92082635a114b356,JP,index,建設工事費デフレーター（2020年度基準） 四半期別,鉄道軌道,建設総合 > 土木総合 > その他土木 > 鉄道軌道,index (2020年度平均 = 100),national,JP,日本,,,,126.3,,index_value,published_pdl,,,2026Q1,,mlit-deflator-tsuki-2607,deftsuki2020（四半期別）!BF50(見出しは右隣の系列。値はこの系列),https://www.mlit.go.jp/statistics/details/content/deftsuki_2607.xlsx,PDL1.0,,2020年度基準(2020年度平均=100)。2026年4月分の公表から2020年度基準に改定(原本注)。ウエイト項目に営業余剰や間接税(消費税を含む)等を含めない(原本注)。原本の期間表示「2026年 1-3月」(暦年の四半期)。2023年度以降は建設投資のウエイトに2020〜2022年度の平均値を暫定的に使用(原本注)。原本では1列右の見出しの下にある値。月別シートのこの系列の3か月平均と一致(差 0.03、0.1 以内)を確かめて、この系列に付け直した(2026-09-26 番人。付け直した 800 セルが全部一致)。
506035bde55a470f,JP,index,建設工事費デフレーター（2020年度基準） 四半期別,電力,建設総合 > 土木総合 > その他土木 > 電力,index (2020年度平均 = 100),national,JP,日本,,,,126,,index_value,published_pdl,,,2026Q1,,mlit-deflator-tsuki-2607,deftsuki2020（四半期別）!BG50(見出しは右隣の系列。値はこの系列),https://www.mlit.go.jp/statistics/details/content/deftsuki_2607.xlsx,PDL1.0,,2020年度基準(2020年度平均=100)。2026年4月分の公表から2020年度基準に改定(原本注)。ウエイト項目に営業余剰や間接税(消費税を含む)等を含めない(原本注)。原本の期間表示「2026年 1-3月」(暦年の四半期)。2023年度以降は建設投資のウエイトに2020〜2022年度の平均値を暫定的に使用(原本注)。原本では1列右の見出しの下にある値。月別シートのこの系列の3か月平均と一致(差 0.03、0.1 以内)を確かめて、この系列に付け直した(2026-09-26 番人。付け直した 800 セルが全部一致)。
7d6712443c2ae5b0,JP,index,建設工事費デフレーター（2020年度基準） 四半期別,電気通信,建設総合 > 土木総合 > その他土木 > 電気通信,index (2020年度平均 = 100),national,JP,日本,,,,121.8,,index_value,published_pdl,,,2026Q1,,mlit-deflator-tsuki-2607,deftsuki2020（四半期別）!BH50(見出しは右隣の系列。値はこの系列),https://www.mlit.go.jp/statistics/details/content/deftsuki_2607.xlsx,PDL1.0,,2020年度基準(2020年度平均=100)。2026年4月分の公表から2020年度基準に改定(原本注)。ウエイト項目に営業余剰や間接税(消費税を含む)等を含めない(原本注)。原本の期間表示「2026年 1-3月」(暦年の四半期)。2023年度以降は建設投資のウエイトに2020〜2022年度の平均値を暫定的に使用(原本注)。原本では1列右の見出しの下にある値。月別シートのこの系列の3か月平均と一致(差 0.00、0.1 以内)を確かめて、この系列に付け直した(2026-09-26 番人。付け直した 800 セルが全部一致)。
1bc7dcad3f6147e0,JP,index,建設工事費デフレーター（2020年度基準） 四半期別,上・工業用水道,建設総合 > 土木総合 > その他土木 > 上・工業用水道,index (2020年度平均 = 100),national,JP,日本,,,,121.3,,index_value,published_pdl,,,2026Q1,,mlit-deflator-tsuki-2607,deftsuki2020（四半期別）!BI50(見出しは右隣の系列。値はこの系列),https://www.mlit.go.jp/statistics/details/content/deftsuki_2607.xlsx,PDL1.0,,2020年度基準(2020年度平均=100)。2026年4月分の公表から2020年度基準に改定(原本注)。ウエイト項目に営業余剰や間接税(消費税を含む)等を含めない(原本注)。原本の期間表示「2026年 1-3月」(暦年の四半期)。2023年度以降は建設投資のウエイトに2020〜2022年度の平均値を暫定的に使用(原本注)。原本では1列右の見出しの下にある値。月別シートのこの系列の3か月平均と一致(差 0.03、0.1 以内)を確かめて、この系列に付け直した(2026-09-26 番人。付け直した 800 セルが全部一致)。
7f707fb043c28c13,JP,index,建設工事費デフレーター（2020年度基準） 四半期別,土地造成,建設総合 > 土木総合 > その他土木 > 土地造成,index (2020年度平均 = 100),national,JP,日本,,,,120.7,,index_value,published_pdl,,,2026Q1,,mlit-deflator-tsuki-2607,deftsuki2020（四半期別）!BJ50(見出しは右隣の系列。値はこの系列),https://www.mlit.go.jp/statistics/details/content/deftsuki_2607.xlsx,PDL1.0,,2020年度基準(2020年度平均=100)。2026年4月分の公表から2020年度基準に改定(原本注)。ウエイト項目に営業余剰や間接税(消費税を含む)等を含めない(原本注)。原本の期間表示「2026年 1-3月」(暦年の四半期)。2023年度以降は建設投資のウエイトに2020〜2022年度の平均値を暫定的に使用(原本注)。原本では1列右の見出しの下にある値。月別シートのこの系列の3か月平均と一致(差 0.00、0.1 以内)を確かめて、この系列に付け直した(2026-09-26 番人。付け直した 800 セルが全部一致)。
e9d318a2d77ba579,JP,index,建設工事費デフレーター（2020年度基準） 四半期別,その他土木,建設総合 > 土木総合 > その他土木 (原本の列 BJ。同じ表頭の列が2つある),index (2020年度平均 = 100),national,JP,日本,,,,120.6,,index_value,published_pdl,,,2026Q1,,mlit-deflator-tsuki-2607,deftsuki2020（四半期別）!BK50(見出しは右隣の系列。値はこの系列),https://www.mlit.go.jp/statistics/details/content/deftsuki_2607.xlsx,PDL1.0,,2020年度基準(2020年度平均=100)。2026年4月分の公表から2020年度基準に改定(原本注)。ウエイト項目に営業余剰や間接税(消費税を含む)等を含めない(原本注)。原本の期間表示「2026年 1-3月」(暦年の四半期)。2023年度以降は建設投資のウエイトに2020〜2022年度の平均値を暫定的に使用(原本注)。原本では1列右の見出しの下にある値。月別シートのこの系列の3か月平均と一致(差 0.03、0.1 以内)を確かめて、この系列に付け直した(2026-09-26 番人。付け直した 800 セルが全部一致)。
02272716b01cb78e,JP,index,建設工事費デフレーター（2020年度基準） 四半期別,W在来住宅,W在来住宅,index (2020年度平均 = 100),national,JP,日本,,,,123.6,,index_value,published_pdl,,,2026Q1,,mlit-deflator-tsuki-2607,deftsuki2020（四半期別）!BL50(見出しは右隣の系列。値はこの系列),https://www.mlit.go.jp/statistics/details/content/deftsuki_2607.xlsx,PDL1.0,,2020年度基準(2020年度平均=100)。2026年4月分の公表から2020年度基準に改定(原本注)。ウエイト項目に営業余剰や間接税(消費税を含む)等を含めない(原本注)。原本の期間表示「2026年 1-3月」(暦年の四半期)。2023年度以降は建設投資のウエイトに2020〜2022年度の平均値を暫定的に使用(原本注)。原本では1列右の見出しの下にある値。月別シートのこの系列の3か月平均と一致(差 0.00、0.1 以内)を確かめて、この系列に付け直した(2026-09-26 番人。付け直した 800 セルが全部一致)。
5cbdaf2e64dd5a78,JP,index,建設工事費デフレーター（2020年度基準） 四半期別,W量産住宅,W量産住宅,index (2020年度平均 = 100),national,JP,日本,,,,124.6,,index_value,published_pdl,,,2026Q1,,mlit-deflator-tsuki-2607,deftsuki2020（四半期別）!BM50(見出しは右隣の系列。値はこの系列),https://www.mlit.go.jp/statistics/details/content/deftsuki_2607.xlsx,PDL1.0,,2020年度基準(2020年度平均=100)。2026年4月分の公表から2020年度基準に改定(原本注)。ウエイト項目に営業余剰や間接税(消費税を含む)等を含めない(原本注)。原本の期間表示「2026年 1-3月」(暦年の四半期)。2023年度以降は建設投資のウエイトに2020〜2022年度の平均値を暫定的に使用(原本注)。原本では1列右の見出しの下にある値。月別シートのこの系列の3か月平均と一致(差 0.00、0.1 以内)を確かめて、この系列に付け直した(2026-09-26 番人。付け直した 800 セルが全部一致)。
b98010bb158431d3,JP,index,建設工事費デフレーター（2020年度基準） 四半期別,RC在来住宅,RC在来住宅,index (2020年度平均 = 100),national,JP,日本,,,,123.5,,index_value,published_pdl,,,2026Q1,,mlit-deflator-tsuki-2607,deftsuki2020（四半期別）!BN50(見出しは右隣の系列。値はこの系列),https://www.mlit.go.jp/statistics/details/content/deftsuki_2607.xlsx,PDL1.0,,2020年度基準(2020年度平均=100)。2026年4月分の公表から2020年度基準に改定(原本注)。ウエイト項目に営業余剰や間接税(消費税を含む)等を含めない(原本注)。原本の期間表示「2026年 1-3月」(暦年の四半期)。2023年度以降は建設投資のウエイトに2020〜2022年度の平均値を暫定的に使用(原本注)。原本では1列右の見出しの下にある値。月別シートのこの系列の3か月平均と一致(差 0.07、0.1 以内)を確かめて、この系列に付け直した(2026-09-26 番人。付け直した 800 セルが全部一致)。
c9182bb3aa5590eb,JP,index,建設工事費デフレーター（2020年度基準） 四半期別,RC量産住宅,RC量産住宅,index (2020年度平均 = 100),national,JP,日本,,,,123.6,,index_value,published_pdl,,,2026Q1,,mlit-deflator-tsuki-2607,deftsuki2020（四半期別）!BO50(見出しは右隣の系列。値はこの系列),https://www.mlit.go.jp/statistics/details/content/deftsuki_2607.xlsx,PDL1.0,,2020年度基準(2020年度平均=100)。2026年4月分の公表から2020年度基準に改定(原本注)。ウエイト項目に営業余剰や間接税(消費税を含む)等を含めない(原本注)。原本の期間表示「2026年 1-3月」(暦年の四半期)。2023年度以降は建設投資のウエイトに2020〜2022年度の平均値を暫定的に使用(原本注)。原本では1列右の見出しの下にある値。月別シートのこの系列の3か月平均と一致(差 0.03、0.1 以内)を確かめて、この系列に付け直した(2026-09-26 番人。付け直した 800 セルが全部一致)。
59a9f6dc287f24c8,JP,index,建設工事費デフレーター（2020年度基準） 四半期別,S在来住宅,S在来住宅,index (2020年度平均 = 100),national,JP,日本,,,,124.4,,index_value,published_pdl,,,2026Q1,,mlit-deflator-tsuki-2607,deftsuki2020（四半期別）!BP50(見出しは右隣の系列。値はこの系列),https://www.mlit.go.jp/statistics/details/content/deftsuki_2607.xlsx,PDL1.0,,2020年度基準(2020年度平均=100)。2026年4月分の公表から2020年度基準に改定(原本注)。ウエイト項目に営業余剰や間接税(消費税を含む)等を含めない(原本注)。原本の期間表示「2026年 1-3月」(暦年の四半期)。2023年度以降は建設投資のウエイトに2020〜2022年度の平均値を暫定的に使用(原本注)。原本では1列右の見出しの下にある値。月別シートのこの系列の3か月平均と一致(差 0.00、0.1 以内)を確かめて、この系列に付け直した(2026-09-26 番人。付け直した 800 セルが全部一致)。
c2f8c118a375105f,JP,index,建設工事費デフレーター（2020年度基準） 四半期別,S量産住宅,S量産住宅,index (2020年度平均 = 100),national,JP,日本,,,,125.7,,index_value,published_pdl,,,2026Q1,,mlit-deflator-tsuki-2607,deftsuki2020（四半期別）!BQ50(見出しは右隣の系列。値はこの系列),https://www.mlit.go.jp/statistics/details/content/deftsuki_2607.xlsx,PDL1.0,,2020年度基準(2020年度平均=100)。2026年4月分の公表から2020年度基準に改定(原本注)。ウエイト項目に営業余剰や間接税(消費税を含む)等を含めない(原本注)。原本の期間表示「2026年 1-3月」(暦年の四半期)。2023年度以降は建設投資のウエイトに2020〜2022年度の平均値を暫定的に使用(原本注)。原本では1列右の見出しの下にある値。月別シートのこの系列の3か月平均と一致(差 0.03、0.1 以内)を確かめて、この系列に付け直した(2026-09-26 番人。付け直した 800 セルが全部一致)。
f6fe36defbea3248,JP,index,建設工事費デフレーター（2020年度基準） 四半期別,W工場・倉庫,W工場・倉庫,index (2020年度平均 = 100),national,JP,日本,,,,123.2,,index_value,published_pdl,,,2026Q1,,mlit-deflator-tsuki-2607,deftsuki2020（四半期別）!BR50(見出しは右隣の系列。値はこの系列),https://www.mlit.go.jp/statistics/details/content/deftsuki_2607.xlsx,PDL1.0,,2020年度基準(2020年度平均=100)。2026年4月分の公表から2020年度基準に改定(原本注)。ウエイト項目に営業余剰や間接税(消費税を含む)等を含めない(原本注)。原本の期間表示「2026年 1-3月」(暦年の四半期)。2023年度以降は建設投資のウエイトに2020〜2022年度の平均値を暫定的に使用(原本注)。原本では1列右の見出しの下にある値。月別シートのこの系列の3か月平均と一致(差 0.03、0.1 以内)を確かめて、この系列に付け直した(2026-09-26 番人。付け直した 800 セルが全部一致)。
c155e271a0222534,JP,index,建設工事費デフレーター（2020年度基準） 四半期別,W事務所・その他,W事務所・その他,index (2020年度平均 = 100),national,JP,日本,,,,122.7,,index_value,published_pdl,,,2026Q1,,mlit-deflator-tsuki-2607,deftsuki2020（四半期別）!BS50(見出しは右隣の系列。値はこの系列),https://www.mlit.go.jp/statistics/details/content/deftsuki_2607.xlsx,PDL1.0,,2020年度基準(2020年度平均=100)。2026年4月分の公表から2020年度基準に改定(原本注)。ウエイト項目に営業余剰や間接税(消費税を含む)等を含めない(原本注)。原本の期間表示「2026年 1-3月」(暦年の四半期)。2023年度以降は建設投資のウエイトに2020〜2022年度の平均値を暫定的に使用(原本注)。原本では1列右の見出しの下にある値。月別シートのこの系列の3か月平均と一致(差 0.03、0.1 以内)を確かめて、この系列に付け直した(2026-09-26 番人。付け直した 800 セルが全部一致)。
a680294d1fb0cfd9,JP,index,建設工事費デフレーター（2020年度基準） 四半期別,SRC工場・倉庫,SRC工場・倉庫,index (2020年度平均 = 100),national,JP,日本,,,,122.9,,index_value,published_pdl,,,2026Q1,,mlit-deflator-tsuki-2607,deftsuki2020（四半期別）!BT50(見出しは右隣の系列。値はこの系列),https://www.mlit.go.jp/statistics/details/content/deftsuki_2607.xlsx,PDL1.0,,2020年度基準(2020年度平均=100)。2026年4月分の公表から2020年度基準に改定(原本注)。ウエイト項目に営業余剰や間接税(消費税を含む)等を含めない(原本注)。原本の期間表示「2026年 1-3月」(暦年の四半期)。2023年度以降は建設投資のウエイトに2020〜2022年度の平均値を暫定的に使用(原本注)。原本では1列右の見出しの下にある値。月別シートのこの系列の3か月平均と一致(差 0.00、0.1 以内)を確かめて、この系列に付け直した(2026-09-26 番人。付け直した 800 セルが全部一致)。
44e87466a8ab1dd3,JP,index,建設工事費デフレーター（2020年度基準） 四半期別,SRC事務所・その他,SRC事務所・その他,index (2020年度平均 = 100),national,JP,日本,,,,122.2,,index_value,published_pdl,,,2026Q1,,mlit-deflator-tsuki-2607,deftsuki2020（四半期別）!BU50(見出しは右隣の系列。値はこの系列),https://www.mlit.go.jp/statistics/details/content/deftsuki_2607.xlsx,PDL1.0,,2020年度基準(2020年度平均=100)。2026年4月分の公表から2020年度基準に改定(原本注)。ウエイト項目に営業余剰や間接税(消費税を含む)等を含めない(原本注)。原本の期間表示「2026年 1-3月」(暦年の四半期)。2023年度以降は建設投資のウエイトに2020〜2022年度の平均値を暫定的に使用(原本注)。原本では1列右の見出しの下にある値。月別シートのこの系列の3か月平均と一致(差 0.03、0.1 以内)を確かめて、この系列に付け直した(2026-09-26 番人。付け直した 800 セルが全部一致)。
6a86029185399a38,JP,index,建設工事費デフレーター（2020年度基準） 四半期別,RC工場・倉庫,RC工場・倉庫,index (2020年度平均 = 100),national,JP,日本,,,,122.7,,index_value,published_pdl,,,2026Q1,,mlit-deflator-tsuki-2607,deftsuki2020（四半期別）!BV50(見出しは右隣の系列。値はこの系列),https://www.mlit.go.jp/statistics/details/content/deftsuki_2607.xlsx,PDL1.0,,2020年度基準(2020年度平均=100)。2026年4月分の公表から2020年度基準に改定(原本注)。ウエイト項目に営業余剰や間接税(消費税を含む)等を含めない(原本注)。原本の期間表示「2026年 1-3月」(暦年の四半期)。2023年度以降は建設投資のウエイトに2020〜2022年度の平均値を暫定的に使用(原本注)。原本では1列右の見出しの下にある値。月別シートのこの系列の3か月平均と一致(差 0.03、0.1 以内)を確かめて、この系列に付け直した(2026-09-26 番人。付け直した 800 セルが全部一致)。
838c4fd9e5e73b2e,JP,index,建設工事費デフレーター（2020年度基準） 四半期別,RC学校,RC学校,index (2020年度平均 = 100),national,JP,日本,,,,122.4,,index_value,published_pdl,,,2026Q1,,mlit-deflator-tsuki-2607,deftsuki2020（四半期別）!BW50(見出しは右隣の系列。値はこの系列),https://www.mlit.go.jp/statistics/details/content/deftsuki_2607.xlsx,PDL1.0,,2020年度基準(2020年度平均=100)。2026年4月分の公表から2020年度基準に改定(原本注)。ウエイト項目に営業余剰や間接税(消費税を含む)等を含めない(原本注)。原本の期間表示「2026年 1-3月」(暦年の四半期)。2023年度以降は建設投資のウエイトに2020〜2022年度の平均値を暫定的に使用(原本注)。原本では1列右の見出しの下にある値。月別シートのこの系列の3か月平均と一致(差 0.03、0.1 以内)を確かめて、この系列に付け直した(2026-09-26 番人。付け直した 800 セルが全部一致)。
67ddcbc2196cd08e,JP,index,建設工事費デフレーター（2020年度基準） 四半期別,RC事務所・その他,RC事務所・その他,index (2020年度平均 = 100),national,JP,日本,,,,122.7,,index_value,published_pdl,,,2026Q1,,mlit-deflator-tsuki-2607,deftsuki2020（四半期別）!BX50(見出しは右隣の系列。値はこの系列),https://www.mlit.go.jp/statistics/details/content/deftsuki_2607.xlsx,PDL1.0,,2020年度基準(2020年度平均=100)。2026年4月分の公表から2020年度基準に改定(原本注)。ウエイト項目に営業余剰や間接税(消費税を含む)等を含めない(原本注)。原本の期間表示「2026年 1-3月」(暦年の四半期)。2023年度以降は建設投資のウエイトに2020〜2022年度の平均値を暫定的に使用(原本注)。原本では1列右の見出しの下にある値。月別シートのこの系列の3か月平均と一致(差 0.03、0.1 以内)を確かめて、この系列に付け直した(2026-09-26 番人。付け直した 800 セルが全部一致)。
88bc6f0e055d1c4c,JP,index,建設工事費デフレーター（2020年度基準） 四半期別,S工場・倉庫,S工場・倉庫,index (2020年度平均 = 100),national,JP,日本,,,,122.7,,index_value,published_pdl,,,2026Q1,,mlit-deflator-tsuki-2607,deftsuki2020（四半期別）!BY50(見出しは右隣の系列。値はこの系列),https://www.mlit.go.jp/statistics/details/content/deftsuki_2607.xlsx,PDL1.0,,2020年度基準(2020年度平均=100)。2026年4月分の公表から2020年度基準に改定(原本注)。ウエイト項目に営業余剰や間接税(消費税を含む)等を含めない(原本注)。原本の期間表示「2026年 1-3月」(暦年の四半期)。2023年度以降は建設投資のウエイトに2020〜2022年度の平均値を暫定的に使用(原本注)。原本では1列右の見出しの下にある値。月別シートのこの系列の3か月平均と一致(差 0.03、0.1 以内)を確かめて、この系列に付け直した(2026-09-26 番人。付け直した 800 セルが全部一致)。
af9ea09f5e84b910,JP,index,建設工事費デフレーター（2020年度基準） 四半期別,S事務所・その他,S事務所・その他,index (2020年度平均 = 100),national,JP,日本,,,,,,index_value,not_set,,,2026Q1,,mlit-deflator-tsuki-2607,,https://www.mlit.go.jp/statistics/details/content/deftsuki_2607.xlsx,PDL1.0,,2020年度基準(2020年度平均=100)。2026年4月分の公表から2020年度基準に改定(原本注)。ウエイト項目に営業余剰や間接税(消費税を含む)等を含めない(原本注)。原本の期間表示「2026年 1-3月」(暦年の四半期)。2023年度以降は建設投資のウエイトに2020〜2022年度の平均値を暫定的に使用(原本注)。原本の四半期別では、列ずれのため、この系列のこの期間の値がどの列にも無い(2026-09-26 番人)。月別シートの値はある。
d6704b00b24f8934,JP,index,建設工事費デフレーター（2020年度基準） 四半期別,地方道路公社等,建設総合 > 土木総合 > 公共事業 > 土木1（除く災害復旧） > 道路総合 > 有料道路 > 地方道路公社等,index (2020年度平均 = 100),national,JP,日本,,,,126,,index_value,published_pdl,,,2026Q2,,mlit-deflator-tsuki-2607,deftsuki2020（四半期別）!AT51(見出しは右隣の系列。値はこの系列),https://www.mlit.go.jp/statistics/details/content/deftsuki_2607.xlsx,PDL1.0,,2020年度基準(2020年度平均=100)。2026年4月分の公表から2020年度基準に改定(原本注)。ウエイト項目に営業余剰や間接税(消費税を含む)等を含めない(原本注)。原本の期間表示「2026年 4-6月」(暦年の四半期)。2023年度以降は建設投資のウエイトに2020〜2022年度の平均値を暫定的に使用(原本注)。原本では1列右の見出しの下にある値。月別シートのこの系列の3か月平均と一致(差 0.03、0.1 以内)を確かめて、この系列に付け直した(2026-09-26 番人。付け直した 800 セルが全部一致)。
77afd71be6cc6f14,JP,index,建設工事費デフレーター（2020年度基準） 四半期別,道路2（再掲）,建設総合 > 土木総合 > 公共事業 > 土木1（除く災害復旧） > 道路2（再掲）,index (2020年度平均 = 100),national,JP,日本,,,,126,,index_value,published_pdl,,,2026Q2,,mlit-deflator-tsuki-2607,deftsuki2020（四半期別）!AU51(見出しは右隣の系列。値はこの系列),https://www.mlit.go.jp/statistics/details/content/deftsuki_2607.xlsx,PDL1.0,,2020年度基準(2020年度平均=100)。2026年4月分の公表から2020年度基準に改定(原本注)。ウエイト項目に営業余剰や間接税(消費税を含む)等を含めない(原本注)。原本の期間表示「2026年 4-6月」(暦年の四半期)。2023年度以降は建設投資のウエイトに2020〜2022年度の平均値を暫定的に使用(原本注)。原本では1列右の見出しの下にある値。月別シートのこの系列の3か月平均と一致(差 0.03、0.1 以内)を確かめて、この系列に付け直した(2026-09-26 番人。付け直した 800 セルが全部一致)。
f99fcf05e21b59bf,JP,index,建設工事費デフレーター（2020年度基準） 四半期別,街路2（再掲）,建設総合 > 土木総合 > 公共事業 > 土木1（除く災害復旧） > 街路2（再掲）,index (2020年度平均 = 100),national,JP,日本,,,,125.2,,index_value,published_pdl,,,2026Q2,,mlit-deflator-tsuki-2607,deftsuki2020（四半期別）!AV51(見出しは右隣の系列。値はこの系列),https://www.mlit.go.jp/statistics/details/content/deftsuki_2607.xlsx,PDL1.0,,2020年度基準(2020年度平均=100)。2026年4月分の公表から2020年度基準に改定(原本注)。ウエイト項目に営業余剰や間接税(消費税を含む)等を含めない(原本注)。原本の期間表示「2026年 4-6月」(暦年の四半期)。2023年度以降は建設投資のウエイトに2020〜2022年度の平均値を暫定的に使用(原本注)。原本では1列右の見出しの下にある値。月別シートのこの系列の3か月平均と一致(差 0.00、0.1 以内)を確かめて、この系列に付け直した(2026-09-26 番人。付け直した 800 セルが全部一致)。
27eb7cde24356618,JP,index,建設工事費デフレーター（2020年度基準） 四半期別,公園,建設総合 > 土木総合 > 公共事業 > 土木1（除く災害復旧） > 公園,index (2020年度平均 = 100),national,JP,日本,,,,123.6,,index_value,published_pdl,,,2026Q2,,mlit-deflator-tsuki-2607,deftsuki2020（四半期別）!AW51(見出しは右隣の系列。値はこの系列),https://www.mlit.go.jp/statistics/details/content/deftsuki_2607.xlsx,PDL1.0,,2020年度基準(2020年度平均=100)。2026年4月分の公表から2020年度基準に改定(原本注)。ウエイト項目に営業余剰や間接税(消費税を含む)等を含めない(原本注)。原本の期間表示「2026年 4-6月」(暦年の四半期)。2023年度以降は建設投資のウエイトに2020〜2022年度の平均値を暫定的に使用(原本注)。原本では1列右の見出しの下にある値。月別シートのこの系列の3か月平均と一致(差 0.03、0.1 以内)を確かめて、この系列に付け直した(2026-09-26 番人。付け直した 800 セルが全部一致)。
c03623acba2d73c3,JP,index,建設工事費デフレーター（2020年度基準） 四半期別,下水道,建設総合 > 土木総合 > 公共事業 > 土木1（除く災害復旧） > 下水道,index (2020年度平均 = 100),national,JP,日本,,,,125.3,,index_value,published_pdl,,,2026Q2,,mlit-deflator-tsuki-2607,deftsuki2020（四半期別）!AX51(見出しは右隣の系列。値はこの系列),https://www.mlit.go.jp/statistics/details/content/deftsuki_2607.xlsx,PDL1.0,,2020年度基準(2020年度平均=100)。2026年4月分の公表から2020年度基準に改定(原本注)。ウエイト項目に営業余剰や間接税(消費税を含む)等を含めない(原本注)。原本の期間表示「2026年 4-6月」(暦年の四半期)。2023年度以降は建設投資のウエイトに2020〜2022年度の平均値を暫定的に使用(原本注)。原本では1列右の見出しの下にある値。月別シートのこの系列の3か月平均と一致(差 0.03、0.1 以内)を確かめて、この系列に付け直した(2026-09-26 番人。付け直した 800 セルが全部一致)。
209daa26ac490397,JP,index,建設工事費デフレーター（2020年度基準） 四半期別,災害復旧,建設総合 > 土木総合 > 公共事業 > 土木1（除く災害復旧） > 災害復旧,index (2020年度平均 = 100),national,JP,日本,,,,125.7,,index_value,published_pdl,,,2026Q2,,mlit-deflator-tsuki-2607,deftsuki2020（四半期別）!AY51(見出しは右隣の系列。値はこの系列),https://www.mlit.go.jp/statistics/details/content/deftsuki_2607.xlsx,PDL1.0,,2020年度基準(2020年度平均=100)。2026年4月分の公表から2020年度基準に改定(原本注)。ウエイト項目に営業余剰や間接税(消費税を含む)等を含めない(原本注)。原本の期間表示「2026年 4-6月」(暦年の四半期)。2023年度以降は建設投資のウエイトに2020〜2022年度の平均値を暫定的に使用(原本注)。原本では1列右の見出しの下にある値。月別シートのこの系列の3か月平均と一致(差 0.03、0.1 以内)を確かめて、この系列に付け直した(2026-09-26 番人。付け直した 800 セルが全部一致)。
ffe968d1b0431b93,JP,index,建設工事費デフレーター（2020年度基準） 四半期別,土木2,建設総合 > 土木総合 > 公共事業 > 土木2,index (2020年度平均 = 100),national,JP,日本,,,,124.7,,index_value,published_pdl,,,2026Q2,,mlit-deflator-tsuki-2607,deftsuki2020（四半期別）!AZ51(見出しは右隣の系列。値はこの系列),https://www.mlit.go.jp/statistics/details/content/deftsuki_2607.xlsx,PDL1.0,,2020年度基準(2020年度平均=100)。2026年4月分の公表から2020年度基準に改定(原本注)。ウエイト項目に営業余剰や間接税(消費税を含む)等を含めない(原本注)。原本の期間表示「2026年 4-6月」(暦年の四半期)。2023年度以降は建設投資のウエイトに2020〜2022年度の平均値を暫定的に使用(原本注)。原本では1列右の見出しの下にある値。月別シートのこの系列の3か月平均と一致(差 0.03、0.1 以内)を確かめて、この系列に付け直した(2026-09-26 番人。付け直した 800 セルが全部一致)。
9d4d71b137face28,JP,index,建設工事費デフレーター（2020年度基準） 四半期別,港湾・漁港,建設総合 > 土木総合 > 公共事業 > 土木2 > 港湾・漁港,index (2020年度平均 = 100),national,JP,日本,,,,124.6,,index_value,published_pdl,,,2026Q2,,mlit-deflator-tsuki-2607,deftsuki2020（四半期別）!BA51(見出しは右隣の系列。値はこの系列),https://www.mlit.go.jp/statistics/details/content/deftsuki_2607.xlsx,PDL1.0,,2020年度基準(2020年度平均=100)。2026年4月分の公表から2020年度基準に改定(原本注)。ウエイト項目に営業余剰や間接税(消費税を含む)等を含めない(原本注)。原本の期間表示「2026年 4-6月」(暦年の四半期)。2023年度以降は建設投資のウエイトに2020〜2022年度の平均値を暫定的に使用(原本注)。原本では1列右の見出しの下にある値。月別シートのこの系列の3か月平均と一致(差 0.00、0.1 以内)を確かめて、この系列に付け直した(2026-09-26 番人。付け直した 800 セルが全部一致)。
36b841731436ea36,JP,index,建設工事費デフレーター（2020年度基準） 四半期別,空港,建設総合 > 土木総合 > 公共事業 > 土木2 > 空港,index (2020年度平均 = 100),national,JP,日本,,,,118.8,,index_value,published_pdl,,,2026Q2,,mlit-deflator-tsuki-2607,deftsuki2020（四半期別）!BB51(見出しは右隣の系列。値はこの系列),https://www.mlit.go.jp/statistics/details/content/deftsuki_2607.xlsx,PDL1.0,,2020年度基準(2020年度平均=100)。2026年4月分の公表から2020年度基準に改定(原本注)。ウエイト項目に営業余剰や間接税(消費税を含む)等を含めない(原本注)。原本の期間表示「2026年 4-6月」(暦年の四半期)。2023年度以降は建設投資のウエイトに2020〜2022年度の平均値を暫定的に使用(原本注)。原本では1列右の見出しの下にある値。月別シートのこの系列の3か月平均と一致(差 0.03、0.1 以内)を確かめて、この系列に付け直した(2026-09-26 番人。付け直した 800 セルが全部一致)。
71d1fb1805e77eab,JP,index,建設工事費デフレーター（2020年度基準） 四半期別,環境衛生,建設総合 > 土木総合 > 公共事業 > 土木2 > 環境衛生,index (2020年度平均 = 100),national,JP,日本,,,,124.8,,index_value,published_pdl,,,2026Q2,,mlit-deflator-tsuki-2607,deftsuki2020（四半期別）!BC51(見出しは右隣の系列。値はこの系列),https://www.mlit.go.jp/statistics/details/content/deftsuki_2607.xlsx,PDL1.0,,2020年度基準(2020年度平均=100)。2026年4月分の公表から2020年度基準に改定(原本注)。ウエイト項目に営業余剰や間接税(消費税を含む)等を含めない(原本注)。原本の期間表示「2026年 4-6月」(暦年の四半期)。2023年度以降は建設投資のウエイトに2020〜2022年度の平均値を暫定的に使用(原本注)。原本では1列右の見出しの下にある値。月別シートのこの系列の3か月平均と一致(差 0.03、0.1 以内)を確かめて、この系列に付け直した(2026-09-26 番人。付け直した 800 セルが全部一致)。
5dcdc9a1859f3b16,JP,index,建設工事費デフレーター（2020年度基準） 四半期別,農林関係公共事業,建設総合 > 土木総合 > 公共事業 > 土木2 > 農林関係公共事業,index (2020年度平均 = 100),national,JP,日本,,,,125.7,,index_value,published_pdl,,,2026Q2,,mlit-deflator-tsuki-2607,deftsuki2020（四半期別）!BD51(見出しは右隣の系列。値はこの系列),https://www.mlit.go.jp/statistics/details/content/deftsuki_2607.xlsx,PDL1.0,,2020年度基準(2020年度平均=100)。2026年4月分の公表から2020年度基準に改定(原本注)。ウエイト項目に営業余剰や間接税(消費税を含む)等を含めない(原本注)。原本の期間表示「2026年 4-6月」(暦年の四半期)。2023年度以降は建設投資のウエイトに2020〜2022年度の平均値を暫定的に使用(原本注)。原本では1列右の見出しの下にある値。月別シートのこの系列の3か月平均と一致(差 0.00、0.1 以内)を確かめて、この系列に付け直した(2026-09-26 番人。付け直した 800 セルが全部一致)。
a18d3c0f9a5f0486,JP,index,建設工事費デフレーター（2020年度基準） 四半期別,その他土木,建設総合 > 土木総合 > その他土木 (原本の列 BD。同じ表頭の列が2つある),index (2020年度平均 = 100),national,JP,日本,,,,125.5,,index_value,published_pdl,,,2026Q2,,mlit-deflator-tsuki-2607,deftsuki2020（四半期別）!BE51(見出しは右隣の系列。値はこの系列),https://www.mlit.go.jp/statistics/details/content/deftsuki_2607.xlsx,PDL1.0,,2020年度基準(2020年度平均=100)。2026年4月分の公表から2020年度基準に改定(原本注)。ウエイト項目に営業余剰や間接税(消費税を含む)等を含めない(原本注)。原本の期間表示「2026年 4-6月」(暦年の四半期)。2023年度以降は建設投資のウエイトに2020〜2022年度の平均値を暫定的に使用(原本注)。原本では1列右の見出しの下にある値。月別シートのこの系列の3か月平均と一致(差 0.03、0.1 以内)を確かめて、この系列に付け直した(2026-09-26 番人。付け直した 800 セルが全部一致)。
8acccb533ba4b7ad,JP,index,建設工事費デフレーター（2020年度基準） 四半期別,鉄道軌道,建設総合 > 土木総合 > その他土木 > 鉄道軌道,index (2020年度平均 = 100),national,JP,日本,,,,129.1,,index_value,published_pdl,,,2026Q2,,mlit-deflator-tsuki-2607,deftsuki2020（四半期別）!BF51(見出しは右隣の系列。値はこの系列),https://www.mlit.go.jp/statistics/details/content/deftsuki_2607.xlsx,PDL1.0,,2020年度基準(2020年度平均=100)。2026年4月分の公表から2020年度基準に改定(原本注)。ウエイト項目に営業余剰や間接税(消費税を含む)等を含めない(原本注)。原本の期間表示「2026年 4-6月」(暦年の四半期)。2023年度以降は建設投資のウエイトに2020〜2022年度の平均値を暫定的に使用(原本注)。原本では1列右の見出しの下にある値。月別シートのこの系列の3か月平均と一致(差 0.03、0.1 以内)を確かめて、この系列に付け直した(2026-09-26 番人。付け直した 800 セルが全部一致)。
fdac5adb423902b9,JP,index,建設工事費デフレーター（2020年度基準） 四半期別,電力,建設総合 > 土木総合 > その他土木 > 電力,index (2020年度平均 = 100),national,JP,日本,,,,128.5,,index_value,published_pdl,,,2026Q2,,mlit-deflator-tsuki-2607,deftsuki2020（四半期別）!BG51(見出しは右隣の系列。値はこの系列),https://www.mlit.go.jp/statistics/details/content/deftsuki_2607.xlsx,PDL1.0,,2020年度基準(2020年度平均=100)。2026年4月分の公表から2020年度基準に改定(原本注)。ウエイト項目に営業余剰や間接税(消費税を含む)等を含めない(原本注)。原本の期間表示「2026年 4-6月」(暦年の四半期)。2023年度以降は建設投資のウエイトに2020〜2022年度の平均値を暫定的に使用(原本注)。原本では1列右の見出しの下にある値。月別シートのこの系列の3か月平均と一致(差 0.03、0.1 以内)を確かめて、この系列に付け直した(2026-09-26 番人。付け直した 800 セルが全部一致)。
2cf0906772094b0f,JP,index,建設工事費デフレーター（2020年度基準） 四半期別,電気通信,建設総合 > 土木総合 > その他土木 > 電気通信,index (2020年度平均 = 100),national,JP,日本,,,,124.1,,index_value,published_pdl,,,2026Q2,,mlit-deflator-tsuki-2607,deftsuki2020（四半期別）!BH51(見出しは右隣の系列。値はこの系列),https://www.mlit.go.jp/statistics/details/content/deftsuki_2607.xlsx,PDL1.0,,2020年度基準(2020年度平均=100)。2026年4月分の公表から2020年度基準に改定(原本注)。ウエイト項目に営業余剰や間接税(消費税を含む)等を含めない(原本注)。原本の期間表示「2026年 4-6月」(暦年の四半期)。2023年度以降は建設投資のウエイトに2020〜2022年度の平均値を暫定的に使用(原本注)。原本では1列右の見出しの下にある値。月別シートのこの系列の3か月平均と一致(差 0.07、0.1 以内)を確かめて、この系列に付け直した(2026-09-26 番人。付け直した 800 セルが全部一致)。
81759bf43de17372,JP,index,建設工事費デフレーター（2020年度基準） 四半期別,上・工業用水道,建設総合 > 土木総合 > その他土木 > 上・工業用水道,index (2020年度平均 = 100),national,JP,日本,,,,123.5,,index_value,published_pdl,,,2026Q2,,mlit-deflator-tsuki-2607,deftsuki2020（四半期別）!BI51(見出しは右隣の系列。値はこの系列),https://www.mlit.go.jp/statistics/details/content/deftsuki_2607.xlsx,PDL1.0,,2020年度基準(2020年度平均=100)。2026年4月分の公表から2020年度基準に改定(原本注)。ウエイト項目に営業余剰や間接税(消費税を含む)等を含めない(原本注)。原本の期間表示「2026年 4-6月」(暦年の四半期)。2023年度以降は建設投資のウエイトに2020〜2022年度の平均値を暫定的に使用(原本注)。原本では1列右の見出しの下にある値。月別シートのこの系列の3か月平均と一致(差 0.03、0.1 以内)を確かめて、この系列に付け直した(2026-09-26 番人。付け直した 800 セルが全部一致)。
3bfb18f0e5c87df1,JP,index,建設工事費デフレーター（2020年度基準） 四半期別,土地造成,建設総合 > 土木総合 > その他土木 > 土地造成,index (2020年度平均 = 100),national,JP,日本,,,,123.8,,index_value,published_pdl,,,2026Q2,,mlit-deflator-tsuki-2607,deftsuki2020（四半期別）!BJ51(見出しは右隣の系列。値はこの系列),https://www.mlit.go.jp/statistics/details/content/deftsuki_2607.xlsx,PDL1.0,,2020年度基準(2020年度平均=100)。2026年4月分の公表から2020年度基準に改定(原本注)。ウエイト項目に営業余剰や間接税(消費税を含む)等を含めない(原本注)。原本の期間表示「2026年 4-6月」(暦年の四半期)。2023年度以降は建設投資のウエイトに2020〜2022年度の平均値を暫定的に使用(原本注)。原本では1列右の見出しの下にある値。月別シートのこの系列の3か月平均と一致(差 0.03、0.1 以内)を確かめて、この系列に付け直した(2026-09-26 番人。付け直した 800 セルが全部一致)。
3d18fad4ed6a3d66,JP,index,建設工事費デフレーター（2020年度基準） 四半期別,その他土木,建設総合 > 土木総合 > その他土木 (原本の列 BJ。同じ表頭の列が2つある),index (2020年度平均 = 100),national,JP,日本,,,,123.3,,index_value,published_pdl,,,2026Q2,,mlit-deflator-tsuki-2607,deftsuki2020（四半期別）!BK51(見出しは右隣の系列。値はこの系列),https://www.mlit.go.jp/statistics/details/content/deftsuki_2607.xlsx,PDL1.0,,2020年度基準(2020年度平均=100)。2026年4月分の公表から2020年度基準に改定(原本注)。ウエイト項目に営業余剰や間接税(消費税を含む)等を含めない(原本注)。原本の期間表示「2026年 4-6月」(暦年の四半期)。2023年度以降は建設投資のウエイトに2020〜2022年度の平均値を暫定的に使用(原本注)。原本では1列右の見出しの下にある値。月別シートのこの系列の3か月平均と一致(差 0.03、0.1 以内)を確かめて、この系列に付け直した(2026-09-26 番人。付け直した 800 セルが全部一致)。
cac772f7c1118da4,JP,index,建設工事費デフレーター（2020年度基準） 四半期別,W在来住宅,W在来住宅,index (2020年度平均 = 100),national,JP,日本,,,,126.4,,index_value,published_pdl,,,2026Q2,,mlit-deflator-tsuki-2607,deftsuki2020（四半期別）!BL51(見出しは右隣の系列。値はこの系列),https://www.mlit.go.jp/statistics/details/content/deftsuki_2607.xlsx,PDL1.0,,2020年度基準(2020年度平均=100)。2026年4月分の公表から2020年度基準に改定(原本注)。ウエイト項目に営業余剰や間接税(消費税を含む)等を含めない(原本注)。原本の期間表示「2026年 4-6月」(暦年の四半期)。2023年度以降は建設投資のウエイトに2020〜2022年度の平均値を暫定的に使用(原本注)。原本では1列右の見出しの下にある値。月別シートのこの系列の3か月平均と一致(差 0.03、0.1 以内)を確かめて、この系列に付け直した(2026-09-26 番人。付け直した 800 セルが全部一致)。
7c699d9124ba49d6,JP,index,建設工事費デフレーター（2020年度基準） 四半期別,W量産住宅,W量産住宅,index (2020年度平均 = 100),national,JP,日本,,,,127.7,,index_value,published_pdl,,,2026Q2,,mlit-deflator-tsuki-2607,deftsuki2020（四半期別）!BM51(見出しは右隣の系列。値はこの系列),https://www.mlit.go.jp/statistics/details/content/deftsuki_2607.xlsx,PDL1.0,,2020年度基準(2020年度平均=100)。2026年4月分の公表から2020年度基準に改定(原本注)。ウエイト項目に営業余剰や間接税(消費税を含む)等を含めない(原本注)。原本の期間表示「2026年 4-6月」(暦年の四半期)。2023年度以降は建設投資のウエイトに2020〜2022年度の平均値を暫定的に使用(原本注)。原本では1列右の見出しの下にある値。月別シートのこの系列の3か月平均と一致(差 0.03、0.1 以内)を確かめて、この系列に付け直した(2026-09-26 番人。付け直した 800 セルが全部一致)。
84b67eb5a5d6f77b,JP,index,建設工事費デフレーター（2020年度基準） 四半期別,RC在来住宅,RC在来住宅,index (2020年度平均 = 100),national,JP,日本,,,,126.5,,index_value,published_pdl,,,2026Q2,,mlit-deflator-tsuki-2607,deftsuki2020（四半期別）!BN51(見出しは右隣の系列。値はこの系列),https://www.mlit.go.jp/statistics/details/content/deftsuki_2607.xlsx,PDL1.0,,2020年度基準(2020年度平均=100)。2026年4月分の公表から2020年度基準に改定(原本注)。ウエイト項目に営業余剰や間接税(消費税を含む)等を含めない(原本注)。原本の期間表示「2026年 4-6月」(暦年の四半期)。2023年度以降は建設投資のウエイトに2020〜2022年度の平均値を暫定的に使用(原本注)。原本では1列右の見出しの下にある値。月別シートのこの系列の3か月平均と一致(差 0.03、0.1 以内)を確かめて、この系列に付け直した(2026-09-26 番人。付け直した 800 セルが全部一致)。
778165247690b9db,JP,index,建設工事費デフレーター（2020年度基準） 四半期別,RC量産住宅,RC量産住宅,index (2020年度平均 = 100),national,JP,日本,,,,126.6,,index_value,published_pdl,,,2026Q2,,mlit-deflator-tsuki-2607,deftsuki2020（四半期別）!BO51(見出しは右隣の系列。値はこの系列),https://www.mlit.go.jp/statistics/details/content/deftsuki_2607.xlsx,PDL1.0,,2020年度基準(2020年度平均=100)。2026年4月分の公表から2020年度基準に改定(原本注)。ウエイト項目に営業余剰や間接税(消費税を含む)等を含めない(原本注)。原本の期間表示「2026年 4-6月」(暦年の四半期)。2023年度以降は建設投資のウエイトに2020〜2022年度の平均値を暫定的に使用(原本注)。原本では1列右の見出しの下にある値。月別シートのこの系列の3か月平均と一致(差 0.03、0.1 以内)を確かめて、この系列に付け直した(2026-09-26 番人。付け直した 800 セルが全部一致)。
87203c2eaffe64ac,JP,index,建設工事費デフレーター（2020年度基準） 四半期別,S在来住宅,S在来住宅,index (2020年度平均 = 100),national,JP,日本,,,,127.1,,index_value,published_pdl,,,2026Q2,,mlit-deflator-tsuki-2607,deftsuki2020（四半期別）!BP51(見出しは右隣の系列。値はこの系列),https://www.mlit.go.jp/statistics/details/content/deftsuki_2607.xlsx,PDL1.0,,2020年度基準(2020年度平均=100)。2026年4月分の公表から2020年度基準に改定(原本注)。ウエイト項目に営業余剰や間接税(消費税を含む)等を含めない(原本注)。原本の期間表示「2026年 4-6月」(暦年の四半期)。2023年度以降は建設投資のウエイトに2020〜2022年度の平均値を暫定的に使用(原本注)。原本では1列右の見出しの下にある値。月別シートのこの系列の3か月平均と一致(差 0.03、0.1 以内)を確かめて、この系列に付け直した(2026-09-26 番人。付け直した 800 セルが全部一致)。
9f4c35257ef4f703,JP,index,建設工事費デフレーター（2020年度基準） 四半期別,S量産住宅,S量産住宅,index (2020年度平均 = 100),national,JP,日本,,,,129.1,,index_value,published_pdl,,,2026Q2,,mlit-deflator-tsuki-2607,deftsuki2020（四半期別）!BQ51(見出しは右隣の系列。値はこの系列),https://www.mlit.go.jp/statistics/details/content/deftsuki_2607.xlsx,PDL1.0,,2020年度基準(2020年度平均=100)。2026年4月分の公表から2020年度基準に改定(原本注)。ウエイト項目に営業余剰や間接税(消費税を含む)等を含めない(原本注)。原本の期間表示「2026年 4-6月」(暦年の四半期)。2023年度以降は建設投資のウエイトに2020〜2022年度の平均値を暫定的に使用(原本注)。原本では1列右の見出しの下にある値。月別シートのこの系列の3か月平均と一致(差 0.03、0.1 以内)を確かめて、この系列に付け直した(2026-09-26 番人。付け直した 800 セルが全部一致)。
ccd571f52e54ceed,JP,index,建設工事費デフレーター（2020年度基準） 四半期別,W工場・倉庫,W工場・倉庫,index (2020年度平均 = 100),national,JP,日本,,,,126,,index_value,published_pdl,,,2026Q2,,mlit-deflator-tsuki-2607,deftsuki2020（四半期別）!BR51(見出しは右隣の系列。値はこの系列),https://www.mlit.go.jp/statistics/details/content/deftsuki_2607.xlsx,PDL1.0,,2020年度基準(2020年度平均=100)。2026年4月分の公表から2020年度基準に改定(原本注)。ウエイト項目に営業余剰や間接税(消費税を含む)等を含めない(原本注)。原本の期間表示「2026年 4-6月」(暦年の四半期)。2023年度以降は建設投資のウエイトに2020〜2022年度の平均値を暫定的に使用(原本注)。原本では1列右の見出しの下にある値。月別シートのこの系列の3か月平均と一致(差 0.03、0.1 以内)を確かめて、この系列に付け直した(2026-09-26 番人。付け直した 800 セルが全部一致)。
aa0eeefdebbc2442,JP,index,建設工事費デフレーター（2020年度基準） 四半期別,W事務所・その他,W事務所・その他,index (2020年度平均 = 100),national,JP,日本,,,,125.3,,index_value,published_pdl,,,2026Q2,,mlit-deflator-tsuki-2607,deftsuki2020（四半期別）!BS51(見出しは右隣の系列。値はこの系列),https://www.mlit.go.jp/statistics/details/content/deftsuki_2607.xlsx,PDL1.0,,2020年度基準(2020年度平均=100)。2026年4月分の公表から2020年度基準に改定(原本注)。ウエイト項目に営業余剰や間接税(消費税を含む)等を含めない(原本注)。原本の期間表示「2026年 4-6月」(暦年の四半期)。2023年度以降は建設投資のウエイトに2020〜2022年度の平均値を暫定的に使用(原本注)。原本では1列右の見出しの下にある値。月別シートのこの系列の3か月平均と一致(差 0.07、0.1 以内)を確かめて、この系列に付け直した(2026-09-26 番人。付け直した 800 セルが全部一致)。
be8f78967836c41d,JP,index,建設工事費デフレーター（2020年度基準） 四半期別,SRC工場・倉庫,SRC工場・倉庫,index (2020年度平均 = 100),national,JP,日本,,,,125.4,,index_value,published_pdl,,,2026Q2,,mlit-deflator-tsuki-2607,deftsuki2020（四半期別）!BT51(見出しは右隣の系列。値はこの系列),https://www.mlit.go.jp/statistics/details/content/deftsuki_2607.xlsx,PDL1.0,,2020年度基準(2020年度平均=100)。2026年4月分の公表から2020年度基準に改定(原本注)。ウエイト項目に営業余剰や間接税(消費税を含む)等を含めない(原本注)。原本の期間表示「2026年 4-6月」(暦年の四半期)。2023年度以降は建設投資のウエイトに2020〜2022年度の平均値を暫定的に使用(原本注)。原本では1列右の見出しの下にある値。月別シートのこの系列の3か月平均と一致(差 0.03、0.1 以内)を確かめて、この系列に付け直した(2026-09-26 番人。付け直した 800 セルが全部一致)。
e3370f98473290c5,JP,index,建設工事費デフレーター（2020年度基準） 四半期別,SRC事務所・その他,SRC事務所・その他,index (2020年度平均 = 100),national,JP,日本,,,,124.7,,index_value,published_pdl,,,2026Q2,,mlit-deflator-tsuki-2607,deftsuki2020（四半期別）!BU51(見出しは右隣の系列。値はこの系列),https://www.mlit.go.jp/statistics/details/content/deftsuki_2607.xlsx,PDL1.0,,2020年度基準(2020年度平均=100)。2026年4月分の公表から2020年度基準に改定(原本注)。ウエイト項目に営業余剰や間接税(消費税を含む)等を含めない(原本注)。原本の期間表示「2026年 4-6月」(暦年の四半期)。2023年度以降は建設投資のウエイトに2020〜2022年度の平均値を暫定的に使用(原本注)。原本では1列右の見出しの下にある値。月別シートのこの系列の3か月平均と一致(差 0.03、0.1 以内)を確かめて、この系列に付け直した(2026-09-26 番人。付け直した 800 セルが全部一致)。
7fbedb93e5ab1daa,JP,index,建設工事費デフレーター（2020年度基準） 四半期別,RC工場・倉庫,RC工場・倉庫,index (2020年度平均 = 100),national,JP,日本,,,,125.2,,index_value,published_pdl,,,2026Q2,,mlit-deflator-tsuki-2607,deftsuki2020（四半期別）!BV51(見出しは右隣の系列。値はこの系列),https://www.mlit.go.jp/statistics/details/content/deftsuki_2607.xlsx,PDL1.0,,2020年度基準(2020年度平均=100)。2026年4月分の公表から2020年度基準に改定(原本注)。ウエイト項目に営業余剰や間接税(消費税を含む)等を含めない(原本注)。原本の期間表示「2026年 4-6月」(暦年の四半期)。2023年度以降は建設投資のウエイトに2020〜2022年度の平均値を暫定的に使用(原本注)。原本では1列右の見出しの下にある値。月別シートのこの系列の3か月平均と一致(差 0.00、0.1 以内)を確かめて、この系列に付け直した(2026-09-26 番人。付け直した 800 セルが全部一致)。
f7297f0e16cbe828,JP,index,建設工事費デフレーター（2020年度基準） 四半期別,RC学校,RC学校,index (2020年度平均 = 100),national,JP,日本,,,,125,,index_value,published_pdl,,,2026Q2,,mlit-deflator-tsuki-2607,deftsuki2020（四半期別）!BW51(見出しは右隣の系列。値はこの系列),https://www.mlit.go.jp/statistics/details/content/deftsuki_2607.xlsx,PDL1.0,,2020年度基準(2020年度平均=100)。2026年4月分の公表から2020年度基準に改定(原本注)。ウエイト項目に営業余剰や間接税(消費税を含む)等を含めない(原本注)。原本の期間表示「2026年 4-6月」(暦年の四半期)。2023年度以降は建設投資のウエイトに2020〜2022年度の平均値を暫定的に使用(原本注)。原本では1列右の見出しの下にある値。月別シートのこの系列の3か月平均と一致(差 0.00、0.1 以内)を確かめて、この系列に付け直した(2026-09-26 番人。付け直した 800 セルが全部一致)。
20b71184f7f4829c,JP,index,建設工事費デフレーター（2020年度基準） 四半期別,RC事務所・その他,RC事務所・その他,index (2020年度平均 = 100),national,JP,日本,,,,125.3,,index_value,published_pdl,,,2026Q2,,mlit-deflator-tsuki-2607,deftsuki2020（四半期別）!BX51(見出しは右隣の系列。値はこの系列),https://www.mlit.go.jp/statistics/details/content/deftsuki_2607.xlsx,PDL1.0,,2020年度基準(2020年度平均=100)。2026年4月分の公表から2020年度基準に改定(原本注)。ウエイト項目に営業余剰や間接税(消費税を含む)等を含めない(原本注)。原本の期間表示「2026年 4-6月」(暦年の四半期)。2023年度以降は建設投資のウエイトに2020〜2022年度の平均値を暫定的に使用(原本注)。原本では1列右の見出しの下にある値。月別シートのこの系列の3か月平均と一致(差 0.03、0.1 以内)を確かめて、この系列に付け直した(2026-09-26 番人。付け直した 800 セルが全部一致)。
81264d168481cc2c,JP,index,建設工事費デフレーター（2020年度基準） 四半期別,S工場・倉庫,S工場・倉庫,index (2020年度平均 = 100),national,JP,日本,,,,125.1,,index_value,published_pdl,,,2026Q2,,mlit-deflator-tsuki-2607,deftsuki2020（四半期別）!BY51(見出しは右隣の系列。値はこの系列),https://www.mlit.go.jp/statistics/details/content/deftsuki_2607.xlsx,PDL1.0,,2020年度基準(2020年度平均=100)。2026年4月分の公表から2020年度基準に改定(原本注)。ウエイト項目に営業余剰や間接税(消費税を含む)等を含めない(原本注)。原本の期間表示「2026年 4-6月」(暦年の四半期)。2023年度以降は建設投資のウエイトに2020〜2022年度の平均値を暫定的に使用(原本注)。原本では1列右の見出しの下にある値。月別シートのこの系列の3か月平均と一致(差 0.07、0.1 以内)を確かめて、この系列に付け直した(2026-09-26 番人。付け直した 800 セルが全部一致)。
2889459bf19f0eb0,JP,index,建設工事費デフレーター（2020年度基準） 四半期別,S事務所・その他,S事務所・その他,index (2020年度平均 = 100),national,JP,日本,,,,,,index_value,not_set,,,2026Q2,,mlit-deflator-tsuki-2607,,https://www.mlit.go.jp/statistics/details/content/deftsuki_2607.xlsx,PDL1.0,,2020年度基準(2020年度平均=100)。2026年4月分の公表から2020年度基準に改定(原本注)。ウエイト項目に営業余剰や間接税(消費税を含む)等を含めない(原本注)。原本の期間表示「2026年 4-6月」(暦年の四半期)。2023年度以降は建設投資のウエイトに2020〜2022年度の平均値を暫定的に使用(原本注)。原本の四半期別では、列ずれのため、この系列のこの期間の値がどの列にも無い(2026-09-26 番人)。月別シートの値はある。
afa3e14d6fb9bb33,JP,index,建設工事費デフレーター（2020年度基準） 年度別,地方道路公社等,建設総合 > 土木総合 > 公共事業 > 土木1（除く災害復旧） > 道路総合 > 有料道路 > 地方道路公社等,index (2020年度平均 = 100),national,JP,日本,,,,104,,index_value,published_pdl,,,FY2021,,mlit-deflator-nendo-260630,defnendo2020!AS81(見出しは右隣の系列。値はこの系列),https://www.mlit.go.jp/statistics/details/content/defnendo_260630.xlsx,PDL1.0,,2020年度基準(2020年度平均=100)。2026年4月分の公表から2020年度基準に改定(原本注)。ウエイト項目に営業余剰や間接税(消費税を含む)等を含めない(原本注)。原本の年度表示「2021年度」。原本では1列右の見出しの下にある値。月別シートのこの系列の12か月平均と一致(差 0.03、0.1 以内)を確かめて、この系列に付け直した(2026-09-26 番人。付け直した 160 セルが全部一致)。
eacf819d4d7e183f,JP,index,建設工事費デフレーター（2020年度基準） 年度別,道路2（再掲）,建設総合 > 土木総合 > 公共事業 > 土木1（除く災害復旧） > 道路2（再掲）,index (2020年度平均 = 100),national,JP,日本,,,,103.8,,index_value,published_pdl,,,FY2021,,mlit-deflator-nendo-260630,defnendo2020!AT81(見出しは右隣の系列。値はこの系列),https://www.mlit.go.jp/statistics/details/content/defnendo_260630.xlsx,PDL1.0,,2020年度基準(2020年度平均=100)。2026年4月分の公表から2020年度基準に改定(原本注)。ウエイト項目に営業余剰や間接税(消費税を含む)等を含めない(原本注)。原本の年度表示「2021年度」。原本では1列右の見出しの下にある値。月別シートのこの系列の12か月平均と一致(差 0.03、0.1 以内)を確かめて、この系列に付け直した(2026-09-26 番人。付け直した 160 セルが全部一致)。
78386586ccea3159,JP,index,建設工事費デフレーター（2020年度基準） 年度別,街路2（再掲）,建設総合 > 土木総合 > 公共事業 > 土木1（除く災害復旧） > 街路2（再掲）,index (2020年度平均 = 100),national,JP,日本,,,,103.2,,index_value,published_pdl,,,FY2021,,mlit-deflator-nendo-260630,defnendo2020!AU81(見出しは右隣の系列。値はこの系列),https://www.mlit.go.jp/statistics/details/content/defnendo_260630.xlsx,PDL1.0,,2020年度基準(2020年度平均=100)。2026年4月分の公表から2020年度基準に改定(原本注)。ウエイト項目に営業余剰や間接税(消費税を含む)等を含めない(原本注)。原本の年度表示「2021年度」。原本では1列右の見出しの下にある値。月別シートのこの系列の12か月平均と一致(差 0.04、0.1 以内)を確かめて、この系列に付け直した(2026-09-26 番人。付け直した 160 セルが全部一致)。
a18bb4f33b690c34,JP,index,建設工事費デフレーター（2020年度基準） 年度別,公園,建設総合 > 土木総合 > 公共事業 > 土木1（除く災害復旧） > 公園,index (2020年度平均 = 100),national,JP,日本,,,,103.1,,index_value,published_pdl,,,FY2021,,mlit-deflator-nendo-260630,defnendo2020!AV81(見出しは右隣の系列。値はこの系列),https://www.mlit.go.jp/statistics/details/content/defnendo_260630.xlsx,PDL1.0,,2020年度基準(2020年度平均=100)。2026年4月分の公表から2020年度基準に改定(原本注)。ウエイト項目に営業余剰や間接税(消費税を含む)等を含めない(原本注)。原本の年度表示「2021年度」。原本では1列右の見出しの下にある値。月別シートのこの系列の12か月平均と一致(差 0.03、0.1 以内)を確かめて、この系列に付け直した(2026-09-26 番人。付け直した 160 セルが全部一致)。
93a5eab24fe1704b,JP,index,建設工事費デフレーター（2020年度基準） 年度別,下水道,建設総合 > 土木総合 > 公共事業 > 土木1（除く災害復旧） > 下水道,index (2020年度平均 = 100),national,JP,日本,,,,103,,index_value,published_pdl,,,FY2021,,mlit-deflator-nendo-260630,defnendo2020!AW81(見出しは右隣の系列。値はこの系列),https://www.mlit.go.jp/statistics/details/content/defnendo_260630.xlsx,PDL1.0,,2020年度基準(2020年度平均=100)。2026年4月分の公表から2020年度基準に改定(原本注)。ウエイト項目に営業余剰や間接税(消費税を含む)等を含めない(原本注)。原本の年度表示「2021年度」。原本では1列右の見出しの下にある値。月別シートのこの系列の12か月平均と一致(差 0.04、0.1 以内)を確かめて、この系列に付け直した(2026-09-26 番人。付け直した 160 セルが全部一致)。
6f1054ff36a2c4fd,JP,index,建設工事費デフレーター（2020年度基準） 年度別,災害復旧,建設総合 > 土木総合 > 公共事業 > 土木1（除く災害復旧） > 災害復旧,index (2020年度平均 = 100),national,JP,日本,,,,102.8,,index_value,published_pdl,,,FY2021,,mlit-deflator-nendo-260630,defnendo2020!AX81(見出しは右隣の系列。値はこの系列),https://www.mlit.go.jp/statistics/details/content/defnendo_260630.xlsx,PDL1.0,,2020年度基準(2020年度平均=100)。2026年4月分の公表から2020年度基準に改定(原本注)。ウエイト項目に営業余剰や間接税(消費税を含む)等を含めない(原本注)。原本の年度表示「2021年度」。原本では1列右の見出しの下にある値。月別シートのこの系列の12か月平均と一致(差 0.03、0.1 以内)を確かめて、この系列に付け直した(2026-09-26 番人。付け直した 160 セルが全部一致)。
82ba5d35d9796093,JP,index,建設工事費デフレーター（2020年度基準） 年度別,土木2,建設総合 > 土木総合 > 公共事業 > 土木2,index (2020年度平均 = 100),national,JP,日本,,,,103.6,,index_value,published_pdl,,,FY2021,,mlit-deflator-nendo-260630,defnendo2020!AY81(見出しは右隣の系列。値はこの系列),https://www.mlit.go.jp/statistics/details/content/defnendo_260630.xlsx,PDL1.0,,2020年度基準(2020年度平均=100)。2026年4月分の公表から2020年度基準に改定(原本注)。ウエイト項目に営業余剰や間接税(消費税を含む)等を含めない(原本注)。原本の年度表示「2021年度」。原本では1列右の見出しの下にある値。月別シートのこの系列の12か月平均と一致(差 0.02、0.1 以内)を確かめて、この系列に付け直した(2026-09-26 番人。付け直した 160 セルが全部一致)。
eb1392c6c18d5edc,JP,index,建設工事費デフレーター（2020年度基準） 年度別,港湾・漁港,建設総合 > 土木総合 > 公共事業 > 土木2 > 港湾・漁港,index (2020年度平均 = 100),national,JP,日本,,,,103.5,,index_value,published_pdl,,,FY2021,,mlit-deflator-nendo-260630,defnendo2020!AZ81(見出しは右隣の系列。値はこの系列),https://www.mlit.go.jp/statistics/details/content/defnendo_260630.xlsx,PDL1.0,,2020年度基準(2020年度平均=100)。2026年4月分の公表から2020年度基準に改定(原本注)。ウエイト項目に営業余剰や間接税(消費税を含む)等を含めない(原本注)。原本の年度表示「2021年度」。原本では1列右の見出しの下にある値。月別シートのこの系列の12か月平均と一致(差 0.04、0.1 以内)を確かめて、この系列に付け直した(2026-09-26 番人。付け直した 160 セルが全部一致)。
6f1f53ef78eacddc,JP,index,建設工事費デフレーター（2020年度基準） 年度別,空港,建設総合 > 土木総合 > 公共事業 > 土木2 > 空港,index (2020年度平均 = 100),national,JP,日本,,,,102.4,,index_value,published_pdl,,,FY2021,,mlit-deflator-nendo-260630,defnendo2020!BA81(見出しは右隣の系列。値はこの系列),https://www.mlit.go.jp/statistics/details/content/defnendo_260630.xlsx,PDL1.0,,2020年度基準(2020年度平均=100)。2026年4月分の公表から2020年度基準に改定(原本注)。ウエイト項目に営業余剰や間接税(消費税を含む)等を含めない(原本注)。原本の年度表示「2021年度」。原本では1列右の見出しの下にある値。月別シートのこの系列の12か月平均と一致(差 0.05、0.1 以内)を確かめて、この系列に付け直した(2026-09-26 番人。付け直した 160 セルが全部一致)。
8b443a879553090b,JP,index,建設工事費デフレーター（2020年度基準） 年度別,環境衛生,建設総合 > 土木総合 > 公共事業 > 土木2 > 環境衛生,index (2020年度平均 = 100),national,JP,日本,,,,104.4,,index_value,published_pdl,,,FY2021,,mlit-deflator-nendo-260630,defnendo2020!BB81(見出しは右隣の系列。値はこの系列),https://www.mlit.go.jp/statistics/details/content/defnendo_260630.xlsx,PDL1.0,,2020年度基準(2020年度平均=100)。2026年4月分の公表から2020年度基準に改定(原本注)。ウエイト項目に営業余剰や間接税(消費税を含む)等を含めない(原本注)。原本の年度表示「2021年度」。原本では1列右の見出しの下にある値。月別シートのこの系列の12か月平均と一致(差 0.01、0.1 以内)を確かめて、この系列に付け直した(2026-09-26 番人。付け直した 160 セルが全部一致)。
04ec2c5ac3be2bc2,JP,index,建設工事費デフレーター（2020年度基準） 年度別,農林関係公共事業,建設総合 > 土木総合 > 公共事業 > 土木2 > 農林関係公共事業,index (2020年度平均 = 100),national,JP,日本,,,,103.8,,index_value,published_pdl,,,FY2021,,mlit-deflator-nendo-260630,defnendo2020!BC81(見出しは右隣の系列。値はこの系列),https://www.mlit.go.jp/statistics/details/content/defnendo_260630.xlsx,PDL1.0,,2020年度基準(2020年度平均=100)。2026年4月分の公表から2020年度基準に改定(原本注)。ウエイト項目に営業余剰や間接税(消費税を含む)等を含めない(原本注)。原本の年度表示「2021年度」。原本では1列右の見出しの下にある値。月別シートのこの系列の12か月平均と一致(差 0.03、0.1 以内)を確かめて、この系列に付け直した(2026-09-26 番人。付け直した 160 セルが全部一致)。
791ed64ea0c3bc52,JP,index,建設工事費デフレーター（2020年度基準） 年度別,その他土木,建設総合 > 土木総合 > その他土木 (原本の列 BC。同じ表頭の列が2つある),index (2020年度平均 = 100),national,JP,日本,,,,104.1,,index_value,published_pdl,,,FY2021,,mlit-deflator-nendo-260630,defnendo2020!BD81(見出しは右隣の系列。値はこの系列),https://www.mlit.go.jp/statistics/details/content/defnendo_260630.xlsx,PDL1.0,,2020年度基準(2020年度平均=100)。2026年4月分の公表から2020年度基準に改定(原本注)。ウエイト項目に営業余剰や間接税(消費税を含む)等を含めない(原本注)。原本の年度表示「2021年度」。原本では1列右の見出しの下にある値。月別シートのこの系列の12か月平均と一致(差 0.02、0.1 以内)を確かめて、この系列に付け直した(2026-09-26 番人。付け直した 160 セルが全部一致)。
6563ee4d43c33374,JP,index,建設工事費デフレーター（2020年度基準） 年度別,鉄道軌道,建設総合 > 土木総合 > その他土木 > 鉄道軌道,index (2020年度平均 = 100),national,JP,日本,,,,105.6,,index_value,published_pdl,,,FY2021,,mlit-deflator-nendo-260630,defnendo2020!BE81(見出しは右隣の系列。値はこの系列),https://www.mlit.go.jp/statistics/details/content/defnendo_260630.xlsx,PDL1.0,,2020年度基準(2020年度平均=100)。2026年4月分の公表から2020年度基準に改定(原本注)。ウエイト項目に営業余剰や間接税(消費税を含む)等を含めない(原本注)。原本の年度表示「2021年度」。原本では1列右の見出しの下にある値。月別シートのこの系列の12か月平均と一致(差 0.01、0.1 以内)を確かめて、この系列に付け直した(2026-09-26 番人。付け直した 160 セルが全部一致)。
1161542521152e92,JP,index,建設工事費デフレーター（2020年度基準） 年度別,電力,建設総合 > 土木総合 > その他土木 > 電力,index (2020年度平均 = 100),national,JP,日本,,,,104.6,,index_value,published_pdl,,,FY2021,,mlit-deflator-nendo-260630,defnendo2020!BF81(見出しは右隣の系列。値はこの系列),https://www.mlit.go.jp/statistics/details/content/defnendo_260630.xlsx,PDL1.0,,2020年度基準(2020年度平均=100)。2026年4月分の公表から2020年度基準に改定(原本注)。ウエイト項目に営業余剰や間接税(消費税を含む)等を含めない(原本注)。原本の年度表示「2021年度」。原本では1列右の見出しの下にある値。月別シートのこの系列の12か月平均と一致(差 0.01、0.1 以内)を確かめて、この系列に付け直した(2026-09-26 番人。付け直した 160 セルが全部一致)。
820a9b6ab6174a20,JP,index,建設工事費デフレーター（2020年度基準） 年度別,電気通信,建設総合 > 土木総合 > その他土木 > 電気通信,index (2020年度平均 = 100),national,JP,日本,,,,103.4,,index_value,published_pdl,,,FY2021,,mlit-deflator-nendo-260630,defnendo2020!BG81(見出しは右隣の系列。値はこの系列),https://www.mlit.go.jp/statistics/details/content/defnendo_260630.xlsx,PDL1.0,,2020年度基準(2020年度平均=100)。2026年4月分の公表から2020年度基準に改定(原本注)。ウエイト項目に営業余剰や間接税(消費税を含む)等を含めない(原本注)。原本の年度表示「2021年度」。原本では1列右の見出しの下にある値。月別シートのこの系列の12か月平均と一致(差 0.02、0.1 以内)を確かめて、この系列に付け直した(2026-09-26 番人。付け直した 160 セルが全部一致)。
83fb1139ce8f7ba3,JP,index,建設工事費デフレーター（2020年度基準） 年度別,上・工業用水道,建設総合 > 土木総合 > その他土木 > 上・工業用水道,index (2020年度平均 = 100),national,JP,日本,,,,103.1,,index_value,published_pdl,,,FY2021,,mlit-deflator-nendo-260630,defnendo2020!BH81(見出しは右隣の系列。値はこの系列),https://www.mlit.go.jp/statistics/details/content/defnendo_260630.xlsx,PDL1.0,,2020年度基準(2020年度平均=100)。2026年4月分の公表から2020年度基準に改定(原本注)。ウエイト項目に営業余剰や間接税(消費税を含む)等を含めない(原本注)。原本の年度表示「2021年度」。原本では1列右の見出しの下にある値。月別シートのこの系列の12か月平均と一致(差 0.05、0.1 以内)を確かめて、この系列に付け直した(2026-09-26 番人。付け直した 160 セルが全部一致)。
88ac5e4acb18a228,JP,index,建設工事費デフレーター（2020年度基準） 年度別,土地造成,建設総合 > 土木総合 > その他土木 > 土地造成,index (2020年度平均 = 100),national,JP,日本,,,,103.2,,index_value,published_pdl,,,FY2021,,mlit-deflator-nendo-260630,defnendo2020!BI81(見出しは右隣の系列。値はこの系列),https://www.mlit.go.jp/statistics/details/content/defnendo_260630.xlsx,PDL1.0,,2020年度基準(2020年度平均=100)。2026年4月分の公表から2020年度基準に改定(原本注)。ウエイト項目に営業余剰や間接税(消費税を含む)等を含めない(原本注)。原本の年度表示「2021年度」。原本では1列右の見出しの下にある値。月別シートのこの系列の12か月平均と一致(差 0.01、0.1 以内)を確かめて、この系列に付け直した(2026-09-26 番人。付け直した 160 セルが全部一致)。
c593c22566a7d8a0,JP,index,建設工事費デフレーター（2020年度基準） 年度別,その他土木,建設総合 > 土木総合 > その他土木 (原本の列 BI。同じ表頭の列が2つある),index (2020年度平均 = 100),national,JP,日本,,,,103.5,,index_value,published_pdl,,,FY2021,,mlit-deflator-nendo-260630,defnendo2020!BJ81(見出しは右隣の系列。値はこの系列),https://www.mlit.go.jp/statistics/details/content/defnendo_260630.xlsx,PDL1.0,,2020年度基準(2020年度平均=100)。2026年4月分の公表から2020年度基準に改定(原本注)。ウエイト項目に営業余剰や間接税(消費税を含む)等を含めない(原本注)。原本の年度表示「2021年度」。原本では1列右の見出しの下にある値。月別シートのこの系列の12か月平均と一致(差 0.02、0.1 以内)を確かめて、この系列に付け直した(2026-09-26 番人。付け直した 160 セルが全部一致)。
13d95a6ffd6dff55,JP,index,建設工事費デフレーター（2020年度基準） 年度別,W在来住宅,W在来住宅,index (2020年度平均 = 100),national,JP,日本,,,,110.2,,index_value,published_pdl,,,FY2021,,mlit-deflator-nendo-260630,defnendo2020!BK81(見出しは右隣の系列。値はこの系列),https://www.mlit.go.jp/statistics/details/content/defnendo_260630.xlsx,PDL1.0,,2020年度基準(2020年度平均=100)。2026年4月分の公表から2020年度基準に改定(原本注)。ウエイト項目に営業余剰や間接税(消費税を含む)等を含めない(原本注)。原本の年度表示「2021年度」。原本では1列右の見出しの下にある値。月別シートのこの系列の12か月平均と一致(差 0.04、0.1 以内)を確かめて、この系列に付け直した(2026-09-26 番人。付け直した 160 セルが全部一致)。
560789916b289905,JP,index,建設工事費デフレーター（2020年度基準） 年度別,W量産住宅,W量産住宅,index (2020年度平均 = 100),national,JP,日本,,,,114.1,,index_value,published_pdl,,,FY2021,,mlit-deflator-nendo-260630,defnendo2020!BL81(見出しは右隣の系列。値はこの系列),https://www.mlit.go.jp/statistics/details/content/defnendo_260630.xlsx,PDL1.0,,2020年度基準(2020年度平均=100)。2026年4月分の公表から2020年度基準に改定(原本注)。ウエイト項目に営業余剰や間接税(消費税を含む)等を含めない(原本注)。原本の年度表示「2021年度」。原本では1列右の見出しの下にある値。月別シートのこの系列の12か月平均と一致(差 0.00、0.1 以内)を確かめて、この系列に付け直した(2026-09-26 番人。付け直した 160 セルが全部一致)。
6e9aa28d3939c29c,JP,index,建設工事費デフレーター（2020年度基準） 年度別,RC在来住宅,RC在来住宅,index (2020年度平均 = 100),national,JP,日本,,,,105.2,,index_value,published_pdl,,,FY2021,,mlit-deflator-nendo-260630,defnendo2020!BM81(見出しは右隣の系列。値はこの系列),https://www.mlit.go.jp/statistics/details/content/defnendo_260630.xlsx,PDL1.0,,2020年度基準(2020年度平均=100)。2026年4月分の公表から2020年度基準に改定(原本注)。ウエイト項目に営業余剰や間接税(消費税を含む)等を含めない(原本注)。原本の年度表示「2021年度」。原本では1列右の見出しの下にある値。月別シートのこの系列の12か月平均と一致(差 0.03、0.1 以内)を確かめて、この系列に付け直した(2026-09-26 番人。付け直した 160 セルが全部一致)。
7a8f300ebf304ccf,JP,index,建設工事費デフレーター（2020年度基準） 年度別,RC量産住宅,RC量産住宅,index (2020年度平均 = 100),national,JP,日本,,,,106,,index_value,published_pdl,,,FY2021,,mlit-deflator-nendo-260630,defnendo2020!BN81(見出しは右隣の系列。値はこの系列),https://www.mlit.go.jp/statistics/details/content/defnendo_260630.xlsx,PDL1.0,,2020年度基準(2020年度平均=100)。2026年4月分の公表から2020年度基準に改定(原本注)。ウエイト項目に営業余剰や間接税(消費税を含む)等を含めない(原本注)。原本の年度表示「2021年度」。原本では1列右の見出しの下にある値。月別シートのこの系列の12か月平均と一致(差 0.05、0.1 以内)を確かめて、この系列に付け直した(2026-09-26 番人。付け直した 160 セルが全部一致)。
46972b37d3cd0deb,JP,index,建設工事費デフレーター（2020年度基準） 年度別,S在来住宅,S在来住宅,index (2020年度平均 = 100),national,JP,日本,,,,104.6,,index_value,published_pdl,,,FY2021,,mlit-deflator-nendo-260630,defnendo2020!BO81(見出しは右隣の系列。値はこの系列),https://www.mlit.go.jp/statistics/details/content/defnendo_260630.xlsx,PDL1.0,,2020年度基準(2020年度平均=100)。2026年4月分の公表から2020年度基準に改定(原本注)。ウエイト項目に営業余剰や間接税(消費税を含む)等を含めない(原本注)。原本の年度表示「2021年度」。原本では1列右の見出しの下にある値。月別シートのこの系列の12か月平均と一致(差 0.01、0.1 以内)を確かめて、この系列に付け直した(2026-09-26 番人。付け直した 160 セルが全部一致)。
7e1314ec4b6d9a67,JP,index,建設工事費デフレーター（2020年度基準） 年度別,S量産住宅,S量産住宅,index (2020年度平均 = 100),national,JP,日本,,,,109.8,,index_value,published_pdl,,,FY2021,,mlit-deflator-nendo-260630,defnendo2020!BP81(見出しは右隣の系列。値はこの系列),https://www.mlit.go.jp/statistics/details/content/defnendo_260630.xlsx,PDL1.0,,2020年度基準(2020年度平均=100)。2026年4月分の公表から2020年度基準に改定(原本注)。ウエイト項目に営業余剰や間接税(消費税を含む)等を含めない(原本注)。原本の年度表示「2021年度」。原本では1列右の見出しの下にある値。月別シートのこの系列の12か月平均と一致(差 0.04、0.1 以内)を確かめて、この系列に付け直した(2026-09-26 番人。付け直した 160 セルが全部一致)。
6cb060e66c1dd014,JP,index,建設工事費デフレーター（2020年度基準） 年度別,W工場・倉庫,W工場・倉庫,index (2020年度平均 = 100),national,JP,日本,,,,107,,index_value,published_pdl,,,FY2021,,mlit-deflator-nendo-260630,defnendo2020!BQ81(見出しは右隣の系列。値はこの系列),https://www.mlit.go.jp/statistics/details/content/defnendo_260630.xlsx,PDL1.0,,2020年度基準(2020年度平均=100)。2026年4月分の公表から2020年度基準に改定(原本注)。ウエイト項目に営業余剰や間接税(消費税を含む)等を含めない(原本注)。原本の年度表示「2021年度」。原本では1列右の見出しの下にある値。月別シートのこの系列の12か月平均と一致(差 0.02、0.1 以内)を確かめて、この系列に付け直した(2026-09-26 番人。付け直した 160 セルが全部一致)。
9caccd5d5e7adf47,JP,index,建設工事費デフレーター（2020年度基準） 年度別,W事務所・その他,W事務所・その他,index (2020年度平均 = 100),national,JP,日本,,,,107.8,,index_value,published_pdl,,,FY2021,,mlit-deflator-nendo-260630,defnendo2020!BR81(見出しは右隣の系列。値はこの系列),https://www.mlit.go.jp/statistics/details/content/defnendo_260630.xlsx,PDL1.0,,2020年度基準(2020年度平均=100)。2026年4月分の公表から2020年度基準に改定(原本注)。ウエイト項目に営業余剰や間接税(消費税を含む)等を含めない(原本注)。原本の年度表示「2021年度」。原本では1列右の見出しの下にある値。月別シートのこの系列の12か月平均と一致(差 0.02、0.1 以内)を確かめて、この系列に付け直した(2026-09-26 番人。付け直した 160 セルが全部一致)。
5eec48478c111773,JP,index,建設工事費デフレーター（2020年度基準） 年度別,SRC工場・倉庫,SRC工場・倉庫,index (2020年度平均 = 100),national,JP,日本,,,,103.5,,index_value,published_pdl,,,FY2021,,mlit-deflator-nendo-260630,defnendo2020!BS81(見出しは右隣の系列。値はこの系列),https://www.mlit.go.jp/statistics/details/content/defnendo_260630.xlsx,PDL1.0,,2020年度基準(2020年度平均=100)。2026年4月分の公表から2020年度基準に改定(原本注)。ウエイト項目に営業余剰や間接税(消費税を含む)等を含めない(原本注)。原本の年度表示「2021年度」。原本では1列右の見出しの下にある値。月別シートのこの系列の12か月平均と一致(差 0.02、0.1 以内)を確かめて、この系列に付け直した(2026-09-26 番人。付け直した 160 セルが全部一致)。
d161da290b3c383e,JP,index,建設工事費デフレーター（2020年度基準） 年度別,SRC事務所・その他,SRC事務所・その他,index (2020年度平均 = 100),national,JP,日本,,,,103.7,,index_value,published_pdl,,,FY2021,,mlit-deflator-nendo-260630,defnendo2020!BT81(見出しは右隣の系列。値はこの系列),https://www.mlit.go.jp/statistics/details/content/defnendo_260630.xlsx,PDL1.0,,2020年度基準(2020年度平均=100)。2026年4月分の公表から2020年度基準に改定(原本注)。ウエイト項目に営業余剰や間接税(消費税を含む)等を含めない(原本注)。原本の年度表示「2021年度」。原本では1列右の見出しの下にある値。月別シートのこの系列の12か月平均と一致(差 0.04、0.1 以内)を確かめて、この系列に付け直した(2026-09-26 番人。付け直した 160 セルが全部一致)。
0e23e9f5c90223eb,JP,index,建設工事費デフレーター（2020年度基準） 年度別,RC工場・倉庫,RC工場・倉庫,index (2020年度平均 = 100),national,JP,日本,,,,103.7,,index_value,published_pdl,,,FY2021,,mlit-deflator-nendo-260630,defnendo2020!BU81(見出しは右隣の系列。値はこの系列),https://www.mlit.go.jp/statistics/details/content/defnendo_260630.xlsx,PDL1.0,,2020年度基準(2020年度平均=100)。2026年4月分の公表から2020年度基準に改定(原本注)。ウエイト項目に営業余剰や間接税(消費税を含む)等を含めない(原本注)。原本の年度表示「2021年度」。原本では1列右の見出しの下にある値。月別シートのこの系列の12か月平均と一致(差 0.03、0.1 以内)を確かめて、この系列に付け直した(2026-09-26 番人。付け直した 160 セルが全部一致)。
ee2f702bc0a0d0c1,JP,index,建設工事費デフレーター（2020年度基準） 年度別,RC学校,RC学校,index (2020年度平均 = 100),national,JP,日本,,,,104.8,,index_value,published_pdl,,,FY2021,,mlit-deflator-nendo-260630,defnendo2020!BV81(見出しは右隣の系列。値はこの系列),https://www.mlit.go.jp/statistics/details/content/defnendo_260630.xlsx,PDL1.0,,2020年度基準(2020年度平均=100)。2026年4月分の公表から2020年度基準に改定(原本注)。ウエイト項目に営業余剰や間接税(消費税を含む)等を含めない(原本注)。原本の年度表示「2021年度」。原本では1列右の見出しの下にある値。月別シートのこの系列の12か月平均と一致(差 0.02、0.1 以内)を確かめて、この系列に付け直した(2026-09-26 番人。付け直した 160 セルが全部一致)。
d8c013a92045ffdc,JP,index,建設工事費デフレーター（2020年度基準） 年度別,RC事務所・その他,RC事務所・その他,index (2020年度平均 = 100),national,JP,日本,,,,104.4,,index_value,published_pdl,,,FY2021,,mlit-deflator-nendo-260630,defnendo2020!BW81(見出しは右隣の系列。値はこの系列),https://www.mlit.go.jp/statistics/details/content/defnendo_260630.xlsx,PDL1.0,,2020年度基準(2020年度平均=100)。2026年4月分の公表から2020年度基準に改定(原本注)。ウエイト項目に営業余剰や間接税(消費税を含む)等を含めない(原本注)。原本の年度表示「2021年度」。原本では1列右の見出しの下にある値。月別シートのこの系列の12か月平均と一致(差 0.02、0.1 以内)を確かめて、この系列に付け直した(2026-09-26 番人。付け直した 160 セルが全部一致)。
3690c2b9c71be617,JP,index,建設工事費デフレーター（2020年度基準） 年度別,S工場・倉庫,S工場・倉庫,index (2020年度平均 = 100),national,JP,日本,,,,103.4,,index_value,published_pdl,,,FY2021,,mlit-deflator-nendo-260630,defnendo2020!BX81(見出しは右隣の系列。値はこの系列),https://www.mlit.go.jp/statistics/details/content/defnendo_260630.xlsx,PDL1.0,,2020年度基準(2020年度平均=100)。2026年4月分の公表から2020年度基準に改定(原本注)。ウエイト項目に営業余剰や間接税(消費税を含む)等を含めない(原本注)。原本の年度表示「2021年度」。原本では1列右の見出しの下にある値。月別シートのこの系列の12か月平均と一致(差 0.04、0.1 以内)を確かめて、この系列に付け直した(2026-09-26 番人。付け直した 160 セルが全部一致)。
fbe571dbc2fc3fcd,JP,index,建設工事費デフレーター（2020年度基準） 年度別,S事務所・その他,S事務所・その他,index (2020年度平均 = 100),national,JP,日本,,,,,,index_value,not_set,,,FY2021,,mlit-deflator-nendo-260630,,https://www.mlit.go.jp/statistics/details/content/defnendo_260630.xlsx,PDL1.0,,2020年度基準(2020年度平均=100)。2026年4月分の公表から2020年度基準に改定(原本注)。ウエイト項目に営業余剰や間接税(消費税を含む)等を含めない(原本注)。原本の年度表示「2021年度」。原本の年度別では、列ずれのため、この系列のこの期間の値がどの列にも無い(2026-09-26 番人)。月別シートの値はある。
29c89bc73721b654,JP,index,建設工事費デフレーター（2020年度基準） 年度別,地方道路公社等,建設総合 > 土木総合 > 公共事業 > 土木1（除く災害復旧） > 道路総合 > 有料道路 > 地方道路公社等,index (2020年度平均 = 100),national,JP,日本,,,,109.8,,index_value,published_pdl,,,FY2022,,mlit-deflator-nendo-260630,defnendo2020!AS82(見出しは右隣の系列。値はこの系列),https://www.mlit.go.jp/statistics/details/content/defnendo_260630.xlsx,PDL1.0,,2020年度基準(2020年度平均=100)。2026年4月分の公表から2020年度基準に改定(原本注)。ウエイト項目に営業余剰や間接税(消費税を含む)等を含めない(原本注)。原本の年度表示「2022年度」。原本では1列右の見出しの下にある値。月別シートのこの系列の12か月平均と一致(差 0.01、0.1 以内)を確かめて、この系列に付け直した(2026-09-26 番人。付け直した 160 セルが全部一致)。
c1b91cbc782aa0a2,JP,index,建設工事費デフレーター（2020年度基準） 年度別,道路2（再掲）,建設総合 > 土木総合 > 公共事業 > 土木1（除く災害復旧） > 道路2（再掲）,index (2020年度平均 = 100),national,JP,日本,,,,109.4,,index_value,published_pdl,,,FY2022,,mlit-deflator-nendo-260630,defnendo2020!AT82(見出しは右隣の系列。値はこの系列),https://www.mlit.go.jp/statistics/details/content/defnendo_260630.xlsx,PDL1.0,,2020年度基準(2020年度平均=100)。2026年4月分の公表から2020年度基準に改定(原本注)。ウエイト項目に営業余剰や間接税(消費税を含む)等を含めない(原本注)。原本の年度表示「2022年度」。原本では1列右の見出しの下にある値。月別シートのこの系列の12か月平均と一致(差 0.02、0.1 以内)を確かめて、この系列に付け直した(2026-09-26 番人。付け直した 160 セルが全部一致)。
c135e6467895c0f3,JP,index,建設工事費デフレーター（2020年度基準） 年度別,街路2（再掲）,建設総合 > 土木総合 > 公共事業 > 土木1（除く災害復旧） > 街路2（再掲）,index (2020年度平均 = 100),national,JP,日本,,,,109.1,,index_value,published_pdl,,,FY2022,,mlit-deflator-nendo-260630,defnendo2020!AU82(見出しは右隣の系列。値はこの系列),https://www.mlit.go.jp/statistics/details/content/defnendo_260630.xlsx,PDL1.0,,2020年度基準(2020年度平均=100)。2026年4月分の公表から2020年度基準に改定(原本注)。ウエイト項目に営業余剰や間接税(消費税を含む)等を含めない(原本注)。原本の年度表示「2022年度」。原本では1列右の見出しの下にある値。月別シートのこの系列の12か月平均と一致(差 0.03、0.1 以内)を確かめて、この系列に付け直した(2026-09-26 番人。付け直した 160 セルが全部一致)。
4865b865c8bd6b77,JP,index,建設工事費デフレーター（2020年度基準） 年度別,公園,建設総合 > 土木総合 > 公共事業 > 土木1（除く災害復旧） > 公園,index (2020年度平均 = 100),national,JP,日本,,,,108.1,,index_value,published_pdl,,,FY2022,,mlit-deflator-nendo-260630,defnendo2020!AV82(見出しは右隣の系列。値はこの系列),https://www.mlit.go.jp/statistics/details/content/defnendo_260630.xlsx,PDL1.0,,2020年度基準(2020年度平均=100)。2026年4月分の公表から2020年度基準に改定(原本注)。ウエイト項目に営業余剰や間接税(消費税を含む)等を含めない(原本注)。原本の年度表示「2022年度」。原本では1列右の見出しの下にある値。月別シートのこの系列の12か月平均と一致(差 0.03、0.1 以内)を確かめて、この系列に付け直した(2026-09-26 番人。付け直した 160 セルが全部一致)。
a86380d86771d85e,JP,index,建設工事費デフレーター（2020年度基準） 年度別,下水道,建設総合 > 土木総合 > 公共事業 > 土木1（除く災害復旧） > 下水道,index (2020年度平均 = 100),national,JP,日本,,,,109,,index_value,published_pdl,,,FY2022,,mlit-deflator-nendo-260630,defnendo2020!AW82(見出しは右隣の系列。値はこの系列),https://www.mlit.go.jp/statistics/details/content/defnendo_260630.xlsx,PDL1.0,,2020年度基準(2020年度平均=100)。2026年4月分の公表から2020年度基準に改定(原本注)。ウエイト項目に営業余剰や間接税(消費税を含む)等を含めない(原本注)。原本の年度表示「2022年度」。原本では1列右の見出しの下にある値。月別シートのこの系列の12か月平均と一致(差 0.02、0.1 以内)を確かめて、この系列に付け直した(2026-09-26 番人。付け直した 160 セルが全部一致)。
1ce6abb9e36865cf,JP,index,建設工事費デフレーター（2020年度基準） 年度別,災害復旧,建設総合 > 土木総合 > 公共事業 > 土木1（除く災害復旧） > 災害復旧,index (2020年度平均 = 100),national,JP,日本,,,,107.4,,index_value,published_pdl,,,FY2022,,mlit-deflator-nendo-260630,defnendo2020!AX82(見出しは右隣の系列。値はこの系列),https://www.mlit.go.jp/statistics/details/content/defnendo_260630.xlsx,PDL1.0,,2020年度基準(2020年度平均=100)。2026年4月分の公表から2020年度基準に改定(原本注)。ウエイト項目に営業余剰や間接税(消費税を含む)等を含めない(原本注)。原本の年度表示「2022年度」。原本では1列右の見出しの下にある値。月別シートのこの系列の12か月平均と一致(差 0.00、0.1 以内)を確かめて、この系列に付け直した(2026-09-26 番人。付け直した 160 セルが全部一致)。
57042d45706df97b,JP,index,建設工事費デフレーター（2020年度基準） 年度別,土木2,建設総合 > 土木総合 > 公共事業 > 土木2,index (2020年度平均 = 100),national,JP,日本,,,,109.4,,index_value,published_pdl,,,FY2022,,mlit-deflator-nendo-260630,defnendo2020!AY82(見出しは右隣の系列。値はこの系列),https://www.mlit.go.jp/statistics/details/content/defnendo_260630.xlsx,PDL1.0,,2020年度基準(2020年度平均=100)。2026年4月分の公表から2020年度基準に改定(原本注)。ウエイト項目に営業余剰や間接税(消費税を含む)等を含めない(原本注)。原本の年度表示「2022年度」。原本では1列右の見出しの下にある値。月別シートのこの系列の12か月平均と一致(差 0.03、0.1 以内)を確かめて、この系列に付け直した(2026-09-26 番人。付け直した 160 セルが全部一致)。
50176bb2d6b96b18,JP,index,建設工事費デフレーター（2020年度基準） 年度別,港湾・漁港,建設総合 > 土木総合 > 公共事業 > 土木2 > 港湾・漁港,index (2020年度平均 = 100),national,JP,日本,,,,109.2,,index_value,published_pdl,,,FY2022,,mlit-deflator-nendo-260630,defnendo2020!AZ82(見出しは右隣の系列。値はこの系列),https://www.mlit.go.jp/statistics/details/content/defnendo_260630.xlsx,PDL1.0,,2020年度基準(2020年度平均=100)。2026年4月分の公表から2020年度基準に改定(原本注)。ウエイト項目に営業余剰や間接税(消費税を含む)等を含めない(原本注)。原本の年度表示「2022年度」。原本では1列右の見出しの下にある値。月別シートのこの系列の12か月平均と一致(差 0.00、0.1 以内)を確かめて、この系列に付け直した(2026-09-26 番人。付け直した 160 セルが全部一致)。
2fbed8f44f92f585,JP,index,建設工事費デフレーター（2020年度基準） 年度別,空港,建設総合 > 土木総合 > 公共事業 > 土木2 > 空港,index (2020年度平均 = 100),national,JP,日本,,,,106.7,,index_value,published_pdl,,,FY2022,,mlit-deflator-nendo-260630,defnendo2020!BA82(見出しは右隣の系列。値はこの系列),https://www.mlit.go.jp/statistics/details/content/defnendo_260630.xlsx,PDL1.0,,2020年度基準(2020年度平均=100)。2026年4月分の公表から2020年度基準に改定(原本注)。ウエイト項目に営業余剰や間接税(消費税を含む)等を含めない(原本注)。原本の年度表示「2022年度」。原本では1列右の見出しの下にある値。月別シートのこの系列の12か月平均と一致(差 0.04、0.1 以内)を確かめて、この系列に付け直した(2026-09-26 番人。付け直した 160 セルが全部一致)。
c168b73b21f9dfb2,JP,index,建設工事費デフレーター（2020年度基準） 年度別,環境衛生,建設総合 > 土木総合 > 公共事業 > 土木2 > 環境衛生,index (2020年度平均 = 100),national,JP,日本,,,,110.8,,index_value,published_pdl,,,FY2022,,mlit-deflator-nendo-260630,defnendo2020!BB82(見出しは右隣の系列。値はこの系列),https://www.mlit.go.jp/statistics/details/content/defnendo_260630.xlsx,PDL1.0,,2020年度基準(2020年度平均=100)。2026年4月分の公表から2020年度基準に改定(原本注)。ウエイト項目に営業余剰や間接税(消費税を含む)等を含めない(原本注)。原本の年度表示「2022年度」。原本では1列右の見出しの下にある値。月別シートのこの系列の12か月平均と一致(差 0.03、0.1 以内)を確かめて、この系列に付け直した(2026-09-26 番人。付け直した 160 セルが全部一致)。
bcba9de357ec31b7,JP,index,建設工事費デフレーター（2020年度基準） 年度別,農林関係公共事業,建設総合 > 土木総合 > 公共事業 > 土木2 > 農林関係公共事業,index (2020年度平均 = 100),national,JP,日本,,,,109.3,,index_value,published_pdl,,,FY2022,,mlit-deflator-nendo-260630,defnendo2020!BC82(見出しは右隣の系列。値はこの系列),https://www.mlit.go.jp/statistics/details/content/defnendo_260630.xlsx,PDL1.0,,2020年度基準(2020年度平均=100)。2026年4月分の公表から2020年度基準に改定(原本注)。ウエイト項目に営業余剰や間接税(消費税を含む)等を含めない(原本注)。原本の年度表示「2022年度」。原本では1列右の見出しの下にある値。月別シートのこの系列の12か月平均と一致(差 0.02、0.1 以内)を確かめて、この系列に付け直した(2026-09-26 番人。付け直した 160 セルが全部一致)。
a928427d050caf68,JP,index,建設工事費デフレーター（2020年度基準） 年度別,その他土木,建設総合 > 土木総合 > その他土木 (原本の列 BC。同じ表頭の列が2つある),index (2020年度平均 = 100),national,JP,日本,,,,110.1,,index_value,published_pdl,,,FY2022,,mlit-deflator-nendo-260630,defnendo2020!BD82(見出しは右隣の系列。値はこの系列),https://www.mlit.go.jp/statistics/details/content/defnendo_260630.xlsx,PDL1.0,,2020年度基準(2020年度平均=100)。2026年4月分の公表から2020年度基準に改定(原本注)。ウエイト項目に営業余剰や間接税(消費税を含む)等を含めない(原本注)。原本の年度表示「2022年度」。原本では1列右の見出しの下にある値。月別シートのこの系列の12か月平均と一致(差 0.00、0.1 以内)を確かめて、この系列に付け直した(2026-09-26 番人。付け直した 160 セルが全部一致)。
625f2d4c8215d77c,JP,index,建設工事費デフレーター（2020年度基準） 年度別,鉄道軌道,建設総合 > 土木総合 > その他土木 > 鉄道軌道,index (2020年度平均 = 100),national,JP,日本,,,,112.1,,index_value,published_pdl,,,FY2022,,mlit-deflator-nendo-260630,defnendo2020!BE82(見出しは右隣の系列。値はこの系列),https://www.mlit.go.jp/statistics/details/content/defnendo_260630.xlsx,PDL1.0,,2020年度基準(2020年度平均=100)。2026年4月分の公表から2020年度基準に改定(原本注)。ウエイト項目に営業余剰や間接税(消費税を含む)等を含めない(原本注)。原本の年度表示「2022年度」。原本では1列右の見出しの下にある値。月別シートのこの系列の12か月平均と一致(差 0.03、0.1 以内)を確かめて、この系列に付け直した(2026-09-26 番人。付け直した 160 セルが全部一致)。
c3f170a7e32be23d,JP,index,建設工事費デフレーター（2020年度基準） 年度別,電力,建設総合 > 土木総合 > その他土木 > 電力,index (2020年度平均 = 100),national,JP,日本,,,,110.1,,index_value,published_pdl,,,FY2022,,mlit-deflator-nendo-260630,defnendo2020!BF82(見出しは右隣の系列。値はこの系列),https://www.mlit.go.jp/statistics/details/content/defnendo_260630.xlsx,PDL1.0,,2020年度基準(2020年度平均=100)。2026年4月分の公表から2020年度基準に改定(原本注)。ウエイト項目に営業余剰や間接税(消費税を含む)等を含めない(原本注)。原本の年度表示「2022年度」。原本では1列右の見出しの下にある値。月別シートのこの系列の12か月平均と一致(差 0.03、0.1 以内)を確かめて、この系列に付け直した(2026-09-26 番人。付け直した 160 セルが全部一致)。
6f6ed964350f864f,JP,index,建設工事費デフレーター（2020年度基準） 年度別,電気通信,建設総合 > 土木総合 > その他土木 > 電気通信,index (2020年度平均 = 100),national,JP,日本,,,,108.2,,index_value,published_pdl,,,FY2022,,mlit-deflator-nendo-260630,defnendo2020!BG82(見出しは右隣の系列。値はこの系列),https://www.mlit.go.jp/statistics/details/content/defnendo_260630.xlsx,PDL1.0,,2020年度基準(2020年度平均=100)。2026年4月分の公表から2020年度基準に改定(原本注)。ウエイト項目に営業余剰や間接税(消費税を含む)等を含めない(原本注)。原本の年度表示「2022年度」。原本では1列右の見出しの下にある値。月別シートのこの系列の12か月平均と一致(差 0.04、0.1 以内)を確かめて、この系列に付け直した(2026-09-26 番人。付け直した 160 セルが全部一致)。
49dffeb0d0946cac,JP,index,建設工事費デフレーター（2020年度基準） 年度別,上・工業用水道,建設総合 > 土木総合 > その他土木 > 上・工業用水道,index (2020年度平均 = 100),national,JP,日本,,,,109.6,,index_value,published_pdl,,,FY2022,,mlit-deflator-nendo-260630,defnendo2020!BH82(見出しは右隣の系列。値はこの系列),https://www.mlit.go.jp/statistics/details/content/defnendo_260630.xlsx,PDL1.0,,2020年度基準(2020年度平均=100)。2026年4月分の公表から2020年度基準に改定(原本注)。ウエイト項目に営業余剰や間接税(消費税を含む)等を含めない(原本注)。原本の年度表示「2022年度」。原本では1列右の見出しの下にある値。月別シートのこの系列の12か月平均と一致(差 0.05、0.1 以内)を確かめて、この系列に付け直した(2026-09-26 番人。付け直した 160 セルが全部一致)。
507dc3aad47a6a80,JP,index,建設工事費デフレーター（2020年度基準） 年度別,土地造成,建設総合 > 土木総合 > その他土木 > 土地造成,index (2020年度平均 = 100),national,JP,日本,,,,107.9,,index_value,published_pdl,,,FY2022,,mlit-deflator-nendo-260630,defnendo2020!BI82(見出しは右隣の系列。値はこの系列),https://www.mlit.go.jp/statistics/details/content/defnendo_260630.xlsx,PDL1.0,,2020年度基準(2020年度平均=100)。2026年4月分の公表から2020年度基準に改定(原本注)。ウエイト項目に営業余剰や間接税(消費税を含む)等を含めない(原本注)。原本の年度表示「2022年度」。原本では1列右の見出しの下にある値。月別シートのこの系列の12か月平均と一致(差 0.03、0.1 以内)を確かめて、この系列に付け直した(2026-09-26 番人。付け直した 160 セルが全部一致)。
410712d5f2e06a72,JP,index,建設工事費デフレーター（2020年度基準） 年度別,その他土木,建設総合 > 土木総合 > その他土木 (原本の列 BI。同じ表頭の列が2つある),index (2020年度平均 = 100),national,JP,日本,,,,109.5,,index_value,published_pdl,,,FY2022,,mlit-deflator-nendo-260630,defnendo2020!BJ82(見出しは右隣の系列。値はこの系列),https://www.mlit.go.jp/statistics/details/content/defnendo_260630.xlsx,PDL1.0,,2020年度基準(2020年度平均=100)。2026年4月分の公表から2020年度基準に改定(原本注)。ウエイト項目に営業余剰や間接税(消費税を含む)等を含めない(原本注)。原本の年度表示「2022年度」。原本では1列右の見出しの下にある値。月別シートのこの系列の12か月平均と一致(差 0.01、0.1 以内)を確かめて、この系列に付け直した(2026-09-26 番人。付け直した 160 セルが全部一致)。
5d1251360b2aa8c8,JP,index,建設工事費デフレーター（2020年度基準） 年度別,W在来住宅,W在来住宅,index (2020年度平均 = 100),national,JP,日本,,,,116.6,,index_value,published_pdl,,,FY2022,,mlit-deflator-nendo-260630,defnendo2020!BK82(見出しは右隣の系列。値はこの系列),https://www.mlit.go.jp/statistics/details/content/defnendo_260630.xlsx,PDL1.0,,2020年度基準(2020年度平均=100)。2026年4月分の公表から2020年度基準に改定(原本注)。ウエイト項目に営業余剰や間接税(消費税を含む)等を含めない(原本注)。原本の年度表示「2022年度」。原本では1列右の見出しの下にある値。月別シートのこの系列の12か月平均と一致(差 0.02、0.1 以内)を確かめて、この系列に付け直した(2026-09-26 番人。付け直した 160 セルが全部一致)。
f6b1953777e72524,JP,index,建設工事費デフレーター（2020年度基準） 年度別,W量産住宅,W量産住宅,index (2020年度平均 = 100),national,JP,日本,,,,122.1,,index_value,published_pdl,,,FY2022,,mlit-deflator-nendo-260630,defnendo2020!BL82(見出しは右隣の系列。値はこの系列),https://www.mlit.go.jp/statistics/details/content/defnendo_260630.xlsx,PDL1.0,,2020年度基準(2020年度平均=100)。2026年4月分の公表から2020年度基準に改定(原本注)。ウエイト項目に営業余剰や間接税(消費税を含む)等を含めない(原本注)。原本の年度表示「2022年度」。原本では1列右の見出しの下にある値。月別シートのこの系列の12か月平均と一致(差 0.00、0.1 以内)を確かめて、この系列に付け直した(2026-09-26 番人。付け直した 160 セルが全部一致)。
7b727e7988c74159,JP,index,建設工事費デフレーター（2020年度基準） 年度別,RC在来住宅,RC在来住宅,index (2020年度平均 = 100),national,JP,日本,,,,111.7,,index_value,published_pdl,,,FY2022,,mlit-deflator-nendo-260630,defnendo2020!BM82(見出しは右隣の系列。値はこの系列),https://www.mlit.go.jp/statistics/details/content/defnendo_260630.xlsx,PDL1.0,,2020年度基準(2020年度平均=100)。2026年4月分の公表から2020年度基準に改定(原本注)。ウエイト項目に営業余剰や間接税(消費税を含む)等を含めない(原本注)。原本の年度表示「2022年度」。原本では1列右の見出しの下にある値。月別シートのこの系列の12か月平均と一致(差 0.00、0.1 以内)を確かめて、この系列に付け直した(2026-09-26 番人。付け直した 160 セルが全部一致)。
216629abf6bec093,JP,index,建設工事費デフレーター（2020年度基準） 年度別,RC量産住宅,RC量産住宅,index (2020年度平均 = 100),national,JP,日本,,,,112.8,,index_value,published_pdl,,,FY2022,,mlit-deflator-nendo-260630,defnendo2020!BN82(見出しは右隣の系列。値はこの系列),https://www.mlit.go.jp/statistics/details/content/defnendo_260630.xlsx,PDL1.0,,2020年度基準(2020年度平均=100)。2026年4月分の公表から2020年度基準に改定(原本注)。ウエイト項目に営業余剰や間接税(消費税を含む)等を含めない(原本注)。原本の年度表示「2022年度」。原本では1列右の見出しの下にある値。月別シートのこの系列の12か月平均と一致(差 0.00、0.1 以内)を確かめて、この系列に付け直した(2026-09-26 番人。付け直した 160 セルが全部一致)。
93f9a951be326d70,JP,index,建設工事費デフレーター（2020年度基準） 年度別,S在来住宅,S在来住宅,index (2020年度平均 = 100),national,JP,日本,,,,111,,index_value,published_pdl,,,FY2022,,mlit-deflator-nendo-260630,defnendo2020!BO82(見出しは右隣の系列。値はこの系列),https://www.mlit.go.jp/statistics/details/content/defnendo_260630.xlsx,PDL1.0,,2020年度基準(2020年度平均=100)。2026年4月分の公表から2020年度基準に改定(原本注)。ウエイト項目に営業余剰や間接税(消費税を含む)等を含めない(原本注)。原本の年度表示「2022年度」。原本では1列右の見出しの下にある値。月別シートのこの系列の12か月平均と一致(差 0.00、0.1 以内)を確かめて、この系列に付け直した(2026-09-26 番人。付け直した 160 セルが全部一致)。
04e7a4a963121b9d,JP,index,建設工事費デフレーター（2020年度基準） 年度別,S量産住宅,S量産住宅,index (2020年度平均 = 100),national,JP,日本,,,,118.6,,index_value,published_pdl,,,FY2022,,mlit-deflator-nendo-260630,defnendo2020!BP82(見出しは右隣の系列。値はこの系列),https://www.mlit.go.jp/statistics/details/content/defnendo_260630.xlsx,PDL1.0,,2020年度基準(2020年度平均=100)。2026年4月分の公表から2020年度基準に改定(原本注)。ウエイト項目に営業余剰や間接税(消費税を含む)等を含めない(原本注)。原本の年度表示「2022年度」。原本では1列右の見出しの下にある値。月別シートのこの系列の12か月平均と一致(差 0.03、0.1 以内)を確かめて、この系列に付け直した(2026-09-26 番人。付け直した 160 セルが全部一致)。
b50fcb2b0b7d1cc1,JP,index,建設工事費デフレーター（2020年度基準） 年度別,W工場・倉庫,W工場・倉庫,index (2020年度平均 = 100),national,JP,日本,,,,112.9,,index_value,published_pdl,,,FY2022,,mlit-deflator-nendo-260630,defnendo2020!BQ82(見出しは右隣の系列。値はこの系列),https://www.mlit.go.jp/statistics/details/content/defnendo_260630.xlsx,PDL1.0,,2020年度基準(2020年度平均=100)。2026年4月分の公表から2020年度基準に改定(原本注)。ウエイト項目に営業余剰や間接税(消費税を含む)等を含めない(原本注)。原本の年度表示「2022年度」。原本では1列右の見出しの下にある値。月別シートのこの系列の12か月平均と一致(差 0.02、0.1 以内)を確かめて、この系列に付け直した(2026-09-26 番人。付け直した 160 セルが全部一致)。
b2863d6cc9c7572b,JP,index,建設工事費デフレーター（2020年度基準） 年度別,W事務所・その他,W事務所・その他,index (2020年度平均 = 100),national,JP,日本,,,,113.2,,index_value,published_pdl,,,FY2022,,mlit-deflator-nendo-260630,defnendo2020!BR82(見出しは右隣の系列。値はこの系列),https://www.mlit.go.jp/statistics/details/content/defnendo_260630.xlsx,PDL1.0,,2020年度基準(2020年度平均=100)。2026年4月分の公表から2020年度基準に改定(原本注)。ウエイト項目に営業余剰や間接税(消費税を含む)等を含めない(原本注)。原本の年度表示「2022年度」。原本では1列右の見出しの下にある値。月別シートのこの系列の12か月平均と一致(差 0.03、0.1 以内)を確かめて、この系列に付け直した(2026-09-26 番人。付け直した 160 セルが全部一致)。
63f7c2a51365b5c9,JP,index,建設工事費デフレーター（2020年度基準） 年度別,SRC工場・倉庫,SRC工場・倉庫,index (2020年度平均 = 100),national,JP,日本,,,,110.1,,index_value,published_pdl,,,FY2022,,mlit-deflator-nendo-260630,defnendo2020!BS82(見出しは右隣の系列。値はこの系列),https://www.mlit.go.jp/statistics/details/content/defnendo_260630.xlsx,PDL1.0,,2020年度基準(2020年度平均=100)。2026年4月分の公表から2020年度基準に改定(原本注)。ウエイト項目に営業余剰や間接税(消費税を含む)等を含めない(原本注)。原本の年度表示「2022年度」。原本では1列右の見出しの下にある値。月別シートのこの系列の12か月平均と一致(差 0.03、0.1 以内)を確かめて、この系列に付け直した(2026-09-26 番人。付け直した 160 セルが全部一致)。
8ef7f2f7caba3d3c,JP,index,建設工事費デフレーター（2020年度基準） 年度別,SRC事務所・その他,SRC事務所・その他,index (2020年度平均 = 100),national,JP,日本,,,,109.5,,index_value,published_pdl,,,FY2022,,mlit-deflator-nendo-260630,defnendo2020!BT82(見出しは右隣の系列。値はこの系列),https://www.mlit.go.jp/statistics/details/content/defnendo_260630.xlsx,PDL1.0,,2020年度基準(2020年度平均=100)。2026年4月分の公表から2020年度基準に改定(原本注)。ウエイト項目に営業余剰や間接税(消費税を含む)等を含めない(原本注)。原本の年度表示「2022年度」。原本では1列右の見出しの下にある値。月別シートのこの系列の12か月平均と一致(差 0.04、0.1 以内)を確かめて、この系列に付け直した(2026-09-26 番人。付け直した 160 セルが全部一致)。
b69814b4683c7e32,JP,index,建設工事費デフレーター（2020年度基準） 年度別,RC工場・倉庫,RC工場・倉庫,index (2020年度平均 = 100),national,JP,日本,,,,110.2,,index_value,published_pdl,,,FY2022,,mlit-deflator-nendo-260630,defnendo2020!BU82(見出しは右隣の系列。値はこの系列),https://www.mlit.go.jp/statistics/details/content/defnendo_260630.xlsx,PDL1.0,,2020年度基準(2020年度平均=100)。2026年4月分の公表から2020年度基準に改定(原本注)。ウエイト項目に営業余剰や間接税(消費税を含む)等を含めない(原本注)。原本の年度表示「2022年度」。原本では1列右の見出しの下にある値。月別シートのこの系列の12か月平均と一致(差 0.01、0.1 以内)を確かめて、この系列に付け直した(2026-09-26 番人。付け直した 160 セルが全部一致)。
569046a1a12314d0,JP,index,建設工事費デフレーター（2020年度基準） 年度別,RC学校,RC学校,index (2020年度平均 = 100),national,JP,日本,,,,110.8,,index_value,published_pdl,,,FY2022,,mlit-deflator-nendo-260630,defnendo2020!BV82(見出しは右隣の系列。値はこの系列),https://www.mlit.go.jp/statistics/details/content/defnendo_260630.xlsx,PDL1.0,,2020年度基準(2020年度平均=100)。2026年4月分の公表から2020年度基準に改定(原本注)。ウエイト項目に営業余剰や間接税(消費税を含む)等を含めない(原本注)。原本の年度表示「2022年度」。原本では1列右の見出しの下にある値。月別シートのこの系列の12か月平均と一致(差 0.01、0.1 以内)を確かめて、この系列に付け直した(2026-09-26 番人。付け直した 160 セルが全部一致)。
660fd979df272403,JP,index,建設工事費デフレーター（2020年度基準） 年度別,RC事務所・その他,RC事務所・その他,index (2020年度平均 = 100),national,JP,日本,,,,110.5,,index_value,published_pdl,,,FY2022,,mlit-deflator-nendo-260630,defnendo2020!BW82(見出しは右隣の系列。値はこの系列),https://www.mlit.go.jp/statistics/details/content/defnendo_260630.xlsx,PDL1.0,,2020年度基準(2020年度平均=100)。2026年4月分の公表から2020年度基準に改定(原本注)。ウエイト項目に営業余剰や間接税(消費税を含む)等を含めない(原本注)。原本の年度表示「2022年度」。原本では1列右の見出しの下にある値。月別シートのこの系列の12か月平均と一致(差 0.02、0.1 以内)を確かめて、この系列に付け直した(2026-09-26 番人。付け直した 160 セルが全部一致)。
f657ed85ef1172af,JP,index,建設工事費デフレーター（2020年度基準） 年度別,S工場・倉庫,S工場・倉庫,index (2020年度平均 = 100),national,JP,日本,,,,110,,index_value,published_pdl,,,FY2022,,mlit-deflator-nendo-260630,defnendo2020!BX82(見出しは右隣の系列。値はこの系列),https://www.mlit.go.jp/statistics/details/content/defnendo_260630.xlsx,PDL1.0,,2020年度基準(2020年度平均=100)。2026年4月分の公表から2020年度基準に改定(原本注)。ウエイト項目に営業余剰や間接税(消費税を含む)等を含めない(原本注)。原本の年度表示「2022年度」。原本では1列右の見出しの下にある値。月別シートのこの系列の12か月平均と一致(差 0.02、0.1 以内)を確かめて、この系列に付け直した(2026-09-26 番人。付け直した 160 セルが全部一致)。
5b6bcdd02d376b6a,JP,index,建設工事費デフレーター（2020年度基準） 年度別,S事務所・その他,S事務所・その他,index (2020年度平均 = 100),national,JP,日本,,,,,,index_value,not_set,,,FY2022,,mlit-deflator-nendo-260630,,https://www.mlit.go.jp/statistics/details/content/defnendo_260630.xlsx,PDL1.0,,2020年度基準(2020年度平均=100)。2026年4月分の公表から2020年度基準に改定(原本注)。ウエイト項目に営業余剰や間接税(消費税を含む)等を含めない(原本注)。原本の年度表示「2022年度」。原本の年度別では、列ずれのため、この系列のこの期間の値がどの列にも無い(2026-09-26 番人)。月別シートの値はある。
cacf7df5b6aae705,JP,index,建設工事費デフレーター（2020年度基準） 年度別,地方道路公社等,建設総合 > 土木総合 > 公共事業 > 土木1（除く災害復旧） > 道路総合 > 有料道路 > 地方道路公社等,index (2020年度平均 = 100),national,JP,日本,,,,112.6,,index_value,published_pdl,,,FY2023,,mlit-deflator-nendo-260630,defnendo2020!AS83(見出しは右隣の系列。値はこの系列),https://www.mlit.go.jp/statistics/details/content/defnendo_260630.xlsx,PDL1.0,,2020年度基準(2020年度平均=100)。2026年4月分の公表から2020年度基準に改定(原本注)。ウエイト項目に営業余剰や間接税(消費税を含む)等を含めない(原本注)。原本の年度表示「2023年度（暫定）」。2023年度以降は建設投資のウエイトに2020〜2022年度の平均値を暫定的に使用(原本注)。原本では1列右の見出しの下にある値。月別シートのこの系列の12か月平均と一致(差 0.03、0.1 以内)を確かめて、この系列に付け直した(2026-09-26 番人。付け直した 160 セルが全部一致)。
ae1f743fe3ff31b2,JP,index,建設工事費デフレーター（2020年度基準） 年度別,道路2（再掲）,建設総合 > 土木総合 > 公共事業 > 土木1（除く災害復旧） > 道路2（再掲）,index (2020年度平均 = 100),national,JP,日本,,,,112.9,,index_value,published_pdl,,,FY2023,,mlit-deflator-nendo-260630,defnendo2020!AT83(見出しは右隣の系列。値はこの系列),https://www.mlit.go.jp/statistics/details/content/defnendo_260630.xlsx,PDL1.0,,2020年度基準(2020年度平均=100)。2026年4月分の公表から2020年度基準に改定(原本注)。ウエイト項目に営業余剰や間接税(消費税を含む)等を含めない(原本注)。原本の年度表示「2023年度（暫定）」。2023年度以降は建設投資のウエイトに2020〜2022年度の平均値を暫定的に使用(原本注)。原本では1列右の見出しの下にある値。月別シートのこの系列の12か月平均と一致(差 0.02、0.1 以内)を確かめて、この系列に付け直した(2026-09-26 番人。付け直した 160 セルが全部一致)。
9427852a0cddd23d,JP,index,建設工事費デフレーター（2020年度基準） 年度別,街路2（再掲）,建設総合 > 土木総合 > 公共事業 > 土木1（除く災害復旧） > 街路2（再掲）,index (2020年度平均 = 100),national,JP,日本,,,,112.7,,index_value,published_pdl,,,FY2023,,mlit-deflator-nendo-260630,defnendo2020!AU83(見出しは右隣の系列。値はこの系列),https://www.mlit.go.jp/statistics/details/content/defnendo_260630.xlsx,PDL1.0,,2020年度基準(2020年度平均=100)。2026年4月分の公表から2020年度基準に改定(原本注)。ウエイト項目に営業余剰や間接税(消費税を含む)等を含めない(原本注)。原本の年度表示「2023年度（暫定）」。2023年度以降は建設投資のウエイトに2020〜2022年度の平均値を暫定的に使用(原本注)。原本では1列右の見出しの下にある値。月別シートのこの系列の12か月平均と一致(差 0.04、0.1 以内)を確かめて、この系列に付け直した(2026-09-26 番人。付け直した 160 セルが全部一致)。
b1de8c44156ba621,JP,index,建設工事費デフレーター（2020年度基準） 年度別,公園,建設総合 > 土木総合 > 公共事業 > 土木1（除く災害復旧） > 公園,index (2020年度平均 = 100),national,JP,日本,,,,110.7,,index_value,published_pdl,,,FY2023,,mlit-deflator-nendo-260630,defnendo2020!AV83(見出しは右隣の系列。値はこの系列),https://www.mlit.go.jp/statistics/details/content/defnendo_260630.xlsx,PDL1.0,,2020年度基準(2020年度平均=100)。2026年4月分の公表から2020年度基準に改定(原本注)。ウエイト項目に営業余剰や間接税(消費税を含む)等を含めない(原本注)。原本の年度表示「2023年度（暫定）」。2023年度以降は建設投資のウエイトに2020〜2022年度の平均値を暫定的に使用(原本注)。原本では1列右の見出しの下にある値。月別シートのこの系列の12か月平均と一致(差 0.05、0.1 以内)を確かめて、この系列に付け直した(2026-09-26 番人。付け直した 160 セルが全部一致)。
63ea034c760e213d,JP,index,建設工事費デフレーター（2020年度基準） 年度別,下水道,建設総合 > 土木総合 > 公共事業 > 土木1（除く災害復旧） > 下水道,index (2020年度平均 = 100),national,JP,日本,,,,112.2,,index_value,published_pdl,,,FY2023,,mlit-deflator-nendo-260630,defnendo2020!AW83(見出しは右隣の系列。値はこの系列),https://www.mlit.go.jp/statistics/details/content/defnendo_260630.xlsx,PDL1.0,,2020年度基準(2020年度平均=100)。2026年4月分の公表から2020年度基準に改定(原本注)。ウエイト項目に営業余剰や間接税(消費税を含む)等を含めない(原本注)。原本の年度表示「2023年度（暫定）」。2023年度以降は建設投資のウエイトに2020〜2022年度の平均値を暫定的に使用(原本注)。原本では1列右の見出しの下にある値。月別シートのこの系列の12か月平均と一致(差 0.04、0.1 以内)を確かめて、この系列に付け直した(2026-09-26 番人。付け直した 160 セルが全部一致)。
95ca7600c5b6a060,JP,index,建設工事費デフレーター（2020年度基準） 年度別,災害復旧,建設総合 > 土木総合 > 公共事業 > 土木1（除く災害復旧） > 災害復旧,index (2020年度平均 = 100),national,JP,日本,,,,111.4,,index_value,published_pdl,,,FY2023,,mlit-deflator-nendo-260630,defnendo2020!AX83(見出しは右隣の系列。値はこの系列),https://www.mlit.go.jp/statistics/details/content/defnendo_260630.xlsx,PDL1.0,,2020年度基準(2020年度平均=100)。2026年4月分の公表から2020年度基準に改定(原本注)。ウエイト項目に営業余剰や間接税(消費税を含む)等を含めない(原本注)。原本の年度表示「2023年度（暫定）」。2023年度以降は建設投資のウエイトに2020〜2022年度の平均値を暫定的に使用(原本注)。原本では1列右の見出しの下にある値。月別シートのこの系列の12か月平均と一致(差 0.03、0.1 以内)を確かめて、この系列に付け直した(2026-09-26 番人。付け直した 160 セルが全部一致)。
8cc6cbf9805781c0,JP,index,建設工事費デフレーター（2020年度基準） 年度別,土木2,建設総合 > 土木総合 > 公共事業 > 土木2,index (2020年度平均 = 100),national,JP,日本,,,,112.5,,index_value,published_pdl,,,FY2023,,mlit-deflator-nendo-260630,defnendo2020!AY83(見出しは右隣の系列。値はこの系列),https://www.mlit.go.jp/statistics/details/content/defnendo_260630.xlsx,PDL1.0,,2020年度基準(2020年度平均=100)。2026年4月分の公表から2020年度基準に改定(原本注)。ウエイト項目に営業余剰や間接税(消費税を含む)等を含めない(原本注)。原本の年度表示「2023年度（暫定）」。2023年度以降は建設投資のウエイトに2020〜2022年度の平均値を暫定的に使用(原本注)。原本では1列右の見出しの下にある値。月別シートのこの系列の12か月平均と一致(差 0.02、0.1 以内)を確かめて、この系列に付け直した(2026-09-26 番人。付け直した 160 セルが全部一致)。
531c0c396d38cb77,JP,index,建設工事費デフレーター（2020年度基準） 年度別,港湾・漁港,建設総合 > 土木総合 > 公共事業 > 土木2 > 港湾・漁港,index (2020年度平均 = 100),national,JP,日本,,,,112.6,,index_value,published_pdl,,,FY2023,,mlit-deflator-nendo-260630,defnendo2020!AZ83(見出しは右隣の系列。値はこの系列),https://www.mlit.go.jp/statistics/details/content/defnendo_260630.xlsx,PDL1.0,,2020年度基準(2020年度平均=100)。2026年4月分の公表から2020年度基準に改定(原本注)。ウエイト項目に営業余剰や間接税(消費税を含む)等を含めない(原本注)。原本の年度表示「2023年度（暫定）」。2023年度以降は建設投資のウエイトに2020〜2022年度の平均値を暫定的に使用(原本注)。原本では1列右の見出しの下にある値。月別シートのこの系列の12か月平均と一致(差 0.04、0.1 以内)を確かめて、この系列に付け直した(2026-09-26 番人。付け直した 160 セルが全部一致)。
8f35c54a0cd7d09c,JP,index,建設工事費デフレーター（2020年度基準） 年度別,空港,建設総合 > 土木総合 > 公共事業 > 土木2 > 空港,index (2020年度平均 = 100),national,JP,日本,,,,108,,index_value,published_pdl,,,FY2023,,mlit-deflator-nendo-260630,defnendo2020!BA83(見出しは右隣の系列。値はこの系列),https://www.mlit.go.jp/statistics/details/content/defnendo_260630.xlsx,PDL1.0,,2020年度基準(2020年度平均=100)。2026年4月分の公表から2020年度基準に改定(原本注)。ウエイト項目に営業余剰や間接税(消費税を含む)等を含めない(原本注)。原本の年度表示「2023年度（暫定）」。2023年度以降は建設投資のウエイトに2020〜2022年度の平均値を暫定的に使用(原本注)。原本では1列右の見出しの下にある値。月別シートのこの系列の12か月平均と一致(差 0.02、0.1 以内)を確かめて、この系列に付け直した(2026-09-26 番人。付け直した 160 セルが全部一致)。
5cdea9728384f415,JP,index,建設工事費デフレーター（2020年度基準） 年度別,環境衛生,建設総合 > 土木総合 > 公共事業 > 土木2 > 環境衛生,index (2020年度平均 = 100),national,JP,日本,,,,113.5,,index_value,published_pdl,,,FY2023,,mlit-deflator-nendo-260630,defnendo2020!BB83(見出しは右隣の系列。値はこの系列),https://www.mlit.go.jp/statistics/details/content/defnendo_260630.xlsx,PDL1.0,,2020年度基準(2020年度平均=100)。2026年4月分の公表から2020年度基準に改定(原本注)。ウエイト項目に営業余剰や間接税(消費税を含む)等を含めない(原本注)。原本の年度表示「2023年度（暫定）」。2023年度以降は建設投資のウエイトに2020〜2022年度の平均値を暫定的に使用(原本注)。原本では1列右の見出しの下にある値。月別シートのこの系列の12か月平均と一致(差 0.03、0.1 以内)を確かめて、この系列に付け直した(2026-09-26 番人。付け直した 160 セルが全部一致)。
30f52ae735aab9ce,JP,index,建設工事費デフレーター（2020年度基準） 年度別,農林関係公共事業,建設総合 > 土木総合 > 公共事業 > 土木2 > 農林関係公共事業,index (2020年度平均 = 100),national,JP,日本,,,,112.8,,index_value,published_pdl,,,FY2023,,mlit-deflator-nendo-260630,defnendo2020!BC83(見出しは右隣の系列。値はこの系列),https://www.mlit.go.jp/statistics/details/content/defnendo_260630.xlsx,PDL1.0,,2020年度基準(2020年度平均=100)。2026年4月分の公表から2020年度基準に改定(原本注)。ウエイト項目に営業余剰や間接税(消費税を含む)等を含めない(原本注)。原本の年度表示「2023年度（暫定）」。2023年度以降は建設投資のウエイトに2020〜2022年度の平均値を暫定的に使用(原本注)。原本では1列右の見出しの下にある値。月別シートのこの系列の12か月平均と一致(差 0.04、0.1 以内)を確かめて、この系列に付け直した(2026-09-26 番人。付け直した 160 セルが全部一致)。
3976ca8ffc3efaca,JP,index,建設工事費デフレーター（2020年度基準） 年度別,その他土木,建設総合 > 土木総合 > その他土木 (原本の列 BC。同じ表頭の列が2つある),index (2020年度平均 = 100),national,JP,日本,,,,112.9,,index_value,published_pdl,,,FY2023,,mlit-deflator-nendo-260630,defnendo2020!BD83(見出しは右隣の系列。値はこの系列),https://www.mlit.go.jp/statistics/details/content/defnendo_260630.xlsx,PDL1.0,,2020年度基準(2020年度平均=100)。2026年4月分の公表から2020年度基準に改定(原本注)。ウエイト項目に営業余剰や間接税(消費税を含む)等を含めない(原本注)。原本の年度表示「2023年度（暫定）」。2023年度以降は建設投資のウエイトに2020〜2022年度の平均値を暫定的に使用(原本注)。原本では1列右の見出しの下にある値。月別シートのこの系列の12か月平均と一致(差 0.06、0.1 以内)を確かめて、この系列に付け直した(2026-09-26 番人。付け直した 160 セルが全部一致)。
b4fd6d5f6b53b0d7,JP,index,建設工事費デフレーター（2020年度基準） 年度別,鉄道軌道,建設総合 > 土木総合 > その他土木 > 鉄道軌道,index (2020年度平均 = 100),national,JP,日本,,,,114.6,,index_value,published_pdl,,,FY2023,,mlit-deflator-nendo-260630,defnendo2020!BE83(見出しは右隣の系列。値はこの系列),https://www.mlit.go.jp/statistics/details/content/defnendo_260630.xlsx,PDL1.0,,2020年度基準(2020年度平均=100)。2026年4月分の公表から2020年度基準に改定(原本注)。ウエイト項目に営業余剰や間接税(消費税を含む)等を含めない(原本注)。原本の年度表示「2023年度（暫定）」。2023年度以降は建設投資のウエイトに2020〜2022年度の平均値を暫定的に使用(原本注)。原本では1列右の見出しの下にある値。月別シートのこの系列の12か月平均と一致(差 0.02、0.1 以内)を確かめて、この系列に付け直した(2026-09-26 番人。付け直した 160 セルが全部一致)。
411f384e8687f1e5,JP,index,建設工事費デフレーター（2020年度基準） 年度別,電力,建設総合 > 土木総合 > その他土木 > 電力,index (2020年度平均 = 100),national,JP,日本,,,,112.9,,index_value,published_pdl,,,FY2023,,mlit-deflator-nendo-260630,defnendo2020!BF83(見出しは右隣の系列。値はこの系列),https://www.mlit.go.jp/statistics/details/content/defnendo_260630.xlsx,PDL1.0,,2020年度基準(2020年度平均=100)。2026年4月分の公表から2020年度基準に改定(原本注)。ウエイト項目に営業余剰や間接税(消費税を含む)等を含めない(原本注)。原本の年度表示「2023年度（暫定）」。2023年度以降は建設投資のウエイトに2020〜2022年度の平均値を暫定的に使用(原本注)。原本では1列右の見出しの下にある値。月別シートのこの系列の12か月平均と一致(差 0.04、0.1 以内)を確かめて、この系列に付け直した(2026-09-26 番人。付け直した 160 セルが全部一致)。
4aa04675be87b7d5,JP,index,建設工事費デフレーター（2020年度基準） 年度別,電気通信,建設総合 > 土木総合 > その他土木 > 電気通信,index (2020年度平均 = 100),national,JP,日本,,,,110.3,,index_value,published_pdl,,,FY2023,,mlit-deflator-nendo-260630,defnendo2020!BG83(見出しは右隣の系列。値はこの系列),https://www.mlit.go.jp/statistics/details/content/defnendo_260630.xlsx,PDL1.0,,2020年度基準(2020年度平均=100)。2026年4月分の公表から2020年度基準に改定(原本注)。ウエイト項目に営業余剰や間接税(消費税を含む)等を含めない(原本注)。原本の年度表示「2023年度（暫定）」。2023年度以降は建設投資のウエイトに2020〜2022年度の平均値を暫定的に使用(原本注)。原本では1列右の見出しの下にある値。月別シートのこの系列の12か月平均と一致(差 0.03、0.1 以内)を確かめて、この系列に付け直した(2026-09-26 番人。付け直した 160 セルが全部一致)。
5b2521641c283659,JP,index,建設工事費デフレーター（2020年度基準） 年度別,上・工業用水道,建設総合 > 土木総合 > その他土木 > 上・工業用水道,index (2020年度平均 = 100),national,JP,日本,,,,112.9,,index_value,published_pdl,,,FY2023,,mlit-deflator-nendo-260630,defnendo2020!BH83(見出しは右隣の系列。値はこの系列),https://www.mlit.go.jp/statistics/details/content/defnendo_260630.xlsx,PDL1.0,,2020年度基準(2020年度平均=100)。2026年4月分の公表から2020年度基準に改定(原本注)。ウエイト項目に営業余剰や間接税(消費税を含む)等を含めない(原本注)。原本の年度表示「2023年度（暫定）」。2023年度以降は建設投資のウエイトに2020〜2022年度の平均値を暫定的に使用(原本注)。原本では1列右の見出しの下にある値。月別シートのこの系列の12か月平均と一致(差 0.04、0.1 以内)を確かめて、この系列に付け直した(2026-09-26 番人。付け直した 160 セルが全部一致)。
12100878dfdb95d9,JP,index,建設工事費デフレーター（2020年度基準） 年度別,土地造成,建設総合 > 土木総合 > その他土木 > 土地造成,index (2020年度平均 = 100),national,JP,日本,,,,111.1,,index_value,published_pdl,,,FY2023,,mlit-deflator-nendo-260630,defnendo2020!BI83(見出しは右隣の系列。値はこの系列),https://www.mlit.go.jp/statistics/details/content/defnendo_260630.xlsx,PDL1.0,,2020年度基準(2020年度平均=100)。2026年4月分の公表から2020年度基準に改定(原本注)。ウエイト項目に営業余剰や間接税(消費税を含む)等を含めない(原本注)。原本の年度表示「2023年度（暫定）」。2023年度以降は建設投資のウエイトに2020〜2022年度の平均値を暫定的に使用(原本注)。原本では1列右の見出しの下にある値。月別シートのこの系列の12か月平均と一致(差 0.04、0.1 以内)を確かめて、この系列に付け直した(2026-09-26 番人。付け直した 160 セルが全部一致)。
8336d9338ff0b60d,JP,index,建設工事費デフレーター（2020年度基準） 年度別,その他土木,建設総合 > 土木総合 > その他土木 (原本の列 BI。同じ表頭の列が2つある),index (2020年度平均 = 100),national,JP,日本,,,,112.3,,index_value,published_pdl,,,FY2023,,mlit-deflator-nendo-260630,defnendo2020!BJ83(見出しは右隣の系列。値はこの系列),https://www.mlit.go.jp/statistics/details/content/defnendo_260630.xlsx,PDL1.0,,2020年度基準(2020年度平均=100)。2026年4月分の公表から2020年度基準に改定(原本注)。ウエイト項目に営業余剰や間接税(消費税を含む)等を含めない(原本注)。原本の年度表示「2023年度（暫定）」。2023年度以降は建設投資のウエイトに2020〜2022年度の平均値を暫定的に使用(原本注)。原本では1列右の見出しの下にある値。月別シートのこの系列の12か月平均と一致(差 0.03、0.1 以内)を確かめて、この系列に付け直した(2026-09-26 番人。付け直した 160 セルが全部一致)。
596ea8945efba027,JP,index,建設工事費デフレーター（2020年度基準） 年度別,W在来住宅,W在来住宅,index (2020年度平均 = 100),national,JP,日本,,,,114.7,,index_value,published_pdl,,,FY2023,,mlit-deflator-nendo-260630,defnendo2020!BK83(見出しは右隣の系列。値はこの系列),https://www.mlit.go.jp/statistics/details/content/defnendo_260630.xlsx,PDL1.0,,2020年度基準(2020年度平均=100)。2026年4月分の公表から2020年度基準に改定(原本注)。ウエイト項目に営業余剰や間接税(消費税を含む)等を含めない(原本注)。原本の年度表示「2023年度（暫定）」。2023年度以降は建設投資のウエイトに2020〜2022年度の平均値を暫定的に使用(原本注)。原本では1列右の見出しの下にある値。月別シートのこの系列の12か月平均と一致(差 0.03、0.1 以内)を確かめて、この系列に付け直した(2026-09-26 番人。付け直した 160 セルが全部一致)。
95abd4da2c472dc3,JP,index,建設工事費デフレーター（2020年度基準） 年度別,W量産住宅,W量産住宅,index (2020年度平均 = 100),national,JP,日本,,,,117.3,,index_value,published_pdl,,,FY2023,,mlit-deflator-nendo-260630,defnendo2020!BL83(見出しは右隣の系列。値はこの系列),https://www.mlit.go.jp/statistics/details/content/defnendo_260630.xlsx,PDL1.0,,2020年度基準(2020年度平均=100)。2026年4月分の公表から2020年度基準に改定(原本注)。ウエイト項目に営業余剰や間接税(消費税を含む)等を含めない(原本注)。原本の年度表示「2023年度（暫定）」。2023年度以降は建設投資のウエイトに2020〜2022年度の平均値を暫定的に使用(原本注)。原本では1列右の見出しの下にある値。月別シートのこの系列の12か月平均と一致(差 0.02、0.1 以内)を確かめて、この系列に付け直した(2026-09-26 番人。付け直した 160 セルが全部一致)。
573311647c272bd1,JP,index,建設工事費デフレーター（2020年度基準） 年度別,RC在来住宅,RC在来住宅,index (2020年度平均 = 100),national,JP,日本,,,,113.9,,index_value,published_pdl,,,FY2023,,mlit-deflator-nendo-260630,defnendo2020!BM83(見出しは右隣の系列。値はこの系列),https://www.mlit.go.jp/statistics/details/content/defnendo_260630.xlsx,PDL1.0,,2020年度基準(2020年度平均=100)。2026年4月分の公表から2020年度基準に改定(原本注)。ウエイト項目に営業余剰や間接税(消費税を含む)等を含めない(原本注)。原本の年度表示「2023年度（暫定）」。2023年度以降は建設投資のウエイトに2020〜2022年度の平均値を暫定的に使用(原本注)。原本では1列右の見出しの下にある値。月別シートのこの系列の12か月平均と一致(差 0.04、0.1 以内)を確かめて、この系列に付け直した(2026-09-26 番人。付け直した 160 セルが全部一致)。
bb0ee48bf9597d51,JP,index,建設工事費デフレーター（2020年度基準） 年度別,RC量産住宅,RC量産住宅,index (2020年度平均 = 100),national,JP,日本,,,,114.4,,index_value,published_pdl,,,FY2023,,mlit-deflator-nendo-260630,defnendo2020!BN83(見出しは右隣の系列。値はこの系列),https://www.mlit.go.jp/statistics/details/content/defnendo_260630.xlsx,PDL1.0,,2020年度基準(2020年度平均=100)。2026年4月分の公表から2020年度基準に改定(原本注)。ウエイト項目に営業余剰や間接税(消費税を含む)等を含めない(原本注)。原本の年度表示「2023年度（暫定）」。2023年度以降は建設投資のウエイトに2020〜2022年度の平均値を暫定的に使用(原本注)。原本では1列右の見出しの下にある値。月別シートのこの系列の12か月平均と一致(差 0.01、0.1 以内)を確かめて、この系列に付け直した(2026-09-26 番人。付け直した 160 セルが全部一致)。
ce4128307d85373d,JP,index,建設工事費デフレーター（2020年度基準） 年度別,S在来住宅,S在来住宅,index (2020年度平均 = 100),national,JP,日本,,,,113.9,,index_value,published_pdl,,,FY2023,,mlit-deflator-nendo-260630,defnendo2020!BO83(見出しは右隣の系列。値はこの系列),https://www.mlit.go.jp/statistics/details/content/defnendo_260630.xlsx,PDL1.0,,2020年度基準(2020年度平均=100)。2026年4月分の公表から2020年度基準に改定(原本注)。ウエイト項目に営業余剰や間接税(消費税を含む)等を含めない(原本注)。原本の年度表示「2023年度（暫定）」。2023年度以降は建設投資のウエイトに2020〜2022年度の平均値を暫定的に使用(原本注)。原本では1列右の見出しの下にある値。月別シートのこの系列の12か月平均と一致(差 0.00、0.1 以内)を確かめて、この系列に付け直した(2026-09-26 番人。付け直した 160 セルが全部一致)。
8480aa97cd0fe656,JP,index,建設工事費デフレーター（2020年度基準） 年度別,S量産住宅,S量産住宅,index (2020年度平均 = 100),national,JP,日本,,,,118.3,,index_value,published_pdl,,,FY2023,,mlit-deflator-nendo-260630,defnendo2020!BP83(見出しは右隣の系列。値はこの系列),https://www.mlit.go.jp/statistics/details/content/defnendo_260630.xlsx,PDL1.0,,2020年度基準(2020年度平均=100)。2026年4月分の公表から2020年度基準に改定(原本注)。ウエイト項目に営業余剰や間接税(消費税を含む)等を含めない(原本注)。原本の年度表示「2023年度（暫定）」。2023年度以降は建設投資のウエイトに2020〜2022年度の平均値を暫定的に使用(原本注)。原本では1列右の見出しの下にある値。月別シートのこの系列の12か月平均と一致(差 0.02、0.1 以内)を確かめて、この系列に付け直した(2026-09-26 番人。付け直した 160 セルが全部一致)。
a28bbd20693190f5,JP,index,建設工事費デフレーター（2020年度基準） 年度別,W工場・倉庫,W工場・倉庫,index (2020年度平均 = 100),national,JP,日本,,,,114,,index_value,published_pdl,,,FY2023,,mlit-deflator-nendo-260630,defnendo2020!BQ83(見出しは右隣の系列。値はこの系列),https://www.mlit.go.jp/statistics/details/content/defnendo_260630.xlsx,PDL1.0,,2020年度基準(2020年度平均=100)。2026年4月分の公表から2020年度基準に改定(原本注)。ウエイト項目に営業余剰や間接税(消費税を含む)等を含めない(原本注)。原本の年度表示「2023年度（暫定）」。2023年度以降は建設投資のウエイトに2020〜2022年度の平均値を暫定的に使用(原本注)。原本では1列右の見出しの下にある値。月別シートのこの系列の12か月平均と一致(差 0.02、0.1 以内)を確かめて、この系列に付け直した(2026-09-26 番人。付け直した 160 セルが全部一致)。
0796b1eacbcf52c6,JP,index,建設工事費デフレーター（2020年度基準） 年度別,W事務所・その他,W事務所・その他,index (2020年度平均 = 100),national,JP,日本,,,,113.5,,index_value,published_pdl,,,FY2023,,mlit-deflator-nendo-260630,defnendo2020!BR83(見出しは右隣の系列。値はこの系列),https://www.mlit.go.jp/statistics/details/content/defnendo_260630.xlsx,PDL1.0,,2020年度基準(2020年度平均=100)。2026年4月分の公表から2020年度基準に改定(原本注)。ウエイト項目に営業余剰や間接税(消費税を含む)等を含めない(原本注)。原本の年度表示「2023年度（暫定）」。2023年度以降は建設投資のウエイトに2020〜2022年度の平均値を暫定的に使用(原本注)。原本では1列右の見出しの下にある値。月別シートのこの系列の12か月平均と一致(差 0.01、0.1 以内)を確かめて、この系列に付け直した(2026-09-26 番人。付け直した 160 セルが全部一致)。
ca816ce1cc08a988,JP,index,建設工事費デフレーター（2020年度基準） 年度別,SRC工場・倉庫,SRC工場・倉庫,index (2020年度平均 = 100),national,JP,日本,,,,114,,index_value,published_pdl,,,FY2023,,mlit-deflator-nendo-260630,defnendo2020!BS83(見出しは右隣の系列。値はこの系列),https://www.mlit.go.jp/statistics/details/content/defnendo_260630.xlsx,PDL1.0,,2020年度基準(2020年度平均=100)。2026年4月分の公表から2020年度基準に改定(原本注)。ウエイト項目に営業余剰や間接税(消費税を含む)等を含めない(原本注)。原本の年度表示「2023年度（暫定）」。2023年度以降は建設投資のウエイトに2020〜2022年度の平均値を暫定的に使用(原本注)。原本では1列右の見出しの下にある値。月別シートのこの系列の12か月平均と一致(差 0.03、0.1 以内)を確かめて、この系列に付け直した(2026-09-26 番人。付け直した 160 セルが全部一致)。
54a1b681e6b6d6d7,JP,index,建設工事費デフレーター（2020年度基準） 年度別,SRC事務所・その他,SRC事務所・その他,index (2020年度平均 = 100),national,JP,日本,,,,112.6,,index_value,published_pdl,,,FY2023,,mlit-deflator-nendo-260630,defnendo2020!BT83(見出しは右隣の系列。値はこの系列),https://www.mlit.go.jp/statistics/details/content/defnendo_260630.xlsx,PDL1.0,,2020年度基準(2020年度平均=100)。2026年4月分の公表から2020年度基準に改定(原本注)。ウエイト項目に営業余剰や間接税(消費税を含む)等を含めない(原本注)。原本の年度表示「2023年度（暫定）」。2023年度以降は建設投資のウエイトに2020〜2022年度の平均値を暫定的に使用(原本注)。原本では1列右の見出しの下にある値。月別シートのこの系列の12か月平均と一致(差 0.06、0.1 以内)を確かめて、この系列に付け直した(2026-09-26 番人。付け直した 160 セルが全部一致)。
8f848875e634152e,JP,index,建設工事費デフレーター（2020年度基準） 年度別,RC工場・倉庫,RC工場・倉庫,index (2020年度平均 = 100),national,JP,日本,,,,113.7,,index_value,published_pdl,,,FY2023,,mlit-deflator-nendo-260630,defnendo2020!BU83(見出しは右隣の系列。値はこの系列),https://www.mlit.go.jp/statistics/details/content/defnendo_260630.xlsx,PDL1.0,,2020年度基準(2020年度平均=100)。2026年4月分の公表から2020年度基準に改定(原本注)。ウエイト項目に営業余剰や間接税(消費税を含む)等を含めない(原本注)。原本の年度表示「2023年度（暫定）」。2023年度以降は建設投資のウエイトに2020〜2022年度の平均値を暫定的に使用(原本注)。原本では1列右の見出しの下にある値。月別シートのこの系列の12か月平均と一致(差 0.03、0.1 以内)を確かめて、この系列に付け直した(2026-09-26 番人。付け直した 160 セルが全部一致)。
e6b349ff96978867,JP,index,建設工事費デフレーター（2020年度基準） 年度別,RC学校,RC学校,index (2020年度平均 = 100),national,JP,日本,,,,112.9,,index_value,published_pdl,,,FY2023,,mlit-deflator-nendo-260630,defnendo2020!BV83(見出しは右隣の系列。値はこの系列),https://www.mlit.go.jp/statistics/details/content/defnendo_260630.xlsx,PDL1.0,,2020年度基準(2020年度平均=100)。2026年4月分の公表から2020年度基準に改定(原本注)。ウエイト項目に営業余剰や間接税(消費税を含む)等を含めない(原本注)。原本の年度表示「2023年度（暫定）」。2023年度以降は建設投資のウエイトに2020〜2022年度の平均値を暫定的に使用(原本注)。原本では1列右の見出しの下にある値。月別シートのこの系列の12か月平均と一致(差 0.04、0.1 以内)を確かめて、この系列に付け直した(2026-09-26 番人。付け直した 160 セルが全部一致)。
d4b9921c1cde2a43,JP,index,建設工事費デフレーター（2020年度基準） 年度別,RC事務所・その他,RC事務所・その他,index (2020年度平均 = 100),national,JP,日本,,,,113.2,,index_value,published_pdl,,,FY2023,,mlit-deflator-nendo-260630,defnendo2020!BW83(見出しは右隣の系列。値はこの系列),https://www.mlit.go.jp/statistics/details/content/defnendo_260630.xlsx,PDL1.0,,2020年度基準(2020年度平均=100)。2026年4月分の公表から2020年度基準に改定(原本注)。ウエイト項目に営業余剰や間接税(消費税を含む)等を含めない(原本注)。原本の年度表示「2023年度（暫定）」。2023年度以降は建設投資のウエイトに2020〜2022年度の平均値を暫定的に使用(原本注)。原本では1列右の見出しの下にある値。月別シートのこの系列の12か月平均と一致(差 0.04、0.1 以内)を確かめて、この系列に付け直した(2026-09-26 番人。付け直した 160 セルが全部一致)。
b751a470cb6684ba,JP,index,建設工事費デフレーター（2020年度基準） 年度別,S工場・倉庫,S工場・倉庫,index (2020年度平均 = 100),national,JP,日本,,,,113.8,,index_value,published_pdl,,,FY2023,,mlit-deflator-nendo-260630,defnendo2020!BX83(見出しは右隣の系列。値はこの系列),https://www.mlit.go.jp/statistics/details/content/defnendo_260630.xlsx,PDL1.0,,2020年度基準(2020年度平均=100)。2026年4月分の公表から2020年度基準に改定(原本注)。ウエイト項目に営業余剰や間接税(消費税を含む)等を含めない(原本注)。原本の年度表示「2023年度（暫定）」。2023年度以降は建設投資のウエイトに2020〜2022年度の平均値を暫定的に使用(原本注)。原本では1列右の見出しの下にある値。月別シートのこの系列の12か月平均と一致(差 0.00、0.1 以内)を確かめて、この系列に付け直した(2026-09-26 番人。付け直した 160 セルが全部一致)。
8613fc3a87f6201d,JP,index,建設工事費デフレーター（2020年度基準） 年度別,S事務所・その他,S事務所・その他,index (2020年度平均 = 100),national,JP,日本,,,,,,index_value,not_set,,,FY2023,,mlit-deflator-nendo-260630,,https://www.mlit.go.jp/statistics/details/content/defnendo_260630.xlsx,PDL1.0,,2020年度基準(2020年度平均=100)。2026年4月分の公表から2020年度基準に改定(原本注)。ウエイト項目に営業余剰や間接税(消費税を含む)等を含めない(原本注)。原本の年度表示「2023年度（暫定）」。2023年度以降は建設投資のウエイトに2020〜2022年度の平均値を暫定的に使用(原本注)。原本の年度別では、列ずれのため、この系列のこの期間の値がどの列にも無い(2026-09-26 番人)。月別シートの値はある。
04aac796a83655a0,JP,index,建設工事費デフレーター（2020年度基準） 年度別,地方道路公社等,建設総合 > 土木総合 > 公共事業 > 土木1（除く災害復旧） > 道路総合 > 有料道路 > 地方道路公社等,index (2020年度平均 = 100),national,JP,日本,,,,117.8,,index_value,published_pdl,,,FY2024,,mlit-deflator-nendo-260630,defnendo2020!AS84(見出しは右隣の系列。値はこの系列),https://www.mlit.go.jp/statistics/details/content/defnendo_260630.xlsx,PDL1.0,,2020年度基準(2020年度平均=100)。2026年4月分の公表から2020年度基準に改定(原本注)。ウエイト項目に営業余剰や間接税(消費税を含む)等を含めない(原本注)。原本の年度表示「2024年度（暫定）」。2023年度以降は建設投資のウエイトに2020〜2022年度の平均値を暫定的に使用(原本注)。原本では1列右の見出しの下にある値。月別シートのこの系列の12か月平均と一致(差 0.02、0.1 以内)を確かめて、この系列に付け直した(2026-09-26 番人。付け直した 160 セルが全部一致)。
ec431435acec9fa5,JP,index,建設工事費デフレーター（2020年度基準） 年度別,道路2（再掲）,建設総合 > 土木総合 > 公共事業 > 土木1（除く災害復旧） > 道路2（再掲）,index (2020年度平均 = 100),national,JP,日本,,,,118.3,,index_value,published_pdl,,,FY2024,,mlit-deflator-nendo-260630,defnendo2020!AT84(見出しは右隣の系列。値はこの系列),https://www.mlit.go.jp/statistics/details/content/defnendo_260630.xlsx,PDL1.0,,2020年度基準(2020年度平均=100)。2026年4月分の公表から2020年度基準に改定(原本注)。ウエイト項目に営業余剰や間接税(消費税を含む)等を含めない(原本注)。原本の年度表示「2024年度（暫定）」。2023年度以降は建設投資のウエイトに2020〜2022年度の平均値を暫定的に使用(原本注)。原本では1列右の見出しの下にある値。月別シートのこの系列の12か月平均と一致(差 0.04、0.1 以内)を確かめて、この系列に付け直した(2026-09-26 番人。付け直した 160 セルが全部一致)。
28630a479b5f3466,JP,index,建設工事費デフレーター（2020年度基準） 年度別,街路2（再掲）,建設総合 > 土木総合 > 公共事業 > 土木1（除く災害復旧） > 街路2（再掲）,index (2020年度平均 = 100),national,JP,日本,,,,118.1,,index_value,published_pdl,,,FY2024,,mlit-deflator-nendo-260630,defnendo2020!AU84(見出しは右隣の系列。値はこの系列),https://www.mlit.go.jp/statistics/details/content/defnendo_260630.xlsx,PDL1.0,,2020年度基準(2020年度平均=100)。2026年4月分の公表から2020年度基準に改定(原本注)。ウエイト項目に営業余剰や間接税(消費税を含む)等を含めない(原本注)。原本の年度表示「2024年度（暫定）」。2023年度以降は建設投資のウエイトに2020〜2022年度の平均値を暫定的に使用(原本注)。原本では1列右の見出しの下にある値。月別シートのこの系列の12か月平均と一致(差 0.00、0.1 以内)を確かめて、この系列に付け直した(2026-09-26 番人。付け直した 160 セルが全部一致)。
d7162efc7bb69eb9,JP,index,建設工事費デフレーター（2020年度基準） 年度別,公園,建設総合 > 土木総合 > 公共事業 > 土木1（除く災害復旧） > 公園,index (2020年度平均 = 100),national,JP,日本,,,,115.8,,index_value,published_pdl,,,FY2024,,mlit-deflator-nendo-260630,defnendo2020!AV84(見出しは右隣の系列。値はこの系列),https://www.mlit.go.jp/statistics/details/content/defnendo_260630.xlsx,PDL1.0,,2020年度基準(2020年度平均=100)。2026年4月分の公表から2020年度基準に改定(原本注)。ウエイト項目に営業余剰や間接税(消費税を含む)等を含めない(原本注)。原本の年度表示「2024年度（暫定）」。2023年度以降は建設投資のウエイトに2020〜2022年度の平均値を暫定的に使用(原本注)。原本では1列右の見出しの下にある値。月別シートのこの系列の12か月平均と一致(差 0.02、0.1 以内)を確かめて、この系列に付け直した(2026-09-26 番人。付け直した 160 セルが全部一致)。
9fd075a8d2b1e247,JP,index,建設工事費デフレーター（2020年度基準） 年度別,下水道,建設総合 > 土木総合 > 公共事業 > 土木1（除く災害復旧） > 下水道,index (2020年度平均 = 100),national,JP,日本,,,,117.4,,index_value,published_pdl,,,FY2024,,mlit-deflator-nendo-260630,defnendo2020!AW84(見出しは右隣の系列。値はこの系列),https://www.mlit.go.jp/statistics/details/content/defnendo_260630.xlsx,PDL1.0,,2020年度基準(2020年度平均=100)。2026年4月分の公表から2020年度基準に改定(原本注)。ウエイト項目に営業余剰や間接税(消費税を含む)等を含めない(原本注)。原本の年度表示「2024年度（暫定）」。2023年度以降は建設投資のウエイトに2020〜2022年度の平均値を暫定的に使用(原本注)。原本では1列右の見出しの下にある値。月別シートのこの系列の12か月平均と一致(差 0.03、0.1 以内)を確かめて、この系列に付け直した(2026-09-26 番人。付け直した 160 セルが全部一致)。
1216bef3e8b05e68,JP,index,建設工事費デフレーター（2020年度基準） 年度別,災害復旧,建設総合 > 土木総合 > 公共事業 > 土木1（除く災害復旧） > 災害復旧,index (2020年度平均 = 100),national,JP,日本,,,,117.7,,index_value,published_pdl,,,FY2024,,mlit-deflator-nendo-260630,defnendo2020!AX84(見出しは右隣の系列。値はこの系列),https://www.mlit.go.jp/statistics/details/content/defnendo_260630.xlsx,PDL1.0,,2020年度基準(2020年度平均=100)。2026年4月分の公表から2020年度基準に改定(原本注)。ウエイト項目に営業余剰や間接税(消費税を含む)等を含めない(原本注)。原本の年度表示「2024年度（暫定）」。2023年度以降は建設投資のウエイトに2020〜2022年度の平均値を暫定的に使用(原本注)。原本では1列右の見出しの下にある値。月別シートのこの系列の12か月平均と一致(差 0.00、0.1 以内)を確かめて、この系列に付け直した(2026-09-26 番人。付け直した 160 セルが全部一致)。
f29196ddd08500fc,JP,index,建設工事費デフレーター（2020年度基準） 年度別,土木2,建設総合 > 土木総合 > 公共事業 > 土木2,index (2020年度平均 = 100),national,JP,日本,,,,117.6,,index_value,published_pdl,,,FY2024,,mlit-deflator-nendo-260630,defnendo2020!AY84(見出しは右隣の系列。値はこの系列),https://www.mlit.go.jp/statistics/details/content/defnendo_260630.xlsx,PDL1.0,,2020年度基準(2020年度平均=100)。2026年4月分の公表から2020年度基準に改定(原本注)。ウエイト項目に営業余剰や間接税(消費税を含む)等を含めない(原本注)。原本の年度表示「2024年度（暫定）」。2023年度以降は建設投資のウエイトに2020〜2022年度の平均値を暫定的に使用(原本注)。原本では1列右の見出しの下にある値。月別シートのこの系列の12か月平均と一致(差 0.01、0.1 以内)を確かめて、この系列に付け直した(2026-09-26 番人。付け直した 160 セルが全部一致)。
f7a296fb1f95e8a3,JP,index,建設工事費デフレーター（2020年度基準） 年度別,港湾・漁港,建設総合 > 土木総合 > 公共事業 > 土木2 > 港湾・漁港,index (2020年度平均 = 100),national,JP,日本,,,,117.5,,index_value,published_pdl,,,FY2024,,mlit-deflator-nendo-260630,defnendo2020!AZ84(見出しは右隣の系列。値はこの系列),https://www.mlit.go.jp/statistics/details/content/defnendo_260630.xlsx,PDL1.0,,2020年度基準(2020年度平均=100)。2026年4月分の公表から2020年度基準に改定(原本注)。ウエイト項目に営業余剰や間接税(消費税を含む)等を含めない(原本注)。原本の年度表示「2024年度（暫定）」。2023年度以降は建設投資のウエイトに2020〜2022年度の平均値を暫定的に使用(原本注)。原本では1列右の見出しの下にある値。月別シートのこの系列の12か月平均と一致(差 0.01、0.1 以内)を確かめて、この系列に付け直した(2026-09-26 番人。付け直した 160 セルが全部一致)。
9407064deb0f1fb4,JP,index,建設工事費デフレーター（2020年度基準） 年度別,空港,建設総合 > 土木総合 > 公共事業 > 土木2 > 空港,index (2020年度平均 = 100),national,JP,日本,,,,112.6,,index_value,published_pdl,,,FY2024,,mlit-deflator-nendo-260630,defnendo2020!BA84(見出しは右隣の系列。値はこの系列),https://www.mlit.go.jp/statistics/details/content/defnendo_260630.xlsx,PDL1.0,,2020年度基準(2020年度平均=100)。2026年4月分の公表から2020年度基準に改定(原本注)。ウエイト項目に営業余剰や間接税(消費税を含む)等を含めない(原本注)。原本の年度表示「2024年度（暫定）」。2023年度以降は建設投資のウエイトに2020〜2022年度の平均値を暫定的に使用(原本注)。原本では1列右の見出しの下にある値。月別シートのこの系列の12か月平均と一致(差 0.01、0.1 以内)を確かめて、この系列に付け直した(2026-09-26 番人。付け直した 160 セルが全部一致)。
6c204039a6af04c8,JP,index,建設工事費デフレーター（2020年度基準） 年度別,環境衛生,建設総合 > 土木総合 > 公共事業 > 土木2 > 環境衛生,index (2020年度平均 = 100),national,JP,日本,,,,118.2,,index_value,published_pdl,,,FY2024,,mlit-deflator-nendo-260630,defnendo2020!BB84(見出しは右隣の系列。値はこの系列),https://www.mlit.go.jp/statistics/details/content/defnendo_260630.xlsx,PDL1.0,,2020年度基準(2020年度平均=100)。2026年4月分の公表から2020年度基準に改定(原本注)。ウエイト項目に営業余剰や間接税(消費税を含む)等を含めない(原本注)。原本の年度表示「2024年度（暫定）」。2023年度以降は建設投資のウエイトに2020〜2022年度の平均値を暫定的に使用(原本注)。原本では1列右の見出しの下にある値。月別シートのこの系列の12か月平均と一致(差 0.02、0.1 以内)を確かめて、この系列に付け直した(2026-09-26 番人。付け直した 160 セルが全部一致)。
6a21056e6f263e6b,JP,index,建設工事費デフレーター（2020年度基準） 年度別,農林関係公共事業,建設総合 > 土木総合 > 公共事業 > 土木2 > 農林関係公共事業,index (2020年度平均 = 100),national,JP,日本,,,,118.3,,index_value,published_pdl,,,FY2024,,mlit-deflator-nendo-260630,defnendo2020!BC84(見出しは右隣の系列。値はこの系列),https://www.mlit.go.jp/statistics/details/content/defnendo_260630.xlsx,PDL1.0,,2020年度基準(2020年度平均=100)。2026年4月分の公表から2020年度基準に改定(原本注)。ウエイト項目に営業余剰や間接税(消費税を含む)等を含めない(原本注)。原本の年度表示「2024年度（暫定）」。2023年度以降は建設投資のウエイトに2020〜2022年度の平均値を暫定的に使用(原本注)。原本では1列右の見出しの下にある値。月別シートのこの系列の12か月平均と一致(差 0.03、0.1 以内)を確かめて、この系列に付け直した(2026-09-26 番人。付け直した 160 セルが全部一致)。
399612d586c5b269,JP,index,建設工事費デフレーター（2020年度基準） 年度別,その他土木,建設総合 > 土木総合 > その他土木 (原本の列 BC。同じ表頭の列が2つある),index (2020年度平均 = 100),national,JP,日本,,,,118.1,,index_value,published_pdl,,,FY2024,,mlit-deflator-nendo-260630,defnendo2020!BD84(見出しは右隣の系列。値はこの系列),https://www.mlit.go.jp/statistics/details/content/defnendo_260630.xlsx,PDL1.0,,2020年度基準(2020年度平均=100)。2026年4月分の公表から2020年度基準に改定(原本注)。ウエイト項目に営業余剰や間接税(消費税を含む)等を含めない(原本注)。原本の年度表示「2024年度（暫定）」。2023年度以降は建設投資のウエイトに2020〜2022年度の平均値を暫定的に使用(原本注)。原本では1列右の見出しの下にある値。月別シートのこの系列の12か月平均と一致(差 0.05、0.1 以内)を確かめて、この系列に付け直した(2026-09-26 番人。付け直した 160 セルが全部一致)。
c12bce053b550750,JP,index,建設工事費デフレーター（2020年度基準） 年度別,鉄道軌道,建設総合 > 土木総合 > その他土木 > 鉄道軌道,index (2020年度平均 = 100),national,JP,日本,,,,120.1,,index_value,published_pdl,,,FY2024,,mlit-deflator-nendo-260630,defnendo2020!BE84(見出しは右隣の系列。値はこの系列),https://www.mlit.go.jp/statistics/details/content/defnendo_260630.xlsx,PDL1.0,,2020年度基準(2020年度平均=100)。2026年4月分の公表から2020年度基準に改定(原本注)。ウエイト項目に営業余剰や間接税(消費税を含む)等を含めない(原本注)。原本の年度表示「2024年度（暫定）」。2023年度以降は建設投資のウエイトに2020〜2022年度の平均値を暫定的に使用(原本注)。原本では1列右の見出しの下にある値。月別シートのこの系列の12か月平均と一致(差 0.02、0.1 以内)を確かめて、この系列に付け直した(2026-09-26 番人。付け直した 160 セルが全部一致)。
dce7d1b99e094f9b,JP,index,建設工事費デフレーター（2020年度基準） 年度別,電力,建設総合 > 土木総合 > その他土木 > 電力,index (2020年度平均 = 100),national,JP,日本,,,,119,,index_value,published_pdl,,,FY2024,,mlit-deflator-nendo-260630,defnendo2020!BF84(見出しは右隣の系列。値はこの系列),https://www.mlit.go.jp/statistics/details/content/defnendo_260630.xlsx,PDL1.0,,2020年度基準(2020年度平均=100)。2026年4月分の公表から2020年度基準に改定(原本注)。ウエイト項目に営業余剰や間接税(消費税を含む)等を含めない(原本注)。原本の年度表示「2024年度（暫定）」。2023年度以降は建設投資のウエイトに2020〜2022年度の平均値を暫定的に使用(原本注)。原本では1列右の見出しの下にある値。月別シートのこの系列の12か月平均と一致(差 0.01、0.1 以内)を確かめて、この系列に付け直した(2026-09-26 番人。付け直した 160 セルが全部一致)。
051ee4a2e74253f7,JP,index,建設工事費デフレーター（2020年度基準） 年度別,電気通信,建設総合 > 土木総合 > その他土木 > 電気通信,index (2020年度平均 = 100),national,JP,日本,,,,115.7,,index_value,published_pdl,,,FY2024,,mlit-deflator-nendo-260630,defnendo2020!BG84(見出しは右隣の系列。値はこの系列),https://www.mlit.go.jp/statistics/details/content/defnendo_260630.xlsx,PDL1.0,,2020年度基準(2020年度平均=100)。2026年4月分の公表から2020年度基準に改定(原本注)。ウエイト項目に営業余剰や間接税(消費税を含む)等を含めない(原本注)。原本の年度表示「2024年度（暫定）」。2023年度以降は建設投資のウエイトに2020〜2022年度の平均値を暫定的に使用(原本注)。原本では1列右の見出しの下にある値。月別シートのこの系列の12か月平均と一致(差 0.05、0.1 以内)を確かめて、この系列に付け直した(2026-09-26 番人。付け直した 160 セルが全部一致)。
dc0b295277fca0bd,JP,index,建設工事費デフレーター（2020年度基準） 年度別,上・工業用水道,建設総合 > 土木総合 > その他土木 > 上・工業用水道,index (2020年度平均 = 100),national,JP,日本,,,,117.8,,index_value,published_pdl,,,FY2024,,mlit-deflator-nendo-260630,defnendo2020!BH84(見出しは右隣の系列。値はこの系列),https://www.mlit.go.jp/statistics/details/content/defnendo_260630.xlsx,PDL1.0,,2020年度基準(2020年度平均=100)。2026年4月分の公表から2020年度基準に改定(原本注)。ウエイト項目に営業余剰や間接税(消費税を含む)等を含めない(原本注)。原本の年度表示「2024年度（暫定）」。2023年度以降は建設投資のウエイトに2020〜2022年度の平均値を暫定的に使用(原本注)。原本では1列右の見出しの下にある値。月別シートのこの系列の12か月平均と一致(差 0.02、0.1 以内)を確かめて、この系列に付け直した(2026-09-26 番人。付け直した 160 セルが全部一致)。
e5f2a8feb8250b94,JP,index,建設工事費デフレーター（2020年度基準） 年度別,土地造成,建設総合 > 土木総合 > その他土木 > 土地造成,index (2020年度平均 = 100),national,JP,日本,,,,116.1,,index_value,published_pdl,,,FY2024,,mlit-deflator-nendo-260630,defnendo2020!BI84(見出しは右隣の系列。値はこの系列),https://www.mlit.go.jp/statistics/details/content/defnendo_260630.xlsx,PDL1.0,,2020年度基準(2020年度平均=100)。2026年4月分の公表から2020年度基準に改定(原本注)。ウエイト項目に営業余剰や間接税(消費税を含む)等を含めない(原本注)。原本の年度表示「2024年度（暫定）」。2023年度以降は建設投資のウエイトに2020〜2022年度の平均値を暫定的に使用(原本注)。原本では1列右の見出しの下にある値。月別シートのこの系列の12か月平均と一致(差 0.03、0.1 以内)を確かめて、この系列に付け直した(2026-09-26 番人。付け直した 160 セルが全部一致)。
1e3fb8f5c7b93f53,JP,index,建設工事費デフレーター（2020年度基準） 年度別,その他土木,建設総合 > 土木総合 > その他土木 (原本の列 BI。同じ表頭の列が2つある),index (2020年度平均 = 100),national,JP,日本,,,,117.2,,index_value,published_pdl,,,FY2024,,mlit-deflator-nendo-260630,defnendo2020!BJ84(見出しは右隣の系列。値はこの系列),https://www.mlit.go.jp/statistics/details/content/defnendo_260630.xlsx,PDL1.0,,2020年度基準(2020年度平均=100)。2026年4月分の公表から2020年度基準に改定(原本注)。ウエイト項目に営業余剰や間接税(消費税を含む)等を含めない(原本注)。原本の年度表示「2024年度（暫定）」。2023年度以降は建設投資のウエイトに2020〜2022年度の平均値を暫定的に使用(原本注)。原本では1列右の見出しの下にある値。月別シートのこの系列の12か月平均と一致(差 0.04、0.1 以内)を確かめて、この系列に付け直した(2026-09-26 番人。付け直した 160 セルが全部一致)。
1e1ae163e02a4f1f,JP,index,建設工事費デフレーター（2020年度基準） 年度別,W在来住宅,W在来住宅,index (2020年度平均 = 100),national,JP,日本,,,,118.8,,index_value,published_pdl,,,FY2024,,mlit-deflator-nendo-260630,defnendo2020!BK84(見出しは右隣の系列。値はこの系列),https://www.mlit.go.jp/statistics/details/content/defnendo_260630.xlsx,PDL1.0,,2020年度基準(2020年度平均=100)。2026年4月分の公表から2020年度基準に改定(原本注)。ウエイト項目に営業余剰や間接税(消費税を含む)等を含めない(原本注)。原本の年度表示「2024年度（暫定）」。2023年度以降は建設投資のウエイトに2020〜2022年度の平均値を暫定的に使用(原本注)。原本では1列右の見出しの下にある値。月別シートのこの系列の12か月平均と一致(差 0.05、0.1 以内)を確かめて、この系列に付け直した(2026-09-26 番人。付け直した 160 セルが全部一致)。
01a1beedb1c3f317,JP,index,建設工事費デフレーター（2020年度基準） 年度別,W量産住宅,W量産住宅,index (2020年度平均 = 100),national,JP,日本,,,,120.1,,index_value,published_pdl,,,FY2024,,mlit-deflator-nendo-260630,defnendo2020!BL84(見出しは右隣の系列。値はこの系列),https://www.mlit.go.jp/statistics/details/content/defnendo_260630.xlsx,PDL1.0,,2020年度基準(2020年度平均=100)。2026年4月分の公表から2020年度基準に改定(原本注)。ウエイト項目に営業余剰や間接税(消費税を含む)等を含めない(原本注)。原本の年度表示「2024年度（暫定）」。2023年度以降は建設投資のウエイトに2020〜2022年度の平均値を暫定的に使用(原本注)。原本では1列右の見出しの下にある値。月別シートのこの系列の12か月平均と一致(差 0.02、0.1 以内)を確かめて、この系列に付け直した(2026-09-26 番人。付け直した 160 セルが全部一致)。
b9be408a7c0efd6d,JP,index,建設工事費デフレーター（2020年度基準） 年度別,RC在来住宅,RC在来住宅,index (2020年度平均 = 100),national,JP,日本,,,,118.9,,index_value,published_pdl,,,FY2024,,mlit-deflator-nendo-260630,defnendo2020!BM84(見出しは右隣の系列。値はこの系列),https://www.mlit.go.jp/statistics/details/content/defnendo_260630.xlsx,PDL1.0,,2020年度基準(2020年度平均=100)。2026年4月分の公表から2020年度基準に改定(原本注)。ウエイト項目に営業余剰や間接税(消費税を含む)等を含めない(原本注)。原本の年度表示「2024年度（暫定）」。2023年度以降は建設投資のウエイトに2020〜2022年度の平均値を暫定的に使用(原本注)。原本では1列右の見出しの下にある値。月別シートのこの系列の12か月平均と一致(差 0.01、0.1 以内)を確かめて、この系列に付け直した(2026-09-26 番人。付け直した 160 セルが全部一致)。
df133b919706be2d,JP,index,建設工事費デフレーター（2020年度基準） 年度別,RC量産住宅,RC量産住宅,index (2020年度平均 = 100),national,JP,日本,,,,118.9,,index_value,published_pdl,,,FY2024,,mlit-deflator-nendo-260630,defnendo2020!BN84(見出しは右隣の系列。値はこの系列),https://www.mlit.go.jp/statistics/details/content/defnendo_260630.xlsx,PDL1.0,,2020年度基準(2020年度平均=100)。2026年4月分の公表から2020年度基準に改定(原本注)。ウエイト項目に営業余剰や間接税(消費税を含む)等を含めない(原本注)。原本の年度表示「2024年度（暫定）」。2023年度以降は建設投資のウエイトに2020〜2022年度の平均値を暫定的に使用(原本注)。原本では1列右の見出しの下にある値。月別シートのこの系列の12か月平均と一致(差 0.06、0.1 以内)を確かめて、この系列に付け直した(2026-09-26 番人。付け直した 160 セルが全部一致)。
380ef995bbf02848,JP,index,建設工事費デフレーター（2020年度基準） 年度別,S在来住宅,S在来住宅,index (2020年度平均 = 100),national,JP,日本,,,,119.8,,index_value,published_pdl,,,FY2024,,mlit-deflator-nendo-260630,defnendo2020!BO84(見出しは右隣の系列。値はこの系列),https://www.mlit.go.jp/statistics/details/content/defnendo_260630.xlsx,PDL1.0,,2020年度基準(2020年度平均=100)。2026年4月分の公表から2020年度基準に改定(原本注)。ウエイト項目に営業余剰や間接税(消費税を含む)等を含めない(原本注)。原本の年度表示「2024年度（暫定）」。2023年度以降は建設投資のウエイトに2020〜2022年度の平均値を暫定的に使用(原本注)。原本では1列右の見出しの下にある値。月別シートのこの系列の12か月平均と一致(差 0.02、0.1 以内)を確かめて、この系列に付け直した(2026-09-26 番人。付け直した 160 セルが全部一致)。
84ec82f46adadf53,JP,index,建設工事費デフレーター（2020年度基準） 年度別,S量産住宅,S量産住宅,index (2020年度平均 = 100),national,JP,日本,,,,122.1,,index_value,published_pdl,,,FY2024,,mlit-deflator-nendo-260630,defnendo2020!BP84(見出しは右隣の系列。値はこの系列),https://www.mlit.go.jp/statistics/details/content/defnendo_260630.xlsx,PDL1.0,,2020年度基準(2020年度平均=100)。2026年4月分の公表から2020年度基準に改定(原本注)。ウエイト項目に営業余剰や間接税(消費税を含む)等を含めない(原本注)。原本の年度表示「2024年度（暫定）」。2023年度以降は建設投資のウエイトに2020〜2022年度の平均値を暫定的に使用(原本注)。原本では1列右の見出しの下にある値。月別シートのこの系列の12か月平均と一致(差 0.03、0.1 以内)を確かめて、この系列に付け直した(2026-09-26 番人。付け直した 160 セルが全部一致)。
08e97260a5cc5498,JP,index,建設工事費デフレーター（2020年度基準） 年度別,W工場・倉庫,W工場・倉庫,index (2020年度平均 = 100),national,JP,日本,,,,118.2,,index_value,published_pdl,,,FY2024,,mlit-deflator-nendo-260630,defnendo2020!BQ84(見出しは右隣の系列。値はこの系列),https://www.mlit.go.jp/statistics/details/content/defnendo_260630.xlsx,PDL1.0,,2020年度基準(2020年度平均=100)。2026年4月分の公表から2020年度基準に改定(原本注)。ウエイト項目に営業余剰や間接税(消費税を含む)等を含めない(原本注)。原本の年度表示「2024年度（暫定）」。2023年度以降は建設投資のウエイトに2020〜2022年度の平均値を暫定的に使用(原本注)。原本では1列右の見出しの下にある値。月別シートのこの系列の12か月平均と一致(差 0.01、0.1 以内)を確かめて、この系列に付け直した(2026-09-26 番人。付け直した 160 セルが全部一致)。
cb0d3f54a28a47ff,JP,index,建設工事費デフレーター（2020年度基準） 年度別,W事務所・その他,W事務所・その他,index (2020年度平均 = 100),national,JP,日本,,,,117.7,,index_value,published_pdl,,,FY2024,,mlit-deflator-nendo-260630,defnendo2020!BR84(見出しは右隣の系列。値はこの系列),https://www.mlit.go.jp/statistics/details/content/defnendo_260630.xlsx,PDL1.0,,2020年度基準(2020年度平均=100)。2026年4月分の公表から2020年度基準に改定(原本注)。ウエイト項目に営業余剰や間接税(消費税を含む)等を含めない(原本注)。原本の年度表示「2024年度（暫定）」。2023年度以降は建設投資のウエイトに2020〜2022年度の平均値を暫定的に使用(原本注)。原本では1列右の見出しの下にある値。月別シートのこの系列の12か月平均と一致(差 0.03、0.1 以内)を確かめて、この系列に付け直した(2026-09-26 番人。付け直した 160 セルが全部一致)。
9e15b77b9e06cf0b,JP,index,建設工事費デフレーター（2020年度基準） 年度別,SRC工場・倉庫,SRC工場・倉庫,index (2020年度平均 = 100),national,JP,日本,,,,119.3,,index_value,published_pdl,,,FY2024,,mlit-deflator-nendo-260630,defnendo2020!BS84(見出しは右隣の系列。値はこの系列),https://www.mlit.go.jp/statistics/details/content/defnendo_260630.xlsx,PDL1.0,,2020年度基準(2020年度平均=100)。2026年4月分の公表から2020年度基準に改定(原本注)。ウエイト項目に営業余剰や間接税(消費税を含む)等を含めない(原本注)。原本の年度表示「2024年度（暫定）」。2023年度以降は建設投資のウエイトに2020〜2022年度の平均値を暫定的に使用(原本注)。原本では1列右の見出しの下にある値。月別シートのこの系列の12か月平均と一致(差 0.06、0.1 以内)を確かめて、この系列に付け直した(2026-09-26 番人。付け直した 160 セルが全部一致)。
01d08d7ad5c926b7,JP,index,建設工事費デフレーター（2020年度基準） 年度別,SRC事務所・その他,SRC事務所・その他,index (2020年度平均 = 100),national,JP,日本,,,,117.7,,index_value,published_pdl,,,FY2024,,mlit-deflator-nendo-260630,defnendo2020!BT84(見出しは右隣の系列。値はこの系列),https://www.mlit.go.jp/statistics/details/content/defnendo_260630.xlsx,PDL1.0,,2020年度基準(2020年度平均=100)。2026年4月分の公表から2020年度基準に改定(原本注)。ウエイト項目に営業余剰や間接税(消費税を含む)等を含めない(原本注)。原本の年度表示「2024年度（暫定）」。2023年度以降は建設投資のウエイトに2020〜2022年度の平均値を暫定的に使用(原本注)。原本では1列右の見出しの下にある値。月別シートのこの系列の12か月平均と一致(差 0.05、0.1 以内)を確かめて、この系列に付け直した(2026-09-26 番人。付け直した 160 セルが全部一致)。
10a16a58cef9b977,JP,index,建設工事費デフレーター（2020年度基準） 年度別,RC工場・倉庫,RC工場・倉庫,index (2020年度平均 = 100),national,JP,日本,,,,118.7,,index_value,published_pdl,,,FY2024,,mlit-deflator-nendo-260630,defnendo2020!BU84(見出しは右隣の系列。値はこの系列),https://www.mlit.go.jp/statistics/details/content/defnendo_260630.xlsx,PDL1.0,,2020年度基準(2020年度平均=100)。2026年4月分の公表から2020年度基準に改定(原本注)。ウエイト項目に営業余剰や間接税(消費税を含む)等を含めない(原本注)。原本の年度表示「2024年度（暫定）」。2023年度以降は建設投資のウエイトに2020〜2022年度の平均値を暫定的に使用(原本注)。原本では1列右の見出しの下にある値。月別シートのこの系列の12か月平均と一致(差 0.03、0.1 以内)を確かめて、この系列に付け直した(2026-09-26 番人。付け直した 160 セルが全部一致)。
90da2a1864b1e7dc,JP,index,建設工事費デフレーター（2020年度基準） 年度別,RC学校,RC学校,index (2020年度平均 = 100),national,JP,日本,,,,117.9,,index_value,published_pdl,,,FY2024,,mlit-deflator-nendo-260630,defnendo2020!BV84(見出しは右隣の系列。値はこの系列),https://www.mlit.go.jp/statistics/details/content/defnendo_260630.xlsx,PDL1.0,,2020年度基準(2020年度平均=100)。2026年4月分の公表から2020年度基準に改定(原本注)。ウエイト項目に営業余剰や間接税(消費税を含む)等を含めない(原本注)。原本の年度表示「2024年度（暫定）」。2023年度以降は建設投資のウエイトに2020〜2022年度の平均値を暫定的に使用(原本注)。原本では1列右の見出しの下にある値。月別シートのこの系列の12か月平均と一致(差 0.04、0.1 以内)を確かめて、この系列に付け直した(2026-09-26 番人。付け直した 160 セルが全部一致)。
c3521d48625fb0c9,JP,index,建設工事費デフレーター（2020年度基準） 年度別,RC事務所・その他,RC事務所・その他,index (2020年度平均 = 100),national,JP,日本,,,,118.1,,index_value,published_pdl,,,FY2024,,mlit-deflator-nendo-260630,defnendo2020!BW84(見出しは右隣の系列。値はこの系列),https://www.mlit.go.jp/statistics/details/content/defnendo_260630.xlsx,PDL1.0,,2020年度基準(2020年度平均=100)。2026年4月分の公表から2020年度基準に改定(原本注)。ウエイト項目に営業余剰や間接税(消費税を含む)等を含めない(原本注)。原本の年度表示「2024年度（暫定）」。2023年度以降は建設投資のウエイトに2020〜2022年度の平均値を暫定的に使用(原本注)。原本では1列右の見出しの下にある値。月別シートのこの系列の12か月平均と一致(差 0.01、0.1 以内)を確かめて、この系列に付け直した(2026-09-26 番人。付け直した 160 セルが全部一致)。
00ee0ca0577ffbe4,JP,index,建設工事費デフレーター（2020年度基準） 年度別,S工場・倉庫,S工場・倉庫,index (2020年度平均 = 100),national,JP,日本,,,,119.1,,index_value,published_pdl,,,FY2024,,mlit-deflator-nendo-260630,defnendo2020!BX84(見出しは右隣の系列。値はこの系列),https://www.mlit.go.jp/statistics/details/content/defnendo_260630.xlsx,PDL1.0,,2020年度基準(2020年度平均=100)。2026年4月分の公表から2020年度基準に改定(原本注)。ウエイト項目に営業余剰や間接税(消費税を含む)等を含めない(原本注)。原本の年度表示「2024年度（暫定）」。2023年度以降は建設投資のウエイトに2020〜2022年度の平均値を暫定的に使用(原本注)。原本では1列右の見出しの下にある値。月別シートのこの系列の12か月平均と一致(差 0.04、0.1 以内)を確かめて、この系列に付け直した(2026-09-26 番人。付け直した 160 セルが全部一致)。
fec85a74a8a8fe5e,JP,index,建設工事費デフレーター（2020年度基準） 年度別,S事務所・その他,S事務所・その他,index (2020年度平均 = 100),national,JP,日本,,,,,,index_value,not_set,,,FY2024,,mlit-deflator-nendo-260630,,https://www.mlit.go.jp/statistics/details/content/defnendo_260630.xlsx,PDL1.0,,2020年度基準(2020年度平均=100)。2026年4月分の公表から2020年度基準に改定(原本注)。ウエイト項目に営業余剰や間接税(消費税を含む)等を含めない(原本注)。原本の年度表示「2024年度（暫定）」。2023年度以降は建設投資のウエイトに2020〜2022年度の平均値を暫定的に使用(原本注)。原本の年度別では、列ずれのため、この系列のこの期間の値がどの列にも無い(2026-09-26 番人)。月別シートの値はある。
5175086999eb5db1,JP,index,建設工事費デフレーター（2020年度基準） 年度別,地方道路公社等,建設総合 > 土木総合 > 公共事業 > 土木1（除く災害復旧） > 道路総合 > 有料道路 > 地方道路公社等,index (2020年度平均 = 100),national,JP,日本,,,,120.6,,index_value,published_pdl,,,FY2025,,mlit-deflator-nendo-260630,defnendo2020!AS85(見出しは右隣の系列。値はこの系列),https://www.mlit.go.jp/statistics/details/content/defnendo_260630.xlsx,PDL1.0,,2020年度基準(2020年度平均=100)。2026年4月分の公表から2020年度基準に改定(原本注)。ウエイト項目に営業余剰や間接税(消費税を含む)等を含めない(原本注)。原本の年度表示「2025年度（暫定）」。2023年度以降は建設投資のウエイトに2020〜2022年度の平均値を暫定的に使用(原本注)。原本では1列右の見出しの下にある値。月別シートのこの系列の12か月平均と一致(差 0.03、0.1 以内)を確かめて、この系列に付け直した(2026-09-26 番人。付け直した 160 セルが全部一致)。
850911d5941ab580,JP,index,建設工事費デフレーター（2020年度基準） 年度別,道路2（再掲）,建設総合 > 土木総合 > 公共事業 > 土木1（除く災害復旧） > 道路2（再掲）,index (2020年度平均 = 100),national,JP,日本,,,,121.2,,index_value,published_pdl,,,FY2025,,mlit-deflator-nendo-260630,defnendo2020!AT85(見出しは右隣の系列。値はこの系列),https://www.mlit.go.jp/statistics/details/content/defnendo_260630.xlsx,PDL1.0,,2020年度基準(2020年度平均=100)。2026年4月分の公表から2020年度基準に改定(原本注)。ウエイト項目に営業余剰や間接税(消費税を含む)等を含めない(原本注)。原本の年度表示「2025年度（暫定）」。2023年度以降は建設投資のウエイトに2020〜2022年度の平均値を暫定的に使用(原本注)。原本では1列右の見出しの下にある値。月別シートのこの系列の12か月平均と一致(差 0.03、0.1 以内)を確かめて、この系列に付け直した(2026-09-26 番人。付け直した 160 セルが全部一致)。
d870097635d40329,JP,index,建設工事費デフレーター（2020年度基準） 年度別,街路2（再掲）,建設総合 > 土木総合 > 公共事業 > 土木1（除く災害復旧） > 街路2（再掲）,index (2020年度平均 = 100),national,JP,日本,,,,121.2,,index_value,published_pdl,,,FY2025,,mlit-deflator-nendo-260630,defnendo2020!AU85(見出しは右隣の系列。値はこの系列),https://www.mlit.go.jp/statistics/details/content/defnendo_260630.xlsx,PDL1.0,,2020年度基準(2020年度平均=100)。2026年4月分の公表から2020年度基準に改定(原本注)。ウエイト項目に営業余剰や間接税(消費税を含む)等を含めない(原本注)。原本の年度表示「2025年度（暫定）」。2023年度以降は建設投資のウエイトに2020〜2022年度の平均値を暫定的に使用(原本注)。原本では1列右の見出しの下にある値。月別シートのこの系列の12か月平均と一致(差 0.02、0.1 以内)を確かめて、この系列に付け直した(2026-09-26 番人。付け直した 160 セルが全部一致)。
d213e3ac0051fc09,JP,index,建設工事費デフレーター（2020年度基準） 年度別,公園,建設総合 > 土木総合 > 公共事業 > 土木1（除く災害復旧） > 公園,index (2020年度平均 = 100),national,JP,日本,,,,118.8,,index_value,published_pdl,,,FY2025,,mlit-deflator-nendo-260630,defnendo2020!AV85(見出しは右隣の系列。値はこの系列),https://www.mlit.go.jp/statistics/details/content/defnendo_260630.xlsx,PDL1.0,,2020年度基準(2020年度平均=100)。2026年4月分の公表から2020年度基準に改定(原本注)。ウエイト項目に営業余剰や間接税(消費税を含む)等を含めない(原本注)。原本の年度表示「2025年度（暫定）」。2023年度以降は建設投資のウエイトに2020〜2022年度の平均値を暫定的に使用(原本注)。原本では1列右の見出しの下にある値。月別シートのこの系列の12か月平均と一致(差 0.00、0.1 以内)を確かめて、この系列に付け直した(2026-09-26 番人。付け直した 160 セルが全部一致)。
36556ae839a1445e,JP,index,建設工事費デフレーター（2020年度基準） 年度別,下水道,建設総合 > 土木総合 > 公共事業 > 土木1（除く災害復旧） > 下水道,index (2020年度平均 = 100),national,JP,日本,,,,120.7,,index_value,published_pdl,,,FY2025,,mlit-deflator-nendo-260630,defnendo2020!AW85(見出しは右隣の系列。値はこの系列),https://www.mlit.go.jp/statistics/details/content/defnendo_260630.xlsx,PDL1.0,,2020年度基準(2020年度平均=100)。2026年4月分の公表から2020年度基準に改定(原本注)。ウエイト項目に営業余剰や間接税(消費税を含む)等を含めない(原本注)。原本の年度表示「2025年度（暫定）」。2023年度以降は建設投資のウエイトに2020〜2022年度の平均値を暫定的に使用(原本注)。原本では1列右の見出しの下にある値。月別シートのこの系列の12か月平均と一致(差 0.03、0.1 以内)を確かめて、この系列に付け直した(2026-09-26 番人。付け直した 160 セルが全部一致)。
9f0590847ba089bf,JP,index,建設工事費デフレーター（2020年度基準） 年度別,災害復旧,建設総合 > 土木総合 > 公共事業 > 土木1（除く災害復旧） > 災害復旧,index (2020年度平均 = 100),national,JP,日本,,,,121.7,,index_value,published_pdl,,,FY2025,,mlit-deflator-nendo-260630,defnendo2020!AX85(見出しは右隣の系列。値はこの系列),https://www.mlit.go.jp/statistics/details/content/defnendo_260630.xlsx,PDL1.0,,2020年度基準(2020年度平均=100)。2026年4月分の公表から2020年度基準に改定(原本注)。ウエイト項目に営業余剰や間接税(消費税を含む)等を含めない(原本注)。原本の年度表示「2025年度（暫定）」。2023年度以降は建設投資のウエイトに2020〜2022年度の平均値を暫定的に使用(原本注)。原本では1列右の見出しの下にある値。月別シートのこの系列の12か月平均と一致(差 0.04、0.1 以内)を確かめて、この系列に付け直した(2026-09-26 番人。付け直した 160 セルが全部一致)。
97482b03ae2c25f7,JP,index,建設工事費デフレーター（2020年度基準） 年度別,土木2,建設総合 > 土木総合 > 公共事業 > 土木2,index (2020年度平均 = 100),national,JP,日本,,,,120.6,,index_value,published_pdl,,,FY2025,,mlit-deflator-nendo-260630,defnendo2020!AY85(見出しは右隣の系列。値はこの系列),https://www.mlit.go.jp/statistics/details/content/defnendo_260630.xlsx,PDL1.0,,2020年度基準(2020年度平均=100)。2026年4月分の公表から2020年度基準に改定(原本注)。ウエイト項目に営業余剰や間接税(消費税を含む)等を含めない(原本注)。原本の年度表示「2025年度（暫定）」。2023年度以降は建設投資のウエイトに2020〜2022年度の平均値を暫定的に使用(原本注)。原本では1列右の見出しの下にある値。月別シートのこの系列の12か月平均と一致(差 0.05、0.1 以内)を確かめて、この系列に付け直した(2026-09-26 番人。付け直した 160 セルが全部一致)。
b28761e5de69ff17,JP,index,建設工事費デフレーター（2020年度基準） 年度別,港湾・漁港,建設総合 > 土木総合 > 公共事業 > 土木2 > 港湾・漁港,index (2020年度平均 = 100),national,JP,日本,,,,120.6,,index_value,published_pdl,,,FY2025,,mlit-deflator-nendo-260630,defnendo2020!AZ85(見出しは右隣の系列。値はこの系列),https://www.mlit.go.jp/statistics/details/content/defnendo_260630.xlsx,PDL1.0,,2020年度基準(2020年度平均=100)。2026年4月分の公表から2020年度基準に改定(原本注)。ウエイト項目に営業余剰や間接税(消費税を含む)等を含めない(原本注)。原本の年度表示「2025年度（暫定）」。2023年度以降は建設投資のウエイトに2020〜2022年度の平均値を暫定的に使用(原本注)。原本では1列右の見出しの下にある値。月別シートのこの系列の12か月平均と一致(差 0.02、0.1 以内)を確かめて、この系列に付け直した(2026-09-26 番人。付け直した 160 セルが全部一致)。
21be9a7a029f133a,JP,index,建設工事費デフレーター（2020年度基準） 年度別,空港,建設総合 > 土木総合 > 公共事業 > 土木2 > 空港,index (2020年度平均 = 100),national,JP,日本,,,,114.9,,index_value,published_pdl,,,FY2025,,mlit-deflator-nendo-260630,defnendo2020!BA85(見出しは右隣の系列。値はこの系列),https://www.mlit.go.jp/statistics/details/content/defnendo_260630.xlsx,PDL1.0,,2020年度基準(2020年度平均=100)。2026年4月分の公表から2020年度基準に改定(原本注)。ウエイト項目に営業余剰や間接税(消費税を含む)等を含めない(原本注)。原本の年度表示「2025年度（暫定）」。2023年度以降は建設投資のウエイトに2020〜2022年度の平均値を暫定的に使用(原本注)。原本では1列右の見出しの下にある値。月別シートのこの系列の12か月平均と一致(差 0.02、0.1 以内)を確かめて、この系列に付け直した(2026-09-26 番人。付け直した 160 セルが全部一致)。
f57d047945d51454,JP,index,建設工事費デフレーター（2020年度基準） 年度別,環境衛生,建設総合 > 土木総合 > 公共事業 > 土木2 > 環境衛生,index (2020年度平均 = 100),national,JP,日本,,,,120.6,,index_value,published_pdl,,,FY2025,,mlit-deflator-nendo-260630,defnendo2020!BB85(見出しは右隣の系列。値はこの系列),https://www.mlit.go.jp/statistics/details/content/defnendo_260630.xlsx,PDL1.0,,2020年度基準(2020年度平均=100)。2026年4月分の公表から2020年度基準に改定(原本注)。ウエイト項目に営業余剰や間接税(消費税を含む)等を含めない(原本注)。原本の年度表示「2025年度（暫定）」。2023年度以降は建設投資のウエイトに2020〜2022年度の平均値を暫定的に使用(原本注)。原本では1列右の見出しの下にある値。月別シートのこの系列の12か月平均と一致(差 0.01、0.1 以内)を確かめて、この系列に付け直した(2026-09-26 番人。付け直した 160 セルが全部一致)。
c060a2403b3aa6ac,JP,index,建設工事費デフレーター（2020年度基準） 年度別,農林関係公共事業,建設総合 > 土木総合 > 公共事業 > 土木2 > 農林関係公共事業,index (2020年度平均 = 100),national,JP,日本,,,,121.5,,index_value,published_pdl,,,FY2025,,mlit-deflator-nendo-260630,defnendo2020!BC85(見出しは右隣の系列。値はこの系列),https://www.mlit.go.jp/statistics/details/content/defnendo_260630.xlsx,PDL1.0,,2020年度基準(2020年度平均=100)。2026年4月分の公表から2020年度基準に改定(原本注)。ウエイト項目に営業余剰や間接税(消費税を含む)等を含めない(原本注)。原本の年度表示「2025年度（暫定）」。2023年度以降は建設投資のウエイトに2020〜2022年度の平均値を暫定的に使用(原本注)。原本では1列右の見出しの下にある値。月別シートのこの系列の12か月平均と一致(差 0.03、0.1 以内)を確かめて、この系列に付け直した(2026-09-26 番人。付け直した 160 セルが全部一致)。
057164bb69a8cc7f,JP,index,建設工事費デフレーター（2020年度基準） 年度別,その他土木,建設総合 > 土木総合 > その他土木 (原本の列 BC。同じ表頭の列が2つある),index (2020年度平均 = 100),national,JP,日本,,,,121.1,,index_value,published_pdl,,,FY2025,,mlit-deflator-nendo-260630,defnendo2020!BD85(見出しは右隣の系列。値はこの系列),https://www.mlit.go.jp/statistics/details/content/defnendo_260630.xlsx,PDL1.0,,2020年度基準(2020年度平均=100)。2026年4月分の公表から2020年度基準に改定(原本注)。ウエイト項目に営業余剰や間接税(消費税を含む)等を含めない(原本注)。原本の年度表示「2025年度（暫定）」。2023年度以降は建設投資のウエイトに2020〜2022年度の平均値を暫定的に使用(原本注)。原本では1列右の見出しの下にある値。月別シートのこの系列の12か月平均と一致(差 0.05、0.1 以内)を確かめて、この系列に付け直した(2026-09-26 番人。付け直した 160 セルが全部一致)。
6658b8c4e684d9fc,JP,index,建設工事費デフレーター（2020年度基準） 年度別,鉄道軌道,建設総合 > 土木総合 > その他土木 > 鉄道軌道,index (2020年度平均 = 100),national,JP,日本,,,,123.3,,index_value,published_pdl,,,FY2025,,mlit-deflator-nendo-260630,defnendo2020!BE85(見出しは右隣の系列。値はこの系列),https://www.mlit.go.jp/statistics/details/content/defnendo_260630.xlsx,PDL1.0,,2020年度基準(2020年度平均=100)。2026年4月分の公表から2020年度基準に改定(原本注)。ウエイト項目に営業余剰や間接税(消費税を含む)等を含めない(原本注)。原本の年度表示「2025年度（暫定）」。2023年度以降は建設投資のウエイトに2020〜2022年度の平均値を暫定的に使用(原本注)。原本では1列右の見出しの下にある値。月別シートのこの系列の12か月平均と一致(差 0.03、0.1 以内)を確かめて、この系列に付け直した(2026-09-26 番人。付け直した 160 セルが全部一致)。
d989e504d39a0a2c,JP,index,建設工事費デフレーター（2020年度基準） 年度別,電力,建設総合 > 土木総合 > その他土木 > 電力,index (2020年度平均 = 100),national,JP,日本,,,,122.8,,index_value,published_pdl,,,FY2025,,mlit-deflator-nendo-260630,defnendo2020!BF85(見出しは右隣の系列。値はこの系列),https://www.mlit.go.jp/statistics/details/content/defnendo_260630.xlsx,PDL1.0,,2020年度基準(2020年度平均=100)。2026年4月分の公表から2020年度基準に改定(原本注)。ウエイト項目に営業余剰や間接税(消費税を含む)等を含めない(原本注)。原本の年度表示「2025年度（暫定）」。2023年度以降は建設投資のウエイトに2020〜2022年度の平均値を暫定的に使用(原本注)。原本では1列右の見出しの下にある値。月別シートのこの系列の12か月平均と一致(差 0.03、0.1 以内)を確かめて、この系列に付け直した(2026-09-26 番人。付け直した 160 セルが全部一致)。
44ea457c8abba896,JP,index,建設工事費デフレーター（2020年度基準） 年度別,電気通信,建設総合 > 土木総合 > その他土木 > 電気通信,index (2020年度平均 = 100),national,JP,日本,,,,119.4,,index_value,published_pdl,,,FY2025,,mlit-deflator-nendo-260630,defnendo2020!BG85(見出しは右隣の系列。値はこの系列),https://www.mlit.go.jp/statistics/details/content/defnendo_260630.xlsx,PDL1.0,,2020年度基準(2020年度平均=100)。2026年4月分の公表から2020年度基準に改定(原本注)。ウエイト項目に営業余剰や間接税(消費税を含む)等を含めない(原本注)。原本の年度表示「2025年度（暫定）」。2023年度以降は建設投資のウエイトに2020〜2022年度の平均値を暫定的に使用(原本注)。原本では1列右の見出しの下にある値。月別シートのこの系列の12か月平均と一致(差 0.04、0.1 以内)を確かめて、この系列に付け直した(2026-09-26 番人。付け直した 160 セルが全部一致)。
99d843b23bfe8a6a,JP,index,建設工事費デフレーター（2020年度基準） 年度別,上・工業用水道,建設総合 > 土木総合 > その他土木 > 上・工業用水道,index (2020年度平均 = 100),national,JP,日本,,,,120.4,,index_value,published_pdl,,,FY2025,,mlit-deflator-nendo-260630,defnendo2020!BH85(見出しは右隣の系列。値はこの系列),https://www.mlit.go.jp/statistics/details/content/defnendo_260630.xlsx,PDL1.0,,2020年度基準(2020年度平均=100)。2026年4月分の公表から2020年度基準に改定(原本注)。ウエイト項目に営業余剰や間接税(消費税を含む)等を含めない(原本注)。原本の年度表示「2025年度（暫定）」。2023年度以降は建設投資のウエイトに2020〜2022年度の平均値を暫定的に使用(原本注)。原本では1列右の見出しの下にある値。月別シートのこの系列の12か月平均と一致(差 0.03、0.1 以内)を確かめて、この系列に付け直した(2026-09-26 番人。付け直した 160 セルが全部一致)。
99ec3646c6325bfd,JP,index,建設工事費デフレーター（2020年度基準） 年度別,土地造成,建設総合 > 土木総合 > その他土木 > 土地造成,index (2020年度平均 = 100),national,JP,日本,,,,119.4,,index_value,published_pdl,,,FY2025,,mlit-deflator-nendo-260630,defnendo2020!BI85(見出しは右隣の系列。値はこの系列),https://www.mlit.go.jp/statistics/details/content/defnendo_260630.xlsx,PDL1.0,,2020年度基準(2020年度平均=100)。2026年4月分の公表から2020年度基準に改定(原本注)。ウエイト項目に営業余剰や間接税(消費税を含む)等を含めない(原本注)。原本の年度表示「2025年度（暫定）」。2023年度以降は建設投資のウエイトに2020〜2022年度の平均値を暫定的に使用(原本注)。原本では1列右の見出しの下にある値。月別シートのこの系列の12か月平均と一致(差 0.03、0.1 以内)を確かめて、この系列に付け直した(2026-09-26 番人。付け直した 160 セルが全部一致)。
276816300cb27912,JP,index,建設工事費デフレーター（2020年度基準） 年度別,その他土木,建設総合 > 土木総合 > その他土木 (原本の列 BI。同じ表頭の列が2つある),index (2020年度平均 = 100),national,JP,日本,,,,119.7,,index_value,published_pdl,,,FY2025,,mlit-deflator-nendo-260630,defnendo2020!BJ85(見出しは右隣の系列。値はこの系列),https://www.mlit.go.jp/statistics/details/content/defnendo_260630.xlsx,PDL1.0,,2020年度基準(2020年度平均=100)。2026年4月分の公表から2020年度基準に改定(原本注)。ウエイト項目に営業余剰や間接税(消費税を含む)等を含めない(原本注)。原本の年度表示「2025年度（暫定）」。2023年度以降は建設投資のウエイトに2020〜2022年度の平均値を暫定的に使用(原本注)。原本では1列右の見出しの下にある値。月別シートのこの系列の12か月平均と一致(差 0.03、0.1 以内)を確かめて、この系列に付け直した(2026-09-26 番人。付け直した 160 セルが全部一致)。
e466326ae4867d87,JP,index,建設工事費デフレーター（2020年度基準） 年度別,W在来住宅,W在来住宅,index (2020年度平均 = 100),national,JP,日本,,,,122.3,,index_value,published_pdl,,,FY2025,,mlit-deflator-nendo-260630,defnendo2020!BK85(見出しは右隣の系列。値はこの系列),https://www.mlit.go.jp/statistics/details/content/defnendo_260630.xlsx,PDL1.0,,2020年度基準(2020年度平均=100)。2026年4月分の公表から2020年度基準に改定(原本注)。ウエイト項目に営業余剰や間接税(消費税を含む)等を含めない(原本注)。原本の年度表示「2025年度（暫定）」。2023年度以降は建設投資のウエイトに2020〜2022年度の平均値を暫定的に使用(原本注)。原本では1列右の見出しの下にある値。月別シートのこの系列の12か月平均と一致(差 0.02、0.1 以内)を確かめて、この系列に付け直した(2026-09-26 番人。付け直した 160 セルが全部一致)。
745ecdce5d8e3fa8,JP,index,建設工事費デフレーター（2020年度基準） 年度別,W量産住宅,W量産住宅,index (2020年度平均 = 100),national,JP,日本,,,,123.3,,index_value,published_pdl,,,FY2025,,mlit-deflator-nendo-260630,defnendo2020!BL85(見出しは右隣の系列。値はこの系列),https://www.mlit.go.jp/statistics/details/content/defnendo_260630.xlsx,PDL1.0,,2020年度基準(2020年度平均=100)。2026年4月分の公表から2020年度基準に改定(原本注)。ウエイト項目に営業余剰や間接税(消費税を含む)等を含めない(原本注)。原本の年度表示「2025年度（暫定）」。2023年度以降は建設投資のウエイトに2020〜2022年度の平均値を暫定的に使用(原本注)。原本では1列右の見出しの下にある値。月別シートのこの系列の12か月平均と一致(差 0.05、0.1 以内)を確かめて、この系列に付け直した(2026-09-26 番人。付け直した 160 セルが全部一致)。
78eec9bf520992bc,JP,index,建設工事費デフレーター（2020年度基準） 年度別,RC在来住宅,RC在来住宅,index (2020年度平均 = 100),national,JP,日本,,,,122.1,,index_value,published_pdl,,,FY2025,,mlit-deflator-nendo-260630,defnendo2020!BM85(見出しは右隣の系列。値はこの系列),https://www.mlit.go.jp/statistics/details/content/defnendo_260630.xlsx,PDL1.0,,2020年度基準(2020年度平均=100)。2026年4月分の公表から2020年度基準に改定(原本注)。ウエイト項目に営業余剰や間接税(消費税を含む)等を含めない(原本注)。原本の年度表示「2025年度（暫定）」。2023年度以降は建設投資のウエイトに2020〜2022年度の平均値を暫定的に使用(原本注)。原本では1列右の見出しの下にある値。月別シートのこの系列の12か月平均と一致(差 0.06、0.1 以内)を確かめて、この系列に付け直した(2026-09-26 番人。付け直した 160 セルが全部一致)。
1b39b310d21a0482,JP,index,建設工事費デフレーター（2020年度基準） 年度別,RC量産住宅,RC量産住宅,index (2020年度平均 = 100),national,JP,日本,,,,122.3,,index_value,published_pdl,,,FY2025,,mlit-deflator-nendo-260630,defnendo2020!BN85(見出しは右隣の系列。値はこの系列),https://www.mlit.go.jp/statistics/details/content/defnendo_260630.xlsx,PDL1.0,,2020年度基準(2020年度平均=100)。2026年4月分の公表から2020年度基準に改定(原本注)。ウエイト項目に営業余剰や間接税(消費税を含む)等を含めない(原本注)。原本の年度表示「2025年度（暫定）」。2023年度以降は建設投資のウエイトに2020〜2022年度の平均値を暫定的に使用(原本注)。原本では1列右の見出しの下にある値。月別シートのこの系列の12か月平均と一致(差 0.01、0.1 以内)を確かめて、この系列に付け直した(2026-09-26 番人。付け直した 160 セルが全部一致)。
8feaee6f634fd2e4,JP,index,建設工事費デフレーター（2020年度基準） 年度別,S在来住宅,S在来住宅,index (2020年度平均 = 100),national,JP,日本,,,,123.2,,index_value,published_pdl,,,FY2025,,mlit-deflator-nendo-260630,defnendo2020!BO85(見出しは右隣の系列。値はこの系列),https://www.mlit.go.jp/statistics/details/content/defnendo_260630.xlsx,PDL1.0,,2020年度基準(2020年度平均=100)。2026年4月分の公表から2020年度基準に改定(原本注)。ウエイト項目に営業余剰や間接税(消費税を含む)等を含めない(原本注)。原本の年度表示「2025年度（暫定）」。2023年度以降は建設投資のウエイトに2020〜2022年度の平均値を暫定的に使用(原本注)。原本では1列右の見出しの下にある値。月別シートのこの系列の12か月平均と一致(差 0.03、0.1 以内)を確かめて、この系列に付け直した(2026-09-26 番人。付け直した 160 セルが全部一致)。
6bd2517debce2484,JP,index,建設工事費デフレーター（2020年度基準） 年度別,S量産住宅,S量産住宅,index (2020年度平均 = 100),national,JP,日本,,,,124.8,,index_value,published_pdl,,,FY2025,,mlit-deflator-nendo-260630,defnendo2020!BP85(見出しは右隣の系列。値はこの系列),https://www.mlit.go.jp/statistics/details/content/defnendo_260630.xlsx,PDL1.0,,2020年度基準(2020年度平均=100)。2026年4月分の公表から2020年度基準に改定(原本注)。ウエイト項目に営業余剰や間接税(消費税を含む)等を含めない(原本注)。原本の年度表示「2025年度（暫定）」。2023年度以降は建設投資のウエイトに2020〜2022年度の平均値を暫定的に使用(原本注)。原本では1列右の見出しの下にある値。月別シートのこの系列の12か月平均と一致(差 0.03、0.1 以内)を確かめて、この系列に付け直した(2026-09-26 番人。付け直した 160 セルが全部一致)。
26b39d6d33d0bf14,JP,index,建設工事費デフレーター（2020年度基準） 年度別,W工場・倉庫,W工場・倉庫,index (2020年度平均 = 100),national,JP,日本,,,,121.7,,index_value,published_pdl,,,FY2025,,mlit-deflator-nendo-260630,defnendo2020!BQ85(見出しは右隣の系列。値はこの系列),https://www.mlit.go.jp/statistics/details/content/defnendo_260630.xlsx,PDL1.0,,2020年度基準(2020年度平均=100)。2026年4月分の公表から2020年度基準に改定(原本注)。ウエイト項目に営業余剰や間接税(消費税を含む)等を含めない(原本注)。原本の年度表示「2025年度（暫定）」。2023年度以降は建設投資のウエイトに2020〜2022年度の平均値を暫定的に使用(原本注)。原本では1列右の見出しの下にある値。月別シートのこの系列の12か月平均と一致(差 0.07、0.1 以内)を確かめて、この系列に付け直した(2026-09-26 番人。付け直した 160 セルが全部一致)。
5e7a2666b8a664bb,JP,index,建設工事費デフレーター（2020年度基準） 年度別,W事務所・その他,W事務所・その他,index (2020年度平均 = 100),national,JP,日本,,,,121.3,,index_value,published_pdl,,,FY2025,,mlit-deflator-nendo-260630,defnendo2020!BR85(見出しは右隣の系列。値はこの系列),https://www.mlit.go.jp/statistics/details/content/defnendo_260630.xlsx,PDL1.0,,2020年度基準(2020年度平均=100)。2026年4月分の公表から2020年度基準に改定(原本注)。ウエイト項目に営業余剰や間接税(消費税を含む)等を含めない(原本注)。原本の年度表示「2025年度（暫定）」。2023年度以降は建設投資のウエイトに2020〜2022年度の平均値を暫定的に使用(原本注)。原本では1列右の見出しの下にある値。月別シートのこの系列の12か月平均と一致(差 0.03、0.1 以内)を確かめて、この系列に付け直した(2026-09-26 番人。付け直した 160 セルが全部一致)。
f2aaa78d576d8d6b,JP,index,建設工事費デフレーター（2020年度基準） 年度別,SRC工場・倉庫,SRC工場・倉庫,index (2020年度平均 = 100),national,JP,日本,,,,122.1,,index_value,published_pdl,,,FY2025,,mlit-deflator-nendo-260630,defnendo2020!BS85(見出しは右隣の系列。値はこの系列),https://www.mlit.go.jp/statistics/details/content/defnendo_260630.xlsx,PDL1.0,,2020年度基準(2020年度平均=100)。2026年4月分の公表から2020年度基準に改定(原本注)。ウエイト項目に営業余剰や間接税(消費税を含む)等を含めない(原本注)。原本の年度表示「2025年度（暫定）」。2023年度以降は建設投資のウエイトに2020〜2022年度の平均値を暫定的に使用(原本注)。原本では1列右の見出しの下にある値。月別シートのこの系列の12か月平均と一致(差 0.03、0.1 以内)を確かめて、この系列に付け直した(2026-09-26 番人。付け直した 160 セルが全部一致)。
af543938bc671ff7,JP,index,建設工事費デフレーター（2020年度基準） 年度別,SRC事務所・その他,SRC事務所・その他,index (2020年度平均 = 100),national,JP,日本,,,,121,,index_value,published_pdl,,,FY2025,,mlit-deflator-nendo-260630,defnendo2020!BT85(見出しは右隣の系列。値はこの系列),https://www.mlit.go.jp/statistics/details/content/defnendo_260630.xlsx,PDL1.0,,2020年度基準(2020年度平均=100)。2026年4月分の公表から2020年度基準に改定(原本注)。ウエイト項目に営業余剰や間接税(消費税を含む)等を含めない(原本注)。原本の年度表示「2025年度（暫定）」。2023年度以降は建設投資のウエイトに2020〜2022年度の平均値を暫定的に使用(原本注)。原本では1列右の見出しの下にある値。月別シートのこの系列の12か月平均と一致(差 0.03、0.1 以内)を確かめて、この系列に付け直した(2026-09-26 番人。付け直した 160 セルが全部一致)。
df320f91fb7a5fd5,JP,index,建設工事費デフレーター（2020年度基準） 年度別,RC工場・倉庫,RC工場・倉庫,index (2020年度平均 = 100),national,JP,日本,,,,121.7,,index_value,published_pdl,,,FY2025,,mlit-deflator-nendo-260630,defnendo2020!BU85(見出しは右隣の系列。値はこの系列),https://www.mlit.go.jp/statistics/details/content/defnendo_260630.xlsx,PDL1.0,,2020年度基準(2020年度平均=100)。2026年4月分の公表から2020年度基準に改定(原本注)。ウエイト項目に営業余剰や間接税(消費税を含む)等を含めない(原本注)。原本の年度表示「2025年度（暫定）」。2023年度以降は建設投資のウエイトに2020〜2022年度の平均値を暫定的に使用(原本注)。原本では1列右の見出しの下にある値。月別シートのこの系列の12か月平均と一致(差 0.01、0.1 以内)を確かめて、この系列に付け直した(2026-09-26 番人。付け直した 160 セルが全部一致)。
3c2e84629d093ee5,JP,index,建設工事費デフレーター（2020年度基準） 年度別,RC学校,RC学校,index (2020年度平均 = 100),national,JP,日本,,,,121.1,,index_value,published_pdl,,,FY2025,,mlit-deflator-nendo-260630,defnendo2020!BV85(見出しは右隣の系列。値はこの系列),https://www.mlit.go.jp/statistics/details/content/defnendo_260630.xlsx,PDL1.0,,2020年度基準(2020年度平均=100)。2026年4月分の公表から2020年度基準に改定(原本注)。ウエイト項目に営業余剰や間接税(消費税を含む)等を含めない(原本注)。原本の年度表示「2025年度（暫定）」。2023年度以降は建設投資のウエイトに2020〜2022年度の平均値を暫定的に使用(原本注)。原本では1列右の見出しの下にある値。月別シートのこの系列の12か月平均と一致(差 0.03、0.1 以内)を確かめて、この系列に付け直した(2026-09-26 番人。付け直した 160 セルが全部一致)。
cbcb99cc64c4f075,JP,index,建設工事費デフレーター（2020年度基準） 年度別,RC事務所・その他,RC事務所・その他,index (2020年度平均 = 100),national,JP,日本,,,,121.3,,index_value,published_pdl,,,FY2025,,mlit-deflator-nendo-260630,defnendo2020!BW85(見出しは右隣の系列。値はこの系列),https://www.mlit.go.jp/statistics/details/content/defnendo_260630.xlsx,PDL1.0,,2020年度基準(2020年度平均=100)。2026年4月分の公表から2020年度基準に改定(原本注)。ウエイト項目に営業余剰や間接税(消費税を含む)等を含めない(原本注)。原本の年度表示「2025年度（暫定）」。2023年度以降は建設投資のウエイトに2020〜2022年度の平均値を暫定的に使用(原本注)。原本では1列右の見出しの下にある値。月別シートのこの系列の12か月平均と一致(差 0.04、0.1 以内)を確かめて、この系列に付け直した(2026-09-26 番人。付け直した 160 セルが全部一致)。
7d138d7576dafbe7,JP,index,建設工事費デフレーター（2020年度基準） 年度別,S工場・倉庫,S工場・倉庫,index (2020年度平均 = 100),national,JP,日本,,,,121.9,,index_value,published_pdl,,,FY2025,,mlit-deflator-nendo-260630,defnendo2020!BX85(見出しは右隣の系列。値はこの系列),https://www.mlit.go.jp/statistics/details/content/defnendo_260630.xlsx,PDL1.0,,2020年度基準(2020年度平均=100)。2026年4月分の公表から2020年度基準に改定(原本注)。ウエイト項目に営業余剰や間接税(消費税を含む)等を含めない(原本注)。原本の年度表示「2025年度（暫定）」。2023年度以降は建設投資のウエイトに2020〜2022年度の平均値を暫定的に使用(原本注)。原本では1列右の見出しの下にある値。月別シートのこの系列の12か月平均と一致(差 0.02、0.1 以内)を確かめて、この系列に付け直した(2026-09-26 番人。付け直した 160 セルが全部一致)。
c5589ed3be1b266a,JP,index,建設工事費デフレーター（2020年度基準） 年度別,S事務所・その他,S事務所・その他,index (2020年度平均 = 100),national,JP,日本,,,,,,index_value,not_set,,,FY2025,,mlit-deflator-nendo-260630,,https://www.mlit.go.jp/statistics/details/content/defnendo_260630.xlsx,PDL1.0,,2020年度基準(2020年度平均=100)。2026年4月分の公表から2020年度基準に改定(原本注)。ウエイト項目に営業余剰や間接税(消費税を含む)等を含めない(原本注)。原本の年度表示「2025年度（暫定）」。2023年度以降は建設投資のウエイトに2020〜2022年度の平均値を暫定的に使用(原本注)。原本の年度別では、列ずれのため、この系列のこの期間の値がどの列にも無い(2026-09-26 番人)。月別シートの値はある。
