obs_id,country,layer,category,item_name,spec,unit,geo_level,geo_code,geo_name,area_label,area_code,area_members,price,currency,price_basis,price_status,ref_value,ref_note,period,effective_from,source_id,source_page,evidence_url,license,jccdb_v4_item_id,note
5b042338b1e3669c,JP,material,特別調査（資材単価） 名古屋国道事務所 交通対策課,取付金具,ｱﾙﾐU型ﾊﾞﾝﾄﾞ(ﾎﾞﾙﾄ含む) φ101.6用,組,bureau_area,,,局管内,名国-交対-01#018,,1590,JPY,special_survey_price,published_pdl,,,2026-06,,cbr-tokuchou-shizai-r8-09-aichi,list_r8.09_shizai_名古屋国道.pdf p.1,https://www.cbr.mlit.go.jp/architecture/kensetsugijutsu/unit_price/zip/r08/list_r8.09_shizai_aichi.zip,PDL1.0,,中部地整の事務所が工事ごとに行った特別調査の報告価格(予定価格の積算に用いたもの。原本の頁の説明: 施工地域、時期、現場条件が異なる場合、単価が異なる場合がある)。調査依頼: 名古屋国道事務所 交通対策課 名国-交対-01 資材番号 018。調査区分: A①。材工区分: 材料費 現場持込。単価適用地域: 局管内。報告月: R8.6。消費税の扱いは原本に記載なし。geo_code は原本の県名欄(調査を依頼した事務所の県)
497488be9ee29966,JP,material,特別調査（資材単価） 名四国道事務所 工務課,堤体土,購入土(超大口数量),m3,pref,23,愛知県,当該工事に限る,名四-工-01#001,,4850,JPY,special_survey_price,published_pdl,,,2026-06,,cbr-tokuchou-shizai-r8-09-aichi,list_r8.09_shizai_名四国道.pdf p.1,https://www.cbr.mlit.go.jp/architecture/kensetsugijutsu/unit_price/zip/r08/list_r8.09_shizai_aichi.zip,PDL1.0,,中部地整の事務所が工事ごとに行った特別調査の報告価格(予定価格の積算に用いたもの。原本の頁の説明: 施工地域、時期、現場条件が異なる場合、単価が異なる場合がある)。調査依頼: 名四国道事務所 工務課 名四-工-01 資材番号 001。調査区分: C①。材工区分: 材料費 現場持込。単価適用地域: 当該工事に限る。報告月: R8.6。備考: 超大口単価。消費税の扱いは原本に記載なし。geo_code は原本の県名欄(調査を依頼した事務所の県)
4bfcdc08b1c76ef0,JP,material,特別調査（資材単価） 名四国道事務所 工務課,ﾌﾟﾚｷｬｽﾄU型側溝(PU1-400E),400×800×2000,個,pref,23,愛知県,豊川市,名四-工-01#002,,40400,JPY,special_survey_price,published_pdl,,,2026-06,,cbr-tokuchou-shizai-r8-09-aichi,list_r8.09_shizai_名四国道.pdf p.1,https://www.cbr.mlit.go.jp/architecture/kensetsugijutsu/unit_price/zip/r08/list_r8.09_shizai_aichi.zip,PDL1.0,,中部地整の事務所が工事ごとに行った特別調査の報告価格(予定価格の積算に用いたもの。原本の頁の説明: 施工地域、時期、現場条件が異なる場合、単価が異なる場合がある)。調査依頼: 名四国道事務所 工務課 名四-工-01 資材番号 002。調査区分: A①。材工区分: 材料費 現場持込。単価適用地域: 豊川市。報告月: R8.6。消費税の扱いは原本に記載なし。geo_code は原本の県名欄(調査を依頼した事務所の県)
a2883ef264d76ddb,JP,material,特別調査（資材単価） 名四国道事務所 工務課,ﾌﾟﾚｷｬｽﾄUF型水路(UF-500×800),500×800×2000,個,pref,23,愛知県,豊川市,名四-工-01#003,,49800,JPY,special_survey_price,published_pdl,,,2026-06,,cbr-tokuchou-shizai-r8-09-aichi,list_r8.09_shizai_名四国道.pdf p.1,https://www.cbr.mlit.go.jp/architecture/kensetsugijutsu/unit_price/zip/r08/list_r8.09_shizai_aichi.zip,PDL1.0,,中部地整の事務所が工事ごとに行った特別調査の報告価格(予定価格の積算に用いたもの。原本の頁の説明: 施工地域、時期、現場条件が異なる場合、単価が異なる場合がある)。調査依頼: 名四国道事務所 工務課 名四-工-01 資材番号 003。調査区分: 〃(上の行と同じ: A①)。材工区分: 材料費 現場持込。単価適用地域: 豊川市。報告月: R8.6。消費税の扱いは原本に記載なし。geo_code は原本の県名欄(調査を依頼した事務所の県)
0dc4a0aa2cae6d72,JP,material,特別調査（資材単価） 名四国道事務所 工務課,歩車道境界ﾌﾞﾛｯｸ,180/190×150×600,個,pref,23,愛知県,事務所管内,名四-工-01#004,,1470,JPY,special_survey_price,published_pdl,,,2026-06,,cbr-tokuchou-shizai-r8-09-aichi,list_r8.09_shizai_名四国道.pdf p.1,https://www.cbr.mlit.go.jp/architecture/kensetsugijutsu/unit_price/zip/r08/list_r8.09_shizai_aichi.zip,PDL1.0,,中部地整の事務所が工事ごとに行った特別調査の報告価格(予定価格の積算に用いたもの。原本の頁の説明: 施工地域、時期、現場条件が異なる場合、単価が異なる場合がある)。調査依頼: 名四国道事務所 工務課 名四-工-01 資材番号 004。調査区分: A①。材工区分: 材料費 現場持込。単価適用地域: 事務所管内。報告月: R8.6。消費税の扱いは原本に記載なし。geo_code は原本の県名欄(調査を依頼した事務所の県)
95a825ba7fd95e5e,JP,material,特別調査（資材単価） 名四国道事務所 工務課,管渠型側溝,D300A形,個,pref,23,愛知県,豊川市,名四-工-01#005,,23900,JPY,special_survey_price,published_pdl,,,2026-06,,cbr-tokuchou-shizai-r8-09-aichi,list_r8.09_shizai_名四国道.pdf p.1,https://www.cbr.mlit.go.jp/architecture/kensetsugijutsu/unit_price/zip/r08/list_r8.09_shizai_aichi.zip,PDL1.0,,中部地整の事務所が工事ごとに行った特別調査の報告価格(予定価格の積算に用いたもの。原本の頁の説明: 施工地域、時期、現場条件が異なる場合、単価が異なる場合がある)。調査依頼: 名四国道事務所 工務課 名四-工-01 資材番号 005。調査区分: A①。材工区分: 材料費 現場持込。単価適用地域: 豊川市。報告月: R8.6。消費税の扱いは原本に記載なし。geo_code は原本の県名欄(調査を依頼した事務所の県)
17782aa51433a34d,JP,material,特別調査（資材単価） 名四国道事務所 工務課,自由勾配側溝,400× 900×2000,個,pref,23,愛知県,豊川市,名四-工-01#006,,34600,JPY,special_survey_price,published_pdl,,,2026-06,,cbr-tokuchou-shizai-r8-09-aichi,list_r8.09_shizai_名四国道.pdf p.1,https://www.cbr.mlit.go.jp/architecture/kensetsugijutsu/unit_price/zip/r08/list_r8.09_shizai_aichi.zip,PDL1.0,,中部地整の事務所が工事ごとに行った特別調査の報告価格(予定価格の積算に用いたもの。原本の頁の説明: 施工地域、時期、現場条件が異なる場合、単価が異なる場合がある)。調査依頼: 名四国道事務所 工務課 名四-工-01 資材番号 006。調査区分: A①。材工区分: 材料費 現場持込。単価適用地域: 豊川市。報告月: R8.6。消費税の扱いは原本に記載なし。geo_code は原本の県名欄(調査を依頼した事務所の県)
ed9957b850cd392b,JP,material,特別調査（資材単価） 名四国道事務所 工務課,自由勾配側溝,400× 900×1500,個,pref,23,愛知県,豊川市,名四-工-01#007,,53800,JPY,special_survey_price,published_pdl,,,2026-06,,cbr-tokuchou-shizai-r8-09-aichi,list_r8.09_shizai_名四国道.pdf p.1,https://www.cbr.mlit.go.jp/architecture/kensetsugijutsu/unit_price/zip/r08/list_r8.09_shizai_aichi.zip,PDL1.0,,中部地整の事務所が工事ごとに行った特別調査の報告価格(予定価格の積算に用いたもの。原本の頁の説明: 施工地域、時期、現場条件が異なる場合、単価が異なる場合がある)。調査依頼: 名四国道事務所 工務課 名四-工-01 資材番号 007。調査区分: 〃(上の行と同じ: A①)。材工区分: 材料費 現場持込。単価適用地域: 豊川市。報告月: R8.6。消費税の扱いは原本に記載なし。geo_code は原本の県名欄(調査を依頼した事務所の県)
e3794d4f60842a84,JP,material,特別調査（資材単価） 名四国道事務所 工務課,自由勾配側溝,400× 900×1640/1614,個,pref,23,愛知県,豊川市,名四-工-01#008,,62100,JPY,special_survey_price,published_pdl,,,2026-06,,cbr-tokuchou-shizai-r8-09-aichi,list_r8.09_shizai_名四国道.pdf p.1,https://www.cbr.mlit.go.jp/architecture/kensetsugijutsu/unit_price/zip/r08/list_r8.09_shizai_aichi.zip,PDL1.0,,中部地整の事務所が工事ごとに行った特別調査の報告価格(予定価格の積算に用いたもの。原本の頁の説明: 施工地域、時期、現場条件が異なる場合、単価が異なる場合がある)。調査依頼: 名四国道事務所 工務課 名四-工-01 資材番号 008。調査区分: 〃(上の行と同じ: A①)。材工区分: 材料費 現場持込。単価適用地域: 豊川市。報告月: R8.6。消費税の扱いは原本に記載なし。geo_code は原本の県名欄(調査を依頼した事務所の県)
5f7c1c0bc5ca098c,JP,material,特別調査（資材単価） 名四国道事務所 工務課,自由勾配側溝,400× 900×1505/1543,個,pref,23,愛知県,豊川市,名四-工-01#009,,62100,JPY,special_survey_price,published_pdl,,,2026-06,,cbr-tokuchou-shizai-r8-09-aichi,list_r8.09_shizai_名四国道.pdf p.1,https://www.cbr.mlit.go.jp/architecture/kensetsugijutsu/unit_price/zip/r08/list_r8.09_shizai_aichi.zip,PDL1.0,,中部地整の事務所が工事ごとに行った特別調査の報告価格(予定価格の積算に用いたもの。原本の頁の説明: 施工地域、時期、現場条件が異なる場合、単価が異なる場合がある)。調査依頼: 名四国道事務所 工務課 名四-工-01 資材番号 009。調査区分: 〃(上の行と同じ: A①)。材工区分: 材料費 現場持込。単価適用地域: 豊川市。報告月: R8.6。消費税の扱いは原本に記載なし。geo_code は原本の県名欄(調査を依頼した事務所の県)
59c45cd4ae90ae9f,JP,material,特別調査（資材単価） 名四国道事務所 工務課,側溝蓋(KQ-B400),ｸﾞﾚｰﾁﾝｸﾞ自由勾配側溝400用(歩道用) 細目,枚,pref,23,愛知県,事務所管内,名四-工-01#010,,21300,JPY,special_survey_price,published_pdl,,,2026-06,,cbr-tokuchou-shizai-r8-09-aichi,list_r8.09_shizai_名四国道.pdf p.1,https://www.cbr.mlit.go.jp/architecture/kensetsugijutsu/unit_price/zip/r08/list_r8.09_shizai_aichi.zip,PDL1.0,,中部地整の事務所が工事ごとに行った特別調査の報告価格(予定価格の積算に用いたもの。原本の頁の説明: 施工地域、時期、現場条件が異なる場合、単価が異なる場合がある)。調査依頼: 名四国道事務所 工務課 名四-工-01 資材番号 010。調査区分: A①。材工区分: 材料費 現場持込。単価適用地域: 事務所管内。報告月: R8.6。消費税の扱いは原本に記載なし。geo_code は原本の県名欄(調査を依頼した事務所の県)
041ed28face0ccbe,JP,material,特別調査（資材単価） 名四国道事務所 工務課,街渠桝D300 H形(H=750),T25ｸﾞﾚｰﾁﾝｸﾞ含む,個,pref,23,愛知県,豊川市,名四-工-01#011,,45300,JPY,special_survey_price,published_pdl,,,2026-06,,cbr-tokuchou-shizai-r8-09-aichi,list_r8.09_shizai_名四国道.pdf p.1,https://www.cbr.mlit.go.jp/architecture/kensetsugijutsu/unit_price/zip/r08/list_r8.09_shizai_aichi.zip,PDL1.0,,中部地整の事務所が工事ごとに行った特別調査の報告価格(予定価格の積算に用いたもの。原本の頁の説明: 施工地域、時期、現場条件が異なる場合、単価が異なる場合がある)。調査依頼: 名四国道事務所 工務課 名四-工-01 資材番号 011。調査区分: A①。材工区分: 材料費 現場持込。単価適用地域: 豊川市。報告月: R8.6。消費税の扱いは原本に記載なし。geo_code は原本の県名欄(調査を依頼した事務所の県)
e1b2ff555e74be68,JP,material,特別調査（資材単価） 名四国道事務所 工務課,街渠桝D300 SW26形(H=750),T25ｸﾞﾚｰﾁﾝｸﾞ含む,個,pref,23,愛知県,豊川市,名四-工-01#012,,45300,JPY,special_survey_price,published_pdl,,,2026-06,,cbr-tokuchou-shizai-r8-09-aichi,list_r8.09_shizai_名四国道.pdf p.1,https://www.cbr.mlit.go.jp/architecture/kensetsugijutsu/unit_price/zip/r08/list_r8.09_shizai_aichi.zip,PDL1.0,,中部地整の事務所が工事ごとに行った特別調査の報告価格(予定価格の積算に用いたもの。原本の頁の説明: 施工地域、時期、現場条件が異なる場合、単価が異なる場合がある)。調査依頼: 名四国道事務所 工務課 名四-工-01 資材番号 012。調査区分: 〃(上の行と同じ: A①)。材工区分: 材料費 現場持込。単価適用地域: 豊川市。報告月: R8.6。消費税の扱いは原本に記載なし。geo_code は原本の県名欄(調査を依頼した事務所の県)
470501b6e947d19d,JP,material,特別調査（資材単価） 名四国道事務所 工務課,街渠桝D300 H6L301形(H=1000),T25ｸﾞﾚｰﾁﾝｸﾞ含む,個,pref,23,愛知県,豊川市,名四-工-01#013,,112000,JPY,special_survey_price,published_pdl,,,2026-06,,cbr-tokuchou-shizai-r8-09-aichi,list_r8.09_shizai_名四国道.pdf p.1,https://www.cbr.mlit.go.jp/architecture/kensetsugijutsu/unit_price/zip/r08/list_r8.09_shizai_aichi.zip,PDL1.0,,中部地整の事務所が工事ごとに行った特別調査の報告価格(予定価格の積算に用いたもの。原本の頁の説明: 施工地域、時期、現場条件が異なる場合、単価が異なる場合がある)。調査依頼: 名四国道事務所 工務課 名四-工-01 資材番号 013。調査区分: 〃(上の行と同じ: A①)。材工区分: 材料費 現場持込。単価適用地域: 豊川市。報告月: R8.6。消費税の扱いは原本に記載なし。geo_code は原本の県名欄(調査を依頼した事務所の県)
c8140c17db6d10d3,JP,material,特別調査（資材単価） 名四国道事務所 工務課,街渠桝D300 H6L302形(H=1250),T25ｸﾞﾚｰﾁﾝｸﾞ含む,個,pref,23,愛知県,豊川市,名四-工-01#014,,133000,JPY,special_survey_price,published_pdl,,,2026-06,,cbr-tokuchou-shizai-r8-09-aichi,list_r8.09_shizai_名四国道.pdf p.1,https://www.cbr.mlit.go.jp/architecture/kensetsugijutsu/unit_price/zip/r08/list_r8.09_shizai_aichi.zip,PDL1.0,,中部地整の事務所が工事ごとに行った特別調査の報告価格(予定価格の積算に用いたもの。原本の頁の説明: 施工地域、時期、現場条件が異なる場合、単価が異なる場合がある)。調査依頼: 名四国道事務所 工務課 名四-工-01 資材番号 014。調査区分: 〃(上の行と同じ: A①)。材工区分: 材料費 現場持込。単価適用地域: 豊川市。報告月: R8.6。消費税の扱いは原本に記載なし。geo_code は原本の県名欄(調査を依頼した事務所の県)
0623344e65c8b7ea,JP,material,特別調査（資材単価） 名四国道事務所 工務課,街渠桝D300 HW6L301形(H=1000),T25ｸﾞﾚｰﾁﾝｸﾞ含む,個,pref,23,愛知県,豊川市,名四-工-01#015,,103000,JPY,special_survey_price,published_pdl,,,2026-06,,cbr-tokuchou-shizai-r8-09-aichi,list_r8.09_shizai_名四国道.pdf p.1,https://www.cbr.mlit.go.jp/architecture/kensetsugijutsu/unit_price/zip/r08/list_r8.09_shizai_aichi.zip,PDL1.0,,中部地整の事務所が工事ごとに行った特別調査の報告価格(予定価格の積算に用いたもの。原本の頁の説明: 施工地域、時期、現場条件が異なる場合、単価が異なる場合がある)。調査依頼: 名四国道事務所 工務課 名四-工-01 資材番号 015。調査区分: 〃(上の行と同じ: A①)。材工区分: 材料費 現場持込。単価適用地域: 豊川市。報告月: R8.6。消費税の扱いは原本に記載なし。geo_code は原本の県名欄(調査を依頼した事務所の県)
ed3152709de58cfe,JP,material,特別調査（資材単価） 名四国道事務所 工務課,街渠桝D300 HW6L302形(H=1250),T25ｸﾞﾚｰﾁﾝｸﾞ含む,個,pref,23,愛知県,豊川市,名四-工-01#016,,123000,JPY,special_survey_price,published_pdl,,,2026-06,,cbr-tokuchou-shizai-r8-09-aichi,list_r8.09_shizai_名四国道.pdf p.2,https://www.cbr.mlit.go.jp/architecture/kensetsugijutsu/unit_price/zip/r08/list_r8.09_shizai_aichi.zip,PDL1.0,,中部地整の事務所が工事ごとに行った特別調査の報告価格(予定価格の積算に用いたもの。原本の頁の説明: 施工地域、時期、現場条件が異なる場合、単価が異なる場合がある)。調査依頼: 名四国道事務所 工務課 名四-工-01 資材番号 016。調査区分: 〃(上の行と同じ: A①)。材工区分: 材料費 現場持込。単価適用地域: 豊川市。報告月: R8.6。消費税の扱いは原本に記載なし。geo_code は原本の県名欄(調査を依頼した事務所の県)
777451cca6f0a1d2,JP,material,特別調査（資材単価） 名四国道事務所 工務課,門扉,H=1800 W=3000,基,bureau_area,,,局管内,名四-工-01#017,,125000,JPY,special_survey_price,published_pdl,,,2026-06,,cbr-tokuchou-shizai-r8-09-aichi,list_r8.09_shizai_名四国道.pdf p.2,https://www.cbr.mlit.go.jp/architecture/kensetsugijutsu/unit_price/zip/r08/list_r8.09_shizai_aichi.zip,PDL1.0,,中部地整の事務所が工事ごとに行った特別調査の報告価格(予定価格の積算に用いたもの。原本の頁の説明: 施工地域、時期、現場条件が異なる場合、単価が異なる場合がある)。調査依頼: 名四国道事務所 工務課 名四-工-01 資材番号 017。調査区分: A①。材工区分: 材料費 現場持込。単価適用地域: 局管内。報告月: R8.6。消費税の扱いは原本に記載なし。geo_code は原本の県名欄(調査を依頼した事務所の県)
d5f4fbb05d693d64,JP,material,特別調査（資材単価） 名四国道事務所 工務課,排水管(直管),SGP 200A L=1751 ﾌﾗﾝｼﾞ付,本,bureau_area,,,局管内,名四-工-01#018,,65800,JPY,special_survey_price,published_pdl,,,2026-06,,cbr-tokuchou-shizai-r8-09-aichi,list_r8.09_shizai_名四国道.pdf p.2,https://www.cbr.mlit.go.jp/architecture/kensetsugijutsu/unit_price/zip/r08/list_r8.09_shizai_aichi.zip,PDL1.0,,中部地整の事務所が工事ごとに行った特別調査の報告価格(予定価格の積算に用いたもの。原本の頁の説明: 施工地域、時期、現場条件が異なる場合、単価が異なる場合がある)。調査依頼: 名四国道事務所 工務課 名四-工-01 資材番号 018。調査区分: A①。材工区分: 材料費 現場持込。単価適用地域: 局管内。報告月: R8.6。消費税の扱いは原本に記載なし。geo_code は原本の県名欄(調査を依頼した事務所の県)
5ad98a85d711a532,JP,material,特別調査（資材単価） 名四国道事務所 工務課,排水管(直管),SGP 200A L=1797 ﾌﾗﾝｼﾞ付,本,bureau_area,,,局管内,名四-工-01#019,,67300,JPY,special_survey_price,published_pdl,,,2026-06,,cbr-tokuchou-shizai-r8-09-aichi,list_r8.09_shizai_名四国道.pdf p.2,https://www.cbr.mlit.go.jp/architecture/kensetsugijutsu/unit_price/zip/r08/list_r8.09_shizai_aichi.zip,PDL1.0,,中部地整の事務所が工事ごとに行った特別調査の報告価格(予定価格の積算に用いたもの。原本の頁の説明: 施工地域、時期、現場条件が異なる場合、単価が異なる場合がある)。調査依頼: 名四国道事務所 工務課 名四-工-01 資材番号 019。調査区分: 〃(上の行と同じ: A①)。材工区分: 材料費 現場持込。単価適用地域: 局管内。報告月: R8.6。消費税の扱いは原本に記載なし。geo_code は原本の県名欄(調査を依頼した事務所の県)
501b0ed834da6a4a,JP,material,特別調査（資材単価） 名四国道事務所 工務課,排水管(直管),SGP 200A L=4558 ﾌﾗﾝｼﾞ付,本,bureau_area,,,局管内,名四-工-01#020,,160000,JPY,special_survey_price,published_pdl,,,2026-06,,cbr-tokuchou-shizai-r8-09-aichi,list_r8.09_shizai_名四国道.pdf p.2,https://www.cbr.mlit.go.jp/architecture/kensetsugijutsu/unit_price/zip/r08/list_r8.09_shizai_aichi.zip,PDL1.0,,中部地整の事務所が工事ごとに行った特別調査の報告価格(予定価格の積算に用いたもの。原本の頁の説明: 施工地域、時期、現場条件が異なる場合、単価が異なる場合がある)。調査依頼: 名四国道事務所 工務課 名四-工-01 資材番号 020。調査区分: 〃(上の行と同じ: A①)。材工区分: 材料費 現場持込。単価適用地域: 局管内。報告月: R8.6。消費税の扱いは原本に記載なし。geo_code は原本の県名欄(調査を依頼した事務所の県)
6471e48abc8018c7,JP,material,特別調査（資材単価） 名四国道事務所 工務課,排水管(直管),SGP 200A L=2239 ﾌﾗﾝｼﾞ付,本,bureau_area,,,局管内,名四-工-01#021,,82200,JPY,special_survey_price,published_pdl,,,2026-06,,cbr-tokuchou-shizai-r8-09-aichi,list_r8.09_shizai_名四国道.pdf p.2,https://www.cbr.mlit.go.jp/architecture/kensetsugijutsu/unit_price/zip/r08/list_r8.09_shizai_aichi.zip,PDL1.0,,中部地整の事務所が工事ごとに行った特別調査の報告価格(予定価格の積算に用いたもの。原本の頁の説明: 施工地域、時期、現場条件が異なる場合、単価が異なる場合がある)。調査依頼: 名四国道事務所 工務課 名四-工-01 資材番号 021。調査区分: 〃(上の行と同じ: A①)。材工区分: 材料費 現場持込。単価適用地域: 局管内。報告月: R8.6。消費税の扱いは原本に記載なし。geo_code は原本の県名欄(調査を依頼した事務所の県)
47066adbb56898e5,JP,material,特別調査（資材単価） 名四国道事務所 工務課,排水管(直管),SGP 200A L=2493 ﾌﾗﾝｼﾞ付,本,bureau_area,,,局管内,名四-工-01#022,,90700,JPY,special_survey_price,published_pdl,,,2026-06,,cbr-tokuchou-shizai-r8-09-aichi,list_r8.09_shizai_名四国道.pdf p.2,https://www.cbr.mlit.go.jp/architecture/kensetsugijutsu/unit_price/zip/r08/list_r8.09_shizai_aichi.zip,PDL1.0,,中部地整の事務所が工事ごとに行った特別調査の報告価格(予定価格の積算に用いたもの。原本の頁の説明: 施工地域、時期、現場条件が異なる場合、単価が異なる場合がある)。調査依頼: 名四国道事務所 工務課 名四-工-01 資材番号 022。調査区分: 〃(上の行と同じ: A①)。材工区分: 材料費 現場持込。単価適用地域: 局管内。報告月: R8.6。消費税の扱いは原本に記載なし。geo_code は原本の県名欄(調査を依頼した事務所の県)
a7e299502fa00b95,JP,material,特別調査（資材単価） 名四国道事務所 工務課,排水管(直管),SGP 200A L=1650 ﾌﾗﾝｼﾞ付,本,bureau_area,,,局管内,名四-工-01#023,,62400,JPY,special_survey_price,published_pdl,,,2026-06,,cbr-tokuchou-shizai-r8-09-aichi,list_r8.09_shizai_名四国道.pdf p.2,https://www.cbr.mlit.go.jp/architecture/kensetsugijutsu/unit_price/zip/r08/list_r8.09_shizai_aichi.zip,PDL1.0,,中部地整の事務所が工事ごとに行った特別調査の報告価格(予定価格の積算に用いたもの。原本の頁の説明: 施工地域、時期、現場条件が異なる場合、単価が異なる場合がある)。調査依頼: 名四国道事務所 工務課 名四-工-01 資材番号 023。調査区分: 〃(上の行と同じ: A①)。材工区分: 材料費 現場持込。単価適用地域: 局管内。報告月: R8.6。消費税の扱いは原本に記載なし。geo_code は原本の県名欄(調査を依頼した事務所の県)
ad1c41420fbdfd83,JP,material,特別調査（資材単価） 名四国道事務所 工務課,排水管(直管),SGP 200A L=3678 ﾌﾗﾝｼﾞ付,本,bureau_area,,,局管内,名四-工-01#024,,130000,JPY,special_survey_price,published_pdl,,,2026-06,,cbr-tokuchou-shizai-r8-09-aichi,list_r8.09_shizai_名四国道.pdf p.2,https://www.cbr.mlit.go.jp/architecture/kensetsugijutsu/unit_price/zip/r08/list_r8.09_shizai_aichi.zip,PDL1.0,,中部地整の事務所が工事ごとに行った特別調査の報告価格(予定価格の積算に用いたもの。原本の頁の説明: 施工地域、時期、現場条件が異なる場合、単価が異なる場合がある)。調査依頼: 名四国道事務所 工務課 名四-工-01 資材番号 024。調査区分: 〃(上の行と同じ: A①)。材工区分: 材料費 現場持込。単価適用地域: 局管内。報告月: R8.6。消費税の扱いは原本に記載なし。geo_code は原本の県名欄(調査を依頼した事務所の県)
83ab46fc279da4e3,JP,material,特別調査（資材単価） 名四国道事務所 工務課,排水管(曲管),SGP 200A L=3616ﾌﾗﾝｼﾞ付,本,bureau_area,,,局管内,名四-工-01#025,,178000,JPY,special_survey_price,published_pdl,,,2026-06,,cbr-tokuchou-shizai-r8-09-aichi,list_r8.09_shizai_名四国道.pdf p.2,https://www.cbr.mlit.go.jp/architecture/kensetsugijutsu/unit_price/zip/r08/list_r8.09_shizai_aichi.zip,PDL1.0,,中部地整の事務所が工事ごとに行った特別調査の報告価格(予定価格の積算に用いたもの。原本の頁の説明: 施工地域、時期、現場条件が異なる場合、単価が異なる場合がある)。調査依頼: 名四国道事務所 工務課 名四-工-01 資材番号 025。調査区分: A①。材工区分: 材料費 現場持込。単価適用地域: 局管内。報告月: R8.6。消費税の扱いは原本に記載なし。geo_code は原本の県名欄(調査を依頼した事務所の県)
fc31d743bd634c6e,JP,material,特別調査（資材単価） 名四国道事務所 工務課,ｺﾞﾑﾊﾟｯｷﾝ,200A用ｸﾛﾛﾌﾟﾚﾝｺﾞﾑ,枚,bureau_area,,,局管内,名四-工-01#026,,1120,JPY,special_survey_price,published_pdl,,,2026-06,,cbr-tokuchou-shizai-r8-09-aichi,list_r8.09_shizai_名四国道.pdf p.2,https://www.cbr.mlit.go.jp/architecture/kensetsugijutsu/unit_price/zip/r08/list_r8.09_shizai_aichi.zip,PDL1.0,,中部地整の事務所が工事ごとに行った特別調査の報告価格(予定価格の積算に用いたもの。原本の頁の説明: 施工地域、時期、現場条件が異なる場合、単価が異なる場合がある)。調査依頼: 名四国道事務所 工務課 名四-工-01 資材番号 026。調査区分: A①。材工区分: 材料費 現場持込。単価適用地域: 局管内。報告月: R8.6。消費税の扱いは原本に記載なし。geo_code は原本の県名欄(調査を依頼した事務所の県)
2c7ba451f05a0021,JP,material,特別調査（資材単価） 名四国道事務所 工務課,ｺﾝｸﾘｰﾄｱﾝｶｰ,M12×100 溶接亜鉛ﾒｯｷ,本,bureau_area,,,局管内,名四-工-01#027,,227,JPY,special_survey_price,published_pdl,,,2026-06,,cbr-tokuchou-shizai-r8-09-aichi,list_r8.09_shizai_名四国道.pdf p.2,https://www.cbr.mlit.go.jp/architecture/kensetsugijutsu/unit_price/zip/r08/list_r8.09_shizai_aichi.zip,PDL1.0,,中部地整の事務所が工事ごとに行った特別調査の報告価格(予定価格の積算に用いたもの。原本の頁の説明: 施工地域、時期、現場条件が異なる場合、単価が異なる場合がある)。調査依頼: 名四国道事務所 工務課 名四-工-01 資材番号 027。調査区分: A①。材工区分: 材料費 現場持込。単価適用地域: 局管内。報告月: R8.6。消費税の扱いは原本に記載なし。geo_code は原本の県名欄(調査を依頼した事務所の県)
d59984baa99e5647,JP,material,特別調査（資材単価） 名四国道事務所 工務課,ﾍﾞﾝﾁﾌﾘｭｰﾑ,BF2-300,個,pref,23,愛知県,蒲郡市,名四-工-05#001,,8200,JPY,special_survey_price,published_pdl,,,2026-06,,cbr-tokuchou-shizai-r8-09-aichi,list_r8.09_shizai_名四国道.pdf p.2,https://www.cbr.mlit.go.jp/architecture/kensetsugijutsu/unit_price/zip/r08/list_r8.09_shizai_aichi.zip,PDL1.0,,中部地整の事務所が工事ごとに行った特別調査の報告価格(予定価格の積算に用いたもの。原本の頁の説明: 施工地域、時期、現場条件が異なる場合、単価が異なる場合がある)。調査依頼: 名四国道事務所 工務課 名四-工-05 資材番号 001。調査区分: A①。材工区分: 材料費 現場持込。単価適用地域: 蒲郡市。報告月: R8.6。消費税の扱いは原本に記載なし。geo_code は原本の県名欄(調査を依頼した事務所の県)
cede9eaa057dea9e,JP,material,特別調査（資材単価） 名四国道事務所 工務課,油水分離槽,4号(蓋含む),基,pref,23,愛知県,蒲郡市,名四-工-05#002,,964000,JPY,special_survey_price,published_pdl,,,2026-06,,cbr-tokuchou-shizai-r8-09-aichi,list_r8.09_shizai_名四国道.pdf p.2,https://www.cbr.mlit.go.jp/architecture/kensetsugijutsu/unit_price/zip/r08/list_r8.09_shizai_aichi.zip,PDL1.0,,中部地整の事務所が工事ごとに行った特別調査の報告価格(予定価格の積算に用いたもの。原本の頁の説明: 施工地域、時期、現場条件が異なる場合、単価が異なる場合がある)。調査依頼: 名四国道事務所 工務課 名四-工-05 資材番号 002。調査区分: A①。材工区分: 材料費 現場持込。単価適用地域: 蒲郡市。報告月: R8.6。消費税の扱いは原本に記載なし。geo_code は原本の県名欄(調査を依頼した事務所の県)
38e4b3fc3cbf216f,JP,material,特別調査（資材単価） 名四国道事務所 工務課,油水分離槽,5号(蓋含む),基,pref,23,愛知県,蒲郡市,名四-工-05#003,,964000,JPY,special_survey_price,published_pdl,,,2026-06,,cbr-tokuchou-shizai-r8-09-aichi,list_r8.09_shizai_名四国道.pdf p.2,https://www.cbr.mlit.go.jp/architecture/kensetsugijutsu/unit_price/zip/r08/list_r8.09_shizai_aichi.zip,PDL1.0,,中部地整の事務所が工事ごとに行った特別調査の報告価格(予定価格の積算に用いたもの。原本の頁の説明: 施工地域、時期、現場条件が異なる場合、単価が異なる場合がある)。調査依頼: 名四国道事務所 工務課 名四-工-05 資材番号 003。調査区分: 〃(上の行と同じ: A①)。材工区分: 材料費 現場持込。単価適用地域: 蒲郡市。報告月: R8.6。消費税の扱いは原本に記載なし。geo_code は原本の県名欄(調査を依頼した事務所の県)
22f1ba0332097ed2,JP,material,特別調査（資材単価） 名四国道事務所 工務課,油水分離槽,6号(蓋含む),基,pref,23,愛知県,蒲郡市,名四-工-05#004,,964000,JPY,special_survey_price,published_pdl,,,2026-06,,cbr-tokuchou-shizai-r8-09-aichi,list_r8.09_shizai_名四国道.pdf p.2,https://www.cbr.mlit.go.jp/architecture/kensetsugijutsu/unit_price/zip/r08/list_r8.09_shizai_aichi.zip,PDL1.0,,中部地整の事務所が工事ごとに行った特別調査の報告価格(予定価格の積算に用いたもの。原本の頁の説明: 施工地域、時期、現場条件が異なる場合、単価が異なる場合がある)。調査依頼: 名四国道事務所 工務課 名四-工-05 資材番号 004。調査区分: 〃(上の行と同じ: A①)。材工区分: 材料費 現場持込。単価適用地域: 蒲郡市。報告月: R8.6。消費税の扱いは原本に記載なし。geo_code は原本の県名欄(調査を依頼した事務所の県)
3df78f1379db780e,JP,material,特別調査（資材単価） 名四国道事務所 工務課,集水桝蓋(ｸﾞﾚｰﾁﾝｸﾞ),KM8-1 1400×1400 T-25 ﾎﾞﾙﾄ固定式 すべり止め型 普通目,組,pref,23,愛知県,事務所管内,名四-工-05#009,,286000,JPY,special_survey_price,published_pdl,,,2026-06,,cbr-tokuchou-shizai-r8-09-aichi,list_r8.09_shizai_名四国道.pdf p.2,https://www.cbr.mlit.go.jp/architecture/kensetsugijutsu/unit_price/zip/r08/list_r8.09_shizai_aichi.zip,PDL1.0,,中部地整の事務所が工事ごとに行った特別調査の報告価格(予定価格の積算に用いたもの。原本の頁の説明: 施工地域、時期、現場条件が異なる場合、単価が異なる場合がある)。調査依頼: 名四国道事務所 工務課 名四-工-05 資材番号 009。調査区分: A①。材工区分: 材料費 現場持込。単価適用地域: 事務所管内。報告月: R8.6。消費税の扱いは原本に記載なし。geo_code は原本の県名欄(調査を依頼した事務所の県)
8aed5c0ec9a2df16,JP,material,特別調査（資材単価） 名四国道事務所 工務課,ﾌﾟﾙﾎﾞｯｸｽ,300×300×200 ｽﾃﾝﾚｽ製防水型(支持材､ｱﾝｶｰ含む),個,bureau_area,,,局管内,名四-工-05#011,,54500,JPY,special_survey_price,published_pdl,,,2026-06,,cbr-tokuchou-shizai-r8-09-aichi,list_r8.09_shizai_名四国道.pdf p.2,https://www.cbr.mlit.go.jp/architecture/kensetsugijutsu/unit_price/zip/r08/list_r8.09_shizai_aichi.zip,PDL1.0,,中部地整の事務所が工事ごとに行った特別調査の報告価格(予定価格の積算に用いたもの。原本の頁の説明: 施工地域、時期、現場条件が異なる場合、単価が異なる場合がある)。調査依頼: 名四国道事務所 工務課 名四-工-05 資材番号 011。調査区分: A①。材工区分: 材料費 現場持込。単価適用地域: 局管内。報告月: R8.6。消費税の扱いは原本に記載なし。geo_code は原本の県名欄(調査を依頼した事務所の県)
fd6067f01a6d30e6,JP,material,特別調査（資材単価） 名四国道事務所 工務課,鋼管柱,7ASB 溶融亜鉛ﾒｯｷ,基,bureau_area,,,局管内,名四-工-05#012,,346000,JPY,special_survey_price,published_pdl,,,2026-06,,cbr-tokuchou-shizai-r8-09-aichi,list_r8.09_shizai_名四国道.pdf p.2,https://www.cbr.mlit.go.jp/architecture/kensetsugijutsu/unit_price/zip/r08/list_r8.09_shizai_aichi.zip,PDL1.0,,中部地整の事務所が工事ごとに行った特別調査の報告価格(予定価格の積算に用いたもの。原本の頁の説明: 施工地域、時期、現場条件が異なる場合、単価が異なる場合がある)。調査依頼: 名四国道事務所 工務課 名四-工-05 資材番号 012。調査区分: A①。材工区分: 材料費 現場持込。単価適用地域: 局管内。報告月: R8.6。消費税の扱いは原本に記載なし。geo_code は原本の県名欄(調査を依頼した事務所の県)
528a9f367004aa7a,JP,material,特別調査（資材単価） 名四国道事務所 工務課,屋外分電盤,300×300×120,面,bureau_area,,,局管内,名四-工-05#014,,115000,JPY,special_survey_price,published_pdl,,,2026-06,,cbr-tokuchou-shizai-r8-09-aichi,list_r8.09_shizai_名四国道.pdf p.3,https://www.cbr.mlit.go.jp/architecture/kensetsugijutsu/unit_price/zip/r08/list_r8.09_shizai_aichi.zip,PDL1.0,,中部地整の事務所が工事ごとに行った特別調査の報告価格(予定価格の積算に用いたもの。原本の頁の説明: 施工地域、時期、現場条件が異なる場合、単価が異なる場合がある)。調査依頼: 名四国道事務所 工務課 名四-工-05 資材番号 014。調査区分: A①。材工区分: 材料費 現場持込。単価適用地域: 局管内。報告月: R8.6。消費税の扱いは原本に記載なし。geo_code は原本の県名欄(調査を依頼した事務所の県)
46a95cf10d44d029,JP,material,特別調査（資材単価） 名四国道事務所 工務課,ﾎﾟｰﾙ用取付金具,PM-317(同等品以上),組,bureau_area,,,局管内,名四-工-05#015,,10500,JPY,special_survey_price,published_pdl,,,2026-06,,cbr-tokuchou-shizai-r8-09-aichi,list_r8.09_shizai_名四国道.pdf p.3,https://www.cbr.mlit.go.jp/architecture/kensetsugijutsu/unit_price/zip/r08/list_r8.09_shizai_aichi.zip,PDL1.0,,中部地整の事務所が工事ごとに行った特別調査の報告価格(予定価格の積算に用いたもの。原本の頁の説明: 施工地域、時期、現場条件が異なる場合、単価が異なる場合がある)。調査依頼: 名四国道事務所 工務課 名四-工-05 資材番号 015。調査区分: A①。材工区分: 材料費 現場持込。単価適用地域: 局管内。報告月: R8.6。消費税の扱いは原本に記載なし。geo_code は原本の県名欄(調査を依頼した事務所の県)
ee38778be7655018,JP,material,特別調査（資材単価） 名四国道事務所 工務課,引込用ﾌｯｸﾊﾞﾝﾄﾞ,片ﾌｯｸ,個,bureau_area,,,局管内,名四-工-05#016,,3040,JPY,special_survey_price,published_pdl,,,2026-06,,cbr-tokuchou-shizai-r8-09-aichi,list_r8.09_shizai_名四国道.pdf p.3,https://www.cbr.mlit.go.jp/architecture/kensetsugijutsu/unit_price/zip/r08/list_r8.09_shizai_aichi.zip,PDL1.0,,中部地整の事務所が工事ごとに行った特別調査の報告価格(予定価格の積算に用いたもの。原本の頁の説明: 施工地域、時期、現場条件が異なる場合、単価が異なる場合がある)。調査依頼: 名四国道事務所 工務課 名四-工-05 資材番号 016。調査区分: A①。材工区分: 材料費 現場持込。単価適用地域: 局管内。報告月: R8.6。消費税の扱いは原本に記載なし。geo_code は原本の県名欄(調査を依頼した事務所の県)
2b000f6a1b9ffcc4,JP,material,特別調査（資材単価） 名四国道事務所 工務課,600Vﾋﾞﾆﾙ絶縁ｹｰﾌﾞﾙ,VV-R(SV) 3.5mm2-3C,m,bureau_area,,,局管内,名四-工-05#017,,432,JPY,special_survey_price,published_pdl,,,2026-06,,cbr-tokuchou-shizai-r8-09-aichi,list_r8.09_shizai_名四国道.pdf p.3,https://www.cbr.mlit.go.jp/architecture/kensetsugijutsu/unit_price/zip/r08/list_r8.09_shizai_aichi.zip,PDL1.0,,中部地整の事務所が工事ごとに行った特別調査の報告価格(予定価格の積算に用いたもの。原本の頁の説明: 施工地域、時期、現場条件が異なる場合、単価が異なる場合がある)。調査依頼: 名四国道事務所 工務課 名四-工-05 資材番号 017。調査区分: A①。材工区分: 材料費 現場持込。単価適用地域: 局管内。報告月: R8.6。消費税の扱いは原本に記載なし。geo_code は原本の県名欄(調査を依頼した事務所の県)
19d9483af2d6d7e7,JP,material,特別調査（資材単価） 名四国道事務所 工務課,LEDﾄﾝﾈﾙ照明灯具用取付金具,,組,bureau_area,,,局管内,名四-工-05#018,,29400,JPY,special_survey_price,published_pdl,,,2026-06,,cbr-tokuchou-shizai-r8-09-aichi,list_r8.09_shizai_名四国道.pdf p.3,https://www.cbr.mlit.go.jp/architecture/kensetsugijutsu/unit_price/zip/r08/list_r8.09_shizai_aichi.zip,PDL1.0,,中部地整の事務所が工事ごとに行った特別調査の報告価格(予定価格の積算に用いたもの。原本の頁の説明: 施工地域、時期、現場条件が異なる場合、単価が異なる場合がある)。調査依頼: 名四国道事務所 工務課 名四-工-05 資材番号 018。調査区分: A①。材工区分: 材料費 現場持込。単価適用地域: 局管内。報告月: R8.6。消費税の扱いは原本に記載なし。geo_code は原本の県名欄(調査を依頼した事務所の県)
9588a714b05aaac4,JP,material,特別調査（資材単価） 名四国道事務所 工務課,砂,ｸｯｼｮﾝ用,m3,pref,23,愛知県,蒲郡市清田町,名四-工-05#019,,3250,JPY,special_survey_price,published_pdl,,,2026-06,,cbr-tokuchou-shizai-r8-09-aichi,list_r8.09_shizai_名四国道.pdf p.3,https://www.cbr.mlit.go.jp/architecture/kensetsugijutsu/unit_price/zip/r08/list_r8.09_shizai_aichi.zip,PDL1.0,,中部地整の事務所が工事ごとに行った特別調査の報告価格(予定価格の積算に用いたもの。原本の頁の説明: 施工地域、時期、現場条件が異なる場合、単価が異なる場合がある)。調査依頼: 名四国道事務所 工務課 名四-工-05 資材番号 019。調査区分: B①。材工区分: 材料費 現場持込。単価適用地域: 蒲郡市清田町。報告月: R8.6。消費税の扱いは原本に記載なし。geo_code は原本の県名欄(調査を依頼した事務所の県)
59361ae591a86707,JP,material,特別調査（資材単価） 名四国道事務所 工務課,ｺﾞﾑ支承,Rmax=1587kN 1150×850×504,個,bureau_area,,,局管内,名四-工-19#001,,4680000,JPY,special_survey_price,published_pdl,,,2026-08,,cbr-tokuchou-shizai-r8-09-aichi,list_r8.09_shizai_名四国道.pdf p.3,https://www.cbr.mlit.go.jp/architecture/kensetsugijutsu/unit_price/zip/r08/list_r8.09_shizai_aichi.zip,PDL1.0,,中部地整の事務所が工事ごとに行った特別調査の報告価格(予定価格の積算に用いたもの。原本の頁の説明: 施工地域、時期、現場条件が異なる場合、単価が異なる場合がある)。調査依頼: 名四国道事務所 工務課 名四-工-19 資材番号 001。調査区分: A①。材工区分: 材料費 現場持込。単価適用地域: 局管内。報告月: R8.8。消費税の扱いは原本に記載なし。geo_code は原本の県名欄(調査を依頼した事務所の県)
741e9cd764424438,JP,material,特別調査（資材単価） 名四国道事務所 工務課,ｺﾞﾑ支承,Rmax=1636kN 950×750×237,個,bureau_area,,,局管内,名四-工-19#002,,2350000,JPY,special_survey_price,published_pdl,,,2026-08,,cbr-tokuchou-shizai-r8-09-aichi,list_r8.09_shizai_名四国道.pdf p.3,https://www.cbr.mlit.go.jp/architecture/kensetsugijutsu/unit_price/zip/r08/list_r8.09_shizai_aichi.zip,PDL1.0,,中部地整の事務所が工事ごとに行った特別調査の報告価格(予定価格の積算に用いたもの。原本の頁の説明: 施工地域、時期、現場条件が異なる場合、単価が異なる場合がある)。調査依頼: 名四国道事務所 工務課 名四-工-19 資材番号 002。調査区分: 〃(上の行と同じ: A①)。材工区分: 材料費 現場持込。単価適用地域: 局管内。報告月: R8.8。消費税の扱いは原本に記載なし。geo_code は原本の県名欄(調査を依頼した事務所の県)
53edd9220e62dc7f,JP,material,特別調査（資材単価） 名四国道事務所 工務課,ｺﾞﾑ支承,Rmax=1581kN 1150×850×454,個,bureau_area,,,局管内,名四-工-19#003,,4120000,JPY,special_survey_price,published_pdl,,,2026-08,,cbr-tokuchou-shizai-r8-09-aichi,list_r8.09_shizai_名四国道.pdf p.3,https://www.cbr.mlit.go.jp/architecture/kensetsugijutsu/unit_price/zip/r08/list_r8.09_shizai_aichi.zip,PDL1.0,,中部地整の事務所が工事ごとに行った特別調査の報告価格(予定価格の積算に用いたもの。原本の頁の説明: 施工地域、時期、現場条件が異なる場合、単価が異なる場合がある)。調査依頼: 名四国道事務所 工務課 名四-工-19 資材番号 003。調査区分: 〃(上の行と同じ: A①)。材工区分: 材料費 現場持込。単価適用地域: 局管内。報告月: R8.8。消費税の扱いは原本に記載なし。geo_code は原本の県名欄(調査を依頼した事務所の県)
7fb494bb52fc188a,JP,material,特別調査（資材単価） 名四国道事務所 工務課,ｴﾎﾟｷｼ樹脂ﾓﾙﾀﾙ,ｱﾙﾌﾟﾛﾝMF-D(18)同等品以上,m3,bureau_area,,,局管内,名四-工-19#007,,1740000,JPY,special_survey_price,published_pdl,,,2026-08,,cbr-tokuchou-shizai-r8-09-aichi,list_r8.09_shizai_名四国道.pdf p.3,https://www.cbr.mlit.go.jp/architecture/kensetsugijutsu/unit_price/zip/r08/list_r8.09_shizai_aichi.zip,PDL1.0,,中部地整の事務所が工事ごとに行った特別調査の報告価格(予定価格の積算に用いたもの。原本の頁の説明: 施工地域、時期、現場条件が異なる場合、単価が異なる場合がある)。調査依頼: 名四国道事務所 工務課 名四-工-19 資材番号 007。調査区分: A①。材工区分: 材料費 現場持込。単価適用地域: 局管内。報告月: R8.8。消費税の扱いは原本に記載なし。geo_code は原本の県名欄(調査を依頼した事務所の県)
dded526d5f46b951,JP,material,特別調査（資材単価） 名四国道事務所 工務課,排水管(直管),(a) SGP200A L=2297 1-差込ﾌﾗﾝｼﾞ付,個,bureau_area,,,局管内,名四-工-19#008,,97900,JPY,special_survey_price,published_pdl,,,2026-08,,cbr-tokuchou-shizai-r8-09-aichi,list_r8.09_shizai_名四国道.pdf p.3,https://www.cbr.mlit.go.jp/architecture/kensetsugijutsu/unit_price/zip/r08/list_r8.09_shizai_aichi.zip,PDL1.0,,中部地整の事務所が工事ごとに行った特別調査の報告価格(予定価格の積算に用いたもの。原本の頁の説明: 施工地域、時期、現場条件が異なる場合、単価が異なる場合がある)。調査依頼: 名四国道事務所 工務課 名四-工-19 資材番号 008。調査区分: A①。材工区分: 材料費 現場持込。単価適用地域: 局管内。報告月: R8.8。消費税の扱いは原本に記載なし。geo_code は原本の県名欄(調査を依頼した事務所の県)
325704acf5fa6d02,JP,material,特別調査（資材単価） 名四国道事務所 工務課,排水管(直管),(c) SGP200A L=2292 1-差込ﾌﾗﾝｼﾞ付,個,bureau_area,,,局管内,名四-工-19#009,,92500,JPY,special_survey_price,published_pdl,,,2026-08,,cbr-tokuchou-shizai-r8-09-aichi,list_r8.09_shizai_名四国道.pdf p.3,https://www.cbr.mlit.go.jp/architecture/kensetsugijutsu/unit_price/zip/r08/list_r8.09_shizai_aichi.zip,PDL1.0,,中部地整の事務所が工事ごとに行った特別調査の報告価格(予定価格の積算に用いたもの。原本の頁の説明: 施工地域、時期、現場条件が異なる場合、単価が異なる場合がある)。調査依頼: 名四国道事務所 工務課 名四-工-19 資材番号 009。調査区分: 〃(上の行と同じ: A①)。材工区分: 材料費 現場持込。単価適用地域: 局管内。報告月: R8.8。消費税の扱いは原本に記載なし。geo_code は原本の県名欄(調査を依頼した事務所の県)
02c7282d52eb8104,JP,material,特別調査（資材単価） 名四国道事務所 工務課,排水管(ﾁｰｽﾞ管),(T) SGP200A L=3560 1-差込ﾌﾗﾝｼﾞ付,個,bureau_area,,,局管内,名四-工-19#010,,189000,JPY,special_survey_price,published_pdl,,,2026-08,,cbr-tokuchou-shizai-r8-09-aichi,list_r8.09_shizai_名四国道.pdf p.3,https://www.cbr.mlit.go.jp/architecture/kensetsugijutsu/unit_price/zip/r08/list_r8.09_shizai_aichi.zip,PDL1.0,,中部地整の事務所が工事ごとに行った特別調査の報告価格(予定価格の積算に用いたもの。原本の頁の説明: 施工地域、時期、現場条件が異なる場合、単価が異なる場合がある)。調査依頼: 名四国道事務所 工務課 名四-工-19 資材番号 010。調査区分: A①。材工区分: 材料費 現場持込。単価適用地域: 局管内。報告月: R8.8。消費税の扱いは原本に記載なし。geo_code は原本の県名欄(調査を依頼した事務所の県)
d55d230fe83bd3c0,JP,material,特別調査（資材単価） 愛知国道事務所 工務課,ﾎﾞﾙﾄ･ﾅｯﾄ･ﾜｯｼｬｰ,M6×40L SUS,組,bureau_area,,,局管内,愛国-工-03#033,,17.6,JPY,special_survey_price,published_pdl,,,2026-06,,cbr-tokuchou-shizai-r8-09-aichi,list_r8.09_shizai_愛知国道.pdf p.3,https://www.cbr.mlit.go.jp/architecture/kensetsugijutsu/unit_price/zip/r08/list_r8.09_shizai_aichi.zip,PDL1.0,,中部地整の事務所が工事ごとに行った特別調査の報告価格(予定価格の積算に用いたもの。原本の頁の説明: 施工地域、時期、現場条件が異なる場合、単価が異なる場合がある)。調査依頼: 愛知国道事務所 工務課 愛国-工-03 資材番号 033。調査区分: A①。材工区分: 材料費 現場持込。単価適用地域: 局管内。報告月: R8.6。消費税の扱いは原本に記載なし。geo_code は原本の県名欄(調査を依頼した事務所の県)
abc2f312e3047c84,JP,material,特別調査（資材単価） 愛知国道事務所 工務課,ｹｰﾌﾞﾙｸﾞﾗﾝﾄ,G36用 耐圧防爆型SUS 電線管ねじ込み式,個,bureau_area,,,局管内,愛国-工-03#035,,28300,JPY,special_survey_price,published_pdl,,,2026-06,,cbr-tokuchou-shizai-r8-09-aichi,list_r8.09_shizai_愛知国道.pdf p.3,https://www.cbr.mlit.go.jp/architecture/kensetsugijutsu/unit_price/zip/r08/list_r8.09_shizai_aichi.zip,PDL1.0,,中部地整の事務所が工事ごとに行った特別調査の報告価格(予定価格の積算に用いたもの。原本の頁の説明: 施工地域、時期、現場条件が異なる場合、単価が異なる場合がある)。調査依頼: 愛知国道事務所 工務課 愛国-工-03 資材番号 035。調査区分: A①。材工区分: 材料費 現場持込。単価適用地域: 局管内。報告月: R8.6。消費税の扱いは原本に記載なし。geo_code は原本の県名欄(調査を依頼した事務所の県)
f4157cfe9f39fedf,JP,material,特別調査（資材単価） 愛知国道事務所 工務課,ｹｰﾌﾞﾙｸﾞﾗﾝﾄﾞ,G54用 耐圧防爆型SUS 電線管ねじ込み式,個,bureau_area,,,局管内,愛国-工-03#036,,61000,JPY,special_survey_price,published_pdl,,,2026-06,,cbr-tokuchou-shizai-r8-09-aichi,list_r8.09_shizai_愛知国道.pdf p.3,https://www.cbr.mlit.go.jp/architecture/kensetsugijutsu/unit_price/zip/r08/list_r8.09_shizai_aichi.zip,PDL1.0,,中部地整の事務所が工事ごとに行った特別調査の報告価格(予定価格の積算に用いたもの。原本の頁の説明: 施工地域、時期、現場条件が異なる場合、単価が異なる場合がある)。調査依頼: 愛知国道事務所 工務課 愛国-工-03 資材番号 036。調査区分: 〃(上の行と同じ: A①)。材工区分: 材料費 現場持込。単価適用地域: 局管内。報告月: R8.6。消費税の扱いは原本に記載なし。geo_code は原本の県名欄(調査を依頼した事務所の県)
a9e3f80a875ea59b,JP,material,特別調査（資材単価） 愛知国道事務所 工務課,ｹｰﾌﾞﾙｸﾞﾗﾝﾄﾞ,G28用 耐圧防爆型SUS 電線管ねじ込み式,個,bureau_area,,,局管内,愛国-工-03#037,,20100,JPY,special_survey_price,published_pdl,,,2026-06,,cbr-tokuchou-shizai-r8-09-aichi,list_r8.09_shizai_愛知国道.pdf p.3,https://www.cbr.mlit.go.jp/architecture/kensetsugijutsu/unit_price/zip/r08/list_r8.09_shizai_aichi.zip,PDL1.0,,中部地整の事務所が工事ごとに行った特別調査の報告価格(予定価格の積算に用いたもの。原本の頁の説明: 施工地域、時期、現場条件が異なる場合、単価が異なる場合がある)。調査依頼: 愛知国道事務所 工務課 愛国-工-03 資材番号 037。調査区分: 〃(上の行と同じ: A①)。材工区分: 材料費 現場持込。単価適用地域: 局管内。報告月: R8.6。消費税の扱いは原本に記載なし。geo_code は原本の県名欄(調査を依頼した事務所の県)
60169e2f33fc1565,JP,material,特別調査（資材単価） 愛知国道事務所 工務課,ﾌﾚｷｼﾌﾞﾙﾌｨｯﾁﾝｸﾞ,22mm 長500L 安全増防爆構造以上 SUS,個,bureau_area,,,局管内,愛国-工-03#038,,12400,JPY,special_survey_price,published_pdl,,,2026-06,,cbr-tokuchou-shizai-r8-09-aichi,list_r8.09_shizai_愛知国道.pdf p.3,https://www.cbr.mlit.go.jp/architecture/kensetsugijutsu/unit_price/zip/r08/list_r8.09_shizai_aichi.zip,PDL1.0,,中部地整の事務所が工事ごとに行った特別調査の報告価格(予定価格の積算に用いたもの。原本の頁の説明: 施工地域、時期、現場条件が異なる場合、単価が異なる場合がある)。調査依頼: 愛知国道事務所 工務課 愛国-工-03 資材番号 038。調査区分: A①。材工区分: 材料費 現場持込。単価適用地域: 局管内。報告月: R8.6。消費税の扱いは原本に記載なし。geo_code は原本の県名欄(調査を依頼した事務所の県)
a66ee0155f6fb51b,JP,material,特別調査（資材単価） 愛知国道事務所 工務課,ﾌﾚｷｼﾌﾞﾙﾌｨｯﾁﾝｸﾞ,36mm 長500L 安全増防爆構造以上 SUS,個,bureau_area,,,局管内,愛国-工-03#039,,27700,JPY,special_survey_price,published_pdl,,,2026-06,,cbr-tokuchou-shizai-r8-09-aichi,list_r8.09_shizai_愛知国道.pdf p.3,https://www.cbr.mlit.go.jp/architecture/kensetsugijutsu/unit_price/zip/r08/list_r8.09_shizai_aichi.zip,PDL1.0,,中部地整の事務所が工事ごとに行った特別調査の報告価格(予定価格の積算に用いたもの。原本の頁の説明: 施工地域、時期、現場条件が異なる場合、単価が異なる場合がある)。調査依頼: 愛知国道事務所 工務課 愛国-工-03 資材番号 039。調査区分: 〃(上の行と同じ: A①)。材工区分: 材料費 現場持込。単価適用地域: 局管内。報告月: R8.6。消費税の扱いは原本に記載なし。geo_code は原本の県名欄(調査を依頼した事務所の県)
db882c570b167940,JP,material,特別調査（資材単価） 愛知国道事務所 工務課,ﾌﾚｷｼﾌﾞﾙﾌｨｯﾁﾝｸﾞ,36mm 長700L 安全増防爆構造以上 SUS,個,bureau_area,,,局管内,愛国-工-03#040,,29400,JPY,special_survey_price,published_pdl,,,2026-06,,cbr-tokuchou-shizai-r8-09-aichi,list_r8.09_shizai_愛知国道.pdf p.3,https://www.cbr.mlit.go.jp/architecture/kensetsugijutsu/unit_price/zip/r08/list_r8.09_shizai_aichi.zip,PDL1.0,,中部地整の事務所が工事ごとに行った特別調査の報告価格(予定価格の積算に用いたもの。原本の頁の説明: 施工地域、時期、現場条件が異なる場合、単価が異なる場合がある)。調査依頼: 愛知国道事務所 工務課 愛国-工-03 資材番号 040。調査区分: 〃(上の行と同じ: A①)。材工区分: 材料費 現場持込。単価適用地域: 局管内。報告月: R8.6。消費税の扱いは原本に記載なし。geo_code は原本の県名欄(調査を依頼した事務所の県)
facfa481e27a5bb8,JP,material,特別調査（資材単価） 愛知国道事務所 工務課,ﾌﾚｷｼﾌﾞﾙﾌｨｯﾁﾝｸﾞ,42mm 長500L 安全増防爆構造以上 SUS,個,bureau_area,,,局管内,愛国-工-03#041,,41000,JPY,special_survey_price,published_pdl,,,2026-06,,cbr-tokuchou-shizai-r8-09-aichi,list_r8.09_shizai_愛知国道.pdf p.3,https://www.cbr.mlit.go.jp/architecture/kensetsugijutsu/unit_price/zip/r08/list_r8.09_shizai_aichi.zip,PDL1.0,,中部地整の事務所が工事ごとに行った特別調査の報告価格(予定価格の積算に用いたもの。原本の頁の説明: 施工地域、時期、現場条件が異なる場合、単価が異なる場合がある)。調査依頼: 愛知国道事務所 工務課 愛国-工-03 資材番号 041。調査区分: 〃(上の行と同じ: A①)。材工区分: 材料費 現場持込。単価適用地域: 局管内。報告月: R8.6。消費税の扱いは原本に記載なし。geo_code は原本の県名欄(調査を依頼した事務所の県)
3b1637f748cc2a11,JP,material,特別調査（資材単価） 愛知国道事務所 工務課,ﾌﾟﾙﾎﾞｯｸｽ(A),W170×B180×H156安全増防爆構造以上,個,bureau_area,,,局管内,愛国-工-03#044,,38700,JPY,special_survey_price,published_pdl,,,2026-06,,cbr-tokuchou-shizai-r8-09-aichi,list_r8.09_shizai_愛知国道.pdf p.3,https://www.cbr.mlit.go.jp/architecture/kensetsugijutsu/unit_price/zip/r08/list_r8.09_shizai_aichi.zip,PDL1.0,,中部地整の事務所が工事ごとに行った特別調査の報告価格(予定価格の積算に用いたもの。原本の頁の説明: 施工地域、時期、現場条件が異なる場合、単価が異なる場合がある)。調査依頼: 愛知国道事務所 工務課 愛国-工-03 資材番号 044。調査区分: A①。材工区分: 材料費 現場持込。単価適用地域: 局管内。報告月: R8.6。消費税の扱いは原本に記載なし。geo_code は原本の県名欄(調査を依頼した事務所の県)
a23e5296e38ddfb6,JP,material,特別調査（資材単価） 愛知国道事務所 工務課,ﾌﾟﾙﾎﾞｯｸｽ(B),W200×B210×H161安全増防爆構造以上,個,bureau_area,,,局管内,愛国-工-03#045,,40300,JPY,special_survey_price,published_pdl,,,2026-06,,cbr-tokuchou-shizai-r8-09-aichi,list_r8.09_shizai_愛知国道.pdf p.3,https://www.cbr.mlit.go.jp/architecture/kensetsugijutsu/unit_price/zip/r08/list_r8.09_shizai_aichi.zip,PDL1.0,,中部地整の事務所が工事ごとに行った特別調査の報告価格(予定価格の積算に用いたもの。原本の頁の説明: 施工地域、時期、現場条件が異なる場合、単価が異なる場合がある)。調査依頼: 愛知国道事務所 工務課 愛国-工-03 資材番号 045。調査区分: 〃(上の行と同じ: A①)。材工区分: 材料費 現場持込。単価適用地域: 局管内。報告月: R8.6。消費税の扱いは原本に記載なし。geo_code は原本の県名欄(調査を依頼した事務所の県)
c6ec13e9b2839a71,JP,material,特別調査（資材単価） 愛知国道事務所 工務課,ﾌﾟﾙﾎﾞｯｸｽ(D),W300×B320×H230安全増防爆構造以上,個,bureau_area,,,局管内,愛国-工-03#046,,109000,JPY,special_survey_price,published_pdl,,,2026-06,,cbr-tokuchou-shizai-r8-09-aichi,list_r8.09_shizai_愛知国道.pdf p.3,https://www.cbr.mlit.go.jp/architecture/kensetsugijutsu/unit_price/zip/r08/list_r8.09_shizai_aichi.zip,PDL1.0,,中部地整の事務所が工事ごとに行った特別調査の報告価格(予定価格の積算に用いたもの。原本の頁の説明: 施工地域、時期、現場条件が異なる場合、単価が異なる場合がある)。調査依頼: 愛知国道事務所 工務課 愛国-工-03 資材番号 046。調査区分: 〃(上の行と同じ: A①)。材工区分: 材料費 現場持込。単価適用地域: 局管内。報告月: R8.6。消費税の扱いは原本に記載なし。geo_code は原本の県名欄(調査を依頼した事務所の県)
5a0045a89c57b2c7,JP,material,特別調査（資材単価） 愛知国道事務所 工務課,ﾌﾟﾙﾎﾞｯｸｽ(E),W400×B420×H251安全増防爆構造以上,個,bureau_area,,,局管内,愛国-工-03#047,,184000,JPY,special_survey_price,published_pdl,,,2026-06,,cbr-tokuchou-shizai-r8-09-aichi,list_r8.09_shizai_愛知国道.pdf p.3,https://www.cbr.mlit.go.jp/architecture/kensetsugijutsu/unit_price/zip/r08/list_r8.09_shizai_aichi.zip,PDL1.0,,中部地整の事務所が工事ごとに行った特別調査の報告価格(予定価格の積算に用いたもの。原本の頁の説明: 施工地域、時期、現場条件が異なる場合、単価が異なる場合がある)。調査依頼: 愛知国道事務所 工務課 愛国-工-03 資材番号 047。調査区分: 〃(上の行と同じ: A①)。材工区分: 材料費 現場持込。単価適用地域: 局管内。報告月: R8.6。消費税の扱いは原本に記載なし。geo_code は原本の県名欄(調査を依頼した事務所の県)
1e76c1539a8c855d,JP,material,特別調査（資材単価） 愛知国道事務所 工務課,ｼﾞｬﾝｸｼｮﾝﾎﾞｯｸｽ,2方出 適合電線管22安全増防爆構造以上,個,bureau_area,,,局管内,愛国-工-03#048,,4470,JPY,special_survey_price,published_pdl,,,2026-06,,cbr-tokuchou-shizai-r8-09-aichi,list_r8.09_shizai_愛知国道.pdf p.3,https://www.cbr.mlit.go.jp/architecture/kensetsugijutsu/unit_price/zip/r08/list_r8.09_shizai_aichi.zip,PDL1.0,,中部地整の事務所が工事ごとに行った特別調査の報告価格(予定価格の積算に用いたもの。原本の頁の説明: 施工地域、時期、現場条件が異なる場合、単価が異なる場合がある)。調査依頼: 愛知国道事務所 工務課 愛国-工-03 資材番号 048。調査区分: A①。材工区分: 材料費 現場持込。単価適用地域: 局管内。報告月: R8.6。消費税の扱いは原本に記載なし。geo_code は原本の県名欄(調査を依頼した事務所の県)
85d7b272d23ad5db,JP,material,特別調査（資材単価） 愛知国道事務所 工務課,ﾚｼﾞｭｰｻ,50A×32A SUS,個,bureau_area,,,局管内,愛国-工-03#049,,3420,JPY,special_survey_price,published_pdl,,,2026-06,,cbr-tokuchou-shizai-r8-09-aichi,list_r8.09_shizai_愛知国道.pdf p.3,https://www.cbr.mlit.go.jp/architecture/kensetsugijutsu/unit_price/zip/r08/list_r8.09_shizai_aichi.zip,PDL1.0,,中部地整の事務所が工事ごとに行った特別調査の報告価格(予定価格の積算に用いたもの。原本の頁の説明: 施工地域、時期、現場条件が異なる場合、単価が異なる場合がある)。調査依頼: 愛知国道事務所 工務課 愛国-工-03 資材番号 049。調査区分: A①。材工区分: 材料費 現場持込。単価適用地域: 局管内。報告月: R8.6。消費税の扱いは原本に記載なし。geo_code は原本の県名欄(調査を依頼した事務所の県)
7347af114228b333,JP,material,特別調査（資材単価） 愛知国道事務所 工務課,ﾚｼﾞｭｰｻ,65A×50A SUS,個,bureau_area,,,局管内,愛国-工-03#050,,8110,JPY,special_survey_price,published_pdl,,,2026-06,,cbr-tokuchou-shizai-r8-09-aichi,list_r8.09_shizai_愛知国道.pdf p.4,https://www.cbr.mlit.go.jp/architecture/kensetsugijutsu/unit_price/zip/r08/list_r8.09_shizai_aichi.zip,PDL1.0,,中部地整の事務所が工事ごとに行った特別調査の報告価格(予定価格の積算に用いたもの。原本の頁の説明: 施工地域、時期、現場条件が異なる場合、単価が異なる場合がある)。調査依頼: 愛知国道事務所 工務課 愛国-工-03 資材番号 050。調査区分: 〃(上の行と同じ: A①)。材工区分: 材料費 現場持込。単価適用地域: 局管内。報告月: R8.6。消費税の扱いは原本に記載なし。geo_code は原本の県名欄(調査を依頼した事務所の県)
116d1c18f265b0db,JP,material,特別調査（資材単価） 愛知国道事務所 工務課,ｹﾞｰｼﾞ用管,15A SUS304TP-A Sch20S,kg,bureau_area,,,局管内,愛国-工-03#051,,1030,JPY,special_survey_price,published_pdl,,,2026-06,,cbr-tokuchou-shizai-r8-09-aichi,list_r8.09_shizai_愛知国道.pdf p.4,https://www.cbr.mlit.go.jp/architecture/kensetsugijutsu/unit_price/zip/r08/list_r8.09_shizai_aichi.zip,PDL1.0,,中部地整の事務所が工事ごとに行った特別調査の報告価格(予定価格の積算に用いたもの。原本の頁の説明: 施工地域、時期、現場条件が異なる場合、単価が異なる場合がある)。調査依頼: 愛知国道事務所 工務課 愛国-工-03 資材番号 051。調査区分: A①。材工区分: 材料費 現場持込。単価適用地域: 局管内。報告月: R8.6。消費税の扱いは原本に記載なし。geo_code は原本の県名欄(調査を依頼した事務所の県)
87d1ab6e88d5aead,JP,material,特別調査（資材単価） 愛知国道事務所 工務課,ﾎｰｽﾆｯﾌﾟﾙ,50A SUS,個,bureau_area,,,局管内,愛国-工-03#052,,1130,JPY,special_survey_price,published_pdl,,,2026-06,,cbr-tokuchou-shizai-r8-09-aichi,list_r8.09_shizai_愛知国道.pdf p.4,https://www.cbr.mlit.go.jp/architecture/kensetsugijutsu/unit_price/zip/r08/list_r8.09_shizai_aichi.zip,PDL1.0,,中部地整の事務所が工事ごとに行った特別調査の報告価格(予定価格の積算に用いたもの。原本の頁の説明: 施工地域、時期、現場条件が異なる場合、単価が異なる場合がある)。調査依頼: 愛知国道事務所 工務課 愛国-工-03 資材番号 052。調査区分: A①。材工区分: 材料費 現場持込。単価適用地域: 局管内。報告月: R8.6。消費税の扱いは原本に記載なし。geo_code は原本の県名欄(調査を依頼した事務所の県)
c7dde875af435c57,JP,material,特別調査（資材単価） 愛知国道事務所 工務課,ﾎｰｽﾆｯﾌﾟﾙ,65A SUS,個,bureau_area,,,局管内,愛国-工-03#053,,4010,JPY,special_survey_price,published_pdl,,,2026-06,,cbr-tokuchou-shizai-r8-09-aichi,list_r8.09_shizai_愛知国道.pdf p.4,https://www.cbr.mlit.go.jp/architecture/kensetsugijutsu/unit_price/zip/r08/list_r8.09_shizai_aichi.zip,PDL1.0,,中部地整の事務所が工事ごとに行った特別調査の報告価格(予定価格の積算に用いたもの。原本の頁の説明: 施工地域、時期、現場条件が異なる場合、単価が異なる場合がある)。調査依頼: 愛知国道事務所 工務課 愛国-工-03 資材番号 053。調査区分: 〃(上の行と同じ: A①)。材工区分: 材料費 現場持込。単価適用地域: 局管内。報告月: R8.6。消費税の扱いは原本に記載なし。geo_code は原本の県名欄(調査を依頼した事務所の県)
eb688b704f6cc4f3,JP,material,特別調査（資材単価） 愛知国道事務所 工務課,90°ｴﾙﾎﾞ,15A SUS304 ねじ込み,個,bureau_area,,,局管内,愛国-工-03#054,,376,JPY,special_survey_price,published_pdl,,,2026-06,,cbr-tokuchou-shizai-r8-09-aichi,list_r8.09_shizai_愛知国道.pdf p.4,https://www.cbr.mlit.go.jp/architecture/kensetsugijutsu/unit_price/zip/r08/list_r8.09_shizai_aichi.zip,PDL1.0,,中部地整の事務所が工事ごとに行った特別調査の報告価格(予定価格の積算に用いたもの。原本の頁の説明: 施工地域、時期、現場条件が異なる場合、単価が異なる場合がある)。調査依頼: 愛知国道事務所 工務課 愛国-工-03 資材番号 054。調査区分: A①。材工区分: 材料費 現場持込。単価適用地域: 局管内。報告月: R8.6。消費税の扱いは原本に記載なし。geo_code は原本の県名欄(調査を依頼した事務所の県)
594155f4032af41d,JP,material,特別調査（資材単価） 愛知国道事務所 工務課,45°ｴﾙﾎﾞ,15A SUS304 ねじ込み,個,bureau_area,,,局管内,愛国-工-03#055,,597,JPY,special_survey_price,published_pdl,,,2026-06,,cbr-tokuchou-shizai-r8-09-aichi,list_r8.09_shizai_愛知国道.pdf p.4,https://www.cbr.mlit.go.jp/architecture/kensetsugijutsu/unit_price/zip/r08/list_r8.09_shizai_aichi.zip,PDL1.0,,中部地整の事務所が工事ごとに行った特別調査の報告価格(予定価格の積算に用いたもの。原本の頁の説明: 施工地域、時期、現場条件が異なる場合、単価が異なる場合がある)。調査依頼: 愛知国道事務所 工務課 愛国-工-03 資材番号 055。調査区分: 〃(上の行と同じ: A①)。材工区分: 材料費 現場持込。単価適用地域: 局管内。報告月: R8.6。消費税の扱いは原本に記載なし。geo_code は原本の県名欄(調査を依頼した事務所の県)
867b826d2bb1fa2e,JP,material,特別調査（資材単価） 愛知国道事務所 工務課,径違いﾁｰｽﾞ,50A×32A SUS304 ねじ込み,個,bureau_area,,,局管内,愛国-工-03#056,,3820,JPY,special_survey_price,published_pdl,,,2026-06,,cbr-tokuchou-shizai-r8-09-aichi,list_r8.09_shizai_愛知国道.pdf p.4,https://www.cbr.mlit.go.jp/architecture/kensetsugijutsu/unit_price/zip/r08/list_r8.09_shizai_aichi.zip,PDL1.0,,中部地整の事務所が工事ごとに行った特別調査の報告価格(予定価格の積算に用いたもの。原本の頁の説明: 施工地域、時期、現場条件が異なる場合、単価が異なる場合がある)。調査依頼: 愛知国道事務所 工務課 愛国-工-03 資材番号 056。調査区分: A①。材工区分: 材料費 現場持込。単価適用地域: 局管内。報告月: R8.6。消費税の扱いは原本に記載なし。geo_code は原本の県名欄(調査を依頼した事務所の県)
38c99a4e1fafb4e5,JP,material,特別調査（資材単価） 愛知国道事務所 工務課,径違いﾁｰｽﾞ,65A×50A SUS304 ねじ込み,個,bureau_area,,,局管内,愛国-工-03#057,,9430,JPY,special_survey_price,published_pdl,,,2026-06,,cbr-tokuchou-shizai-r8-09-aichi,list_r8.09_shizai_愛知国道.pdf p.4,https://www.cbr.mlit.go.jp/architecture/kensetsugijutsu/unit_price/zip/r08/list_r8.09_shizai_aichi.zip,PDL1.0,,中部地整の事務所が工事ごとに行った特別調査の報告価格(予定価格の積算に用いたもの。原本の頁の説明: 施工地域、時期、現場条件が異なる場合、単価が異なる場合がある)。調査依頼: 愛知国道事務所 工務課 愛国-工-03 資材番号 057。調査区分: 〃(上の行と同じ: A①)。材工区分: 材料費 現場持込。単価適用地域: 局管内。報告月: R8.6。消費税の扱いは原本に記載なし。geo_code は原本の県名欄(調査を依頼した事務所の県)
e84da383542af525,JP,material,特別調査（資材単価） 愛知国道事務所 工務課,ﾌﾞｯｼｭ,15A×8A SUS304 ねじ込み,個,bureau_area,,,局管内,愛国-工-03#058,,238,JPY,special_survey_price,published_pdl,,,2026-06,,cbr-tokuchou-shizai-r8-09-aichi,list_r8.09_shizai_愛知国道.pdf p.4,https://www.cbr.mlit.go.jp/architecture/kensetsugijutsu/unit_price/zip/r08/list_r8.09_shizai_aichi.zip,PDL1.0,,中部地整の事務所が工事ごとに行った特別調査の報告価格(予定価格の積算に用いたもの。原本の頁の説明: 施工地域、時期、現場条件が異なる場合、単価が異なる場合がある)。調査依頼: 愛知国道事務所 工務課 愛国-工-03 資材番号 058。調査区分: A①。材工区分: 材料費 現場持込。単価適用地域: 局管内。報告月: R8.6。消費税の扱いは原本に記載なし。geo_code は原本の県名欄(調査を依頼した事務所の県)
8deeddd291012d4c,JP,material,特別調査（資材単価） 愛知国道事務所 工務課,ﾌﾞｯｼｭ,32A×15A SUS ねじ込み,個,bureau_area,,,局管内,愛国-工-03#059,,840,JPY,special_survey_price,published_pdl,,,2026-06,,cbr-tokuchou-shizai-r8-09-aichi,list_r8.09_shizai_愛知国道.pdf p.4,https://www.cbr.mlit.go.jp/architecture/kensetsugijutsu/unit_price/zip/r08/list_r8.09_shizai_aichi.zip,PDL1.0,,中部地整の事務所が工事ごとに行った特別調査の報告価格(予定価格の積算に用いたもの。原本の頁の説明: 施工地域、時期、現場条件が異なる場合、単価が異なる場合がある)。調査依頼: 愛知国道事務所 工務課 愛国-工-03 資材番号 059。調査区分: 〃(上の行と同じ: A①)。材工区分: 材料費 現場持込。単価適用地域: 局管内。報告月: R8.6。消費税の扱いは原本に記載なし。geo_code は原本の県名欄(調査を依頼した事務所の県)
be2d9bef2c80fc26,JP,material,特別調査（資材単価） 愛知国道事務所 工務課,ﾌﾗﾝｼﾞ,50A SUS304 ねじ込み10K,枚,bureau_area,,,局管内,愛国-工-03#060,,2730,JPY,special_survey_price,published_pdl,,,2026-06,,cbr-tokuchou-shizai-r8-09-aichi,list_r8.09_shizai_愛知国道.pdf p.4,https://www.cbr.mlit.go.jp/architecture/kensetsugijutsu/unit_price/zip/r08/list_r8.09_shizai_aichi.zip,PDL1.0,,中部地整の事務所が工事ごとに行った特別調査の報告価格(予定価格の積算に用いたもの。原本の頁の説明: 施工地域、時期、現場条件が異なる場合、単価が異なる場合がある)。調査依頼: 愛知国道事務所 工務課 愛国-工-03 資材番号 060。調査区分: A①。材工区分: 材料費 現場持込。単価適用地域: 局管内。報告月: R8.6。消費税の扱いは原本に記載なし。geo_code は原本の県名欄(調査を依頼した事務所の県)
1fe776f029da9d71,JP,material,特別調査（資材単価） 愛知国道事務所 工務課,ﾌﾗﾝｼﾞ,65A SUS304 ねじ込み10K,枚,bureau_area,,,局管内,愛国-工-03#061,,3760,JPY,special_survey_price,published_pdl,,,2026-06,,cbr-tokuchou-shizai-r8-09-aichi,list_r8.09_shizai_愛知国道.pdf p.4,https://www.cbr.mlit.go.jp/architecture/kensetsugijutsu/unit_price/zip/r08/list_r8.09_shizai_aichi.zip,PDL1.0,,中部地整の事務所が工事ごとに行った特別調査の報告価格(予定価格の積算に用いたもの。原本の頁の説明: 施工地域、時期、現場条件が異なる場合、単価が異なる場合がある)。調査依頼: 愛知国道事務所 工務課 愛国-工-03 資材番号 061。調査区分: 〃(上の行と同じ: A①)。材工区分: 材料費 現場持込。単価適用地域: 局管内。報告月: R8.6。消費税の扱いは原本に記載なし。geo_code は原本の県名欄(調査を依頼した事務所の県)
00d3801d81ce3864,JP,material,特別調査（資材単価） 愛知国道事務所 工務課,Uﾎﾞﾙﾄ･ﾅｯﾄ,M10 SUS 50A支持用,組,bureau_area,,,局管内,愛国-工-03#064,,393,JPY,special_survey_price,published_pdl,,,2026-06,,cbr-tokuchou-shizai-r8-09-aichi,list_r8.09_shizai_愛知国道.pdf p.4,https://www.cbr.mlit.go.jp/architecture/kensetsugijutsu/unit_price/zip/r08/list_r8.09_shizai_aichi.zip,PDL1.0,,中部地整の事務所が工事ごとに行った特別調査の報告価格(予定価格の積算に用いたもの。原本の頁の説明: 施工地域、時期、現場条件が異なる場合、単価が異なる場合がある)。調査依頼: 愛知国道事務所 工務課 愛国-工-03 資材番号 064。調査区分: №033に含む。材工区分: 材料費 現場持込。単価適用地域: 局管内。報告月: R8.6。消費税の扱いは原本に記載なし。geo_code は原本の県名欄(調査を依頼した事務所の県)
635cae72e96efd0c,JP,material,特別調査（資材単価） 愛知国道事務所 工務課,Uﾎﾞﾙﾄ･ﾅｯﾄ,M12 SUS 65A支持用,組,bureau_area,,,局管内,愛国-工-03#065,,691,JPY,special_survey_price,published_pdl,,,2026-06,,cbr-tokuchou-shizai-r8-09-aichi,list_r8.09_shizai_愛知国道.pdf p.4,https://www.cbr.mlit.go.jp/architecture/kensetsugijutsu/unit_price/zip/r08/list_r8.09_shizai_aichi.zip,PDL1.0,,中部地整の事務所が工事ごとに行った特別調査の報告価格(予定価格の積算に用いたもの。原本の頁の説明: 施工地域、時期、現場条件が異なる場合、単価が異なる場合がある)。調査依頼: 愛知国道事務所 工務課 愛国-工-03 資材番号 065。調査区分: №033に含む。材工区分: 材料費 現場持込。単価適用地域: 局管内。報告月: R8.6。消費税の扱いは原本に記載なし。geo_code は原本の県名欄(調査を依頼した事務所の県)
bf04fc493ce071cc,JP,material,特別調査（資材単価） 愛知国道事務所 工務課,遮音壁落下防止索,φ6.3(6×19G/0)L=14.54m ﾜｲﾔｰ止金具含む,組,bureau_area,,,局管内,愛国-工-09#001,,23300,JPY,special_survey_price,published_pdl,,,2026-07,,cbr-tokuchou-shizai-r8-09-aichi,list_r8.09_shizai_愛知国道.pdf p.5,https://www.cbr.mlit.go.jp/architecture/kensetsugijutsu/unit_price/zip/r08/list_r8.09_shizai_aichi.zip,PDL1.0,,中部地整の事務所が工事ごとに行った特別調査の報告価格(予定価格の積算に用いたもの。原本の頁の説明: 施工地域、時期、現場条件が異なる場合、単価が異なる場合がある)。調査依頼: 愛知国道事務所 工務課 愛国-工-09 資材番号 001。調査区分: A①。材工区分: 材料費 現場持込。単価適用地域: 局管内。報告月: R8.7。消費税の扱いは原本に記載なし。geo_code は原本の県名欄(調査を依頼した事務所の県)
29959835a97ac9f8,JP,material,特別調査（資材単価） 愛知国道事務所 工務課,遮音壁落下防止索,φ6.3(6×19G/0)L=16.54m ﾜｲﾔｰ止金具含む,組,bureau_area,,,局管内,愛国-工-09#002,,25600,JPY,special_survey_price,published_pdl,,,2026-07,,cbr-tokuchou-shizai-r8-09-aichi,list_r8.09_shizai_愛知国道.pdf p.5,https://www.cbr.mlit.go.jp/architecture/kensetsugijutsu/unit_price/zip/r08/list_r8.09_shizai_aichi.zip,PDL1.0,,中部地整の事務所が工事ごとに行った特別調査の報告価格(予定価格の積算に用いたもの。原本の頁の説明: 施工地域、時期、現場条件が異なる場合、単価が異なる場合がある)。調査依頼: 愛知国道事務所 工務課 愛国-工-09 資材番号 002。調査区分: 〃(上の行と同じ: A①)。材工区分: 材料費 現場持込。単価適用地域: 局管内。報告月: R8.7。消費税の扱いは原本に記載なし。geo_code は原本の県名欄(調査を依頼した事務所の県)
316267c851893852,JP,material,特別調査（資材単価） 愛知国道事務所 工務課,吸音板,500×120×3960(ｱｲﾎﾞﾙﾄ有),枚,bureau_area,,,局管内,愛国-工-09#003,,286000,JPY,special_survey_price,published_pdl,,,2026-07,,cbr-tokuchou-shizai-r8-09-aichi,list_r8.09_shizai_愛知国道.pdf p.5,https://www.cbr.mlit.go.jp/architecture/kensetsugijutsu/unit_price/zip/r08/list_r8.09_shizai_aichi.zip,PDL1.0,,中部地整の事務所が工事ごとに行った特別調査の報告価格(予定価格の積算に用いたもの。原本の頁の説明: 施工地域、時期、現場条件が異なる場合、単価が異なる場合がある)。調査依頼: 愛知国道事務所 工務課 愛国-工-09 資材番号 003。調査区分: A①。材工区分: 材料費 現場持込。単価適用地域: 局管内。報告月: R8.7。消費税の扱いは原本に記載なし。geo_code は原本の県名欄(調査を依頼した事務所の県)
1a5019f4864c8a64,JP,material,特別調査（資材単価） 愛知国道事務所 工務課,吸音板,1000×120×3960(ｱｲﾎﾞﾙﾄ有),枚,bureau_area,,,局管内,愛国-工-09#004,,409000,JPY,special_survey_price,published_pdl,,,2026-07,,cbr-tokuchou-shizai-r8-09-aichi,list_r8.09_shizai_愛知国道.pdf p.5,https://www.cbr.mlit.go.jp/architecture/kensetsugijutsu/unit_price/zip/r08/list_r8.09_shizai_aichi.zip,PDL1.0,,中部地整の事務所が工事ごとに行った特別調査の報告価格(予定価格の積算に用いたもの。原本の頁の説明: 施工地域、時期、現場条件が異なる場合、単価が異なる場合がある)。調査依頼: 愛知国道事務所 工務課 愛国-工-09 資材番号 004。調査区分: 〃(上の行と同じ: A①)。材工区分: 材料費 現場持込。単価適用地域: 局管内。報告月: R8.7。消費税の扱いは原本に記載なし。geo_code は原本の県名欄(調査を依頼した事務所の県)
cd2d5f68a31a3832,JP,material,特別調査（資材単価） 愛知国道事務所 工務課,透光板,1000×95×3960(ｱｲﾎﾞﾙﾄ無),枚,bureau_area,,,局管内,愛国-工-09#005,,302000,JPY,special_survey_price,published_pdl,,,2026-07,,cbr-tokuchou-shizai-r8-09-aichi,list_r8.09_shizai_愛知国道.pdf p.5,https://www.cbr.mlit.go.jp/architecture/kensetsugijutsu/unit_price/zip/r08/list_r8.09_shizai_aichi.zip,PDL1.0,,中部地整の事務所が工事ごとに行った特別調査の報告価格(予定価格の積算に用いたもの。原本の頁の説明: 施工地域、時期、現場条件が異なる場合、単価が異なる場合がある)。調査依頼: 愛知国道事務所 工務課 愛国-工-09 資材番号 005。調査区分: A①。材工区分: 材料費 現場持込。単価適用地域: 局管内。報告月: R8.7。消費税の扱いは原本に記載なし。geo_code は原本の県名欄(調査を依頼した事務所の県)
0cab58470261079b,JP,material,特別調査（資材単価） 愛知国道事務所 工務課,門扉,H1800×W4000,基,bureau_area,,,局管内,愛国-工-09#017,,322000,JPY,special_survey_price,published_pdl,,,2026-07,,cbr-tokuchou-shizai-r8-09-aichi,list_r8.09_shizai_愛知国道.pdf p.5,https://www.cbr.mlit.go.jp/architecture/kensetsugijutsu/unit_price/zip/r08/list_r8.09_shizai_aichi.zip,PDL1.0,,中部地整の事務所が工事ごとに行った特別調査の報告価格(予定価格の積算に用いたもの。原本の頁の説明: 施工地域、時期、現場条件が異なる場合、単価が異なる場合がある)。調査依頼: 愛知国道事務所 工務課 愛国-工-09 資材番号 017。調査区分: A①。材工区分: 材料費 現場持込。単価適用地域: 局管内。報告月: R8.7。消費税の扱いは原本に記載なし。geo_code は原本の県名欄(調査を依頼した事務所の県)
7e64dbbf1d461a9e,JP,material,特別調査（資材単価） 愛知国道事務所 工務課,粒度調整砕石 (305大府市､東海市),M-30,m3,pref,23,愛知県,305愛知大府市,愛国-工-12#001,,5150,JPY,special_survey_price,published_pdl,,,2026-07,,cbr-tokuchou-shizai-r8-09-aichi,list_r8.09_shizai_愛知国道.pdf p.6,https://www.cbr.mlit.go.jp/architecture/kensetsugijutsu/unit_price/zip/r08/list_r8.09_shizai_aichi.zip,PDL1.0,,中部地整の事務所が工事ごとに行った特別調査の報告価格(予定価格の積算に用いたもの。原本の頁の説明: 施工地域、時期、現場条件が異なる場合、単価が異なる場合がある)。調査依頼: 愛知国道事務所 工務課 愛国-工-12 資材番号 001。調査区分: B①。材工区分: 材料費 現場持込。単価適用地域: 305愛知大府市。報告月: R8.7。消費税の扱いは原本に記載なし。geo_code は原本の県名欄(調査を依頼した事務所の県)
a3d2a1e7104e0cfe,JP,material,特別調査（資材単価） 愛知国道事務所 工務課,ｱｽﾌｧﾙﾄ合材割増単価 (305大府市､東海市),夜間割増,t,pref,23,愛知県,305愛知大府市,愛国-工-12#002,,700,JPY,special_survey_price,published_pdl,,,2026-07,,cbr-tokuchou-shizai-r8-09-aichi,list_r8.09_shizai_愛知国道.pdf p.6,https://www.cbr.mlit.go.jp/architecture/kensetsugijutsu/unit_price/zip/r08/list_r8.09_shizai_aichi.zip,PDL1.0,,中部地整の事務所が工事ごとに行った特別調査の報告価格(予定価格の積算に用いたもの。原本の頁の説明: 施工地域、時期、現場条件が異なる場合、単価が異なる場合がある)。調査依頼: 愛知国道事務所 工務課 愛国-工-12 資材番号 002。調査区分: B①。材工区分: 材料費 現場持込。単価適用地域: 305愛知大府市。報告月: R8.7。消費税の扱いは原本に記載なし。geo_code は原本の県名欄(調査を依頼した事務所の県)
3d31d1e5a45a553d,JP,material,特別調査（資材単価） 愛知国道事務所 工務課,ﾌﾟﾚｷｬｽﾄU型側溝,PU-B300-H500 L=600,個,pref,23,愛知県,東海市,愛国-工-12#003,,4800,JPY,special_survey_price,published_pdl,,,2026-07,,cbr-tokuchou-shizai-r8-09-aichi,list_r8.09_shizai_愛知国道.pdf p.6,https://www.cbr.mlit.go.jp/architecture/kensetsugijutsu/unit_price/zip/r08/list_r8.09_shizai_aichi.zip,PDL1.0,,中部地整の事務所が工事ごとに行った特別調査の報告価格(予定価格の積算に用いたもの。原本の頁の説明: 施工地域、時期、現場条件が異なる場合、単価が異なる場合がある)。調査依頼: 愛知国道事務所 工務課 愛国-工-12 資材番号 003。調査区分: A①。材工区分: 材料費 現場持込。単価適用地域: 東海市。報告月: R8.7。消費税の扱いは原本に記載なし。geo_code は原本の県名欄(調査を依頼した事務所の県)
078524b7da3aa098,JP,material,特別調査（資材単価） 愛知国道事務所 工務課,ｶﾞｰﾄﾞﾚｰﾙ,Gr-Am-2B(特)白色,m,bureau_area,,,局管内,愛国-工-12#004,,13400,JPY,special_survey_price,published_pdl,,,2026-07,,cbr-tokuchou-shizai-r8-09-aichi,list_r8.09_shizai_愛知国道.pdf p.6,https://www.cbr.mlit.go.jp/architecture/kensetsugijutsu/unit_price/zip/r08/list_r8.09_shizai_aichi.zip,PDL1.0,,中部地整の事務所が工事ごとに行った特別調査の報告価格(予定価格の積算に用いたもの。原本の頁の説明: 施工地域、時期、現場条件が異なる場合、単価が異なる場合がある)。調査依頼: 愛知国道事務所 工務課 愛国-工-12 資材番号 004。調査区分: A①。材工区分: 材料費 現場持込。単価適用地域: 局管内。報告月: R8.7。消費税の扱いは原本に記載なし。geo_code は原本の県名欄(調査を依頼した事務所の県)
92a3cc5cffcc3ec4,JP,material,特別調査（資材単価） 設楽ダム工事事務所 工務課,ﾍﾞﾙﾜｯｼｬｰ,Φ76 ﾒｯｷ,個,bureau_area,,,局管内,設楽-工-01#004,,1530,JPY,special_survey_price,published_pdl,,,2026-06,,cbr-tokuchou-shizai-r8-09-aichi,list_r8.09_shizai_設楽ダム工事.pdf p.1,https://www.cbr.mlit.go.jp/architecture/kensetsugijutsu/unit_price/zip/r08/list_r8.09_shizai_aichi.zip,PDL1.0,,中部地整の事務所が工事ごとに行った特別調査の報告価格(予定価格の積算に用いたもの。原本の頁の説明: 施工地域、時期、現場条件が異なる場合、単価が異なる場合がある)。調査依頼: 設楽ダム工事事務所 工務課 設楽-工-01 資材番号 004。調査区分: A①。材工区分: 材料費 現場持込。単価適用地域: 局管内。報告月: R8.6。消費税の扱いは原本に記載なし。geo_code は原本の県名欄(調査を依頼した事務所の県)
2ad8c9f3b7270dd2,JP,material,特別調査（資材単価） 設楽ダム工事事務所 工務課,ｺﾏﾅｯﾄ,D25N用 ﾒｯｷ,個,bureau_area,,,局管内,設楽-工-01#005,,690,JPY,special_survey_price,published_pdl,,,2026-06,,cbr-tokuchou-shizai-r8-09-aichi,list_r8.09_shizai_設楽ダム工事.pdf p.1,https://www.cbr.mlit.go.jp/architecture/kensetsugijutsu/unit_price/zip/r08/list_r8.09_shizai_aichi.zip,PDL1.0,,中部地整の事務所が工事ごとに行った特別調査の報告価格(予定価格の積算に用いたもの。原本の頁の説明: 施工地域、時期、現場条件が異なる場合、単価が異なる場合がある)。調査依頼: 設楽ダム工事事務所 工務課 設楽-工-01 資材番号 005。調査区分: A①。材工区分: 材料費 現場持込。単価適用地域: 局管内。報告月: R8.6。消費税の扱いは原本に記載なし。geo_code は原本の県名欄(調査を依頼した事務所の県)
bab7619bef0ef6b3,JP,material,特別調査（資材単価） 設楽ダム工事事務所 工務課,ｺﾏﾅｯﾄ,D22N用 ﾒｯｷ,個,bureau_area,,,局管内,設楽-工-01#006,,650,JPY,special_survey_price,published_pdl,,,2026-06,,cbr-tokuchou-shizai-r8-09-aichi,list_r8.09_shizai_設楽ダム工事.pdf p.1,https://www.cbr.mlit.go.jp/architecture/kensetsugijutsu/unit_price/zip/r08/list_r8.09_shizai_aichi.zip,PDL1.0,,中部地整の事務所が工事ごとに行った特別調査の報告価格(予定価格の積算に用いたもの。原本の頁の説明: 施工地域、時期、現場条件が異なる場合、単価が異なる場合がある)。調査依頼: 設楽ダム工事事務所 工務課 設楽-工-01 資材番号 006。調査区分: 〃(上の行と同じ: A①)。材工区分: 材料費 現場持込。単価適用地域: 局管内。報告月: R8.6。消費税の扱いは原本に記載なし。geo_code は原本の県名欄(調査を依頼した事務所の県)
e411569f4ff032e6,JP,material,特別調査（資材単価） 設楽ダム工事事務所 工務課,ﾍﾞﾝﾁﾌﾘｭｰﾑ,BF1-300 L=2000,個,pref,23,愛知県,設楽町,設楽-工-01#007,,7790,JPY,special_survey_price,published_pdl,,,2026-06,,cbr-tokuchou-shizai-r8-09-aichi,list_r8.09_shizai_設楽ダム工事.pdf p.1,https://www.cbr.mlit.go.jp/architecture/kensetsugijutsu/unit_price/zip/r08/list_r8.09_shizai_aichi.zip,PDL1.0,,中部地整の事務所が工事ごとに行った特別調査の報告価格(予定価格の積算に用いたもの。原本の頁の説明: 施工地域、時期、現場条件が異なる場合、単価が異なる場合がある)。調査依頼: 設楽ダム工事事務所 工務課 設楽-工-01 資材番号 007。調査区分: A①。材工区分: 材料費 現場持込。単価適用地域: 設楽町。報告月: R8.6。消費税の扱いは原本に記載なし。geo_code は原本の県名欄(調査を依頼した事務所の県)
be0bf4ceeb32f0d1,JP,material,特別調査（資材単価） 設楽ダム工事事務所 工務課,ﾍﾞﾝﾁﾌﾘｭｰﾑ,BF2-300 L=2000,個,pref,23,愛知県,設楽町,設楽-工-01#008,,8200,JPY,special_survey_price,published_pdl,,,2026-06,,cbr-tokuchou-shizai-r8-09-aichi,list_r8.09_shizai_設楽ダム工事.pdf p.1,https://www.cbr.mlit.go.jp/architecture/kensetsugijutsu/unit_price/zip/r08/list_r8.09_shizai_aichi.zip,PDL1.0,,中部地整の事務所が工事ごとに行った特別調査の報告価格(予定価格の積算に用いたもの。原本の頁の説明: 施工地域、時期、現場条件が異なる場合、単価が異なる場合がある)。調査依頼: 設楽ダム工事事務所 工務課 設楽-工-01 資材番号 008。調査区分: 〃(上の行と同じ: A①)。材工区分: 材料費 現場持込。単価適用地域: 設楽町。報告月: R8.6。消費税の扱いは原本に記載なし。geo_code は原本の県名欄(調査を依頼した事務所の県)
ec162b8888f2485b,JP,material,特別調査（資材単価） 設楽ダム工事事務所 工務課,ｺﾝｸﾘｰﾄ用骨材 砂,洗い 細目,m3,pref,23,愛知県,316愛知設楽,設楽-工-01#009,,6800,JPY,special_survey_price,published_pdl,,,2026-06,,cbr-tokuchou-shizai-r8-09-aichi,list_r8.09_shizai_設楽ダム工事.pdf p.1,https://www.cbr.mlit.go.jp/architecture/kensetsugijutsu/unit_price/zip/r08/list_r8.09_shizai_aichi.zip,PDL1.0,,中部地整の事務所が工事ごとに行った特別調査の報告価格(予定価格の積算に用いたもの。原本の頁の説明: 施工地域、時期、現場条件が異なる場合、単価が異なる場合がある)。調査依頼: 設楽ダム工事事務所 工務課 設楽-工-01 資材番号 009。調査区分: B①。材工区分: 材料費 現場持込。単価適用地域: 316愛知設楽。報告月: R8.6。消費税の扱いは原本に記載なし。geo_code は原本の県名欄(調査を依頼した事務所の県)
cbfebfab84d17406,JP,material,特別調査（資材単価） 設楽ダム工事事務所 工務課,縞鋼板蓋,550×500×4.5 溶融亜鉛ﾒｯｷ,枚,bureau_area,,,局管内,設楽-工-01#011,,14000,JPY,special_survey_price,published_pdl,,,2026-06,,cbr-tokuchou-shizai-r8-09-aichi,list_r8.09_shizai_設楽ダム工事.pdf p.1,https://www.cbr.mlit.go.jp/architecture/kensetsugijutsu/unit_price/zip/r08/list_r8.09_shizai_aichi.zip,PDL1.0,,中部地整の事務所が工事ごとに行った特別調査の報告価格(予定価格の積算に用いたもの。原本の頁の説明: 施工地域、時期、現場条件が異なる場合、単価が異なる場合がある)。調査依頼: 設楽ダム工事事務所 工務課 設楽-工-01 資材番号 011。調査区分: A①。材工区分: 材料費 現場持込。単価適用地域: 局管内。報告月: R8.6。消費税の扱いは原本に記載なし。geo_code は原本の県名欄(調査を依頼した事務所の県)
0ec66b2e1b8b6f9a,JP,material,特別調査（資材単価） 設楽ダム工事事務所 工務課,杭ﾌﾚｰﾑ(標準型),KF-457-3 S-P-S 付属部材含む(ﾎﾞﾙﾄ含む),基,pref,23,愛知県,,設楽-工-01#013,,,JPY,special_survey_price,not_set,,,2026-06,,cbr-tokuchou-shizai-r8-09-aichi,list_r8.09_shizai_設楽ダム工事.pdf p.1,https://www.cbr.mlit.go.jp/architecture/kensetsugijutsu/unit_price/zip/r08/list_r8.09_shizai_aichi.zip,PDL1.0,,中部地整の事務所が工事ごとに行った特別調査の報告価格(予定価格の積算に用いたもの。原本の頁の説明: 施工地域、時期、現場条件が異なる場合、単価が異なる場合がある)。調査依頼: 設楽ダム工事事務所 工務課 設楽-工-01 資材番号 013。調査区分: (空欄)。材工区分: 材料費 工場渡し。単価適用地域: (空欄)。報告月: R8.6。備考: №013-01へ変更。消費税の扱いは原本に記載なし。geo_code は原本の県名欄(調査を依頼した事務所の県)。価格欄: -
049496a1a4d46645,JP,material,特別調査（資材単価） 設楽ダム工事事務所 工務課,上部工部材,鋼製パネル部材,ｔ,bureau_area,,,局管内,設楽-工-01#013-01,,471000,JPY,special_survey_price,published_pdl,,,2026-06,,cbr-tokuchou-shizai-r8-09-aichi,list_r8.09_shizai_設楽ダム工事.pdf p.1,https://www.cbr.mlit.go.jp/architecture/kensetsugijutsu/unit_price/zip/r08/list_r8.09_shizai_aichi.zip,PDL1.0,,中部地整の事務所が工事ごとに行った特別調査の報告価格(予定価格の積算に用いたもの。原本の頁の説明: 施工地域、時期、現場条件が異なる場合、単価が異なる場合がある)。調査依頼: 設楽ダム工事事務所 工務課 設楽-工-01 資材番号 013-01。調査区分: A①。材工区分: 材料費 工場渡し。単価適用地域: 局管内。報告月: R8.6。消費税の扱いは原本に記載なし。geo_code は原本の県名欄(調査を依頼した事務所の県)
955c1948aef67687,JP,material,特別調査（資材単価） 設楽ダム工事事務所 工務課,ｶﾞｲﾄﾞﾘﾝｸﾞ(標準型),KF-457-2 S-P-V 付属部含む(ﾎﾞﾙﾄ含む),基,pref,23,愛知県,,設楽-工-01#014,,,JPY,special_survey_price,not_set,,,2026-06,,cbr-tokuchou-shizai-r8-09-aichi,list_r8.09_shizai_設楽ダム工事.pdf p.1,https://www.cbr.mlit.go.jp/architecture/kensetsugijutsu/unit_price/zip/r08/list_r8.09_shizai_aichi.zip,PDL1.0,,中部地整の事務所が工事ごとに行った特別調査の報告価格(予定価格の積算に用いたもの。原本の頁の説明: 施工地域、時期、現場条件が異なる場合、単価が異なる場合がある)。調査依頼: 設楽ダム工事事務所 工務課 設楽-工-01 資材番号 014。調査区分: (空欄)。材工区分: 材料費 工場渡し。単価適用地域: (空欄)。報告月: R8.6。備考: №013-01へ変更。消費税の扱いは原本に記載なし。geo_code は原本の県名欄(調査を依頼した事務所の県)。価格欄: -
83288ee37cb0c208,JP,material,特別調査（資材単価） 設楽ダム工事事務所 工務課,片端ﾋﾝｼﾞ杭ﾌﾚｰﾑ(標準型),KF-457-2 付属部材含む(ﾎﾞﾙﾄ含む),基,pref,23,愛知県,,設楽-工-01#015,,,JPY,special_survey_price,not_set,,,2026-06,,cbr-tokuchou-shizai-r8-09-aichi,list_r8.09_shizai_設楽ダム工事.pdf p.1,https://www.cbr.mlit.go.jp/architecture/kensetsugijutsu/unit_price/zip/r08/list_r8.09_shizai_aichi.zip,PDL1.0,,中部地整の事務所が工事ごとに行った特別調査の報告価格(予定価格の積算に用いたもの。原本の頁の説明: 施工地域、時期、現場条件が異なる場合、単価が異なる場合がある)。調査依頼: 設楽ダム工事事務所 工務課 設楽-工-01 資材番号 015。調査区分: (空欄)。材工区分: 材料費 工場渡し。単価適用地域: (空欄)。報告月: R8.6。備考: №013-01へ変更。消費税の扱いは原本に記載なし。geo_code は原本の県名欄(調査を依頼した事務所の県)。価格欄: -
9ce0fca2f8773eaf,JP,material,特別調査（資材単価） 設楽ダム工事事務所 工務課,杭ﾌﾚｰﾑ(勾配型),KFS-457-3 付属部材含む(ﾎﾞﾙﾄ含む),基,pref,23,愛知県,,設楽-工-01#016,,,JPY,special_survey_price,not_set,,,2026-06,,cbr-tokuchou-shizai-r8-09-aichi,list_r8.09_shizai_設楽ダム工事.pdf p.1,https://www.cbr.mlit.go.jp/architecture/kensetsugijutsu/unit_price/zip/r08/list_r8.09_shizai_aichi.zip,PDL1.0,,中部地整の事務所が工事ごとに行った特別調査の報告価格(予定価格の積算に用いたもの。原本の頁の説明: 施工地域、時期、現場条件が異なる場合、単価が異なる場合がある)。調査依頼: 設楽ダム工事事務所 工務課 設楽-工-01 資材番号 016。調査区分: (空欄)。材工区分: 材料費 工場渡し。単価適用地域: (空欄)。報告月: R8.6。備考: №013-01へ変更。消費税の扱いは原本に記載なし。geo_code は原本の県名欄(調査を依頼した事務所の県)。価格欄: -
029c1715c2a66ef4,JP,material,特別調査（資材単価） 設楽ダム工事事務所 工務課,10m支間ﾒｲﾝﾌﾚｰﾑ,MF-457-10M 付属部材含む(ﾎﾞﾙﾄ含む),基,pref,23,愛知県,,設楽-工-01#017,,,JPY,special_survey_price,not_set,,,2026-06,,cbr-tokuchou-shizai-r8-09-aichi,list_r8.09_shizai_設楽ダム工事.pdf p.1,https://www.cbr.mlit.go.jp/architecture/kensetsugijutsu/unit_price/zip/r08/list_r8.09_shizai_aichi.zip,PDL1.0,,中部地整の事務所が工事ごとに行った特別調査の報告価格(予定価格の積算に用いたもの。原本の頁の説明: 施工地域、時期、現場条件が異なる場合、単価が異なる場合がある)。調査依頼: 設楽ダム工事事務所 工務課 設楽-工-01 資材番号 017。調査区分: (空欄)。材工区分: 材料費 工場渡し。単価適用地域: (空欄)。報告月: R8.6。備考: №013-01へ変更。消費税の扱いは原本に記載なし。geo_code は原本の県名欄(調査を依頼した事務所の県)。価格欄: -
c230ddaed8799829,JP,material,特別調査（資材単価） 設楽ダム工事事務所 工務課,8m支間ﾒｲﾝﾌﾚｰﾑ,MF-457-8M 付属部材含む(ﾎﾞﾙﾄ含む),基,pref,23,愛知県,,設楽-工-01#018,,,JPY,special_survey_price,not_set,,,2026-06,,cbr-tokuchou-shizai-r8-09-aichi,list_r8.09_shizai_設楽ダム工事.pdf p.1,https://www.cbr.mlit.go.jp/architecture/kensetsugijutsu/unit_price/zip/r08/list_r8.09_shizai_aichi.zip,PDL1.0,,中部地整の事務所が工事ごとに行った特別調査の報告価格(予定価格の積算に用いたもの。原本の頁の説明: 施工地域、時期、現場条件が異なる場合、単価が異なる場合がある)。調査依頼: 設楽ダム工事事務所 工務課 設楽-工-01 資材番号 018。調査区分: (空欄)。材工区分: 材料費 工場渡し。単価適用地域: (空欄)。報告月: R8.6。備考: №013-01へ変更。消費税の扱いは原本に記載なし。geo_code は原本の県名欄(調査を依頼した事務所の県)。価格欄: -
0317ad1c3bc57e29,JP,material,特別調査（資材単価） 設楽ダム工事事務所 工務課,6m支間ﾒｲﾝﾌﾚｰﾑ,MF-457-6M 付属部材含む(ﾎﾞﾙﾄ含む),基,pref,23,愛知県,,設楽-工-01#019,,,JPY,special_survey_price,not_set,,,2026-06,,cbr-tokuchou-shizai-r8-09-aichi,list_r8.09_shizai_設楽ダム工事.pdf p.1,https://www.cbr.mlit.go.jp/architecture/kensetsugijutsu/unit_price/zip/r08/list_r8.09_shizai_aichi.zip,PDL1.0,,中部地整の事務所が工事ごとに行った特別調査の報告価格(予定価格の積算に用いたもの。原本の頁の説明: 施工地域、時期、現場条件が異なる場合、単価が異なる場合がある)。調査依頼: 設楽ダム工事事務所 工務課 設楽-工-01 資材番号 019。調査区分: (空欄)。材工区分: 材料費 工場渡し。単価適用地域: (空欄)。報告月: R8.6。備考: №013-01へ変更。消費税の扱いは原本に記載なし。geo_code は原本の県名欄(調査を依頼した事務所の県)。価格欄: -
b17320f45407ee76,JP,material,特別調査（資材単価） 設楽ダム工事事務所 工務課,6m拡幅(両端部)ﾒｲﾝﾌﾚｰﾑ,MF-457-6M-S 付属部材含む(ﾎﾞﾙﾄ含む),基,pref,23,愛知県,,設楽-工-01#020,,,JPY,special_survey_price,not_set,,,2026-06,,cbr-tokuchou-shizai-r8-09-aichi,list_r8.09_shizai_設楽ダム工事.pdf p.1,https://www.cbr.mlit.go.jp/architecture/kensetsugijutsu/unit_price/zip/r08/list_r8.09_shizai_aichi.zip,PDL1.0,,中部地整の事務所が工事ごとに行った特別調査の報告価格(予定価格の積算に用いたもの。原本の頁の説明: 施工地域、時期、現場条件が異なる場合、単価が異なる場合がある)。調査依頼: 設楽ダム工事事務所 工務課 設楽-工-01 資材番号 020。調査区分: (空欄)。材工区分: 材料費 工場渡し。単価適用地域: (空欄)。報告月: R8.6。備考: №013-01へ変更。消費税の扱いは原本に記載なし。geo_code は原本の県名欄(調査を依頼した事務所の県)。価格欄: -
ae3d8c0d5de422e3,JP,material,特別調査（資材単価） 設楽ダム工事事務所 工務課,6m拡幅(中央部)ﾒｲﾝﾌﾚｰﾑ,MF-457-6M-C 付属部材含む,基,pref,23,愛知県,,設楽-工-01#021,,,JPY,special_survey_price,not_set,,,2026-06,,cbr-tokuchou-shizai-r8-09-aichi,list_r8.09_shizai_設楽ダム工事.pdf p.1,https://www.cbr.mlit.go.jp/architecture/kensetsugijutsu/unit_price/zip/r08/list_r8.09_shizai_aichi.zip,PDL1.0,,中部地整の事務所が工事ごとに行った特別調査の報告価格(予定価格の積算に用いたもの。原本の頁の説明: 施工地域、時期、現場条件が異なる場合、単価が異なる場合がある)。調査依頼: 設楽ダム工事事務所 工務課 設楽-工-01 資材番号 021。調査区分: (空欄)。材工区分: 材料費 工場渡し。単価適用地域: (空欄)。報告月: R8.6。備考: №013-01へ変更。消費税の扱いは原本に記載なし。geo_code は原本の県名欄(調査を依頼した事務所の県)。価格欄: -
a32f8c560c8580c2,JP,material,特別調査（資材単価） 設楽ダム工事事務所 工務課,6m拡幅桁,BM-457-6M(ﾎﾞﾙﾄ含む),基,pref,23,愛知県,,設楽-工-01#022,,,JPY,special_survey_price,not_set,,,2026-06,,cbr-tokuchou-shizai-r8-09-aichi,list_r8.09_shizai_設楽ダム工事.pdf p.1,https://www.cbr.mlit.go.jp/architecture/kensetsugijutsu/unit_price/zip/r08/list_r8.09_shizai_aichi.zip,PDL1.0,,中部地整の事務所が工事ごとに行った特別調査の報告価格(予定価格の積算に用いたもの。原本の頁の説明: 施工地域、時期、現場条件が異なる場合、単価が異なる場合がある)。調査依頼: 設楽ダム工事事務所 工務課 設楽-工-01 資材番号 022。調査区分: (空欄)。材工区分: 材料費 工場渡し。単価適用地域: (空欄)。報告月: R8.6。備考: №013-01へ変更。消費税の扱いは原本に記載なし。geo_code は原本の県名欄(調査を依頼した事務所の県)。価格欄: -
da70672655f55f1d,JP,material,特別調査（資材単価） 設楽ダム工事事務所 工務課,2m拡幅桁,BM-457-2M(ﾎﾞﾙﾄ含む),基,pref,23,愛知県,,設楽-工-01#023,,,JPY,special_survey_price,not_set,,,2026-06,,cbr-tokuchou-shizai-r8-09-aichi,list_r8.09_shizai_設楽ダム工事.pdf p.2,https://www.cbr.mlit.go.jp/architecture/kensetsugijutsu/unit_price/zip/r08/list_r8.09_shizai_aichi.zip,PDL1.0,,中部地整の事務所が工事ごとに行った特別調査の報告価格(予定価格の積算に用いたもの。原本の頁の説明: 施工地域、時期、現場条件が異なる場合、単価が異なる場合がある)。調査依頼: 設楽ダム工事事務所 工務課 設楽-工-01 資材番号 023。調査区分: (空欄)。材工区分: 材料費 工場渡し。単価適用地域: (空欄)。報告月: R8.6。備考: №013-01へ変更。消費税の扱いは原本に記載なし。geo_code は原本の県名欄(調査を依頼した事務所の県)。価格欄: -
225b114aaa88281e,JP,material,特別調査（資材単価） 設楽ダム工事事務所 工務課,車止め,380×100×10.5 穴開け加工,m,pref,23,愛知県,,設楽-工-01#024,,,JPY,special_survey_price,not_set,,,2026-06,,cbr-tokuchou-shizai-r8-09-aichi,list_r8.09_shizai_設楽ダム工事.pdf p.2,https://www.cbr.mlit.go.jp/architecture/kensetsugijutsu/unit_price/zip/r08/list_r8.09_shizai_aichi.zip,PDL1.0,,中部地整の事務所が工事ごとに行った特別調査の報告価格(予定価格の積算に用いたもの。原本の頁の説明: 施工地域、時期、現場条件が異なる場合、単価が異なる場合がある)。調査依頼: 設楽ダム工事事務所 工務課 設楽-工-01 資材番号 024。調査区分: (空欄)。材工区分: 材料費 工場渡し。単価適用地域: (空欄)。報告月: R8.6。備考: №024-01へ変更。消費税の扱いは原本に記載なし。geo_code は原本の県名欄(調査を依頼した事務所の県)。価格欄: -
507d9b874d22248f,JP,material,特別調査（資材単価） 設楽ダム工事事務所 工務課,上部工副部材Ⅰ,車止め・ガードレール受桁・覆工桁,t,bureau_area,,,局管内,設楽-工-01#024-01,,361000,JPY,special_survey_price,published_pdl,,,2026-06,,cbr-tokuchou-shizai-r8-09-aichi,list_r8.09_shizai_設楽ダム工事.pdf p.2,https://www.cbr.mlit.go.jp/architecture/kensetsugijutsu/unit_price/zip/r08/list_r8.09_shizai_aichi.zip,PDL1.0,,中部地整の事務所が工事ごとに行った特別調査の報告価格(予定価格の積算に用いたもの。原本の頁の説明: 施工地域、時期、現場条件が異なる場合、単価が異なる場合がある)。調査依頼: 設楽ダム工事事務所 工務課 設楽-工-01 資材番号 024-01。調査区分: A①。材工区分: 材料費 工場渡し。単価適用地域: 局管内。報告月: R8.6。消費税の扱いは原本に記載なし。geo_code は原本の県名欄(調査を依頼した事務所の県)
4f9708cfe84c242a,JP,material,特別調査（資材単価） 設楽ダム工事事務所 工務課,覆工桁,LBDS-6(CB25) L=6m,本,pref,23,愛知県,,設楽-工-01#025,,,JPY,special_survey_price,not_set,,,2026-06,,cbr-tokuchou-shizai-r8-09-aichi,list_r8.09_shizai_設楽ダム工事.pdf p.2,https://www.cbr.mlit.go.jp/architecture/kensetsugijutsu/unit_price/zip/r08/list_r8.09_shizai_aichi.zip,PDL1.0,,中部地整の事務所が工事ごとに行った特別調査の報告価格(予定価格の積算に用いたもの。原本の頁の説明: 施工地域、時期、現場条件が異なる場合、単価が異なる場合がある)。調査依頼: 設楽ダム工事事務所 工務課 設楽-工-01 資材番号 025。調査区分: (空欄)。材工区分: 材料費 工場渡し。単価適用地域: (空欄)。報告月: R8.6。備考: №024-01へ変更。消費税の扱いは原本に記載なし。geo_code は原本の県名欄(調査を依頼した事務所の県)。価格欄: -
083d0468c159aedc,JP,material,特別調査（資材単価） 設楽ダム工事事務所 工務課,ｶﾞｰﾄﾞﾚｰﾙ受桁A,LBGB-6(6m),本,pref,23,愛知県,,設楽-工-01#026,,,JPY,special_survey_price,not_set,,,2026-06,,cbr-tokuchou-shizai-r8-09-aichi,list_r8.09_shizai_設楽ダム工事.pdf p.2,https://www.cbr.mlit.go.jp/architecture/kensetsugijutsu/unit_price/zip/r08/list_r8.09_shizai_aichi.zip,PDL1.0,,中部地整の事務所が工事ごとに行った特別調査の報告価格(予定価格の積算に用いたもの。原本の頁の説明: 施工地域、時期、現場条件が異なる場合、単価が異なる場合がある)。調査依頼: 設楽ダム工事事務所 工務課 設楽-工-01 資材番号 026。調査区分: (空欄)。材工区分: 材料費 工場渡し。単価適用地域: (空欄)。報告月: R8.6。備考: №024-01へ変更。消費税の扱いは原本に記載なし。geo_code は原本の県名欄(調査を依頼した事務所の県)。価格欄: -
0d968444b41af76b,JP,material,特別調査（資材単価） 設楽ダム工事事務所 工務課,ｶﾞｰﾄﾞﾚｰﾙ受桁B,LBGB-6(2m)H301加工品,本,pref,23,愛知県,,設楽-工-01#027,,,JPY,special_survey_price,not_set,,,2026-06,,cbr-tokuchou-shizai-r8-09-aichi,list_r8.09_shizai_設楽ダム工事.pdf p.2,https://www.cbr.mlit.go.jp/architecture/kensetsugijutsu/unit_price/zip/r08/list_r8.09_shizai_aichi.zip,PDL1.0,,中部地整の事務所が工事ごとに行った特別調査の報告価格(予定価格の積算に用いたもの。原本の頁の説明: 施工地域、時期、現場条件が異なる場合、単価が異なる場合がある)。調査依頼: 設楽ダム工事事務所 工務課 設楽-工-01 資材番号 027。調査区分: (空欄)。材工区分: 材料費 工場渡し。単価適用地域: (空欄)。報告月: R8.6。備考: №024-01へ変更。消費税の扱いは原本に記載なし。geo_code は原本の県名欄(調査を依頼した事務所の県)。価格欄: -
1ecf9a7a413068aa,JP,material,特別調査（資材単価） 設楽ダム工事事務所 工務課,ｶﾞｰﾄﾞﾚｰﾙ受桁C,LBGB-6(2m)H301加工品,本,pref,23,愛知県,,設楽-工-01#028,,,JPY,special_survey_price,not_set,,,2026-06,,cbr-tokuchou-shizai-r8-09-aichi,list_r8.09_shizai_設楽ダム工事.pdf p.2,https://www.cbr.mlit.go.jp/architecture/kensetsugijutsu/unit_price/zip/r08/list_r8.09_shizai_aichi.zip,PDL1.0,,中部地整の事務所が工事ごとに行った特別調査の報告価格(予定価格の積算に用いたもの。原本の頁の説明: 施工地域、時期、現場条件が異なる場合、単価が異なる場合がある)。調査依頼: 設楽ダム工事事務所 工務課 設楽-工-01 資材番号 028。調査区分: (空欄)。材工区分: 材料費 工場渡し。単価適用地域: (空欄)。報告月: R8.6。備考: №024-01へ変更。消費税の扱いは原本に記載なし。geo_code は原本の県名欄(調査を依頼した事務所の県)。価格欄: -
7ce5b9ac7e7da12e,JP,material,特別調査（資材単価） 設楽ダム工事事務所 工務課,覆工板押え金具,BP180×9.5,個,bureau_area,,,局管内,設楽-工-01#029,,4000,JPY,special_survey_price,published_pdl,,,2026-06,,cbr-tokuchou-shizai-r8-09-aichi,list_r8.09_shizai_設楽ダム工事.pdf p.2,https://www.cbr.mlit.go.jp/architecture/kensetsugijutsu/unit_price/zip/r08/list_r8.09_shizai_aichi.zip,PDL1.0,,中部地整の事務所が工事ごとに行った特別調査の報告価格(予定価格の積算に用いたもの。原本の頁の説明: 施工地域、時期、現場条件が異なる場合、単価が異なる場合がある)。調査依頼: 設楽ダム工事事務所 工務課 設楽-工-01 資材番号 029。調査区分: A①。材工区分: 材料費 工場渡し。単価適用地域: 局管内。報告月: R8.6。消費税の扱いは原本に記載なし。geo_code は原本の県名欄(調査を依頼した事務所の県)
165bbfcbbae5b8d9,JP,material,特別調査（資材単価） 設楽ダム工事事務所 工務課,覆工板,落込み式補強型 すべり止め加工なし 6.0m×1.0,m2,pref,23,愛知県,,設楽-工-01#031,,,JPY,special_survey_price,not_set,,,2026-06,,cbr-tokuchou-shizai-r8-09-aichi,list_r8.09_shizai_設楽ダム工事.pdf p.2,https://www.cbr.mlit.go.jp/architecture/kensetsugijutsu/unit_price/zip/r08/list_r8.09_shizai_aichi.zip,PDL1.0,,中部地整の事務所が工事ごとに行った特別調査の報告価格(予定価格の積算に用いたもの。原本の頁の説明: 施工地域、時期、現場条件が異なる場合、単価が異なる場合がある)。調査依頼: 設楽ダム工事事務所 工務課 設楽-工-01 資材番号 031。調査区分: (空欄)。材工区分: 材料費 工場渡し。単価適用地域: (空欄)。報告月: R8.6。備考: №031-01へ変更。消費税の扱いは原本に記載なし。geo_code は原本の県名欄(調査を依頼した事務所の県)。価格欄: -
16c63b724a26f27c,JP,material,特別調査（資材単価） 設楽ダム工事事務所 工務課,覆工板,落込み式 補強型 すべり止め加工なし,m2,bureau_area,,,局管内,設楽-工-01#031-01,,58000,JPY,special_survey_price,published_pdl,,,2026-06,,cbr-tokuchou-shizai-r8-09-aichi,list_r8.09_shizai_設楽ダム工事.pdf p.2,https://www.cbr.mlit.go.jp/architecture/kensetsugijutsu/unit_price/zip/r08/list_r8.09_shizai_aichi.zip,PDL1.0,,中部地整の事務所が工事ごとに行った特別調査の報告価格(予定価格の積算に用いたもの。原本の頁の説明: 施工地域、時期、現場条件が異なる場合、単価が異なる場合がある)。調査依頼: 設楽ダム工事事務所 工務課 設楽-工-01 資材番号 031-01。調査区分: A①。材工区分: 材料費 工場渡し。単価適用地域: 局管内。報告月: R8.6。消費税の扱いは原本に記載なし。geo_code は原本の県名欄(調査を依頼した事務所の県)
4829485696f69e46,JP,material,特別調査（資材単価） 設楽ダム工事事務所 工務課,覆工板,落込み式補強型 すべり止め加工なし 2.0m×1.0,m2,pref,23,愛知県,,設楽-工-01#032,,,JPY,special_survey_price,not_set,,,2026-06,,cbr-tokuchou-shizai-r8-09-aichi,list_r8.09_shizai_設楽ダム工事.pdf p.2,https://www.cbr.mlit.go.jp/architecture/kensetsugijutsu/unit_price/zip/r08/list_r8.09_shizai_aichi.zip,PDL1.0,,中部地整の事務所が工事ごとに行った特別調査の報告価格(予定価格の積算に用いたもの。原本の頁の説明: 施工地域、時期、現場条件が異なる場合、単価が異なる場合がある)。調査依頼: 設楽ダム工事事務所 工務課 設楽-工-01 資材番号 032。調査区分: (空欄)。材工区分: 材料費 工場渡し。単価適用地域: (空欄)。報告月: R8.6。備考: №031-01へ変更。消費税の扱いは原本に記載なし。geo_code は原本の県名欄(調査を依頼した事務所の県)。価格欄: -
c7398def4a6f8cd8,JP,material,特別調査（資材単価） 設楽ダム工事事務所 工務課,覆工板,落込み式補強型 すべり止め加工あり 6.0m×1.0,m2,pref,23,愛知県,,設楽-工-01#033,,,JPY,special_survey_price,not_set,,,2026-06,,cbr-tokuchou-shizai-r8-09-aichi,list_r8.09_shizai_設楽ダム工事.pdf p.2,https://www.cbr.mlit.go.jp/architecture/kensetsugijutsu/unit_price/zip/r08/list_r8.09_shizai_aichi.zip,PDL1.0,,中部地整の事務所が工事ごとに行った特別調査の報告価格(予定価格の積算に用いたもの。原本の頁の説明: 施工地域、時期、現場条件が異なる場合、単価が異なる場合がある)。調査依頼: 設楽ダム工事事務所 工務課 設楽-工-01 資材番号 033。調査区分: (空欄)。材工区分: 材料費 工場渡し。単価適用地域: (空欄)。報告月: R8.6。備考: №033-01へ変更。消費税の扱いは原本に記載なし。geo_code は原本の県名欄(調査を依頼した事務所の県)。価格欄: -
50cefd621362e743,JP,material,特別調査（資材単価） 設楽ダム工事事務所 工務課,覆工板,落込み式 補強型 すべり止め加工あり,m2,bureau_area,,,局管内,設楽-工-01#033-01,,67000,JPY,special_survey_price,published_pdl,,,2026-06,,cbr-tokuchou-shizai-r8-09-aichi,list_r8.09_shizai_設楽ダム工事.pdf p.2,https://www.cbr.mlit.go.jp/architecture/kensetsugijutsu/unit_price/zip/r08/list_r8.09_shizai_aichi.zip,PDL1.0,,中部地整の事務所が工事ごとに行った特別調査の報告価格(予定価格の積算に用いたもの。原本の頁の説明: 施工地域、時期、現場条件が異なる場合、単価が異なる場合がある)。調査依頼: 設楽ダム工事事務所 工務課 設楽-工-01 資材番号 033-01。調査区分: №031-01に含む。材工区分: 材料費 工場渡し。単価適用地域: 局管内。報告月: R8.6。消費税の扱いは原本に記載なし。geo_code は原本の県名欄(調査を依頼した事務所の県)
0d0e8a189397e2ac,JP,material,特別調査（資材単価） 設楽ダム工事事務所 工務課,覆工板,落込み式補強型 すべり止め加工あり 6.0m×0.6,m2,pref,23,愛知県,,設楽-工-01#034,,,JPY,special_survey_price,not_set,,,2026-06,,cbr-tokuchou-shizai-r8-09-aichi,list_r8.09_shizai_設楽ダム工事.pdf p.2,https://www.cbr.mlit.go.jp/architecture/kensetsugijutsu/unit_price/zip/r08/list_r8.09_shizai_aichi.zip,PDL1.0,,中部地整の事務所が工事ごとに行った特別調査の報告価格(予定価格の積算に用いたもの。原本の頁の説明: 施工地域、時期、現場条件が異なる場合、単価が異なる場合がある)。調査依頼: 設楽ダム工事事務所 工務課 設楽-工-01 資材番号 034。調査区分: (空欄)。材工区分: 材料費 工場渡し。単価適用地域: (空欄)。報告月: R8.6。備考: №033-01へ変更。消費税の扱いは原本に記載なし。geo_code は原本の県名欄(調査を依頼した事務所の県)。価格欄: -
49fa5719b4fcd331,JP,material,特別調査（資材単価） 設楽ダム工事事務所 工務課,覆工板,落込み式補強型 すべり止め加工あり 6.0m×0.4,m2,pref,23,愛知県,,設楽-工-01#035,,,JPY,special_survey_price,not_set,,,2026-06,,cbr-tokuchou-shizai-r8-09-aichi,list_r8.09_shizai_設楽ダム工事.pdf p.2,https://www.cbr.mlit.go.jp/architecture/kensetsugijutsu/unit_price/zip/r08/list_r8.09_shizai_aichi.zip,PDL1.0,,中部地整の事務所が工事ごとに行った特別調査の報告価格(予定価格の積算に用いたもの。原本の頁の説明: 施工地域、時期、現場条件が異なる場合、単価が異なる場合がある)。調査依頼: 設楽ダム工事事務所 工務課 設楽-工-01 資材番号 035。調査区分: (空欄)。材工区分: 材料費 工場渡し。単価適用地域: (空欄)。報告月: R8.6。備考: №033-01へ変更。消費税の扱いは原本に記載なし。geo_code は原本の県名欄(調査を依頼した事務所の県)。価格欄: -
077cb39ffd7ac704,JP,material,特別調査（資材単価） 設楽ダム工事事務所 工務課,仮設高欄賃料(90日以内),単管ﾊﾟｲﾌﾟ型 Φ48.6 付属品含む,m・日,bureau_area,,,局管内,設楽-工-01#038,,2,JPY,special_survey_price,published_pdl,,,2026-06,,cbr-tokuchou-shizai-r8-09-aichi,list_r8.09_shizai_設楽ダム工事.pdf p.2,https://www.cbr.mlit.go.jp/architecture/kensetsugijutsu/unit_price/zip/r08/list_r8.09_shizai_aichi.zip,PDL1.0,,中部地整の事務所が工事ごとに行った特別調査の報告価格(予定価格の積算に用いたもの。原本の頁の説明: 施工地域、時期、現場条件が異なる場合、単価が異なる場合がある)。調査依頼: 設楽ダム工事事務所 工務課 設楽-工-01 資材番号 038。調査区分: A①。材工区分: 賃料。単価適用地域: 局管内。報告月: R8.6。消費税の扱いは原本に記載なし。geo_code は原本の県名欄(調査を依頼した事務所の県)
da661e8bb0774bd7,JP,material,特別調査（資材単価） 設楽ダム工事事務所 工務課,仮設高欄整備費,単管ﾊﾟｲﾌﾟ型 Φ48.6 付属品含む,m,bureau_area,,,局管内,設楽-工-01#043,,70,JPY,special_survey_price,published_pdl,,,2026-06,,cbr-tokuchou-shizai-r8-09-aichi,list_r8.09_shizai_設楽ダム工事.pdf p.2,https://www.cbr.mlit.go.jp/architecture/kensetsugijutsu/unit_price/zip/r08/list_r8.09_shizai_aichi.zip,PDL1.0,,中部地整の事務所が工事ごとに行った特別調査の報告価格(予定価格の積算に用いたもの。原本の頁の説明: 施工地域、時期、現場条件が異なる場合、単価が異なる場合がある)。調査依頼: 設楽ダム工事事務所 工務課 設楽-工-01 資材番号 043。調査区分: A①。材工区分: 賃料。単価適用地域: 局管内。報告月: R8.6。消費税の扱いは原本に記載なし。geo_code は原本の県名欄(調査を依頼した事務所の県)
295c8054750d95ef,JP,material,特別調査（資材単価） 設楽ダム工事事務所 工務課,仮設高欄,ｶﾞｰﾄﾞﾚｰﾙ型 ﾍﾞｰｽﾌﾟﾚｰﾄ式(支柱A型) 高力ﾎﾞﾙﾄ含む,m,bureau_area,,,局管内,設楽-工-01#046,,29900,JPY,special_survey_price,published_pdl,,,2026-06,,cbr-tokuchou-shizai-r8-09-aichi,list_r8.09_shizai_設楽ダム工事.pdf p.3,https://www.cbr.mlit.go.jp/architecture/kensetsugijutsu/unit_price/zip/r08/list_r8.09_shizai_aichi.zip,PDL1.0,,中部地整の事務所が工事ごとに行った特別調査の報告価格(予定価格の積算に用いたもの。原本の頁の説明: 施工地域、時期、現場条件が異なる場合、単価が異なる場合がある)。調査依頼: 設楽ダム工事事務所 工務課 設楽-工-01 資材番号 046。調査区分: A①。材工区分: 材料費 工場渡し。単価適用地域: 局管内。報告月: R8.6。消費税の扱いは原本に記載なし。geo_code は原本の県名欄(調査を依頼した事務所の県)
45f609cb806715e3,JP,material,特別調査（資材単価） 設楽ダム工事事務所 工務課,仮設高欄,ｶﾞｰﾄﾞﾚｰﾙ型 ﾍﾞｰｽﾌﾟﾚｰﾄ式(支柱B型) 高力ﾎﾞﾙﾄ含む,m,bureau_area,,,局管内,設楽-工-01#047,,29900,JPY,special_survey_price,published_pdl,,,2026-06,,cbr-tokuchou-shizai-r8-09-aichi,list_r8.09_shizai_設楽ダム工事.pdf p.3,https://www.cbr.mlit.go.jp/architecture/kensetsugijutsu/unit_price/zip/r08/list_r8.09_shizai_aichi.zip,PDL1.0,,中部地整の事務所が工事ごとに行った特別調査の報告価格(予定価格の積算に用いたもの。原本の頁の説明: 施工地域、時期、現場条件が異なる場合、単価が異なる場合がある)。調査依頼: 設楽ダム工事事務所 工務課 設楽-工-01 資材番号 047。調査区分: 〃(上の行と同じ: A①)。材工区分: 材料費 工場渡し。単価適用地域: 局管内。報告月: R8.6。消費税の扱いは原本に記載なし。geo_code は原本の県名欄(調査を依頼した事務所の県)
45e59b2642af0100,JP,material,特別調査（資材単価） 設楽ダム工事事務所 工務課,鋼管杭,Φ457.2 t12(回転抑止材･裏当ﾘﾝｸﾞ含む),t,bureau_area,,,局管内,設楽-工-01#051,,350000,JPY,special_survey_price,published_pdl,,,2026-06,,cbr-tokuchou-shizai-r8-09-aichi,list_r8.09_shizai_設楽ダム工事.pdf p.3,https://www.cbr.mlit.go.jp/architecture/kensetsugijutsu/unit_price/zip/r08/list_r8.09_shizai_aichi.zip,PDL1.0,,中部地整の事務所が工事ごとに行った特別調査の報告価格(予定価格の積算に用いたもの。原本の頁の説明: 施工地域、時期、現場条件が異なる場合、単価が異なる場合がある)。調査依頼: 設楽ダム工事事務所 工務課 設楽-工-01 資材番号 051。調査区分: A①。材工区分: 材料費 工場渡し。単価適用地域: 局管内。報告月: R8.6。消費税の扱いは原本に記載なし。geo_code は原本の県名欄(調査を依頼した事務所の県)
3bf48edb6aea891a,JP,material,特別調査（資材単価） 設楽ダム工事事務所 工務課,ｹｰｼﾝｸﾞﾄｯﾌﾟ,Φ457.2用,個,bureau_area,,,局管内,設楽-工-01#052,,131000,JPY,special_survey_price,published_pdl,,,2026-06,,cbr-tokuchou-shizai-r8-09-aichi,list_r8.09_shizai_設楽ダム工事.pdf p.3,https://www.cbr.mlit.go.jp/architecture/kensetsugijutsu/unit_price/zip/r08/list_r8.09_shizai_aichi.zip,PDL1.0,,中部地整の事務所が工事ごとに行った特別調査の報告価格(予定価格の積算に用いたもの。原本の頁の説明: 施工地域、時期、現場条件が異なる場合、単価が異なる場合がある)。調査依頼: 設楽ダム工事事務所 工務課 設楽-工-01 資材番号 052。調査区分: A①。材工区分: 材料費 工場渡し。単価適用地域: 局管内。報告月: R8.6。消費税の扱いは原本に記載なし。geo_code は原本の県名欄(調査を依頼した事務所の県)
eef466b29740ceb2,JP,material,特別調査（資材単価） 設楽ダム工事事務所 工務課,ﾌﾞﾚｰｽﾊﾞﾝﾄﾞ,4本/組 高力ﾎﾞﾙﾄ含む(M22×75),t,bureau_area,,,局管内,設楽-工-01#054,,645000,JPY,special_survey_price,published_pdl,,,2026-06,,cbr-tokuchou-shizai-r8-09-aichi,list_r8.09_shizai_設楽ダム工事.pdf p.3,https://www.cbr.mlit.go.jp/architecture/kensetsugijutsu/unit_price/zip/r08/list_r8.09_shizai_aichi.zip,PDL1.0,,中部地整の事務所が工事ごとに行った特別調査の報告価格(予定価格の積算に用いたもの。原本の頁の説明: 施工地域、時期、現場条件が異なる場合、単価が異なる場合がある)。調査依頼: 設楽ダム工事事務所 工務課 設楽-工-01 資材番号 054。調査区分: A①。材工区分: 材料費 工場渡し。単価適用地域: 局管内。報告月: R8.6。消費税の扱いは原本に記載なし。geo_code は原本の県名欄(調査を依頼した事務所の県)
1655b9a889828cb1,JP,material,特別調査（資材単価） 設楽ダム工事事務所 工務課,水平材(10m支間7~15%),H150×150×7/10-9350 高力ﾎﾞﾙﾄ含む(M22×65),本,pref,23,愛知県,,設楽-工-01#055,,,JPY,special_survey_price,not_set,,,2026-06,,cbr-tokuchou-shizai-r8-09-aichi,list_r8.09_shizai_設楽ダム工事.pdf p.3,https://www.cbr.mlit.go.jp/architecture/kensetsugijutsu/unit_price/zip/r08/list_r8.09_shizai_aichi.zip,PDL1.0,,中部地整の事務所が工事ごとに行った特別調査の報告価格(予定価格の積算に用いたもの。原本の頁の説明: 施工地域、時期、現場条件が異なる場合、単価が異なる場合がある)。調査依頼: 設楽ダム工事事務所 工務課 設楽-工-01 資材番号 055。調査区分: (空欄)。材工区分: 材料費 工場渡し。単価適用地域: (空欄)。報告月: R8.6。備考: №055-01へ変更。消費税の扱いは原本に記載なし。geo_code は原本の県名欄(調査を依頼した事務所の県)。価格欄: -
1cc7aa90deb9033f,JP,material,特別調査（資材単価） 設楽ダム工事事務所 工務課,下部工副部材,水平材・斜材,t,bureau_area,,,局管内,設楽-工-01#055-01,,361000,JPY,special_survey_price,published_pdl,,,2026-06,,cbr-tokuchou-shizai-r8-09-aichi,list_r8.09_shizai_設楽ダム工事.pdf p.3,https://www.cbr.mlit.go.jp/architecture/kensetsugijutsu/unit_price/zip/r08/list_r8.09_shizai_aichi.zip,PDL1.0,,中部地整の事務所が工事ごとに行った特別調査の報告価格(予定価格の積算に用いたもの。原本の頁の説明: 施工地域、時期、現場条件が異なる場合、単価が異なる場合がある)。調査依頼: 設楽ダム工事事務所 工務課 設楽-工-01 資材番号 055-01。調査区分: A①。材工区分: 材料費 工場渡し。単価適用地域: 局管内。報告月: R8.6。消費税の扱いは原本に記載なし。geo_code は原本の県名欄(調査を依頼した事務所の県)
af40fd8e957be23b,JP,material,特別調査（資材単価） 設楽ダム工事事務所 工務課,水平材(8m支間7~15%),H150×150×7/10-7370 高力ﾎﾞﾙﾄ含む(M22×65),本,pref,23,愛知県,,設楽-工-01#056,,,JPY,special_survey_price,not_set,,,2026-06,,cbr-tokuchou-shizai-r8-09-aichi,list_r8.09_shizai_設楽ダム工事.pdf p.3,https://www.cbr.mlit.go.jp/architecture/kensetsugijutsu/unit_price/zip/r08/list_r8.09_shizai_aichi.zip,PDL1.0,,中部地整の事務所が工事ごとに行った特別調査の報告価格(予定価格の積算に用いたもの。原本の頁の説明: 施工地域、時期、現場条件が異なる場合、単価が異なる場合がある)。調査依頼: 設楽ダム工事事務所 工務課 設楽-工-01 資材番号 056。調査区分: (空欄)。材工区分: 材料費 工場渡し。単価適用地域: (空欄)。報告月: R8.6。備考: №055-01へ変更。消費税の扱いは原本に記載なし。geo_code は原本の県名欄(調査を依頼した事務所の県)。価格欄: -
8f9bcf052392795a,JP,material,特別調査（資材単価） 設楽ダム工事事務所 工務課,水平材(6m支間 0~7%),H150×150×7/10-5440 高力ﾎﾞﾙﾄ含む(M22×65),本,pref,23,愛知県,,設楽-工-01#057,,,JPY,special_survey_price,not_set,,,2026-06,,cbr-tokuchou-shizai-r8-09-aichi,list_r8.09_shizai_設楽ダム工事.pdf p.3,https://www.cbr.mlit.go.jp/architecture/kensetsugijutsu/unit_price/zip/r08/list_r8.09_shizai_aichi.zip,PDL1.0,,中部地整の事務所が工事ごとに行った特別調査の報告価格(予定価格の積算に用いたもの。原本の頁の説明: 施工地域、時期、現場条件が異なる場合、単価が異なる場合がある)。調査依頼: 設楽ダム工事事務所 工務課 設楽-工-01 資材番号 057。調査区分: (空欄)。材工区分: 材料費 工場渡し。単価適用地域: (空欄)。報告月: R8.6。備考: №055-01へ変更。消費税の扱いは原本に記載なし。geo_code は原本の県名欄(調査を依頼した事務所の県)。価格欄: -
b08d04024a212c07,JP,material,特別調査（資材単価） 設楽ダム工事事務所 工務課,水平材(3m支間),H150×150×7/10-2430 高力ﾎﾞﾙﾄ含む(M22×65),本,pref,23,愛知県,,設楽-工-01#058,,,JPY,special_survey_price,not_set,,,2026-06,,cbr-tokuchou-shizai-r8-09-aichi,list_r8.09_shizai_設楽ダム工事.pdf p.3,https://www.cbr.mlit.go.jp/architecture/kensetsugijutsu/unit_price/zip/r08/list_r8.09_shizai_aichi.zip,PDL1.0,,中部地整の事務所が工事ごとに行った特別調査の報告価格(予定価格の積算に用いたもの。原本の頁の説明: 施工地域、時期、現場条件が異なる場合、単価が異なる場合がある)。調査依頼: 設楽ダム工事事務所 工務課 設楽-工-01 資材番号 058。調査区分: (空欄)。材工区分: 材料費 工場渡し。単価適用地域: (空欄)。報告月: R8.6。備考: №055-01へ変更。消費税の扱いは原本に記載なし。geo_code は原本の県名欄(調査を依頼した事務所の県)。価格欄: -
a01ffb82ba6739b0,JP,material,特別調査（資材単価） 設楽ダム工事事務所 工務課,斜材(10m支間 0~15%),L150×150×12-9650高力ﾎﾞﾙﾄ含む(M22-65),本,pref,23,愛知県,,設楽-工-01#059,,,JPY,special_survey_price,not_set,,,2026-06,,cbr-tokuchou-shizai-r8-09-aichi,list_r8.09_shizai_設楽ダム工事.pdf p.3,https://www.cbr.mlit.go.jp/architecture/kensetsugijutsu/unit_price/zip/r08/list_r8.09_shizai_aichi.zip,PDL1.0,,中部地整の事務所が工事ごとに行った特別調査の報告価格(予定価格の積算に用いたもの。原本の頁の説明: 施工地域、時期、現場条件が異なる場合、単価が異なる場合がある)。調査依頼: 設楽ダム工事事務所 工務課 設楽-工-01 資材番号 059。調査区分: (空欄)。材工区分: 材料費 工場渡し。単価適用地域: (空欄)。報告月: R8.6。備考: №055-01へ変更。消費税の扱いは原本に記載なし。geo_code は原本の県名欄(調査を依頼した事務所の県)。価格欄: -
1814e494ffed0166,JP,material,特別調査（資材単価） 設楽ダム工事事務所 工務課,斜材(8m支間 7~15%),L150×150×12-8160高力ﾎﾞﾙﾄ含む(M22-65),本,pref,23,愛知県,,設楽-工-01#060,,,JPY,special_survey_price,not_set,,,2026-06,,cbr-tokuchou-shizai-r8-09-aichi,list_r8.09_shizai_設楽ダム工事.pdf p.3,https://www.cbr.mlit.go.jp/architecture/kensetsugijutsu/unit_price/zip/r08/list_r8.09_shizai_aichi.zip,PDL1.0,,中部地整の事務所が工事ごとに行った特別調査の報告価格(予定価格の積算に用いたもの。原本の頁の説明: 施工地域、時期、現場条件が異なる場合、単価が異なる場合がある)。調査依頼: 設楽ダム工事事務所 工務課 設楽-工-01 資材番号 060。調査区分: (空欄)。材工区分: 材料費 工場渡し。単価適用地域: (空欄)。報告月: R8.6。備考: №055-01へ変更。消費税の扱いは原本に記載なし。geo_code は原本の県名欄(調査を依頼した事務所の県)。価格欄: -
545052e72dcdd254,JP,material,特別調査（資材単価） 設楽ダム工事事務所 工務課,斜材(6m支間 0~7%),L150×150×12-6499高力ﾎﾞﾙﾄ含む(M22-65),本,pref,23,愛知県,,設楽-工-01#061,,,JPY,special_survey_price,not_set,,,2026-06,,cbr-tokuchou-shizai-r8-09-aichi,list_r8.09_shizai_設楽ダム工事.pdf p.3,https://www.cbr.mlit.go.jp/architecture/kensetsugijutsu/unit_price/zip/r08/list_r8.09_shizai_aichi.zip,PDL1.0,,中部地整の事務所が工事ごとに行った特別調査の報告価格(予定価格の積算に用いたもの。原本の頁の説明: 施工地域、時期、現場条件が異なる場合、単価が異なる場合がある)。調査依頼: 設楽ダム工事事務所 工務課 設楽-工-01 資材番号 061。調査区分: (空欄)。材工区分: 材料費 工場渡し。単価適用地域: (空欄)。報告月: R8.6。備考: №055-01へ変更。消費税の扱いは原本に記載なし。geo_code は原本の県名欄(調査を依頼した事務所の県)。価格欄: -
8f5998488358fab3,JP,material,特別調査（資材単価） 設楽ダム工事事務所 工務課,斜材(3m支間),L150×150×12-4630高力ﾎﾞﾙﾄ含む(M22-65),本,pref,23,愛知県,,設楽-工-01#062,,,JPY,special_survey_price,not_set,,,2026-06,,cbr-tokuchou-shizai-r8-09-aichi,list_r8.09_shizai_設楽ダム工事.pdf p.3,https://www.cbr.mlit.go.jp/architecture/kensetsugijutsu/unit_price/zip/r08/list_r8.09_shizai_aichi.zip,PDL1.0,,中部地整の事務所が工事ごとに行った特別調査の報告価格(予定価格の積算に用いたもの。原本の頁の説明: 施工地域、時期、現場条件が異なる場合、単価が異なる場合がある)。調査依頼: 設楽ダム工事事務所 工務課 設楽-工-01 資材番号 062。調査区分: (空欄)。材工区分: 材料費 工場渡し。単価適用地域: (空欄)。報告月: R8.6。備考: №055-01へ変更。消費税の扱いは原本に記載なし。geo_code は原本の県名欄(調査を依頼した事務所の県)。価格欄: -
7d02343ce6b566fa,JP,material,特別調査（資材単価） 設楽ダム工事事務所 工務課,空気圧縮機,可搬式･ｴﾝｼﾞﾝ駆動･ｽｸﾘｭ型 吐出量26m3/min吐出圧力1.03MPa,基,bureau_area,,,局管内,設楽-工-03#001,,18300000,JPY,special_survey_price,published_pdl,,,2026-06,,cbr-tokuchou-shizai-r8-09-aichi,list_r8.09_shizai_設楽ダム工事.pdf p.4,https://www.cbr.mlit.go.jp/architecture/kensetsugijutsu/unit_price/zip/r08/list_r8.09_shizai_aichi.zip,PDL1.0,,中部地整の事務所が工事ごとに行った特別調査の報告価格(予定価格の積算に用いたもの。原本の頁の説明: 施工地域、時期、現場条件が異なる場合、単価が異なる場合がある)。調査依頼: 設楽ダム工事事務所 工務課 設楽-工-03 資材番号 001。調査区分: A①。材工区分: 基礎価格。単価適用地域: 局管内。報告月: R8.6。消費税の扱いは原本に記載なし。geo_code は原本の県名欄(調査を依頼した事務所の県)
e6c13c80eecceac9,JP,material,特別調査（資材単価） 設楽ダム工事事務所 工務課,拡径式ﾀﾞｳﾝｻﾞﾎｰﾙﾊﾝﾏ,φ406mm,基,bureau_area,,,局管内,設楽-工-03#002,,12100000,JPY,special_survey_price,published_pdl,,,2026-06,,cbr-tokuchou-shizai-r8-09-aichi,list_r8.09_shizai_設楽ダム工事.pdf p.4,https://www.cbr.mlit.go.jp/architecture/kensetsugijutsu/unit_price/zip/r08/list_r8.09_shizai_aichi.zip,PDL1.0,,中部地整の事務所が工事ごとに行った特別調査の報告価格(予定価格の積算に用いたもの。原本の頁の説明: 施工地域、時期、現場条件が異なる場合、単価が異なる場合がある)。調査依頼: 設楽ダム工事事務所 工務課 設楽-工-03 資材番号 002。調査区分: A①。材工区分: 基礎価格。単価適用地域: 局管内。報告月: R8.6。消費税の扱いは原本に記載なし。geo_code は原本の県名欄(調査を依頼した事務所の県)
76ce100812a34c8c,JP,material,特別調査（資材単価） 設楽ダム工事事務所 工務課,掘進機,,基,bureau_area,,,局管内,設楽-工-03#003,,12400000,JPY,special_survey_price,published_pdl,,,2026-06,,cbr-tokuchou-shizai-r8-09-aichi,list_r8.09_shizai_設楽ダム工事.pdf p.4,https://www.cbr.mlit.go.jp/architecture/kensetsugijutsu/unit_price/zip/r08/list_r8.09_shizai_aichi.zip,PDL1.0,,中部地整の事務所が工事ごとに行った特別調査の報告価格(予定価格の積算に用いたもの。原本の頁の説明: 施工地域、時期、現場条件が異なる場合、単価が異なる場合がある)。調査依頼: 設楽ダム工事事務所 工務課 設楽-工-03 資材番号 003。調査区分: A①。材工区分: 基礎価格。単価適用地域: 局管内。報告月: R8.6。消費税の扱いは原本に記載なし。geo_code は原本の県名欄(調査を依頼した事務所の県)
231e6131f1160eda,JP,material,特別調査（資材単価） 設楽ダム工事事務所 工務課,排土ｷｬｯﾌﾟ,,基,bureau_area,,,局管内,設楽-工-03#004,,1270000,JPY,special_survey_price,published_pdl,,,2026-06,,cbr-tokuchou-shizai-r8-09-aichi,list_r8.09_shizai_設楽ダム工事.pdf p.4,https://www.cbr.mlit.go.jp/architecture/kensetsugijutsu/unit_price/zip/r08/list_r8.09_shizai_aichi.zip,PDL1.0,,中部地整の事務所が工事ごとに行った特別調査の報告価格(予定価格の積算に用いたもの。原本の頁の説明: 施工地域、時期、現場条件が異なる場合、単価が異なる場合がある)。調査依頼: 設楽ダム工事事務所 工務課 設楽-工-03 資材番号 004。調査区分: A①。材工区分: 基礎価格。単価適用地域: 局管内。報告月: R8.6。消費税の扱いは原本に記載なし。geo_code は原本の県名欄(調査を依頼した事務所の県)
2a8beb37f5518217,JP,material,特別調査（資材単価） 設楽ダム工事事務所 工務課,ﾄﾞﾘﾙﾛｯﾄﾞ,φ355.6×2m,本,bureau_area,,,局管内,設楽-工-03#005,,1040000,JPY,special_survey_price,published_pdl,,,2026-06,,cbr-tokuchou-shizai-r8-09-aichi,list_r8.09_shizai_設楽ダム工事.pdf p.4,https://www.cbr.mlit.go.jp/architecture/kensetsugijutsu/unit_price/zip/r08/list_r8.09_shizai_aichi.zip,PDL1.0,,中部地整の事務所が工事ごとに行った特別調査の報告価格(予定価格の積算に用いたもの。原本の頁の説明: 施工地域、時期、現場条件が異なる場合、単価が異なる場合がある)。調査依頼: 設楽ダム工事事務所 工務課 設楽-工-03 資材番号 005。調査区分: A①。材工区分: 基礎価格。単価適用地域: 局管内。報告月: R8.6。消費税の扱いは原本に記載なし。geo_code は原本の県名欄(調査を依頼した事務所の県)
8e779582f0c907fe,JP,material,特別調査（資材単価） 設楽ダム工事事務所 工務課,ﾄﾞﾘﾙﾛｯﾄﾞ,φ355.6×3m,本,bureau_area,,,局管内,設楽-工-03#006,,1220000,JPY,special_survey_price,published_pdl,,,2026-06,,cbr-tokuchou-shizai-r8-09-aichi,list_r8.09_shizai_設楽ダム工事.pdf p.4,https://www.cbr.mlit.go.jp/architecture/kensetsugijutsu/unit_price/zip/r08/list_r8.09_shizai_aichi.zip,PDL1.0,,中部地整の事務所が工事ごとに行った特別調査の報告価格(予定価格の積算に用いたもの。原本の頁の説明: 施工地域、時期、現場条件が異なる場合、単価が異なる場合がある)。調査依頼: 設楽ダム工事事務所 工務課 設楽-工-03 資材番号 006。調査区分: 〃(上の行と同じ: A①)。材工区分: 基礎価格。単価適用地域: 局管内。報告月: R8.6。消費税の扱いは原本に記載なし。geo_code は原本の県名欄(調査を依頼した事務所の県)
b01dac5c72dad828,JP,material,特別調査（資材単価） 設楽ダム工事事務所 工務課,ﾄﾞﾘﾙﾛｯﾄﾞ,φ355.6×5m,本,bureau_area,,,局管内,設楽-工-03#007,,1550000,JPY,special_survey_price,published_pdl,,,2026-06,,cbr-tokuchou-shizai-r8-09-aichi,list_r8.09_shizai_設楽ダム工事.pdf p.4,https://www.cbr.mlit.go.jp/architecture/kensetsugijutsu/unit_price/zip/r08/list_r8.09_shizai_aichi.zip,PDL1.0,,中部地整の事務所が工事ごとに行った特別調査の報告価格(予定価格の積算に用いたもの。原本の頁の説明: 施工地域、時期、現場条件が異なる場合、単価が異なる場合がある)。調査依頼: 設楽ダム工事事務所 工務課 設楽-工-03 資材番号 007。調査区分: 〃(上の行と同じ: A①)。材工区分: 基礎価格。単価適用地域: 局管内。報告月: R8.6。消費税の扱いは原本に記載なし。geo_code は原本の県名欄(調査を依頼した事務所の県)
a0c25f0c8e81c94c,JP,material,特別調査（資材単価） 設楽ダム工事事務所 工務課,高圧ｴｱｰﾎｰｽ,2ｲﾝﾁ×10m,本,bureau_area,,,局管内,設楽-工-03#008,,180000,JPY,special_survey_price,published_pdl,,,2026-06,,cbr-tokuchou-shizai-r8-09-aichi,list_r8.09_shizai_設楽ダム工事.pdf p.4,https://www.cbr.mlit.go.jp/architecture/kensetsugijutsu/unit_price/zip/r08/list_r8.09_shizai_aichi.zip,PDL1.0,,中部地整の事務所が工事ごとに行った特別調査の報告価格(予定価格の積算に用いたもの。原本の頁の説明: 施工地域、時期、現場条件が異なる場合、単価が異なる場合がある)。調査依頼: 設楽ダム工事事務所 工務課 設楽-工-03 資材番号 008。調査区分: A①。材工区分: 基礎価格。単価適用地域: 局管内。報告月: R8.6。消費税の扱いは原本に記載なし。geo_code は原本の県名欄(調査を依頼した事務所の県)
cba220a2cf5d3f09,JP,material,特別調査（資材単価） 設楽ダム工事事務所 工務課,高圧ｴｱｰﾎｰｽ,2ｲﾝﾁ×20m,本,bureau_area,,,局管内,設楽-工-03#009,,360000,JPY,special_survey_price,published_pdl,,,2026-06,,cbr-tokuchou-shizai-r8-09-aichi,list_r8.09_shizai_設楽ダム工事.pdf p.5,https://www.cbr.mlit.go.jp/architecture/kensetsugijutsu/unit_price/zip/r08/list_r8.09_shizai_aichi.zip,PDL1.0,,中部地整の事務所が工事ごとに行った特別調査の報告価格(予定価格の積算に用いたもの。原本の頁の説明: 施工地域、時期、現場条件が異なる場合、単価が異なる場合がある)。調査依頼: 設楽ダム工事事務所 工務課 設楽-工-03 資材番号 009。調査区分: 〃(上の行と同じ: A①)。材工区分: 基礎価格。単価適用地域: 局管内。報告月: R8.6。消費税の扱いは原本に記載なし。geo_code は原本の県名欄(調査を依頼した事務所の県)
cffa89dd28722d5e,JP,material,特別調査（資材単価） 設楽ダム工事事務所 工務課,ﾗｲﾝｵｲﾗｰ,標準ﾀｲﾌﾟ,基,bureau_area,,,局管内,設楽-工-03#010,,500000,JPY,special_survey_price,published_pdl,,,2026-06,,cbr-tokuchou-shizai-r8-09-aichi,list_r8.09_shizai_設楽ダム工事.pdf p.5,https://www.cbr.mlit.go.jp/architecture/kensetsugijutsu/unit_price/zip/r08/list_r8.09_shizai_aichi.zip,PDL1.0,,中部地整の事務所が工事ごとに行った特別調査の報告価格(予定価格の積算に用いたもの。原本の頁の説明: 施工地域、時期、現場条件が異なる場合、単価が異なる場合がある)。調査依頼: 設楽ダム工事事務所 工務課 設楽-工-03 資材番号 010。調査区分: A①。材工区分: 基礎価格。単価適用地域: 局管内。報告月: R8.6。消費税の扱いは原本に記載なし。geo_code は原本の県名欄(調査を依頼した事務所の県)
5682a1d6c365e273,JP,material,特別調査（資材単価） 設楽ダム工事事務所 工務課,ﾚｼｰﾊﾞﾀﾝｸ,1.37~1.5MPa2m3,基,bureau_area,,,局管内,設楽-工-03#011,,1950000,JPY,special_survey_price,published_pdl,,,2026-06,,cbr-tokuchou-shizai-r8-09-aichi,list_r8.09_shizai_設楽ダム工事.pdf p.5,https://www.cbr.mlit.go.jp/architecture/kensetsugijutsu/unit_price/zip/r08/list_r8.09_shizai_aichi.zip,PDL1.0,,中部地整の事務所が工事ごとに行った特別調査の報告価格(予定価格の積算に用いたもの。原本の頁の説明: 施工地域、時期、現場条件が異なる場合、単価が異なる場合がある)。調査依頼: 設楽ダム工事事務所 工務課 設楽-工-03 資材番号 011。調査区分: A①。材工区分: 基礎価格。単価適用地域: 局管内。報告月: R8.6。消費税の扱いは原本に記載なし。geo_code は原本の県名欄(調査を依頼した事務所の県)
b210bc7b50748c36,JP,material,特別調査（資材単価） 設楽ダム工事事務所 工務課,飛散防護用蛇腹ｽﾗｲﾄﾞ装置,L<10m,基,bureau_area,,,局管内,設楽-工-03#012,,5340000,JPY,special_survey_price,published_pdl,,,2026-06,,cbr-tokuchou-shizai-r8-09-aichi,list_r8.09_shizai_設楽ダム工事.pdf p.5,https://www.cbr.mlit.go.jp/architecture/kensetsugijutsu/unit_price/zip/r08/list_r8.09_shizai_aichi.zip,PDL1.0,,中部地整の事務所が工事ごとに行った特別調査の報告価格(予定価格の積算に用いたもの。原本の頁の説明: 施工地域、時期、現場条件が異なる場合、単価が異なる場合がある)。調査依頼: 設楽ダム工事事務所 工務課 設楽-工-03 資材番号 012。調査区分: A①。材工区分: 基礎価格。単価適用地域: 局管内。報告月: R8.6。消費税の扱いは原本に記載なし。geo_code は原本の県名欄(調査を依頼した事務所の県)
197a9f9273ff6492,JP,material,特別調査（資材単価） 多治見砂防国道事務所 工務第二課,覆工板,MD(M)-1.0x2.0(落込式),m2,pref,21,岐阜県,,多治見-工二-02#1,,,JPY,special_survey_price,publication_based_not_public,,,2026-06-23,,cbr-tokuchou-shizai-r8-09-gifu,list_r8.09_shizai_多治見砂防国道.pdf p.1,https://www.cbr.mlit.go.jp/architecture/kensetsugijutsu/unit_price/zip/r08/list_r8.09_shizai_gifu.zip,PDL1.0,,中部地整の事務所が工事ごとに行った特別調査の報告価格(予定価格の積算に用いたもの。原本の頁の説明: 施工地域、時期、現場条件が異なる場合、単価が異なる場合がある)。調査依頼: 多治見砂防国道事務所 工務第二課 多治見-工二-02 資材番号 1。調査区分: (空欄)。材工区分: 資材価格。単価適用地域: (空欄)。報告月: R8.6.23。備考: 建設物価P185。消費税の扱いは原本に記載なし。geo_code は原本の県名欄(調査を依頼した事務所の県)。価格欄: (空欄)
37330b09b434391d,JP,material,特別調査（資材単価） 多治見砂防国道事務所 工務第二課,覆工板賃料,MD(M)-1.0x2.0(落込式) 1440日以内,m2･月,pref,21,岐阜県,管内統一,多治見-工二-02#2,,630,JPY,special_survey_price,published_pdl,,,2026-06-23,,cbr-tokuchou-shizai-r8-09-gifu,list_r8.09_shizai_多治見砂防国道.pdf p.1,https://www.cbr.mlit.go.jp/architecture/kensetsugijutsu/unit_price/zip/r08/list_r8.09_shizai_gifu.zip,PDL1.0,,中部地整の事務所が工事ごとに行った特別調査の報告価格(予定価格の積算に用いたもの。原本の頁の説明: 施工地域、時期、現場条件が異なる場合、単価が異なる場合がある)。調査依頼: 多治見砂防国道事務所 工務第二課 多治見-工二-02 資材番号 2。調査区分: Ａ－①。材工区分: 資材価格。単価適用地域: 管内統一。報告月: R8.6.23。備考: 賃貸業者置場渡し、置場戻し置場所在地：愛知県犬山市。消費税の扱いは原本に記載なし。geo_code は原本の県名欄(調査を依頼した事務所の県)
001107293588b62d,JP,material,特別調査（資材単価） 多治見砂防国道事務所 工務第二課,覆工板整備費,MD(M)-1.0x2.0(落込式),m2,pref,21,岐阜県,,多治見-工二-02#3,,,JPY,special_survey_price,publication_based_not_public,,,2026-06-23,,cbr-tokuchou-shizai-r8-09-gifu,list_r8.09_shizai_多治見砂防国道.pdf p.1,https://www.cbr.mlit.go.jp/architecture/kensetsugijutsu/unit_price/zip/r08/list_r8.09_shizai_gifu.zip,PDL1.0,,中部地整の事務所が工事ごとに行った特別調査の報告価格(予定価格の積算に用いたもの。原本の頁の説明: 施工地域、時期、現場条件が異なる場合、単価が異なる場合がある)。調査依頼: 多治見砂防国道事務所 工務第二課 多治見-工二-02 資材番号 3。調査区分: (空欄)。材工区分: 資材価格。単価適用地域: (空欄)。報告月: R8.6.23。備考: 建設物価P813。消費税の扱いは原本に記載なし。geo_code は原本の県名欄(調査を依頼した事務所の県)。価格欄: (空欄)
434a490c09eb676b,JP,material,特別調査（資材単価） 多治見砂防国道事務所 工務第二課,仮橋上部,"PG橋同等品以上 市中価格(在庫品) 想定重量19,471kg",t,pref,21,岐阜県,工事限定,多治見-工二-02#5,,660000,JPY,special_survey_price,published_pdl,,,2026-06-23,,cbr-tokuchou-shizai-r8-09-gifu,list_r8.09_shizai_多治見砂防国道.pdf p.1,https://www.cbr.mlit.go.jp/architecture/kensetsugijutsu/unit_price/zip/r08/list_r8.09_shizai_gifu.zip,PDL1.0,,中部地整の事務所が工事ごとに行った特別調査の報告価格(予定価格の積算に用いたもの。原本の頁の説明: 施工地域、時期、現場条件が異なる場合、単価が異なる場合がある)。調査依頼: 多治見砂防国道事務所 工務第二課 多治見-工二-02 資材番号 5。調査区分: Ａ－①。材工区分: 資材価格。単価適用地域: 工事限定。報告月: R8.6.23。備考: 工場渡し工場所在地：大阪府大阪市。消費税の扱いは原本に記載なし。geo_code は原本の県名欄(調査を依頼した事務所の県)
6318d2ffecd94896,JP,material,特別調査（資材単価） 多治見砂防国道事務所 工務第二課,仮橋上部賃料,"PG橋同等品以上 1800日(60ヶ月)想定重量19,471kg",t・日,pref,21,岐阜県,管内統一,多治見-工二-02#6,,254,JPY,special_survey_price,published_pdl,,,2026-06-23,,cbr-tokuchou-shizai-r8-09-gifu,list_r8.09_shizai_多治見砂防国道.pdf p.1,https://www.cbr.mlit.go.jp/architecture/kensetsugijutsu/unit_price/zip/r08/list_r8.09_shizai_gifu.zip,PDL1.0,,中部地整の事務所が工事ごとに行った特別調査の報告価格(予定価格の積算に用いたもの。原本の頁の説明: 施工地域、時期、現場条件が異なる場合、単価が異なる場合がある)。調査依頼: 多治見砂防国道事務所 工務第二課 多治見-工二-02 資材番号 6。調査区分: Ａ－①。材工区分: 資材価格。単価適用地域: 管内統一。報告月: R8.6.23。備考: 賃貸業者置場渡し、置場戻し置場所在地：大阪府大阪市。消費税の扱いは原本に記載なし。geo_code は原本の県名欄(調査を依頼した事務所の県)
8b572a053886fb16,JP,material,特別調査（資材単価） 多治見砂防国道事務所 工務第二課,仮橋上部整備費,"PG橋同等品以上 想定重量19,471kg",t,pref,21,岐阜県,管内統一,多治見-工二-02#7,,23400,JPY,special_survey_price,published_pdl,,,2026-06-23,,cbr-tokuchou-shizai-r8-09-gifu,list_r8.09_shizai_多治見砂防国道.pdf p.1,https://www.cbr.mlit.go.jp/architecture/kensetsugijutsu/unit_price/zip/r08/list_r8.09_shizai_gifu.zip,PDL1.0,,中部地整の事務所が工事ごとに行った特別調査の報告価格(予定価格の積算に用いたもの。原本の頁の説明: 施工地域、時期、現場条件が異なる場合、単価が異なる場合がある)。調査依頼: 多治見砂防国道事務所 工務第二課 多治見-工二-02 資材番号 7。調査区分: Ａ－①。材工区分: 資材価格。単価適用地域: 管内統一。報告月: R8.6.23。備考: 賃貸業者置場渡し、置場戻し置場所在地：大阪府大阪市。消費税の扱いは原本に記載なし。geo_code は原本の県名欄(調査を依頼した事務所の県)
75a4974a9dd4f725,JP,material,特別調査（資材単価） 多治見砂防国道事務所 工務第二課,六角ﾄﾙｺﾝ,PBN-22×115,ｔ,pref,21,岐阜県,管内統一,多治見-工二-02#10,,636000,JPY,special_survey_price,published_pdl,,,2026-06-23,,cbr-tokuchou-shizai-r8-09-gifu,list_r8.09_shizai_多治見砂防国道.pdf p.1,https://www.cbr.mlit.go.jp/architecture/kensetsugijutsu/unit_price/zip/r08/list_r8.09_shizai_gifu.zip,PDL1.0,,中部地整の事務所が工事ごとに行った特別調査の報告価格(予定価格の積算に用いたもの。原本の頁の説明: 施工地域、時期、現場条件が異なる場合、単価が異なる場合がある)。調査依頼: 多治見砂防国道事務所 工務第二課 多治見-工二-02 資材番号 10。調査区分: Ａ－①。材工区分: 資材価格。単価適用地域: 管内統一。報告月: R8.6.23。備考: 工場渡し工場所在地：大阪府大阪市。消費税の扱いは原本に記載なし。geo_code は原本の県名欄(調査を依頼した事務所の県)
f92956f96c4c9e08,JP,material,特別調査（資材単価） 多治見砂防国道事務所 工務第二課,六角ﾄﾙｺﾝ,PBN-22×70,ｔ,pref,21,岐阜県,管内統一,多治見-工二-02#11,,636000,JPY,special_survey_price,published_pdl,,,2026-06-23,,cbr-tokuchou-shizai-r8-09-gifu,list_r8.09_shizai_多治見砂防国道.pdf p.1,https://www.cbr.mlit.go.jp/architecture/kensetsugijutsu/unit_price/zip/r08/list_r8.09_shizai_gifu.zip,PDL1.0,,中部地整の事務所が工事ごとに行った特別調査の報告価格(予定価格の積算に用いたもの。原本の頁の説明: 施工地域、時期、現場条件が異なる場合、単価が異なる場合がある)。調査依頼: 多治見砂防国道事務所 工務第二課 多治見-工二-02 資材番号 11。調査区分: №10に含む。材工区分: 資材価格。単価適用地域: 管内統一。報告月: R8.6.23。備考: 工場渡し工場所在地：大阪府大阪市。消費税の扱いは原本に記載なし。geo_code は原本の県名欄(調査を依頼した事務所の県)
c9722efb1729c986,JP,material,特別調査（資材単価） 多治見砂防国道事務所 工務第二課,ﾊｲﾃﾝﾎﾞﾙﾄ,KBN-22×80,ｔ,pref,21,岐阜県,管内統一,多治見-工二-02#12,,636000,JPY,special_survey_price,published_pdl,,,2026-06-23,,cbr-tokuchou-shizai-r8-09-gifu,list_r8.09_shizai_多治見砂防国道.pdf p.2,https://www.cbr.mlit.go.jp/architecture/kensetsugijutsu/unit_price/zip/r08/list_r8.09_shizai_gifu.zip,PDL1.0,,中部地整の事務所が工事ごとに行った特別調査の報告価格(予定価格の積算に用いたもの。原本の頁の説明: 施工地域、時期、現場条件が異なる場合、単価が異なる場合がある)。調査依頼: 多治見砂防国道事務所 工務第二課 多治見-工二-02 資材番号 12。調査区分: Ａ－①。材工区分: 資材価格。単価適用地域: 管内統一。報告月: R8.6.23。備考: 工場渡し工場所在地：大阪府大阪市。消費税の扱いは原本に記載なし。geo_code は原本の県名欄(調査を依頼した事務所の県)
009ded35a18f2c51,JP,material,特別調査（資材単価） 多治見砂防国道事務所 工務第二課,ﾊｲﾃﾝﾎﾞﾙﾄ,KBN-22×65,ｔ,pref,21,岐阜県,管内統一,多治見-工二-02#13,,636000,JPY,special_survey_price,published_pdl,,,2026-06-23,,cbr-tokuchou-shizai-r8-09-gifu,list_r8.09_shizai_多治見砂防国道.pdf p.2,https://www.cbr.mlit.go.jp/architecture/kensetsugijutsu/unit_price/zip/r08/list_r8.09_shizai_gifu.zip,PDL1.0,,中部地整の事務所が工事ごとに行った特別調査の報告価格(予定価格の積算に用いたもの。原本の頁の説明: 施工地域、時期、現場条件が異なる場合、単価が異なる場合がある)。調査依頼: 多治見砂防国道事務所 工務第二課 多治見-工二-02 資材番号 13。調査区分: №12に含む。材工区分: 資材価格。単価適用地域: 管内統一。報告月: R8.6.23。備考: 工場渡し工場所在地：大阪府大阪市。消費税の扱いは原本に記載なし。geo_code は原本の県名欄(調査を依頼した事務所の県)
9d1237a2f7d6b469,JP,material,特別調査（資材単価） 多治見砂防国道事務所 工務第二課,ﾎﾟﾝﾁ,PPN,ｔ,pref,21,岐阜県,管内統一,多治見-工二-02#14,,636000,JPY,special_survey_price,published_pdl,,,2026-06-23,,cbr-tokuchou-shizai-r8-09-gifu,list_r8.09_shizai_多治見砂防国道.pdf p.2,https://www.cbr.mlit.go.jp/architecture/kensetsugijutsu/unit_price/zip/r08/list_r8.09_shizai_gifu.zip,PDL1.0,,中部地整の事務所が工事ごとに行った特別調査の報告価格(予定価格の積算に用いたもの。原本の頁の説明: 施工地域、時期、現場条件が異なる場合、単価が異なる場合がある)。調査依頼: 多治見砂防国道事務所 工務第二課 多治見-工二-02 資材番号 14。調査区分: Ａ－①。材工区分: 資材価格。単価適用地域: 管内統一。報告月: R8.6.23。備考: 工場渡し工場所在地：大阪府大阪市。消費税の扱いは原本に記載なし。geo_code は原本の県名欄(調査を依頼した事務所の県)
ff4b2c8599cc827b,JP,material,特別調査（資材単価） 多治見砂防国道事務所 工務第二課,ﾊｲﾃﾝﾎﾞﾙﾄﾒｯｷ,KBN-22×85G,ｔ,pref,21,岐阜県,管内統一,多治見-工二-02#15,,855000,JPY,special_survey_price,published_pdl,,,2026-06-23,,cbr-tokuchou-shizai-r8-09-gifu,list_r8.09_shizai_多治見砂防国道.pdf p.2,https://www.cbr.mlit.go.jp/architecture/kensetsugijutsu/unit_price/zip/r08/list_r8.09_shizai_gifu.zip,PDL1.0,,中部地整の事務所が工事ごとに行った特別調査の報告価格(予定価格の積算に用いたもの。原本の頁の説明: 施工地域、時期、現場条件が異なる場合、単価が異なる場合がある)。調査依頼: 多治見砂防国道事務所 工務第二課 多治見-工二-02 資材番号 15。調査区分: Ａ－①。材工区分: 資材価格。単価適用地域: 管内統一。報告月: R8.6.23。備考: 工場渡し工場所在地：大阪府大阪市。消費税の扱いは原本に記載なし。geo_code は原本の県名欄(調査を依頼した事務所の県)
cab38de9ccd7f3b6,JP,material,特別調査（資材単価） 多治見砂防国道事務所 工務第二課,ﾎﾞﾙﾄ･ﾅｯﾄ,PBN-20×55,ｔ,pref,21,岐阜県,管内統一,多治見-工二-02#16,,636000,JPY,special_survey_price,published_pdl,,,2026-06-23,,cbr-tokuchou-shizai-r8-09-gifu,list_r8.09_shizai_多治見砂防国道.pdf p.2,https://www.cbr.mlit.go.jp/architecture/kensetsugijutsu/unit_price/zip/r08/list_r8.09_shizai_gifu.zip,PDL1.0,,中部地整の事務所が工事ごとに行った特別調査の報告価格(予定価格の積算に用いたもの。原本の頁の説明: 施工地域、時期、現場条件が異なる場合、単価が異なる場合がある)。調査依頼: 多治見砂防国道事務所 工務第二課 多治見-工二-02 資材番号 16。調査区分: Ａ－①。材工区分: 資材価格。単価適用地域: 管内統一。報告月: R8.6.23。備考: 工場渡し工場所在地：大阪府大阪市。消費税の扱いは原本に記載なし。geo_code は原本の県名欄(調査を依頼した事務所の県)
14e6638d481b67ff,JP,material,特別調査（資材単価） 多治見砂防国道事務所 工務第二課,ﾎﾞﾙﾄ･ﾅｯﾄ,PBN-20×150,ｔ,pref,21,岐阜県,管内統一,多治見-工二-02#17,,855000,JPY,special_survey_price,published_pdl,,,2026-06-23,,cbr-tokuchou-shizai-r8-09-gifu,list_r8.09_shizai_多治見砂防国道.pdf p.2,https://www.cbr.mlit.go.jp/architecture/kensetsugijutsu/unit_price/zip/r08/list_r8.09_shizai_gifu.zip,PDL1.0,,中部地整の事務所が工事ごとに行った特別調査の報告価格(予定価格の積算に用いたもの。原本の頁の説明: 施工地域、時期、現場条件が異なる場合、単価が異なる場合がある)。調査依頼: 多治見砂防国道事務所 工務第二課 多治見-工二-02 資材番号 17。調査区分: №16に含む。材工区分: 資材価格。単価適用地域: 管内統一。報告月: R8.6.23。備考: 工場渡し工場所在地：大阪府大阪市。消費税の扱いは原本に記載なし。geo_code は原本の県名欄(調査を依頼した事務所の県)
cfce6e6b6b9d0422,JP,material,特別調査（資材単価） 多治見砂防国道事務所 工務第二課,ﾎﾞﾙﾄ･ﾅｯﾄ,PBN-16×35,ｔ,pref,21,岐阜県,管内統一,多治見-工二-02#18,,855000,JPY,special_survey_price,published_pdl,,,2026-06-23,,cbr-tokuchou-shizai-r8-09-gifu,list_r8.09_shizai_多治見砂防国道.pdf p.2,https://www.cbr.mlit.go.jp/architecture/kensetsugijutsu/unit_price/zip/r08/list_r8.09_shizai_gifu.zip,PDL1.0,,中部地整の事務所が工事ごとに行った特別調査の報告価格(予定価格の積算に用いたもの。原本の頁の説明: 施工地域、時期、現場条件が異なる場合、単価が異なる場合がある)。調査依頼: 多治見砂防国道事務所 工務第二課 多治見-工二-02 資材番号 18。調査区分: №16に含む。材工区分: 資材価格。単価適用地域: 管内統一。報告月: R8.6.23。備考: 工場渡し工場所在地：大阪府大阪市。消費税の扱いは原本に記載なし。geo_code は原本の県名欄(調査を依頼した事務所の県)
e17a9a09903e019f,JP,material,特別調査（資材単価） 多治見砂防国道事務所 工務第二課,仮設高欄,"PG橋同等品以上 市中価格(新品) 想定重量1,708kg",ｍ,pref,21,岐阜県,管内統一,多治見-工二-02#19,,24700,JPY,special_survey_price,published_pdl,,,2026-06-23,,cbr-tokuchou-shizai-r8-09-gifu,list_r8.09_shizai_多治見砂防国道.pdf p.2,https://www.cbr.mlit.go.jp/architecture/kensetsugijutsu/unit_price/zip/r08/list_r8.09_shizai_gifu.zip,PDL1.0,,中部地整の事務所が工事ごとに行った特別調査の報告価格(予定価格の積算に用いたもの。原本の頁の説明: 施工地域、時期、現場条件が異なる場合、単価が異なる場合がある)。調査依頼: 多治見砂防国道事務所 工務第二課 多治見-工二-02 資材番号 19。調査区分: Ａ－①。材工区分: 資材価格。単価適用地域: 管内統一。報告月: R8.6.23。備考: 工場渡し工場所在地：大阪府大阪市。消費税の扱いは原本に記載なし。geo_code は原本の県名欄(調査を依頼した事務所の県)
85ef0b4f82c144a2,JP,material,特別調査（資材単価） 多治見砂防国道事務所 道路管理課,鋼桁材料,SM400、SS400 工場加工、工場塗装(F11系上塗りまで)、間接労務費及び工場管理費含む,t,pref,21,岐阜県,工事限定,多治見-道管-01#1,,1430000,JPY,special_survey_price,published_pdl,,,2026-06-12,,cbr-tokuchou-shizai-r8-09-gifu,list_r8.09_shizai_多治見砂防国道.pdf p.2,https://www.cbr.mlit.go.jp/architecture/kensetsugijutsu/unit_price/zip/r08/list_r8.09_shizai_gifu.zip,PDL1.0,,中部地整の事務所が工事ごとに行った特別調査の報告価格(予定価格の積算に用いたもの。原本の頁の説明: 施工地域、時期、現場条件が異なる場合、単価が異なる場合がある)。調査依頼: 多治見砂防国道事務所 道路管理課 多治見-道管-01 資材番号 1。調査区分: Ｂ－①。材工区分: 資材価格。単価適用地域: 工事限定。報告月: R8.6.12。備考: 現場車上渡し。消費税の扱いは原本に記載なし。geo_code は原本の県名欄(調査を依頼した事務所の県)
51c27416175ae1a2,JP,material,特別調査（資材単価） 多治見砂防国道事務所 道路管理課,下横構材料,SS400 SPL-P 工場加工、工場塗装(F11系防食下地まで)、間接労務費及び工場管理費含む,t,pref,21,岐阜県,工事限定,多治見-道管-01#2,,1020000,JPY,special_survey_price,published_pdl,,,2026-06-12,,cbr-tokuchou-shizai-r8-09-gifu,list_r8.09_shizai_多治見砂防国道.pdf p.3,https://www.cbr.mlit.go.jp/architecture/kensetsugijutsu/unit_price/zip/r08/list_r8.09_shizai_gifu.zip,PDL1.0,,中部地整の事務所が工事ごとに行った特別調査の報告価格(予定価格の積算に用いたもの。原本の頁の説明: 施工地域、時期、現場条件が異なる場合、単価が異なる場合がある)。調査依頼: 多治見砂防国道事務所 道路管理課 多治見-道管-01 資材番号 2。調査区分: Ｂ－①。材工区分: 資材価格。単価適用地域: 工事限定。報告月: R8.6.12。備考: 現場車上渡し。消費税の扱いは原本に記載なし。geo_code は原本の県名欄(調査を依頼した事務所の県)
789a5e473f569b8c,JP,material,特別調査（資材単価） 多治見砂防国道事務所 道路管理課,下部工ﾌﾞﾗｹｯﾄ材料,SM400A、SS400 HDZT77,t,pref,21,岐阜県,工事限定,多治見-道管-01#3,,1310000,JPY,special_survey_price,published_pdl,,,2026-06-12,,cbr-tokuchou-shizai-r8-09-gifu,list_r8.09_shizai_多治見砂防国道.pdf p.3,https://www.cbr.mlit.go.jp/architecture/kensetsugijutsu/unit_price/zip/r08/list_r8.09_shizai_gifu.zip,PDL1.0,,中部地整の事務所が工事ごとに行った特別調査の報告価格(予定価格の積算に用いたもの。原本の頁の説明: 施工地域、時期、現場条件が異なる場合、単価が異なる場合がある)。調査依頼: 多治見砂防国道事務所 道路管理課 多治見-道管-01 資材番号 3。調査区分: Ｂ－①。材工区分: 資材価格。単価適用地域: 工事限定。報告月: R8.6.12。備考: 加工、メッキ、間接労務費及び工場管理費を含む現場車上渡し。消費税の扱いは原本に記載なし。geo_code は原本の県名欄(調査を依頼した事務所の県)
338e43d351fd78e9,JP,material,特別調査（資材単価） 多治見砂防国道事務所 道路管理課,超小型固定ｺﾞﾑ支承,"Rmax=838KN G1,G3",個,pref,21,岐阜県,管内統一,多治見-道管-01#4-1,,1570000,JPY,special_survey_price,published_pdl,,,2026-06-12,,cbr-tokuchou-shizai-r8-09-gifu,list_r8.09_shizai_多治見砂防国道.pdf p.3,https://www.cbr.mlit.go.jp/architecture/kensetsugijutsu/unit_price/zip/r08/list_r8.09_shizai_gifu.zip,PDL1.0,,中部地整の事務所が工事ごとに行った特別調査の報告価格(予定価格の積算に用いたもの。原本の頁の説明: 施工地域、時期、現場条件が異なる場合、単価が異なる場合がある)。調査依頼: 多治見砂防国道事務所 道路管理課 多治見-道管-01 資材番号 4-1。調査区分: Ａ－①。材工区分: 資材価格。単価適用地域: 管内統一。報告月: R8.6.12。備考: 現場車上渡し。消費税の扱いは原本に記載なし。geo_code は原本の県名欄(調査を依頼した事務所の県)
613fb2cf1bfb4204,JP,material,特別調査（資材単価） 多治見砂防国道事務所 道路管理課,超小型固定ｺﾞﾑ支承,Rmax=838KN G2,個,pref,21,岐阜県,管内統一,多治見-道管-01#4-2,,1610000,JPY,special_survey_price,published_pdl,,,2026-06-12,,cbr-tokuchou-shizai-r8-09-gifu,list_r8.09_shizai_多治見砂防国道.pdf p.3,https://www.cbr.mlit.go.jp/architecture/kensetsugijutsu/unit_price/zip/r08/list_r8.09_shizai_gifu.zip,PDL1.0,,中部地整の事務所が工事ごとに行った特別調査の報告価格(予定価格の積算に用いたもの。原本の頁の説明: 施工地域、時期、現場条件が異なる場合、単価が異なる場合がある)。調査依頼: 多治見砂防国道事務所 道路管理課 多治見-道管-01 資材番号 4-2。調査区分: 〃(上の行と同じ: Ａ－①)。材工区分: 資材価格。単価適用地域: 管内統一。報告月: R8.6.12。備考: 現場車上渡し。消費税の扱いは原本に記載なし。geo_code は原本の県名欄(調査を依頼した事務所の県)
1d2015db96c59596,JP,material,特別調査（資材単価） 多治見砂防国道事務所 道路管理課,ｿｰﾙﾌﾟﾚｰﾄ材料,SM400A PL-32 工場加工、工場塗装(F11系防食下地まで)、間接労務費及び工場管理費含む,t,pref,21,岐阜県,工事限定,多治見-道管-01#5,,1190000,JPY,special_survey_price,published_pdl,,,2026-06-12,,cbr-tokuchou-shizai-r8-09-gifu,list_r8.09_shizai_多治見砂防国道.pdf p.3,https://www.cbr.mlit.go.jp/architecture/kensetsugijutsu/unit_price/zip/r08/list_r8.09_shizai_gifu.zip,PDL1.0,,中部地整の事務所が工事ごとに行った特別調査の報告価格(予定価格の積算に用いたもの。原本の頁の説明: 施工地域、時期、現場条件が異なる場合、単価が異なる場合がある)。調査依頼: 多治見砂防国道事務所 道路管理課 多治見-道管-01 資材番号 5。調査区分: Ｂ－①。材工区分: 資材価格。単価適用地域: 工事限定。報告月: R8.6.12。備考: 現場車上渡し。消費税の扱いは原本に記載なし。geo_code は原本の県名欄(調査を依頼した事務所の県)
38df809a713d00f5,JP,material,特別調査（資材単価） 多治見砂防国道事務所 道路管理課,桁付ﾌﾞﾗｹｯﾄ材料,SS400 L-130×130×12 工場加工、工場塗装(F11系 防食下地まで)、間接労務費及び工場管理費含む,t,pref,21,岐阜県,工事限定,多治見-道管-01#6,,658000,JPY,special_survey_price,published_pdl,,,2026-06-12,,cbr-tokuchou-shizai-r8-09-gifu,list_r8.09_shizai_多治見砂防国道.pdf p.3,https://www.cbr.mlit.go.jp/architecture/kensetsugijutsu/unit_price/zip/r08/list_r8.09_shizai_gifu.zip,PDL1.0,,中部地整の事務所が工事ごとに行った特別調査の報告価格(予定価格の積算に用いたもの。原本の頁の説明: 施工地域、時期、現場条件が異なる場合、単価が異なる場合がある)。調査依頼: 多治見砂防国道事務所 道路管理課 多治見-道管-01 資材番号 6。調査区分: Ｂ－①。材工区分: 資材価格。単価適用地域: 工事限定。報告月: R8.6.12。備考: 現場車上渡し。消費税の扱いは原本に記載なし。geo_code は原本の県名欄(調査を依頼した事務所の県)
90c964771d753753,JP,material,特別調査（資材単価） 多治見砂防国道事務所 道路管理課,桁付ﾌﾞﾗｹｯﾄ材料,SS400 FILL PL-12 工場加工、工場塗装(F11系 防食下地まで)、間接労務費及び工場管理費含む,t,pref,21,岐阜県,工事限定,多治見-道管-01#7,,679000,JPY,special_survey_price,published_pdl,,,2026-06-12,,cbr-tokuchou-shizai-r8-09-gifu,list_r8.09_shizai_多治見砂防国道.pdf p.3,https://www.cbr.mlit.go.jp/architecture/kensetsugijutsu/unit_price/zip/r08/list_r8.09_shizai_gifu.zip,PDL1.0,,中部地整の事務所が工事ごとに行った特別調査の報告価格(予定価格の積算に用いたもの。原本の頁の説明: 施工地域、時期、現場条件が異なる場合、単価が異なる場合がある)。調査依頼: 多治見砂防国道事務所 道路管理課 多治見-道管-01 資材番号 7。調査区分: 〃(上の行と同じ: Ｂ－①)。材工区分: 資材価格。単価適用地域: 工事限定。報告月: R8.6.12。備考: 現場車上渡し。消費税の扱いは原本に記載なし。geo_code は原本の県名欄(調査を依頼した事務所の県)
3e31f165c201d7b3,JP,material,特別調査（資材単価） 多治見砂防国道事務所 道路管理課,横梁材料,SS400 SPL-9 工場加工、工場塗装(F11系防食下地まで)、間接労務費及び工場管理費含む,t,pref,21,岐阜県,工事限定,多治見-道管-01#8,,1200000,JPY,special_survey_price,published_pdl,,,2026-06-12,,cbr-tokuchou-shizai-r8-09-gifu,list_r8.09_shizai_多治見砂防国道.pdf p.3,https://www.cbr.mlit.go.jp/architecture/kensetsugijutsu/unit_price/zip/r08/list_r8.09_shizai_gifu.zip,PDL1.0,,中部地整の事務所が工事ごとに行った特別調査の報告価格(予定価格の積算に用いたもの。原本の頁の説明: 施工地域、時期、現場条件が異なる場合、単価が異なる場合がある)。調査依頼: 多治見砂防国道事務所 道路管理課 多治見-道管-01 資材番号 8。調査区分: Ｂ－①。材工区分: 資材価格。単価適用地域: 工事限定。報告月: R8.6.12。備考: 現場車上渡し。消費税の扱いは原本に記載なし。geo_code は原本の県名欄(調査を依頼した事務所の県)
f843a64c30437878,JP,material,特別調査（資材単価） 多治見砂防国道事務所 道路管理課,部材材料費,SM400A 工場加工、工場塗装(F11系 防食下地まで)、間接労務費及び工場管理費含む,t,pref,21,岐阜県,工事限定,多治見-道管-01#9,,1840000,JPY,special_survey_price,published_pdl,,,2026-06-12,,cbr-tokuchou-shizai-r8-09-gifu,list_r8.09_shizai_多治見砂防国道.pdf p.4,https://www.cbr.mlit.go.jp/architecture/kensetsugijutsu/unit_price/zip/r08/list_r8.09_shizai_gifu.zip,PDL1.0,,中部地整の事務所が工事ごとに行った特別調査の報告価格(予定価格の積算に用いたもの。原本の頁の説明: 施工地域、時期、現場条件が異なる場合、単価が異なる場合がある)。調査依頼: 多治見砂防国道事務所 道路管理課 多治見-道管-01 資材番号 9。調査区分: Ｂ－①。材工区分: 資材価格。単価適用地域: 工事限定。報告月: R8.6.12。備考: 現場車上渡し。消費税の扱いは原本に記載なし。geo_code は原本の県名欄(調査を依頼した事務所の県)
36d0d7d58f80ed66,JP,material,特別調査（資材単価） 多治見砂防国道事務所 道路管理課,炭素繊維シート,1方向中弾性 目付量400g/m2 引張強度2400N/mm2,m2,pref,21,岐阜県,管内統一,多治見-道管-01#10,,14000,JPY,special_survey_price,published_pdl,,,2026-06-12,,cbr-tokuchou-shizai-r8-09-gifu,list_r8.09_shizai_多治見砂防国道.pdf p.4,https://www.cbr.mlit.go.jp/architecture/kensetsugijutsu/unit_price/zip/r08/list_r8.09_shizai_gifu.zip,PDL1.0,,中部地整の事務所が工事ごとに行った特別調査の報告価格(予定価格の積算に用いたもの。原本の頁の説明: 施工地域、時期、現場条件が異なる場合、単価が異なる場合がある)。調査依頼: 多治見砂防国道事務所 道路管理課 多治見-道管-01 資材番号 10。調査区分: Ａ－①。材工区分: 資材価格。単価適用地域: 管内統一。報告月: R8.6.12。消費税の扱いは原本に記載なし。geo_code は原本の県名欄(調査を依頼した事務所の県)
456872bf5057257d,JP,material,特別調査（資材単価） 多治見砂防国道事務所 道路管理課,当板材料,SM400、SS400 工場加工、工場塗装(F11系防食塗装まで)、間接労務費及び工場管理費含む,t,pref,21,岐阜県,工事限定,多治見-道管-01#11,,1630000,JPY,special_survey_price,published_pdl,,,2026-06-12,,cbr-tokuchou-shizai-r8-09-gifu,list_r8.09_shizai_多治見砂防国道.pdf p.4,https://www.cbr.mlit.go.jp/architecture/kensetsugijutsu/unit_price/zip/r08/list_r8.09_shizai_gifu.zip,PDL1.0,,中部地整の事務所が工事ごとに行った特別調査の報告価格(予定価格の積算に用いたもの。原本の頁の説明: 施工地域、時期、現場条件が異なる場合、単価が異なる場合がある)。調査依頼: 多治見砂防国道事務所 道路管理課 多治見-道管-01 資材番号 11。調査区分: Ｂ－①。材工区分: 資材価格。単価適用地域: 工事限定。報告月: R8.6.12。備考: 現場車上渡し。消費税の扱いは原本に記載なし。geo_code は原本の県名欄(調査を依頼した事務所の県)
d98606866aea1ca0,JP,material,特別調査（資材単価） 多治見砂防国道事務所 道路管理課,地覆ｼﾞｮｲﾝﾄ,伸縮量100mm用,組,pref,21,岐阜県,管内統一,多治見-道管-01#13,,105000,JPY,special_survey_price,published_pdl,,,2026-06-12,,cbr-tokuchou-shizai-r8-09-gifu,list_r8.09_shizai_多治見砂防国道.pdf p.4,https://www.cbr.mlit.go.jp/architecture/kensetsugijutsu/unit_price/zip/r08/list_r8.09_shizai_gifu.zip,PDL1.0,,中部地整の事務所が工事ごとに行った特別調査の報告価格(予定価格の積算に用いたもの。原本の頁の説明: 施工地域、時期、現場条件が異なる場合、単価が異なる場合がある)。調査依頼: 多治見砂防国道事務所 道路管理課 多治見-道管-01 資材番号 13。調査区分: Ａ－①。材工区分: 資材価格。単価適用地域: 管内統一。報告月: R8.6.12。備考: 現場車上渡し。消費税の扱いは原本に記載なし。geo_code は原本の県名欄(調査を依頼した事務所の県)
6b36412b156f9501,JP,material,特別調査（資材単価） 多治見砂防国道事務所 道路管理課,地覆ｼﾞｮｲﾝﾄ,伸縮量130mm用,組,pref,21,岐阜県,管内統一,多治見-道管-01#14,,105000,JPY,special_survey_price,published_pdl,,,2026-06-12,,cbr-tokuchou-shizai-r8-09-gifu,list_r8.09_shizai_多治見砂防国道.pdf p.4,https://www.cbr.mlit.go.jp/architecture/kensetsugijutsu/unit_price/zip/r08/list_r8.09_shizai_gifu.zip,PDL1.0,,中部地整の事務所が工事ごとに行った特別調査の報告価格(予定価格の積算に用いたもの。原本の頁の説明: 施工地域、時期、現場条件が異なる場合、単価が異なる場合がある)。調査依頼: 多治見砂防国道事務所 道路管理課 多治見-道管-01 資材番号 14。調査区分: 〃(上の行と同じ: Ａ－①)。材工区分: 資材価格。単価適用地域: 管内統一。報告月: R8.6.12。備考: 現場車上渡し。消費税の扱いは原本に記載なし。geo_code は原本の県名欄(調査を依頼した事務所の県)
1ced48bbe2d0f693,JP,material,特別調査（資材単価） 多治見砂防国道事務所 道路管理課,橋梁用伸縮装置材料,YC-A130(歯型射角78°) 二次止水樋付,m,pref,21,岐阜県,管内統一,多治見-道管-01#15,,503000,JPY,special_survey_price,published_pdl,,,2026-06-12,,cbr-tokuchou-shizai-r8-09-gifu,list_r8.09_shizai_多治見砂防国道.pdf p.4,https://www.cbr.mlit.go.jp/architecture/kensetsugijutsu/unit_price/zip/r08/list_r8.09_shizai_gifu.zip,PDL1.0,,中部地整の事務所が工事ごとに行った特別調査の報告価格(予定価格の積算に用いたもの。原本の頁の説明: 施工地域、時期、現場条件が異なる場合、単価が異なる場合がある)。調査依頼: 多治見砂防国道事務所 道路管理課 多治見-道管-01 資材番号 15。調査区分: Ａ－①。材工区分: 資材価格。単価適用地域: 管内統一。報告月: R8.6.12。備考: 現場車上渡し端部ゴム管は含まず。消費税の扱いは原本に記載なし。geo_code は原本の県名欄(調査を依頼した事務所の県)
f5a660b5c6759eeb,JP,material,特別調査（資材単価） 多治見砂防国道事務所 道路管理課,橋梁用伸縮装置材料,LC-A120(端部射角),m,pref,21,岐阜県,管内統一,多治見-道管-01#16,,161000,JPY,special_survey_price,published_pdl,,,2026-06-12,,cbr-tokuchou-shizai-r8-09-gifu,list_r8.09_shizai_多治見砂防国道.pdf p.4,https://www.cbr.mlit.go.jp/architecture/kensetsugijutsu/unit_price/zip/r08/list_r8.09_shizai_gifu.zip,PDL1.0,,中部地整の事務所が工事ごとに行った特別調査の報告価格(予定価格の積算に用いたもの。原本の頁の説明: 施工地域、時期、現場条件が異なる場合、単価が異なる場合がある)。調査依頼: 多治見砂防国道事務所 道路管理課 多治見-道管-01 資材番号 16。調査区分: 〃(上の行と同じ: Ａ－①)。材工区分: 資材価格。単価適用地域: 管内統一。報告月: R8.6.12。備考: 現場車上渡し端部ゴム管・二次止水ゴム樋は含まず。消費税の扱いは原本に記載なし。geo_code は原本の県名欄(調査を依頼した事務所の県)
dc09300e6b13ef03,JP,material,特別調査（資材単価） 多治見砂防国道事務所 道路管理課,当板材料,SM400、SS400 工場加工、工場塗装(F11系防食塗装まで)、間接労務費及び工場管理費含む,t,pref,21,岐阜県,工事限定,多治見-道管-02#4,,1300000,JPY,special_survey_price,published_pdl,,,2026-06-26,,cbr-tokuchou-shizai-r8-09-gifu,list_r8.09_shizai_多治見砂防国道.pdf p.4,https://www.cbr.mlit.go.jp/architecture/kensetsugijutsu/unit_price/zip/r08/list_r8.09_shizai_gifu.zip,PDL1.0,,中部地整の事務所が工事ごとに行った特別調査の報告価格(予定価格の積算に用いたもの。原本の頁の説明: 施工地域、時期、現場条件が異なる場合、単価が異なる場合がある)。調査依頼: 多治見砂防国道事務所 道路管理課 多治見-道管-02 資材番号 4。調査区分: Ｂ－①。材工区分: 資材価格。単価適用地域: 工事限定。報告月: R8.6.26。備考: 現場車上渡し工場孔明含む。消費税の扱いは原本に記載なし。geo_code は原本の県名欄(調査を依頼した事務所の県)
7ce45e222578ff32,JP,material,特別調査（資材単価） 多治見砂防国道事務所 道路管理課,ｼﾞｬｯｷｱｯﾌﾟ補剛材,SM400 工場加工、工場塗装(F11系 防食塗装まで)、間接労務費及び工場管理費含む,t,pref,21,岐阜県,工事限定,多治見-道管-03#2,,1070000,JPY,special_survey_price,published_pdl,,,2026-07-02,,cbr-tokuchou-shizai-r8-09-gifu,list_r8.09_shizai_多治見砂防国道.pdf p.4,https://www.cbr.mlit.go.jp/architecture/kensetsugijutsu/unit_price/zip/r08/list_r8.09_shizai_gifu.zip,PDL1.0,,中部地整の事務所が工事ごとに行った特別調査の報告価格(予定価格の積算に用いたもの。原本の頁の説明: 施工地域、時期、現場条件が異なる場合、単価が異なる場合がある)。調査依頼: 多治見砂防国道事務所 道路管理課 多治見-道管-03 資材番号 2。調査区分: Ｂ－①。材工区分: 資材価格。単価適用地域: 工事限定。報告月: R8.7.2。備考: 現場車上渡し。消費税の扱いは原本に記載なし。geo_code は原本の県名欄(調査を依頼した事務所の県)
447d2f339cba8541,JP,material,特別調査（資材単価） 多治見砂防国道事務所 工務第二課,ｾﾒﾝﾄ系固化材,特殊土用 ﾊﾞﾗ,ｔ,pref,21,岐阜県,133地区,多治見-工二-03#3,,20500,JPY,special_survey_price,published_pdl,,,2026-07-06,,cbr-tokuchou-shizai-r8-09-gifu,list_r8.09_shizai_多治見砂防国道.pdf p.5,https://www.cbr.mlit.go.jp/architecture/kensetsugijutsu/unit_price/zip/r08/list_r8.09_shizai_gifu.zip,PDL1.0,,中部地整の事務所が工事ごとに行った特別調査の報告価格(予定価格の積算に用いたもの。原本の頁の説明: 施工地域、時期、現場条件が異なる場合、単価が異なる場合がある)。調査依頼: 多治見砂防国道事務所 工務第二課 多治見-工二-03 資材番号 3。調査区分: Ｂ－①。材工区分: 資材価格。単価適用地域: 133地区。報告月: R8.7.6。消費税の扱いは原本に記載なし。geo_code は原本の県名欄(調査を依頼した事務所の県)
b0dd5aa35eeec0c7,JP,material,特別調査（資材単価） 多治見砂防国道事務所 工務第二課,ｺﾝｸﾘｰﾄｽｷﾝ,板厚140、1500×1500、ｺﾈｸﾃｨﾌﾞｽﾄﾘｯﾌﾟ4本,枚,pref,21,岐阜県,事務所管内,多治見-工二-04#4,,67500,JPY,special_survey_price,published_pdl,,,2026-07-16,,cbr-tokuchou-shizai-r8-09-gifu,list_r8.09_shizai_多治見砂防国道.pdf p.5,https://www.cbr.mlit.go.jp/architecture/kensetsugijutsu/unit_price/zip/r08/list_r8.09_shizai_gifu.zip,PDL1.0,,中部地整の事務所が工事ごとに行った特別調査の報告価格(予定価格の積算に用いたもの。原本の頁の説明: 施工地域、時期、現場条件が異なる場合、単価が異なる場合がある)。調査依頼: 多治見砂防国道事務所 工務第二課 多治見-工二-04 資材番号 4。調査区分: Ａ－②。材工区分: 資材価格。単価適用地域: 事務所管内。報告月: R8.7.16。備考: 現場車上渡し。消費税の扱いは原本に記載なし。geo_code は原本の県名欄(調査を依頼した事務所の県)
44f4e08668b49b43,JP,material,特別調査（資材単価） 多治見砂防国道事務所 工務第二課,ｺﾝｸﾘｰﾄｽｷﾝ,板厚140、1500×1500、ｺﾈｸﾃｨﾌﾞｽﾄﾘｯﾌﾟ6本,枚,pref,21,岐阜県,事務所管内,多治見-工二-04#5,,69400,JPY,special_survey_price,published_pdl,,,2026-07-16,,cbr-tokuchou-shizai-r8-09-gifu,list_r8.09_shizai_多治見砂防国道.pdf p.5,https://www.cbr.mlit.go.jp/architecture/kensetsugijutsu/unit_price/zip/r08/list_r8.09_shizai_gifu.zip,PDL1.0,,中部地整の事務所が工事ごとに行った特別調査の報告価格(予定価格の積算に用いたもの。原本の頁の説明: 施工地域、時期、現場条件が異なる場合、単価が異なる場合がある)。調査依頼: 多治見砂防国道事務所 工務第二課 多治見-工二-04 資材番号 5。調査区分: No.4に含む。材工区分: 資材価格。単価適用地域: 事務所管内。報告月: R8.7.16。備考: 現場車上渡し。消費税の扱いは原本に記載なし。geo_code は原本の県名欄(調査を依頼した事務所の県)
609623a8bae4aedf,JP,material,特別調査（資材単価） 多治見砂防国道事務所 工務第二課,ｺﾝｸﾘｰﾄｽｷﾝ,板厚140、1500×1480（さし筋有）、ｺﾈｸﾃｨﾌﾞｽﾄﾘｯﾌﾟ4本,枚,pref,21,岐阜県,事務所管内,多治見-工二-04#6,,72000,JPY,special_survey_price,published_pdl,,,2026-07-16,,cbr-tokuchou-shizai-r8-09-gifu,list_r8.09_shizai_多治見砂防国道.pdf p.5,https://www.cbr.mlit.go.jp/architecture/kensetsugijutsu/unit_price/zip/r08/list_r8.09_shizai_gifu.zip,PDL1.0,,中部地整の事務所が工事ごとに行った特別調査の報告価格(予定価格の積算に用いたもの。原本の頁の説明: 施工地域、時期、現場条件が異なる場合、単価が異なる場合がある)。調査依頼: 多治見砂防国道事務所 工務第二課 多治見-工二-04 資材番号 6。調査区分: No.4に含む。材工区分: 資材価格。単価適用地域: 事務所管内。報告月: R8.7.16。備考: 現場車上渡し。消費税の扱いは原本に記載なし。geo_code は原本の県名欄(調査を依頼した事務所の県)
ae67016e0dcb0541,JP,material,特別調査（資材単価） 多治見砂防国道事務所 工務第二課,ｺﾝｸﾘｰﾄｽｷﾝ,板厚140、1418×1500、ｺﾈｸﾃｨﾌﾞｽﾄﾘｯﾌﾟ4本,枚,pref,21,岐阜県,事務所管内,多治見-工二-04#7,,82800,JPY,special_survey_price,published_pdl,,,2026-07-16,,cbr-tokuchou-shizai-r8-09-gifu,list_r8.09_shizai_多治見砂防国道.pdf p.5,https://www.cbr.mlit.go.jp/architecture/kensetsugijutsu/unit_price/zip/r08/list_r8.09_shizai_gifu.zip,PDL1.0,,中部地整の事務所が工事ごとに行った特別調査の報告価格(予定価格の積算に用いたもの。原本の頁の説明: 施工地域、時期、現場条件が異なる場合、単価が異なる場合がある)。調査依頼: 多治見砂防国道事務所 工務第二課 多治見-工二-04 資材番号 7。調査区分: No.4に含む。材工区分: 資材価格。単価適用地域: 事務所管内。報告月: R8.7.16。備考: 現場車上渡し。消費税の扱いは原本に記載なし。geo_code は原本の県名欄(調査を依頼した事務所の県)
d96559ab1ac4f9d0,JP,material,特別調査（資材単価） 多治見砂防国道事務所 工務第二課,ｺﾝｸﾘｰﾄｽｷﾝ,板厚140、1418×1480（さし筋有）、ｺﾈｸﾃｨﾌﾞｽﾄﾘｯﾌﾟ4本,枚,pref,21,岐阜県,事務所管内,多治見-工二-04#8,,87400,JPY,special_survey_price,published_pdl,,,2026-07-16,,cbr-tokuchou-shizai-r8-09-gifu,list_r8.09_shizai_多治見砂防国道.pdf p.5,https://www.cbr.mlit.go.jp/architecture/kensetsugijutsu/unit_price/zip/r08/list_r8.09_shizai_gifu.zip,PDL1.0,,中部地整の事務所が工事ごとに行った特別調査の報告価格(予定価格の積算に用いたもの。原本の頁の説明: 施工地域、時期、現場条件が異なる場合、単価が異なる場合がある)。調査依頼: 多治見砂防国道事務所 工務第二課 多治見-工二-04 資材番号 8。調査区分: No.4に含む。材工区分: 資材価格。単価適用地域: 事務所管内。報告月: R8.7.16。備考: 現場車上渡し。消費税の扱いは原本に記載なし。geo_code は原本の県名欄(調査を依頼した事務所の県)
68f165ac925a438f,JP,material,特別調査（資材単価） 多治見砂防国道事務所 工務第二課,ｺﾝｸﾘｰﾄｽｷﾝ,板厚140、1418×1500、ｺﾈｸﾃｨﾌﾞｽﾄﾘｯﾌﾟ4本,枚,pref,21,岐阜県,事務所管内,多治見-工二-04#9,,82800,JPY,special_survey_price,published_pdl,,,2026-07-16,,cbr-tokuchou-shizai-r8-09-gifu,list_r8.09_shizai_多治見砂防国道.pdf p.6,https://www.cbr.mlit.go.jp/architecture/kensetsugijutsu/unit_price/zip/r08/list_r8.09_shizai_gifu.zip,PDL1.0,,中部地整の事務所が工事ごとに行った特別調査の報告価格(予定価格の積算に用いたもの。原本の頁の説明: 施工地域、時期、現場条件が異なる場合、単価が異なる場合がある)。調査依頼: 多治見砂防国道事務所 工務第二課 多治見-工二-04 資材番号 9。調査区分: No.4に含む。材工区分: 資材価格。単価適用地域: 事務所管内。報告月: R8.7.16。備考: 現場車上渡し。消費税の扱いは原本に記載なし。geo_code は原本の県名欄(調査を依頼した事務所の県)
5e36714825b83263,JP,material,特別調査（資材単価） 多治見砂防国道事務所 工務第二課,ｺﾝｸﾘｰﾄｽｷﾝ,板厚140、1418×1500、ｺﾈｸﾃｨﾌﾞｽﾄﾘｯﾌﾟ6本,枚,pref,21,岐阜県,事務所管内,多治見-工二-04#10,,84700,JPY,special_survey_price,published_pdl,,,2026-07-16,,cbr-tokuchou-shizai-r8-09-gifu,list_r8.09_shizai_多治見砂防国道.pdf p.6,https://www.cbr.mlit.go.jp/architecture/kensetsugijutsu/unit_price/zip/r08/list_r8.09_shizai_gifu.zip,PDL1.0,,中部地整の事務所が工事ごとに行った特別調査の報告価格(予定価格の積算に用いたもの。原本の頁の説明: 施工地域、時期、現場条件が異なる場合、単価が異なる場合がある)。調査依頼: 多治見砂防国道事務所 工務第二課 多治見-工二-04 資材番号 10。調査区分: No.4に含む。材工区分: 資材価格。単価適用地域: 事務所管内。報告月: R8.7.16。備考: 現場車上渡し。消費税の扱いは原本に記載なし。geo_code は原本の県名欄(調査を依頼した事務所の県)
e0ad124ae70910b0,JP,material,特別調査（資材単価） 多治見砂防国道事務所 工務第二課,ｺﾝｸﾘｰﾄｽｷﾝ,板厚140、1418×1480（さし筋有）、ｺﾈｸﾃｨﾌﾞｽﾄﾘｯﾌﾟ4本,枚,pref,21,岐阜県,事務所管内,多治見-工二-04#11,,87400,JPY,special_survey_price,published_pdl,,,2026-07-16,,cbr-tokuchou-shizai-r8-09-gifu,list_r8.09_shizai_多治見砂防国道.pdf p.6,https://www.cbr.mlit.go.jp/architecture/kensetsugijutsu/unit_price/zip/r08/list_r8.09_shizai_gifu.zip,PDL1.0,,中部地整の事務所が工事ごとに行った特別調査の報告価格(予定価格の積算に用いたもの。原本の頁の説明: 施工地域、時期、現場条件が異なる場合、単価が異なる場合がある)。調査依頼: 多治見砂防国道事務所 工務第二課 多治見-工二-04 資材番号 11。調査区分: No.4に含む。材工区分: 資材価格。単価適用地域: 事務所管内。報告月: R8.7.16。備考: 現場車上渡し。消費税の扱いは原本に記載なし。geo_code は原本の県名欄(調査を依頼した事務所の県)
ae6379d38950f03e,JP,material,特別調査（資材単価） 多治見砂防国道事務所 工務第二課,ｺﾝｸﾘｰﾄｽｷﾝ,板厚140、1500×730（さし筋有）、ｺﾈｸﾃｨﾌﾞｽﾄﾘｯﾌﾟ2本,枚,pref,21,岐阜県,事務所管内,多治見-工二-04#12,,41600,JPY,special_survey_price,published_pdl,,,2026-07-16,,cbr-tokuchou-shizai-r8-09-gifu,list_r8.09_shizai_多治見砂防国道.pdf p.6,https://www.cbr.mlit.go.jp/architecture/kensetsugijutsu/unit_price/zip/r08/list_r8.09_shizai_gifu.zip,PDL1.0,,中部地整の事務所が工事ごとに行った特別調査の報告価格(予定価格の積算に用いたもの。原本の頁の説明: 施工地域、時期、現場条件が異なる場合、単価が異なる場合がある)。調査依頼: 多治見砂防国道事務所 工務第二課 多治見-工二-04 資材番号 12。調査区分: No.4に含む。材工区分: 資材価格。単価適用地域: 事務所管内。報告月: R8.7.16。備考: 現場車上渡し。消費税の扱いは原本に記載なし。geo_code は原本の県名欄(調査を依頼した事務所の県)
fda570150d5595ef,JP,material,特別調査（資材単価） 多治見砂防国道事務所 工務第二課,ｺﾝｸﾘｰﾄｽｷﾝ,板厚140、1500×750、ｺﾈｸﾃｨﾌﾞｽﾄﾘｯﾌﾟ2本,枚,pref,21,岐阜県,事務所管内,多治見-工二-04#13,,37000,JPY,special_survey_price,published_pdl,,,2026-07-16,,cbr-tokuchou-shizai-r8-09-gifu,list_r8.09_shizai_多治見砂防国道.pdf p.6,https://www.cbr.mlit.go.jp/architecture/kensetsugijutsu/unit_price/zip/r08/list_r8.09_shizai_gifu.zip,PDL1.0,,中部地整の事務所が工事ごとに行った特別調査の報告価格(予定価格の積算に用いたもの。原本の頁の説明: 施工地域、時期、現場条件が異なる場合、単価が異なる場合がある)。調査依頼: 多治見砂防国道事務所 工務第二課 多治見-工二-04 資材番号 13。調査区分: No.4に含む。材工区分: 資材価格。単価適用地域: 事務所管内。報告月: R8.7.16。備考: 現場車上渡し。消費税の扱いは原本に記載なし。geo_code は原本の県名欄(調査を依頼した事務所の県)
7f6970fccab4b749,JP,material,特別調査（資材単価） 多治見砂防国道事務所 工務第二課,ｺﾝｸﾘｰﾄｽｷﾝ,板厚140、1500×750、ｺﾈｸﾃｨﾌﾞｽﾄﾘｯﾌﾟ3本,枚,pref,21,岐阜県,事務所管内,多治見-工二-04#14,,38000,JPY,special_survey_price,published_pdl,,,2026-07-16,,cbr-tokuchou-shizai-r8-09-gifu,list_r8.09_shizai_多治見砂防国道.pdf p.6,https://www.cbr.mlit.go.jp/architecture/kensetsugijutsu/unit_price/zip/r08/list_r8.09_shizai_gifu.zip,PDL1.0,,中部地整の事務所が工事ごとに行った特別調査の報告価格(予定価格の積算に用いたもの。原本の頁の説明: 施工地域、時期、現場条件が異なる場合、単価が異なる場合がある)。調査依頼: 多治見砂防国道事務所 工務第二課 多治見-工二-04 資材番号 14。調査区分: No.4に含む。材工区分: 資材価格。単価適用地域: 事務所管内。報告月: R8.7.16。備考: 現場車上渡し。消費税の扱いは原本に記載なし。geo_code は原本の県名欄(調査を依頼した事務所の県)
701a53fb00861bbf,JP,material,特別調査（資材単価） 多治見砂防国道事務所 工務第二課,ｺﾝｸﾘｰﾄｽｷﾝ,板厚140、1418×730（さし筋有）、ｺﾈｸﾃｨﾌﾞｽﾄﾘｯﾌﾟ2本,枚,pref,21,岐阜県,事務所管内,多治見-工二-04#15,,55400,JPY,special_survey_price,published_pdl,,,2026-07-16,,cbr-tokuchou-shizai-r8-09-gifu,list_r8.09_shizai_多治見砂防国道.pdf p.6,https://www.cbr.mlit.go.jp/architecture/kensetsugijutsu/unit_price/zip/r08/list_r8.09_shizai_gifu.zip,PDL1.0,,中部地整の事務所が工事ごとに行った特別調査の報告価格(予定価格の積算に用いたもの。原本の頁の説明: 施工地域、時期、現場条件が異なる場合、単価が異なる場合がある)。調査依頼: 多治見砂防国道事務所 工務第二課 多治見-工二-04 資材番号 15。調査区分: No.4に含む。材工区分: 資材価格。単価適用地域: 事務所管内。報告月: R8.7.16。備考: 現場車上渡し。消費税の扱いは原本に記載なし。geo_code は原本の県名欄(調査を依頼した事務所の県)
d3e77b65e5ecc81b,JP,material,特別調査（資材単価） 多治見砂防国道事務所 工務第二課,ｺﾝｸﾘｰﾄｽｷﾝ,板厚140、200×1500、ｺﾈｸﾃｨﾌﾞｽﾄﾘｯﾌﾟ2本,枚,pref,21,岐阜県,事務所管内,多治見-工二-04#16,,89600,JPY,special_survey_price,published_pdl,,,2026-07-16,,cbr-tokuchou-shizai-r8-09-gifu,list_r8.09_shizai_多治見砂防国道.pdf p.6,https://www.cbr.mlit.go.jp/architecture/kensetsugijutsu/unit_price/zip/r08/list_r8.09_shizai_gifu.zip,PDL1.0,,中部地整の事務所が工事ごとに行った特別調査の報告価格(予定価格の積算に用いたもの。原本の頁の説明: 施工地域、時期、現場条件が異なる場合、単価が異なる場合がある)。調査依頼: 多治見砂防国道事務所 工務第二課 多治見-工二-04 資材番号 16。調査区分: No.4に含む。材工区分: 資材価格。単価適用地域: 事務所管内。報告月: R8.7.16。備考: 現場車上渡し。消費税の扱いは原本に記載なし。geo_code は原本の県名欄(調査を依頼した事務所の県)
0bec8a8a42eafc31,JP,material,特別調査（資材単価） 多治見砂防国道事務所 工務第二課,ｺﾝｸﾘｰﾄｽｷﾝ,板厚140、200×730（さし筋有）、ｺﾈｸﾃｨﾌﾞｽﾄﾘｯﾌﾟ1本,枚,pref,21,岐阜県,事務所管内,多治見-工二-04#17,,55100,JPY,special_survey_price,published_pdl,,,2026-07-16,,cbr-tokuchou-shizai-r8-09-gifu,list_r8.09_shizai_多治見砂防国道.pdf p.6,https://www.cbr.mlit.go.jp/architecture/kensetsugijutsu/unit_price/zip/r08/list_r8.09_shizai_gifu.zip,PDL1.0,,中部地整の事務所が工事ごとに行った特別調査の報告価格(予定価格の積算に用いたもの。原本の頁の説明: 施工地域、時期、現場条件が異なる場合、単価が異なる場合がある)。調査依頼: 多治見砂防国道事務所 工務第二課 多治見-工二-04 資材番号 17。調査区分: No.4に含む。材工区分: 資材価格。単価適用地域: 事務所管内。報告月: R8.7.16。備考: 現場車上渡し。消費税の扱いは原本に記載なし。geo_code は原本の県名欄(調査を依頼した事務所の県)
509b2907552d466d,JP,material,特別調査（資材単価） 多治見砂防国道事務所 工務第二課,ｺﾝｸﾘｰﾄｽｷﾝ,板厚140、200×750、ｺﾈｸﾃｨﾌﾞｽﾄﾘｯﾌﾟ1本,枚,pref,21,岐阜県,事務所管内,多治見-工二-04#18,,50400,JPY,special_survey_price,published_pdl,,,2026-07-16,,cbr-tokuchou-shizai-r8-09-gifu,list_r8.09_shizai_多治見砂防国道.pdf p.6,https://www.cbr.mlit.go.jp/architecture/kensetsugijutsu/unit_price/zip/r08/list_r8.09_shizai_gifu.zip,PDL1.0,,中部地整の事務所が工事ごとに行った特別調査の報告価格(予定価格の積算に用いたもの。原本の頁の説明: 施工地域、時期、現場条件が異なる場合、単価が異なる場合がある)。調査依頼: 多治見砂防国道事務所 工務第二課 多治見-工二-04 資材番号 18。調査区分: No.4に含む。材工区分: 資材価格。単価適用地域: 事務所管内。報告月: R8.7.16。備考: 現場車上渡し。消費税の扱いは原本に記載なし。geo_code は原本の県名欄(調査を依頼した事務所の県)
0ea07cf33204ab4d,JP,material,特別調査（資材単価） 多治見砂防国道事務所 工務第二課,ｺﾝｸﾘｰﾄｽｷﾝ,板厚140、700×1500、ｺﾈｸﾃｨﾌﾞｽﾄﾘｯﾌﾟ2本,枚,pref,21,岐阜県,事務所管内,多治見-工二-04#19,,61300,JPY,special_survey_price,published_pdl,,,2026-07-16,,cbr-tokuchou-shizai-r8-09-gifu,list_r8.09_shizai_多治見砂防国道.pdf p.6,https://www.cbr.mlit.go.jp/architecture/kensetsugijutsu/unit_price/zip/r08/list_r8.09_shizai_gifu.zip,PDL1.0,,中部地整の事務所が工事ごとに行った特別調査の報告価格(予定価格の積算に用いたもの。原本の頁の説明: 施工地域、時期、現場条件が異なる場合、単価が異なる場合がある)。調査依頼: 多治見砂防国道事務所 工務第二課 多治見-工二-04 資材番号 19。調査区分: No.4に含む。材工区分: 資材価格。単価適用地域: 事務所管内。報告月: R8.7.16。備考: 現場車上渡し。消費税の扱いは原本に記載なし。geo_code は原本の県名欄(調査を依頼した事務所の県)
98211f737a8df777,JP,material,特別調査（資材単価） 多治見砂防国道事務所 工務第二課,ｺﾝｸﾘｰﾄｽｷﾝ,板厚140、700×730（さし筋有）、ｺﾈｸﾃｨﾌﾞｽﾄﾘｯﾌﾟ1本,枚,pref,21,岐阜県,事務所管内,多治見-工二-04#20,,49600,JPY,special_survey_price,published_pdl,,,2026-07-16,,cbr-tokuchou-shizai-r8-09-gifu,list_r8.09_shizai_多治見砂防国道.pdf p.6,https://www.cbr.mlit.go.jp/architecture/kensetsugijutsu/unit_price/zip/r08/list_r8.09_shizai_gifu.zip,PDL1.0,,中部地整の事務所が工事ごとに行った特別調査の報告価格(予定価格の積算に用いたもの。原本の頁の説明: 施工地域、時期、現場条件が異なる場合、単価が異なる場合がある)。調査依頼: 多治見砂防国道事務所 工務第二課 多治見-工二-04 資材番号 20。調査区分: No.4に含む。材工区分: 資材価格。単価適用地域: 事務所管内。報告月: R8.7.16。備考: 現場車上渡し。消費税の扱いは原本に記載なし。geo_code は原本の県名欄(調査を依頼した事務所の県)
75fe6e5d507acab8,JP,material,特別調査（資材単価） 多治見砂防国道事務所 工務第二課,ｺﾝｸﾘｰﾄｽｷﾝ,板厚140、700×750、ｺﾈｸﾃｨﾌﾞｽﾄﾘｯﾌﾟ1本,枚,pref,21,岐阜県,事務所管内,多治見-工二-04#21,,45000,JPY,special_survey_price,published_pdl,,,2026-07-16,,cbr-tokuchou-shizai-r8-09-gifu,list_r8.09_shizai_多治見砂防国道.pdf p.6,https://www.cbr.mlit.go.jp/architecture/kensetsugijutsu/unit_price/zip/r08/list_r8.09_shizai_gifu.zip,PDL1.0,,中部地整の事務所が工事ごとに行った特別調査の報告価格(予定価格の積算に用いたもの。原本の頁の説明: 施工地域、時期、現場条件が異なる場合、単価が異なる場合がある)。調査依頼: 多治見砂防国道事務所 工務第二課 多治見-工二-04 資材番号 21。調査区分: No.4に含む。材工区分: 資材価格。単価適用地域: 事務所管内。報告月: R8.7.16。備考: 現場車上渡し。消費税の扱いは原本に記載なし。geo_code は原本の県名欄(調査を依頼した事務所の県)
6a65e2de3671466d,JP,material,特別調査（資材単価） 多治見砂防国道事務所 工務第二課,高強度リブ付ｽﾄﾘｯﾌﾟ,SS400 4×80 ﾒｯｷ付き,m,pref,21,岐阜県,事務所管内,多治見-工二-04#22,,2030,JPY,special_survey_price,published_pdl,,,2026-07-16,,cbr-tokuchou-shizai-r8-09-gifu,list_r8.09_shizai_多治見砂防国道.pdf p.6,https://www.cbr.mlit.go.jp/architecture/kensetsugijutsu/unit_price/zip/r08/list_r8.09_shizai_gifu.zip,PDL1.0,,中部地整の事務所が工事ごとに行った特別調査の報告価格(予定価格の積算に用いたもの。原本の頁の説明: 施工地域、時期、現場条件が異なる場合、単価が異なる場合がある)。調査依頼: 多治見砂防国道事務所 工務第二課 多治見-工二-04 資材番号 22。調査区分: Ａ－①。材工区分: 資材価格。単価適用地域: 事務所管内。報告月: R8.7.16。備考: 現場車上渡し。消費税の扱いは原本に記載なし。geo_code は原本の県名欄(調査を依頼した事務所の県)
f9e27caf1fa5af40,JP,material,特別調査（資材単価） 多治見砂防国道事務所 工務第二課,水平目地材,20×75×600 ｺﾞﾑﾌﾟﾚｰﾄ,枚,pref,21,岐阜県,事務所管内,多治見-工二-04#23,,1380,JPY,special_survey_price,published_pdl,,,2026-07-16,,cbr-tokuchou-shizai-r8-09-gifu,list_r8.09_shizai_多治見砂防国道.pdf p.6,https://www.cbr.mlit.go.jp/architecture/kensetsugijutsu/unit_price/zip/r08/list_r8.09_shizai_gifu.zip,PDL1.0,,中部地整の事務所が工事ごとに行った特別調査の報告価格(予定価格の積算に用いたもの。原本の頁の説明: 施工地域、時期、現場条件が異なる場合、単価が異なる場合がある)。調査依頼: 多治見砂防国道事務所 工務第二課 多治見-工二-04 資材番号 23。調査区分: Ａ－①。材工区分: 資材価格。単価適用地域: 事務所管内。報告月: R8.7.16。備考: 現場車上渡し。消費税の扱いは原本に記載なし。geo_code は原本の県名欄(調査を依頼した事務所の県)
ba75abde15ab28f4,JP,material,特別調査（資材単価） 多治見砂防国道事務所 工務第二課,透水防砂材,4×420,m,pref,21,岐阜県,事務所管内,多治見-工二-04#24,,720,JPY,special_survey_price,published_pdl,,,2026-07-16,,cbr-tokuchou-shizai-r8-09-gifu,list_r8.09_shizai_多治見砂防国道.pdf p.6,https://www.cbr.mlit.go.jp/architecture/kensetsugijutsu/unit_price/zip/r08/list_r8.09_shizai_gifu.zip,PDL1.0,,中部地整の事務所が工事ごとに行った特別調査の報告価格(予定価格の積算に用いたもの。原本の頁の説明: 施工地域、時期、現場条件が異なる場合、単価が異なる場合がある)。調査依頼: 多治見砂防国道事務所 工務第二課 多治見-工二-04 資材番号 24。調査区分: Ａ－①。材工区分: 資材価格。単価適用地域: 事務所管内。報告月: R8.7.16。備考: 現場車上渡し。消費税の扱いは原本に記載なし。geo_code は原本の県名欄(調査を依頼した事務所の県)
a997bddbcf695904,JP,material,特別調査（資材単価） 多治見砂防国道事務所 工務第二課,端部取付金具,250×250×3.2×1500θ=0°～359° ﾒｯｷ付き,本,pref,21,岐阜県,事務所管内,多治見-工二-04#25,,26200,JPY,special_survey_price,published_pdl,,,2026-07-16,,cbr-tokuchou-shizai-r8-09-gifu,list_r8.09_shizai_多治見砂防国道.pdf p.7,https://www.cbr.mlit.go.jp/architecture/kensetsugijutsu/unit_price/zip/r08/list_r8.09_shizai_gifu.zip,PDL1.0,,中部地整の事務所が工事ごとに行った特別調査の報告価格(予定価格の積算に用いたもの。原本の頁の説明: 施工地域、時期、現場条件が異なる場合、単価が異なる場合がある)。調査依頼: 多治見砂防国道事務所 工務第二課 多治見-工二-04 資材番号 25。調査区分: Ａ－①。材工区分: 資材価格。単価適用地域: 事務所管内。報告月: R8.7.16。備考: 現場車上渡し。消費税の扱いは原本に記載なし。geo_code は原本の県名欄(調査を依頼した事務所の県)
7e4ae98710291289,JP,material,特別調査（資材単価） 多治見砂防国道事務所 工務第二課,端部取付金具,250×250×3.2×750θ=0°～359° ﾒｯｷ付き,本,pref,21,岐阜県,事務所管内,多治見-工二-04#26,,13100,JPY,special_survey_price,published_pdl,,,2026-07-16,,cbr-tokuchou-shizai-r8-09-gifu,list_r8.09_shizai_多治見砂防国道.pdf p.7,https://www.cbr.mlit.go.jp/architecture/kensetsugijutsu/unit_price/zip/r08/list_r8.09_shizai_gifu.zip,PDL1.0,,中部地整の事務所が工事ごとに行った特別調査の報告価格(予定価格の積算に用いたもの。原本の頁の説明: 施工地域、時期、現場条件が異なる場合、単価が異なる場合がある)。調査依頼: 多治見砂防国道事務所 工務第二課 多治見-工二-04 資材番号 26。調査区分: No.25に含む。材工区分: 資材価格。単価適用地域: 事務所管内。報告月: R8.7.16。備考: 現場車上渡し。消費税の扱いは原本に記載なし。geo_code は原本の県名欄(調査を依頼した事務所の県)
8916195638dd65d8,JP,material,特別調査（資材単価） 多治見砂防国道事務所 工務第二課,ｺﾝｸﾘｰﾄｱﾝｶｰ,M12×90 芯棒打込式ﾒｯｷ付き,本,pref,21,岐阜県,事務所管内,多治見-工二-04#27,,1230,JPY,special_survey_price,published_pdl,,,2026-07-16,,cbr-tokuchou-shizai-r8-09-gifu,list_r8.09_shizai_多治見砂防国道.pdf p.7,https://www.cbr.mlit.go.jp/architecture/kensetsugijutsu/unit_price/zip/r08/list_r8.09_shizai_gifu.zip,PDL1.0,,中部地整の事務所が工事ごとに行った特別調査の報告価格(予定価格の積算に用いたもの。原本の頁の説明: 施工地域、時期、現場条件が異なる場合、単価が異なる場合がある)。調査依頼: 多治見砂防国道事務所 工務第二課 多治見-工二-04 資材番号 27。調査区分: Ａ－①。材工区分: 資材価格。単価適用地域: 事務所管内。報告月: R8.7.16。備考: 現場車上渡し。消費税の扱いは原本に記載なし。geo_code は原本の県名欄(調査を依頼した事務所の県)
5edec4f2a333a498,JP,material,特別調査（資材単価） 多治見砂防国道事務所 工務第二課,ねじ込み式シングルプレスト管,φ200 有孔管,m,pref,21,岐阜県,管内統一,多治見-工二-04#29,,3550,JPY,special_survey_price,published_pdl,,,2026-07-16,,cbr-tokuchou-shizai-r8-09-gifu,list_r8.09_shizai_多治見砂防国道.pdf p.7,https://www.cbr.mlit.go.jp/architecture/kensetsugijutsu/unit_price/zip/r08/list_r8.09_shizai_gifu.zip,PDL1.0,,中部地整の事務所が工事ごとに行った特別調査の報告価格(予定価格の積算に用いたもの。原本の頁の説明: 施工地域、時期、現場条件が異なる場合、単価が異なる場合がある)。調査依頼: 多治見砂防国道事務所 工務第二課 多治見-工二-04 資材番号 29。調査区分: Ａ－①。材工区分: 資材価格。単価適用地域: 管内統一。報告月: R8.7.16。消費税の扱いは原本に記載なし。geo_code は原本の県名欄(調査を依頼した事務所の県)
58b6419e7febbc12,JP,material,特別調査（資材単価） 多治見砂防国道事務所 工務第二課,ねじ込み式シングルプレスト管,φ200 無孔管,m,pref,21,岐阜県,管内統一,多治見-工二-04#30,,3550,JPY,special_survey_price,published_pdl,,,2026-07-16,,cbr-tokuchou-shizai-r8-09-gifu,list_r8.09_shizai_多治見砂防国道.pdf p.7,https://www.cbr.mlit.go.jp/architecture/kensetsugijutsu/unit_price/zip/r08/list_r8.09_shizai_gifu.zip,PDL1.0,,中部地整の事務所が工事ごとに行った特別調査の報告価格(予定価格の積算に用いたもの。原本の頁の説明: 施工地域、時期、現場条件が異なる場合、単価が異なる場合がある)。調査依頼: 多治見砂防国道事務所 工務第二課 多治見-工二-04 資材番号 30。調査区分: No.29に含む。材工区分: 資材価格。単価適用地域: 管内統一。報告月: R8.7.16。消費税の扱いは原本に記載なし。geo_code は原本の県名欄(調査を依頼した事務所の県)
8c561cfbe4f25f7d,JP,material,特別調査（資材単価） 多治見砂防国道事務所 工務第二課,Tチーズ,高密度ポリエチレン管シングル構造ねじ込式φ200用,個,pref,21,岐阜県,管内統一,多治見-工二-04#31,,20800,JPY,special_survey_price,published_pdl,,,2026-07-16,,cbr-tokuchou-shizai-r8-09-gifu,list_r8.09_shizai_多治見砂防国道.pdf p.7,https://www.cbr.mlit.go.jp/architecture/kensetsugijutsu/unit_price/zip/r08/list_r8.09_shizai_gifu.zip,PDL1.0,,中部地整の事務所が工事ごとに行った特別調査の報告価格(予定価格の積算に用いたもの。原本の頁の説明: 施工地域、時期、現場条件が異なる場合、単価が異なる場合がある)。調査依頼: 多治見砂防国道事務所 工務第二課 多治見-工二-04 資材番号 31。調査区分: Ａ－①。材工区分: 資材価格。単価適用地域: 管内統一。報告月: R8.7.16。消費税の扱いは原本に記載なし。geo_code は原本の県名欄(調査を依頼した事務所の県)
b6177c79090c3fed,JP,material,特別調査（資材単価） 多治見砂防国道事務所 工務第二課,キャップ,高密度ポリエチレン管シングル構造ねじ込式φ200用,個,pref,21,岐阜県,管内統一,多治見-工二-04#32,,6660,JPY,special_survey_price,published_pdl,,,2026-07-16,,cbr-tokuchou-shizai-r8-09-gifu,list_r8.09_shizai_多治見砂防国道.pdf p.7,https://www.cbr.mlit.go.jp/architecture/kensetsugijutsu/unit_price/zip/r08/list_r8.09_shizai_gifu.zip,PDL1.0,,中部地整の事務所が工事ごとに行った特別調査の報告価格(予定価格の積算に用いたもの。原本の頁の説明: 施工地域、時期、現場条件が異なる場合、単価が異なる場合がある)。調査依頼: 多治見砂防国道事務所 工務第二課 多治見-工二-04 資材番号 32。調査区分: Ａ－①。材工区分: 資材価格。単価適用地域: 管内統一。報告月: R8.7.16。消費税の扱いは原本に記載なし。geo_code は原本の県名欄(調査を依頼した事務所の県)
a619cf0d0d4e7069,JP,material,特別調査（資材単価） 多治見砂防国道事務所 工務第二課,ｺﾞﾑﾌﾟﾚｰﾄ,10×300×1000 SBR,m２,pref,21,岐阜県,事務所管内,多治見-工二-04#33,,18500,JPY,special_survey_price,published_pdl,,,2026-07-16,,cbr-tokuchou-shizai-r8-09-gifu,list_r8.09_shizai_多治見砂防国道.pdf p.7,https://www.cbr.mlit.go.jp/architecture/kensetsugijutsu/unit_price/zip/r08/list_r8.09_shizai_gifu.zip,PDL1.0,,中部地整の事務所が工事ごとに行った特別調査の報告価格(予定価格の積算に用いたもの。原本の頁の説明: 施工地域、時期、現場条件が異なる場合、単価が異なる場合がある)。調査依頼: 多治見砂防国道事務所 工務第二課 多治見-工二-04 資材番号 33。調査区分: Ａ－①。材工区分: 資材価格。単価適用地域: 事務所管内。報告月: R8.7.16。備考: 現場車上渡し。消費税の扱いは原本に記載なし。geo_code は原本の県名欄(調査を依頼した事務所の県)
da548d0f7eeca2f9,JP,material,特別調査（資材単価） 多治見砂防国道事務所 工務第二課,発泡スチロール,50×500×1000,m２,pref,21,岐阜県,事務所管内,多治見-工二-04#34,,1490,JPY,special_survey_price,published_pdl,,,2026-07-16,,cbr-tokuchou-shizai-r8-09-gifu,list_r8.09_shizai_多治見砂防国道.pdf p.7,https://www.cbr.mlit.go.jp/architecture/kensetsugijutsu/unit_price/zip/r08/list_r8.09_shizai_gifu.zip,PDL1.0,,中部地整の事務所が工事ごとに行った特別調査の報告価格(予定価格の積算に用いたもの。原本の頁の説明: 施工地域、時期、現場条件が異なる場合、単価が異なる場合がある)。調査依頼: 多治見砂防国道事務所 工務第二課 多治見-工二-04 資材番号 34。調査区分: Ａ－①。材工区分: 資材価格。単価適用地域: 事務所管内。報告月: R8.7.16。備考: 現場車上渡し。消費税の扱いは原本に記載なし。geo_code は原本の県名欄(調査を依頼した事務所の県)
6fc83184344924a9,JP,material,特別調査（資材単価） 多治見砂防国道事務所 工務第二課,ﾌﾟﾚｷｬｽﾄ擁壁設置,H=1300 L=1000 基礎砕石有り 均しｺﾝｸﾘｰﾄ有り,m,pref,21,岐阜県,工事限定,多治見-工二-04#36,,,JPY,special_survey_price,not_set,,,2026-07-16,,cbr-tokuchou-shizai-r8-09-gifu,list_r8.09_shizai_多治見砂防国道.pdf p.7,https://www.cbr.mlit.go.jp/architecture/kensetsugijutsu/unit_price/zip/r08/list_r8.09_shizai_gifu.zip,PDL1.0,,中部地整の事務所が工事ごとに行った特別調査の報告価格(予定価格の積算に用いたもの。原本の頁の説明: 施工地域、時期、現場条件が異なる場合、単価が異なる場合がある)。調査依頼: 多治見砂防国道事務所 工務第二課 多治見-工二-04 資材番号 36。調査区分: Ｅ－①。材工区分: 資材価格。単価適用地域: 工事限定。報告月: R8.7.16。消費税の扱いは原本に記載なし。geo_code は原本の県名欄(調査を依頼した事務所の県)。価格欄: 別紙
25c5c24633282b99,JP,material,特別調査（資材単価） 多治見砂防国道事務所 工務第二課,ﾌﾟﾚｷｬｽﾄL型擁壁,H=1100 L=2000 防護柵設置ﾀｲﾌﾟ,個,pref,21,岐阜県,岐阜県,多治見-工二-04#38,,114000,JPY,special_survey_price,published_pdl,,,2026-07-16,,cbr-tokuchou-shizai-r8-09-gifu,list_r8.09_shizai_多治見砂防国道.pdf p.7,https://www.cbr.mlit.go.jp/architecture/kensetsugijutsu/unit_price/zip/r08/list_r8.09_shizai_gifu.zip,PDL1.0,,中部地整の事務所が工事ごとに行った特別調査の報告価格(予定価格の積算に用いたもの。原本の頁の説明: 施工地域、時期、現場条件が異なる場合、単価が異なる場合がある)。調査依頼: 多治見砂防国道事務所 工務第二課 多治見-工二-04 資材番号 38。調査区分: Ａ－①。材工区分: 資材価格。単価適用地域: 岐阜県。報告月: R8.7.16。備考: 現場車上渡し。消費税の扱いは原本に記載なし。geo_code は原本の県名欄(調査を依頼した事務所の県)
ea68b01c9011a793,JP,material,特別調査（資材単価） 多治見砂防国道事務所 工務第二課,ﾌﾟﾚｷｬｽﾄL型擁壁,H=1300 L=2000 防護柵設置ﾀｲﾌﾟ,個,pref,21,岐阜県,岐阜県,多治見-工二-04#39,,129000,JPY,special_survey_price,published_pdl,,,2026-07-16,,cbr-tokuchou-shizai-r8-09-gifu,list_r8.09_shizai_多治見砂防国道.pdf p.7,https://www.cbr.mlit.go.jp/architecture/kensetsugijutsu/unit_price/zip/r08/list_r8.09_shizai_gifu.zip,PDL1.0,,中部地整の事務所が工事ごとに行った特別調査の報告価格(予定価格の積算に用いたもの。原本の頁の説明: 施工地域、時期、現場条件が異なる場合、単価が異なる場合がある)。調査依頼: 多治見砂防国道事務所 工務第二課 多治見-工二-04 資材番号 39。調査区分: No.38に含む。材工区分: 資材価格。単価適用地域: 岐阜県。報告月: R8.7.16。備考: 現場車上渡し。消費税の扱いは原本に記載なし。geo_code は原本の県名欄(調査を依頼した事務所の県)
69777a070de7c85c,JP,material,特別調査（資材単価） 多治見砂防国道事務所 工務第二課,ﾌﾟﾚｷｬｽﾄL型擁壁,H=1300 L=1000 防護柵設置ﾀｲﾌﾟ,個,pref,21,岐阜県,岐阜県,多治見-工二-04#40,,167000,JPY,special_survey_price,published_pdl,,,2026-07-16,,cbr-tokuchou-shizai-r8-09-gifu,list_r8.09_shizai_多治見砂防国道.pdf p.7,https://www.cbr.mlit.go.jp/architecture/kensetsugijutsu/unit_price/zip/r08/list_r8.09_shizai_gifu.zip,PDL1.0,,中部地整の事務所が工事ごとに行った特別調査の報告価格(予定価格の積算に用いたもの。原本の頁の説明: 施工地域、時期、現場条件が異なる場合、単価が異なる場合がある)。調査依頼: 多治見砂防国道事務所 工務第二課 多治見-工二-04 資材番号 40。調査区分: No.38に含む。材工区分: 資材価格。単価適用地域: 岐阜県。報告月: R8.7.16。備考: 現場車上渡し。消費税の扱いは原本に記載なし。geo_code は原本の県名欄(調査を依頼した事務所の県)
bccc0ca65818fbd3,JP,material,特別調査（資材単価） 多治見砂防国道事務所 工務第二課,ﾌﾟﾚｷｬｽﾄL型擁壁,H=1600 L=2000 防護柵設置ﾀｲﾌﾟ,個,pref,21,岐阜県,岐阜県,多治見-工二-04#41,,144000,JPY,special_survey_price,published_pdl,,,2026-07-16,,cbr-tokuchou-shizai-r8-09-gifu,list_r8.09_shizai_多治見砂防国道.pdf p.7,https://www.cbr.mlit.go.jp/architecture/kensetsugijutsu/unit_price/zip/r08/list_r8.09_shizai_gifu.zip,PDL1.0,,中部地整の事務所が工事ごとに行った特別調査の報告価格(予定価格の積算に用いたもの。原本の頁の説明: 施工地域、時期、現場条件が異なる場合、単価が異なる場合がある)。調査依頼: 多治見砂防国道事務所 工務第二課 多治見-工二-04 資材番号 41。調査区分: No.38に含む。材工区分: 資材価格。単価適用地域: 岐阜県。報告月: R8.7.16。備考: 現場車上渡し。消費税の扱いは原本に記載なし。geo_code は原本の県名欄(調査を依頼した事務所の県)
86ae41345ad4b608,JP,material,特別調査（資材単価） 多治見砂防国道事務所 工務第二課,ﾌﾟﾚｷｬｽﾄL型擁壁,H=1800 L=2000 防護柵設置ﾀｲﾌﾟ,個,pref,21,岐阜県,岐阜県,多治見-工二-04#42,,158000,JPY,special_survey_price,published_pdl,,,2026-07-16,,cbr-tokuchou-shizai-r8-09-gifu,list_r8.09_shizai_多治見砂防国道.pdf p.7,https://www.cbr.mlit.go.jp/architecture/kensetsugijutsu/unit_price/zip/r08/list_r8.09_shizai_gifu.zip,PDL1.0,,中部地整の事務所が工事ごとに行った特別調査の報告価格(予定価格の積算に用いたもの。原本の頁の説明: 施工地域、時期、現場条件が異なる場合、単価が異なる場合がある)。調査依頼: 多治見砂防国道事務所 工務第二課 多治見-工二-04 資材番号 42。調査区分: No.38に含む。材工区分: 資材価格。単価適用地域: 岐阜県。報告月: R8.7.16。備考: 現場車上渡し。消費税の扱いは原本に記載なし。geo_code は原本の県名欄(調査を依頼した事務所の県)
92845faf9a92b09c,JP,material,特別調査（資材単価） 多治見砂防国道事務所 工務第二課,ﾌﾟﾚｷｬｽﾄL型擁壁,H=2000 L=2000 防護柵設置ﾀｲﾌﾟ,個,pref,21,岐阜県,岐阜県,多治見-工二-04#43,,173000,JPY,special_survey_price,published_pdl,,,2026-07-16,,cbr-tokuchou-shizai-r8-09-gifu,list_r8.09_shizai_多治見砂防国道.pdf p.7,https://www.cbr.mlit.go.jp/architecture/kensetsugijutsu/unit_price/zip/r08/list_r8.09_shizai_gifu.zip,PDL1.0,,中部地整の事務所が工事ごとに行った特別調査の報告価格(予定価格の積算に用いたもの。原本の頁の説明: 施工地域、時期、現場条件が異なる場合、単価が異なる場合がある)。調査依頼: 多治見砂防国道事務所 工務第二課 多治見-工二-04 資材番号 43。調査区分: No.38に含む。材工区分: 資材価格。単価適用地域: 岐阜県。報告月: R8.7.16。備考: 現場車上渡し。消費税の扱いは原本に記載なし。geo_code は原本の県名欄(調査を依頼した事務所の県)
4907597e9494ae37,JP,material,特別調査（資材単価） 多治見砂防国道事務所 工務第二課,ﾌﾟﾚｷｬｽﾄL型擁壁,H=2250 L=2000 防護柵設置ﾀｲﾌﾟ,個,pref,21,岐阜県,岐阜県,多治見-工二-04#44,,219000,JPY,special_survey_price,published_pdl,,,2026-07-16,,cbr-tokuchou-shizai-r8-09-gifu,list_r8.09_shizai_多治見砂防国道.pdf p.7,https://www.cbr.mlit.go.jp/architecture/kensetsugijutsu/unit_price/zip/r08/list_r8.09_shizai_gifu.zip,PDL1.0,,中部地整の事務所が工事ごとに行った特別調査の報告価格(予定価格の積算に用いたもの。原本の頁の説明: 施工地域、時期、現場条件が異なる場合、単価が異なる場合がある)。調査依頼: 多治見砂防国道事務所 工務第二課 多治見-工二-04 資材番号 44。調査区分: No.38に含む。材工区分: 資材価格。単価適用地域: 岐阜県。報告月: R8.7.16。備考: 現場車上渡し。消費税の扱いは原本に記載なし。geo_code は原本の県名欄(調査を依頼した事務所の県)
966797b1d81e8ef4,JP,material,特別調査（資材単価） 多治見砂防国道事務所 工務第二課,ﾌﾟﾚｷｬｽﾄL型擁壁,H=2500 L=2000 防護柵設置ﾀｲﾌﾟ,個,pref,21,岐阜県,岐阜県,多治見-工二-04#45,,239000,JPY,special_survey_price,published_pdl,,,2026-07-16,,cbr-tokuchou-shizai-r8-09-gifu,list_r8.09_shizai_多治見砂防国道.pdf p.8,https://www.cbr.mlit.go.jp/architecture/kensetsugijutsu/unit_price/zip/r08/list_r8.09_shizai_gifu.zip,PDL1.0,,中部地整の事務所が工事ごとに行った特別調査の報告価格(予定価格の積算に用いたもの。原本の頁の説明: 施工地域、時期、現場条件が異なる場合、単価が異なる場合がある)。調査依頼: 多治見砂防国道事務所 工務第二課 多治見-工二-04 資材番号 45。調査区分: No.38に含む。材工区分: 資材価格。単価適用地域: 岐阜県。報告月: R8.7.16。備考: 現場車上渡し。消費税の扱いは原本に記載なし。geo_code は原本の県名欄(調査を依頼した事務所の県)
41140a5f887746fe,JP,material,特別調査（資材単価） 多治見砂防国道事務所 工務第二課,ﾌﾟﾚｷｬｽﾄL型擁壁,H=3000 L=2000 防護柵設置ﾀｲﾌﾟ,個,pref,21,岐阜県,岐阜県,多治見-工二-04#46,,334000,JPY,special_survey_price,published_pdl,,,2026-07-16,,cbr-tokuchou-shizai-r8-09-gifu,list_r8.09_shizai_多治見砂防国道.pdf p.8,https://www.cbr.mlit.go.jp/architecture/kensetsugijutsu/unit_price/zip/r08/list_r8.09_shizai_gifu.zip,PDL1.0,,中部地整の事務所が工事ごとに行った特別調査の報告価格(予定価格の積算に用いたもの。原本の頁の説明: 施工地域、時期、現場条件が異なる場合、単価が異なる場合がある)。調査依頼: 多治見砂防国道事務所 工務第二課 多治見-工二-04 資材番号 46。調査区分: No.38に含む。材工区分: 資材価格。単価適用地域: 岐阜県。報告月: R8.7.16。備考: 現場車上渡し。消費税の扱いは原本に記載なし。geo_code は原本の県名欄(調査を依頼した事務所の県)
3d050343f49e85fe,JP,material,特別調査（資材単価） 多治見砂防国道事務所 工務第二課,自由勾配側溝,A2-B300×H400×2000,個,pref,21,岐阜県,岐阜県,多治見-工二-04#47,,38000,JPY,special_survey_price,published_pdl,,,2026-07-16,,cbr-tokuchou-shizai-r8-09-gifu,list_r8.09_shizai_多治見砂防国道.pdf p.8,https://www.cbr.mlit.go.jp/architecture/kensetsugijutsu/unit_price/zip/r08/list_r8.09_shizai_gifu.zip,PDL1.0,,中部地整の事務所が工事ごとに行った特別調査の報告価格(予定価格の積算に用いたもの。原本の頁の説明: 施工地域、時期、現場条件が異なる場合、単価が異なる場合がある)。調査依頼: 多治見砂防国道事務所 工務第二課 多治見-工二-04 資材番号 47。調査区分: Ａ－①。材工区分: 資材価格。単価適用地域: 岐阜県。報告月: R8.7.16。備考: 参考質量376kg/個。消費税の扱いは原本に記載なし。geo_code は原本の県名欄(調査を依頼した事務所の県)
fccc7e73ea502a77,JP,material,特別調査（資材単価） 多治見砂防国道事務所 工務第二課,自由勾配側溝,A2-B300×H500×2000,個,pref,21,岐阜県,岐阜県,多治見-工二-04#48,,42600,JPY,special_survey_price,published_pdl,,,2026-07-16,,cbr-tokuchou-shizai-r8-09-gifu,list_r8.09_shizai_多治見砂防国道.pdf p.8,https://www.cbr.mlit.go.jp/architecture/kensetsugijutsu/unit_price/zip/r08/list_r8.09_shizai_gifu.zip,PDL1.0,,中部地整の事務所が工事ごとに行った特別調査の報告価格(予定価格の積算に用いたもの。原本の頁の説明: 施工地域、時期、現場条件が異なる場合、単価が異なる場合がある)。調査依頼: 多治見砂防国道事務所 工務第二課 多治見-工二-04 資材番号 48。調査区分: No.47に含む。材工区分: 資材価格。単価適用地域: 岐阜県。報告月: R8.7.16。備考: 参考質量433kg/個。消費税の扱いは原本に記載なし。geo_code は原本の県名欄(調査を依頼した事務所の県)
4f47acc90aef46ca,JP,material,特別調査（資材単価） 多治見砂防国道事務所 工務第二課,自由勾配側溝,A2-B300×H600×2000,個,pref,21,岐阜県,岐阜県,多治見-工二-04#49,,48600,JPY,special_survey_price,published_pdl,,,2026-07-16,,cbr-tokuchou-shizai-r8-09-gifu,list_r8.09_shizai_多治見砂防国道.pdf p.8,https://www.cbr.mlit.go.jp/architecture/kensetsugijutsu/unit_price/zip/r08/list_r8.09_shizai_gifu.zip,PDL1.0,,中部地整の事務所が工事ごとに行った特別調査の報告価格(予定価格の積算に用いたもの。原本の頁の説明: 施工地域、時期、現場条件が異なる場合、単価が異なる場合がある)。調査依頼: 多治見砂防国道事務所 工務第二課 多治見-工二-04 資材番号 49。調査区分: No.47に含む。材工区分: 資材価格。単価適用地域: 岐阜県。報告月: R8.7.16。備考: 参考質量491kg/個。消費税の扱いは原本に記載なし。geo_code は原本の県名欄(調査を依頼した事務所の県)
8b895581f3234aed,JP,material,特別調査（資材単価） 多治見砂防国道事務所 工務第二課,自由勾配側溝,A2-B300×H700×2000,個,pref,21,岐阜県,岐阜県,多治見-工二-04#50,,52700,JPY,special_survey_price,published_pdl,,,2026-07-16,,cbr-tokuchou-shizai-r8-09-gifu,list_r8.09_shizai_多治見砂防国道.pdf p.8,https://www.cbr.mlit.go.jp/architecture/kensetsugijutsu/unit_price/zip/r08/list_r8.09_shizai_gifu.zip,PDL1.0,,中部地整の事務所が工事ごとに行った特別調査の報告価格(予定価格の積算に用いたもの。原本の頁の説明: 施工地域、時期、現場条件が異なる場合、単価が異なる場合がある)。調査依頼: 多治見砂防国道事務所 工務第二課 多治見-工二-04 資材番号 50。調査区分: No.47に含む。材工区分: 資材価格。単価適用地域: 岐阜県。報告月: R8.7.16。備考: 参考質量548kg/個。消費税の扱いは原本に記載なし。geo_code は原本の県名欄(調査を依頼した事務所の県)
084ed46c85cc52d2,JP,material,特別調査（資材単価） 多治見砂防国道事務所 工務第二課,自由勾配側溝,A2-B300×H800×2000,個,pref,21,岐阜県,岐阜県,多治見-工二-04#51,,59200,JPY,special_survey_price,published_pdl,,,2026-07-16,,cbr-tokuchou-shizai-r8-09-gifu,list_r8.09_shizai_多治見砂防国道.pdf p.8,https://www.cbr.mlit.go.jp/architecture/kensetsugijutsu/unit_price/zip/r08/list_r8.09_shizai_gifu.zip,PDL1.0,,中部地整の事務所が工事ごとに行った特別調査の報告価格(予定価格の積算に用いたもの。原本の頁の説明: 施工地域、時期、現場条件が異なる場合、単価が異なる場合がある)。調査依頼: 多治見砂防国道事務所 工務第二課 多治見-工二-04 資材番号 51。調査区分: No.47に含む。材工区分: 資材価格。単価適用地域: 岐阜県。報告月: R8.7.16。備考: 参考質量606kg/個。消費税の扱いは原本に記載なし。geo_code は原本の県名欄(調査を依頼した事務所の県)
55ce5567a7c2a605,JP,material,特別調査（資材単価） 多治見砂防国道事務所 工務第二課,自由勾配側溝,A2-B300×H900×2000,個,pref,21,岐阜県,岐阜県,多治見-工二-04#52,,64900,JPY,special_survey_price,published_pdl,,,2026-07-16,,cbr-tokuchou-shizai-r8-09-gifu,list_r8.09_shizai_多治見砂防国道.pdf p.8,https://www.cbr.mlit.go.jp/architecture/kensetsugijutsu/unit_price/zip/r08/list_r8.09_shizai_gifu.zip,PDL1.0,,中部地整の事務所が工事ごとに行った特別調査の報告価格(予定価格の積算に用いたもの。原本の頁の説明: 施工地域、時期、現場条件が異なる場合、単価が異なる場合がある)。調査依頼: 多治見砂防国道事務所 工務第二課 多治見-工二-04 資材番号 52。調査区分: No.47に含む。材工区分: 資材価格。単価適用地域: 岐阜県。報告月: R8.7.16。備考: 参考質量664kg/個。消費税の扱いは原本に記載なし。geo_code は原本の県名欄(調査を依頼した事務所の県)
aac05603803ce287,JP,material,特別調査（資材単価） 多治見砂防国道事務所 工務第二課,側溝蓋,PC8-B300,枚,pref,21,岐阜県,岐阜県,多治見-工二-04#53,,9800,JPY,special_survey_price,published_pdl,,,2026-07-16,,cbr-tokuchou-shizai-r8-09-gifu,list_r8.09_shizai_多治見砂防国道.pdf p.8,https://www.cbr.mlit.go.jp/architecture/kensetsugijutsu/unit_price/zip/r08/list_r8.09_shizai_gifu.zip,PDL1.0,,中部地整の事務所が工事ごとに行った特別調査の報告価格(予定価格の積算に用いたもの。原本の頁の説明: 施工地域、時期、現場条件が異なる場合、単価が異なる場合がある)。調査依頼: 多治見砂防国道事務所 工務第二課 多治見-工二-04 資材番号 53。調査区分: Ａ－①。材工区分: 資材価格。単価適用地域: 岐阜県。報告月: R8.7.16。備考: 参考質量83kg/枚。消費税の扱いは原本に記載なし。geo_code は原本の県名欄(調査を依頼した事務所の県)
6961381d23eccea4,JP,material,特別調査（資材単価） 多治見砂防国道事務所 工務第二課,鉄筋ｺﾝｸﾘｰﾄ台付管,D600×2500,個,pref,21,岐阜県,岐阜県,多治見-工二-04#54,,60800,JPY,special_survey_price,published_pdl,,,2026-07-16,,cbr-tokuchou-shizai-r8-09-gifu,list_r8.09_shizai_多治見砂防国道.pdf p.8,https://www.cbr.mlit.go.jp/architecture/kensetsugijutsu/unit_price/zip/r08/list_r8.09_shizai_gifu.zip,PDL1.0,,中部地整の事務所が工事ごとに行った特別調査の報告価格(予定価格の積算に用いたもの。原本の頁の説明: 施工地域、時期、現場条件が異なる場合、単価が異なる場合がある)。調査依頼: 多治見砂防国道事務所 工務第二課 多治見-工二-04 資材番号 54。調査区分: Ａ－①。材工区分: 資材価格。単価適用地域: 岐阜県。報告月: R8.7.16。備考: 耐震性高性能ｺﾞﾑｼﾞｮｲﾝﾄ。消費税の扱いは原本に記載なし。geo_code は原本の県名欄(調査を依頼した事務所の県)
eb376215fb1daf8e,JP,material,特別調査（資材単価） 多治見砂防国道事務所 工務第二課,BF型側溝,BF1-300 L=2000,個,pref,21,岐阜県,岐阜県,多治見-工二-04#55,,8980,JPY,special_survey_price,published_pdl,,,2026-07-16,,cbr-tokuchou-shizai-r8-09-gifu,list_r8.09_shizai_多治見砂防国道.pdf p.8,https://www.cbr.mlit.go.jp/architecture/kensetsugijutsu/unit_price/zip/r08/list_r8.09_shizai_gifu.zip,PDL1.0,,中部地整の事務所が工事ごとに行った特別調査の報告価格(予定価格の積算に用いたもの。原本の頁の説明: 施工地域、時期、現場条件が異なる場合、単価が異なる場合がある)。調査依頼: 多治見砂防国道事務所 工務第二課 多治見-工二-04 資材番号 55。調査区分: Ａ－①。材工区分: 資材価格。単価適用地域: 岐阜県。報告月: R8.7.16。備考: 参考質量：136ｋｇ/個。消費税の扱いは原本に記載なし。geo_code は原本の県名欄(調査を依頼した事務所の県)
c7544a7158db3ac7,JP,material,特別調査（資材単価） 岐阜国道事務所 工務課,PG部材 売切り材(在庫品),PG-2型,ｔ,pref,21,岐阜県,,岐国-工-09#1,,,JPY,special_survey_price,not_set,,,2026-06-10,,cbr-tokuchou-shizai-r8-09-gifu,list_r8.09_shizai_岐阜国道.pdf p.15,https://www.cbr.mlit.go.jp/architecture/kensetsugijutsu/unit_price/zip/r08/list_r8.09_shizai_gifu.zip,PDL1.0,,中部地整の事務所が工事ごとに行った特別調査の報告価格(予定価格の積算に用いたもの。原本の頁の説明: 施工地域、時期、現場条件が異なる場合、単価が異なる場合がある)。調査依頼: 岐阜国道事務所 工務課 岐国-工-09 資材番号 1。調査区分: (空欄)。材工区分: 資材価格。単価適用地域: (空欄)。報告月: R8.6.10。備考: 岐国-工-01（№4）にあり。消費税の扱いは原本に記載なし。geo_code は原本の県名欄(調査を依頼した事務所の県)。価格欄: (空欄)
8042bee6b72550f0,JP,material,特別調査（資材単価） 岐阜国道事務所 工務課,PG部材 売切り材(新品),PG-2型,ｔ,pref,21,岐阜県,,岐国-工-09#2,,,JPY,special_survey_price,not_set,,,2026-06-10,,cbr-tokuchou-shizai-r8-09-gifu,list_r8.09_shizai_岐阜国道.pdf p.15,https://www.cbr.mlit.go.jp/architecture/kensetsugijutsu/unit_price/zip/r08/list_r8.09_shizai_gifu.zip,PDL1.0,,中部地整の事務所が工事ごとに行った特別調査の報告価格(予定価格の積算に用いたもの。原本の頁の説明: 施工地域、時期、現場条件が異なる場合、単価が異なる場合がある)。調査依頼: 岐阜国道事務所 工務課 岐国-工-09 資材番号 2。調査区分: (空欄)。材工区分: 資材価格。単価適用地域: (空欄)。報告月: R8.6.10。備考: 岐国-工-01（№5）にあり。消費税の扱いは原本に記載なし。geo_code は原本の県名欄(調査を依頼した事務所の県)。価格欄: (空欄)
0050ed5da88cd1d4,JP,material,特別調査（資材単価） 岐阜国道事務所 工務課,PG部材 賃料,PG-2型 2160日以内,ｔ･日,pref,21,岐阜県,,岐国-工-09#3,,,JPY,special_survey_price,not_set,,,2026-06-10,,cbr-tokuchou-shizai-r8-09-gifu,list_r8.09_shizai_岐阜国道.pdf p.15,https://www.cbr.mlit.go.jp/architecture/kensetsugijutsu/unit_price/zip/r08/list_r8.09_shizai_gifu.zip,PDL1.0,,中部地整の事務所が工事ごとに行った特別調査の報告価格(予定価格の積算に用いたもの。原本の頁の説明: 施工地域、時期、現場条件が異なる場合、単価が異なる場合がある)。調査依頼: 岐阜国道事務所 工務課 岐国-工-09 資材番号 3。調査区分: (空欄)。材工区分: 資材価格。単価適用地域: (空欄)。報告月: R8.6.10。備考: 岐国-工-01（№7）にあり。消費税の扱いは原本に記載なし。geo_code は原本の県名欄(調査を依頼した事務所の県)。価格欄: (空欄)
2abde77c9e09be95,JP,material,特別調査（資材単価） 岐阜国道事務所 工務課,PG部材 整備費,PG-2型,ｔ,pref,21,岐阜県,,岐国-工-09#4,,,JPY,special_survey_price,not_set,,,2026-06-10,,cbr-tokuchou-shizai-r8-09-gifu,list_r8.09_shizai_岐阜国道.pdf p.15,https://www.cbr.mlit.go.jp/architecture/kensetsugijutsu/unit_price/zip/r08/list_r8.09_shizai_gifu.zip,PDL1.0,,中部地整の事務所が工事ごとに行った特別調査の報告価格(予定価格の積算に用いたもの。原本の頁の説明: 施工地域、時期、現場条件が異なる場合、単価が異なる場合がある)。調査依頼: 岐阜国道事務所 工務課 岐国-工-09 資材番号 4。調査区分: (空欄)。材工区分: 資材価格。単価適用地域: (空欄)。報告月: R8.6.10。備考: 岐国-工-01（№6）にあり。消費税の扱いは原本に記載なし。geo_code は原本の県名欄(調査を依頼した事務所の県)。価格欄: (空欄)
5ee7d70fb78d39f7,JP,material,特別調査（資材単価） 岐阜国道事務所 工務課,PG部材 売切り材(在庫品),PG-3型,ｔ,pref,21,岐阜県,,岐国-工-09#5,,,JPY,special_survey_price,not_set,,,2026-06-10,,cbr-tokuchou-shizai-r8-09-gifu,list_r8.09_shizai_岐阜国道.pdf p.15,https://www.cbr.mlit.go.jp/architecture/kensetsugijutsu/unit_price/zip/r08/list_r8.09_shizai_gifu.zip,PDL1.0,,中部地整の事務所が工事ごとに行った特別調査の報告価格(予定価格の積算に用いたもの。原本の頁の説明: 施工地域、時期、現場条件が異なる場合、単価が異なる場合がある)。調査依頼: 岐阜国道事務所 工務課 岐国-工-09 資材番号 5。調査区分: (空欄)。材工区分: 資材価格。単価適用地域: (空欄)。報告月: R8.6.10。備考: 岐国-工-05（№1）にあり。消費税の扱いは原本に記載なし。geo_code は原本の県名欄(調査を依頼した事務所の県)。価格欄: (空欄)
e372e5278a9b73fd,JP,material,特別調査（資材単価） 岐阜国道事務所 工務課,PG部材 売切り材(新品),PG-3型,ｔ,pref,21,岐阜県,,岐国-工-09#6,,,JPY,special_survey_price,not_set,,,2026-06-10,,cbr-tokuchou-shizai-r8-09-gifu,list_r8.09_shizai_岐阜国道.pdf p.15,https://www.cbr.mlit.go.jp/architecture/kensetsugijutsu/unit_price/zip/r08/list_r8.09_shizai_gifu.zip,PDL1.0,,中部地整の事務所が工事ごとに行った特別調査の報告価格(予定価格の積算に用いたもの。原本の頁の説明: 施工地域、時期、現場条件が異なる場合、単価が異なる場合がある)。調査依頼: 岐阜国道事務所 工務課 岐国-工-09 資材番号 6。調査区分: (空欄)。材工区分: 資材価格。単価適用地域: (空欄)。報告月: R8.6.10。備考: 岐国-工-05（№2）にあり。消費税の扱いは原本に記載なし。geo_code は原本の県名欄(調査を依頼した事務所の県)。価格欄: (空欄)
56fb074082f8c18a,JP,material,特別調査（資材単価） 岐阜国道事務所 工務課,PG部材 賃料,PG-3型 90日以内,ｔ･日,pref,21,岐阜県,管内統一,岐国-工-09#7,,681,JPY,special_survey_price,published_pdl,,,2026-06-10,,cbr-tokuchou-shizai-r8-09-gifu,list_r8.09_shizai_岐阜国道.pdf p.16,https://www.cbr.mlit.go.jp/architecture/kensetsugijutsu/unit_price/zip/r08/list_r8.09_shizai_gifu.zip,PDL1.0,,中部地整の事務所が工事ごとに行った特別調査の報告価格(予定価格の積算に用いたもの。原本の頁の説明: 施工地域、時期、現場条件が異なる場合、単価が異なる場合がある)。調査依頼: 岐阜国道事務所 工務課 岐国-工-09 資材番号 7。調査区分: Ａ－①。材工区分: 資材価格。単価適用地域: 管内統一。報告月: R8.6.10。備考: 賃貸業者置場渡し、置場戻し置場所在地：大阪府大阪市。消費税の扱いは原本に記載なし。geo_code は原本の県名欄(調査を依頼した事務所の県)
884d983edd528a97,JP,material,特別調査（資材単価） 岐阜国道事務所 工務課,PG部材 賃料,PG-3型 180日以内,ｔ･日,pref,21,岐阜県,管内統一,岐国-工-09#8,,485,JPY,special_survey_price,published_pdl,,,2026-06-10,,cbr-tokuchou-shizai-r8-09-gifu,list_r8.09_shizai_岐阜国道.pdf p.16,https://www.cbr.mlit.go.jp/architecture/kensetsugijutsu/unit_price/zip/r08/list_r8.09_shizai_gifu.zip,PDL1.0,,中部地整の事務所が工事ごとに行った特別調査の報告価格(予定価格の積算に用いたもの。原本の頁の説明: 施工地域、時期、現場条件が異なる場合、単価が異なる場合がある)。調査依頼: 岐阜国道事務所 工務課 岐国-工-09 資材番号 8。調査区分: №7に含む。材工区分: 資材価格。単価適用地域: 管内統一。報告月: R8.6.10。備考: 賃貸業者置場渡し、置場戻し置場所在地：大阪府大阪市。消費税の扱いは原本に記載なし。geo_code は原本の県名欄(調査を依頼した事務所の県)
03f5cac38e54f329,JP,material,特別調査（資材単価） 岐阜国道事務所 工務課,PG部材 賃料,PG-3型 360日以内,ｔ･日,pref,21,岐阜県,管内統一,岐国-工-09#9,,369,JPY,special_survey_price,published_pdl,,,2026-06-10,,cbr-tokuchou-shizai-r8-09-gifu,list_r8.09_shizai_岐阜国道.pdf p.16,https://www.cbr.mlit.go.jp/architecture/kensetsugijutsu/unit_price/zip/r08/list_r8.09_shizai_gifu.zip,PDL1.0,,中部地整の事務所が工事ごとに行った特別調査の報告価格(予定価格の積算に用いたもの。原本の頁の説明: 施工地域、時期、現場条件が異なる場合、単価が異なる場合がある)。調査依頼: 岐阜国道事務所 工務課 岐国-工-09 資材番号 9。調査区分: №7に含む。材工区分: 資材価格。単価適用地域: 管内統一。報告月: R8.6.10。備考: 賃貸業者置場渡し、置場戻し置場所在地：大阪府大阪市。消費税の扱いは原本に記載なし。geo_code は原本の県名欄(調査を依頼した事務所の県)
548194fc8ad21006,JP,material,特別調査（資材単価） 岐阜国道事務所 工務課,PG部材 賃料,PG-3型 720日以内,ｔ･日,pref,21,岐阜県,管内統一,岐国-工-09#10,,308,JPY,special_survey_price,published_pdl,,,2026-06-10,,cbr-tokuchou-shizai-r8-09-gifu,list_r8.09_shizai_岐阜国道.pdf p.16,https://www.cbr.mlit.go.jp/architecture/kensetsugijutsu/unit_price/zip/r08/list_r8.09_shizai_gifu.zip,PDL1.0,,中部地整の事務所が工事ごとに行った特別調査の報告価格(予定価格の積算に用いたもの。原本の頁の説明: 施工地域、時期、現場条件が異なる場合、単価が異なる場合がある)。調査依頼: 岐阜国道事務所 工務課 岐国-工-09 資材番号 10。調査区分: №7に含む。材工区分: 資材価格。単価適用地域: 管内統一。報告月: R8.6.10。備考: 賃貸業者置場渡し、置場戻し置場所在地：大阪府大阪市。消費税の扱いは原本に記載なし。geo_code は原本の県名欄(調査を依頼した事務所の県)
1b7c8e59d55885f6,JP,material,特別調査（資材単価） 岐阜国道事務所 工務課,PG部材 整備費,PG-3型,ｔ,pref,21,岐阜県,管内統一,岐国-工-09#11,,23400,JPY,special_survey_price,published_pdl,,,2026-06-10,,cbr-tokuchou-shizai-r8-09-gifu,list_r8.09_shizai_岐阜国道.pdf p.16,https://www.cbr.mlit.go.jp/architecture/kensetsugijutsu/unit_price/zip/r08/list_r8.09_shizai_gifu.zip,PDL1.0,,中部地整の事務所が工事ごとに行った特別調査の報告価格(予定価格の積算に用いたもの。原本の頁の説明: 施工地域、時期、現場条件が異なる場合、単価が異なる場合がある)。調査依頼: 岐阜国道事務所 工務課 岐国-工-09 資材番号 11。調査区分: Ａ－①。材工区分: 資材価格。単価適用地域: 管内統一。報告月: R8.6.10。備考: 賃貸業者置場渡し、置場戻し置場所在地：大阪府大阪市。消費税の扱いは原本に記載なし。geo_code は原本の県名欄(調査を依頼した事務所の県)
541d90b6bad52e82,JP,material,特別調査（資材単価） 岐阜国道事務所 工務課,転落防止柵(白色)仮橋用 新品売切り,ﾍﾞｰｽﾌﾟﾚｰﾄ用 H=950@3.0m,m,pref,21,岐阜県,管内統一,岐国-工-09#12,,16100,JPY,special_survey_price,published_pdl,,,2026-06-10,,cbr-tokuchou-shizai-r8-09-gifu,list_r8.09_shizai_岐阜国道.pdf p.16,https://www.cbr.mlit.go.jp/architecture/kensetsugijutsu/unit_price/zip/r08/list_r8.09_shizai_gifu.zip,PDL1.0,,中部地整の事務所が工事ごとに行った特別調査の報告価格(予定価格の積算に用いたもの。原本の頁の説明: 施工地域、時期、現場条件が異なる場合、単価が異なる場合がある)。調査依頼: 岐阜国道事務所 工務課 岐国-工-09 資材番号 12。調査区分: Ａ－①。材工区分: 資材価格。単価適用地域: 管内統一。報告月: R8.6.10。備考: 工場渡し工場所在地：大阪府大阪市。消費税の扱いは原本に記載なし。geo_code は原本の県名欄(調査を依頼した事務所の県)
c862504c6dd3f261,JP,material,特別調査（資材単価） 岐阜国道事務所 工務課,ﾎﾞﾙﾄ・ﾅｯﾄ,KBN-30×110,ｔ,pref,21,岐阜県,,岐国-工-09#13,,,JPY,special_survey_price,not_set,,,2026-06-10,,cbr-tokuchou-shizai-r8-09-gifu,list_r8.09_shizai_岐阜国道.pdf p.16,https://www.cbr.mlit.go.jp/architecture/kensetsugijutsu/unit_price/zip/r08/list_r8.09_shizai_gifu.zip,PDL1.0,,中部地整の事務所が工事ごとに行った特別調査の報告価格(予定価格の積算に用いたもの。原本の頁の説明: 施工地域、時期、現場条件が異なる場合、単価が異なる場合がある)。調査依頼: 岐阜国道事務所 工務課 岐国-工-09 資材番号 13。調査区分: (空欄)。材工区分: 資材価格。単価適用地域: (空欄)。報告月: R8.6.10。備考: 岐国-工-01（№9）にあり。消費税の扱いは原本に記載なし。geo_code は原本の県名欄(調査を依頼した事務所の県)。価格欄: (空欄)
ab4b213f323667fa,JP,material,特別調査（資材単価） 岐阜国道事務所 工務課,ﾎﾞﾙﾄ・ﾅｯﾄ,KBN-24×60N,ｔ,pref,21,岐阜県,,岐国-工-09#14,,,JPY,special_survey_price,not_set,,,2026-06-10,,cbr-tokuchou-shizai-r8-09-gifu,list_r8.09_shizai_岐阜国道.pdf p.16,https://www.cbr.mlit.go.jp/architecture/kensetsugijutsu/unit_price/zip/r08/list_r8.09_shizai_gifu.zip,PDL1.0,,中部地整の事務所が工事ごとに行った特別調査の報告価格(予定価格の積算に用いたもの。原本の頁の説明: 施工地域、時期、現場条件が異なる場合、単価が異なる場合がある)。調査依頼: 岐阜国道事務所 工務課 岐国-工-09 資材番号 14。調査区分: (空欄)。材工区分: 資材価格。単価適用地域: (空欄)。報告月: R8.6.10。備考: 岐国-工-01（№10）にあり。消費税の扱いは原本に記載なし。geo_code は原本の県名欄(調査を依頼した事務所の県)。価格欄: (空欄)
35014c790f26a96a,JP,material,特別調査（資材単価） 岐阜国道事務所 工務課,アンカーボルト,M16 L=250(ﾒｯｷ),本,pref,21,岐阜県,管内統一,岐国-工-09#15,,287,JPY,special_survey_price,published_pdl,,,2026-06-10,,cbr-tokuchou-shizai-r8-09-gifu,list_r8.09_shizai_岐阜国道.pdf p.17,https://www.cbr.mlit.go.jp/architecture/kensetsugijutsu/unit_price/zip/r08/list_r8.09_shizai_gifu.zip,PDL1.0,,中部地整の事務所が工事ごとに行った特別調査の報告価格(予定価格の積算に用いたもの。原本の頁の説明: 施工地域、時期、現場条件が異なる場合、単価が異なる場合がある)。調査依頼: 岐阜国道事務所 工務課 岐国-工-09 資材番号 15。調査区分: Ａ－①。材工区分: 資材価格。単価適用地域: 管内統一。報告月: R8.6.10。備考: SD345１W、２N含む。消費税の扱いは原本に記載なし。geo_code は原本の県名欄(調査を依頼した事務所の県)
8eec7c60ba9bd63d,JP,material,特別調査（資材単価） 岐阜国道事務所 工務課,ｾｰﾌﾃｨｰｷｬｯﾌﾟ,,個,pref,21,岐阜県,管内統一,岐国-工-09#16,,237,JPY,special_survey_price,published_pdl,,,2026-06-10,,cbr-tokuchou-shizai-r8-09-gifu,list_r8.09_shizai_岐阜国道.pdf p.17,https://www.cbr.mlit.go.jp/architecture/kensetsugijutsu/unit_price/zip/r08/list_r8.09_shizai_gifu.zip,PDL1.0,,中部地整の事務所が工事ごとに行った特別調査の報告価格(予定価格の積算に用いたもの。原本の頁の説明: 施工地域、時期、現場条件が異なる場合、単価が異なる場合がある)。調査依頼: 岐阜国道事務所 工務課 岐国-工-09 資材番号 16。調査区分: Ａ－①。材工区分: 資材価格。単価適用地域: 管内統一。報告月: R8.6.10。備考: 工場渡し工場所在地：愛知県犬山市。消費税の扱いは原本に記載なし。geo_code は原本の県名欄(調査を依頼した事務所の県)
1fe73ee29fe58aae,JP,material,特別調査（資材単価） 岐阜国道事務所 工務課,摩擦接合用高力ﾎﾞﾙﾄ(ﾄﾙｼｱ),S10T M22×150,組,pref,21,岐阜県,,岐国-工-09#17,,,JPY,special_survey_price,not_set,,,2026-06-10,,cbr-tokuchou-shizai-r8-09-gifu,list_r8.09_shizai_岐阜国道.pdf p.17,https://www.cbr.mlit.go.jp/architecture/kensetsugijutsu/unit_price/zip/r08/list_r8.09_shizai_gifu.zip,PDL1.0,,中部地整の事務所が工事ごとに行った特別調査の報告価格(予定価格の積算に用いたもの。原本の頁の説明: 施工地域、時期、現場条件が異なる場合、単価が異なる場合がある)。調査依頼: 岐阜国道事務所 工務課 岐国-工-09 資材番号 17。調査区分: (空欄)。材工区分: 資材価格。単価適用地域: (空欄)。報告月: R8.6.10。備考: 六角頭岐国-工-07（№1）にあり。消費税の扱いは原本に記載なし。geo_code は原本の県名欄(調査を依頼した事務所の県)。価格欄: (空欄)
44ea34813ab8a181,JP,material,特別調査（資材単価） 岐阜国道事務所 工務課,溝形鋼,大型 SS400 10.5×380×100,ｔ,pref,21,岐阜県,,岐国-工-09#18,,,JPY,special_survey_price,publication_based_not_public,,,2026-06-10,,cbr-tokuchou-shizai-r8-09-gifu,list_r8.09_shizai_岐阜国道.pdf p.17,https://www.cbr.mlit.go.jp/architecture/kensetsugijutsu/unit_price/zip/r08/list_r8.09_shizai_gifu.zip,PDL1.0,,中部地整の事務所が工事ごとに行った特別調査の報告価格(予定価格の積算に用いたもの。原本の頁の説明: 施工地域、時期、現場条件が異なる場合、単価が異なる場合がある)。調査依頼: 岐阜国道事務所 工務課 岐国-工-09 資材番号 18。調査区分: (空欄)。材工区分: 資材価格。単価適用地域: (空欄)。報告月: R8.6.10。備考: Web建設物価。消費税の扱いは原本に記載なし。geo_code は原本の県名欄(調査を依頼した事務所の県)。価格欄: (空欄)
84683628689e8319,JP,material,特別調査（資材単価） 岐阜国道事務所 工務課,H形鋼 賃料,H900×300 90日以内,t･日,pref,21,岐阜県,,岐国-工-09#19,,,JPY,special_survey_price,not_set,,,2026-06-10,,cbr-tokuchou-shizai-r8-09-gifu,list_r8.09_shizai_岐阜国道.pdf p.17,https://www.cbr.mlit.go.jp/architecture/kensetsugijutsu/unit_price/zip/r08/list_r8.09_shizai_gifu.zip,PDL1.0,,中部地整の事務所が工事ごとに行った特別調査の報告価格(予定価格の積算に用いたもの。原本の頁の説明: 施工地域、時期、現場条件が異なる場合、単価が異なる場合がある)。調査依頼: 岐阜国道事務所 工務課 岐国-工-09 資材番号 19。調査区分: (空欄)。材工区分: 資材価格。単価適用地域: (空欄)。報告月: R8.6.10。備考: 市場性なし。消費税の扱いは原本に記載なし。geo_code は原本の県名欄(調査を依頼した事務所の県)。価格欄: (空欄)
407f6b4aaf5be87e,JP,material,特別調査（資材単価） 岐阜国道事務所 工務課,H形鋼 賃料,H900×300 180日以内,t･日,pref,21,岐阜県,,岐国-工-09#20,,,JPY,special_survey_price,not_set,,,2026-06-10,,cbr-tokuchou-shizai-r8-09-gifu,list_r8.09_shizai_岐阜国道.pdf p.17,https://www.cbr.mlit.go.jp/architecture/kensetsugijutsu/unit_price/zip/r08/list_r8.09_shizai_gifu.zip,PDL1.0,,中部地整の事務所が工事ごとに行った特別調査の報告価格(予定価格の積算に用いたもの。原本の頁の説明: 施工地域、時期、現場条件が異なる場合、単価が異なる場合がある)。調査依頼: 岐阜国道事務所 工務課 岐国-工-09 資材番号 20。調査区分: (空欄)。材工区分: 賃料。単価適用地域: (空欄)。報告月: R8.6.10。備考: 市場性なし。消費税の扱いは原本に記載なし。geo_code は原本の県名欄(調査を依頼した事務所の県)。価格欄: (空欄)
09905c900ac9bd8d,JP,material,特別調査（資材単価） 岐阜国道事務所 工務課,H形鋼 賃料,H900×300 360日以内,t･日,pref,21,岐阜県,,岐国-工-09#21,,,JPY,special_survey_price,not_set,,,2026-06-10,,cbr-tokuchou-shizai-r8-09-gifu,list_r8.09_shizai_岐阜国道.pdf p.17,https://www.cbr.mlit.go.jp/architecture/kensetsugijutsu/unit_price/zip/r08/list_r8.09_shizai_gifu.zip,PDL1.0,,中部地整の事務所が工事ごとに行った特別調査の報告価格(予定価格の積算に用いたもの。原本の頁の説明: 施工地域、時期、現場条件が異なる場合、単価が異なる場合がある)。調査依頼: 岐阜国道事務所 工務課 岐国-工-09 資材番号 21。調査区分: (空欄)。材工区分: 資材価格。単価適用地域: (空欄)。報告月: R8.6.10。備考: 市場性なし。消費税の扱いは原本に記載なし。geo_code は原本の県名欄(調査を依頼した事務所の県)。価格欄: (空欄)
4d57b64c72133c85,JP,material,特別調査（資材単価） 岐阜国道事務所 工務課,H形鋼 賃料,H900×300 720日以内,t･日,pref,21,岐阜県,,岐国-工-09#22,,,JPY,special_survey_price,not_set,,,2026-06-10,,cbr-tokuchou-shizai-r8-09-gifu,list_r8.09_shizai_岐阜国道.pdf p.17,https://www.cbr.mlit.go.jp/architecture/kensetsugijutsu/unit_price/zip/r08/list_r8.09_shizai_gifu.zip,PDL1.0,,中部地整の事務所が工事ごとに行った特別調査の報告価格(予定価格の積算に用いたもの。原本の頁の説明: 施工地域、時期、現場条件が異なる場合、単価が異なる場合がある)。調査依頼: 岐阜国道事務所 工務課 岐国-工-09 資材番号 22。調査区分: (空欄)。材工区分: 資材価格。単価適用地域: (空欄)。報告月: R8.6.10。備考: 市場性なし。消費税の扱いは原本に記載なし。geo_code は原本の県名欄(調査を依頼した事務所の県)。価格欄: (空欄)
36e780842ab86f76,JP,material,特別調査（資材単価） 岐阜国道事務所 工務課,H形鋼 整備費,H900×300,t,pref,21,岐阜県,,岐国-工-09#23,,,JPY,special_survey_price,not_set,,,2026-06-10,,cbr-tokuchou-shizai-r8-09-gifu,list_r8.09_shizai_岐阜国道.pdf p.17,https://www.cbr.mlit.go.jp/architecture/kensetsugijutsu/unit_price/zip/r08/list_r8.09_shizai_gifu.zip,PDL1.0,,中部地整の事務所が工事ごとに行った特別調査の報告価格(予定価格の積算に用いたもの。原本の頁の説明: 施工地域、時期、現場条件が異なる場合、単価が異なる場合がある)。調査依頼: 岐阜国道事務所 工務課 岐国-工-09 資材番号 23。調査区分: (空欄)。材工区分: 資材価格。単価適用地域: (空欄)。報告月: R8.6.10。備考: 市場性なし。消費税の扱いは原本に記載なし。geo_code は原本の県名欄(調査を依頼した事務所の県)。価格欄: (空欄)
5e89c25672cfdb80,JP,material,特別調査（資材単価） 岐阜国道事務所 工務課,H形鋼 不足分弁償金(中古),H900×300,t,pref,21,岐阜県,,岐国-工-09#24,,,JPY,special_survey_price,not_set,,,2026-06-10,,cbr-tokuchou-shizai-r8-09-gifu,list_r8.09_shizai_岐阜国道.pdf p.17,https://www.cbr.mlit.go.jp/architecture/kensetsugijutsu/unit_price/zip/r08/list_r8.09_shizai_gifu.zip,PDL1.0,,中部地整の事務所が工事ごとに行った特別調査の報告価格(予定価格の積算に用いたもの。原本の頁の説明: 施工地域、時期、現場条件が異なる場合、単価が異なる場合がある)。調査依頼: 岐阜国道事務所 工務課 岐国-工-09 資材番号 24。調査区分: (空欄)。材工区分: 資材価格。単価適用地域: (空欄)。報告月: R8.6.10。備考: 市場性なし。消費税の扱いは原本に記載なし。geo_code は原本の県名欄(調査を依頼した事務所の県)。価格欄: (空欄)
de4be6fb1e23e6e7,JP,material,特別調査（資材単価） 岐阜国道事務所 工務課,H形鋼 不足分弁償金(新品),H900×300,t,pref,21,岐阜県,,岐国-工-09#25,,,JPY,special_survey_price,not_set,,,2026-06-10,,cbr-tokuchou-shizai-r8-09-gifu,list_r8.09_shizai_岐阜国道.pdf p.17,https://www.cbr.mlit.go.jp/architecture/kensetsugijutsu/unit_price/zip/r08/list_r8.09_shizai_gifu.zip,PDL1.0,,中部地整の事務所が工事ごとに行った特別調査の報告価格(予定価格の積算に用いたもの。原本の頁の説明: 施工地域、時期、現場条件が異なる場合、単価が異なる場合がある)。調査依頼: 岐阜国道事務所 工務課 岐国-工-09 資材番号 25。調査区分: (空欄)。材工区分: 資材価格。単価適用地域: (空欄)。報告月: R8.6.10。備考: 市場性なし。消費税の扱いは原本に記載なし。geo_code は原本の県名欄(調査を依頼した事務所の県)。価格欄: (空欄)
5e764f012df8498e,JP,material,特別調査（資材単価） 岐阜国道事務所 工務課,H形鋼,H594×302,t,pref,21,岐阜県,,岐国-工-09#26,,,JPY,special_survey_price,publication_based_not_public,,,2026-06-10,,cbr-tokuchou-shizai-r8-09-gifu,list_r8.09_shizai_岐阜国道.pdf p.17,https://www.cbr.mlit.go.jp/architecture/kensetsugijutsu/unit_price/zip/r08/list_r8.09_shizai_gifu.zip,PDL1.0,,中部地整の事務所が工事ごとに行った特別調査の報告価格(予定価格の積算に用いたもの。原本の頁の説明: 施工地域、時期、現場条件が異なる場合、単価が異なる場合がある)。調査依頼: 岐阜国道事務所 工務課 岐国-工-09 資材番号 26。調査区分: (空欄)。材工区分: 資材価格。単価適用地域: (空欄)。報告月: R8.6.10。備考: 調査中止建設物価にひも付き価格の掲載あり。消費税の扱いは原本に記載なし。geo_code は原本の県名欄(調査を依頼した事務所の県)。価格欄: (空欄)
c432a1d971c465cd,JP,material,特別調査（資材単価） 岐阜国道事務所 工務課,H形鋼,H594×302,t,pref,21,岐阜県,,岐国-工-09#27,,,JPY,special_survey_price,publication_based_not_public,,,2026-06-10,,cbr-tokuchou-shizai-r8-09-gifu,list_r8.09_shizai_岐阜国道.pdf p.17,https://www.cbr.mlit.go.jp/architecture/kensetsugijutsu/unit_price/zip/r08/list_r8.09_shizai_gifu.zip,PDL1.0,,中部地整の事務所が工事ごとに行った特別調査の報告価格(予定価格の積算に用いたもの。原本の頁の説明: 施工地域、時期、現場条件が異なる場合、単価が異なる場合がある)。調査依頼: 岐阜国道事務所 工務課 岐国-工-09 資材番号 27。調査区分: (空欄)。材工区分: 資材価格。単価適用地域: (空欄)。報告月: R8.6.10。備考: 調査中止建設物価にひも付き価格の掲載あり。消費税の扱いは原本に記載なし。geo_code は原本の県名欄(調査を依頼した事務所の県)。価格欄: (空欄)
4e48a1e054856e4e,JP,material,特別調査（資材単価） 岐阜国道事務所 工務課,H形鋼,H594×302,t,pref,21,岐阜県,,岐国-工-09#28,,,JPY,special_survey_price,publication_based_not_public,,,2026-06-10,,cbr-tokuchou-shizai-r8-09-gifu,list_r8.09_shizai_岐阜国道.pdf p.18,https://www.cbr.mlit.go.jp/architecture/kensetsugijutsu/unit_price/zip/r08/list_r8.09_shizai_gifu.zip,PDL1.0,,中部地整の事務所が工事ごとに行った特別調査の報告価格(予定価格の積算に用いたもの。原本の頁の説明: 施工地域、時期、現場条件が異なる場合、単価が異なる場合がある)。調査依頼: 岐阜国道事務所 工務課 岐国-工-09 資材番号 28。調査区分: (空欄)。材工区分: 資材価格。単価適用地域: (空欄)。報告月: R8.6.10。備考: 調査中止建設物価にひも付き価格の掲載あり。消費税の扱いは原本に記載なし。geo_code は原本の県名欄(調査を依頼した事務所の県)。価格欄: (空欄)
f6db7c20a166baf7,JP,material,特別調査（資材単価） 岐阜国道事務所 工務課,H形鋼,H594×302,t,pref,21,岐阜県,,岐国-工-09#29,,,JPY,special_survey_price,publication_based_not_public,,,2026-06-10,,cbr-tokuchou-shizai-r8-09-gifu,list_r8.09_shizai_岐阜国道.pdf p.18,https://www.cbr.mlit.go.jp/architecture/kensetsugijutsu/unit_price/zip/r08/list_r8.09_shizai_gifu.zip,PDL1.0,,中部地整の事務所が工事ごとに行った特別調査の報告価格(予定価格の積算に用いたもの。原本の頁の説明: 施工地域、時期、現場条件が異なる場合、単価が異なる場合がある)。調査依頼: 岐阜国道事務所 工務課 岐国-工-09 資材番号 29。調査区分: (空欄)。材工区分: 資材価格。単価適用地域: (空欄)。報告月: R8.6.10。備考: 調査中止建設物価にひも付き価格の掲載あり。消費税の扱いは原本に記載なし。geo_code は原本の県名欄(調査を依頼した事務所の県)。価格欄: (空欄)
f20026df3841d93f,JP,material,特別調査（資材単価） 岐阜国道事務所 工務課,H形鋼 整備費,H594×302,t,pref,21,岐阜県,,岐国-工-09#30,,,JPY,special_survey_price,not_set,,,2026-06-10,,cbr-tokuchou-shizai-r8-09-gifu,list_r8.09_shizai_岐阜国道.pdf p.18,https://www.cbr.mlit.go.jp/architecture/kensetsugijutsu/unit_price/zip/r08/list_r8.09_shizai_gifu.zip,PDL1.0,,中部地整の事務所が工事ごとに行った特別調査の報告価格(予定価格の積算に用いたもの。原本の頁の説明: 施工地域、時期、現場条件が異なる場合、単価が異なる場合がある)。調査依頼: 岐阜国道事務所 工務課 岐国-工-09 資材番号 30。調査区分: (空欄)。材工区分: 資材価格。単価適用地域: (空欄)。報告月: R8.6.10。備考: 調査中止。消費税の扱いは原本に記載なし。geo_code は原本の県名欄(調査を依頼した事務所の県)。価格欄: (空欄)
c4154941440b15e3,JP,material,特別調査（資材単価） 岐阜国道事務所 工務課,H形鋼 不足分弁償金(中古),H594×302,t,pref,21,岐阜県,,岐国-工-09#31,,,JPY,special_survey_price,not_set,,,2026-06-10,,cbr-tokuchou-shizai-r8-09-gifu,list_r8.09_shizai_岐阜国道.pdf p.18,https://www.cbr.mlit.go.jp/architecture/kensetsugijutsu/unit_price/zip/r08/list_r8.09_shizai_gifu.zip,PDL1.0,,中部地整の事務所が工事ごとに行った特別調査の報告価格(予定価格の積算に用いたもの。原本の頁の説明: 施工地域、時期、現場条件が異なる場合、単価が異なる場合がある)。調査依頼: 岐阜国道事務所 工務課 岐国-工-09 資材番号 31。調査区分: (空欄)。材工区分: 資材価格。単価適用地域: (空欄)。報告月: R8.6.10。備考: 調査中止。消費税の扱いは原本に記載なし。geo_code は原本の県名欄(調査を依頼した事務所の県)。価格欄: (空欄)
cf90c52ea48e5bc8,JP,material,特別調査（資材単価） 岐阜国道事務所 工務課,H形鋼 不足分弁償金(新品),H594×302,t,pref,21,岐阜県,,岐国-工-09#32,,,JPY,special_survey_price,not_set,,,2026-06-10,,cbr-tokuchou-shizai-r8-09-gifu,list_r8.09_shizai_岐阜国道.pdf p.18,https://www.cbr.mlit.go.jp/architecture/kensetsugijutsu/unit_price/zip/r08/list_r8.09_shizai_gifu.zip,PDL1.0,,中部地整の事務所が工事ごとに行った特別調査の報告価格(予定価格の積算に用いたもの。原本の頁の説明: 施工地域、時期、現場条件が異なる場合、単価が異なる場合がある)。調査依頼: 岐阜国道事務所 工務課 岐国-工-09 資材番号 32。調査区分: (空欄)。材工区分: 資材価格。単価適用地域: (空欄)。報告月: R8.6.10。備考: 調査中止。消費税の扱いは原本に記載なし。geo_code は原本の県名欄(調査を依頼した事務所の県)。価格欄: (空欄)
13c3a891af72d379,JP,material,特別調査（資材単価） 岐阜国道事務所 工務課,ﾌﾞﾗｹｯﾄ,30BL,個,pref,21,岐阜県,管内統一,岐国-工-09#33,,3320,JPY,special_survey_price,published_pdl,,,2026-06-10,,cbr-tokuchou-shizai-r8-09-gifu,list_r8.09_shizai_岐阜国道.pdf p.18,https://www.cbr.mlit.go.jp/architecture/kensetsugijutsu/unit_price/zip/r08/list_r8.09_shizai_gifu.zip,PDL1.0,,中部地整の事務所が工事ごとに行った特別調査の報告価格(予定価格の積算に用いたもの。原本の頁の説明: 施工地域、時期、現場条件が異なる場合、単価が異なる場合がある)。調査依頼: 岐阜国道事務所 工務課 岐国-工-09 資材番号 33。調査区分: Ａ－①。材工区分: 資材価格。単価適用地域: 管内統一。報告月: R8.6.10。備考: 工場渡し工場所在地：愛知県犬山市。消費税の扱いは原本に記載なし。geo_code は原本の県名欄(調査を依頼した事務所の県)
fd799d959f83f4bc,JP,material,特別調査（資材単価） 岐阜国道事務所 防災情報課,道路情報収集サーバ,仮想サーバRedhat（ｻﾌﾞｽｸﾘﾌﾟｼｮﾝ5年）道路情報収集サーバ機能,式,pref,21,岐阜県,工事限定,岐国-防情-01#1,,39400000,JPY,special_survey_price,published_pdl,,,2026-06-03,,cbr-tokuchou-shizai-r8-09-gifu,list_r8.09_shizai_岐阜国道.pdf p.20,https://www.cbr.mlit.go.jp/architecture/kensetsugijutsu/unit_price/zip/r08/list_r8.09_shizai_gifu.zip,PDL1.0,,中部地整の事務所が工事ごとに行った特別調査の報告価格(予定価格の積算に用いたもの。原本の頁の説明: 施工地域、時期、現場条件が異なる場合、単価が異なる場合がある)。調査依頼: 岐阜国道事務所 防災情報課 岐国-防情-01 資材番号 1。調査区分: Ｂ－①。材工区分: 資材価格。単価適用地域: 工事限定。報告月: R8.6.3。備考: 機器単体費（ソフトウェア）。消費税の扱いは原本に記載なし。geo_code は原本の県名欄(調査を依頼した事務所の県)
4c35e0dd92792408,JP,material,特別調査（資材単価） 岐阜国道事務所 防災情報課,道路情報WEBサーバ,道路情報WEBサーバ機能,式,pref,21,岐阜県,工事限定,岐国-防情-01#2,,12900000,JPY,special_survey_price,published_pdl,,,2026-06-03,,cbr-tokuchou-shizai-r8-09-gifu,list_r8.09_shizai_岐阜国道.pdf p.20,https://www.cbr.mlit.go.jp/architecture/kensetsugijutsu/unit_price/zip/r08/list_r8.09_shizai_gifu.zip,PDL1.0,,中部地整の事務所が工事ごとに行った特別調査の報告価格(予定価格の積算に用いたもの。原本の頁の説明: 施工地域、時期、現場条件が異なる場合、単価が異なる場合がある)。調査依頼: 岐阜国道事務所 防災情報課 岐国-防情-01 資材番号 2。調査区分: Ｂ－①。材工区分: 資材価格。単価適用地域: 工事限定。報告月: R8.6.3。備考: 機器単体費（ソフトウェア）。消費税の扱いは原本に記載なし。geo_code は原本の県名欄(調査を依頼した事務所の県)
ca241cde8fe9098d,JP,material,特別調査（資材単価） 岐阜国道事務所 防災情報課,道路情報DBサーバ改造,データベース移行,式,pref,21,岐阜県,工事限定,岐国-防情-01#3,,4000000,JPY,special_survey_price,published_pdl,,,2026-06-03,,cbr-tokuchou-shizai-r8-09-gifu,list_r8.09_shizai_岐阜国道.pdf p.20,https://www.cbr.mlit.go.jp/architecture/kensetsugijutsu/unit_price/zip/r08/list_r8.09_shizai_gifu.zip,PDL1.0,,中部地整の事務所が工事ごとに行った特別調査の報告価格(予定価格の積算に用いたもの。原本の頁の説明: 施工地域、時期、現場条件が異なる場合、単価が異なる場合がある)。調査依頼: 岐阜国道事務所 防災情報課 岐国-防情-01 資材番号 3。調査区分: Ｂ－①。材工区分: 資材価格。単価適用地域: 工事限定。報告月: R8.6.3。備考: 機器単体費（ソフトウェア）。消費税の扱いは原本に記載なし。geo_code は原本の県名欄(調査を依頼した事務所の県)
225b705d406a98d6,JP,material,特別調査（資材単価） 岐阜国道事務所 防災情報課,管理サーバ（通信部）改造（統合道路管理情報センター）,,式,pref,21,岐阜県,工事限定,岐国-防情-01#4,,2000000,JPY,special_survey_price,published_pdl,,,2026-06-03,,cbr-tokuchou-shizai-r8-09-gifu,list_r8.09_shizai_岐阜国道.pdf p.20,https://www.cbr.mlit.go.jp/architecture/kensetsugijutsu/unit_price/zip/r08/list_r8.09_shizai_gifu.zip,PDL1.0,,中部地整の事務所が工事ごとに行った特別調査の報告価格(予定価格の積算に用いたもの。原本の頁の説明: 施工地域、時期、現場条件が異なる場合、単価が異なる場合がある)。調査依頼: 岐阜国道事務所 防災情報課 岐国-防情-01 資材番号 4。調査区分: Ｂ－①。材工区分: 資材価格。単価適用地域: 工事限定。報告月: R8.6.3。備考: 機器単体費（ソフトウェア）。消費税の扱いは原本に記載なし。geo_code は原本の県名欄(調査を依頼した事務所の県)
977b56b338fe9c4f,JP,material,特別調査（資材単価） 岐阜国道事務所 防災情報課,トンネル情報サーバ改造,,式,pref,21,岐阜県,工事限定,岐国-防情-01#5,,1000000,JPY,special_survey_price,published_pdl,,,2026-06-03,,cbr-tokuchou-shizai-r8-09-gifu,list_r8.09_shizai_岐阜国道.pdf p.20,https://www.cbr.mlit.go.jp/architecture/kensetsugijutsu/unit_price/zip/r08/list_r8.09_shizai_gifu.zip,PDL1.0,,中部地整の事務所が工事ごとに行った特別調査の報告価格(予定価格の積算に用いたもの。原本の頁の説明: 施工地域、時期、現場条件が異なる場合、単価が異なる場合がある)。調査依頼: 岐阜国道事務所 防災情報課 岐国-防情-01 資材番号 5。調査区分: Ｂ－①。材工区分: 資材価格。単価適用地域: 工事限定。報告月: R8.6.3。備考: 機器単体費（ソフトウェア）。消費税の扱いは原本に記載なし。geo_code は原本の県名欄(調査を依頼した事務所の県)
3b242b4f266ef768,JP,material,特別調査（資材単価） 岐阜国道事務所 防災情報課,コンクリートアンカープラグ,"M10,SUS,フェイルセーフアンカーSFCN-1010-8.5相当品",本,pref,21,岐阜県,管内統一,岐国-防情-02#1,,807,JPY,special_survey_price,published_pdl,,,2026-06-17,,cbr-tokuchou-shizai-r8-09-gifu,list_r8.09_shizai_岐阜国道.pdf p.21,https://www.cbr.mlit.go.jp/architecture/kensetsugijutsu/unit_price/zip/r08/list_r8.09_shizai_gifu.zip,PDL1.0,,中部地整の事務所が工事ごとに行った特別調査の報告価格(予定価格の積算に用いたもの。原本の頁の説明: 施工地域、時期、現場条件が異なる場合、単価が異なる場合がある)。調査依頼: 岐阜国道事務所 防災情報課 岐国-防情-02 資材番号 1。調査区分: Ａ－①。材工区分: 資材価格。単価適用地域: 管内統一。報告月: R8.6.17。消費税の扱いは原本に記載なし。geo_code は原本の県名欄(調査を依頼した事務所の県)
2637b358b18cb9de,JP,material,特別調査（資材単価） 岐阜国道事務所 防災情報課,構造用ステンレス鋼ワイヤロープ,"7*19,B種,φ3",ｍ,pref,21,岐阜県,管内統一,岐国-防情-02#2,,760,JPY,special_survey_price,published_pdl,,,2026-06-17,,cbr-tokuchou-shizai-r8-09-gifu,list_r8.09_shizai_岐阜国道.pdf p.21,https://www.cbr.mlit.go.jp/architecture/kensetsugijutsu/unit_price/zip/r08/list_r8.09_shizai_gifu.zip,PDL1.0,,中部地整の事務所が工事ごとに行った特別調査の報告価格(予定価格の積算に用いたもの。原本の頁の説明: 施工地域、時期、現場条件が異なる場合、単価が異なる場合がある)。調査依頼: 岐阜国道事務所 防災情報課 岐国-防情-02 資材番号 2。調査区分: Ａ－①。材工区分: 資材価格。単価適用地域: 管内統一。報告月: R8.6.17。消費税の扱いは原本に記載なし。geo_code は原本の県名欄(調査を依頼した事務所の県)
d6fcc47e52ae85ee,JP,material,特別調査（資材単価） 岐阜国道事務所 防災情報課,ワイヤスリーブ,"SUS,φ3用",個,pref,21,岐阜県,管内統一,岐国-防情-02#3,,2470,JPY,special_survey_price,published_pdl,,,2026-06-17,,cbr-tokuchou-shizai-r8-09-gifu,list_r8.09_shizai_岐阜国道.pdf p.21,https://www.cbr.mlit.go.jp/architecture/kensetsugijutsu/unit_price/zip/r08/list_r8.09_shizai_gifu.zip,PDL1.0,,中部地整の事務所が工事ごとに行った特別調査の報告価格(予定価格の積算に用いたもの。原本の頁の説明: 施工地域、時期、現場条件が異なる場合、単価が異なる場合がある)。調査依頼: 岐阜国道事務所 防災情報課 岐国-防情-02 資材番号 3。調査区分: Ａ－①。材工区分: 資材価格。単価適用地域: 管内統一。報告月: R8.6.17。消費税の扱いは原本に記載なし。geo_code は原本の県名欄(調査を依頼した事務所の県)
f11a448a70bc379b,JP,material,特別調査（資材単価） 岐阜国道事務所 防災情報課,器具取付金具,"SUS,t=4.0",組,pref,21,岐阜県,管内統一,岐国-防情-02#5,,15600,JPY,special_survey_price,published_pdl,,,2026-06-17,,cbr-tokuchou-shizai-r8-09-gifu,list_r8.09_shizai_岐阜国道.pdf p.21,https://www.cbr.mlit.go.jp/architecture/kensetsugijutsu/unit_price/zip/r08/list_r8.09_shizai_gifu.zip,PDL1.0,,中部地整の事務所が工事ごとに行った特別調査の報告価格(予定価格の積算に用いたもの。原本の頁の説明: 施工地域、時期、現場条件が異なる場合、単価が異なる場合がある)。調査依頼: 岐阜国道事務所 防災情報課 岐国-防情-02 資材番号 5。調査区分: Ａ－①。材工区分: 資材価格。単価適用地域: 管内統一。報告月: R8.6.17。消費税の扱いは原本に記載なし。geo_code は原本の県名欄(調査を依頼した事務所の県)
9630efc20e971ab9,JP,material,特別調査（資材単価） 岐阜国道事務所 防災情報課,プレキャスト基礎,"タイプA,（連接型)",基,pref,21,岐阜県,岐阜県,岐国-防情-02#6,,108000,JPY,special_survey_price,published_pdl,,,2026-06-17,,cbr-tokuchou-shizai-r8-09-gifu,list_r8.09_shizai_岐阜国道.pdf p.21,https://www.cbr.mlit.go.jp/architecture/kensetsugijutsu/unit_price/zip/r08/list_r8.09_shizai_gifu.zip,PDL1.0,,"中部地整の事務所が工事ごとに行った特別調査の報告価格(予定価格の積算に用いたもの。原本の頁の説明: 施工地域、時期、現場条件が異なる場合、単価が異なる場合がある)。調査依頼: 岐阜国道事務所 防災情報課 岐国-防情-02 資材番号 6。調査区分: Ａ－①。材工区分: 資材価格。単価適用地域: 岐阜県。報告月: R8.6.17。備考: φ500 1,700ｍｍ電線管FEP30（通線用）、電線管CD16（接地用）、アンカーボルト等含む。消費税の扱いは原本に記載なし。geo_code は原本の県名欄(調査を依頼した事務所の県)"
a788966a8940cd31,JP,material,特別調査（資材単価） 岐阜国道事務所 防災情報課,プレキャスト基礎,"タイプA,(単独型）",基,pref,21,岐阜県,岐阜県,岐国-防情-02#7,,107000,JPY,special_survey_price,published_pdl,,,2026-06-17,,cbr-tokuchou-shizai-r8-09-gifu,list_r8.09_shizai_岐阜国道.pdf p.21,https://www.cbr.mlit.go.jp/architecture/kensetsugijutsu/unit_price/zip/r08/list_r8.09_shizai_gifu.zip,PDL1.0,,"中部地整の事務所が工事ごとに行った特別調査の報告価格(予定価格の積算に用いたもの。原本の頁の説明: 施工地域、時期、現場条件が異なる場合、単価が異なる場合がある)。調査依頼: 岐阜国道事務所 防災情報課 岐国-防情-02 資材番号 7。調査区分: №6に含む。材工区分: 資材価格。単価適用地域: 岐阜県。報告月: R8.6.17。備考: φ500 1,700ｍｍ電線管CD16（接地用）、アンカーボルト等含む。消費税の扱いは原本に記載なし。geo_code は原本の県名欄(調査を依頼した事務所の県)"
8b1c7e4f1362e003,JP,material,特別調査（資材単価） 岐阜国道事務所 防災情報課,プレキャスト基礎,"タイプB,(単独型）",基,pref,21,岐阜県,岐阜県,岐国-防情-02#9,,121000,JPY,special_survey_price,published_pdl,,,2026-06-17,,cbr-tokuchou-shizai-r8-09-gifu,list_r8.09_shizai_岐阜国道.pdf p.21,https://www.cbr.mlit.go.jp/architecture/kensetsugijutsu/unit_price/zip/r08/list_r8.09_shizai_gifu.zip,PDL1.0,,"中部地整の事務所が工事ごとに行った特別調査の報告価格(予定価格の積算に用いたもの。原本の頁の説明: 施工地域、時期、現場条件が異なる場合、単価が異なる場合がある)。調査依頼: 岐阜国道事務所 防災情報課 岐国-防情-02 資材番号 9。調査区分: №6に含む。材工区分: 資材価格。単価適用地域: 岐阜県。報告月: R8.6.17。備考: φ500 1,900ｍｍ電線管CD16（接地用）、アンカーボルト等含む。消費税の扱いは原本に記載なし。geo_code は原本の県名欄(調査を依頼した事務所の県)"
cbb2a48d9ae922ab,JP,material,特別調査（資材単価） 岐阜国道事務所 防災情報課,管理銘板,３Ｍスコッチ相当,枚,pref,21,岐阜県,管内統一,岐国-防情-02#10,,3380,JPY,special_survey_price,published_pdl,,,2026-06-17,,cbr-tokuchou-shizai-r8-09-gifu,list_r8.09_shizai_岐阜国道.pdf p.21,https://www.cbr.mlit.go.jp/architecture/kensetsugijutsu/unit_price/zip/r08/list_r8.09_shizai_gifu.zip,PDL1.0,,中部地整の事務所が工事ごとに行った特別調査の報告価格(予定価格の積算に用いたもの。原本の頁の説明: 施工地域、時期、現場条件が異なる場合、単価が異なる場合がある)。調査依頼: 岐阜国道事務所 防災情報課 岐国-防情-02 資材番号 10。調査区分: Ａ－①。材工区分: 資材価格。単価適用地域: 管内統一。報告月: R8.6.17。消費税の扱いは原本に記載なし。geo_code は原本の県名欄(調査を依頼した事務所の県)
46eb63e139a52e3a,JP,material,特別調査（資材単価） 岐阜国道事務所 防災情報課,管理シール,３Ｍスコッチ相当,枚,pref,21,岐阜県,管内統一,岐国-防情-02#11,,2920,JPY,special_survey_price,published_pdl,,,2026-06-17,,cbr-tokuchou-shizai-r8-09-gifu,list_r8.09_shizai_岐阜国道.pdf p.21,https://www.cbr.mlit.go.jp/architecture/kensetsugijutsu/unit_price/zip/r08/list_r8.09_shizai_gifu.zip,PDL1.0,,中部地整の事務所が工事ごとに行った特別調査の報告価格(予定価格の積算に用いたもの。原本の頁の説明: 施工地域、時期、現場条件が異なる場合、単価が異なる場合がある)。調査依頼: 岐阜国道事務所 防災情報課 岐国-防情-02 資材番号 11。調査区分: Ａ－①。材工区分: 資材価格。単価適用地域: 管内統一。報告月: R8.6.17。消費税の扱いは原本に記載なし。geo_code は原本の県名欄(調査を依頼した事務所の県)
95e9928235b9078f,JP,material,特別調査（資材単価） 岐阜国道事務所 工務課,六角頭ﾄﾙｼｱﾎﾞﾙﾄ,S10T M22×115,組,pref,21,岐阜県,管内統一,岐国-工-15#2,,403,JPY,special_survey_price,published_pdl,,,2026-07,,cbr-tokuchou-shizai-r8-09-gifu,list_r8.09_shizai_岐阜国道.pdf p.22,https://www.cbr.mlit.go.jp/architecture/kensetsugijutsu/unit_price/zip/r08/list_r8.09_shizai_gifu.zip,PDL1.0,,"中部地整の事務所が工事ごとに行った特別調査の報告価格(予定価格の積算に用いたもの。原本の頁の説明: 施工地域、時期、現場条件が異なる場合、単価が異なる場合がある)。調査依頼: 岐阜国道事務所 工務課 岐国-工-15 資材番号 2。調査区分: Ａ－①。材工区分: 資材価格。単価適用地域: 管内統一。報告月: R8.7。備考: 1N,2W含む。消費税の扱いは原本に記載なし。geo_code は原本の県名欄(調査を依頼した事務所の県)"
7f7971d55213dc88,JP,material,特別調査（資材単価） 岐阜国道事務所 工務課,ｾﾒﾝﾄ系固化材,特殊土用(ﾊﾞﾗ),ｔ,pref,21,岐阜県,110地区,岐国-工-16#3,,19500,JPY,special_survey_price,published_pdl,,,2026-07-13,,cbr-tokuchou-shizai-r8-09-gifu,list_r8.09_shizai_岐阜国道.pdf p.22,https://www.cbr.mlit.go.jp/architecture/kensetsugijutsu/unit_price/zip/r08/list_r8.09_shizai_gifu.zip,PDL1.0,,中部地整の事務所が工事ごとに行った特別調査の報告価格(予定価格の積算に用いたもの。原本の頁の説明: 施工地域、時期、現場条件が異なる場合、単価が異なる場合がある)。調査依頼: 岐阜国道事務所 工務課 岐国-工-16 資材番号 3。調査区分: Ｂ－①。材工区分: 資材価格。単価適用地域: 110地区。報告月: R8.7.13。消費税の扱いは原本に記載なし。geo_code は原本の県名欄(調査を依頼した事務所の県)
a8a764aa8c838dee,JP,material,特別調査（資材単価） 岐阜国道事務所 工務課,ｺﾝｸﾘｰﾄｽｷﾝ(ﾌﾙｻｲｽﾞ),F4 ﾃｰﾙｱﾙﾒ 板厚140ｽﾄﾘｯﾌﾟ4本,枚,pref,21,岐阜県,事務所管内,岐国-工-16#5,,67500,JPY,special_survey_price,published_pdl,,,2026-07-13,,cbr-tokuchou-shizai-r8-09-gifu,list_r8.09_shizai_岐阜国道.pdf p.22,https://www.cbr.mlit.go.jp/architecture/kensetsugijutsu/unit_price/zip/r08/list_r8.09_shizai_gifu.zip,PDL1.0,,中部地整の事務所が工事ごとに行った特別調査の報告価格(予定価格の積算に用いたもの。原本の頁の説明: 施工地域、時期、現場条件が異なる場合、単価が異なる場合がある)。調査依頼: 岐阜国道事務所 工務課 岐国-工-16 資材番号 5。調査区分: Ａ－①。材工区分: 資材価格。単価適用地域: 事務所管内。報告月: R8.7.13。備考: 現場車上渡し。消費税の扱いは原本に記載なし。geo_code は原本の県名欄(調査を依頼した事務所の県)
15a485e9a9a063dc,JP,material,特別調査（資材単価） 岐阜国道事務所 工務課,ｺﾝｸﾘｰﾄｽｷﾝ(ﾌﾙｻｲｽﾞ),FL4 ﾃｰﾙｱﾙﾒ 板厚140 ｽﾄﾘｯﾌﾟ4本,枚,pref,21,岐阜県,事務所管内,岐国-工-16#5_2,,82200,JPY,special_survey_price,published_pdl,,,2026-07-13,,cbr-tokuchou-shizai-r8-09-gifu,list_r8.09_shizai_岐阜国道.pdf p.22,https://www.cbr.mlit.go.jp/architecture/kensetsugijutsu/unit_price/zip/r08/list_r8.09_shizai_gifu.zip,PDL1.0,,中部地整の事務所が工事ごとに行った特別調査の報告価格(予定価格の積算に用いたもの。原本の頁の説明: 施工地域、時期、現場条件が異なる場合、単価が異なる場合がある)。調査依頼: 岐阜国道事務所 工務課 岐国-工-16 資材番号 5_2。調査区分: №5に含む。材工区分: 資材価格。単価適用地域: 事務所管内。報告月: R8.7.13。備考: 現場車上渡し。消費税の扱いは原本に記載なし。geo_code は原本の県名欄(調査を依頼した事務所の県)
cfbcf6ce92e89552,JP,material,特別調査（資材単価） 岐阜国道事務所 工務課,ｺﾝｸﾘｰﾄｽｷﾝ(ﾌﾙｻｲｽﾞ),FR4 ﾃｰﾙｱﾙﾒ 板厚140 ｽﾄﾘｯﾌﾟ4本,枚,pref,21,岐阜県,事務所管内,岐国-工-16#5_3,,82200,JPY,special_survey_price,published_pdl,,,2026-07-13,,cbr-tokuchou-shizai-r8-09-gifu,list_r8.09_shizai_岐阜国道.pdf p.22,https://www.cbr.mlit.go.jp/architecture/kensetsugijutsu/unit_price/zip/r08/list_r8.09_shizai_gifu.zip,PDL1.0,,中部地整の事務所が工事ごとに行った特別調査の報告価格(予定価格の積算に用いたもの。原本の頁の説明: 施工地域、時期、現場条件が異なる場合、単価が異なる場合がある)。調査依頼: 岐阜国道事務所 工務課 岐国-工-16 資材番号 5_3。調査区分: №5に含む。材工区分: 資材価格。単価適用地域: 事務所管内。報告月: R8.7.13。備考: 現場車上渡し。消費税の扱いは原本に記載なし。geo_code は原本の県名欄(調査を依頼した事務所の県)
be209639d3aa14a8,JP,material,特別調査（資材単価） 岐阜国道事務所 工務課,ｺﾝｸﾘｰﾄｽｷﾝ(ﾌﾙｻｲｽﾞ),FS4 ﾃｰﾙｱﾙﾒ 板厚140 ｽﾄﾘｯﾌﾟ4本差し筋付,枚,pref,21,岐阜県,事務所管内,岐国-工-16#5_4,,72000,JPY,special_survey_price,published_pdl,,,2026-07-13,,cbr-tokuchou-shizai-r8-09-gifu,list_r8.09_shizai_岐阜国道.pdf p.22,https://www.cbr.mlit.go.jp/architecture/kensetsugijutsu/unit_price/zip/r08/list_r8.09_shizai_gifu.zip,PDL1.0,,中部地整の事務所が工事ごとに行った特別調査の報告価格(予定価格の積算に用いたもの。原本の頁の説明: 施工地域、時期、現場条件が異なる場合、単価が異なる場合がある)。調査依頼: 岐阜国道事務所 工務課 岐国-工-16 資材番号 5_4。調査区分: №5に含む。材工区分: 資材価格。単価適用地域: 事務所管内。報告月: R8.7.13。備考: 現場車上渡し。消費税の扱いは原本に記載なし。geo_code は原本の県名欄(調査を依頼した事務所の県)
a0731467dd3e4ba1,JP,material,特別調査（資材単価） 岐阜国道事務所 工務課,ｺﾝｸﾘｰﾄｽｷﾝ(ﾌﾙｻｲｽﾞ),FRS4 ﾃｰﾙｱﾙﾒ 板厚140 ｽﾄﾘｯﾌﾟ4本差し筋付,枚,pref,21,岐阜県,事務所管内,岐国-工-16#5_5,,86800,JPY,special_survey_price,published_pdl,,,2026-07-13,,cbr-tokuchou-shizai-r8-09-gifu,list_r8.09_shizai_岐阜国道.pdf p.22,https://www.cbr.mlit.go.jp/architecture/kensetsugijutsu/unit_price/zip/r08/list_r8.09_shizai_gifu.zip,PDL1.0,,中部地整の事務所が工事ごとに行った特別調査の報告価格(予定価格の積算に用いたもの。原本の頁の説明: 施工地域、時期、現場条件が異なる場合、単価が異なる場合がある)。調査依頼: 岐阜国道事務所 工務課 岐国-工-16 資材番号 5_5。調査区分: №5に含む。材工区分: 資材価格。単価適用地域: 事務所管内。報告月: R8.7.13。備考: 現場車上渡し。消費税の扱いは原本に記載なし。geo_code は原本の県名欄(調査を依頼した事務所の県)
9038b8cdb5854ca0,JP,material,特別調査（資材単価） 岐阜国道事務所 工務課,ｺﾝｸﾘｰﾄｽｷﾝ(ﾌﾙｻｲｽﾞ),F04 ﾃｰﾙｱﾙﾒ 板厚140ｽﾄﾘｯﾌﾟ4本孔開け,枚,pref,21,岐阜県,事務所管内,岐国-工-16#5_6,,81700,JPY,special_survey_price,published_pdl,,,2026-07-13,,cbr-tokuchou-shizai-r8-09-gifu,list_r8.09_shizai_岐阜国道.pdf p.22,https://www.cbr.mlit.go.jp/architecture/kensetsugijutsu/unit_price/zip/r08/list_r8.09_shizai_gifu.zip,PDL1.0,,中部地整の事務所が工事ごとに行った特別調査の報告価格(予定価格の積算に用いたもの。原本の頁の説明: 施工地域、時期、現場条件が異なる場合、単価が異なる場合がある)。調査依頼: 岐阜国道事務所 工務課 岐国-工-16 資材番号 5_6。調査区分: №5に含む。材工区分: 資材価格。単価適用地域: 事務所管内。報告月: R8.7.13。備考: 現場車上渡し。消費税の扱いは原本に記載なし。geo_code は原本の県名欄(調査を依頼した事務所の県)
5fbcb1345165e06f,JP,material,特別調査（資材単価） 岐阜国道事務所 工務課,ｺﾝｸﾘｰﾄｽｷﾝ(ﾊｰﾌｻｲｽﾞ),H2 ﾃｰﾙｱﾙﾒ 板厚140ｽﾄﾘｯﾌﾟ2本,枚,pref,21,岐阜県,事務所管内,岐国-工-16#5_7,,37000,JPY,special_survey_price,published_pdl,,,2026-07-13,,cbr-tokuchou-shizai-r8-09-gifu,list_r8.09_shizai_岐阜国道.pdf p.22,https://www.cbr.mlit.go.jp/architecture/kensetsugijutsu/unit_price/zip/r08/list_r8.09_shizai_gifu.zip,PDL1.0,,中部地整の事務所が工事ごとに行った特別調査の報告価格(予定価格の積算に用いたもの。原本の頁の説明: 施工地域、時期、現場条件が異なる場合、単価が異なる場合がある)。調査依頼: 岐阜国道事務所 工務課 岐国-工-16 資材番号 5_7。調査区分: №5に含む。材工区分: 資材価格。単価適用地域: 事務所管内。報告月: R8.7.13。備考: 現場車上渡し。消費税の扱いは原本に記載なし。geo_code は原本の県名欄(調査を依頼した事務所の県)
eb1c890137d66101,JP,material,特別調査（資材単価） 岐阜国道事務所 工務課,ｺﾝｸﾘｰﾄｽｷﾝ(ﾊｰﾌｻｲｽﾞ),HLS2 ﾃｰﾙｱﾙﾒ 板厚140 ｽﾄﾘｯﾌﾟ2本差し筋付,枚,pref,21,岐阜県,事務所管内,岐国-工-16#5_8,,55100,JPY,special_survey_price,published_pdl,,,2026-07-13,,cbr-tokuchou-shizai-r8-09-gifu,list_r8.09_shizai_岐阜国道.pdf p.22,https://www.cbr.mlit.go.jp/architecture/kensetsugijutsu/unit_price/zip/r08/list_r8.09_shizai_gifu.zip,PDL1.0,,中部地整の事務所が工事ごとに行った特別調査の報告価格(予定価格の積算に用いたもの。原本の頁の説明: 施工地域、時期、現場条件が異なる場合、単価が異なる場合がある)。調査依頼: 岐阜国道事務所 工務課 岐国-工-16 資材番号 5_8。調査区分: №5に含む。材工区分: 資材価格。単価適用地域: 事務所管内。報告月: R8.7.13。備考: 現場車上渡し。消費税の扱いは原本に記載なし。geo_code は原本の県名欄(調査を依頼した事務所の県)
4a133157eb49b5cd,JP,material,特別調査（資材単価） 岐阜国道事務所 工務課,異形ｽｷﾝ(ﾌﾙｻｲｽﾞ),FLE2 ﾃｰﾙｱﾙﾒ 板厚140 ｽﾄﾘｯﾌﾟ2本,枚,pref,21,岐阜県,事務所管内,岐国-工-16#5_9,,46800,JPY,special_survey_price,published_pdl,,,2026-07-13,,cbr-tokuchou-shizai-r8-09-gifu,list_r8.09_shizai_岐阜国道.pdf p.22,https://www.cbr.mlit.go.jp/architecture/kensetsugijutsu/unit_price/zip/r08/list_r8.09_shizai_gifu.zip,PDL1.0,,中部地整の事務所が工事ごとに行った特別調査の報告価格(予定価格の積算に用いたもの。原本の頁の説明: 施工地域、時期、現場条件が異なる場合、単価が異なる場合がある)。調査依頼: 岐阜国道事務所 工務課 岐国-工-16 資材番号 5_9。調査区分: Ａ－①。材工区分: 資材価格。単価適用地域: 事務所管内。報告月: R8.7.13。備考: 現場車上渡し。消費税の扱いは原本に記載なし。geo_code は原本の県名欄(調査を依頼した事務所の県)
4c84c5526f7ffd0a,JP,material,特別調査（資材単価） 岐阜国道事務所 工務課,異形ｽｷﾝ(ﾌﾙｻｲｽﾞ),FLES2 ﾃｰﾙｱﾙﾒ 板厚140 ｽﾄﾘｯﾌﾟ2本差し筋付,枚,pref,21,岐阜県,事務所管内,岐国-工-16#5_10,,51500,JPY,special_survey_price,published_pdl,,,2026-07-13,,cbr-tokuchou-shizai-r8-09-gifu,list_r8.09_shizai_岐阜国道.pdf p.22,https://www.cbr.mlit.go.jp/architecture/kensetsugijutsu/unit_price/zip/r08/list_r8.09_shizai_gifu.zip,PDL1.0,,中部地整の事務所が工事ごとに行った特別調査の報告価格(予定価格の積算に用いたもの。原本の頁の説明: 施工地域、時期、現場条件が異なる場合、単価が異なる場合がある)。調査依頼: 岐阜国道事務所 工務課 岐国-工-16 資材番号 5_10。調査区分: №5_9に含む。材工区分: 資材価格。単価適用地域: 事務所管内。報告月: R8.7.13。備考: 現場車上渡し。消費税の扱いは原本に記載なし。geo_code は原本の県名欄(調査を依頼した事務所の県)
41464d376ed79369,JP,material,特別調査（資材単価） 岐阜国道事務所 工務課,異形ｽｷﾝ(ﾊｰﾌｻｲｽﾞ),HLE1 ﾃｰﾙｱﾙﾒ 板厚140 ｽﾄﾘｯﾌﾟ1本,枚,pref,21,岐阜県,事務所管内,岐国-工-16#5_11,,35900,JPY,special_survey_price,published_pdl,,,2026-07-13,,cbr-tokuchou-shizai-r8-09-gifu,list_r8.09_shizai_岐阜国道.pdf p.22,https://www.cbr.mlit.go.jp/architecture/kensetsugijutsu/unit_price/zip/r08/list_r8.09_shizai_gifu.zip,PDL1.0,,中部地整の事務所が工事ごとに行った特別調査の報告価格(予定価格の積算に用いたもの。原本の頁の説明: 施工地域、時期、現場条件が異なる場合、単価が異なる場合がある)。調査依頼: 岐阜国道事務所 工務課 岐国-工-16 資材番号 5_11。調査区分: №5_9に含む。材工区分: 資材価格。単価適用地域: 事務所管内。報告月: R8.7.13。備考: 現場車上渡し。消費税の扱いは原本に記載なし。geo_code は原本の県名欄(調査を依頼した事務所の県)
531929a8149b111d,JP,material,特別調査（資材単価） 岐阜国道事務所 工務課,ﾏﾙﾁｺｰﾅｰｽｷﾝ(ﾌﾙｻｲｽﾞ),FKFL4 ﾃｰﾙｱﾙﾒ 板厚140 ｽﾄﾘｯﾌﾟ4本,枚,pref,21,岐阜県,事務所管内,岐国-工-16#5_12,,105000,JPY,special_survey_price,published_pdl,,,2026-07-13,,cbr-tokuchou-shizai-r8-09-gifu,list_r8.09_shizai_岐阜国道.pdf p.22,https://www.cbr.mlit.go.jp/architecture/kensetsugijutsu/unit_price/zip/r08/list_r8.09_shizai_gifu.zip,PDL1.0,,中部地整の事務所が工事ごとに行った特別調査の報告価格(予定価格の積算に用いたもの。原本の頁の説明: 施工地域、時期、現場条件が異なる場合、単価が異なる場合がある)。調査依頼: 岐阜国道事務所 工務課 岐国-工-16 資材番号 5_12。調査区分: Ａ－①。材工区分: 資材価格。単価適用地域: 事務所管内。報告月: R8.7.13。備考: 現場車上渡し。消費税の扱いは原本に記載なし。geo_code は原本の県名欄(調査を依頼した事務所の県)
ae277fc01197b18e,JP,material,特別調査（資材単価） 岐阜国道事務所 工務課,ﾏﾙﾁｺｰﾅｰｽｷﾝ(ﾌﾙｻｲｽﾞ),FKFR4 ﾃｰﾙｱﾙﾒ 板厚140 ｽﾄﾘｯﾌﾟ4本,枚,pref,21,岐阜県,事務所管内,岐国-工-16#5_13,,105000,JPY,special_survey_price,published_pdl,,,2026-07-13,,cbr-tokuchou-shizai-r8-09-gifu,list_r8.09_shizai_岐阜国道.pdf p.22,https://www.cbr.mlit.go.jp/architecture/kensetsugijutsu/unit_price/zip/r08/list_r8.09_shizai_gifu.zip,PDL1.0,,中部地整の事務所が工事ごとに行った特別調査の報告価格(予定価格の積算に用いたもの。原本の頁の説明: 施工地域、時期、現場条件が異なる場合、単価が異なる場合がある)。調査依頼: 岐阜国道事務所 工務課 岐国-工-16 資材番号 5_13。調査区分: №5_12に含む。材工区分: 資材価格。単価適用地域: 事務所管内。報告月: R8.7.13。備考: 現場車上渡し。消費税の扱いは原本に記載なし。geo_code は原本の県名欄(調査を依頼した事務所の県)
68b455c87f9d7c6a,JP,material,特別調査（資材単価） 岐阜国道事務所 工務課,ﾏﾙﾁｺｰﾅｰｽｷﾝ(ﾌﾙｻｲｽﾞ),FKFLS4 ﾃｰﾙｱﾙﾒ 板厚140 ｽﾄﾘｯﾌﾟ4本差し筋付,枚,pref,21,岐阜県,事務所管内,岐国-工-16#5_14,,110000,JPY,special_survey_price,published_pdl,,,2026-07-13,,cbr-tokuchou-shizai-r8-09-gifu,list_r8.09_shizai_岐阜国道.pdf p.22,https://www.cbr.mlit.go.jp/architecture/kensetsugijutsu/unit_price/zip/r08/list_r8.09_shizai_gifu.zip,PDL1.0,,中部地整の事務所が工事ごとに行った特別調査の報告価格(予定価格の積算に用いたもの。原本の頁の説明: 施工地域、時期、現場条件が異なる場合、単価が異なる場合がある)。調査依頼: 岐阜国道事務所 工務課 岐国-工-16 資材番号 5_14。調査区分: №5_12に含む。材工区分: 資材価格。単価適用地域: 事務所管内。報告月: R8.7.13。備考: 現場車上渡し。消費税の扱いは原本に記載なし。geo_code は原本の県名欄(調査を依頼した事務所の県)
5697bf71fa75b38e,JP,material,特別調査（資材単価） 岐阜国道事務所 工務課,ﾏﾙﾁｺｰﾅｰｽｷﾝ(ﾊｰﾌｻｲｽﾞ),FKHL2 ﾃｰﾙｱﾙﾒ 板厚140 ｽﾄﾘｯﾌﾟ2本,枚,pref,21,岐阜県,事務所管内,岐国-工-16#5_15,,57100,JPY,special_survey_price,published_pdl,,,2026-07-13,,cbr-tokuchou-shizai-r8-09-gifu,list_r8.09_shizai_岐阜国道.pdf p.22,https://www.cbr.mlit.go.jp/architecture/kensetsugijutsu/unit_price/zip/r08/list_r8.09_shizai_gifu.zip,PDL1.0,,中部地整の事務所が工事ごとに行った特別調査の報告価格(予定価格の積算に用いたもの。原本の頁の説明: 施工地域、時期、現場条件が異なる場合、単価が異なる場合がある)。調査依頼: 岐阜国道事務所 工務課 岐国-工-16 資材番号 5_15。調査区分: №5_12に含む。材工区分: 資材価格。単価適用地域: 事務所管内。報告月: R8.7.13。備考: 現場車上渡し。消費税の扱いは原本に記載なし。geo_code は原本の県名欄(調査を依頼した事務所の県)
55dca805eb774f07,JP,material,特別調査（資材単価） 岐阜国道事務所 工務課,ﾏﾙﾁｺｰﾅｰｽｷﾝ(ﾊｰﾌｻｲｽﾞ),FKHRS2 ﾃｰﾙｱﾙﾒ 板厚140 ｽﾄﾘｯﾌﾟ2本 差し筋付,枚,pref,21,岐阜県,事務所管内,岐国-工-16#5_16,,61800,JPY,special_survey_price,published_pdl,,,2026-07-13,,cbr-tokuchou-shizai-r8-09-gifu,list_r8.09_shizai_岐阜国道.pdf p.23,https://www.cbr.mlit.go.jp/architecture/kensetsugijutsu/unit_price/zip/r08/list_r8.09_shizai_gifu.zip,PDL1.0,,中部地整の事務所が工事ごとに行った特別調査の報告価格(予定価格の積算に用いたもの。原本の頁の説明: 施工地域、時期、現場条件が異なる場合、単価が異なる場合がある)。調査依頼: 岐阜国道事務所 工務課 岐国-工-16 資材番号 5_16。調査区分: №5_12に含む。材工区分: 資材価格。単価適用地域: 事務所管内。報告月: R8.7.13。備考: 現場車上渡し。消費税の扱いは原本に記載なし。geo_code は原本の県名欄(調査を依頼した事務所の県)
5aa823d8f593c864,JP,material,特別調査（資材単価） 岐阜国道事務所 工務課,ｺﾝｸﾘｰﾄｽｷﾝ(ﾊｰﾌｻｲｽﾞ),ﾃｰﾙｱﾙﾒ 板厚140 ｽﾄﾘｯﾌﾟ2本,枚,pref,21,岐阜県,,岐国-工-16#6,,,JPY,special_survey_price,not_set,,,2026-07-13,,cbr-tokuchou-shizai-r8-09-gifu,list_r8.09_shizai_岐阜国道.pdf p.23,https://www.cbr.mlit.go.jp/architecture/kensetsugijutsu/unit_price/zip/r08/list_r8.09_shizai_gifu.zip,PDL1.0,,中部地整の事務所が工事ごとに行った特別調査の報告価格(予定価格の積算に用いたもの。原本の頁の説明: 施工地域、時期、現場条件が異なる場合、単価が異なる場合がある)。調査依頼: 岐阜国道事務所 工務課 岐国-工-16 資材番号 6。調査区分: (空欄)。材工区分: 資材価格。単価適用地域: (空欄)。報告月: R8.7.13。備考: 調査中止。消費税の扱いは原本に記載なし。geo_code は原本の県名欄(調査を依頼した事務所の県)。価格欄: (空欄)
2e560de5602a3e85,JP,material,特別調査（資材単価） 岐阜国道事務所 工務課,ｺﾝｸﾘｰﾄｽｷﾝ(ﾌﾙｻｲｽﾞ)片袖なし,ﾃｰﾙｱﾙﾒ 板厚140 ｽﾄﾘｯﾌﾟ4本,枚,pref,21,岐阜県,,岐国-工-16#7,,,JPY,special_survey_price,not_set,,,2026-07-13,,cbr-tokuchou-shizai-r8-09-gifu,list_r8.09_shizai_岐阜国道.pdf p.23,https://www.cbr.mlit.go.jp/architecture/kensetsugijutsu/unit_price/zip/r08/list_r8.09_shizai_gifu.zip,PDL1.0,,中部地整の事務所が工事ごとに行った特別調査の報告価格(予定価格の積算に用いたもの。原本の頁の説明: 施工地域、時期、現場条件が異なる場合、単価が異なる場合がある)。調査依頼: 岐阜国道事務所 工務課 岐国-工-16 資材番号 7。調査区分: (空欄)。材工区分: 資材価格。単価適用地域: (空欄)。報告月: R8.7.13。備考: 調査中止。消費税の扱いは原本に記載なし。geo_code は原本の県名欄(調査を依頼した事務所の県)。価格欄: (空欄)
9c19deba019e452d,JP,material,特別調査（資材単価） 岐阜国道事務所 工務課,ｺﾝｸﾘｰﾄｽｷﾝ(ﾊｰﾌｻｲｽﾞ)片袖なし,ﾃｰﾙｱﾙﾒ 板厚140 ｽﾄﾘｯﾌﾟ2本,枚,pref,21,岐阜県,,岐国-工-16#8,,,JPY,special_survey_price,not_set,,,2026-07-13,,cbr-tokuchou-shizai-r8-09-gifu,list_r8.09_shizai_岐阜国道.pdf p.23,https://www.cbr.mlit.go.jp/architecture/kensetsugijutsu/unit_price/zip/r08/list_r8.09_shizai_gifu.zip,PDL1.0,,中部地整の事務所が工事ごとに行った特別調査の報告価格(予定価格の積算に用いたもの。原本の頁の説明: 施工地域、時期、現場条件が異なる場合、単価が異なる場合がある)。調査依頼: 岐阜国道事務所 工務課 岐国-工-16 資材番号 8。調査区分: (空欄)。材工区分: 資材価格。単価適用地域: (空欄)。報告月: R8.7.13。備考: 調査中止。消費税の扱いは原本に記載なし。geo_code は原本の県名欄(調査を依頼した事務所の県)。価格欄: (空欄)
608784302b1aed90,JP,material,特別調査（資材単価） 岐阜国道事務所 工務課,ﾏﾙﾁｺｰﾅｰｽｷﾝ(ﾌﾙｻｲｽﾞ),ﾃｰﾙｱﾙﾒ 板厚140 ｽﾄﾘｯﾌﾟ4本,枚,pref,21,岐阜県,,岐国-工-16#9,,,JPY,special_survey_price,not_set,,,2026-07-13,,cbr-tokuchou-shizai-r8-09-gifu,list_r8.09_shizai_岐阜国道.pdf p.23,https://www.cbr.mlit.go.jp/architecture/kensetsugijutsu/unit_price/zip/r08/list_r8.09_shizai_gifu.zip,PDL1.0,,中部地整の事務所が工事ごとに行った特別調査の報告価格(予定価格の積算に用いたもの。原本の頁の説明: 施工地域、時期、現場条件が異なる場合、単価が異なる場合がある)。調査依頼: 岐阜国道事務所 工務課 岐国-工-16 資材番号 9。調査区分: (空欄)。材工区分: 資材価格。単価適用地域: (空欄)。報告月: R8.7.13。備考: 調査中止。消費税の扱いは原本に記載なし。geo_code は原本の県名欄(調査を依頼した事務所の県)。価格欄: (空欄)
1b381b5326a3f9fd,JP,material,特別調査（資材単価） 岐阜国道事務所 工務課,ﾏﾙﾁｺｰﾅｰｽｷﾝ(ﾊｰﾌｻｲｽﾞ),ﾃｰﾙｱﾙﾒ 板厚140 ｽﾄﾘｯﾌﾟ2本,枚,pref,21,岐阜県,,岐国-工-16#10,,,JPY,special_survey_price,not_set,,,2026-07-13,,cbr-tokuchou-shizai-r8-09-gifu,list_r8.09_shizai_岐阜国道.pdf p.23,https://www.cbr.mlit.go.jp/architecture/kensetsugijutsu/unit_price/zip/r08/list_r8.09_shizai_gifu.zip,PDL1.0,,中部地整の事務所が工事ごとに行った特別調査の報告価格(予定価格の積算に用いたもの。原本の頁の説明: 施工地域、時期、現場条件が異なる場合、単価が異なる場合がある)。調査依頼: 岐阜国道事務所 工務課 岐国-工-16 資材番号 10。調査区分: (空欄)。材工区分: 資材価格。単価適用地域: (空欄)。報告月: R8.7.13。備考: 調査中止。消費税の扱いは原本に記載なし。geo_code は原本の県名欄(調査を依頼した事務所の県)。価格欄: (空欄)
3daa75b586a461f4,JP,material,特別調査（資材単価） 岐阜国道事務所 工務課,ｺﾝｸﾘｰﾄｽｷﾝｴｷｽﾄﾗ,笠石用さし筋1枚ごとに,枚,pref,21,岐阜県,,岐国-工-16#11,,,JPY,special_survey_price,not_set,,,2026-07-13,,cbr-tokuchou-shizai-r8-09-gifu,list_r8.09_shizai_岐阜国道.pdf p.23,https://www.cbr.mlit.go.jp/architecture/kensetsugijutsu/unit_price/zip/r08/list_r8.09_shizai_gifu.zip,PDL1.0,,中部地整の事務所が工事ごとに行った特別調査の報告価格(予定価格の積算に用いたもの。原本の頁の説明: 施工地域、時期、現場条件が異なる場合、単価が異なる場合がある)。調査依頼: 岐阜国道事務所 工務課 岐国-工-16 資材番号 11。調査区分: (空欄)。材工区分: 資材価格。単価適用地域: (空欄)。報告月: R8.7.13。備考: 調査中止。消費税の扱いは原本に記載なし。geo_code は原本の県名欄(調査を依頼した事務所の県)。価格欄: (空欄)
480d743ba39b31c2,JP,material,特別調査（資材単価） 岐阜国道事務所 工務課,ｺﾝｸﾘｰﾄｽｷﾝｴｷｽﾄﾗ,ｽﾄﾘｯﾌﾟ1本増すごとに,枚,pref,21,岐阜県,,岐国-工-16#12,,,JPY,special_survey_price,not_set,,,2026-07-13,,cbr-tokuchou-shizai-r8-09-gifu,list_r8.09_shizai_岐阜国道.pdf p.23,https://www.cbr.mlit.go.jp/architecture/kensetsugijutsu/unit_price/zip/r08/list_r8.09_shizai_gifu.zip,PDL1.0,,中部地整の事務所が工事ごとに行った特別調査の報告価格(予定価格の積算に用いたもの。原本の頁の説明: 施工地域、時期、現場条件が異なる場合、単価が異なる場合がある)。調査依頼: 岐阜国道事務所 工務課 岐国-工-16 資材番号 12。調査区分: (空欄)。材工区分: 資材価格。単価適用地域: (空欄)。報告月: R8.7.13。備考: 調査中止。消費税の扱いは原本に記載なし。geo_code は原本の県名欄(調査を依頼した事務所の県)。価格欄: (空欄)
cc079c34a2950f0a,JP,material,特別調査（資材単価） 岐阜国道事務所 工務課,ｺﾝｸﾘｰﾄｽｷﾝｴｷｽﾄﾗ,異形ｽｷﾝ1枚ごと,枚,pref,21,岐阜県,,岐国-工-16#13,,,JPY,special_survey_price,not_set,,,2026-07-13,,cbr-tokuchou-shizai-r8-09-gifu,list_r8.09_shizai_岐阜国道.pdf p.23,https://www.cbr.mlit.go.jp/architecture/kensetsugijutsu/unit_price/zip/r08/list_r8.09_shizai_gifu.zip,PDL1.0,,中部地整の事務所が工事ごとに行った特別調査の報告価格(予定価格の積算に用いたもの。原本の頁の説明: 施工地域、時期、現場条件が異なる場合、単価が異なる場合がある)。調査依頼: 岐阜国道事務所 工務課 岐国-工-16 資材番号 13。調査区分: (空欄)。材工区分: 資材価格。単価適用地域: (空欄)。報告月: R8.7.13。備考: 調査中止。消費税の扱いは原本に記載なし。geo_code は原本の県名欄(調査を依頼した事務所の県)。価格欄: (空欄)
4795969e678f8c34,JP,material,特別調査（資材単価） 岐阜国道事務所 工務課,ｺﾈｸﾃｨﾌﾞｽﾄﾘｯﾌﾟ,60×6.0×570 ﾒｯｷ,本,pref,21,岐阜県,事務所管内,岐国-工-16#14,,2070,JPY,special_survey_price,published_pdl,,,2026-07-13,,cbr-tokuchou-shizai-r8-09-gifu,list_r8.09_shizai_岐阜国道.pdf p.23,https://www.cbr.mlit.go.jp/architecture/kensetsugijutsu/unit_price/zip/r08/list_r8.09_shizai_gifu.zip,PDL1.0,,中部地整の事務所が工事ごとに行った特別調査の報告価格(予定価格の積算に用いたもの。原本の頁の説明: 施工地域、時期、現場条件が異なる場合、単価が異なる場合がある)。調査依頼: 岐阜国道事務所 工務課 岐国-工-16 資材番号 14。調査区分: Ａ－①。材工区分: 資材価格。単価適用地域: 事務所管内。報告月: R8.7.13。備考: 現場車上渡し。消費税の扱いは原本に記載なし。geo_code は原本の県名欄(調査を依頼した事務所の県)
ce8f0472713279f7,JP,material,特別調査（資材単価） 岐阜国道事務所 工務課,ﾎﾞﾙﾄ･ﾅｯﾄ,M12×40 ﾒｯｷ,個,pref,21,岐阜県,事務所管内,岐国-工-16#15,,210,JPY,special_survey_price,published_pdl,,,2026-07-13,,cbr-tokuchou-shizai-r8-09-gifu,list_r8.09_shizai_岐阜国道.pdf p.23,https://www.cbr.mlit.go.jp/architecture/kensetsugijutsu/unit_price/zip/r08/list_r8.09_shizai_gifu.zip,PDL1.0,,中部地整の事務所が工事ごとに行った特別調査の報告価格(予定価格の積算に用いたもの。原本の頁の説明: 施工地域、時期、現場条件が異なる場合、単価が異なる場合がある)。調査依頼: 岐阜国道事務所 工務課 岐国-工-16 資材番号 15。調査区分: Ａ－①。材工区分: 資材価格。単価適用地域: 事務所管内。報告月: R8.7.13。備考: 現場車上渡し。消費税の扱いは原本に記載なし。geo_code は原本の県名欄(調査を依頼した事務所の県)
c91e671f87a3b8f9,JP,material,特別調査（資材単価） 岐阜国道事務所 工務課,水平目地材(ｺﾙｸﾌﾟﾚｰﾄ),85×20×600,枚,pref,21,岐阜県,事務所管内,岐国-工-16#16,,1230,JPY,special_survey_price,published_pdl,,,2026-07-13,,cbr-tokuchou-shizai-r8-09-gifu,list_r8.09_shizai_岐阜国道.pdf p.23,https://www.cbr.mlit.go.jp/architecture/kensetsugijutsu/unit_price/zip/r08/list_r8.09_shizai_gifu.zip,PDL1.0,,中部地整の事務所が工事ごとに行った特別調査の報告価格(予定価格の積算に用いたもの。原本の頁の説明: 施工地域、時期、現場条件が異なる場合、単価が異なる場合がある)。調査依頼: 岐阜国道事務所 工務課 岐国-工-16 資材番号 16。調査区分: Ａ－①。材工区分: 資材価格。単価適用地域: 事務所管内。報告月: R8.7.13。備考: 現場車上渡し。消費税の扱いは原本に記載なし。geo_code は原本の県名欄(調査を依頼した事務所の県)
c67244dfec01c98a,JP,material,特別調査（資材単価） 岐阜国道事務所 工務課,透水防砂材,4.0×420,m,pref,21,岐阜県,事務所管内,岐国-工-16#17,,720,JPY,special_survey_price,published_pdl,,,2026-07-13,,cbr-tokuchou-shizai-r8-09-gifu,list_r8.09_shizai_岐阜国道.pdf p.23,https://www.cbr.mlit.go.jp/architecture/kensetsugijutsu/unit_price/zip/r08/list_r8.09_shizai_gifu.zip,PDL1.0,,中部地整の事務所が工事ごとに行った特別調査の報告価格(予定価格の積算に用いたもの。原本の頁の説明: 施工地域、時期、現場条件が異なる場合、単価が異なる場合がある)。調査依頼: 岐阜国道事務所 工務課 岐国-工-16 資材番号 17。調査区分: Ａ－①。材工区分: 資材価格。単価適用地域: 事務所管内。報告月: R8.7.13。備考: 現場車上渡し。消費税の扱いは原本に記載なし。geo_code は原本の県名欄(調査を依頼した事務所の県)
7e6b1882032a1a95,JP,material,特別調査（資材単価） 岐阜国道事務所 工務課,ﾘﾌﾞ付ｽﾄﾘｯﾌﾟ,4.0×80 SS400 ﾒｯｷ,m,pref,21,岐阜県,事務所管内,岐国-工-16#18,,2030,JPY,special_survey_price,published_pdl,,,2026-07-13,,cbr-tokuchou-shizai-r8-09-gifu,list_r8.09_shizai_岐阜国道.pdf p.23,https://www.cbr.mlit.go.jp/architecture/kensetsugijutsu/unit_price/zip/r08/list_r8.09_shizai_gifu.zip,PDL1.0,,中部地整の事務所が工事ごとに行った特別調査の報告価格(予定価格の積算に用いたもの。原本の頁の説明: 施工地域、時期、現場条件が異なる場合、単価が異なる場合がある)。調査依頼: 岐阜国道事務所 工務課 岐国-工-16 資材番号 18。調査区分: Ａ－①。材工区分: 資材価格。単価適用地域: 事務所管内。報告月: R8.7.13。備考: 現場車上渡し。消費税の扱いは原本に記載なし。geo_code は原本の県名欄(調査を依頼した事務所の県)
802a720e29b398d9,JP,material,特別調査（資材単価） 岐阜国道事務所 工務課,ｷｬｯﾌﾟ,VPφ40用,個,pref,21,岐阜県,,岐国-工-16#20,,,JPY,special_survey_price,publication_based_not_public,,,2026-07-13,,cbr-tokuchou-shizai-r8-09-gifu,list_r8.09_shizai_岐阜国道.pdf p.23,https://www.cbr.mlit.go.jp/architecture/kensetsugijutsu/unit_price/zip/r08/list_r8.09_shizai_gifu.zip,PDL1.0,,中部地整の事務所が工事ごとに行った特別調査の報告価格(予定価格の積算に用いたもの。原本の頁の説明: 施工地域、時期、現場条件が異なる場合、単価が異なる場合がある)。調査依頼: 岐阜国道事務所 工務課 岐国-工-16 資材番号 20。調査区分: (空欄)。材工区分: 資材価格。単価適用地域: (空欄)。報告月: R8.7.13。備考: 建設物価P694。消費税の扱いは原本に記載なし。geo_code は原本の県名欄(調査を依頼した事務所の県)。価格欄: (空欄)
9dd3d304c2de4b5f,JP,material,特別調査（資材単価） 岐阜国道事務所 工務課,ﾌﾟﾚｷｬｽﾄU型水路,B800-H1200-L2000,個,pref,21,岐阜県,岐阜県,岐国-工-16#22,,111000,JPY,special_survey_price,published_pdl,,,2026-07-13,,cbr-tokuchou-shizai-r8-09-gifu,list_r8.09_shizai_岐阜国道.pdf p.23,https://www.cbr.mlit.go.jp/architecture/kensetsugijutsu/unit_price/zip/r08/list_r8.09_shizai_gifu.zip,PDL1.0,,中部地整の事務所が工事ごとに行った特別調査の報告価格(予定価格の積算に用いたもの。原本の頁の説明: 施工地域、時期、現場条件が異なる場合、単価が異なる場合がある)。調査依頼: 岐阜国道事務所 工務課 岐国-工-16 資材番号 22。調査区分: Ａ－①。材工区分: 資材価格。単価適用地域: 岐阜県。報告月: R8.7.13。備考: 現場車上渡し。消費税の扱いは原本に記載なし。geo_code は原本の県名欄(調査を依頼した事務所の県)
058dada9b73ad900,JP,material,特別調査（資材単価） 岐阜国道事務所 工務課,ﾌﾟﾚｷｬｽﾄU型水路,B800-H1300-L2000,個,pref,21,岐阜県,岐阜県,岐国-工-16#23,,124000,JPY,special_survey_price,published_pdl,,,2026-07-13,,cbr-tokuchou-shizai-r8-09-gifu,list_r8.09_shizai_岐阜国道.pdf p.23,https://www.cbr.mlit.go.jp/architecture/kensetsugijutsu/unit_price/zip/r08/list_r8.09_shizai_gifu.zip,PDL1.0,,中部地整の事務所が工事ごとに行った特別調査の報告価格(予定価格の積算に用いたもの。原本の頁の説明: 施工地域、時期、現場条件が異なる場合、単価が異なる場合がある)。調査依頼: 岐阜国道事務所 工務課 岐国-工-16 資材番号 23。調査区分: №22に含む。材工区分: 資材価格。単価適用地域: 岐阜県。報告月: R8.7.13。備考: 現場車上渡し。消費税の扱いは原本に記載なし。geo_code は原本の県名欄(調査を依頼した事務所の県)
f5135c93e75ce5cc,JP,material,特別調査（資材単価） 岐阜国道事務所 工務課,ｺﾝｸﾘｰﾄ蓋,PC4-B800,枚,pref,21,岐阜県,岐阜県,岐国-工-16#24,,23700,JPY,special_survey_price,published_pdl,,,2026-07-13,,cbr-tokuchou-shizai-r8-09-gifu,list_r8.09_shizai_岐阜国道.pdf p.23,https://www.cbr.mlit.go.jp/architecture/kensetsugijutsu/unit_price/zip/r08/list_r8.09_shizai_gifu.zip,PDL1.0,,中部地整の事務所が工事ごとに行った特別調査の報告価格(予定価格の積算に用いたもの。原本の頁の説明: 施工地域、時期、現場条件が異なる場合、単価が異なる場合がある)。調査依頼: 岐阜国道事務所 工務課 岐国-工-16 資材番号 24。調査区分: Ａ－①。材工区分: 資材価格。単価適用地域: 岐阜県。報告月: R8.7.13。備考: 現場車上渡し。消費税の扱いは原本に記載なし。geo_code は原本の県名欄(調査を依頼した事務所の県)
cebb57945a4e042f,JP,material,特別調査（資材単価） 岐阜国道事務所 工務課,ｸﾞﾚｰﾁﾝｸﾞ蓋,車道用 B800 T-25 L=1000,枚,pref,21,岐阜県,管内統一,岐国-工-16#25,,123000,JPY,special_survey_price,published_pdl,,,2026-07-13,,cbr-tokuchou-shizai-r8-09-gifu,list_r8.09_shizai_岐阜国道.pdf p.23,https://www.cbr.mlit.go.jp/architecture/kensetsugijutsu/unit_price/zip/r08/list_r8.09_shizai_gifu.zip,PDL1.0,,中部地整の事務所が工事ごとに行った特別調査の報告価格(予定価格の積算に用いたもの。原本の頁の説明: 施工地域、時期、現場条件が異なる場合、単価が異なる場合がある)。調査依頼: 岐阜国道事務所 工務課 岐国-工-16 資材番号 25。調査区分: Ａ－①。材工区分: 資材価格。単価適用地域: 管内統一。報告月: R8.7.13。備考: 普通目。消費税の扱いは原本に記載なし。geo_code は原本の県名欄(調査を依頼した事務所の県)
ed6c8bb0bd6adc0d,JP,material,特別調査（資材単価） 岐阜国道事務所 工務課,鉄筋ｺﾝｸﾘｰﾄ台付管,D300 L=2000 耐震性高性能ｺﾞﾑｼﾞｮｲﾝﾄ付,個,pref,21,岐阜県,,岐国-工-16#27,,,JPY,special_survey_price,not_set,,,2026-07-13,,cbr-tokuchou-shizai-r8-09-gifu,list_r8.09_shizai_岐阜国道.pdf p.24,https://www.cbr.mlit.go.jp/architecture/kensetsugijutsu/unit_price/zip/r08/list_r8.09_shizai_gifu.zip,PDL1.0,,中部地整の事務所が工事ごとに行った特別調査の報告価格(予定価格の積算に用いたもの。原本の頁の説明: 施工地域、時期、現場条件が異なる場合、単価が異なる場合がある)。調査依頼: 岐阜国道事務所 工務課 岐国-工-16 資材番号 27。調査区分: (空欄)。材工区分: 資材価格。単価適用地域: (空欄)。報告月: R8.7.13。備考: 岐国-管二-05（№17）にあり。消費税の扱いは原本に記載なし。geo_code は原本の県名欄(調査を依頼した事務所の県)。価格欄: (空欄)
e8f652965ec26a55,JP,material,特別調査（資材単価） 岐阜国道事務所 工務課,鉄筋ｺﾝｸﾘｰﾄ台付管,D450 L=2500 耐震性高性能ｺﾞﾑｼﾞｮｲﾝﾄ付,個,pref,21,岐阜県,岐阜県,岐国-工-16#28,,42300,JPY,special_survey_price,published_pdl,,,2026-07-13,,cbr-tokuchou-shizai-r8-09-gifu,list_r8.09_shizai_岐阜国道.pdf p.24,https://www.cbr.mlit.go.jp/architecture/kensetsugijutsu/unit_price/zip/r08/list_r8.09_shizai_gifu.zip,PDL1.0,,中部地整の事務所が工事ごとに行った特別調査の報告価格(予定価格の積算に用いたもの。原本の頁の説明: 施工地域、時期、現場条件が異なる場合、単価が異なる場合がある)。調査依頼: 岐阜国道事務所 工務課 岐国-工-16 資材番号 28。調査区分: Ａ－①。材工区分: 資材価格。単価適用地域: 岐阜県。報告月: R8.7.13。消費税の扱いは原本に記載なし。geo_code は原本の県名欄(調査を依頼した事務所の県)
035cf3dbfc10ad36,JP,material,特別調査（資材単価） 岐阜国道事務所 工務課,鉄筋ｺﾝｸﾘｰﾄ台付管,D600 L=2500 耐震性高性能ｺﾞﾑｼﾞｮｲﾝﾄ付,個,pref,21,岐阜県,,岐国-工-16#29,,,JPY,special_survey_price,not_set,,,2026-07-13,,cbr-tokuchou-shizai-r8-09-gifu,list_r8.09_shizai_岐阜国道.pdf p.24,https://www.cbr.mlit.go.jp/architecture/kensetsugijutsu/unit_price/zip/r08/list_r8.09_shizai_gifu.zip,PDL1.0,,中部地整の事務所が工事ごとに行った特別調査の報告価格(予定価格の積算に用いたもの。原本の頁の説明: 施工地域、時期、現場条件が異なる場合、単価が異なる場合がある)。調査依頼: 岐阜国道事務所 工務課 岐国-工-16 資材番号 29。調査区分: (空欄)。材工区分: 資材価格。単価適用地域: (空欄)。報告月: R8.7.13。備考: 岐国-工-11（№48）にあり。消費税の扱いは原本に記載なし。geo_code は原本の県名欄(調査を依頼した事務所の県)。価格欄: (空欄)
c155881db6920d80,JP,material,特別調査（資材単価） 岐阜国道事務所 工務課,鉄筋ｺﾝｸﾘｰﾄ台付管,D700 L=2500 耐震性ｺﾞﾑｼﾞｮｲﾝﾄ付,個,pref,21,岐阜県,岐阜県,岐国-工-16#30,,72600,JPY,special_survey_price,published_pdl,,,2026-07-13,,cbr-tokuchou-shizai-r8-09-gifu,list_r8.09_shizai_岐阜国道.pdf p.24,https://www.cbr.mlit.go.jp/architecture/kensetsugijutsu/unit_price/zip/r08/list_r8.09_shizai_gifu.zip,PDL1.0,,中部地整の事務所が工事ごとに行った特別調査の報告価格(予定価格の積算に用いたもの。原本の頁の説明: 施工地域、時期、現場条件が異なる場合、単価が異なる場合がある)。調査依頼: 岐阜国道事務所 工務課 岐国-工-16 資材番号 30。調査区分: №28に含む。材工区分: 資材価格。単価適用地域: 岐阜県。報告月: R8.7.13。消費税の扱いは原本に記載なし。geo_code は原本の県名欄(調査を依頼した事務所の県)
4dc1723b051ac176,JP,material,特別調査（資材単価） 岐阜国道事務所 工務課,ｶﾞｰﾄﾞﾚｰﾙ,Gr-Cm-2B(特)白色,m,pref,21,岐阜県,管内統一,岐国-工-16#32,,8530,JPY,special_survey_price,published_pdl,,,2026-07-13,,cbr-tokuchou-shizai-r8-09-gifu,list_r8.09_shizai_岐阜国道.pdf p.24,https://www.cbr.mlit.go.jp/architecture/kensetsugijutsu/unit_price/zip/r08/list_r8.09_shizai_gifu.zip,PDL1.0,,中部地整の事務所が工事ごとに行った特別調査の報告価格(予定価格の積算に用いたもの。原本の頁の説明: 施工地域、時期、現場条件が異なる場合、単価が異なる場合がある)。調査依頼: 岐阜国道事務所 工務課 岐国-工-16 資材番号 32。調査区分: Ａ－①。材工区分: 資材価格。単価適用地域: 管内統一。報告月: R8.7.13。消費税の扱いは原本に記載なし。geo_code は原本の県名欄(調査を依頼した事務所の県)
e0a0083574692c4b,JP,material,特別調査（資材単価） 岐阜国道事務所 工務課,端部ｽﾊﾟﾝｱｯｾﾝﾌﾞﾘｰ,柵高3m,組,pref,21,岐阜県,事務所管内,岐国-工-16#33,,361000,JPY,special_survey_price,published_pdl,,,2026-07-13,,cbr-tokuchou-shizai-r8-09-gifu,list_r8.09_shizai_岐阜国道.pdf p.24,https://www.cbr.mlit.go.jp/architecture/kensetsugijutsu/unit_price/zip/r08/list_r8.09_shizai_gifu.zip,PDL1.0,,中部地整の事務所が工事ごとに行った特別調査の報告価格(予定価格の積算に用いたもの。原本の頁の説明: 施工地域、時期、現場条件が異なる場合、単価が異なる場合がある)。調査依頼: 岐阜国道事務所 工務課 岐国-工-16 資材番号 33。調査区分: Ａ－①。材工区分: 資材価格。単価適用地域: 事務所管内。報告月: R8.7.13。備考: 現場車上渡し。消費税の扱いは原本に記載なし。geo_code は原本の県名欄(調査を依頼した事務所の県)
efacb6f6ab31c947,JP,material,特別調査（資材単価） 岐阜国道事務所 工務課,中間ｽﾊﾟﾝｱｯｾﾝﾌﾞﾘｰ,柵高3m,組,pref,21,岐阜県,事務所管内,岐国-工-16#34,,275000,JPY,special_survey_price,published_pdl,,,2026-07-13,,cbr-tokuchou-shizai-r8-09-gifu,list_r8.09_shizai_岐阜国道.pdf p.24,https://www.cbr.mlit.go.jp/architecture/kensetsugijutsu/unit_price/zip/r08/list_r8.09_shizai_gifu.zip,PDL1.0,,中部地整の事務所が工事ごとに行った特別調査の報告価格(予定価格の積算に用いたもの。原本の頁の説明: 施工地域、時期、現場条件が異なる場合、単価が異なる場合がある)。調査依頼: 岐阜国道事務所 工務課 岐国-工-16 資材番号 34。調査区分: №33に含む。材工区分: 資材価格。単価適用地域: 事務所管内。報告月: R8.7.13。備考: 現場車上渡し。消費税の扱いは原本に記載なし。geo_code は原本の県名欄(調査を依頼した事務所の県)
ccd9ce0c88222c69,JP,material,特別調査（資材単価） 岐阜国道事務所 工務課,ﾛｰﾌﾟﾈｯﾄｽﾊﾟﾝｱｯｾﾝﾌﾞﾘｰ,柵高3m ｽﾊﾟﾝ長10m,組,pref,21,岐阜県,事務所管内,岐国-工-16#35,,325000,JPY,special_survey_price,published_pdl,,,2026-07-13,,cbr-tokuchou-shizai-r8-09-gifu,list_r8.09_shizai_岐阜国道.pdf p.24,https://www.cbr.mlit.go.jp/architecture/kensetsugijutsu/unit_price/zip/r08/list_r8.09_shizai_gifu.zip,PDL1.0,,中部地整の事務所が工事ごとに行った特別調査の報告価格(予定価格の積算に用いたもの。原本の頁の説明: 施工地域、時期、現場条件が異なる場合、単価が異なる場合がある)。調査依頼: 岐阜国道事務所 工務課 岐国-工-16 資材番号 35。調査区分: №33に含む。材工区分: 資材価格。単価適用地域: 事務所管内。報告月: R8.7.13。備考: 現場車上渡し。消費税の扱いは原本に記載なし。geo_code は原本の県名欄(調査を依頼した事務所の県)
df08509c02659353,JP,material,特別調査（資材単価） 岐阜国道事務所 工務課,ﾛｰﾌﾟﾈｯﾄｽﾊﾟﾝｱｯｾﾝﾌﾞﾘｰ,柵高3m ｽﾊﾟﾝ長7m,組,pref,21,岐阜県,事務所管内,岐国-工-16#36,,229000,JPY,special_survey_price,published_pdl,,,2026-07-13,,cbr-tokuchou-shizai-r8-09-gifu,list_r8.09_shizai_岐阜国道.pdf p.24,https://www.cbr.mlit.go.jp/architecture/kensetsugijutsu/unit_price/zip/r08/list_r8.09_shizai_gifu.zip,PDL1.0,,中部地整の事務所が工事ごとに行った特別調査の報告価格(予定価格の積算に用いたもの。原本の頁の説明: 施工地域、時期、現場条件が異なる場合、単価が異なる場合がある)。調査依頼: 岐阜国道事務所 工務課 岐国-工-16 資材番号 36。調査区分: №33に含む。材工区分: 資材価格。単価適用地域: 事務所管内。報告月: R8.7.13。備考: 現場車上渡し。消費税の扱いは原本に記載なし。geo_code は原本の県名欄(調査を依頼した事務所の県)
d7f864ef2e0dddf0,JP,material,特別調査（資材単価） 岐阜国道事務所 工務課,ｱﾝｶｰｽﾊﾟﾝｱｯｾﾝﾌﾞﾘｰ,自穿孔ﾀｲﾌﾟ,組,pref,21,岐阜県,事務所管内,岐国-工-16#37,,39100,JPY,special_survey_price,published_pdl,,,2026-07-13,,cbr-tokuchou-shizai-r8-09-gifu,list_r8.09_shizai_岐阜国道.pdf p.24,https://www.cbr.mlit.go.jp/architecture/kensetsugijutsu/unit_price/zip/r08/list_r8.09_shizai_gifu.zip,PDL1.0,,中部地整の事務所が工事ごとに行った特別調査の報告価格(予定価格の積算に用いたもの。原本の頁の説明: 施工地域、時期、現場条件が異なる場合、単価が異なる場合がある)。調査依頼: 岐阜国道事務所 工務課 岐国-工-16 資材番号 37。調査区分: Ａ－①。材工区分: 資材価格。単価適用地域: 事務所管内。報告月: R8.7.13。備考: 現場車上渡し。消費税の扱いは原本に記載なし。geo_code は原本の県名欄(調査を依頼した事務所の県)
97c200bd685d82af,JP,material,特別調査（資材単価） 岐阜国道事務所 工務課,接着剤,G11Z,kg,pref,21,岐阜県,管内統一,岐国-工-16#45,,3330,JPY,special_survey_price,published_pdl,,,2026-07-13,,cbr-tokuchou-shizai-r8-09-gifu,list_r8.09_shizai_岐阜国道.pdf p.24,https://www.cbr.mlit.go.jp/architecture/kensetsugijutsu/unit_price/zip/r08/list_r8.09_shizai_gifu.zip,PDL1.0,,中部地整の事務所が工事ごとに行った特別調査の報告価格(予定価格の積算に用いたもの。原本の頁の説明: 施工地域、時期、現場条件が異なる場合、単価が異なる場合がある)。調査依頼: 岐阜国道事務所 工務課 岐国-工-16 資材番号 45。調査区分: Ａ－①。材工区分: 資材価格。単価適用地域: 管内統一。報告月: R8.7.13。消費税の扱いは原本に記載なし。geo_code は原本の県名欄(調査を依頼した事務所の県)
ba416bbbdaf5662f,JP,material,特別調査（資材単価） 岐阜国道事務所 工務課,防護工（ｼｰﾄ+板),賃料,m2・月,pref,21,岐阜県,管内統一,岐国-工-18#6_2,,554,JPY,special_survey_price,published_pdl,,,2026-07-28,,cbr-tokuchou-shizai-r8-09-gifu,list_r8.09_shizai_岐阜国道.pdf p.24,https://www.cbr.mlit.go.jp/architecture/kensetsugijutsu/unit_price/zip/r08/list_r8.09_shizai_gifu.zip,PDL1.0,,中部地整の事務所が工事ごとに行った特別調査の報告価格(予定価格の積算に用いたもの。原本の頁の説明: 施工地域、時期、現場条件が異なる場合、単価が異なる場合がある)。調査依頼: 岐阜国道事務所 工務課 岐国-工-18 資材番号 6_2。調査区分: Ａ－①。材工区分: 資材価格。単価適用地域: 管内統一。報告月: R8.7.28。備考: 賃貸業者置場渡し、置場戻し。消費税の扱いは原本に記載なし。geo_code は原本の県名欄(調査を依頼した事務所の県)
45e99455a96fa062,JP,material,特別調査（資材単価） 岐阜国道事務所 工務課,ｺﾝｸﾘｰﾄｶｯﾀｰﾌﾞﾚｰﾄﾞ床版用,14ｲﾝﾁ,枚,pref,21,岐阜県,管内統一,岐国-工-18#8,,131000,JPY,special_survey_price,published_pdl,,,2026-07-28,,cbr-tokuchou-shizai-r8-09-gifu,list_r8.09_shizai_岐阜国道.pdf p.24,https://www.cbr.mlit.go.jp/architecture/kensetsugijutsu/unit_price/zip/r08/list_r8.09_shizai_gifu.zip,PDL1.0,,中部地整の事務所が工事ごとに行った特別調査の報告価格(予定価格の積算に用いたもの。原本の頁の説明: 施工地域、時期、現場条件が異なる場合、単価が異なる場合がある)。調査依頼: 岐阜国道事務所 工務課 岐国-工-18 資材番号 8。調査区分: Ａ－①。材工区分: 資材価格。単価適用地域: 管内統一。報告月: R8.7.28。消費税の扱いは原本に記載なし。geo_code は原本の県名欄(調査を依頼した事務所の県)
3146d00f4ce40abf,JP,material,特別調査（資材単価） 岐阜国道事務所 工務課,ｺﾝｸﾘｰﾄｶｯﾀｰﾌﾞﾚｰﾄﾞ床版用,22ｲﾝﾁ,枚,pref,21,岐阜県,管内統一,岐国-工-18#9,,201000,JPY,special_survey_price,published_pdl,,,2026-07-28,,cbr-tokuchou-shizai-r8-09-gifu,list_r8.09_shizai_岐阜国道.pdf p.24,https://www.cbr.mlit.go.jp/architecture/kensetsugijutsu/unit_price/zip/r08/list_r8.09_shizai_gifu.zip,PDL1.0,,中部地整の事務所が工事ごとに行った特別調査の報告価格(予定価格の積算に用いたもの。原本の頁の説明: 施工地域、時期、現場条件が異なる場合、単価が異なる場合がある)。調査依頼: 岐阜国道事務所 工務課 岐国-工-18 資材番号 9。調査区分: №8に含む。材工区分: 資材価格。単価適用地域: 管内統一。報告月: R8.7.28。消費税の扱いは原本に記載なし。geo_code は原本の県名欄(調査を依頼した事務所の県)
e26fc588dded0628,JP,material,特別調査（資材単価） 岐阜国道事務所 工務課,ｺﾝｸﾘｰﾄｶｯﾀｰﾌﾞﾚｰﾄﾞ床版用,30ｲﾝﾁ,枚,pref,21,岐阜県,管内統一,岐国-工-18#10,,304000,JPY,special_survey_price,published_pdl,,,2026-07-28,,cbr-tokuchou-shizai-r8-09-gifu,list_r8.09_shizai_岐阜国道.pdf p.24,https://www.cbr.mlit.go.jp/architecture/kensetsugijutsu/unit_price/zip/r08/list_r8.09_shizai_gifu.zip,PDL1.0,,中部地整の事務所が工事ごとに行った特別調査の報告価格(予定価格の積算に用いたもの。原本の頁の説明: 施工地域、時期、現場条件が異なる場合、単価が異なる場合がある)。調査依頼: 岐阜国道事務所 工務課 岐国-工-18 資材番号 10。調査区分: №8に含む。材工区分: 資材価格。単価適用地域: 管内統一。報告月: R8.7.28。消費税の扱いは原本に記載なし。geo_code は原本の県名欄(調査を依頼した事務所の県)
f7e458479ec97f9f,JP,material,特別調査（資材単価） 岐阜国道事務所 工務課,ﾀﾞｲﾔﾓﾝﾄﾞﾜｲﾔｰ,湿式,m,pref,21,岐阜県,,岐国-工-18#11,,,JPY,special_survey_price,not_set,,,2026-07-28,,cbr-tokuchou-shizai-r8-09-gifu,list_r8.09_shizai_岐阜国道.pdf p.24,https://www.cbr.mlit.go.jp/architecture/kensetsugijutsu/unit_price/zip/r08/list_r8.09_shizai_gifu.zip,PDL1.0,,中部地整の事務所が工事ごとに行った特別調査の報告価格(予定価格の積算に用いたもの。原本の頁の説明: 施工地域、時期、現場条件が異なる場合、単価が異なる場合がある)。調査依頼: 岐阜国道事務所 工務課 岐国-工-18 資材番号 11。調査区分: (空欄)。材工区分: 資材価格。単価適用地域: (空欄)。報告月: R8.7.28。備考: 岐国-工-13（№16）にあり。消費税の扱いは原本に記載なし。geo_code は原本の県名欄(調査を依頼した事務所の県)。価格欄: (空欄)
4339e3c7e2e6212f,JP,material,特別調査（資材単価） 岐阜国道事務所 工務課,U型ｶﾙﾊﾞｰﾄ,車道用 800×900×2000 低炭素型ｺﾝｸﾘｰﾄ製品,個,pref,21,岐阜県,岐阜県,岐国-工-20#1,,89900,JPY,special_survey_price,published_pdl,,,2026-08-17,,cbr-tokuchou-shizai-r8-09-gifu,list_r8.09_shizai_岐阜国道.pdf p.24,https://www.cbr.mlit.go.jp/architecture/kensetsugijutsu/unit_price/zip/r08/list_r8.09_shizai_gifu.zip,PDL1.0,,中部地整の事務所が工事ごとに行った特別調査の報告価格(予定価格の積算に用いたもの。原本の頁の説明: 施工地域、時期、現場条件が異なる場合、単価が異なる場合がある)。調査依頼: 岐阜国道事務所 工務課 岐国-工-20 資材番号 1。調査区分: Ａ－①。材工区分: 資材価格。単価適用地域: 岐阜県。報告月: R8.8.17。備考: 現場車上渡し。消費税の扱いは原本に記載なし。geo_code は原本の県名欄(調査を依頼した事務所の県)
9d9d271c18a17227,JP,material,特別調査（資材単価） 岐阜国道事務所 工務課,側溝蓋(PC4-B800),低炭素型ｺﾝｸﾘｰﾄ製品,枚,pref,21,岐阜県,岐阜県,岐国-工-20#2,,23700,JPY,special_survey_price,published_pdl,,,2026-08-17,,cbr-tokuchou-shizai-r8-09-gifu,list_r8.09_shizai_岐阜国道.pdf p.25,https://www.cbr.mlit.go.jp/architecture/kensetsugijutsu/unit_price/zip/r08/list_r8.09_shizai_gifu.zip,PDL1.0,,中部地整の事務所が工事ごとに行った特別調査の報告価格(予定価格の積算に用いたもの。原本の頁の説明: 施工地域、時期、現場条件が異なる場合、単価が異なる場合がある)。調査依頼: 岐阜国道事務所 工務課 岐国-工-20 資材番号 2。調査区分: Ａ－①。材工区分: 資材価格。単価適用地域: 岐阜県。報告月: R8.8.17。備考: 現場車上渡し。消費税の扱いは原本に記載なし。geo_code は原本の県名欄(調査を依頼した事務所の県)
d5f0f5caa01c483c,JP,material,特別調査（資材単価） 岐阜国道事務所 工務課,集水桝蓋(ｸﾞﾚｰﾁﾝｸﾞ),1000×1000 T-25(衝撃係数1方向),組,pref,21,岐阜県,工事限定,岐国-工-20#3,,150000,JPY,special_survey_price,published_pdl,,,2026-08-17,,cbr-tokuchou-shizai-r8-09-gifu,list_r8.09_shizai_岐阜国道.pdf p.25,https://www.cbr.mlit.go.jp/architecture/kensetsugijutsu/unit_price/zip/r08/list_r8.09_shizai_gifu.zip,PDL1.0,,中部地整の事務所が工事ごとに行った特別調査の報告価格(予定価格の積算に用いたもの。原本の頁の説明: 施工地域、時期、現場条件が異なる場合、単価が異なる場合がある)。調査依頼: 岐阜国道事務所 工務課 岐国-工-20 資材番号 3。調査区分: Ａ－①。材工区分: 資材価格。単価適用地域: 工事限定。報告月: R8.8.17。備考: 普通目。消費税の扱いは原本に記載なし。geo_code は原本の県名欄(調査を依頼した事務所の県)
8a452f726b3ffdea,JP,material,特別調査（資材単価） 岐阜国道事務所 工務課,鋼板,SPA-H t=4.5,t,pref,21,岐阜県,工事限定,岐国-工-25#1,,419000,JPY,special_survey_price,published_pdl,,,2026-08-27,,cbr-tokuchou-shizai-r8-09-gifu,list_r8.09_shizai_岐阜国道.pdf p.25,https://www.cbr.mlit.go.jp/architecture/kensetsugijutsu/unit_price/zip/r08/list_r8.09_shizai_gifu.zip,PDL1.0,,中部地整の事務所が工事ごとに行った特別調査の報告価格(予定価格の積算に用いたもの。原本の頁の説明: 施工地域、時期、現場条件が異なる場合、単価が異なる場合がある)。調査依頼: 岐阜国道事務所 工務課 岐国-工-25 資材番号 1。調査区分: Ａ－①。材工区分: 資材価格。単価適用地域: 工事限定。報告月: R8.8.27。備考: 現場車上渡し。消費税の扱いは原本に記載なし。geo_code は原本の県名欄(調査を依頼した事務所の県)
3b51a38373af5afb,JP,material,特別調査（資材単価） 岐阜国道事務所 工務課,鋼板,SPA-H t=3.2,t,pref,21,岐阜県,工事限定,岐国-工-25#2,,419000,JPY,special_survey_price,published_pdl,,,2026-08-27,,cbr-tokuchou-shizai-r8-09-gifu,list_r8.09_shizai_岐阜国道.pdf p.25,https://www.cbr.mlit.go.jp/architecture/kensetsugijutsu/unit_price/zip/r08/list_r8.09_shizai_gifu.zip,PDL1.0,,中部地整の事務所が工事ごとに行った特別調査の報告価格(予定価格の積算に用いたもの。原本の頁の説明: 施工地域、時期、現場条件が異なる場合、単価が異なる場合がある)。調査依頼: 岐阜国道事務所 工務課 岐国-工-25 資材番号 2。調査区分: №1に含む。材工区分: 資材価格。単価適用地域: 工事限定。報告月: R8.8.27。備考: 現場車上渡し。消費税の扱いは原本に記載なし。geo_code は原本の県名欄(調査を依頼した事務所の県)
e897448553b1a58e,JP,material,特別調査（資材単価） 岐阜国道事務所 工務課,等辺山形鋼(SMA400AW),10×100×100,t,pref,21,岐阜県,工事限定,岐国-工-25#3,,168000,JPY,special_survey_price,published_pdl,,,2026-08-27,,cbr-tokuchou-shizai-r8-09-gifu,list_r8.09_shizai_岐阜国道.pdf p.25,https://www.cbr.mlit.go.jp/architecture/kensetsugijutsu/unit_price/zip/r08/list_r8.09_shizai_gifu.zip,PDL1.0,,中部地整の事務所が工事ごとに行った特別調査の報告価格(予定価格の積算に用いたもの。原本の頁の説明: 施工地域、時期、現場条件が異なる場合、単価が異なる場合がある)。調査依頼: 岐阜国道事務所 工務課 岐国-工-25 資材番号 3。調査区分: Ａ－①。材工区分: 資材価格。単価適用地域: 工事限定。報告月: R8.8.27。備考: 現場車上渡し。消費税の扱いは原本に記載なし。geo_code は原本の県名欄(調査を依頼した事務所の県)
722d1e5d0ec2a688,JP,material,特別調査（資材単価） 岐阜国道事務所 工務課,等辺山形鋼(SMA400AW),9×75×75,t,pref,21,岐阜県,工事限定,岐国-工-25#4,,153000,JPY,special_survey_price,published_pdl,,,2026-08-27,,cbr-tokuchou-shizai-r8-09-gifu,list_r8.09_shizai_岐阜国道.pdf p.25,https://www.cbr.mlit.go.jp/architecture/kensetsugijutsu/unit_price/zip/r08/list_r8.09_shizai_gifu.zip,PDL1.0,,中部地整の事務所が工事ごとに行った特別調査の報告価格(予定価格の積算に用いたもの。原本の頁の説明: 施工地域、時期、現場条件が異なる場合、単価が異なる場合がある)。調査依頼: 岐阜国道事務所 工務課 岐国-工-25 資材番号 4。調査区分: №3に含む。材工区分: 資材価格。単価適用地域: 工事限定。報告月: R8.8.27。備考: 現場車上渡し。消費税の扱いは原本に記載なし。geo_code は原本の県名欄(調査を依頼した事務所の県)
7775e221e26b54b0,JP,material,特別調査（資材単価） 岐阜国道事務所 工務課,構造用丸鋼(SS400),径22,t,pref,21,岐阜県,,岐国-工-25#5,,,JPY,special_survey_price,not_set,,,2026-08-27,,cbr-tokuchou-shizai-r8-09-gifu,list_r8.09_shizai_岐阜国道.pdf p.25,https://www.cbr.mlit.go.jp/architecture/kensetsugijutsu/unit_price/zip/r08/list_r8.09_shizai_gifu.zip,PDL1.0,,中部地整の事務所が工事ごとに行った特別調査の報告価格(予定価格の積算に用いたもの。原本の頁の説明: 施工地域、時期、現場条件が異なる場合、単価が異なる場合がある)。調査依頼: 岐阜国道事務所 工務課 岐国-工-25 資材番号 5。調査区分: (空欄)。材工区分: 資材価格。単価適用地域: (空欄)。報告月: R8.8.27。備考: 岐国-工-02(No.1)にあり。消費税の扱いは原本に記載なし。geo_code は原本の県名欄(調査を依頼した事務所の県)。価格欄: (空欄)
77901a67dd7b459e,JP,material,特別調査（資材単価） 岐阜国道事務所 工務課,ゆるみ止めﾅｯﾄ,SS400 M16 無塗装,個,pref,21,岐阜県,,岐国-工-25#6,,,JPY,special_survey_price,not_set,,,2026-08-27,,cbr-tokuchou-shizai-r8-09-gifu,list_r8.09_shizai_岐阜国道.pdf p.25,https://www.cbr.mlit.go.jp/architecture/kensetsugijutsu/unit_price/zip/r08/list_r8.09_shizai_gifu.zip,PDL1.0,,中部地整の事務所が工事ごとに行った特別調査の報告価格(予定価格の積算に用いたもの。原本の頁の説明: 施工地域、時期、現場条件が異なる場合、単価が異なる場合がある)。調査依頼: 岐阜国道事務所 工務課 岐国-工-25 資材番号 6。調査区分: (空欄)。材工区分: 資材価格。単価適用地域: (空欄)。報告月: R8.8.27。備考: 岐国-工-02(No.2)にあり。消費税の扱いは原本に記載なし。geo_code は原本の県名欄(調査を依頼した事務所の県)。価格欄: (空欄)
db886dac535ab21a,JP,material,特別調査（資材単価） 岐阜国道事務所 工務課,ゆるみ止めﾅｯﾄ,SS400 M10 無塗装,個,pref,21,岐阜県,,岐国-工-25#8,,,JPY,special_survey_price,not_set,,,2026-08-27,,cbr-tokuchou-shizai-r8-09-gifu,list_r8.09_shizai_岐阜国道.pdf p.25,https://www.cbr.mlit.go.jp/architecture/kensetsugijutsu/unit_price/zip/r08/list_r8.09_shizai_gifu.zip,PDL1.0,,中部地整の事務所が工事ごとに行った特別調査の報告価格(予定価格の積算に用いたもの。原本の頁の説明: 施工地域、時期、現場条件が異なる場合、単価が異なる場合がある)。調査依頼: 岐阜国道事務所 工務課 岐国-工-25 資材番号 8。調査区分: (空欄)。材工区分: 資材価格。単価適用地域: (空欄)。報告月: R8.8.27。備考: 岐国-工-19(No.11)にあり。消費税の扱いは原本に記載なし。geo_code は原本の県名欄(調査を依頼した事務所の県)。価格欄: (空欄)
e3684020d9ada4ac,JP,material,特別調査（資材単価） 岐阜国道事務所 工務課,ﾃｰﾊﾟｰ座金,SS400 M10 黒皮,枚,pref,21,岐阜県,,岐国-工-25#9,,,JPY,special_survey_price,not_set,,,2026-08-27,,cbr-tokuchou-shizai-r8-09-gifu,list_r8.09_shizai_岐阜国道.pdf p.25,https://www.cbr.mlit.go.jp/architecture/kensetsugijutsu/unit_price/zip/r08/list_r8.09_shizai_gifu.zip,PDL1.0,,中部地整の事務所が工事ごとに行った特別調査の報告価格(予定価格の積算に用いたもの。原本の頁の説明: 施工地域、時期、現場条件が異なる場合、単価が異なる場合がある)。調査依頼: 岐阜国道事務所 工務課 岐国-工-25 資材番号 9。調査区分: (空欄)。材工区分: 資材価格。単価適用地域: (空欄)。報告月: R8.8.27。備考: 岐国-工-19(No.12)にあり。消費税の扱いは原本に記載なし。geo_code は原本の県名欄(調査を依頼した事務所の県)。価格欄: (空欄)
8f9fbf7e566e4be8,JP,material,特別調査（資材単価） 岐阜国道事務所 工務課,Uﾎﾞﾙﾄ,SS400 M10(32C)NUT(1種･3種)含む(各2個) 黒皮,組,pref,21,岐阜県,,岐国-工-25#10,,,JPY,special_survey_price,not_set,,,2026-08-27,,cbr-tokuchou-shizai-r8-09-gifu,list_r8.09_shizai_岐阜国道.pdf p.25,https://www.cbr.mlit.go.jp/architecture/kensetsugijutsu/unit_price/zip/r08/list_r8.09_shizai_gifu.zip,PDL1.0,,中部地整の事務所が工事ごとに行った特別調査の報告価格(予定価格の積算に用いたもの。原本の頁の説明: 施工地域、時期、現場条件が異なる場合、単価が異なる場合がある)。調査依頼: 岐阜国道事務所 工務課 岐国-工-25 資材番号 10。調査区分: (空欄)。材工区分: 資材価格。単価適用地域: (空欄)。報告月: R8.8.27。備考: 岐国-工-19(No.13)にあり。消費税の扱いは原本に記載なし。geo_code は原本の県名欄(調査を依頼した事務所の県)。価格欄: (空欄)
76efb3bd180006f7,JP,material,特別調査（資材単価） 岐阜国道事務所 工務課,Uﾎﾞﾙﾄ,SS400 M10(25C)NUT(1種･3種)含む(各2個) 黒皮,組,pref,21,岐阜県,,岐国-工-25#11,,,JPY,special_survey_price,not_set,,,2026-08-27,,cbr-tokuchou-shizai-r8-09-gifu,list_r8.09_shizai_岐阜国道.pdf p.25,https://www.cbr.mlit.go.jp/architecture/kensetsugijutsu/unit_price/zip/r08/list_r8.09_shizai_gifu.zip,PDL1.0,,中部地整の事務所が工事ごとに行った特別調査の報告価格(予定価格の積算に用いたもの。原本の頁の説明: 施工地域、時期、現場条件が異なる場合、単価が異なる場合がある)。調査依頼: 岐阜国道事務所 工務課 岐国-工-25 資材番号 11。調査区分: (空欄)。材工区分: 資材価格。単価適用地域: (空欄)。報告月: R8.8.27。備考: 岐国-工-19(No.15)にあり。消費税の扱いは原本に記載なし。geo_code は原本の県名欄(調査を依頼した事務所の県)。価格欄: (空欄)
a9d0afe759cf09df,JP,material,特別調査（資材単価） 岐阜国道事務所 工務課,Uﾎﾞﾙﾄ,SS400 M10(15C)NUT(1種･3種)含む(各2個) 黒皮,組,pref,21,岐阜県,,岐国-工-25#12,,,JPY,special_survey_price,not_set,,,2026-08-27,,cbr-tokuchou-shizai-r8-09-gifu,list_r8.09_shizai_岐阜国道.pdf p.25,https://www.cbr.mlit.go.jp/architecture/kensetsugijutsu/unit_price/zip/r08/list_r8.09_shizai_gifu.zip,PDL1.0,,中部地整の事務所が工事ごとに行った特別調査の報告価格(予定価格の積算に用いたもの。原本の頁の説明: 施工地域、時期、現場条件が異なる場合、単価が異なる場合がある)。調査依頼: 岐阜国道事務所 工務課 岐国-工-25 資材番号 12。調査区分: (空欄)。材工区分: 資材価格。単価適用地域: (空欄)。報告月: R8.8.27。備考: 岐国-工-19(No.16)にあり。消費税の扱いは原本に記載なし。geo_code は原本の県名欄(調査を依頼した事務所の県)。価格欄: (空欄)
dabd2056297adc8f,JP,material,特別調査（資材単価） 岐阜国道事務所 工務課,固定ｺﾞﾑ支承,Rmax=868kN(A1),個,pref,21,岐阜県,管内統一,岐国-工-25#13,,1120000,JPY,special_survey_price,published_pdl,,,2026-08-27,,cbr-tokuchou-shizai-r8-09-gifu,list_r8.09_shizai_岐阜国道.pdf p.25,https://www.cbr.mlit.go.jp/architecture/kensetsugijutsu/unit_price/zip/r08/list_r8.09_shizai_gifu.zip,PDL1.0,,中部地整の事務所が工事ごとに行った特別調査の報告価格(予定価格の積算に用いたもの。原本の頁の説明: 施工地域、時期、現場条件が異なる場合、単価が異なる場合がある)。調査依頼: 岐阜国道事務所 工務課 岐国-工-25 資材番号 13。調査区分: Ａ－①。材工区分: 資材価格。単価適用地域: 管内統一。報告月: R8.8.27。備考: 現場車上渡し。消費税の扱いは原本に記載なし。geo_code は原本の県名欄(調査を依頼した事務所の県)
71b08d044eca5629,JP,material,特別調査（資材単価） 岐阜国道事務所 工務課,可動ｺﾞﾑ支承,Rmax=842kN(A2),個,pref,21,岐阜県,管内統一,岐国-工-25#14,,1020000,JPY,special_survey_price,published_pdl,,,2026-08-27,,cbr-tokuchou-shizai-r8-09-gifu,list_r8.09_shizai_岐阜国道.pdf p.25,https://www.cbr.mlit.go.jp/architecture/kensetsugijutsu/unit_price/zip/r08/list_r8.09_shizai_gifu.zip,PDL1.0,,中部地整の事務所が工事ごとに行った特別調査の報告価格(予定価格の積算に用いたもの。原本の頁の説明: 施工地域、時期、現場条件が異なる場合、単価が異なる場合がある)。調査依頼: 岐阜国道事務所 工務課 岐国-工-25 資材番号 14。調査区分: Ａ－①。材工区分: 資材価格。単価適用地域: 管内統一。報告月: R8.8.27。備考: 現場車上渡し。消費税の扱いは原本に記載なし。geo_code は原本の県名欄(調査を依頼した事務所の県)
cb003132403538a2,JP,material,特別調査（資材単価） 岐阜国道事務所 工務課,硬質塩化ﾋﾞﾆﾙ管(直管),VP200A ｽﾘｰﾌﾞ付,m,pref,21,岐阜県,,岐国-工-25#16,,,JPY,special_survey_price,not_set,,,2026-08-27,,cbr-tokuchou-shizai-r8-09-gifu,list_r8.09_shizai_岐阜国道.pdf p.25,https://www.cbr.mlit.go.jp/architecture/kensetsugijutsu/unit_price/zip/r08/list_r8.09_shizai_gifu.zip,PDL1.0,,中部地整の事務所が工事ごとに行った特別調査の報告価格(予定価格の積算に用いたもの。原本の頁の説明: 施工地域、時期、現場条件が異なる場合、単価が異なる場合がある)。調査依頼: 岐阜国道事務所 工務課 岐国-工-25 資材番号 16。調査区分: (空欄)。材工区分: 資材価格。単価適用地域: (空欄)。報告月: R8.8.27。備考: 岐国-工-19（No.37）にあり。消費税の扱いは原本に記載なし。geo_code は原本の県名欄(調査を依頼した事務所の県)。価格欄: (空欄)
f71b5dd19d426cff,JP,material,特別調査（資材単価） 岐阜国道事務所 工務課,硬質塩化ﾋﾞﾆﾙ管(加工管),VP200A R1 VP25A×120,個,pref,21,岐阜県,管内統一,岐国-工-25#17,,135000,JPY,special_survey_price,published_pdl,,,2026-08-27,,cbr-tokuchou-shizai-r8-09-gifu,list_r8.09_shizai_岐阜国道.pdf p.26,https://www.cbr.mlit.go.jp/architecture/kensetsugijutsu/unit_price/zip/r08/list_r8.09_shizai_gifu.zip,PDL1.0,,中部地整の事務所が工事ごとに行った特別調査の報告価格(予定価格の積算に用いたもの。原本の頁の説明: 施工地域、時期、現場条件が異なる場合、単価が異なる場合がある)。調査依頼: 岐阜国道事務所 工務課 岐国-工-25 資材番号 17。調査区分: Ａ－①。材工区分: 資材価格。単価適用地域: 管内統一。報告月: R8.8.27。備考: 現場車上渡し。消費税の扱いは原本に記載なし。geo_code は原本の県名欄(調査を依頼した事務所の県)
cd62a2e72786d1f0,JP,material,特別調査（資材単価） 岐阜国道事務所 工務課,硬質塩化ﾋﾞﾆﾙ管(加工管),VP200A T1,個,pref,21,岐阜県,管内統一,岐国-工-25#18,,177000,JPY,special_survey_price,published_pdl,,,2026-08-27,,cbr-tokuchou-shizai-r8-09-gifu,list_r8.09_shizai_岐阜国道.pdf p.26,https://www.cbr.mlit.go.jp/architecture/kensetsugijutsu/unit_price/zip/r08/list_r8.09_shizai_gifu.zip,PDL1.0,,中部地整の事務所が工事ごとに行った特別調査の報告価格(予定価格の積算に用いたもの。原本の頁の説明: 施工地域、時期、現場条件が異なる場合、単価が異なる場合がある)。調査依頼: 岐阜国道事務所 工務課 岐国-工-25 資材番号 18。調査区分: №17に含む。材工区分: 資材価格。単価適用地域: 管内統一。報告月: R8.8.27。備考: 現場車上渡し。消費税の扱いは原本に記載なし。geo_code は原本の県名欄(調査を依頼した事務所の県)
21b2808bfbee24ed,JP,material,特別調査（資材単価） 岐阜国道事務所 工務課,硬質塩化ﾋﾞﾆﾙ管(加工管),VP200A Y1 VP25A×120,個,pref,21,岐阜県,管内統一,岐国-工-25#19,,192000,JPY,special_survey_price,published_pdl,,,2026-08-27,,cbr-tokuchou-shizai-r8-09-gifu,list_r8.09_shizai_岐阜国道.pdf p.26,https://www.cbr.mlit.go.jp/architecture/kensetsugijutsu/unit_price/zip/r08/list_r8.09_shizai_gifu.zip,PDL1.0,,中部地整の事務所が工事ごとに行った特別調査の報告価格(予定価格の積算に用いたもの。原本の頁の説明: 施工地域、時期、現場条件が異なる場合、単価が異なる場合がある)。調査依頼: 岐阜国道事務所 工務課 岐国-工-25 資材番号 19。調査区分: №17に含む。材工区分: 資材価格。単価適用地域: 管内統一。報告月: R8.8.27。備考: 現場車上渡し。消費税の扱いは原本に記載なし。geo_code は原本の県名欄(調査を依頼した事務所の県)
642cc43aec5b4508,JP,material,特別調査（資材単価） 岐阜国道事務所 工務課,硬質塩化ﾋﾞﾆﾙ管(直管),VP25A,m,pref,21,岐阜県,,岐国-工-25#20,,,JPY,special_survey_price,not_set,,,2026-08-27,,cbr-tokuchou-shizai-r8-09-gifu,list_r8.09_shizai_岐阜国道.pdf p.26,https://www.cbr.mlit.go.jp/architecture/kensetsugijutsu/unit_price/zip/r08/list_r8.09_shizai_gifu.zip,PDL1.0,,中部地整の事務所が工事ごとに行った特別調査の報告価格(予定価格の積算に用いたもの。原本の頁の説明: 施工地域、時期、現場条件が異なる場合、単価が異なる場合がある)。調査依頼: 岐阜国道事務所 工務課 岐国-工-25 資材番号 20。調査区分: (空欄)。材工区分: 資材価格。単価適用地域: (空欄)。報告月: R8.8.27。備考: 岐国-工-19（No.44）にあり。消費税の扱いは原本に記載なし。geo_code は原本の県名欄(調査を依頼した事務所の県)。価格欄: (空欄)
935e03eb1a684e37,JP,material,特別調査（資材単価） 岐阜国道事務所 工務課,硬質塩化ﾋﾞﾆﾙ管(加工管),VP200A L1,個,pref,21,岐阜県,管内統一,岐国-工-25#21,,103000,JPY,special_survey_price,published_pdl,,,2026-08-27,,cbr-tokuchou-shizai-r8-09-gifu,list_r8.09_shizai_岐阜国道.pdf p.26,https://www.cbr.mlit.go.jp/architecture/kensetsugijutsu/unit_price/zip/r08/list_r8.09_shizai_gifu.zip,PDL1.0,,中部地整の事務所が工事ごとに行った特別調査の報告価格(予定価格の積算に用いたもの。原本の頁の説明: 施工地域、時期、現場条件が異なる場合、単価が異なる場合がある)。調査依頼: 岐阜国道事務所 工務課 岐国-工-25 資材番号 21。調査区分: №17に含む。材工区分: 資材価格。単価適用地域: 管内統一。報告月: R8.8.27。備考: 現場車上渡し。消費税の扱いは原本に記載なし。geo_code は原本の県名欄(調査を依頼した事務所の県)
90bf1f16a1f4db1c,JP,material,特別調査（資材単価） 岐阜国道事務所 工務課,横断暗渠,300A L=1000,m,pref,21,岐阜県,岐阜県,岐国-工-31#2,,24700,JPY,special_survey_price,published_pdl,,,2026-09-04,,cbr-tokuchou-shizai-r8-09-gifu,list_r8.09_shizai_岐阜国道.pdf p.26,https://www.cbr.mlit.go.jp/architecture/kensetsugijutsu/unit_price/zip/r08/list_r8.09_shizai_gifu.zip,PDL1.0,,中部地整の事務所が工事ごとに行った特別調査の報告価格(予定価格の積算に用いたもの。原本の頁の説明: 施工地域、時期、現場条件が異なる場合、単価が異なる場合がある)。調査依頼: 岐阜国道事務所 工務課 岐国-工-31 資材番号 2。調査区分: Ａ－①。材工区分: 資材価格。単価適用地域: 岐阜県。報告月: R8.9.4。消費税の扱いは原本に記載なし。geo_code は原本の県名欄(調査を依頼した事務所の県)
2172ae92a9c506eb,JP,material,特別調査（資材単価） 木曽川上流河川事務所 河川公園課,ﾌｪﾝｽ,"H=1000,可動式(ﾍﾞｰｽﾌﾟﾚｰﾄ付)",m,pref,21,岐阜県,管内統一,木曽上-公園-01#4,,10900,JPY,special_survey_price,published_pdl,,,2026-06-23,,cbr-tokuchou-shizai-r8-09-gifu,list_r8.09_shizai_木曽川上流河川.pdf p.1,https://www.cbr.mlit.go.jp/architecture/kensetsugijutsu/unit_price/zip/r08/list_r8.09_shizai_gifu.zip,PDL1.0,,中部地整の事務所が工事ごとに行った特別調査の報告価格(予定価格の積算に用いたもの。原本の頁の説明: 施工地域、時期、現場条件が異なる場合、単価が異なる場合がある)。調査依頼: 木曽川上流河川事務所 河川公園課 木曽上-公園-01 資材番号 4。調査区分: Ａ－①。材工区分: 資材価格。単価適用地域: 管内統一。報告月: R8.6.23。備考: アンカーボルト含む。消費税の扱いは原本に記載なし。geo_code は原本の県名欄(調査を依頼した事務所の県)
973e80341b23de4f,JP,material,特別調査（資材単価） 木曽川上流河川事務所 河川公園課,ﾌｪﾝｽ,"H=1500,可動式(ﾍﾞｰｽﾌﾟﾚｰﾄ付)",m,pref,21,岐阜県,管内統一,木曽上-公園-01#5,,14300,JPY,special_survey_price,published_pdl,,,2026-06-23,,cbr-tokuchou-shizai-r8-09-gifu,list_r8.09_shizai_木曽川上流河川.pdf p.1,https://www.cbr.mlit.go.jp/architecture/kensetsugijutsu/unit_price/zip/r08/list_r8.09_shizai_gifu.zip,PDL1.0,,中部地整の事務所が工事ごとに行った特別調査の報告価格(予定価格の積算に用いたもの。原本の頁の説明: 施工地域、時期、現場条件が異なる場合、単価が異なる場合がある)。調査依頼: 木曽川上流河川事務所 河川公園課 木曽上-公園-01 資材番号 5。調査区分: 〃(上の行と同じ: Ａ－①)。材工区分: 資材価格。単価適用地域: 管内統一。報告月: R8.6.23。備考: アンカーボルト含む。消費税の扱いは原本に記載なし。geo_code は原本の県名欄(調査を依頼した事務所の県)
768c7b06059aec0e,JP,material,特別調査（資材単価） 木曽川上流河川事務所 河川公園課,連節ﾌﾞﾛｯｸ,標準ﾀｲﾌﾟ(基本型) 950×950×250,m2,pref,21,岐阜県,管内統一,木曽上-公園-01#6,,17500,JPY,special_survey_price,published_pdl,,,2026-06-23,,cbr-tokuchou-shizai-r8-09-gifu,list_r8.09_shizai_木曽川上流河川.pdf p.1,https://www.cbr.mlit.go.jp/architecture/kensetsugijutsu/unit_price/zip/r08/list_r8.09_shizai_gifu.zip,PDL1.0,,中部地整の事務所が工事ごとに行った特別調査の報告価格(予定価格の積算に用いたもの。原本の頁の説明: 施工地域、時期、現場条件が異なる場合、単価が異なる場合がある)。調査依頼: 木曽川上流河川事務所 河川公園課 木曽上-公園-01 資材番号 6。調査区分: Ａ－①。材工区分: 資材価格。単価適用地域: 管内統一。報告月: R8.6.23。備考: 水密タイプシャックル含まず参考質量384ｋｇ/個。消費税の扱いは原本に記載なし。geo_code は原本の県名欄(調査を依頼した事務所の県)
0844415cffbad491,JP,material,特別調査（資材単価） 木曽川上流河川事務所 河川公園課,連節ﾌﾞﾛｯｸ,標準ﾀｲﾌﾟ(半丁型) 498×998×250,m2,pref,21,岐阜県,管内統一,木曽上-公園-01#7,,24500,JPY,special_survey_price,published_pdl,,,2026-06-23,,cbr-tokuchou-shizai-r8-09-gifu,list_r8.09_shizai_木曽川上流河川.pdf p.1,https://www.cbr.mlit.go.jp/architecture/kensetsugijutsu/unit_price/zip/r08/list_r8.09_shizai_gifu.zip,PDL1.0,,中部地整の事務所が工事ごとに行った特別調査の報告価格(予定価格の積算に用いたもの。原本の頁の説明: 施工地域、時期、現場条件が異なる場合、単価が異なる場合がある)。調査依頼: 木曽川上流河川事務所 河川公園課 木曽上-公園-01 資材番号 7。調査区分: 〃(上の行と同じ: Ａ－①)。材工区分: 資材価格。単価適用地域: 管内統一。報告月: R8.6.23。備考: 水密タイプシャックル含まず参考質量187ｋｇ/個。消費税の扱いは原本に記載なし。geo_code は原本の県名欄(調査を依頼した事務所の県)
5c22e87ce0f35ad8,JP,material,特別調査（資材単価） 木曽川上流河川事務所 河川公園課,連節ﾌﾞﾛｯｸ,階段ﾀｲﾌﾟ 998×998×120,m2,pref,21,岐阜県,管内統一,木曽上-公園-01#8,,20000,JPY,special_survey_price,published_pdl,,,2026-06-23,,cbr-tokuchou-shizai-r8-09-gifu,list_r8.09_shizai_木曽川上流河川.pdf p.1,https://www.cbr.mlit.go.jp/architecture/kensetsugijutsu/unit_price/zip/r08/list_r8.09_shizai_gifu.zip,PDL1.0,,中部地整の事務所が工事ごとに行った特別調査の報告価格(予定価格の積算に用いたもの。原本の頁の説明: 施工地域、時期、現場条件が異なる場合、単価が異なる場合がある)。調査依頼: 木曽川上流河川事務所 河川公園課 木曽上-公園-01 資材番号 8。調査区分: 〃(上の行と同じ: Ａ－①)。材工区分: 資材価格。単価適用地域: 管内統一。報告月: R8.6.23。備考: 水密タイプシャックル含まず参考質量431ｋｇ/個。消費税の扱いは原本に記載なし。geo_code は原本の県名欄(調査を依頼した事務所の県)
8dde1c8c0876b57e,JP,material,特別調査（資材単価） 木曽川上流河川事務所 河川公園課,ﾎﾟﾘｴﾁﾚﾝ管,直管 PP250,m,pref,21,岐阜県,管内統一,木曽上-公園-01#9,,10200,JPY,special_survey_price,published_pdl,,,2026-06-23,,cbr-tokuchou-shizai-r8-09-gifu,list_r8.09_shizai_木曽川上流河川.pdf p.1,https://www.cbr.mlit.go.jp/architecture/kensetsugijutsu/unit_price/zip/r08/list_r8.09_shizai_gifu.zip,PDL1.0,,中部地整の事務所が工事ごとに行った特別調査の報告価格(予定価格の積算に用いたもの。原本の頁の説明: 施工地域、時期、現場条件が異なる場合、単価が異なる場合がある)。調査依頼: 木曽川上流河川事務所 河川公園課 木曽上-公園-01 資材番号 9。調査区分: Ａ－①。材工区分: 資材価格。単価適用地域: 管内統一。報告月: R8.6.23。備考: 定尺：5ｍ。消費税の扱いは原本に記載なし。geo_code は原本の県名欄(調査を依頼した事務所の県)
9e290040f4c6a222,JP,material,特別調査（資材単価） 木曽川上流河川事務所 河川公園課,ﾎﾟﾘｴﾁﾚﾝ管継手,PP300×250 ﾚｼﾞｭｰｻｰ,個,pref,21,岐阜県,管内統一,木曽上-公園-01#10,,93700,JPY,special_survey_price,published_pdl,,,2026-06-23,,cbr-tokuchou-shizai-r8-09-gifu,list_r8.09_shizai_木曽川上流河川.pdf p.1,https://www.cbr.mlit.go.jp/architecture/kensetsugijutsu/unit_price/zip/r08/list_r8.09_shizai_gifu.zip,PDL1.0,,中部地整の事務所が工事ごとに行った特別調査の報告価格(予定価格の積算に用いたもの。原本の頁の説明: 施工地域、時期、現場条件が異なる場合、単価が異なる場合がある)。調査依頼: 木曽川上流河川事務所 河川公園課 木曽上-公園-01 資材番号 10。調査区分: Ａ－①。材工区分: 資材価格。単価適用地域: 管内統一。報告月: R8.6.23。消費税の扱いは原本に記載なし。geo_code は原本の県名欄(調査を依頼した事務所の県)
1283b6a4baeae759,JP,material,特別調査（資材単価） 木曽川上流河川事務所 河川公園課,ﾎﾟﾘｴﾁﾚﾝ管継手,PP250 ｿｹｯﾄ,個,pref,21,岐阜県,管内統一,木曽上-公園-01#11,,45500,JPY,special_survey_price,published_pdl,,,2026-06-23,,cbr-tokuchou-shizai-r8-09-gifu,list_r8.09_shizai_木曽川上流河川.pdf p.1,https://www.cbr.mlit.go.jp/architecture/kensetsugijutsu/unit_price/zip/r08/list_r8.09_shizai_gifu.zip,PDL1.0,,中部地整の事務所が工事ごとに行った特別調査の報告価格(予定価格の積算に用いたもの。原本の頁の説明: 施工地域、時期、現場条件が異なる場合、単価が異なる場合がある)。調査依頼: 木曽川上流河川事務所 河川公園課 木曽上-公園-01 資材番号 11。調査区分: 〃(上の行と同じ: Ａ－①)。材工区分: 資材価格。単価適用地域: 管内統一。報告月: R8.6.23。消費税の扱いは原本に記載なし。geo_code は原本の県名欄(調査を依頼した事務所の県)
6fca9a724e6a901e,JP,material,特別調査（資材単価） 木曽川上流河川事務所 河川公園課,ｱｽﾌｧﾙﾄ混合物,自然色密粒As 玉砂利自然色,t,pref,21,岐阜県,工事限定,木曽上-公園-01#12,,143000,JPY,special_survey_price,published_pdl,,,2026-06-23,,cbr-tokuchou-shizai-r8-09-gifu,list_r8.09_shizai_木曽川上流河川.pdf p.1,https://www.cbr.mlit.go.jp/architecture/kensetsugijutsu/unit_price/zip/r08/list_r8.09_shizai_gifu.zip,PDL1.0,,中部地整の事務所が工事ごとに行った特別調査の報告価格(予定価格の積算に用いたもの。原本の頁の説明: 施工地域、時期、現場条件が異なる場合、単価が異なる場合がある)。調査依頼: 木曽川上流河川事務所 河川公園課 木曽上-公園-01 資材番号 12。調査区分: Ａ－①。材工区分: 資材価格。単価適用地域: 工事限定。報告月: R8.6.23。備考: 参考締固め密度2.329t/m3取引数量7.062ｔ1日作業を想定。消費税の扱いは原本に記載なし。geo_code は原本の県名欄(調査を依頼した事務所の県)
1154ec981fcce9c6,JP,material,特別調査（資材単価） 木曽川上流河川事務所 工務課,スケルトンバケット賃料,0.8m3用 網目200×200,台・日,pref,21,岐阜県,管内統一,木曽上-工-05#2,,10500,JPY,special_survey_price,published_pdl,,,2026-06-30,,cbr-tokuchou-shizai-r8-09-gifu,list_r8.09_shizai_木曽川上流河川.pdf p.1,https://www.cbr.mlit.go.jp/architecture/kensetsugijutsu/unit_price/zip/r08/list_r8.09_shizai_gifu.zip,PDL1.0,,中部地整の事務所が工事ごとに行った特別調査の報告価格(予定価格の積算に用いたもの。原本の頁の説明: 施工地域、時期、現場条件が異なる場合、単価が異なる場合がある)。調査依頼: 木曽川上流河川事務所 工務課 木曽上-工-05 資材番号 2。調査区分: Ａ－①。材工区分: 資材価格。単価適用地域: 管内統一。報告月: R8.6.30。備考: 賃貸業者置場渡し、置場戻し。消費税の扱いは原本に記載なし。geo_code は原本の県名欄(調査を依頼した事務所の県)
7e9090c28b7adf11,JP,material,特別調査（資材単価） 木曽川上流河川事務所 工務課,プレキャストU型側溝,H1000×B600×L2000、NSフリューム同等品以上,個,pref,21,岐阜県,岐阜県,木曽上-工-05#3,,69900,JPY,special_survey_price,published_pdl,,,2026-06-30,,cbr-tokuchou-shizai-r8-09-gifu,list_r8.09_shizai_木曽川上流河川.pdf p.2,https://www.cbr.mlit.go.jp/architecture/kensetsugijutsu/unit_price/zip/r08/list_r8.09_shizai_gifu.zip,PDL1.0,,中部地整の事務所が工事ごとに行った特別調査の報告価格(予定価格の積算に用いたもの。原本の頁の説明: 施工地域、時期、現場条件が異なる場合、単価が異なる場合がある)。調査依頼: 木曽川上流河川事務所 工務課 木曽上-工-05 資材番号 3。調査区分: Ａ－①。材工区分: 資材価格。単価適用地域: 岐阜県。報告月: R8.6.30。備考: 現場車上渡し。消費税の扱いは原本に記載なし。geo_code は原本の県名欄(調査を依頼した事務所の県)
90d0afce4dabb933,JP,material,特別調査（資材単価） 木曽川上流河川事務所 工務課,プレキャスト簡易土留,h=100、L=1000、簡易土留パネル同等品以上,個,pref,21,岐阜県,工事限定,木曽上-工-05#4,,5500,JPY,special_survey_price,published_pdl,,,2026-06-30,,cbr-tokuchou-shizai-r8-09-gifu,list_r8.09_shizai_木曽川上流河川.pdf p.2,https://www.cbr.mlit.go.jp/architecture/kensetsugijutsu/unit_price/zip/r08/list_r8.09_shizai_gifu.zip,PDL1.0,,中部地整の事務所が工事ごとに行った特別調査の報告価格(予定価格の積算に用いたもの。原本の頁の説明: 施工地域、時期、現場条件が異なる場合、単価が異なる場合がある)。調査依頼: 木曽川上流河川事務所 工務課 木曽上-工-05 資材番号 4。調査区分: Ａ－①。材工区分: 資材価格。単価適用地域: 工事限定。報告月: R8.6.30。消費税の扱いは原本に記載なし。geo_code は原本の県名欄(調査を依頼した事務所の県)
2764fa44714c6ae9,JP,material,特別調査（資材単価） 木曽川上流河川事務所 工務課,プレキャスト簡易土留,h=200、L=1000、簡易土留パネル同等品以上,個,pref,21,岐阜県,工事限定,木曽上-工-05#5,,6700,JPY,special_survey_price,published_pdl,,,2026-06-30,,cbr-tokuchou-shizai-r8-09-gifu,list_r8.09_shizai_木曽川上流河川.pdf p.2,https://www.cbr.mlit.go.jp/architecture/kensetsugijutsu/unit_price/zip/r08/list_r8.09_shizai_gifu.zip,PDL1.0,,中部地整の事務所が工事ごとに行った特別調査の報告価格(予定価格の積算に用いたもの。原本の頁の説明: 施工地域、時期、現場条件が異なる場合、単価が異なる場合がある)。調査依頼: 木曽川上流河川事務所 工務課 木曽上-工-05 資材番号 5。調査区分: 〃(上の行と同じ: Ａ－①)。材工区分: 資材価格。単価適用地域: 工事限定。報告月: R8.6.30。消費税の扱いは原本に記載なし。geo_code は原本の県名欄(調査を依頼した事務所の県)
e10b7e7025347790,JP,material,特別調査（資材単価） 木曽川上流河川事務所 工務課,プレキャスト簡易土留,h=300、L=1000、簡易土留パネル同等品以上,個,pref,21,岐阜県,工事限定,木曽上-工-05#6,,7900,JPY,special_survey_price,published_pdl,,,2026-06-30,,cbr-tokuchou-shizai-r8-09-gifu,list_r8.09_shizai_木曽川上流河川.pdf p.2,https://www.cbr.mlit.go.jp/architecture/kensetsugijutsu/unit_price/zip/r08/list_r8.09_shizai_gifu.zip,PDL1.0,,中部地整の事務所が工事ごとに行った特別調査の報告価格(予定価格の積算に用いたもの。原本の頁の説明: 施工地域、時期、現場条件が異なる場合、単価が異なる場合がある)。調査依頼: 木曽川上流河川事務所 工務課 木曽上-工-05 資材番号 6。調査区分: 〃(上の行と同じ: Ａ－①)。材工区分: 資材価格。単価適用地域: 工事限定。報告月: R8.6.30。消費税の扱いは原本に記載なし。geo_code は原本の県名欄(調査を依頼した事務所の県)
d0b476cf09e9d244,JP,material,特別調査（資材単価） 木曽川上流河川事務所 工務課,プレキャスト簡易土留,h=400、L=1000、簡易土留パネル同等品以上,個,pref,21,岐阜県,工事限定,木曽上-工-05#7,,11500,JPY,special_survey_price,published_pdl,,,2026-06-30,,cbr-tokuchou-shizai-r8-09-gifu,list_r8.09_shizai_木曽川上流河川.pdf p.2,https://www.cbr.mlit.go.jp/architecture/kensetsugijutsu/unit_price/zip/r08/list_r8.09_shizai_gifu.zip,PDL1.0,,中部地整の事務所が工事ごとに行った特別調査の報告価格(予定価格の積算に用いたもの。原本の頁の説明: 施工地域、時期、現場条件が異なる場合、単価が異なる場合がある)。調査依頼: 木曽川上流河川事務所 工務課 木曽上-工-05 資材番号 7。調査区分: 〃(上の行と同じ: Ａ－①)。材工区分: 資材価格。単価適用地域: 工事限定。報告月: R8.6.30。消費税の扱いは原本に記載なし。geo_code は原本の県名欄(調査を依頼した事務所の県)
e965e89b3edf2a78,JP,material,特別調査（資材単価） 木曽川上流河川事務所 管理課,防振継手,100A 合成ｺﾞﾑ 60℃10kg/m2,個,pref,21,岐阜県,管内統一,木曽上-管-01#2,,29500,JPY,special_survey_price,published_pdl,,,2026-06-30,,cbr-tokuchou-shizai-r8-09-gifu,list_r8.09_shizai_木曽川上流河川.pdf p.2,https://www.cbr.mlit.go.jp/architecture/kensetsugijutsu/unit_price/zip/r08/list_r8.09_shizai_gifu.zip,PDL1.0,,中部地整の事務所が工事ごとに行った特別調査の報告価格(予定価格の積算に用いたもの。原本の頁の説明: 施工地域、時期、現場条件が異なる場合、単価が異なる場合がある)。調査依頼: 木曽川上流河川事務所 管理課 木曽上-管-01 資材番号 2。調査区分: 〃(上の行と同じ: Ａ－①)。材工区分: 資材価格。単価適用地域: 管内統一。報告月: R8.6.30。備考: フランジ材質：SUS304。消費税の扱いは原本に記載なし。geo_code は原本の県名欄(調査を依頼した事務所の県)
0290067cd712e56a,JP,material,特別調査（資材単価） 木曽川上流河川事務所 管理課,電磁接触器,S-N150 AC200V,個,pref,21,岐阜県,工事限定,木曽上-管-01#3,,47500,JPY,special_survey_price,published_pdl,,,2026-06-30,,cbr-tokuchou-shizai-r8-09-gifu,list_r8.09_shizai_木曽川上流河川.pdf p.2,https://www.cbr.mlit.go.jp/architecture/kensetsugijutsu/unit_price/zip/r08/list_r8.09_shizai_gifu.zip,PDL1.0,,中部地整の事務所が工事ごとに行った特別調査の報告価格(予定価格の積算に用いたもの。原本の頁の説明: 施工地域、時期、現場条件が異なる場合、単価が異なる場合がある)。調査依頼: 木曽川上流河川事務所 管理課 木曽上-管-01 資材番号 3。調査区分: Ｂ－①。材工区分: 資材価格。単価適用地域: 工事限定。報告月: R8.6.30。消費税の扱いは原本に記載なし。geo_code は原本の県名欄(調査を依頼した事務所の県)
5dba5810bbde2786,JP,material,特別調査（資材単価） 木曽川上流河川事務所 管理課,ポンプユニット,670L/min×39m×3600×5.5kW 3φ200V 60Hz,台,pref,21,岐阜県,工事限定,木曽上-管-01#4,,2430000,JPY,special_survey_price,published_pdl,,,2026-06-30,,cbr-tokuchou-shizai-r8-09-gifu,list_r8.09_shizai_木曽川上流河川.pdf p.2,https://www.cbr.mlit.go.jp/architecture/kensetsugijutsu/unit_price/zip/r08/list_r8.09_shizai_gifu.zip,PDL1.0,,中部地整の事務所が工事ごとに行った特別調査の報告価格(予定価格の積算に用いたもの。原本の頁の説明: 施工地域、時期、現場条件が異なる場合、単価が異なる場合がある)。調査依頼: 木曽川上流河川事務所 管理課 木曽上-管-01 資材番号 4。調査区分: Ｂ－①。材工区分: 資材価格。単価適用地域: 工事限定。報告月: R8.6.30。備考: 工場渡し参考質量145kg/台製作期間6か月。消費税の扱いは原本に記載なし。geo_code は原本の県名欄(調査を依頼した事務所の県)
be48e45f5317c4f0,JP,material,特別調査（資材単価） 木曽川上流河川事務所 管理課,ポンプユニット,440L/min×45m×3600×5.5kW 3φ200V 60Hz,台,pref,21,岐阜県,工事限定,木曽上-管-01#5,,2430000,JPY,special_survey_price,published_pdl,,,2026-06-30,,cbr-tokuchou-shizai-r8-09-gifu,list_r8.09_shizai_木曽川上流河川.pdf p.2,https://www.cbr.mlit.go.jp/architecture/kensetsugijutsu/unit_price/zip/r08/list_r8.09_shizai_gifu.zip,PDL1.0,,中部地整の事務所が工事ごとに行った特別調査の報告価格(予定価格の積算に用いたもの。原本の頁の説明: 施工地域、時期、現場条件が異なる場合、単価が異なる場合がある)。調査依頼: 木曽川上流河川事務所 管理課 木曽上-管-01 資材番号 5。調査区分: 〃(上の行と同じ: Ｂ－①)。材工区分: 資材価格。単価適用地域: 工事限定。報告月: R8.6.30。備考: 工場渡し参考質量145kg/台製作期間6か月。消費税の扱いは原本に記載なし。geo_code は原本の県名欄(調査を依頼した事務所の県)
2c830df75f56923d,JP,material,特別調査（資材単価） 木曽川上流河川事務所 管理課,水中ポンプ,335L/min×39m×3600×5.5kW,台,pref,21,岐阜県,工事限定,木曽上-管-01#6,,650000,JPY,special_survey_price,published_pdl,,,2026-06-30,,cbr-tokuchou-shizai-r8-09-gifu,list_r8.09_shizai_木曽川上流河川.pdf p.2,https://www.cbr.mlit.go.jp/architecture/kensetsugijutsu/unit_price/zip/r08/list_r8.09_shizai_gifu.zip,PDL1.0,,中部地整の事務所が工事ごとに行った特別調査の報告価格(予定価格の積算に用いたもの。原本の頁の説明: 施工地域、時期、現場条件が異なる場合、単価が異なる場合がある)。調査依頼: 木曽川上流河川事務所 管理課 木曽上-管-01 資材番号 6。調査区分: Ｂ－①。材工区分: 資材価格。単価適用地域: 工事限定。報告月: R8.6.30。備考: 工場渡し参考質量60kg/台製作期間6か月。消費税の扱いは原本に記載なし。geo_code は原本の県名欄(調査を依頼した事務所の県)
4d23d17e11b08a85,JP,material,特別調査（資材単価） 木曽川上流河川事務所 管理課,水中ポンプ,220L/min×45m×3600×5.5kW,台,pref,21,岐阜県,工事限定,木曽上-管-01#7,,650000,JPY,special_survey_price,published_pdl,,,2026-06-30,,cbr-tokuchou-shizai-r8-09-gifu,list_r8.09_shizai_木曽川上流河川.pdf p.2,https://www.cbr.mlit.go.jp/architecture/kensetsugijutsu/unit_price/zip/r08/list_r8.09_shizai_gifu.zip,PDL1.0,,中部地整の事務所が工事ごとに行った特別調査の報告価格(予定価格の積算に用いたもの。原本の頁の説明: 施工地域、時期、現場条件が異なる場合、単価が異なる場合がある)。調査依頼: 木曽川上流河川事務所 管理課 木曽上-管-01 資材番号 7。調査区分: 〃(上の行と同じ: Ｂ－①)。材工区分: 資材価格。単価適用地域: 工事限定。報告月: R8.6.30。備考: 工場渡し参考質量60kg/台製作期間6か月。消費税の扱いは原本に記載なし。geo_code は原本の県名欄(調査を依頼した事務所の県)
08348b31ff9d3ceb,JP,material,特別調査（資材単価） 木曽川上流河川事務所 管理課,深井戸用水中モータポンプ,φ125×67m×2.2m3/min×37kW 水中ｹｰﾌﾞﾙ80m×2本,台,pref,21,岐阜県,工事限定,木曽上-管-01#8,,7200000,JPY,special_survey_price,published_pdl,,,2026-06-30,,cbr-tokuchou-shizai-r8-09-gifu,list_r8.09_shizai_木曽川上流河川.pdf p.3,https://www.cbr.mlit.go.jp/architecture/kensetsugijutsu/unit_price/zip/r08/list_r8.09_shizai_gifu.zip,PDL1.0,,中部地整の事務所が工事ごとに行った特別調査の報告価格(予定価格の積算に用いたもの。原本の頁の説明: 施工地域、時期、現場条件が異なる場合、単価が異なる場合がある)。調査依頼: 木曽川上流河川事務所 管理課 木曽上-管-01 資材番号 8。調査区分: Ｂ－①。材工区分: 資材価格。単価適用地域: 工事限定。報告月: R8.6.30。備考: 工場渡し参考質量260kg/台製作期間6か月。消費税の扱いは原本に記載なし。geo_code は原本の県名欄(調査を依頼した事務所の県)
f3151aee807f2d55,JP,material,特別調査（資材単価） 木曽川上流河川事務所 管理課,高圧ホース,(ﾐｽﾄﾉｽﾞﾙ用) NWP140 12×32.5m 両端SUS金具,本,pref,21,岐阜県,工事限定,木曽上-管-01#9,,175000,JPY,special_survey_price,published_pdl,,,2026-06-30,,cbr-tokuchou-shizai-r8-09-gifu,list_r8.09_shizai_木曽川上流河川.pdf p.3,https://www.cbr.mlit.go.jp/architecture/kensetsugijutsu/unit_price/zip/r08/list_r8.09_shizai_gifu.zip,PDL1.0,,中部地整の事務所が工事ごとに行った特別調査の報告価格(予定価格の積算に用いたもの。原本の頁の説明: 施工地域、時期、現場条件が異なる場合、単価が異なる場合がある)。調査依頼: 木曽川上流河川事務所 管理課 木曽上-管-01 資材番号 9。調査区分: Ｂ－①。材工区分: 資材価格。単価適用地域: 工事限定。報告月: R8.6.30。消費税の扱いは原本に記載なし。geo_code は原本の県名欄(調査を依頼した事務所の県)
c7b217c2ef5823fc,JP,material,特別調査（資材単価） 木曽川上流河川事務所 管理課,高圧ホース,(ﾐｽﾄﾉｽﾞﾙ用) NWP140 19×39.0m 両端SUS金具,本,pref,21,岐阜県,工事限定,木曽上-管-01#10,,276000,JPY,special_survey_price,published_pdl,,,2026-06-30,,cbr-tokuchou-shizai-r8-09-gifu,list_r8.09_shizai_木曽川上流河川.pdf p.3,https://www.cbr.mlit.go.jp/architecture/kensetsugijutsu/unit_price/zip/r08/list_r8.09_shizai_gifu.zip,PDL1.0,,中部地整の事務所が工事ごとに行った特別調査の報告価格(予定価格の積算に用いたもの。原本の頁の説明: 施工地域、時期、現場条件が異なる場合、単価が異なる場合がある)。調査依頼: 木曽川上流河川事務所 管理課 木曽上-管-01 資材番号 10。調査区分: 〃(上の行と同じ: Ｂ－①)。材工区分: 資材価格。単価適用地域: 工事限定。報告月: R8.6.30。消費税の扱いは原本に記載なし。geo_code は原本の県名欄(調査を依頼した事務所の県)
fa9b14c1c74f4f90,JP,material,特別調査（資材単価） 木曽川上流河川事務所 管理課,高圧ホース,(ﾐｽﾄﾉｽﾞﾙ用) NWP140 19×31.0m 両端SUS金具,本,pref,21,岐阜県,工事限定,木曽上-管-01#11,,227000,JPY,special_survey_price,published_pdl,,,2026-06-30,,cbr-tokuchou-shizai-r8-09-gifu,list_r8.09_shizai_木曽川上流河川.pdf p.3,https://www.cbr.mlit.go.jp/architecture/kensetsugijutsu/unit_price/zip/r08/list_r8.09_shizai_gifu.zip,PDL1.0,,中部地整の事務所が工事ごとに行った特別調査の報告価格(予定価格の積算に用いたもの。原本の頁の説明: 施工地域、時期、現場条件が異なる場合、単価が異なる場合がある)。調査依頼: 木曽川上流河川事務所 管理課 木曽上-管-01 資材番号 11。調査区分: 〃(上の行と同じ: Ｂ－①)。材工区分: 資材価格。単価適用地域: 工事限定。報告月: R8.6.30。消費税の扱いは原本に記載なし。geo_code は原本の県名欄(調査を依頼した事務所の県)
ed94011596d1191b,JP,material,特別調査（資材単価） 木曽川上流河川事務所 管理課,高圧ホース,(ﾐｽﾄﾉｽﾞﾙ用) NWP140 19×5.0m 両端SUS金具,本,pref,21,岐阜県,工事限定,木曽上-管-01#12,,79800,JPY,special_survey_price,published_pdl,,,2026-06-30,,cbr-tokuchou-shizai-r8-09-gifu,list_r8.09_shizai_木曽川上流河川.pdf p.3,https://www.cbr.mlit.go.jp/architecture/kensetsugijutsu/unit_price/zip/r08/list_r8.09_shizai_gifu.zip,PDL1.0,,中部地整の事務所が工事ごとに行った特別調査の報告価格(予定価格の積算に用いたもの。原本の頁の説明: 施工地域、時期、現場条件が異なる場合、単価が異なる場合がある)。調査依頼: 木曽川上流河川事務所 管理課 木曽上-管-01 資材番号 12。調査区分: 〃(上の行と同じ: Ｂ－①)。材工区分: 資材価格。単価適用地域: 工事限定。報告月: R8.6.30。消費税の扱いは原本に記載なし。geo_code は原本の県名欄(調査を依頼した事務所の県)
3ce443729f317dca,JP,material,特別調査（資材単価） 木曽川上流河川事務所 管理課,超高圧用直動型電磁弁,15A、0～20MPa、AC200V,個,pref,21,岐阜県,管内統一,木曽上-管-01#13,,136000,JPY,special_survey_price,published_pdl,,,2026-06-30,,cbr-tokuchou-shizai-r8-09-gifu,list_r8.09_shizai_木曽川上流河川.pdf p.3,https://www.cbr.mlit.go.jp/architecture/kensetsugijutsu/unit_price/zip/r08/list_r8.09_shizai_gifu.zip,PDL1.0,,中部地整の事務所が工事ごとに行った特別調査の報告価格(予定価格の積算に用いたもの。原本の頁の説明: 施工地域、時期、現場条件が異なる場合、単価が異なる場合がある)。調査依頼: 木曽川上流河川事務所 管理課 木曽上-管-01 資材番号 13。調査区分: Ａ－①。材工区分: 資材価格。単価適用地域: 管内統一。報告月: R8.6.30。消費税の扱いは原本に記載なし。geo_code は原本の県名欄(調査を依頼した事務所の県)
5ac4ba9640e7c1e1,JP,material,特別調査（資材単価） 木曽川上流河川事務所 管理課,高圧プランジャーポンプ,"12.9L/min 14.0MPa 1,750min-1 (ﾐｽﾄﾎﾟﾝﾌﾟ)",台,pref,21,岐阜県,工事限定,木曽上-管-01#14,,183000,JPY,special_survey_price,published_pdl,,,2026-06-30,,cbr-tokuchou-shizai-r8-09-gifu,list_r8.09_shizai_木曽川上流河川.pdf p.3,https://www.cbr.mlit.go.jp/architecture/kensetsugijutsu/unit_price/zip/r08/list_r8.09_shizai_gifu.zip,PDL1.0,,中部地整の事務所が工事ごとに行った特別調査の報告価格(予定価格の積算に用いたもの。原本の頁の説明: 施工地域、時期、現場条件が異なる場合、単価が異なる場合がある)。調査依頼: 木曽川上流河川事務所 管理課 木曽上-管-01 資材番号 14。調査区分: Ｂ－①。材工区分: 資材価格。単価適用地域: 工事限定。報告月: R8.6.30。備考: 工場渡し参考質量8kg/台製作期間4か月。消費税の扱いは原本に記載なし。geo_code は原本の県名欄(調査を依頼した事務所の県)
563d3c803e657e1f,JP,material,特別調査（資材単価） 木曽川上流河川事務所 管理課,高圧プランジャーポンプ,"18.1L/min 10.0MPa 1,750min-1 (ﾐｽﾄﾎﾟﾝﾌﾟ)",台,pref,21,岐阜県,工事限定,木曽上-管-01#15,,200000,JPY,special_survey_price,published_pdl,,,2026-06-30,,cbr-tokuchou-shizai-r8-09-gifu,list_r8.09_shizai_木曽川上流河川.pdf p.3,https://www.cbr.mlit.go.jp/architecture/kensetsugijutsu/unit_price/zip/r08/list_r8.09_shizai_gifu.zip,PDL1.0,,中部地整の事務所が工事ごとに行った特別調査の報告価格(予定価格の積算に用いたもの。原本の頁の説明: 施工地域、時期、現場条件が異なる場合、単価が異なる場合がある)。調査依頼: 木曽川上流河川事務所 管理課 木曽上-管-01 資材番号 15。調査区分: 〃(上の行と同じ: Ｂ－①)。材工区分: 資材価格。単価適用地域: 工事限定。報告月: R8.6.30。備考: 工場渡し参考質量8kg/台製作期間4か月。消費税の扱いは原本に記載なし。geo_code は原本の県名欄(調査を依頼した事務所の県)
4110e5678ac6ede8,JP,material,特別調査（資材単価） 木曽川上流河川事務所 管理課,プレミアム効率三相誘導モータ,(IE3ﾓｰﾀ) 3.7kW 4P 200V,台,pref,21,岐阜県,工事限定,木曽上-管-01#16,,147000,JPY,special_survey_price,published_pdl,,,2026-06-30,,cbr-tokuchou-shizai-r8-09-gifu,list_r8.09_shizai_木曽川上流河川.pdf p.3,https://www.cbr.mlit.go.jp/architecture/kensetsugijutsu/unit_price/zip/r08/list_r8.09_shizai_gifu.zip,PDL1.0,,中部地整の事務所が工事ごとに行った特別調査の報告価格(予定価格の積算に用いたもの。原本の頁の説明: 施工地域、時期、現場条件が異なる場合、単価が異なる場合がある)。調査依頼: 木曽川上流河川事務所 管理課 木曽上-管-01 資材番号 16。調査区分: Ｂ－①。材工区分: 資材価格。単価適用地域: 工事限定。報告月: R8.6.30。備考: 工場渡し参考質量41kg/台製作期間4か月。消費税の扱いは原本に記載なし。geo_code は原本の県名欄(調査を依頼した事務所の県)
6b1ca4019f4c2a86,JP,material,特別調査（資材単価） 木曽川上流河川事務所 管理課,ポンプユニット,口径100mm-50mm 7.5kW×3台 0.6m3/min 80m 0.67MPa,台,pref,21,岐阜県,工事限定,木曽上-管-01#17,,6690000,JPY,special_survey_price,published_pdl,,,2026-06-30,,cbr-tokuchou-shizai-r8-09-gifu,list_r8.09_shizai_木曽川上流河川.pdf p.3,https://www.cbr.mlit.go.jp/architecture/kensetsugijutsu/unit_price/zip/r08/list_r8.09_shizai_gifu.zip,PDL1.0,,中部地整の事務所が工事ごとに行った特別調査の報告価格(予定価格の積算に用いたもの。原本の頁の説明: 施工地域、時期、現場条件が異なる場合、単価が異なる場合がある)。調査依頼: 木曽川上流河川事務所 管理課 木曽上-管-01 資材番号 17。調査区分: Ｂ－①。材工区分: 資材価格。単価適用地域: 工事限定。報告月: R8.6.30。備考: 工場渡し参考質量487kg/台製作期間6か月。消費税の扱いは原本に記載なし。geo_code は原本の県名欄(調査を依頼した事務所の県)
44bc4c0ab0ce55f8,JP,material,特別調査（資材単価） 木曽川上流河川事務所 管理課,防振継手,50A FCD450-10KF,個,pref,21,岐阜県,,木曽上-管-01#18,,,JPY,special_survey_price,publication_based_not_public,,,2026-06-30,,cbr-tokuchou-shizai-r8-09-gifu,list_r8.09_shizai_木曽川上流河川.pdf p.4,https://www.cbr.mlit.go.jp/architecture/kensetsugijutsu/unit_price/zip/r08/list_r8.09_shizai_gifu.zip,PDL1.0,,中部地整の事務所が工事ごとに行った特別調査の報告価格(予定価格の積算に用いたもの。原本の頁の説明: 施工地域、時期、現場条件が異なる場合、単価が異なる場合がある)。調査依頼: 木曽川上流河川事務所 管理課 木曽上-管-01 資材番号 18。調査区分: (空欄)。材工区分: 資材価格。単価適用地域: (空欄)。報告月: R8.6.30。備考: 建設物価P747。消費税の扱いは原本に記載なし。geo_code は原本の県名欄(調査を依頼した事務所の県)。価格欄: (空欄)
ca3845cbf88beb7f,JP,material,特別調査（資材単価） 木曽川上流河川事務所 管理課,防振継手,100A FCD450-10KF,個,pref,21,岐阜県,,木曽上-管-01#19,,,JPY,special_survey_price,publication_based_not_public,,,2026-06-30,,cbr-tokuchou-shizai-r8-09-gifu,list_r8.09_shizai_木曽川上流河川.pdf p.4,https://www.cbr.mlit.go.jp/architecture/kensetsugijutsu/unit_price/zip/r08/list_r8.09_shizai_gifu.zip,PDL1.0,,中部地整の事務所が工事ごとに行った特別調査の報告価格(予定価格の積算に用いたもの。原本の頁の説明: 施工地域、時期、現場条件が異なる場合、単価が異なる場合がある)。調査依頼: 木曽川上流河川事務所 管理課 木曽上-管-01 資材番号 19。調査区分: (空欄)。材工区分: 資材価格。単価適用地域: (空欄)。報告月: R8.6.30。備考: 建設物価P747。消費税の扱いは原本に記載なし。geo_code は原本の県名欄(調査を依頼した事務所の県)。価格欄: (空欄)
5c918c3d7ed7a95d,JP,material,特別調査（資材単価） 木曽川上流河川事務所 工務課,大型ﾌﾞﾛｯｸ張,A形 997×997×150,個,pref,21,岐阜県,愛知県,木曽上-工-07#1,,10400,JPY,special_survey_price,published_pdl,,,2026-07-01,,cbr-tokuchou-shizai-r8-09-gifu,list_r8.09_shizai_木曽川上流河川.pdf p.4,https://www.cbr.mlit.go.jp/architecture/kensetsugijutsu/unit_price/zip/r08/list_r8.09_shizai_gifu.zip,PDL1.0,,中部地整の事務所が工事ごとに行った特別調査の報告価格(予定価格の積算に用いたもの。原本の頁の説明: 施工地域、時期、現場条件が異なる場合、単価が異なる場合がある)。調査依頼: 木曽川上流河川事務所 工務課 木曽上-工-07 資材番号 1。調査区分: Ａ－①。材工区分: 資材価格。単価適用地域: 愛知県。報告月: R8.7.1。備考: 連結金具含まず。消費税の扱いは原本に記載なし。geo_code は原本の県名欄(調査を依頼した事務所の県)
9d333e14009af4e3,JP,material,特別調査（資材単価） 木曽川上流河川事務所 工務課,大型ﾌﾞﾛｯｸ張,B形 997×497×150,個,pref,21,岐阜県,愛知県,木曽上-工-07#2,,5200,JPY,special_survey_price,published_pdl,,,2026-07-01,,cbr-tokuchou-shizai-r8-09-gifu,list_r8.09_shizai_木曽川上流河川.pdf p.4,https://www.cbr.mlit.go.jp/architecture/kensetsugijutsu/unit_price/zip/r08/list_r8.09_shizai_gifu.zip,PDL1.0,,中部地整の事務所が工事ごとに行った特別調査の報告価格(予定価格の積算に用いたもの。原本の頁の説明: 施工地域、時期、現場条件が異なる場合、単価が異なる場合がある)。調査依頼: 木曽川上流河川事務所 工務課 木曽上-工-07 資材番号 2。調査区分: 〃(上の行と同じ: Ａ－①)。材工区分: 資材価格。単価適用地域: 愛知県。報告月: R8.7.1。備考: 連結金具含まず。消費税の扱いは原本に記載なし。geo_code は原本の県名欄(調査を依頼した事務所の県)
954206107be190af,JP,material,特別調査（資材単価） 木曽川上流河川事務所 工務課,間知ﾌﾞﾛｯｸ,300×300×350,個,pref,21,岐阜県,303地区,木曽上-工-07#3,,1040,JPY,special_survey_price,published_pdl,,,2026-07-01,,cbr-tokuchou-shizai-r8-09-gifu,list_r8.09_shizai_木曽川上流河川.pdf p.4,https://www.cbr.mlit.go.jp/architecture/kensetsugijutsu/unit_price/zip/r08/list_r8.09_shizai_gifu.zip,PDL1.0,,中部地整の事務所が工事ごとに行った特別調査の報告価格(予定価格の積算に用いたもの。原本の頁の説明: 施工地域、時期、現場条件が異なる場合、単価が異なる場合がある)。調査依頼: 木曽川上流河川事務所 工務課 木曽上-工-07 資材番号 3。調査区分: Ａ－①。材工区分: 資材価格。単価適用地域: 303地区。報告月: R8.7.1。備考: 滑面。消費税の扱いは原本に記載なし。geo_code は原本の県名欄(調査を依頼した事務所の県)
799b67c0b9561161,JP,material,特別調査（資材単価） 木曽川上流河川事務所 工務課,ﾌﾟﾚｷｬｽﾄ縦枠,300×500,ｍ,pref,21,岐阜県,愛知県,木曽上-工-07#4,,23100,JPY,special_survey_price,published_pdl,,,2026-07-01,,cbr-tokuchou-shizai-r8-09-gifu,list_r8.09_shizai_木曽川上流河川.pdf p.4,https://www.cbr.mlit.go.jp/architecture/kensetsugijutsu/unit_price/zip/r08/list_r8.09_shizai_gifu.zip,PDL1.0,,中部地整の事務所が工事ごとに行った特別調査の報告価格(予定価格の積算に用いたもの。原本の頁の説明: 施工地域、時期、現場条件が異なる場合、単価が異なる場合がある)。調査依頼: 木曽川上流河川事務所 工務課 木曽上-工-07 資材番号 4。調査区分: Ａ－①。材工区分: 資材価格。単価適用地域: 愛知県。報告月: R8.7.1。消費税の扱いは原本に記載なし。geo_code は原本の県名欄(調査を依頼した事務所の県)
11c98a971100411c,JP,material,特別調査（資材単価） 木曽川上流河川事務所 工務課,砂,ｸｯｼｮﾝ用,m3,pref,21,岐阜県,工事限定,木曽上-工-07#5,,5050,JPY,special_survey_price,published_pdl,,,2026-07-01,,cbr-tokuchou-shizai-r8-09-gifu,list_r8.09_shizai_木曽川上流河川.pdf p.4,https://www.cbr.mlit.go.jp/architecture/kensetsugijutsu/unit_price/zip/r08/list_r8.09_shizai_gifu.zip,PDL1.0,,中部地整の事務所が工事ごとに行った特別調査の報告価格(予定価格の積算に用いたもの。原本の頁の説明: 施工地域、時期、現場条件が異なる場合、単価が異なる場合がある)。調査依頼: 木曽川上流河川事務所 工務課 木曽上-工-07 資材番号 5。調査区分: Ａ－①。材工区分: 資材価格。単価適用地域: 工事限定。報告月: R8.7.1。備考: 取引数量16m3砕砂。消費税の扱いは原本に記載なし。geo_code は原本の県名欄(調査を依頼した事務所の県)
fb1282aad1ec6d24,JP,material,特別調査（資材単価） 木曽川上流河川事務所 工務課,埋設標,,個,pref,21,岐阜県,工事限定,木曽上-工-07#6,,18000,JPY,special_survey_price,published_pdl,,,2026-07-01,,cbr-tokuchou-shizai-r8-09-gifu,list_r8.09_shizai_木曽川上流河川.pdf p.4,https://www.cbr.mlit.go.jp/architecture/kensetsugijutsu/unit_price/zip/r08/list_r8.09_shizai_gifu.zip,PDL1.0,,中部地整の事務所が工事ごとに行った特別調査の報告価格(予定価格の積算に用いたもの。原本の頁の説明: 施工地域、時期、現場条件が異なる場合、単価が異なる場合がある)。調査依頼: 木曽川上流河川事務所 工務課 木曽上-工-07 資材番号 6。調査区分: Ａ－①。材工区分: 資材価格。単価適用地域: 工事限定。報告月: R8.7.1。備考: 80×80×150。消費税の扱いは原本に記載なし。geo_code は原本の県名欄(調査を依頼した事務所の県)
b0db060dfbebf263,JP,material,特別調査（資材単価） 木曽川上流河川事務所 工務課,埋設鋲,,個,pref,21,岐阜県,工事限定,木曽上-工-07#7,,960,JPY,special_survey_price,published_pdl,,,2026-07-01,,cbr-tokuchou-shizai-r8-09-gifu,list_r8.09_shizai_木曽川上流河川.pdf p.4,https://www.cbr.mlit.go.jp/architecture/kensetsugijutsu/unit_price/zip/r08/list_r8.09_shizai_gifu.zip,PDL1.0,,中部地整の事務所が工事ごとに行った特別調査の報告価格(予定価格の積算に用いたもの。原本の頁の説明: 施工地域、時期、現場条件が異なる場合、単価が異なる場合がある)。調査依頼: 木曽川上流河川事務所 工務課 木曽上-工-07 資材番号 7。調査区分: Ａ－①。材工区分: 資材価格。単価適用地域: 工事限定。報告月: R8.7.1。備考: 取引数量2個。消費税の扱いは原本に記載なし。geo_code は原本の県名欄(調査を依頼した事務所の県)
1618fcff4b166fc4,JP,material,特別調査（資材単価） 木曽川上流河川事務所 工務課,さや管,IF28,m,pref,21,岐阜県,工事限定,木曽上-工-07#8,,575,JPY,special_survey_price,published_pdl,,,2026-07-01,,cbr-tokuchou-shizai-r8-09-gifu,list_r8.09_shizai_木曽川上流河川.pdf p.4,https://www.cbr.mlit.go.jp/architecture/kensetsugijutsu/unit_price/zip/r08/list_r8.09_shizai_gifu.zip,PDL1.0,,中部地整の事務所が工事ごとに行った特別調査の報告価格(予定価格の積算に用いたもの。原本の頁の説明: 施工地域、時期、現場条件が異なる場合、単価が異なる場合がある)。調査依頼: 木曽川上流河川事務所 工務課 木曽上-工-07 資材番号 8。調査区分: Ａ－①。材工区分: 資材価格。単価適用地域: 工事限定。報告月: R8.7.1。備考: 取引数量438ｍ。消費税の扱いは原本に記載なし。geo_code は原本の県名欄(調査を依頼した事務所の県)
a556de55b59ab812,JP,material,特別調査（資材単価） 木曽川上流河川事務所 工務課,ﾀﾞｸﾀｰｸﾘｯﾌﾟずれ止め,S-DHU-M10,個,pref,21,岐阜県,管内統一,木曽上-工-07#9,,428,JPY,special_survey_price,published_pdl,,,2026-07-01,,cbr-tokuchou-shizai-r8-09-gifu,list_r8.09_shizai_木曽川上流河川.pdf p.4,https://www.cbr.mlit.go.jp/architecture/kensetsugijutsu/unit_price/zip/r08/list_r8.09_shizai_gifu.zip,PDL1.0,,中部地整の事務所が工事ごとに行った特別調査の報告価格(予定価格の積算に用いたもの。原本の頁の説明: 施工地域、時期、現場条件が異なる場合、単価が異なる場合がある)。調査依頼: 木曽川上流河川事務所 工務課 木曽上-工-07 資材番号 9。調査区分: Ａ－①。材工区分: 資材価格。単価適用地域: 管内統一。報告月: R8.7.1。消費税の扱いは原本に記載なし。geo_code は原本の県名欄(調査を依頼した事務所の県)
1d498a0c445c205c,JP,material,特別調査（資材単価） 木曽川上流河川事務所 工務課,ｽﾃﾝﾚｽ可とう管,80,m,pref,21,岐阜県,管内統一,木曽上-工-07#10,,11500,JPY,special_survey_price,published_pdl,,,2026-07-01,,cbr-tokuchou-shizai-r8-09-gifu,list_r8.09_shizai_木曽川上流河川.pdf p.4,https://www.cbr.mlit.go.jp/architecture/kensetsugijutsu/unit_price/zip/r08/list_r8.09_shizai_gifu.zip,PDL1.0,,中部地整の事務所が工事ごとに行った特別調査の報告価格(予定価格の積算に用いたもの。原本の頁の説明: 施工地域、時期、現場条件が異なる場合、単価が異なる場合がある)。調査依頼: 木曽川上流河川事務所 工務課 木曽上-工-07 資材番号 10。調査区分: Ａ－①。材工区分: 資材価格。単価適用地域: 管内統一。報告月: R8.7.1。消費税の扱いは原本に記載なし。geo_code は原本の県名欄(調査を依頼した事務所の県)
21fb96118903e001,JP,material,特別調査（資材単価） 木曽川上流河川事務所 工務課,ﾊﾝﾄﾞﾎｰﾙ,HH-C3 800×400×650(市道部) 蓋含む,個,pref,21,岐阜県,管内統一,木曽上-工-07#11,,293000,JPY,special_survey_price,published_pdl,,,2026-07-01,,cbr-tokuchou-shizai-r8-09-gifu,list_r8.09_shizai_木曽川上流河川.pdf p.4,https://www.cbr.mlit.go.jp/architecture/kensetsugijutsu/unit_price/zip/r08/list_r8.09_shizai_gifu.zip,PDL1.0,,中部地整の事務所が工事ごとに行った特別調査の報告価格(予定価格の積算に用いたもの。原本の頁の説明: 施工地域、時期、現場条件が異なる場合、単価が異なる場合がある)。調査依頼: 木曽川上流河川事務所 工務課 木曽上-工-07 資材番号 11。調査区分: Ａ－①。材工区分: 資材価格。単価適用地域: 管内統一。報告月: R8.7.1。備考: シリンダー錠含む。消費税の扱いは原本に記載なし。geo_code は原本の県名欄(調査を依頼した事務所の県)
597de945177ef40d,JP,material,特別調査（資材単価） 木曽川上流河川事務所 工務課,ﾌﾟﾙﾎﾞｯｸｽ,PB-3 500×400×280,箇所,pref,21,岐阜県,管内統一,木曽上-工-07#12,,133000,JPY,special_survey_price,published_pdl,,,2026-07-01,,cbr-tokuchou-shizai-r8-09-gifu,list_r8.09_shizai_木曽川上流河川.pdf p.4,https://www.cbr.mlit.go.jp/architecture/kensetsugijutsu/unit_price/zip/r08/list_r8.09_shizai_gifu.zip,PDL1.0,,中部地整の事務所が工事ごとに行った特別調査の報告価格(予定価格の積算に用いたもの。原本の頁の説明: 施工地域、時期、現場条件が異なる場合、単価が異なる場合がある)。調査依頼: 木曽川上流河川事務所 工務課 木曽上-工-07 資材番号 12。調査区分: Ａ－①。材工区分: 資材価格。単価適用地域: 管内統一。報告月: R8.7.1。消費税の扱いは原本に記載なし。geo_code は原本の県名欄(調査を依頼した事務所の県)
f44ed96b1c706e85,JP,material,特別調査（資材単価） 木曽川上流河川事務所 工務課,鉄ﾊﾞｲﾝﾄﾞ線,φ1.2 L=500,本,pref,21,岐阜県,工事限定,木曽上-工-07#13,,20,JPY,special_survey_price,published_pdl,,,2026-07-01,,cbr-tokuchou-shizai-r8-09-gifu,list_r8.09_shizai_木曽川上流河川.pdf p.4,https://www.cbr.mlit.go.jp/architecture/kensetsugijutsu/unit_price/zip/r08/list_r8.09_shizai_gifu.zip,PDL1.0,,中部地整の事務所が工事ごとに行った特別調査の報告価格(予定価格の積算に用いたもの。原本の頁の説明: 施工地域、時期、現場条件が異なる場合、単価が異なる場合がある)。調査依頼: 木曽川上流河川事務所 工務課 木曽上-工-07 資材番号 13。調査区分: Ａ－①。材工区分: 資材価格。単価適用地域: 工事限定。報告月: R8.7.1。備考: 取引数量175本。消費税の扱いは原本に記載なし。geo_code は原本の県名欄(調査を依頼した事務所の県)
12115ef4854ce3dc,JP,material,特別調査（資材単価） 木曽川上流河川事務所 工務課,ｸﾛｰｼﾞｬ再組立材,,組,pref,21,岐阜県,管内統一,木曽上-工-07#14,,8640,JPY,special_survey_price,published_pdl,,,2026-07-01,,cbr-tokuchou-shizai-r8-09-gifu,list_r8.09_shizai_木曽川上流河川.pdf p.4,https://www.cbr.mlit.go.jp/architecture/kensetsugijutsu/unit_price/zip/r08/list_r8.09_shizai_gifu.zip,PDL1.0,,中部地整の事務所が工事ごとに行った特別調査の報告価格(予定価格の積算に用いたもの。原本の頁の説明: 施工地域、時期、現場条件が異なる場合、単価が異なる場合がある)。調査依頼: 木曽川上流河川事務所 工務課 木曽上-工-07 資材番号 14。調査区分: Ａ－①。材工区分: 資材価格。単価適用地域: 管内統一。報告月: R8.7.1。消費税の扱いは原本に記載なし。geo_code は原本の県名欄(調査を依頼した事務所の県)
16b6bad0effb9c33,JP,material,特別調査（資材単価） 木曽川上流河川事務所 工務課,固定ﾊﾞﾝﾄﾞ,IF-28B(同等品以上),個,pref,21,岐阜県,管内統一,木曽上-工-07#15,,2400,JPY,special_survey_price,published_pdl,,,2026-07-01,,cbr-tokuchou-shizai-r8-09-gifu,list_r8.09_shizai_木曽川上流河川.pdf p.4,https://www.cbr.mlit.go.jp/architecture/kensetsugijutsu/unit_price/zip/r08/list_r8.09_shizai_gifu.zip,PDL1.0,,中部地整の事務所が工事ごとに行った特別調査の報告価格(予定価格の積算に用いたもの。原本の頁の説明: 施工地域、時期、現場条件が異なる場合、単価が異なる場合がある)。調査依頼: 木曽川上流河川事務所 工務課 木曽上-工-07 資材番号 15。調査区分: Ａ－①。材工区分: 資材価格。単価適用地域: 管内統一。報告月: R8.7.1。消費税の扱いは原本に記載なし。geo_code は原本の県名欄(調査を依頼した事務所の県)
ae2ad65be15ee577,JP,material,特別調査（資材単価） 木曽川上流河川事務所 工務課,壁面ﾘﾝｸﾞ,IF-28R(同等品以上),個,pref,21,岐阜県,管内統一,木曽上-工-07#16,,4320,JPY,special_survey_price,published_pdl,,,2026-07-01,,cbr-tokuchou-shizai-r8-09-gifu,list_r8.09_shizai_木曽川上流河川.pdf p.4,https://www.cbr.mlit.go.jp/architecture/kensetsugijutsu/unit_price/zip/r08/list_r8.09_shizai_gifu.zip,PDL1.0,,中部地整の事務所が工事ごとに行った特別調査の報告価格(予定価格の積算に用いたもの。原本の頁の説明: 施工地域、時期、現場条件が異なる場合、単価が異なる場合がある)。調査依頼: 木曽川上流河川事務所 工務課 木曽上-工-07 資材番号 16。調査区分: 〃(上の行と同じ: Ａ－①)。材工区分: 資材価格。単価適用地域: 管内統一。報告月: R8.7.1。消費税の扱いは原本に記載なし。geo_code は原本の県名欄(調査を依頼した事務所の県)
a7c6e23e0d11589d,JP,material,特別調査（資材単価） 高山国道事務所 管理第二課,巻付ｸﾞﾘｯﾌﾟ,12φ用×800 ZA-300(岩部ｱﾝｶｰ用･補強ﾛｰﾌﾟ用）,本,pref,21,岐阜県,管内統一,高国-管二-01#1,,2540,JPY,special_survey_price,published_pdl,,,2026-06-04,,cbr-tokuchou-shizai-r8-09-gifu,list_r8.09_shizai_高山国道.pdf p.1,https://www.cbr.mlit.go.jp/architecture/kensetsugijutsu/unit_price/zip/r08/list_r8.09_shizai_gifu.zip,PDL1.0,,中部地整の事務所が工事ごとに行った特別調査の報告価格(予定価格の積算に用いたもの。原本の頁の説明: 施工地域、時期、現場条件が異なる場合、単価が異なる場合がある)。調査依頼: 高山国道事務所 管理第二課 高国-管二-01 資材番号 1。調査区分: Ａ－①。材工区分: 資材価格。単価適用地域: 管内統一。報告月: R8.6.4。備考: 現場車上渡し。消費税の扱いは原本に記載なし。geo_code は原本の県名欄(調査を依頼した事務所の県)
ce1afd3f85017f36,JP,material,特別調査（資材単価） 高山国道事務所 管理第二課,巻付ｸﾞﾘｯﾌﾟ,12φ用×975 ZA-300(土砂部用ｱﾝｶｰ用）,本,pref,21,岐阜県,管内統一,高国-管二-01#2,,2900,JPY,special_survey_price,published_pdl,,,2026-06-04,,cbr-tokuchou-shizai-r8-09-gifu,list_r8.09_shizai_高山国道.pdf p.1,https://www.cbr.mlit.go.jp/architecture/kensetsugijutsu/unit_price/zip/r08/list_r8.09_shizai_gifu.zip,PDL1.0,,中部地整の事務所が工事ごとに行った特別調査の報告価格(予定価格の積算に用いたもの。原本の頁の説明: 施工地域、時期、現場条件が異なる場合、単価が異なる場合がある)。調査依頼: 高山国道事務所 管理第二課 高国-管二-01 資材番号 2。調査区分: No.1に含む。材工区分: 資材価格。単価適用地域: 管内統一。報告月: R8.6.4。備考: 現場車上渡し。消費税の扱いは原本に記載なし。geo_code は原本の県名欄(調査を依頼した事務所の県)
84f765a327379822,JP,material,特別調査（資材単価） 高山国道事務所 管理第二課,巻付ｸﾞﾘｯﾌﾟ,14φ用×1100 ZA-300(岩部ｱﾝｶｰ用）,本,pref,21,岐阜県,管内統一,高国-管二-01#3,,2750,JPY,special_survey_price,published_pdl,,,2026-06-04,,cbr-tokuchou-shizai-r8-09-gifu,list_r8.09_shizai_高山国道.pdf p.1,https://www.cbr.mlit.go.jp/architecture/kensetsugijutsu/unit_price/zip/r08/list_r8.09_shizai_gifu.zip,PDL1.0,,中部地整の事務所が工事ごとに行った特別調査の報告価格(予定価格の積算に用いたもの。原本の頁の説明: 施工地域、時期、現場条件が異なる場合、単価が異なる場合がある)。調査依頼: 高山国道事務所 管理第二課 高国-管二-01 資材番号 3。調査区分: No.1に含む。材工区分: 資材価格。単価適用地域: 管内統一。報告月: R8.6.4。備考: 現場車上渡し。消費税の扱いは原本に記載なし。geo_code は原本の県名欄(調査を依頼した事務所の県)
fee9ec1c4c1cca7a,JP,material,特別調査（資材単価） 高山国道事務所 管理第二課,巻付ｸﾞﾘｯﾌﾟ,14φ用×1280 ZA-300(土砂部用ｱﾝｶｰ用),本,pref,21,岐阜県,管内統一,高国-管二-01#4,,3110,JPY,special_survey_price,published_pdl,,,2026-06-04,,cbr-tokuchou-shizai-r8-09-gifu,list_r8.09_shizai_高山国道.pdf p.1,https://www.cbr.mlit.go.jp/architecture/kensetsugijutsu/unit_price/zip/r08/list_r8.09_shizai_gifu.zip,PDL1.0,,中部地整の事務所が工事ごとに行った特別調査の報告価格(予定価格の積算に用いたもの。原本の頁の説明: 施工地域、時期、現場条件が異なる場合、単価が異なる場合がある)。調査依頼: 高山国道事務所 管理第二課 高国-管二-01 資材番号 4。調査区分: No.1に含む。材工区分: 資材価格。単価適用地域: 管内統一。報告月: R8.6.4。備考: 現場車上渡し。消費税の扱いは原本に記載なし。geo_code は原本の県名欄(調査を依頼した事務所の県)
75dc42da23d7653e,JP,material,特別調査（資材単価） 高山国道事務所 管理第二課,巻付ｸﾞﾘｯﾌﾟ,18φ用×1350 ZA-300(岩部ｱﾝｶｰ用),本,pref,21,岐阜県,管内統一,高国-管二-01#5,,4540,JPY,special_survey_price,published_pdl,,,2026-06-04,,cbr-tokuchou-shizai-r8-09-gifu,list_r8.09_shizai_高山国道.pdf p.1,https://www.cbr.mlit.go.jp/architecture/kensetsugijutsu/unit_price/zip/r08/list_r8.09_shizai_gifu.zip,PDL1.0,,中部地整の事務所が工事ごとに行った特別調査の報告価格(予定価格の積算に用いたもの。原本の頁の説明: 施工地域、時期、現場条件が異なる場合、単価が異なる場合がある)。調査依頼: 高山国道事務所 管理第二課 高国-管二-01 資材番号 5。調査区分: No.1に含む。材工区分: 資材価格。単価適用地域: 管内統一。報告月: R8.6.4。備考: 現場車上渡し。消費税の扱いは原本に記載なし。geo_code は原本の県名欄(調査を依頼した事務所の県)
41368bd6b59e6679,JP,material,特別調査（資材単価） 高山国道事務所 管理第二課,岩部用ｱﾝｶｰA,D25(M24)×1000,本,pref,21,岐阜県,管内統一,高国-管二-01#6,,9850,JPY,special_survey_price,published_pdl,,,2026-06-04,,cbr-tokuchou-shizai-r8-09-gifu,list_r8.09_shizai_高山国道.pdf p.1,https://www.cbr.mlit.go.jp/architecture/kensetsugijutsu/unit_price/zip/r08/list_r8.09_shizai_gifu.zip,PDL1.0,,中部地整の事務所が工事ごとに行った特別調査の報告価格(予定価格の積算に用いたもの。原本の頁の説明: 施工地域、時期、現場条件が異なる場合、単価が異なる場合がある)。調査依頼: 高山国道事務所 管理第二課 高国-管二-01 資材番号 6。調査区分: Ａ－①。材工区分: 資材価格。単価適用地域: 管内統一。報告月: R8.6.4。備考: 現場車上渡し。消費税の扱いは原本に記載なし。geo_code は原本の県名欄(調査を依頼した事務所の県)
da9828bad74c074f,JP,material,特別調査（資材単価） 高山国道事務所 管理第二課,岩部用ｱﾝｶｰB,D25(M24)×1000,本,pref,21,岐阜県,管内統一,高国-管二-01#7,,9410,JPY,special_survey_price,published_pdl,,,2026-06-04,,cbr-tokuchou-shizai-r8-09-gifu,list_r8.09_shizai_高山国道.pdf p.1,https://www.cbr.mlit.go.jp/architecture/kensetsugijutsu/unit_price/zip/r08/list_r8.09_shizai_gifu.zip,PDL1.0,,中部地整の事務所が工事ごとに行った特別調査の報告価格(予定価格の積算に用いたもの。原本の頁の説明: 施工地域、時期、現場条件が異なる場合、単価が異なる場合がある)。調査依頼: 高山国道事務所 管理第二課 高国-管二-01 資材番号 7。調査区分: No.6に含む。材工区分: 資材価格。単価適用地域: 管内統一。報告月: R8.6.4。備考: 現場車上渡し。消費税の扱いは原本に記載なし。geo_code は原本の県名欄(調査を依頼した事務所の県)
01218a9921bc05ff,JP,material,特別調査（資材単価） 高山国道事務所 管理第二課,岩部用ｱﾝｶｰA,D25(M24)×1500,本,pref,21,岐阜県,管内統一,高国-管二-01#8,,13200,JPY,special_survey_price,published_pdl,,,2026-06-04,,cbr-tokuchou-shizai-r8-09-gifu,list_r8.09_shizai_高山国道.pdf p.1,https://www.cbr.mlit.go.jp/architecture/kensetsugijutsu/unit_price/zip/r08/list_r8.09_shizai_gifu.zip,PDL1.0,,中部地整の事務所が工事ごとに行った特別調査の報告価格(予定価格の積算に用いたもの。原本の頁の説明: 施工地域、時期、現場条件が異なる場合、単価が異なる場合がある)。調査依頼: 高山国道事務所 管理第二課 高国-管二-01 資材番号 8。調査区分: No.6に含む。材工区分: 資材価格。単価適用地域: 管内統一。報告月: R8.6.4。備考: 現場車上渡し。消費税の扱いは原本に記載なし。geo_code は原本の県名欄(調査を依頼した事務所の県)
19209a304a300f25,JP,material,特別調査（資材単価） 高山国道事務所 管理第二課,岩部用ｱﾝｶｰB,D25(M24)×1500,本,pref,21,岐阜県,管内統一,高国-管二-01#9,,13000,JPY,special_survey_price,published_pdl,,,2026-06-04,,cbr-tokuchou-shizai-r8-09-gifu,list_r8.09_shizai_高山国道.pdf p.1,https://www.cbr.mlit.go.jp/architecture/kensetsugijutsu/unit_price/zip/r08/list_r8.09_shizai_gifu.zip,PDL1.0,,中部地整の事務所が工事ごとに行った特別調査の報告価格(予定価格の積算に用いたもの。原本の頁の説明: 施工地域、時期、現場条件が異なる場合、単価が異なる場合がある)。調査依頼: 高山国道事務所 管理第二課 高国-管二-01 資材番号 9。調査区分: No.6に含む。材工区分: 資材価格。単価適用地域: 管内統一。報告月: R8.6.4。備考: 現場車上渡し。消費税の扱いは原本に記載なし。geo_code は原本の県名欄(調査を依頼した事務所の県)
3fe045d7a0653a95,JP,material,特別調査（資材単価） 高山国道事務所 管理第二課,岩部用ｱﾝｶｰ,D32(M30)×1000,本,pref,21,岐阜県,管内統一,高国-管二-01#10,,13900,JPY,special_survey_price,published_pdl,,,2026-06-04,,cbr-tokuchou-shizai-r8-09-gifu,list_r8.09_shizai_高山国道.pdf p.1,https://www.cbr.mlit.go.jp/architecture/kensetsugijutsu/unit_price/zip/r08/list_r8.09_shizai_gifu.zip,PDL1.0,,中部地整の事務所が工事ごとに行った特別調査の報告価格(予定価格の積算に用いたもの。原本の頁の説明: 施工地域、時期、現場条件が異なる場合、単価が異なる場合がある)。調査依頼: 高山国道事務所 管理第二課 高国-管二-01 資材番号 10。調査区分: No.6に含む。材工区分: 資材価格。単価適用地域: 管内統一。報告月: R8.6.4。備考: 現場車上渡し。消費税の扱いは原本に記載なし。geo_code は原本の県名欄(調査を依頼した事務所の県)
55c2996b2b308457,JP,material,特別調査（資材単価） 高山国道事務所 管理第二課,岩部用ｱﾝｶｰ,D32(M30)×1500,本,pref,21,岐阜県,管内統一,高国-管二-01#11,,17900,JPY,special_survey_price,published_pdl,,,2026-06-04,,cbr-tokuchou-shizai-r8-09-gifu,list_r8.09_shizai_高山国道.pdf p.1,https://www.cbr.mlit.go.jp/architecture/kensetsugijutsu/unit_price/zip/r08/list_r8.09_shizai_gifu.zip,PDL1.0,,中部地整の事務所が工事ごとに行った特別調査の報告価格(予定価格の積算に用いたもの。原本の頁の説明: 施工地域、時期、現場条件が異なる場合、単価が異なる場合がある)。調査依頼: 高山国道事務所 管理第二課 高国-管二-01 資材番号 11。調査区分: No.6に含む。材工区分: 資材価格。単価適用地域: 管内統一。報告月: R8.6.4。備考: 現場車上渡し。消費税の扱いは原本に記載なし。geo_code は原本の県名欄(調査を依頼した事務所の県)
3975e34bfb20c439,JP,material,特別調査（資材単価） 高山国道事務所 管理第二課,土砂部用アンカーＡ,φ114.3×4.5-1550 380φ×430,本,pref,21,岐阜県,管内統一,高国-管二-01#12,,40800,JPY,special_survey_price,published_pdl,,,2026-06-04,,cbr-tokuchou-shizai-r8-09-gifu,list_r8.09_shizai_高山国道.pdf p.1,https://www.cbr.mlit.go.jp/architecture/kensetsugijutsu/unit_price/zip/r08/list_r8.09_shizai_gifu.zip,PDL1.0,,中部地整の事務所が工事ごとに行った特別調査の報告価格(予定価格の積算に用いたもの。原本の頁の説明: 施工地域、時期、現場条件が異なる場合、単価が異なる場合がある)。調査依頼: 高山国道事務所 管理第二課 高国-管二-01 資材番号 12。調査区分: Ａ－①。材工区分: 資材価格。単価適用地域: 管内統一。報告月: R8.6.4。備考: 現場車上渡し。消費税の扱いは原本に記載なし。geo_code は原本の県名欄(調査を依頼した事務所の県)
6889931d9f7ce833,JP,material,特別調査（資材単価） 高山国道事務所 管理第二課,土砂部用アンカーＢ,φ114.3×4.5-1550 380φ×430,本,pref,21,岐阜県,管内統一,高国-管二-01#13,,41500,JPY,special_survey_price,published_pdl,,,2026-06-04,,cbr-tokuchou-shizai-r8-09-gifu,list_r8.09_shizai_高山国道.pdf p.1,https://www.cbr.mlit.go.jp/architecture/kensetsugijutsu/unit_price/zip/r08/list_r8.09_shizai_gifu.zip,PDL1.0,,中部地整の事務所が工事ごとに行った特別調査の報告価格(予定価格の積算に用いたもの。原本の頁の説明: 施工地域、時期、現場条件が異なる場合、単価が異なる場合がある)。調査依頼: 高山国道事務所 管理第二課 高国-管二-01 資材番号 13。調査区分: No.12に含む。材工区分: 資材価格。単価適用地域: 管内統一。報告月: R8.6.4。備考: 現場車上渡し。消費税の扱いは原本に記載なし。geo_code は原本の県名欄(調査を依頼した事務所の県)
e2ff71c5c05cf9c3,JP,material,特別調査（資材単価） 高山国道事務所 管理第二課,交点ｸﾞﾘｯﾌﾟ,14φ用（最上段主ﾛｰﾌﾟ用）,個,pref,21,岐阜県,管内統一,高国-管二-01#14,,3740,JPY,special_survey_price,published_pdl,,,2026-06-04,,cbr-tokuchou-shizai-r8-09-gifu,list_r8.09_shizai_高山国道.pdf p.1,https://www.cbr.mlit.go.jp/architecture/kensetsugijutsu/unit_price/zip/r08/list_r8.09_shizai_gifu.zip,PDL1.0,,中部地整の事務所が工事ごとに行った特別調査の報告価格(予定価格の積算に用いたもの。原本の頁の説明: 施工地域、時期、現場条件が異なる場合、単価が異なる場合がある)。調査依頼: 高山国道事務所 管理第二課 高国-管二-01 資材番号 14。調査区分: Ａ－①。材工区分: 資材価格。単価適用地域: 管内統一。報告月: R8.6.4。備考: 現場車上渡し。消費税の扱いは原本に記載なし。geo_code は原本の県名欄(調査を依頼した事務所の県)
4073019c03a6b00a,JP,material,特別調査（資材単価） 高山国道事務所 管理第二課,交点ｱﾝｶｰｸﾞﾘｯﾌﾟ,14φ用（岩部用ｱﾝｶｰB用）,個,pref,21,岐阜県,管内統一,高国-管二-01#15,,3500,JPY,special_survey_price,published_pdl,,,2026-06-04,,cbr-tokuchou-shizai-r8-09-gifu,list_r8.09_shizai_高山国道.pdf p.1,https://www.cbr.mlit.go.jp/architecture/kensetsugijutsu/unit_price/zip/r08/list_r8.09_shizai_gifu.zip,PDL1.0,,中部地整の事務所が工事ごとに行った特別調査の報告価格(予定価格の積算に用いたもの。原本の頁の説明: 施工地域、時期、現場条件が異なる場合、単価が異なる場合がある)。調査依頼: 高山国道事務所 管理第二課 高国-管二-01 資材番号 15。調査区分: Ａ－①。材工区分: 資材価格。単価適用地域: 管内統一。報告月: R8.6.4。備考: 現場車上渡し。消費税の扱いは原本に記載なし。geo_code は原本の県名欄(調査を依頼した事務所の県)
c5153f857f4be974,JP,material,特別調査（資材単価） 高山国道事務所 管理第二課,交点ｸﾞﾘｯﾌﾟ,18φ用,個,pref,21,岐阜県,管内統一,高国-管二-01#16,,8440,JPY,special_survey_price,published_pdl,,,2026-06-04,,cbr-tokuchou-shizai-r8-09-gifu,list_r8.09_shizai_高山国道.pdf p.1,https://www.cbr.mlit.go.jp/architecture/kensetsugijutsu/unit_price/zip/r08/list_r8.09_shizai_gifu.zip,PDL1.0,,中部地整の事務所が工事ごとに行った特別調査の報告価格(予定価格の積算に用いたもの。原本の頁の説明: 施工地域、時期、現場条件が異なる場合、単価が異なる場合がある)。調査依頼: 高山国道事務所 管理第二課 高国-管二-01 資材番号 16。調査区分: No.14に含む。材工区分: 資材価格。単価適用地域: 管内統一。報告月: R8.6.4。備考: 現場車上渡し。消費税の扱いは原本に記載なし。geo_code は原本の県名欄(調査を依頼した事務所の県)
a764585fa8b41ffa,JP,material,特別調査（資材単価） 高山国道事務所 管理第二課,ﾀｰﾝﾊﾞｯｸﾙ取付金具,岩部用ｱﾝｶｰ用,個,pref,21,岐阜県,管内統一,高国-管二-01#17,,2560,JPY,special_survey_price,published_pdl,,,2026-06-04,,cbr-tokuchou-shizai-r8-09-gifu,list_r8.09_shizai_高山国道.pdf p.1,https://www.cbr.mlit.go.jp/architecture/kensetsugijutsu/unit_price/zip/r08/list_r8.09_shizai_gifu.zip,PDL1.0,,中部地整の事務所が工事ごとに行った特別調査の報告価格(予定価格の積算に用いたもの。原本の頁の説明: 施工地域、時期、現場条件が異なる場合、単価が異なる場合がある)。調査依頼: 高山国道事務所 管理第二課 高国-管二-01 資材番号 17。調査区分: Ａ－①。材工区分: 資材価格。単価適用地域: 管内統一。報告月: R8.6.4。備考: 現場車上渡し。消費税の扱いは原本に記載なし。geo_code は原本の県名欄(調査を依頼した事務所の県)
9140f784fcf3834a,JP,material,特別調査（資材単価） 高山国道事務所 管理第二課,目地モルタル,岩接着ﾓﾙﾀﾙ 配合20:3(DKﾎﾞﾝﾄﾞﾓﾙﾀﾙ同等品以上),ｋｇ,pref,21,岐阜県,管内統一,高国-管二-01#18,,290,JPY,special_survey_price,published_pdl,,,2026-06-04,,cbr-tokuchou-shizai-r8-09-gifu,list_r8.09_shizai_高山国道.pdf p.2,https://www.cbr.mlit.go.jp/architecture/kensetsugijutsu/unit_price/zip/r08/list_r8.09_shizai_gifu.zip,PDL1.0,,中部地整の事務所が工事ごとに行った特別調査の報告価格(予定価格の積算に用いたもの。原本の頁の説明: 施工地域、時期、現場条件が異なる場合、単価が異なる場合がある)。調査依頼: 高山国道事務所 管理第二課 高国-管二-01 資材番号 18。調査区分: Ａ－①。材工区分: 資材価格。単価適用地域: 管内統一。報告月: R8.6.4。備考: 現場車上渡し。消費税の扱いは原本に記載なし。geo_code は原本の県名欄(調査を依頼した事務所の県)
f463a5644ca6a1fa,JP,material,特別調査（資材単価） 高山国道事務所 管理第二課,注入モルタル,岩接着ﾓﾙﾀﾙ 配合20:0.75:5 (DKﾎﾞﾝﾄﾞﾓﾙﾀﾙ同等品以上),ｋｇ,pref,21,岐阜県,管内統一,高国-管二-01#19,,320,JPY,special_survey_price,published_pdl,,,2026-06-04,,cbr-tokuchou-shizai-r8-09-gifu,list_r8.09_shizai_高山国道.pdf p.2,https://www.cbr.mlit.go.jp/architecture/kensetsugijutsu/unit_price/zip/r08/list_r8.09_shizai_gifu.zip,PDL1.0,,中部地整の事務所が工事ごとに行った特別調査の報告価格(予定価格の積算に用いたもの。原本の頁の説明: 施工地域、時期、現場条件が異なる場合、単価が異なる場合がある)。調査依頼: 高山国道事務所 管理第二課 高国-管二-01 資材番号 19。調査区分: Ａ－①。材工区分: 資材価格。単価適用地域: 管内統一。報告月: R8.6.4。備考: 現場車上渡し。消費税の扱いは原本に記載なし。geo_code は原本の県名欄(調査を依頼した事務所の県)
8ed52af95922c28f,JP,material,特別調査（資材単価） 高山国道事務所 管理第二課,ｲｰｼﾞｰﾈｯﾄ,H3.3m×W8.0m 70kj 2枚重ね,枚,pref,21,岐阜県,管内統一,高国-管二-01#20,,377000,JPY,special_survey_price,published_pdl,,,2026-06-04,,cbr-tokuchou-shizai-r8-09-gifu,list_r8.09_shizai_高山国道.pdf p.2,https://www.cbr.mlit.go.jp/architecture/kensetsugijutsu/unit_price/zip/r08/list_r8.09_shizai_gifu.zip,PDL1.0,,中部地整の事務所が工事ごとに行った特別調査の報告価格(予定価格の積算に用いたもの。原本の頁の説明: 施工地域、時期、現場条件が異なる場合、単価が異なる場合がある)。調査依頼: 高山国道事務所 管理第二課 高国-管二-01 資材番号 20。調査区分: Ａ－①。材工区分: 資材価格。単価適用地域: 管内統一。報告月: R8.6.4。備考: 現場車上渡しｲｰｼﾞｰﾈｯﾄ工法。消費税の扱いは原本に記載なし。geo_code は原本の県名欄(調査を依頼した事務所の県)
47d2c84c10286f3d,JP,material,特別調査（資材単価） 高山国道事務所 管理第二課,ｲｰｼﾞｰﾈｯﾄ,H3.3m×W7.0m 70kj 2枚重ね,枚,pref,21,岐阜県,管内統一,高国-管二-01#21,,358000,JPY,special_survey_price,published_pdl,,,2026-06-04,,cbr-tokuchou-shizai-r8-09-gifu,list_r8.09_shizai_高山国道.pdf p.2,https://www.cbr.mlit.go.jp/architecture/kensetsugijutsu/unit_price/zip/r08/list_r8.09_shizai_gifu.zip,PDL1.0,,中部地整の事務所が工事ごとに行った特別調査の報告価格(予定価格の積算に用いたもの。原本の頁の説明: 施工地域、時期、現場条件が異なる場合、単価が異なる場合がある)。調査依頼: 高山国道事務所 管理第二課 高国-管二-01 資材番号 21。調査区分: No.20に含む。材工区分: 資材価格。単価適用地域: 管内統一。報告月: R8.6.4。備考: 現場車上渡しｲｰｼﾞｰﾈｯﾄ工法。消費税の扱いは原本に記載なし。geo_code は原本の県名欄(調査を依頼した事務所の県)
53dcf2fd2e44ef8d,JP,material,特別調査（資材単価） 高山国道事務所 管理第二課,ｲｰｼﾞｰﾈｯﾄ,H3.3m×W6.0m 70kj 2枚重ね,枚,pref,21,岐阜県,管内統一,高国-管二-01#22,,298000,JPY,special_survey_price,published_pdl,,,2026-06-04,,cbr-tokuchou-shizai-r8-09-gifu,list_r8.09_shizai_高山国道.pdf p.2,https://www.cbr.mlit.go.jp/architecture/kensetsugijutsu/unit_price/zip/r08/list_r8.09_shizai_gifu.zip,PDL1.0,,中部地整の事務所が工事ごとに行った特別調査の報告価格(予定価格の積算に用いたもの。原本の頁の説明: 施工地域、時期、現場条件が異なる場合、単価が異なる場合がある)。調査依頼: 高山国道事務所 管理第二課 高国-管二-01 資材番号 22。調査区分: No.20に含む。材工区分: 資材価格。単価適用地域: 管内統一。報告月: R8.6.4。備考: 現場車上渡しｲｰｼﾞｰﾈｯﾄ工法。消費税の扱いは原本に記載なし。geo_code は原本の県名欄(調査を依頼した事務所の県)
13aefd63df7c4a9b,JP,material,特別調査（資材単価） 高山国道事務所 管理第二課,ｲｰｼﾞｰﾈｯﾄ(ﾎﾞﾄﾑﾈｯﾄ),H2.3m×W8.0m 70kj 2枚重ね,枚,pref,21,岐阜県,管内統一,高国-管二-01#23,,305000,JPY,special_survey_price,published_pdl,,,2026-06-04,,cbr-tokuchou-shizai-r8-09-gifu,list_r8.09_shizai_高山国道.pdf p.2,https://www.cbr.mlit.go.jp/architecture/kensetsugijutsu/unit_price/zip/r08/list_r8.09_shizai_gifu.zip,PDL1.0,,中部地整の事務所が工事ごとに行った特別調査の報告価格(予定価格の積算に用いたもの。原本の頁の説明: 施工地域、時期、現場条件が異なる場合、単価が異なる場合がある)。調査依頼: 高山国道事務所 管理第二課 高国-管二-01 資材番号 23。調査区分: No.20に含む。材工区分: 資材価格。単価適用地域: 管内統一。報告月: R8.6.4。備考: 現場車上渡しｲｰｼﾞｰﾈｯﾄ工法。消費税の扱いは原本に記載なし。geo_code は原本の県名欄(調査を依頼した事務所の県)
178f51b7113ef0aa,JP,material,特別調査（資材単価） 高山国道事務所 管理第二課,ﾛｰﾌﾟ,ｴｰｽﾗｲﾝ10φ,m,pref,21,岐阜県,管内統一,高国-管二-01#24,,3360,JPY,special_survey_price,published_pdl,,,2026-06-04,,cbr-tokuchou-shizai-r8-09-gifu,list_r8.09_shizai_高山国道.pdf p.2,https://www.cbr.mlit.go.jp/architecture/kensetsugijutsu/unit_price/zip/r08/list_r8.09_shizai_gifu.zip,PDL1.0,,中部地整の事務所が工事ごとに行った特別調査の報告価格(予定価格の積算に用いたもの。原本の頁の説明: 施工地域、時期、現場条件が異なる場合、単価が異なる場合がある)。調査依頼: 高山国道事務所 管理第二課 高国-管二-01 資材番号 24。調査区分: Ａ－①。材工区分: 資材価格。単価適用地域: 管内統一。報告月: R8.6.4。備考: 現場車上渡しｲｰｼﾞｰﾈｯﾄ工法材料ﾛｽ率:10%。消費税の扱いは原本に記載なし。geo_code は原本の県名欄(調査を依頼した事務所の県)
68d336c3497c46a9,JP,material,特別調査（資材単価） 高山国道事務所 管理第二課,控え繊維ﾛｰﾌﾟ,ｴｽﾃﾙﾄｴﾙ 18mm,m,pref,21,岐阜県,管内統一,高国-管二-01#25,,1690,JPY,special_survey_price,published_pdl,,,2026-06-04,,cbr-tokuchou-shizai-r8-09-gifu,list_r8.09_shizai_高山国道.pdf p.2,https://www.cbr.mlit.go.jp/architecture/kensetsugijutsu/unit_price/zip/r08/list_r8.09_shizai_gifu.zip,PDL1.0,,中部地整の事務所が工事ごとに行った特別調査の報告価格(予定価格の積算に用いたもの。原本の頁の説明: 施工地域、時期、現場条件が異なる場合、単価が異なる場合がある)。調査依頼: 高山国道事務所 管理第二課 高国-管二-01 資材番号 25。調査区分: Ａ－①。材工区分: 資材価格。単価適用地域: 管内統一。報告月: R8.6.4。備考: 現場車上渡しｲｰｼﾞｰﾈｯﾄ工法材料ﾛｽ率:10%。消費税の扱いは原本に記載なし。geo_code は原本の県名欄(調査を依頼した事務所の県)
ff31b3a70e3169ee,JP,material,特別調査（資材単価） 高山国道事務所 管理第二課,ﾈｯﾄ接続用ﾛｰﾌﾟ,ｴｽﾃﾙﾄｴﾙ 12mm,m,pref,21,岐阜県,管内統一,高国-管二-01#26,,780,JPY,special_survey_price,published_pdl,,,2026-06-04,,cbr-tokuchou-shizai-r8-09-gifu,list_r8.09_shizai_高山国道.pdf p.3,https://www.cbr.mlit.go.jp/architecture/kensetsugijutsu/unit_price/zip/r08/list_r8.09_shizai_gifu.zip,PDL1.0,,中部地整の事務所が工事ごとに行った特別調査の報告価格(予定価格の積算に用いたもの。原本の頁の説明: 施工地域、時期、現場条件が異なる場合、単価が異なる場合がある)。調査依頼: 高山国道事務所 管理第二課 高国-管二-01 資材番号 26。調査区分: Ａ－①。材工区分: 資材価格。単価適用地域: 管内統一。報告月: R8.6.4。備考: 現場車上渡しｲｰｼﾞｰﾈｯﾄ工法ﾛｰﾌﾟ巻付補正率:250%。消費税の扱いは原本に記載なし。geo_code は原本の県名欄(調査を依頼した事務所の県)
4bb71f74d5b8c39e,JP,material,特別調査（資材単価） 高山国道事務所 管理第二課,立木接続用ﾛｰﾌﾟ,ｴｽﾃﾙﾄｴﾙ 12mm,m,pref,21,岐阜県,管内統一,高国-管二-01#27,,780,JPY,special_survey_price,published_pdl,,,2026-06-04,,cbr-tokuchou-shizai-r8-09-gifu,list_r8.09_shizai_高山国道.pdf p.3,https://www.cbr.mlit.go.jp/architecture/kensetsugijutsu/unit_price/zip/r08/list_r8.09_shizai_gifu.zip,PDL1.0,,中部地整の事務所が工事ごとに行った特別調査の報告価格(予定価格の積算に用いたもの。原本の頁の説明: 施工地域、時期、現場条件が異なる場合、単価が異なる場合がある)。調査依頼: 高山国道事務所 管理第二課 高国-管二-01 資材番号 27。調査区分: Ａ－①。材工区分: 資材価格。単価適用地域: 管内統一。報告月: R8.6.4。備考: 現場車上渡しｲｰｼﾞｰﾈｯﾄ工法材料ﾛｽ率:10%。消費税の扱いは原本に記載なし。geo_code は原本の県名欄(調査を依頼した事務所の県)
da97d692cd01ebe1,JP,material,特別調査（資材単価） 高山国道事務所 管理第二課,立木保護ｼｰﾄ,ｽﾃﾗﾌｪﾙﾄ t=10mm×500×2000,枚,pref,21,岐阜県,管内統一,高国-管二-01#28,,1270,JPY,special_survey_price,published_pdl,,,2026-06-04,,cbr-tokuchou-shizai-r8-09-gifu,list_r8.09_shizai_高山国道.pdf p.3,https://www.cbr.mlit.go.jp/architecture/kensetsugijutsu/unit_price/zip/r08/list_r8.09_shizai_gifu.zip,PDL1.0,,中部地整の事務所が工事ごとに行った特別調査の報告価格(予定価格の積算に用いたもの。原本の頁の説明: 施工地域、時期、現場条件が異なる場合、単価が異なる場合がある)。調査依頼: 高山国道事務所 管理第二課 高国-管二-01 資材番号 28。調査区分: Ａ－①。材工区分: 資材価格。単価適用地域: 管内統一。報告月: R8.6.4。備考: 現場車上渡しｲｰｼﾞｰﾈｯﾄ工法。消費税の扱いは原本に記載なし。geo_code は原本の県名欄(調査を依頼した事務所の県)
15b6eff9cbee80dd,JP,material,特別調査（資材単価） 高山国道事務所 管理第二課,ﾈｯﾄ取付金具,AKﾌﾞﾛｯｸS型 AK1635同等品以上,個,pref,21,岐阜県,管内統一,高国-管二-01#29,,7440,JPY,special_survey_price,published_pdl,,,2026-06-04,,cbr-tokuchou-shizai-r8-09-gifu,list_r8.09_shizai_高山国道.pdf p.3,https://www.cbr.mlit.go.jp/architecture/kensetsugijutsu/unit_price/zip/r08/list_r8.09_shizai_gifu.zip,PDL1.0,,中部地整の事務所が工事ごとに行った特別調査の報告価格(予定価格の積算に用いたもの。原本の頁の説明: 施工地域、時期、現場条件が異なる場合、単価が異なる場合がある)。調査依頼: 高山国道事務所 管理第二課 高国-管二-01 資材番号 29。調査区分: Ａ－①。材工区分: 資材価格。単価適用地域: 管内統一。報告月: R8.6.4。備考: 現場車上渡しｲｰｼﾞｰﾈｯﾄ工法。消費税の扱いは原本に記載なし。geo_code は原本の県名欄(調査を依頼した事務所の県)
bae2781752e2bdce,JP,material,特別調査（資材単価） 高山国道事務所 管理第二課,ﾈｯﾄ取付金具,ｲｰｼﾞｰﾈｯﾄ用,個,pref,21,岐阜県,管内統一,高国-管二-01#30,,1290,JPY,special_survey_price,published_pdl,,,2026-06-04,,cbr-tokuchou-shizai-r8-09-gifu,list_r8.09_shizai_高山国道.pdf p.3,https://www.cbr.mlit.go.jp/architecture/kensetsugijutsu/unit_price/zip/r08/list_r8.09_shizai_gifu.zip,PDL1.0,,中部地整の事務所が工事ごとに行った特別調査の報告価格(予定価格の積算に用いたもの。原本の頁の説明: 施工地域、時期、現場条件が異なる場合、単価が異なる場合がある)。調査依頼: 高山国道事務所 管理第二課 高国-管二-01 資材番号 30。調査区分: No.29に含む。材工区分: 資材価格。単価適用地域: 管内統一。報告月: R8.6.4。備考: 現場車上渡しｲｰｼﾞｰﾈｯﾄ工法。消費税の扱いは原本に記載なし。geo_code は原本の県名欄(調査を依頼した事務所の県)
973948a8d17fb34e,JP,material,特別調査（資材単価） 高山国道事務所 管理第二課,ｴﾝﾄﾞﾚｽﾘﾝｸﾞ,ｴｽﾃﾙ8打 6mm,個,pref,21,岐阜県,管内統一,高国-管二-01#31,,1100,JPY,special_survey_price,published_pdl,,,2026-06-04,,cbr-tokuchou-shizai-r8-09-gifu,list_r8.09_shizai_高山国道.pdf p.3,https://www.cbr.mlit.go.jp/architecture/kensetsugijutsu/unit_price/zip/r08/list_r8.09_shizai_gifu.zip,PDL1.0,,中部地整の事務所が工事ごとに行った特別調査の報告価格(予定価格の積算に用いたもの。原本の頁の説明: 施工地域、時期、現場条件が異なる場合、単価が異なる場合がある)。調査依頼: 高山国道事務所 管理第二課 高国-管二-01 資材番号 31。調査区分: Ａ－①。材工区分: 資材価格。単価適用地域: 管内統一。報告月: R8.6.4。備考: 現場車上渡しｲｰｼﾞｰﾈｯﾄ工法。消費税の扱いは原本に記載なし。geo_code は原本の県名欄(調査を依頼した事務所の県)
0d0dd7be7d474bac,JP,material,特別調査（資材単価） 高山国道事務所 管理第二課,ﾈｯﾄ固定用補助ｱﾝｶｰ,φ13×L500,本,pref,21,岐阜県,管内統一,高国-管二-01#32,,2820,JPY,special_survey_price,published_pdl,,,2026-06-04,,cbr-tokuchou-shizai-r8-09-gifu,list_r8.09_shizai_高山国道.pdf p.3,https://www.cbr.mlit.go.jp/architecture/kensetsugijutsu/unit_price/zip/r08/list_r8.09_shizai_gifu.zip,PDL1.0,,中部地整の事務所が工事ごとに行った特別調査の報告価格(予定価格の積算に用いたもの。原本の頁の説明: 施工地域、時期、現場条件が異なる場合、単価が異なる場合がある)。調査依頼: 高山国道事務所 管理第二課 高国-管二-01 資材番号 32。調査区分: Ａ－①。材工区分: 資材価格。単価適用地域: 管内統一。報告月: R8.6.4。備考: 現場車上渡しｲｰｼﾞｰﾈｯﾄ工法。消費税の扱いは原本に記載なし。geo_code は原本の県名欄(調査を依頼した事務所の県)
11eadd3bb89acbf0,JP,material,特別調査（資材単価） 高山国道事務所 管理第二課,ﾜｲﾔｰｸﾘｯﾌﾟ,10φ用,個,pref,21,岐阜県,管内統一,高国-管二-01#33,,430,JPY,special_survey_price,published_pdl,,,2026-06-04,,cbr-tokuchou-shizai-r8-09-gifu,list_r8.09_shizai_高山国道.pdf p.3,https://www.cbr.mlit.go.jp/architecture/kensetsugijutsu/unit_price/zip/r08/list_r8.09_shizai_gifu.zip,PDL1.0,,中部地整の事務所が工事ごとに行った特別調査の報告価格(予定価格の積算に用いたもの。原本の頁の説明: 施工地域、時期、現場条件が異なる場合、単価が異なる場合がある)。調査依頼: 高山国道事務所 管理第二課 高国-管二-01 資材番号 33。調査区分: Ａ－①。材工区分: 資材価格。単価適用地域: 管内統一。報告月: R8.6.4。備考: 現場車上渡しｲｰｼﾞｰﾈｯﾄ工法。消費税の扱いは原本に記載なし。geo_code は原本の県名欄(調査を依頼した事務所の県)
cd876c955e6e45b2,JP,material,特別調査（資材単価） 高山国道事務所 管理第二課,前衛体,NF-BY(硅砂含む)同等品以上,個,pref,21,岐阜県,,高国-管二-02#3,,,JPY,special_survey_price,publication_based_not_public,,,2026-07-06,,cbr-tokuchou-shizai-r8-09-gifu,list_r8.09_shizai_高山国道.pdf p.3,https://www.cbr.mlit.go.jp/architecture/kensetsugijutsu/unit_price/zip/r08/list_r8.09_shizai_gifu.zip,PDL1.0,,中部地整の事務所が工事ごとに行った特別調査の報告価格(予定価格の積算に用いたもの。原本の頁の説明: 施工地域、時期、現場条件が異なる場合、単価が異なる場合がある)。調査依頼: 高山国道事務所 管理第二課 高国-管二-02 資材番号 3。調査区分: (空欄)。材工区分: 資材価格。単価適用地域: (空欄)。報告月: R8.7.6。備考: 建設物価P233。消費税の扱いは原本に記載なし。geo_code は原本の県名欄(調査を依頼した事務所の県)。価格欄: (空欄)
4fdcd4bfd9fc05e2,JP,material,特別調査（資材単価） 高山国道事務所 管理第二課,後衛体,NR-BY(硅砂含む)同等品以上,個,pref,21,岐阜県,管内統一,高国-管二-02#4,,149000,JPY,special_survey_price,published_pdl,,,2026-07-06,,cbr-tokuchou-shizai-r8-09-gifu,list_r8.09_shizai_高山国道.pdf p.4,https://www.cbr.mlit.go.jp/architecture/kensetsugijutsu/unit_price/zip/r08/list_r8.09_shizai_gifu.zip,PDL1.0,,中部地整の事務所が工事ごとに行った特別調査の報告価格(予定価格の積算に用いたもの。原本の頁の説明: 施工地域、時期、現場条件が異なる場合、単価が異なる場合がある)。調査依頼: 高山国道事務所 管理第二課 高国-管二-02 資材番号 4。調査区分: Ａ－①。材工区分: 資材価格。単価適用地域: 管内統一。報告月: R8.7.6。備考: 現場持ち込み価格。消費税の扱いは原本に記載なし。geo_code は原本の県名欄(調査を依頼した事務所の県)
6fb45e557f0b9faa,JP,material,特別調査（資材単価） 高山国道事務所 管理第二課,ｽﾁｰﾙ枠(前衛体用),SUS NF-S同等品以上,個,pref,21,岐阜県,管内統一,高国-管二-02#5,,57500,JPY,special_survey_price,published_pdl,,,2026-07-06,,cbr-tokuchou-shizai-r8-09-gifu,list_r8.09_shizai_高山国道.pdf p.4,https://www.cbr.mlit.go.jp/architecture/kensetsugijutsu/unit_price/zip/r08/list_r8.09_shizai_gifu.zip,PDL1.0,,中部地整の事務所が工事ごとに行った特別調査の報告価格(予定価格の積算に用いたもの。原本の頁の説明: 施工地域、時期、現場条件が異なる場合、単価が異なる場合がある)。調査依頼: 高山国道事務所 管理第二課 高国-管二-02 資材番号 5。調査区分: Ａ－①。材工区分: 資材価格。単価適用地域: 管内統一。報告月: R8.7.6。備考: 現場持ち込み価格。消費税の扱いは原本に記載なし。geo_code は原本の県名欄(調査を依頼した事務所の県)
3a3c77fb785c0939,JP,material,特別調査（資材単価） 高山国道事務所 管理第二課,ｽﾁｰﾙ枠(後衛体用),SUS NR-S同等品以上,個,pref,21,岐阜県,管内統一,高国-管二-02#6,,48900,JPY,special_survey_price,published_pdl,,,2026-07-06,,cbr-tokuchou-shizai-r8-09-gifu,list_r8.09_shizai_高山国道.pdf p.4,https://www.cbr.mlit.go.jp/architecture/kensetsugijutsu/unit_price/zip/r08/list_r8.09_shizai_gifu.zip,PDL1.0,,中部地整の事務所が工事ごとに行った特別調査の報告価格(予定価格の積算に用いたもの。原本の頁の説明: 施工地域、時期、現場条件が異なる場合、単価が異なる場合がある)。調査依頼: 高山国道事務所 管理第二課 高国-管二-02 資材番号 6。調査区分: No.5に含む。材工区分: 資材価格。単価適用地域: 管内統一。報告月: R8.7.6。備考: 現場持ち込み価格。消費税の扱いは原本に記載なし。geo_code は原本の県名欄(調査を依頼した事務所の県)
8fdbb877dcd7ad53,JP,material,特別調査（資材単価） 高山国道事務所 管理第二課,ｻﾝﾄﾞｸｯｼｮﾝ,SC1同等品以上,個,pref,21,岐阜県,管内統一,高国-管二-02#7,,4540,JPY,special_survey_price,published_pdl,,,2026-07-06,,cbr-tokuchou-shizai-r8-09-gifu,list_r8.09_shizai_高山国道.pdf p.4,https://www.cbr.mlit.go.jp/architecture/kensetsugijutsu/unit_price/zip/r08/list_r8.09_shizai_gifu.zip,PDL1.0,,中部地整の事務所が工事ごとに行った特別調査の報告価格(予定価格の積算に用いたもの。原本の頁の説明: 施工地域、時期、現場条件が異なる場合、単価が異なる場合がある)。調査依頼: 高山国道事務所 管理第二課 高国-管二-02 資材番号 7。調査区分: Ａ－①。材工区分: 資材価格。単価適用地域: 管内統一。報告月: R8.7.6。備考: 現場持ち込み価格。消費税の扱いは原本に記載なし。geo_code は原本の県名欄(調査を依頼した事務所の県)
8d743dff5f11a796,JP,material,特別調査（資材単価） 高山国道事務所 管理第二課,ｾﾝﾀｰﾌﾞﾛｯｸ標準,B120/200×H600×L2490同等品以上,基,pref,21,岐阜県,岐阜県,高国-管二-02#11,,238000,JPY,special_survey_price,published_pdl,,,2026-07-06,,cbr-tokuchou-shizai-r8-09-gifu,list_r8.09_shizai_高山国道.pdf p.4,https://www.cbr.mlit.go.jp/architecture/kensetsugijutsu/unit_price/zip/r08/list_r8.09_shizai_gifu.zip,PDL1.0,,中部地整の事務所が工事ごとに行った特別調査の報告価格(予定価格の積算に用いたもの。原本の頁の説明: 施工地域、時期、現場条件が異なる場合、単価が異なる場合がある)。調査依頼: 高山国道事務所 管理第二課 高国-管二-02 資材番号 11。調査区分: Ａ－①。材工区分: 資材価格。単価適用地域: 岐阜県。報告月: R8.7.6。備考: 現場持ち込み価格。消費税の扱いは原本に記載なし。geo_code は原本の県名欄(調査を依頼した事務所の県)
3bff3053df170a9c,JP,material,特別調査（資材単価） 高山国道事務所 管理第二課,ｽﾞﾚ止め防止,鋼板SUS t=1.5mm･固定ﾎﾞﾙﾄ含む,組,pref,21,岐阜県,岐阜県,高国-管二-02#12,,6300,JPY,special_survey_price,published_pdl,,,2026-07-06,,cbr-tokuchou-shizai-r8-09-gifu,list_r8.09_shizai_高山国道.pdf p.4,https://www.cbr.mlit.go.jp/architecture/kensetsugijutsu/unit_price/zip/r08/list_r8.09_shizai_gifu.zip,PDL1.0,,中部地整の事務所が工事ごとに行った特別調査の報告価格(予定価格の積算に用いたもの。原本の頁の説明: 施工地域、時期、現場条件が異なる場合、単価が異なる場合がある)。調査依頼: 高山国道事務所 管理第二課 高国-管二-02 資材番号 12。調査区分: Ａ－①。材工区分: 資材価格。単価適用地域: 岐阜県。報告月: R8.7.6。備考: 現場持ち込み価格。消費税の扱いは原本に記載なし。geo_code は原本の県名欄(調査を依頼した事務所の県)
a6097d4048e67656,JP,material,特別調査（資材単価） 高山国道事務所 管理第二課,ｾﾝﾀｰﾌﾞﾛｯｸ(ﾛｯｸﾎﾞﾙﾄ基礎)端部 土工部用,B120/200×H600×L2490 同等品以上,基,pref,21,岐阜県,岐阜県,高国-管二-02#13,,300000,JPY,special_survey_price,published_pdl,,,2026-07-06,,cbr-tokuchou-shizai-r8-09-gifu,list_r8.09_shizai_高山国道.pdf p.4,https://www.cbr.mlit.go.jp/architecture/kensetsugijutsu/unit_price/zip/r08/list_r8.09_shizai_gifu.zip,PDL1.0,,中部地整の事務所が工事ごとに行った特別調査の報告価格(予定価格の積算に用いたもの。原本の頁の説明: 施工地域、時期、現場条件が異なる場合、単価が異なる場合がある)。調査依頼: 高山国道事務所 管理第二課 高国-管二-02 資材番号 13。調査区分: No.11に含む。材工区分: 資材価格。単価適用地域: 岐阜県。報告月: R8.7.6。備考: 現場持ち込み価格。消費税の扱いは原本に記載なし。geo_code は原本の県名欄(調査を依頼した事務所の県)
a6b431794467a0f0,JP,material,特別調査（資材単価） 高山国道事務所 管理第二課,端部 土工部用 ﾛｯｸﾎﾞﾙﾄ,D19×L1030 ﾎﾞﾙﾄ･ﾜｯｼｬ･ｽﾍﾟｰｻｰ･ｶﾌﾟﾗｰ含む,組,pref,21,岐阜県,岐阜県,高国-管二-02#14,,19000,JPY,special_survey_price,published_pdl,,,2026-07-06,,cbr-tokuchou-shizai-r8-09-gifu,list_r8.09_shizai_高山国道.pdf p.4,https://www.cbr.mlit.go.jp/architecture/kensetsugijutsu/unit_price/zip/r08/list_r8.09_shizai_gifu.zip,PDL1.0,,中部地整の事務所が工事ごとに行った特別調査の報告価格(予定価格の積算に用いたもの。原本の頁の説明: 施工地域、時期、現場条件が異なる場合、単価が異なる場合がある)。調査依頼: 高山国道事務所 管理第二課 高国-管二-02 資材番号 14。調査区分: Ａ－①。材工区分: 資材価格。単価適用地域: 岐阜県。報告月: R8.7.6。備考: 無収縮ﾓﾙﾀﾙの材料費は除く現場持ち込み価格。消費税の扱いは原本に記載なし。geo_code は原本の県名欄(調査を依頼した事務所の県)
29b2cc6e5305f779,JP,material,特別調査（資材単価） 高山国道事務所 管理第二課,ｾﾝﾀｰﾌﾞﾛｯｸ伸縮 標準接続用,B120/200×H600×L2490 同等品以上,基,pref,21,岐阜県,岐阜県,高国-管二-02#15,,278000,JPY,special_survey_price,published_pdl,,,2026-07-06,,cbr-tokuchou-shizai-r8-09-gifu,list_r8.09_shizai_高山国道.pdf p.4,https://www.cbr.mlit.go.jp/architecture/kensetsugijutsu/unit_price/zip/r08/list_r8.09_shizai_gifu.zip,PDL1.0,,中部地整の事務所が工事ごとに行った特別調査の報告価格(予定価格の積算に用いたもの。原本の頁の説明: 施工地域、時期、現場条件が異なる場合、単価が異なる場合がある)。調査依頼: 高山国道事務所 管理第二課 高国-管二-02 資材番号 15。調査区分: Ａ－①。材工区分: 資材価格。単価適用地域: 岐阜県。報告月: R8.7.6。備考: 現場持ち込み価格。消費税の扱いは原本に記載なし。geo_code は原本の県名欄(調査を依頼した事務所の県)
6b1d14fcf68006f8,JP,material,特別調査（資材単価） 高山国道事務所 管理第二課,ｾﾝﾀｰﾌﾞﾛｯｸ伸縮 調整接続用,B120/200×H600×L2490 同等品以上,基,pref,21,岐阜県,岐阜県,高国-管二-02#16,,335000,JPY,special_survey_price,published_pdl,,,2026-07-06,,cbr-tokuchou-shizai-r8-09-gifu,list_r8.09_shizai_高山国道.pdf p.4,https://www.cbr.mlit.go.jp/architecture/kensetsugijutsu/unit_price/zip/r08/list_r8.09_shizai_gifu.zip,PDL1.0,,中部地整の事務所が工事ごとに行った特別調査の報告価格(予定価格の積算に用いたもの。原本の頁の説明: 施工地域、時期、現場条件が異なる場合、単価が異なる場合がある)。調査依頼: 高山国道事務所 管理第二課 高国-管二-02 資材番号 16。調査区分: No.15に含む。材工区分: 資材価格。単価適用地域: 岐阜県。報告月: R8.7.6。備考: 現場持ち込み価格。消費税の扱いは原本に記載なし。geo_code は原本の県名欄(調査を依頼した事務所の県)
18166d4a166e693d,JP,material,特別調査（資材単価） 高山国道事務所 管理第二課,ｾﾝﾀｰﾌﾞﾛｯｸ調整A L=1650～2450,B120/200×H600×L1650～2450 同等品以上,基,pref,21,岐阜県,岐阜県,高国-管二-02#17,,303000,JPY,special_survey_price,published_pdl,,,2026-07-06,,cbr-tokuchou-shizai-r8-09-gifu,list_r8.09_shizai_高山国道.pdf p.4,https://www.cbr.mlit.go.jp/architecture/kensetsugijutsu/unit_price/zip/r08/list_r8.09_shizai_gifu.zip,PDL1.0,,中部地整の事務所が工事ごとに行った特別調査の報告価格(予定価格の積算に用いたもの。原本の頁の説明: 施工地域、時期、現場条件が異なる場合、単価が異なる場合がある)。調査依頼: 高山国道事務所 管理第二課 高国-管二-02 資材番号 17。調査区分: Ａ－①。材工区分: 資材価格。単価適用地域: 岐阜県。報告月: R8.7.6。備考: 現場持ち込み価格。消費税の扱いは原本に記載なし。geo_code は原本の県名欄(調査を依頼した事務所の県)
92722dcb4e0abdf7,JP,material,特別調査（資材単価） 高山国道事務所 管理第二課,ｾﾝﾀｰﾌﾞﾛｯｸ調整B L=1650～2450,B120/200×H600×L1650～2450 同等品以上,基,pref,21,岐阜県,岐阜県,高国-管二-02#18,,277000,JPY,special_survey_price,published_pdl,,,2026-07-06,,cbr-tokuchou-shizai-r8-09-gifu,list_r8.09_shizai_高山国道.pdf p.4,https://www.cbr.mlit.go.jp/architecture/kensetsugijutsu/unit_price/zip/r08/list_r8.09_shizai_gifu.zip,PDL1.0,,中部地整の事務所が工事ごとに行った特別調査の報告価格(予定価格の積算に用いたもの。原本の頁の説明: 施工地域、時期、現場条件が異なる場合、単価が異なる場合がある)。調査依頼: 高山国道事務所 管理第二課 高国-管二-02 資材番号 18。調査区分: No.17に含む。材工区分: 資材価格。単価適用地域: 岐阜県。報告月: R8.7.6。備考: 現場持ち込み価格。消費税の扱いは原本に記載なし。geo_code は原本の県名欄(調査を依頼した事務所の県)
3699549809532571,JP,material,特別調査（資材単価） 高山国道事務所 管理第二課,視線誘導標,φ80 H=800 自発光式,本,pref,21,岐阜県,管内統一,高国-管二-02#21,,42700,JPY,special_survey_price,published_pdl,,,2026-07-06,,cbr-tokuchou-shizai-r8-09-gifu,list_r8.09_shizai_高山国道.pdf p.4,https://www.cbr.mlit.go.jp/architecture/kensetsugijutsu/unit_price/zip/r08/list_r8.09_shizai_gifu.zip,PDL1.0,,中部地整の事務所が工事ごとに行った特別調査の報告価格(予定価格の積算に用いたもの。原本の頁の説明: 施工地域、時期、現場条件が異なる場合、単価が異なる場合がある)。調査依頼: 高山国道事務所 管理第二課 高国-管二-02 資材番号 21。調査区分: Ａ－①。材工区分: 資材価格。単価適用地域: 管内統一。報告月: R8.7.6。備考: 視線誘導標（AM-GW-D）及び車線分離標（LDTR-80-94-MZ）を含む現場持ち込み価格。消費税の扱いは原本に記載なし。geo_code は原本の県名欄(調査を依頼した事務所の県)
2b9aab1ae1cf923d,JP,material,特別調査（資材単価） 高山国道事務所 管理第二課,標識柱,φ60.5×3.2t×1800,本,pref,21,岐阜県,,高国-管二-03#2,,,JPY,special_survey_price,not_set,,,2026-07-03,,cbr-tokuchou-shizai-r8-09-gifu,list_r8.09_shizai_高山国道.pdf p.5,https://www.cbr.mlit.go.jp/architecture/kensetsugijutsu/unit_price/zip/r08/list_r8.09_shizai_gifu.zip,PDL1.0,,中部地整の事務所が工事ごとに行った特別調査の報告価格(予定価格の積算に用いたもの。原本の頁の説明: 施工地域、時期、現場条件が異なる場合、単価が異なる場合がある)。調査依頼: 高山国道事務所 管理第二課 高国-管二-03 資材番号 2。調査区分: (空欄)。材工区分: 資材価格。単価適用地域: (空欄)。報告月: R8.7.3。備考: 調査中止。消費税の扱いは原本に記載なし。geo_code は原本の県名欄(調査を依頼した事務所の県)。価格欄: (空欄)
4820535b7b617631,JP,material,特別調査（資材単価） 高山国道事務所 管理第二課,線形誘導表示板,900×525 広角ﾌﾟﾘｽﾞﾑ型(蛍光黄緑),枚,pref,21,岐阜県,,高国-管二-03#3,,,JPY,special_survey_price,not_set,,,2026-07-03,,cbr-tokuchou-shizai-r8-09-gifu,list_r8.09_shizai_高山国道.pdf p.5,https://www.cbr.mlit.go.jp/architecture/kensetsugijutsu/unit_price/zip/r08/list_r8.09_shizai_gifu.zip,PDL1.0,,中部地整の事務所が工事ごとに行った特別調査の報告価格(予定価格の積算に用いたもの。原本の頁の説明: 施工地域、時期、現場条件が異なる場合、単価が異なる場合がある)。調査依頼: 高山国道事務所 管理第二課 高国-管二-03 資材番号 3。調査区分: (空欄)。材工区分: 資材価格。単価適用地域: (空欄)。報告月: R8.7.3。備考: 調査中止。消費税の扱いは原本に記載なし。geo_code は原本の県名欄(調査を依頼した事務所の県)。価格欄: (空欄)
b48312a6d6a7c46f,JP,material,特別調査（資材単価） 高山国道事務所 管理第二課,標識板取付金具,ｱﾙﾐUﾊﾞﾝﾄﾞφ60.5×3×40 ﾎﾞﾙﾄ含む,組,pref,21,岐阜県,,高国-管二-03#4,,,JPY,special_survey_price,not_set,,,2026-07-03,,cbr-tokuchou-shizai-r8-09-gifu,list_r8.09_shizai_高山国道.pdf p.5,https://www.cbr.mlit.go.jp/architecture/kensetsugijutsu/unit_price/zip/r08/list_r8.09_shizai_gifu.zip,PDL1.0,,中部地整の事務所が工事ごとに行った特別調査の報告価格(予定価格の積算に用いたもの。原本の頁の説明: 施工地域、時期、現場条件が異なる場合、単価が異なる場合がある)。調査依頼: 高山国道事務所 管理第二課 高国-管二-03 資材番号 4。調査区分: (空欄)。材工区分: 資材価格。単価適用地域: (空欄)。報告月: R8.7.3。備考: 調査中止。消費税の扱いは原本に記載なし。geo_code は原本の県名欄(調査を依頼した事務所の県)。価格欄: (空欄)
8a5316cc10ad77cc,JP,material,特別調査（資材単価） 高山国道事務所 管理第二課,防護柵添架金具,φ139.8-φ60.5 親子ﾊﾞﾝﾄﾞ,組,pref,21,岐阜県,,高国-管二-03#5,,,JPY,special_survey_price,not_set,,,2026-07-03,,cbr-tokuchou-shizai-r8-09-gifu,list_r8.09_shizai_高山国道.pdf p.5,https://www.cbr.mlit.go.jp/architecture/kensetsugijutsu/unit_price/zip/r08/list_r8.09_shizai_gifu.zip,PDL1.0,,中部地整の事務所が工事ごとに行った特別調査の報告価格(予定価格の積算に用いたもの。原本の頁の説明: 施工地域、時期、現場条件が異なる場合、単価が異なる場合がある)。調査依頼: 高山国道事務所 管理第二課 高国-管二-03 資材番号 5。調査区分: (空欄)。材工区分: 資材価格。単価適用地域: (空欄)。報告月: R8.7.3。備考: 調査中止。消費税の扱いは原本に記載なし。geo_code は原本の県名欄(調査を依頼した事務所の県)。価格欄: (空欄)
4703cbc39f9501da,JP,material,特別調査（資材単価） 高山国道事務所 管理第二課,車線分離標,φ130 H=800(逆走防止仕様)反射材N=1枚,本,pref,21,岐阜県,,高国-管二-03#7,,,JPY,special_survey_price,not_set,,,2026-07-03,,cbr-tokuchou-shizai-r8-09-gifu,list_r8.09_shizai_高山国道.pdf p.5,https://www.cbr.mlit.go.jp/architecture/kensetsugijutsu/unit_price/zip/r08/list_r8.09_shizai_gifu.zip,PDL1.0,,中部地整の事務所が工事ごとに行った特別調査の報告価格(予定価格の積算に用いたもの。原本の頁の説明: 施工地域、時期、現場条件が異なる場合、単価が異なる場合がある)。調査依頼: 高山国道事務所 管理第二課 高国-管二-03 資材番号 7。調査区分: (空欄)。材工区分: 資材価格。単価適用地域: (空欄)。報告月: R8.7.3。備考: 調査中止。消費税の扱いは原本に記載なし。geo_code は原本の県名欄(調査を依頼した事務所の県)。価格欄: (空欄)
0f2f0b02cdf459a6,JP,material,特別調査（資材単価） 高山国道事務所 管理第二課,車線分離標,φ130 H=800(逆走防止仕様)反射材N=2枚,本,pref,21,岐阜県,,高国-管二-03#8,,,JPY,special_survey_price,not_set,,,2026-07-03,,cbr-tokuchou-shizai-r8-09-gifu,list_r8.09_shizai_高山国道.pdf p.5,https://www.cbr.mlit.go.jp/architecture/kensetsugijutsu/unit_price/zip/r08/list_r8.09_shizai_gifu.zip,PDL1.0,,中部地整の事務所が工事ごとに行った特別調査の報告価格(予定価格の積算に用いたもの。原本の頁の説明: 施工地域、時期、現場条件が異なる場合、単価が異なる場合がある)。調査依頼: 高山国道事務所 管理第二課 高国-管二-03 資材番号 8。調査区分: (空欄)。材工区分: 資材価格。単価適用地域: (空欄)。報告月: R8.7.3。備考: 調査中止。消費税の扱いは原本に記載なし。geo_code は原本の県名欄(調査を依頼した事務所の県)。価格欄: (空欄)
eace0ea0a3d6be2b,JP,material,特別調査（資材単価） 高山国道事務所 管理第二課,車線分離標,φ130 H=800(逆走防止仕様)反射材N=4枚,本,pref,21,岐阜県,,高国-管二-03#9,,,JPY,special_survey_price,not_set,,,2026-07-03,,cbr-tokuchou-shizai-r8-09-gifu,list_r8.09_shizai_高山国道.pdf p.5,https://www.cbr.mlit.go.jp/architecture/kensetsugijutsu/unit_price/zip/r08/list_r8.09_shizai_gifu.zip,PDL1.0,,中部地整の事務所が工事ごとに行った特別調査の報告価格(予定価格の積算に用いたもの。原本の頁の説明: 施工地域、時期、現場条件が異なる場合、単価が異なる場合がある)。調査依頼: 高山国道事務所 管理第二課 高国-管二-03 資材番号 9。調査区分: (空欄)。材工区分: 資材価格。単価適用地域: (空欄)。報告月: R8.7.3。備考: 調査中止。消費税の扱いは原本に記載なし。geo_code は原本の県名欄(調査を依頼した事務所の県)。価格欄: (空欄)
fbe2b74c0be475c8,JP,material,特別調査（資材単価） 高山国道事務所 管理第二課,車線分離標,φ130 H=800(逆走防止仕様)反射材N=5枚,本,pref,21,岐阜県,,高国-管二-03#10,,,JPY,special_survey_price,not_set,,,2026-07-03,,cbr-tokuchou-shizai-r8-09-gifu,list_r8.09_shizai_高山国道.pdf p.5,https://www.cbr.mlit.go.jp/architecture/kensetsugijutsu/unit_price/zip/r08/list_r8.09_shizai_gifu.zip,PDL1.0,,中部地整の事務所が工事ごとに行った特別調査の報告価格(予定価格の積算に用いたもの。原本の頁の説明: 施工地域、時期、現場条件が異なる場合、単価が異なる場合がある)。調査依頼: 高山国道事務所 管理第二課 高国-管二-03 資材番号 10。調査区分: (空欄)。材工区分: 資材価格。単価適用地域: (空欄)。報告月: R8.7.3。備考: 調査中止。消費税の扱いは原本に記載なし。geo_code は原本の県名欄(調査を依頼した事務所の県)。価格欄: (空欄)
e64f43b6afe5f978,JP,material,特別調査（資材単価） 高山国道事務所 管理第二課,車線分離標,φ130 H=800(逆走防止仕様)反射材N=7枚,本,pref,21,岐阜県,,高国-管二-03#11,,,JPY,special_survey_price,not_set,,,2026-07-03,,cbr-tokuchou-shizai-r8-09-gifu,list_r8.09_shizai_高山国道.pdf p.5,https://www.cbr.mlit.go.jp/architecture/kensetsugijutsu/unit_price/zip/r08/list_r8.09_shizai_gifu.zip,PDL1.0,,中部地整の事務所が工事ごとに行った特別調査の報告価格(予定価格の積算に用いたもの。原本の頁の説明: 施工地域、時期、現場条件が異なる場合、単価が異なる場合がある)。調査依頼: 高山国道事務所 管理第二課 高国-管二-03 資材番号 11。調査区分: (空欄)。材工区分: 資材価格。単価適用地域: (空欄)。報告月: R8.7.3。備考: 調査中止。消費税の扱いは原本に記載なし。geo_code は原本の県名欄(調査を依頼した事務所の県)。価格欄: (空欄)
394c74580f0d12d9,JP,material,特別調査（資材単価） 高山国道事務所 管理第二課,車線分離標,φ130 H=800(逆走防止仕様)反射材N=9枚,本,pref,21,岐阜県,,高国-管二-03#12,,,JPY,special_survey_price,not_set,,,2026-07-03,,cbr-tokuchou-shizai-r8-09-gifu,list_r8.09_shizai_高山国道.pdf p.5,https://www.cbr.mlit.go.jp/architecture/kensetsugijutsu/unit_price/zip/r08/list_r8.09_shizai_gifu.zip,PDL1.0,,中部地整の事務所が工事ごとに行った特別調査の報告価格(予定価格の積算に用いたもの。原本の頁の説明: 施工地域、時期、現場条件が異なる場合、単価が異なる場合がある)。調査依頼: 高山国道事務所 管理第二課 高国-管二-03 資材番号 12。調査区分: (空欄)。材工区分: 資材価格。単価適用地域: (空欄)。報告月: R8.7.3。備考: 調査中止。消費税の扱いは原本に記載なし。geo_code は原本の県名欄(調査を依頼した事務所の県)。価格欄: (空欄)
c43efdbeb0c56336,JP,material,特別調査（資材単価） 高山国道事務所 管理第二課,車線分離標,φ130 H=800(逆走防止仕様)反射材N=11枚,本,pref,21,岐阜県,,高国-管二-03#13,,,JPY,special_survey_price,not_set,,,2026-07-03,,cbr-tokuchou-shizai-r8-09-gifu,list_r8.09_shizai_高山国道.pdf p.5,https://www.cbr.mlit.go.jp/architecture/kensetsugijutsu/unit_price/zip/r08/list_r8.09_shizai_gifu.zip,PDL1.0,,中部地整の事務所が工事ごとに行った特別調査の報告価格(予定価格の積算に用いたもの。原本の頁の説明: 施工地域、時期、現場条件が異なる場合、単価が異なる場合がある)。調査依頼: 高山国道事務所 管理第二課 高国-管二-03 資材番号 13。調査区分: (空欄)。材工区分: 資材価格。単価適用地域: (空欄)。報告月: R8.7.3。備考: 調査中止。消費税の扱いは原本に記載なし。geo_code は原本の県名欄(調査を依頼した事務所の県)。価格欄: (空欄)
5da0f0c9ac941332,JP,material,特別調査（資材単価） 高山国道事務所 管理第二課,鉄筋ｺﾝｸﾘｰﾄ台付管,300BZ×2000mm,個,pref,21,岐阜県,岐阜県,高国-管二-03#14,,19700,JPY,special_survey_price,published_pdl,,,2026-07-03,,cbr-tokuchou-shizai-r8-09-gifu,list_r8.09_shizai_高山国道.pdf p.5,https://www.cbr.mlit.go.jp/architecture/kensetsugijutsu/unit_price/zip/r08/list_r8.09_shizai_gifu.zip,PDL1.0,,中部地整の事務所が工事ごとに行った特別調査の報告価格(予定価格の積算に用いたもの。原本の頁の説明: 施工地域、時期、現場条件が異なる場合、単価が異なる場合がある)。調査依頼: 高山国道事務所 管理第二課 高国-管二-03 資材番号 14。調査区分: Ａ－①。材工区分: 資材価格。単価適用地域: 岐阜県。報告月: R8.7.3。備考: 現場持ち込み価格。消費税の扱いは原本に記載なし。geo_code は原本の県名欄(調査を依頼した事務所の県)
4d5fb7c44d5a8ae2,JP,material,特別調査（資材単価） 高山国道事務所 管理第二課,標識柱,φ101.6×4.2t L=4.98m防護柵添架式景観配慮型,本,pref,21,岐阜県,事務所管内,高国-管二-03#15,,84000,JPY,special_survey_price,published_pdl,,,2026-07-03,,cbr-tokuchou-shizai-r8-09-gifu,list_r8.09_shizai_高山国道.pdf p.5,https://www.cbr.mlit.go.jp/architecture/kensetsugijutsu/unit_price/zip/r08/list_r8.09_shizai_gifu.zip,PDL1.0,,中部地整の事務所が工事ごとに行った特別調査の報告価格(予定価格の積算に用いたもの。原本の頁の説明: 施工地域、時期、現場条件が異なる場合、単価が異なる場合がある)。調査依頼: 高山国道事務所 管理第二課 高国-管二-03 資材番号 15。調査区分: Ａ－①。材工区分: 資材価格。単価適用地域: 事務所管内。報告月: R8.7.3。備考: 現場持ち込み価格。消費税の扱いは原本に記載なし。geo_code は原本の県名欄(調査を依頼した事務所の県)
7f3c4ec9ee97544d,JP,material,特別調査（資材単価） 高山国道事務所 管理第二課,防護柵添架金具,φ101.6-φ114.3 親子ﾊﾞﾝﾄﾞ,組,pref,21,岐阜県,事務所管内,高国-管二-03#16,,50100,JPY,special_survey_price,published_pdl,,,2026-07-03,,cbr-tokuchou-shizai-r8-09-gifu,list_r8.09_shizai_高山国道.pdf p.5,https://www.cbr.mlit.go.jp/architecture/kensetsugijutsu/unit_price/zip/r08/list_r8.09_shizai_gifu.zip,PDL1.0,,中部地整の事務所が工事ごとに行った特別調査の報告価格(予定価格の積算に用いたもの。原本の頁の説明: 施工地域、時期、現場条件が異なる場合、単価が異なる場合がある)。調査依頼: 高山国道事務所 管理第二課 高国-管二-03 資材番号 16。調査区分: Ａ－①。材工区分: 資材価格。単価適用地域: 事務所管内。報告月: R8.7.3。備考: 現場持ち込み価格。消費税の扱いは原本に記載なし。geo_code は原本の県名欄(調査を依頼した事務所の県)
e98adee1ac19b5fa,JP,material,特別調査（資材単価） 高山国道事務所 管理第二課,標識板,500×2480 広角ﾌﾟﾘｽﾞﾑ型 ｱﾙﾐ板t=2mm 裏面塗装無,枚,pref,21,岐阜県,事務所管内,高国-管二-03#18,,173000,JPY,special_survey_price,published_pdl,,,2026-07-03,,cbr-tokuchou-shizai-r8-09-gifu,list_r8.09_shizai_高山国道.pdf p.5,https://www.cbr.mlit.go.jp/architecture/kensetsugijutsu/unit_price/zip/r08/list_r8.09_shizai_gifu.zip,PDL1.0,,中部地整の事務所が工事ごとに行った特別調査の報告価格(予定価格の積算に用いたもの。原本の頁の説明: 施工地域、時期、現場条件が異なる場合、単価が異なる場合がある)。調査依頼: 高山国道事務所 管理第二課 高国-管二-03 資材番号 18。調査区分: Ａ－①。材工区分: 資材価格。単価適用地域: 事務所管内。報告月: R8.7.3。備考: 現場持ち込み価格。消費税の扱いは原本に記載なし。geo_code は原本の県名欄(調査を依頼した事務所の県)
667b3a62985cc462,JP,material,特別調査（資材単価） 高山国道事務所 管理第二課,標識板取付金具,ｱﾙﾐUﾊﾞﾝﾄﾞφ101.6×4×40 ﾎﾞﾙﾄ含む,組,pref,21,岐阜県,事務所管内,高国-管二-03#19,,1280,JPY,special_survey_price,published_pdl,,,2026-07-03,,cbr-tokuchou-shizai-r8-09-gifu,list_r8.09_shizai_高山国道.pdf p.5,https://www.cbr.mlit.go.jp/architecture/kensetsugijutsu/unit_price/zip/r08/list_r8.09_shizai_gifu.zip,PDL1.0,,中部地整の事務所が工事ごとに行った特別調査の報告価格(予定価格の積算に用いたもの。原本の頁の説明: 施工地域、時期、現場条件が異なる場合、単価が異なる場合がある)。調査依頼: 高山国道事務所 管理第二課 高国-管二-03 資材番号 19。調査区分: Ａ－①。材工区分: 資材価格。単価適用地域: 事務所管内。報告月: R8.7.3。備考: 現場持ち込み価格。消費税の扱いは原本に記載なし。geo_code は原本の県名欄(調査を依頼した事務所の県)
b63dece30e81b175,JP,material,特別調査（資材単価） 高山国道事務所 管理第二課,標識柱,φ60.5×3.2t×1800,本,pref,21,岐阜県,,高国-管二-03#23,,,JPY,special_survey_price,not_set,,,2026-07-03,,cbr-tokuchou-shizai-r8-09-gifu,list_r8.09_shizai_高山国道.pdf p.5,https://www.cbr.mlit.go.jp/architecture/kensetsugijutsu/unit_price/zip/r08/list_r8.09_shizai_gifu.zip,PDL1.0,,中部地整の事務所が工事ごとに行った特別調査の報告価格(予定価格の積算に用いたもの。原本の頁の説明: 施工地域、時期、現場条件が異なる場合、単価が異なる場合がある)。調査依頼: 高山国道事務所 管理第二課 高国-管二-03 資材番号 23。調査区分: (空欄)。材工区分: 資材価格。単価適用地域: (空欄)。報告月: R8.7.3。備考: 調査中止。消費税の扱いは原本に記載なし。geo_code は原本の県名欄(調査を依頼した事務所の県)。価格欄: (空欄)
0b7105f2864503f7,JP,material,特別調査（資材単価） 高山国道事務所 管理第二課,線形誘導表示板,900×525 広角ﾌﾟﾘｽﾞﾑ型(蛍光黄緑),枚,pref,21,岐阜県,,高国-管二-03#24,,,JPY,special_survey_price,not_set,,,2026-07-03,,cbr-tokuchou-shizai-r8-09-gifu,list_r8.09_shizai_高山国道.pdf p.5,https://www.cbr.mlit.go.jp/architecture/kensetsugijutsu/unit_price/zip/r08/list_r8.09_shizai_gifu.zip,PDL1.0,,中部地整の事務所が工事ごとに行った特別調査の報告価格(予定価格の積算に用いたもの。原本の頁の説明: 施工地域、時期、現場条件が異なる場合、単価が異なる場合がある)。調査依頼: 高山国道事務所 管理第二課 高国-管二-03 資材番号 24。調査区分: (空欄)。材工区分: 資材価格。単価適用地域: (空欄)。報告月: R8.7.3。備考: 調査中止。消費税の扱いは原本に記載なし。geo_code は原本の県名欄(調査を依頼した事務所の県)。価格欄: (空欄)
1fce08aef6c42090,JP,material,特別調査（資材単価） 高山国道事務所 管理第二課,標識板取付金具,ｱﾙﾐUﾊﾞﾝﾄﾞφ60.5×3×40 ﾎﾞﾙﾄ含む,組,pref,21,岐阜県,,高国-管二-03#25,,,JPY,special_survey_price,not_set,,,2026-07-03,,cbr-tokuchou-shizai-r8-09-gifu,list_r8.09_shizai_高山国道.pdf p.5,https://www.cbr.mlit.go.jp/architecture/kensetsugijutsu/unit_price/zip/r08/list_r8.09_shizai_gifu.zip,PDL1.0,,中部地整の事務所が工事ごとに行った特別調査の報告価格(予定価格の積算に用いたもの。原本の頁の説明: 施工地域、時期、現場条件が異なる場合、単価が異なる場合がある)。調査依頼: 高山国道事務所 管理第二課 高国-管二-03 資材番号 25。調査区分: (空欄)。材工区分: 資材価格。単価適用地域: (空欄)。報告月: R8.7.3。備考: 調査中止。消費税の扱いは原本に記載なし。geo_code は原本の県名欄(調査を依頼した事務所の県)。価格欄: (空欄)
1865a606be3ed90f,JP,material,特別調査（資材単価） 高山国道事務所 管理第二課,車線分離標,φ130 H=800(逆走防止仕様)反射材N=1枚,本,pref,21,岐阜県,,高国-管二-03#27,,,JPY,special_survey_price,not_set,,,2026-07-03,,cbr-tokuchou-shizai-r8-09-gifu,list_r8.09_shizai_高山国道.pdf p.6,https://www.cbr.mlit.go.jp/architecture/kensetsugijutsu/unit_price/zip/r08/list_r8.09_shizai_gifu.zip,PDL1.0,,中部地整の事務所が工事ごとに行った特別調査の報告価格(予定価格の積算に用いたもの。原本の頁の説明: 施工地域、時期、現場条件が異なる場合、単価が異なる場合がある)。調査依頼: 高山国道事務所 管理第二課 高国-管二-03 資材番号 27。調査区分: (空欄)。材工区分: 資材価格。単価適用地域: (空欄)。報告月: R8.7.3。備考: 調査中止。消費税の扱いは原本に記載なし。geo_code は原本の県名欄(調査を依頼した事務所の県)。価格欄: (空欄)
a58459bfc1c0d2fe,JP,material,特別調査（資材単価） 高山国道事務所 管理第二課,車線分離標,φ130 H=800(逆走防止仕様)反射材N=2枚,本,pref,21,岐阜県,,高国-管二-03#28,,,JPY,special_survey_price,not_set,,,2026-07-03,,cbr-tokuchou-shizai-r8-09-gifu,list_r8.09_shizai_高山国道.pdf p.6,https://www.cbr.mlit.go.jp/architecture/kensetsugijutsu/unit_price/zip/r08/list_r8.09_shizai_gifu.zip,PDL1.0,,中部地整の事務所が工事ごとに行った特別調査の報告価格(予定価格の積算に用いたもの。原本の頁の説明: 施工地域、時期、現場条件が異なる場合、単価が異なる場合がある)。調査依頼: 高山国道事務所 管理第二課 高国-管二-03 資材番号 28。調査区分: (空欄)。材工区分: 資材価格。単価適用地域: (空欄)。報告月: R8.7.3。備考: 調査中止。消費税の扱いは原本に記載なし。geo_code は原本の県名欄(調査を依頼した事務所の県)。価格欄: (空欄)
309310ee13c7e187,JP,material,特別調査（資材単価） 高山国道事務所 管理第二課,車線分離標,φ130 H=800(逆走防止仕様)反射材N=4枚,本,pref,21,岐阜県,,高国-管二-03#29,,,JPY,special_survey_price,not_set,,,2026-07-03,,cbr-tokuchou-shizai-r8-09-gifu,list_r8.09_shizai_高山国道.pdf p.6,https://www.cbr.mlit.go.jp/architecture/kensetsugijutsu/unit_price/zip/r08/list_r8.09_shizai_gifu.zip,PDL1.0,,中部地整の事務所が工事ごとに行った特別調査の報告価格(予定価格の積算に用いたもの。原本の頁の説明: 施工地域、時期、現場条件が異なる場合、単価が異なる場合がある)。調査依頼: 高山国道事務所 管理第二課 高国-管二-03 資材番号 29。調査区分: (空欄)。材工区分: 資材価格。単価適用地域: (空欄)。報告月: R8.7.3。備考: 調査中止。消費税の扱いは原本に記載なし。geo_code は原本の県名欄(調査を依頼した事務所の県)。価格欄: (空欄)
ca8052f02004cdcc,JP,material,特別調査（資材単価） 高山国道事務所 管理第二課,車線分離標,φ130 H=800(逆走防止仕様)反射材N=5枚,本,pref,21,岐阜県,,高国-管二-03#30,,,JPY,special_survey_price,not_set,,,2026-07-03,,cbr-tokuchou-shizai-r8-09-gifu,list_r8.09_shizai_高山国道.pdf p.6,https://www.cbr.mlit.go.jp/architecture/kensetsugijutsu/unit_price/zip/r08/list_r8.09_shizai_gifu.zip,PDL1.0,,中部地整の事務所が工事ごとに行った特別調査の報告価格(予定価格の積算に用いたもの。原本の頁の説明: 施工地域、時期、現場条件が異なる場合、単価が異なる場合がある)。調査依頼: 高山国道事務所 管理第二課 高国-管二-03 資材番号 30。調査区分: (空欄)。材工区分: 資材価格。単価適用地域: (空欄)。報告月: R8.7.3。備考: 調査中止。消費税の扱いは原本に記載なし。geo_code は原本の県名欄(調査を依頼した事務所の県)。価格欄: (空欄)
2f26ecad327e4bc7,JP,material,特別調査（資材単価） 高山国道事務所 管理第二課,車線分離標,φ130 H=800(逆走防止仕様)反射材N=7枚,本,pref,21,岐阜県,,高国-管二-03#31,,,JPY,special_survey_price,not_set,,,2026-07-03,,cbr-tokuchou-shizai-r8-09-gifu,list_r8.09_shizai_高山国道.pdf p.6,https://www.cbr.mlit.go.jp/architecture/kensetsugijutsu/unit_price/zip/r08/list_r8.09_shizai_gifu.zip,PDL1.0,,中部地整の事務所が工事ごとに行った特別調査の報告価格(予定価格の積算に用いたもの。原本の頁の説明: 施工地域、時期、現場条件が異なる場合、単価が異なる場合がある)。調査依頼: 高山国道事務所 管理第二課 高国-管二-03 資材番号 31。調査区分: (空欄)。材工区分: 資材価格。単価適用地域: (空欄)。報告月: R8.7.3。備考: 調査中止。消費税の扱いは原本に記載なし。geo_code は原本の県名欄(調査を依頼した事務所の県)。価格欄: (空欄)
0aea2a39a0218053,JP,material,特別調査（資材単価） 高山国道事務所 管理第二課,車線分離標,φ130 H=800(逆走防止仕様)反射材N=9枚,本,pref,21,岐阜県,,高国-管二-03#32,,,JPY,special_survey_price,not_set,,,2026-07-03,,cbr-tokuchou-shizai-r8-09-gifu,list_r8.09_shizai_高山国道.pdf p.6,https://www.cbr.mlit.go.jp/architecture/kensetsugijutsu/unit_price/zip/r08/list_r8.09_shizai_gifu.zip,PDL1.0,,中部地整の事務所が工事ごとに行った特別調査の報告価格(予定価格の積算に用いたもの。原本の頁の説明: 施工地域、時期、現場条件が異なる場合、単価が異なる場合がある)。調査依頼: 高山国道事務所 管理第二課 高国-管二-03 資材番号 32。調査区分: (空欄)。材工区分: 資材価格。単価適用地域: (空欄)。報告月: R8.7.3。備考: 調査中止。消費税の扱いは原本に記載なし。geo_code は原本の県名欄(調査を依頼した事務所の県)。価格欄: (空欄)
9be383bbf01950c3,JP,material,特別調査（資材単価） 高山国道事務所 管理第二課,車線分離標,φ130 H=800(逆走防止仕様)反射材N=11枚,本,pref,21,岐阜県,,高国-管二-03#33,,,JPY,special_survey_price,not_set,,,2026-07-03,,cbr-tokuchou-shizai-r8-09-gifu,list_r8.09_shizai_高山国道.pdf p.6,https://www.cbr.mlit.go.jp/architecture/kensetsugijutsu/unit_price/zip/r08/list_r8.09_shizai_gifu.zip,PDL1.0,,中部地整の事務所が工事ごとに行った特別調査の報告価格(予定価格の積算に用いたもの。原本の頁の説明: 施工地域、時期、現場条件が異なる場合、単価が異なる場合がある)。調査依頼: 高山国道事務所 管理第二課 高国-管二-03 資材番号 33。調査区分: (空欄)。材工区分: 資材価格。単価適用地域: (空欄)。報告月: R8.7.3。備考: 調査中止。消費税の扱いは原本に記載なし。geo_code は原本の県名欄(調査を依頼した事務所の県)。価格欄: (空欄)
6ff7a7f61e808294,JP,material,特別調査（資材単価） 三重河川国道事務所 工務第一課,ﾌﾟﾚｷｬｽﾄ笠ｺﾝｸﾘｰﾄ,500×700×2000 付属物含む,個,pref,24,三重県,事務所管内,三重-工一-03#001,,57900,JPY,special_survey_price,published_pdl,,,2026-07,,cbr-tokuchou-shizai-r8-09-mie,list_r8.09_shizai_三重河川国道.pdf p.1,https://www.cbr.mlit.go.jp/architecture/kensetsugijutsu/unit_price/zip/r08/list_r8.09_shizai_mie.zip,PDL1.0,,中部地整の事務所が工事ごとに行った特別調査の報告価格(予定価格の積算に用いたもの。原本の頁の説明: 施工地域、時期、現場条件が異なる場合、単価が異なる場合がある)。調査依頼: 三重河川国道事務所 工務第一課 三重-工一-03 資材番号 001。調査区分: A①。材工区分: 材料費 現場持込。単価適用地域: 事務所管内。報告月: R8.7。消費税の扱いは原本に記載なし。geo_code は原本の県名欄(調査を依頼した事務所の県)
48c9eba808dd64ee,JP,material,特別調査（資材単価） 三重河川国道事務所 工務第一課,擬石張ﾌﾞﾛｯｸ(擬石模様､連結ﾀｲﾌﾟ) ｸﾞﾘｰﾝﾃﾞｺⅢ300A,"1,000×1,000×150(296kg/個)",個,pref,24,三重県,事務所管内,三重-工一-03#024,,11000,JPY,special_survey_price,published_pdl,,,2026-07,,cbr-tokuchou-shizai-r8-09-mie,list_r8.09_shizai_三重河川国道.pdf p.1,https://www.cbr.mlit.go.jp/architecture/kensetsugijutsu/unit_price/zip/r08/list_r8.09_shizai_mie.zip,PDL1.0,,中部地整の事務所が工事ごとに行った特別調査の報告価格(予定価格の積算に用いたもの。原本の頁の説明: 施工地域、時期、現場条件が異なる場合、単価が異なる場合がある)。調査依頼: 三重河川国道事務所 工務第一課 三重-工一-03 資材番号 024。調査区分: A①。材工区分: 材料費 現場持込。単価適用地域: 事務所管内。報告月: R8.7。消費税の扱いは原本に記載なし。geo_code は原本の県名欄(調査を依頼した事務所の県)
8bfb34aae21ba9ff,JP,material,特別調査（資材単価） 北勢国道事務所 管理課,防眩板,ﾌﾟﾗﾒﾀﾙ PLﾀｲﾌﾟ 200×400 ｱﾝｶｰﾎﾞﾙﾄ含む,枚,bureau_area,,,局管内,北勢-管-03#001,,11600,JPY,special_survey_price,published_pdl,,,2026-07,,cbr-tokuchou-shizai-r8-09-mie,list_r8.09_shizai_北勢国道.pdf p.8,https://www.cbr.mlit.go.jp/architecture/kensetsugijutsu/unit_price/zip/r08/list_r8.09_shizai_mie.zip,PDL1.0,,中部地整の事務所が工事ごとに行った特別調査の報告価格(予定価格の積算に用いたもの。原本の頁の説明: 施工地域、時期、現場条件が異なる場合、単価が異なる場合がある)。調査依頼: 北勢国道事務所 管理課 北勢-管-03 資材番号 001。調査区分: A①。材工区分: 材料費 現場持込。単価適用地域: 局管内。報告月: R8.7。消費税の扱いは原本に記載なし。geo_code は原本の県名欄(調査を依頼した事務所の県)
0d90401549b7fe19,JP,material,特別調査（資材単価） 北勢国道事務所 管理課,U型取付ﾊﾞﾝﾄﾞ,φ60.5×5×50(ｱﾙﾐ),組,bureau_area,,,局管内,北勢-管-03#002,,880,JPY,special_survey_price,published_pdl,,,2026-07,,cbr-tokuchou-shizai-r8-09-mie,list_r8.09_shizai_北勢国道.pdf p.8,https://www.cbr.mlit.go.jp/architecture/kensetsugijutsu/unit_price/zip/r08/list_r8.09_shizai_mie.zip,PDL1.0,,中部地整の事務所が工事ごとに行った特別調査の報告価格(予定価格の積算に用いたもの。原本の頁の説明: 施工地域、時期、現場条件が異なる場合、単価が異なる場合がある)。調査依頼: 北勢国道事務所 管理課 北勢-管-03 資材番号 002。調査区分: A①。材工区分: 材料費 現場持込。単価適用地域: 局管内。報告月: R8.7。消費税の扱いは原本に記載なし。geo_code は原本の県名欄(調査を依頼した事務所の県)
634a77575c7871a1,JP,material,特別調査（資材単価） 北勢国道事務所 管理課,共架金具E,φ121~160×76.3,組,bureau_area,,,局管内,北勢-管-03#003,,4100,JPY,special_survey_price,published_pdl,,,2026-07,,cbr-tokuchou-shizai-r8-09-mie,list_r8.09_shizai_北勢国道.pdf p.8,https://www.cbr.mlit.go.jp/architecture/kensetsugijutsu/unit_price/zip/r08/list_r8.09_shizai_mie.zip,PDL1.0,,中部地整の事務所が工事ごとに行った特別調査の報告価格(予定価格の積算に用いたもの。原本の頁の説明: 施工地域、時期、現場条件が異なる場合、単価が異なる場合がある)。調査依頼: 北勢国道事務所 管理課 北勢-管-03 資材番号 003。調査区分: A①。材工区分: 材料費 現場持込。単価適用地域: 局管内。報告月: R8.7。消費税の扱いは原本に記載なし。geo_code は原本の県名欄(調査を依頼した事務所の県)
e9b5cc86641639a6,JP,material,特別調査（資材単価） 北勢国道事務所 管理課,接着剤,ﾆｰﾄﾞﾌﾙ防草ｼｰﾄJY-1R用(ﾎﾞﾅﾀｲﾄM-35RFC)15kg/缶,缶,bureau_area,,,局管内,北勢-管-03#004,,37800,JPY,special_survey_price,published_pdl,,,2026-07,,cbr-tokuchou-shizai-r8-09-mie,list_r8.09_shizai_北勢国道.pdf p.8,https://www.cbr.mlit.go.jp/architecture/kensetsugijutsu/unit_price/zip/r08/list_r8.09_shizai_mie.zip,PDL1.0,,中部地整の事務所が工事ごとに行った特別調査の報告価格(予定価格の積算に用いたもの。原本の頁の説明: 施工地域、時期、現場条件が異なる場合、単価が異なる場合がある)。調査依頼: 北勢国道事務所 管理課 北勢-管-03 資材番号 004。調査区分: A①。材工区分: 材料費 現場持込。単価適用地域: 局管内。報告月: R8.7。消費税の扱いは原本に記載なし。geo_code は原本の県名欄(調査を依頼した事務所の県)
298c1fd33728212a,JP,material,特別調査（資材単価） 北勢国道事務所 管理課,ｺﾝｸﾘｰﾄ基礎ﾌﾞﾛｯｸ,250×250×200,個,pref,24,三重県,事務所管内,北勢-管-03#008,,770,JPY,special_survey_price,published_pdl,,,2026-07,,cbr-tokuchou-shizai-r8-09-mie,list_r8.09_shizai_北勢国道.pdf p.8,https://www.cbr.mlit.go.jp/architecture/kensetsugijutsu/unit_price/zip/r08/list_r8.09_shizai_mie.zip,PDL1.0,,中部地整の事務所が工事ごとに行った特別調査の報告価格(予定価格の積算に用いたもの。原本の頁の説明: 施工地域、時期、現場条件が異なる場合、単価が異なる場合がある)。調査依頼: 北勢国道事務所 管理課 北勢-管-03 資材番号 008。調査区分: A①。材工区分: 材料費 現場持込。単価適用地域: 事務所管内。報告月: R8.7。消費税の扱いは原本に記載なし。geo_code は原本の県名欄(調査を依頼した事務所の県)
4264346e9a4f017b,JP,material,特別調査（資材単価） 北勢国道事務所 管理課,油吸収材,ACﾗｲﾄM同等品以上,kg,bureau_area,,,局管内,北勢-管-03#013,,549,JPY,special_survey_price,published_pdl,,,2026-07,,cbr-tokuchou-shizai-r8-09-mie,list_r8.09_shizai_北勢国道.pdf p.8,https://www.cbr.mlit.go.jp/architecture/kensetsugijutsu/unit_price/zip/r08/list_r8.09_shizai_mie.zip,PDL1.0,,中部地整の事務所が工事ごとに行った特別調査の報告価格(予定価格の積算に用いたもの。原本の頁の説明: 施工地域、時期、現場条件が異なる場合、単価が異なる場合がある)。調査依頼: 北勢国道事務所 管理課 北勢-管-03 資材番号 013。調査区分: A①。材工区分: 材料費 現場持込。単価適用地域: 局管内。報告月: R8.7。消費税の扱いは原本に記載なし。geo_code は原本の県名欄(調査を依頼した事務所の県)
445d35977f1cfb0b,JP,material,特別調査（資材単価） 北勢国道事務所 管理課,発煙筒A,ﾛｰﾄﾞﾌﾚﾔｰ5AR同等品以上,本,bureau_area,,,局管内,北勢-管-03#014,,1430,JPY,special_survey_price,published_pdl,,,2026-07,,cbr-tokuchou-shizai-r8-09-mie,list_r8.09_shizai_北勢国道.pdf p.8,https://www.cbr.mlit.go.jp/architecture/kensetsugijutsu/unit_price/zip/r08/list_r8.09_shizai_mie.zip,PDL1.0,,中部地整の事務所が工事ごとに行った特別調査の報告価格(予定価格の積算に用いたもの。原本の頁の説明: 施工地域、時期、現場条件が異なる場合、単価が異なる場合がある)。調査依頼: 北勢国道事務所 管理課 北勢-管-03 資材番号 014。調査区分: A①。材工区分: 材料費 現場持込。単価適用地域: 局管内。報告月: R8.7。消費税の扱いは原本に記載なし。geo_code は原本の県名欄(調査を依頼した事務所の県)
2e8b506a2e12ff54,JP,material,特別調査（資材単価） 北勢国道事務所 管理課,発煙筒B,ﾛｰﾄﾞﾌﾚﾔｰ15AR同等品以上,本,bureau_area,,,局管内,北勢-管-03#015,,1570,JPY,special_survey_price,published_pdl,,,2026-07,,cbr-tokuchou-shizai-r8-09-mie,list_r8.09_shizai_北勢国道.pdf p.8,https://www.cbr.mlit.go.jp/architecture/kensetsugijutsu/unit_price/zip/r08/list_r8.09_shizai_mie.zip,PDL1.0,,中部地整の事務所が工事ごとに行った特別調査の報告価格(予定価格の積算に用いたもの。原本の頁の説明: 施工地域、時期、現場条件が異なる場合、単価が異なる場合がある)。調査依頼: 北勢国道事務所 管理課 北勢-管-03 資材番号 015。調査区分: 〃(上の行と同じ: A①)。材工区分: 材料費 現場持込。単価適用地域: 局管内。報告月: R8.7。消費税の扱いは原本に記載なし。geo_code は原本の県名欄(調査を依頼した事務所の県)
c01f615e9129102d,JP,material,特別調査（資材単価） 北勢国道事務所 管理課,超速硬性ｺﾝｸﾘｰﾄ補修材,ﾍﾟｲﾌﾞﾒﾝﾄﾞSR(20kg/缶),缶,bureau_area,,,局管内,北勢-管-03#016,,16800,JPY,special_survey_price,published_pdl,,,2026-07,,cbr-tokuchou-shizai-r8-09-mie,list_r8.09_shizai_北勢国道.pdf p.8,https://www.cbr.mlit.go.jp/architecture/kensetsugijutsu/unit_price/zip/r08/list_r8.09_shizai_mie.zip,PDL1.0,,中部地整の事務所が工事ごとに行った特別調査の報告価格(予定価格の積算に用いたもの。原本の頁の説明: 施工地域、時期、現場条件が異なる場合、単価が異なる場合がある)。調査依頼: 北勢国道事務所 管理課 北勢-管-03 資材番号 016。調査区分: A①。材工区分: 材料費 現場持込。単価適用地域: 局管内。報告月: R8.7。消費税の扱いは原本に記載なし。geo_code は原本の県名欄(調査を依頼した事務所の県)
77c1945db5e7ef1e,JP,material,特別調査（資材単価） 木曽川下流河川事務所 防災情報課,河川ｻｰﾊﾞ,別添 機器仕様書 参照,台,pref,24,三重県,当該工事に限る,木曽下-防情-01#001,,35000000,JPY,special_survey_price,published_pdl,,,2026-07,,cbr-tokuchou-shizai-r8-09-mie,list_r8.09_shizai_木曽川下流河川.pdf p.1,https://www.cbr.mlit.go.jp/architecture/kensetsugijutsu/unit_price/zip/r08/list_r8.09_shizai_mie.zip,PDL1.0,,中部地整の事務所が工事ごとに行った特別調査の報告価格(予定価格の積算に用いたもの。原本の頁の説明: 施工地域、時期、現場条件が異なる場合、単価が異なる場合がある)。調査依頼: 木曽川下流河川事務所 防災情報課 木曽下-防情-01 資材番号 001。調査区分: B①。材工区分: 機器単体費 工場渡し。単価適用地域: 当該工事に限る。報告月: R8.7。消費税の扱いは原本に記載なし。geo_code は原本の県名欄(調査を依頼した事務所の県)
17da48cadfa80d5f,JP,material,特別調査（資材単価） 木曽川下流河川事務所 防災情報課,管理ｻｰﾊﾞ,別添 機器仕様書 参照,台,pref,24,三重県,当該工事に限る,木曽下-防情-01#002,,12000000,JPY,special_survey_price,published_pdl,,,2026-07,,cbr-tokuchou-shizai-r8-09-mie,list_r8.09_shizai_木曽川下流河川.pdf p.1,https://www.cbr.mlit.go.jp/architecture/kensetsugijutsu/unit_price/zip/r08/list_r8.09_shizai_mie.zip,PDL1.0,,中部地整の事務所が工事ごとに行った特別調査の報告価格(予定価格の積算に用いたもの。原本の頁の説明: 施工地域、時期、現場条件が異なる場合、単価が異なる場合がある)。調査依頼: 木曽川下流河川事務所 防災情報課 木曽下-防情-01 資材番号 002。調査区分: B①。材工区分: 機器単体費 工場渡し。単価適用地域: 当該工事に限る。報告月: R8.7。消費税の扱いは原本に記載なし。geo_code は原本の県名欄(調査を依頼した事務所の県)
cb509426d0c57cb0,JP,material,特別調査（資材単価） 沼津河川国道事務所 管理第二課,クラックシールNX,加熱注入式(340kg/1000m),ｋｇ,bureau_area,,,局管内,沼津-道二-02#1,,630,JPY,special_survey_price,published_pdl,,,2026-06-24,,cbr-tokuchou-shizai-r8-09-shizuoka,list_r8.09_shizai_沼津河川国道.pdf p.1,https://www.cbr.mlit.go.jp/architecture/kensetsugijutsu/unit_price/zip/r08/list_r8.09_shizai_shizuoka.zip,PDL1.0,,中部地整の事務所が工事ごとに行った特別調査の報告価格(予定価格の積算に用いたもの。原本の頁の説明: 施工地域、時期、現場条件が異なる場合、単価が異なる場合がある)。調査依頼: 沼津河川国道事務所 管理第二課 沼津-道二-02 資材番号 1。調査区分: 資材Ａ①。材工区分: 材料費 現場持込。単価適用地域: 局管内。報告月: R8.6.24。消費税の扱いは原本に記載なし。geo_code は原本の県名欄(調査を依頼した事務所の県)
5c4eeeed50db65b7,JP,material,特別調査（資材単価） 沼津河川国道事務所 管理第二課,ポーラスAs混合物(13),ポリマー改質As(ねじれ),ｔ,pref,22,静岡県,207静岡沼津市,沼津-道二-02#2‐1,,32000,JPY,special_survey_price,published_pdl,,,2026-06-24,,cbr-tokuchou-shizai-r8-09-shizuoka,list_r8.09_shizai_沼津河川国道.pdf p.1,https://www.cbr.mlit.go.jp/architecture/kensetsugijutsu/unit_price/zip/r08/list_r8.09_shizai_shizuoka.zip,PDL1.0,,中部地整の事務所が工事ごとに行った特別調査の報告価格(予定価格の積算に用いたもの。原本の頁の説明: 施工地域、時期、現場条件が異なる場合、単価が異なる場合がある)。調査依頼: 沼津河川国道事務所 管理第二課 沼津-道二-02 資材番号 2‐1。調査区分: 資材Ｂ①。材工区分: 材料費 現場持込。単価適用地域: 207静岡沼津市。報告月: R8.6.24。消費税の扱いは原本に記載なし。geo_code は原本の県名欄(調査を依頼した事務所の県)
1de85836985cedee,JP,material,特別調査（資材単価） 沼津河川国道事務所 管理第二課,ポーラスAs混合物(13),ポリマー改質As(ねじれ),ｔ,pref,22,静岡県,208静岡伊豆国,沼津-道二-02#2‐2,,32100,JPY,special_survey_price,published_pdl,,,2026-06-24,,cbr-tokuchou-shizai-r8-09-shizuoka,list_r8.09_shizai_沼津河川国道.pdf p.1,https://www.cbr.mlit.go.jp/architecture/kensetsugijutsu/unit_price/zip/r08/list_r8.09_shizai_shizuoka.zip,PDL1.0,,中部地整の事務所が工事ごとに行った特別調査の報告価格(予定価格の積算に用いたもの。原本の頁の説明: 施工地域、時期、現場条件が異なる場合、単価が異なる場合がある)。調査依頼: 沼津河川国道事務所 管理第二課 沼津-道二-02 資材番号 2‐2。調査区分: No2‐①含む。材工区分: 材料費 現場持込。単価適用地域: 208静岡伊豆国。報告月: R8.6.24。消費税の扱いは原本に記載なし。geo_code は原本の県名欄(調査を依頼した事務所の県)
65fb3455b7f92716,JP,material,特別調査（資材単価） 沼津河川国道事務所 管理第二課,ポーラスAs混合物(13),ポリマー改質As(ねじれ),ｔ,pref,22,静岡県,209静岡御殿未,沼津-道二-02#2‐3,,32100,JPY,special_survey_price,published_pdl,,,2026-06-24,,cbr-tokuchou-shizai-r8-09-shizuoka,list_r8.09_shizai_沼津河川国道.pdf p.1,https://www.cbr.mlit.go.jp/architecture/kensetsugijutsu/unit_price/zip/r08/list_r8.09_shizai_shizuoka.zip,PDL1.0,,中部地整の事務所が工事ごとに行った特別調査の報告価格(予定価格の積算に用いたもの。原本の頁の説明: 施工地域、時期、現場条件が異なる場合、単価が異なる場合がある)。調査依頼: 沼津河川国道事務所 管理第二課 沼津-道二-02 資材番号 2‐3。調査区分: No2‐①含む。材工区分: 材料費 現場持込。単価適用地域: 209静岡御殿未。報告月: R8.6.24。消費税の扱いは原本に記載なし。geo_code は原本の県名欄(調査を依頼した事務所の県)
98427aad3242aff0,JP,material,特別調査（資材単価） 沼津河川国道事務所 管理第二課,鋼製グレーチング蓋,ＫＡ２５－５０,枚,pref,22,静岡県,-,沼津-道二-02#3,,,JPY,special_survey_price,not_set,,,2026-06-24,,cbr-tokuchou-shizai-r8-09-shizuoka,list_r8.09_shizai_沼津河川国道.pdf p.1,https://www.cbr.mlit.go.jp/architecture/kensetsugijutsu/unit_price/zip/r08/list_r8.09_shizai_shizuoka.zip,PDL1.0,,中部地整の事務所が工事ごとに行った特別調査の報告価格(予定価格の積算に用いたもの。原本の頁の説明: 施工地域、時期、現場条件が異なる場合、単価が異なる場合がある)。調査依頼: 沼津河川国道事務所 管理第二課 沼津-道二-02 資材番号 3。調査区分: -。材工区分: 材料費・現場持込。単価適用地域: -。報告月: R8.6.24。備考: 静国-管二-01 No.1と同一。消費税の扱いは原本に記載なし。geo_code は原本の県名欄(調査を依頼した事務所の県)。価格欄: 調査中止
31089e36f9a54d97,JP,material,特別調査（資材単価） 沼津河川国道事務所 管理第二課,鋼製グレーチング蓋,ＫＣ２５－３０,枚,pref,22,静岡県,-,沼津-道二-02#4,,,JPY,special_survey_price,not_set,,,2026-06-24,,cbr-tokuchou-shizai-r8-09-shizuoka,list_r8.09_shizai_沼津河川国道.pdf p.1,https://www.cbr.mlit.go.jp/architecture/kensetsugijutsu/unit_price/zip/r08/list_r8.09_shizai_shizuoka.zip,PDL1.0,,中部地整の事務所が工事ごとに行った特別調査の報告価格(予定価格の積算に用いたもの。原本の頁の説明: 施工地域、時期、現場条件が異なる場合、単価が異なる場合がある)。調査依頼: 沼津河川国道事務所 管理第二課 沼津-道二-02 資材番号 4。調査区分: -。材工区分: 材料費・現場持込。単価適用地域: -。報告月: R8.6.24。備考: 静国-管二-01 No.2と同一。消費税の扱いは原本に記載なし。geo_code は原本の県名欄(調査を依頼した事務所の県)。価格欄: 調査中止
ee23559bba57fd6f,JP,material,特別調査（資材単価） 沼津河川国道事務所 管理第二課,グレーチング固定金具,グレーチングストッパーⅡ型-Ａ(45m/m)同等品以上,個,pref,22,静岡県,-,沼津-道二-02#5,,,JPY,special_survey_price,not_set,,,2026-06-24,,cbr-tokuchou-shizai-r8-09-shizuoka,list_r8.09_shizai_沼津河川国道.pdf p.1,https://www.cbr.mlit.go.jp/architecture/kensetsugijutsu/unit_price/zip/r08/list_r8.09_shizai_shizuoka.zip,PDL1.0,,中部地整の事務所が工事ごとに行った特別調査の報告価格(予定価格の積算に用いたもの。原本の頁の説明: 施工地域、時期、現場条件が異なる場合、単価が異なる場合がある)。調査依頼: 沼津河川国道事務所 管理第二課 沼津-道二-02 資材番号 5。調査区分: -。材工区分: 材料費・現場持込。単価適用地域: -。報告月: R8.6.24。備考: 静国-管二-01 No.3と同一。消費税の扱いは原本に記載なし。geo_code は原本の県名欄(調査を依頼した事務所の県)。価格欄: 調査中止
ecd2dfa985fb010a,JP,material,特別調査（資材単価） 沼津河川国道事務所 管理第二課,グレーチング固定金具,グレーチングストッパーⅡ型-Ｂ(75m/m)同等品以上,個,pref,22,静岡県,-,沼津-道二-02#6,,,JPY,special_survey_price,not_set,,,2026-06-24,,cbr-tokuchou-shizai-r8-09-shizuoka,list_r8.09_shizai_沼津河川国道.pdf p.1,https://www.cbr.mlit.go.jp/architecture/kensetsugijutsu/unit_price/zip/r08/list_r8.09_shizai_shizuoka.zip,PDL1.0,,中部地整の事務所が工事ごとに行った特別調査の報告価格(予定価格の積算に用いたもの。原本の頁の説明: 施工地域、時期、現場条件が異なる場合、単価が異なる場合がある)。調査依頼: 沼津河川国道事務所 管理第二課 沼津-道二-02 資材番号 6。調査区分: -。材工区分: 材料費・現場持込。単価適用地域: -。報告月: R8.6.24。備考: 静国-管二-01 No.4と同一。消費税の扱いは原本に記載なし。geo_code は原本の県名欄(調査を依頼した事務所の県)。価格欄: 調査中止
2e1e4b4974301da7,JP,material,特別調査（資材単価） 沼津河川国道事務所 管理第二課,グレーチング固定金具,グレーチングストッパーⅢ型同等品以上,個,pref,22,静岡県,-,沼津-道二-02#7,,,JPY,special_survey_price,not_set,,,2026-06-24,,cbr-tokuchou-shizai-r8-09-shizuoka,list_r8.09_shizai_沼津河川国道.pdf p.1,https://www.cbr.mlit.go.jp/architecture/kensetsugijutsu/unit_price/zip/r08/list_r8.09_shizai_shizuoka.zip,PDL1.0,,中部地整の事務所が工事ごとに行った特別調査の報告価格(予定価格の積算に用いたもの。原本の頁の説明: 施工地域、時期、現場条件が異なる場合、単価が異なる場合がある)。調査依頼: 沼津河川国道事務所 管理第二課 沼津-道二-02 資材番号 7。調査区分: -。材工区分: 材料費・現場持込。単価適用地域: -。報告月: R8.6.24。備考: 静国-管二-01 No.5と同一。消費税の扱いは原本に記載なし。geo_code は原本の県名欄(調査を依頼した事務所の県)。価格欄: 調査中止
3c8f179931917124,JP,material,特別調査（資材単価） 沼津河川国道事務所 管理第二課,グレーチング固定金具,グレーチングストッパーSP（歩道用）同等品以上,個,pref,22,静岡県,-,沼津-道二-02#8,,,JPY,special_survey_price,not_set,,,2026-06-24,,cbr-tokuchou-shizai-r8-09-shizuoka,list_r8.09_shizai_沼津河川国道.pdf p.1,https://www.cbr.mlit.go.jp/architecture/kensetsugijutsu/unit_price/zip/r08/list_r8.09_shizai_shizuoka.zip,PDL1.0,,中部地整の事務所が工事ごとに行った特別調査の報告価格(予定価格の積算に用いたもの。原本の頁の説明: 施工地域、時期、現場条件が異なる場合、単価が異なる場合がある)。調査依頼: 沼津河川国道事務所 管理第二課 沼津-道二-02 資材番号 8。調査区分: -。材工区分: 材料費・現場持込。単価適用地域: -。報告月: R8.6.24。備考: 静国-管二-01 No.6と同一。消費税の扱いは原本に記載なし。geo_code は原本の県名欄(調査を依頼した事務所の県)。価格欄: 調査中止
ad149cbb6692caf2,JP,material,特別調査（資材単価） 沼津河川国道事務所 管理第二課,歩車道境界ブロック(B),203/210×70/100×600,個,pref,22,静岡県,事務所管内,沼津-道二-02#9,,1740,JPY,special_survey_price,published_pdl,,,2026-06-24,,cbr-tokuchou-shizai-r8-09-shizuoka,list_r8.09_shizai_沼津河川国道.pdf p.2,https://www.cbr.mlit.go.jp/architecture/kensetsugijutsu/unit_price/zip/r08/list_r8.09_shizai_shizuoka.zip,PDL1.0,,中部地整の事務所が工事ごとに行った特別調査の報告価格(予定価格の積算に用いたもの。原本の頁の説明: 施工地域、時期、現場条件が異なる場合、単価が異なる場合がある)。調査依頼: 沼津河川国道事務所 管理第二課 沼津-道二-02 資材番号 9。調査区分: 資材Ａ①。材工区分: 材料費・現場持込。単価適用地域: 事務所管内。報告月: R8.6.24。消費税の扱いは原本に記載なし。geo_code は原本の県名欄(調査を依頼した事務所の県)
92a66c6f5f93b095,JP,material,特別調査（資材単価） 沼津河川国道事務所 管理第二課,歩車道境界ブロック(C),200/210×100/120×600,個,pref,22,静岡県,事務所管内,沼津-道二-02#10,,1740,JPY,special_survey_price,published_pdl,,,2026-06-24,,cbr-tokuchou-shizai-r8-09-shizuoka,list_r8.09_shizai_沼津河川国道.pdf p.2,https://www.cbr.mlit.go.jp/architecture/kensetsugijutsu/unit_price/zip/r08/list_r8.09_shizai_shizuoka.zip,PDL1.0,,中部地整の事務所が工事ごとに行った特別調査の報告価格(予定価格の積算に用いたもの。原本の頁の説明: 施工地域、時期、現場条件が異なる場合、単価が異なる場合がある)。調査依頼: 沼津河川国道事務所 管理第二課 沼津-道二-02 資材番号 10。調査区分: No9に含む。材工区分: 材料費・現場持込。単価適用地域: 事務所管内。報告月: R8.6.24。消費税の扱いは原本に記載なし。geo_code は原本の県名欄(調査を依頼した事務所の県)
e89961eb783d3614,JP,material,特別調査（資材単価） 沼津河川国道事務所 管理第二課,ブラケット（ＳＣ種以外）,４．５×７０×３００塗装 景観配慮型,個,pref,22,静岡県,-,沼津-道二-02#15,,,JPY,special_survey_price,not_set,,,2026-06-24,,cbr-tokuchou-shizai-r8-09-shizuoka,list_r8.09_shizai_沼津河川国道.pdf p.2,https://www.cbr.mlit.go.jp/architecture/kensetsugijutsu/unit_price/zip/r08/list_r8.09_shizai_shizuoka.zip,PDL1.0,,中部地整の事務所が工事ごとに行った特別調査の報告価格(予定価格の積算に用いたもの。原本の頁の説明: 施工地域、時期、現場条件が異なる場合、単価が異なる場合がある)。調査依頼: 沼津河川国道事務所 管理第二課 沼津-道二-02 資材番号 15。調査区分: -。材工区分: 材料費・現場持込。単価適用地域: -。報告月: R8.6.24。備考: 静国-管二-01 No.28と同一。消費税の扱いは原本に記載なし。geo_code は原本の県名欄(調査を依頼した事務所の県)。価格欄: 調査中止
78c69be34836b9c8,JP,material,特別調査（資材単価） 沼津河川国道事務所 管理第二課,ボルトナット（Ｇｒ－Ａ）,Ｍ２０×１７０塗装 景観配慮型,組,pref,22,静岡県,-,沼津-道二-02#16,,,JPY,special_survey_price,not_set,,,2026-06-24,,cbr-tokuchou-shizai-r8-09-shizuoka,list_r8.09_shizai_沼津河川国道.pdf p.2,https://www.cbr.mlit.go.jp/architecture/kensetsugijutsu/unit_price/zip/r08/list_r8.09_shizai_shizuoka.zip,PDL1.0,,中部地整の事務所が工事ごとに行った特別調査の報告価格(予定価格の積算に用いたもの。原本の頁の説明: 施工地域、時期、現場条件が異なる場合、単価が異なる場合がある)。調査依頼: 沼津河川国道事務所 管理第二課 沼津-道二-02 資材番号 16。調査区分: -。材工区分: 材料費・現場持込。単価適用地域: -。報告月: R8.6.24。消費税の扱いは原本に記載なし。geo_code は原本の県名欄(調査を依頼した事務所の県)。価格欄: 調査不可
e57f81a584e565a8,JP,material,特別調査（資材単価） 沼津河川国道事務所 管理第二課,ボルトナット（Ｇｒ－Ａ・Ｂ・Ｃ）,Ｍ１６×３５塗装 景観配慮型,組,pref,22,静岡県,-,沼津-道二-02#17,,,JPY,special_survey_price,not_set,,,2026-06-24,,cbr-tokuchou-shizai-r8-09-shizuoka,list_r8.09_shizai_沼津河川国道.pdf p.2,https://www.cbr.mlit.go.jp/architecture/kensetsugijutsu/unit_price/zip/r08/list_r8.09_shizai_shizuoka.zip,PDL1.0,,中部地整の事務所が工事ごとに行った特別調査の報告価格(予定価格の積算に用いたもの。原本の頁の説明: 施工地域、時期、現場条件が異なる場合、単価が異なる場合がある)。調査依頼: 沼津河川国道事務所 管理第二課 沼津-道二-02 資材番号 17。調査区分: -。材工区分: 材料費・現場持込。単価適用地域: -。報告月: R8.6.24。消費税の扱いは原本に記載なし。geo_code は原本の県名欄(調査を依頼した事務所の県)。価格欄: 調査不可
4c6081cad646393c,JP,material,特別調査（資材単価） 沼津河川国道事務所 管理第二課,ビーム（Ａ・Ｓ）,４．０×３５０×４３３０塗装景観配慮型,枚,pref,22,静岡県,-,沼津-道二-02#18,,,JPY,special_survey_price,not_set,,,2026-06-24,,cbr-tokuchou-shizai-r8-09-shizuoka,list_r8.09_shizai_沼津河川国道.pdf p.2,https://www.cbr.mlit.go.jp/architecture/kensetsugijutsu/unit_price/zip/r08/list_r8.09_shizai_shizuoka.zip,PDL1.0,,中部地整の事務所が工事ごとに行った特別調査の報告価格(予定価格の積算に用いたもの。原本の頁の説明: 施工地域、時期、現場条件が異なる場合、単価が異なる場合がある)。調査依頼: 沼津河川国道事務所 管理第二課 沼津-道二-02 資材番号 18。調査区分: -。材工区分: 材料費・現場持込。単価適用地域: -。報告月: R8.6.24。備考: 静国-管二-01 No.13と同一。消費税の扱いは原本に記載なし。geo_code は原本の県名欄(調査を依頼した事務所の県)。価格欄: 調査中止
9f5c9c09c10b0e00,JP,material,特別調査（資材単価） 沼津河川国道事務所 管理第二課,ビーム（Ａ・Ｓ）,４．０×３５０×２３３０塗装景観配慮型,枚,pref,22,静岡県,-,沼津-道二-02#19,,,JPY,special_survey_price,not_set,,,2026-06-24,,cbr-tokuchou-shizai-r8-09-shizuoka,list_r8.09_shizai_沼津河川国道.pdf p.2,https://www.cbr.mlit.go.jp/architecture/kensetsugijutsu/unit_price/zip/r08/list_r8.09_shizai_shizuoka.zip,PDL1.0,,中部地整の事務所が工事ごとに行った特別調査の報告価格(予定価格の積算に用いたもの。原本の頁の説明: 施工地域、時期、現場条件が異なる場合、単価が異なる場合がある)。調査依頼: 沼津河川国道事務所 管理第二課 沼津-道二-02 資材番号 19。調査区分: -。材工区分: 材料費・現場持込。単価適用地域: -。報告月: R8.6.24。備考: 静国-管二-01 No.14と同一。消費税の扱いは原本に記載なし。geo_code は原本の県名欄(調査を依頼した事務所の県)。価格欄: 調査中止
13032b1d44e5aa6c,JP,material,特別調査（資材単価） 沼津河川国道事務所 管理第二課,ビーム（Ｂ）,３．２×３５０×４３３０塗装景観配慮型,枚,pref,22,静岡県,-,沼津-道二-02#20,,,JPY,special_survey_price,not_set,,,2026-06-24,,cbr-tokuchou-shizai-r8-09-shizuoka,list_r8.09_shizai_沼津河川国道.pdf p.2,https://www.cbr.mlit.go.jp/architecture/kensetsugijutsu/unit_price/zip/r08/list_r8.09_shizai_shizuoka.zip,PDL1.0,,中部地整の事務所が工事ごとに行った特別調査の報告価格(予定価格の積算に用いたもの。原本の頁の説明: 施工地域、時期、現場条件が異なる場合、単価が異なる場合がある)。調査依頼: 沼津河川国道事務所 管理第二課 沼津-道二-02 資材番号 20。調査区分: -。材工区分: 材料費・現場持込。単価適用地域: -。報告月: R8.6.24。備考: 静国-管二-01 No.15と同一。消費税の扱いは原本に記載なし。geo_code は原本の県名欄(調査を依頼した事務所の県)。価格欄: 調査中止
cc874b42544b0a34,JP,material,特別調査（資材単価） 沼津河川国道事務所 管理第二課,ビーム（Ｂ）,３．２×３５０×２３３０塗装景観配慮型,枚,pref,22,静岡県,-,沼津-道二-02#21,,,JPY,special_survey_price,not_set,,,2026-06-24,,cbr-tokuchou-shizai-r8-09-shizuoka,list_r8.09_shizai_沼津河川国道.pdf p.2,https://www.cbr.mlit.go.jp/architecture/kensetsugijutsu/unit_price/zip/r08/list_r8.09_shizai_shizuoka.zip,PDL1.0,,中部地整の事務所が工事ごとに行った特別調査の報告価格(予定価格の積算に用いたもの。原本の頁の説明: 施工地域、時期、現場条件が異なる場合、単価が異なる場合がある)。調査依頼: 沼津河川国道事務所 管理第二課 沼津-道二-02 資材番号 21。調査区分: -。材工区分: 材料費・現場持込。単価適用地域: -。報告月: R8.6.24。備考: 静国-管二-01 No.16と同一。消費税の扱いは原本に記載なし。geo_code は原本の県名欄(調査を依頼した事務所の県)。価格欄: 調査中止
52cce6b36a4747bf,JP,material,特別調査（資材単価） 沼津河川国道事務所 管理第二課,ビーム（３ｍ）,Gr-A種(4.0×350×3300)塗装 景観配慮型,枚,pref,22,静岡県,-,沼津-道二-02#22,,,JPY,special_survey_price,not_set,,,2026-06-24,,cbr-tokuchou-shizai-r8-09-shizuoka,list_r8.09_shizai_沼津河川国道.pdf p.2,https://www.cbr.mlit.go.jp/architecture/kensetsugijutsu/unit_price/zip/r08/list_r8.09_shizai_shizuoka.zip,PDL1.0,,中部地整の事務所が工事ごとに行った特別調査の報告価格(予定価格の積算に用いたもの。原本の頁の説明: 施工地域、時期、現場条件が異なる場合、単価が異なる場合がある)。調査依頼: 沼津河川国道事務所 管理第二課 沼津-道二-02 資材番号 22。調査区分: -。材工区分: 材料費・現場持込。単価適用地域: -。報告月: R8.6.24。備考: 静国-管二-01 No.17と同一。消費税の扱いは原本に記載なし。geo_code は原本の県名欄(調査を依頼した事務所の県)。価格欄: 調査中止
cd8408fdec507b74,JP,material,特別調査（資材単価） 沼津河川国道事務所 管理第二課,ビーム（３ｍ）,Gr-B種（3.2×350×3300)塗装 景観配慮型,枚,pref,22,静岡県,-,沼津-道二-02#23,,,JPY,special_survey_price,not_set,,,2026-06-24,,cbr-tokuchou-shizai-r8-09-shizuoka,list_r8.09_shizai_沼津河川国道.pdf p.2,https://www.cbr.mlit.go.jp/architecture/kensetsugijutsu/unit_price/zip/r08/list_r8.09_shizai_shizuoka.zip,PDL1.0,,中部地整の事務所が工事ごとに行った特別調査の報告価格(予定価格の積算に用いたもの。原本の頁の説明: 施工地域、時期、現場条件が異なる場合、単価が異なる場合がある)。調査依頼: 沼津河川国道事務所 管理第二課 沼津-道二-02 資材番号 23。調査区分: -。材工区分: 材料費・現場持込。単価適用地域: -。報告月: R8.6.24。備考: 静国-管二-01 No.18と同一。消費税の扱いは原本に記載なし。geo_code は原本の県名欄(調査を依頼した事務所の県)。価格欄: 調査中止
c172f1d6d9d12e5d,JP,material,特別調査（資材単価） 沼津河川国道事務所 管理第二課,袖ビーム（Ａ）,３．２×３９７×６６０ 塗装景観配慮型,枚,pref,22,静岡県,-,沼津-道二-02#24,,,JPY,special_survey_price,not_set,,,2026-06-24,,cbr-tokuchou-shizai-r8-09-shizuoka,list_r8.09_shizai_沼津河川国道.pdf p.2,https://www.cbr.mlit.go.jp/architecture/kensetsugijutsu/unit_price/zip/r08/list_r8.09_shizai_shizuoka.zip,PDL1.0,,中部地整の事務所が工事ごとに行った特別調査の報告価格(予定価格の積算に用いたもの。原本の頁の説明: 施工地域、時期、現場条件が異なる場合、単価が異なる場合がある)。調査依頼: 沼津河川国道事務所 管理第二課 沼津-道二-02 資材番号 24。調査区分: -。材工区分: 材料費・現場持込。単価適用地域: -。報告月: R8.6.24。備考: 静国-管二-01 No.19と同一。消費税の扱いは原本に記載なし。geo_code は原本の県名欄(調査を依頼した事務所の県)。価格欄: 調査中止
a83a90aaf61f4a52,JP,material,特別調査（資材単価） 沼津河川国道事務所 管理第二課,袖ビーム（Ｂ）,３．２×３８２×６６０ 塗装景観配慮型,枚,pref,22,静岡県,-,沼津-道二-02#25,,,JPY,special_survey_price,not_set,,,2026-06-24,,cbr-tokuchou-shizai-r8-09-shizuoka,list_r8.09_shizai_沼津河川国道.pdf p.3,https://www.cbr.mlit.go.jp/architecture/kensetsugijutsu/unit_price/zip/r08/list_r8.09_shizai_shizuoka.zip,PDL1.0,,中部地整の事務所が工事ごとに行った特別調査の報告価格(予定価格の積算に用いたもの。原本の頁の説明: 施工地域、時期、現場条件が異なる場合、単価が異なる場合がある)。調査依頼: 沼津河川国道事務所 管理第二課 沼津-道二-02 資材番号 25。調査区分: -。材工区分: 材料費・現場持込。単価適用地域: -。報告月: R8.6.24。備考: 静国-管二-01 No.20と同一。消費税の扱いは原本に記載なし。geo_code は原本の県名欄(調査を依頼した事務所の県)。価格欄: 調査中止
c53daf720240b64d,JP,material,特別調査（資材単価） 沼津河川国道事務所 管理第二課,支柱（Ａ－４Ｅ）,φ１３９．８×４．５×２３５０塗装 景観配慮型,本,pref,22,静岡県,-,沼津-道二-02#26,,,JPY,special_survey_price,not_set,,,2026-06-24,,cbr-tokuchou-shizai-r8-09-shizuoka,list_r8.09_shizai_沼津河川国道.pdf p.3,https://www.cbr.mlit.go.jp/architecture/kensetsugijutsu/unit_price/zip/r08/list_r8.09_shizai_shizuoka.zip,PDL1.0,,中部地整の事務所が工事ごとに行った特別調査の報告価格(予定価格の積算に用いたもの。原本の頁の説明: 施工地域、時期、現場条件が異なる場合、単価が異なる場合がある)。調査依頼: 沼津河川国道事務所 管理第二課 沼津-道二-02 資材番号 26。調査区分: -。材工区分: 材料費・現場持込。単価適用地域: -。報告月: R8.6.24。備考: 静国-管二-01 No.21と同一。消費税の扱いは原本に記載なし。geo_code は原本の県名欄(調査を依頼した事務所の県)。価格欄: 調査中止
696ca81491df5032,JP,material,特別調査（資材単価） 沼津河川国道事務所 管理第二課,支柱（Ｂ－４Ｅ）,φ１１４．３×４．５×２２００塗装 景観配慮型,本,pref,22,静岡県,-,沼津-道二-02#27,,,JPY,special_survey_price,not_set,,,2026-06-24,,cbr-tokuchou-shizai-r8-09-shizuoka,list_r8.09_shizai_沼津河川国道.pdf p.3,https://www.cbr.mlit.go.jp/architecture/kensetsugijutsu/unit_price/zip/r08/list_r8.09_shizai_shizuoka.zip,PDL1.0,,中部地整の事務所が工事ごとに行った特別調査の報告価格(予定価格の積算に用いたもの。原本の頁の説明: 施工地域、時期、現場条件が異なる場合、単価が異なる場合がある)。調査依頼: 沼津河川国道事務所 管理第二課 沼津-道二-02 資材番号 27。調査区分: -。材工区分: 材料費・現場持込。単価適用地域: -。報告月: R8.6.24。備考: 静国-管二-01 No.22と同一。消費税の扱いは原本に記載なし。geo_code は原本の県名欄(調査を依頼した事務所の県)。価格欄: 調査中止
d1712905870fc184,JP,material,特別調査（資材単価） 沼津河川国道事務所 管理第二課,支柱（Ａ－２Ｂ）,φ１３９．８×４．５×１１００塗装 景観配慮型,本,pref,22,静岡県,-,沼津-道二-02#28,,,JPY,special_survey_price,not_set,,,2026-06-24,,cbr-tokuchou-shizai-r8-09-shizuoka,list_r8.09_shizai_沼津河川国道.pdf p.3,https://www.cbr.mlit.go.jp/architecture/kensetsugijutsu/unit_price/zip/r08/list_r8.09_shizai_shizuoka.zip,PDL1.0,,中部地整の事務所が工事ごとに行った特別調査の報告価格(予定価格の積算に用いたもの。原本の頁の説明: 施工地域、時期、現場条件が異なる場合、単価が異なる場合がある)。調査依頼: 沼津河川国道事務所 管理第二課 沼津-道二-02 資材番号 28。調査区分: -。材工区分: 材料費・現場持込。単価適用地域: -。報告月: R8.6.24。備考: 静国-管二-01 No.23と同一。消費税の扱いは原本に記載なし。geo_code は原本の県名欄(調査を依頼した事務所の県)。価格欄: 調査中止
59555d4c70fe0667,JP,material,特別調査（資材単価） 沼津河川国道事務所 管理第二課,支柱（Ｂ－２Ｂ）,φ１１４．３×４．５×１１００塗装 景観配慮型,本,pref,22,静岡県,-,沼津-道二-02#29,,,JPY,special_survey_price,not_set,,,2026-06-24,,cbr-tokuchou-shizai-r8-09-shizuoka,list_r8.09_shizai_沼津河川国道.pdf p.3,https://www.cbr.mlit.go.jp/architecture/kensetsugijutsu/unit_price/zip/r08/list_r8.09_shizai_shizuoka.zip,PDL1.0,,中部地整の事務所が工事ごとに行った特別調査の報告価格(予定価格の積算に用いたもの。原本の頁の説明: 施工地域、時期、現場条件が異なる場合、単価が異なる場合がある)。調査依頼: 沼津河川国道事務所 管理第二課 沼津-道二-02 資材番号 29。調査区分: -。材工区分: 材料費・現場持込。単価適用地域: -。報告月: R8.6.24。備考: 静国-管二-01 No.24と同一。消費税の扱いは原本に記載なし。geo_code は原本の県名欄(調査を依頼した事務所の県)。価格欄: 調査中止
4bc870b0952d6a28,JP,material,特別調査（資材単価） 沼津河川国道事務所 管理第二課,支柱(S-2E),φ139.8×4.5×2550塗装,本,bureau_area,,,局管内,沼津-道二-02#30,,22000,JPY,special_survey_price,published_pdl,,,2026-06-24,,cbr-tokuchou-shizai-r8-09-shizuoka,list_r8.09_shizai_沼津河川国道.pdf p.3,https://www.cbr.mlit.go.jp/architecture/kensetsugijutsu/unit_price/zip/r08/list_r8.09_shizai_shizuoka.zip,PDL1.0,,中部地整の事務所が工事ごとに行った特別調査の報告価格(予定価格の積算に用いたもの。原本の頁の説明: 施工地域、時期、現場条件が異なる場合、単価が異なる場合がある)。調査依頼: 沼津河川国道事務所 管理第二課 沼津-道二-02 資材番号 30。調査区分: 資材Ａ①。材工区分: 材料費 現場持込。単価適用地域: 局管内。報告月: R8.6.24。消費税の扱いは原本に記載なし。geo_code は原本の県名欄(調査を依頼した事務所の県)
525682b729de7454,JP,material,特別調査（資材単価） 沼津河川国道事務所 管理第二課,支柱(S-2E),φ139.8×4.5×2550メッキ,本,bureau_area,,,局管内,沼津-道二-02#31,,23500,JPY,special_survey_price,published_pdl,,,2026-06-24,,cbr-tokuchou-shizai-r8-09-shizuoka,list_r8.09_shizai_沼津河川国道.pdf p.3,https://www.cbr.mlit.go.jp/architecture/kensetsugijutsu/unit_price/zip/r08/list_r8.09_shizai_shizuoka.zip,PDL1.0,,中部地整の事務所が工事ごとに行った特別調査の報告価格(予定価格の積算に用いたもの。原本の頁の説明: 施工地域、時期、現場条件が異なる場合、単価が異なる場合がある)。調査依頼: 沼津河川国道事務所 管理第二課 沼津-道二-02 資材番号 31。調査区分: No30に含む。材工区分: 材料費 現場持込。単価適用地域: 局管内。報告月: R8.6.24。消費税の扱いは原本に記載なし。geo_code は原本の県名欄(調査を依頼した事務所の県)
657b01fca9c8539e,JP,material,特別調査（資材単価） 沼津河川国道事務所 管理第二課,間隔材(Am),200×50×50×4.5×730 塗装 景観配慮型,本,bureau_area,,,局管内,沼津-道二-02#32,,7530,JPY,special_survey_price,published_pdl,,,2026-06-24,,cbr-tokuchou-shizai-r8-09-shizuoka,list_r8.09_shizai_沼津河川国道.pdf p.3,https://www.cbr.mlit.go.jp/architecture/kensetsugijutsu/unit_price/zip/r08/list_r8.09_shizai_shizuoka.zip,PDL1.0,,中部地整の事務所が工事ごとに行った特別調査の報告価格(予定価格の積算に用いたもの。原本の頁の説明: 施工地域、時期、現場条件が異なる場合、単価が異なる場合がある)。調査依頼: 沼津河川国道事務所 管理第二課 沼津-道二-02 資材番号 32。調査区分: 資材Ａ①。材工区分: 材料費 現場持込。単価適用地域: 局管内。報告月: R8.6.24。消費税の扱いは原本に記載なし。geo_code は原本の県名欄(調査を依頼した事務所の県)
0201fcccf8e671e0,JP,material,特別調査（資材単価） 沼津河川国道事務所 管理第二課,間隔材(Am狭),200×50×50×4.5×480 塗装 景観配慮型,本,bureau_area,,,局管内,沼津-道二-02#33,,4830,JPY,special_survey_price,published_pdl,,,2026-06-24,,cbr-tokuchou-shizai-r8-09-shizuoka,list_r8.09_shizai_沼津河川国道.pdf p.3,https://www.cbr.mlit.go.jp/architecture/kensetsugijutsu/unit_price/zip/r08/list_r8.09_shizai_shizuoka.zip,PDL1.0,,中部地整の事務所が工事ごとに行った特別調査の報告価格(予定価格の積算に用いたもの。原本の頁の説明: 施工地域、時期、現場条件が異なる場合、単価が異なる場合がある)。調査依頼: 沼津河川国道事務所 管理第二課 沼津-道二-02 資材番号 33。調査区分: No32に含む。材工区分: 材料費 現場持込。単価適用地域: 局管内。報告月: R8.6.24。消費税の扱いは原本に記載なし。geo_code は原本の県名欄(調査を依頼した事務所の県)
3048023f190c1ce4,JP,material,特別調査（資材単価） 沼津河川国道事務所 管理第二課,支柱（Ａｐ－２Ｂ）,φ１３９．８×４．５×１２２５塗装 景観配慮型,本,pref,22,静岡県,-,沼津-道二-02#34,,,JPY,special_survey_price,not_set,,,2026-06-24,,cbr-tokuchou-shizai-r8-09-shizuoka,list_r8.09_shizai_沼津河川国道.pdf p.3,https://www.cbr.mlit.go.jp/architecture/kensetsugijutsu/unit_price/zip/r08/list_r8.09_shizai_shizuoka.zip,PDL1.0,,中部地整の事務所が工事ごとに行った特別調査の報告価格(予定価格の積算に用いたもの。原本の頁の説明: 施工地域、時期、現場条件が異なる場合、単価が異なる場合がある)。調査依頼: 沼津河川国道事務所 管理第二課 沼津-道二-02 資材番号 34。調査区分: -。材工区分: 材料費・現場持込。単価適用地域: -。報告月: R8.6.24。備考: 静国-管二-01 No.25と同一。消費税の扱いは原本に記載なし。geo_code は原本の県名欄(調査を依頼した事務所の県)。価格欄: 調査中止
58de0cd64be7a8df,JP,material,特別調査（資材単価） 沼津河川国道事務所 管理第二課,支柱（Ｂｐ－２Ｂ）,φ１１４．３×４．５×１２００塗装 景観配慮型,本,pref,22,静岡県,-,沼津-道二-02#35,,,JPY,special_survey_price,not_set,,,2026-06-24,,cbr-tokuchou-shizai-r8-09-shizuoka,list_r8.09_shizai_沼津河川国道.pdf p.3,https://www.cbr.mlit.go.jp/architecture/kensetsugijutsu/unit_price/zip/r08/list_r8.09_shizai_shizuoka.zip,PDL1.0,,中部地整の事務所が工事ごとに行った特別調査の報告価格(予定価格の積算に用いたもの。原本の頁の説明: 施工地域、時期、現場条件が異なる場合、単価が異なる場合がある)。調査依頼: 沼津河川国道事務所 管理第二課 沼津-道二-02 資材番号 35。調査区分: -。材工区分: 材料費・現場持込。単価適用地域: -。報告月: R8.6.24。備考: 静国-管二-01 No.27と同一。消費税の扱いは原本に記載なし。geo_code は原本の県名欄(調査を依頼した事務所の県)。価格欄: 調査中止
bbb80009d67950eb,JP,material,特別調査（資材単価） 沼津河川国道事務所 管理第二課,ボルトナットＡ（Ｇｐ－Ａｐ）,Ｍ１６×１６５塗装 景観配慮型,組,pref,22,静岡県,-,沼津-道二-02#36,,,JPY,special_survey_price,not_set,,,2026-06-24,,cbr-tokuchou-shizai-r8-09-shizuoka,list_r8.09_shizai_沼津河川国道.pdf p.3,https://www.cbr.mlit.go.jp/architecture/kensetsugijutsu/unit_price/zip/r08/list_r8.09_shizai_shizuoka.zip,PDL1.0,,中部地整の事務所が工事ごとに行った特別調査の報告価格(予定価格の積算に用いたもの。原本の頁の説明: 施工地域、時期、現場条件が異なる場合、単価が異なる場合がある)。調査依頼: 沼津河川国道事務所 管理第二課 沼津-道二-02 資材番号 36。調査区分: -。材工区分: 材料費・現場持込。単価適用地域: -。報告月: R8.6.24。消費税の扱いは原本に記載なし。geo_code は原本の県名欄(調査を依頼した事務所の県)。価格欄: 調査不可
6dadaa9909ff2bc1,JP,material,特別調査（資材単価） 沼津河川国道事務所 管理第二課,ボルトナットＢ（Ｇｐ－Ａｐ）,Ｍ１６×８０塗装 景観配慮型,組,pref,22,静岡県,-,沼津-道二-02#37,,,JPY,special_survey_price,not_set,,,2026-06-24,,cbr-tokuchou-shizai-r8-09-shizuoka,list_r8.09_shizai_沼津河川国道.pdf p.4,https://www.cbr.mlit.go.jp/architecture/kensetsugijutsu/unit_price/zip/r08/list_r8.09_shizai_shizuoka.zip,PDL1.0,,中部地整の事務所が工事ごとに行った特別調査の報告価格(予定価格の積算に用いたもの。原本の頁の説明: 施工地域、時期、現場条件が異なる場合、単価が異なる場合がある)。調査依頼: 沼津河川国道事務所 管理第二課 沼津-道二-02 資材番号 37。調査区分: -。材工区分: 材料費・現場持込。単価適用地域: -。報告月: R8.6.24。消費税の扱いは原本に記載なし。geo_code は原本の県名欄(調査を依頼した事務所の県)。価格欄: 調査不可
0fd174f5ff1a84dd,JP,material,特別調査（資材単価） 沼津河川国道事務所 管理第二課,ビームパイプ（Ａｐ）,φ６０．５×３．８×３９３６塗装 景観配慮型,本,pref,22,静岡県,-,沼津-道二-02#38,,,JPY,special_survey_price,not_set,,,2026-06-24,,cbr-tokuchou-shizai-r8-09-shizuoka,list_r8.09_shizai_沼津河川国道.pdf p.4,https://www.cbr.mlit.go.jp/architecture/kensetsugijutsu/unit_price/zip/r08/list_r8.09_shizai_shizuoka.zip,PDL1.0,,中部地整の事務所が工事ごとに行った特別調査の報告価格(予定価格の積算に用いたもの。原本の頁の説明: 施工地域、時期、現場条件が異なる場合、単価が異なる場合がある)。調査依頼: 沼津河川国道事務所 管理第二課 沼津-道二-02 資材番号 38。調査区分: -。材工区分: 材料費・現場持込。単価適用地域: -。報告月: R8.6.24。備考: 静国-管二-01 No.35と同一。消費税の扱いは原本に記載なし。geo_code は原本の県名欄(調査を依頼した事務所の県)。価格欄: 調査中止
e3fedc62f8d4dc95,JP,material,特別調査（資材単価） 沼津河川国道事務所 管理第二課,ビームパイプ（Ｂｐ）,φ４８．６×３．２×３９３６塗装 景観配慮型,本,pref,22,静岡県,-,沼津-道二-02#39,,,JPY,special_survey_price,not_set,,,2026-06-24,,cbr-tokuchou-shizai-r8-09-shizuoka,list_r8.09_shizai_沼津河川国道.pdf p.4,https://www.cbr.mlit.go.jp/architecture/kensetsugijutsu/unit_price/zip/r08/list_r8.09_shizai_shizuoka.zip,PDL1.0,,中部地整の事務所が工事ごとに行った特別調査の報告価格(予定価格の積算に用いたもの。原本の頁の説明: 施工地域、時期、現場条件が異なる場合、単価が異なる場合がある)。調査依頼: 沼津河川国道事務所 管理第二課 沼津-道二-02 資材番号 39。調査区分: -。材工区分: 材料費・現場持込。単価適用地域: -。報告月: R8.6.24。備考: 静国-管二-01 No.36と同一。消費税の扱いは原本に記載なし。geo_code は原本の県名欄(調査を依頼した事務所の県)。価格欄: 調査中止
b850834abc1e8955,JP,material,特別調査（資材単価） 沼津河川国道事務所 管理第二課,袖パイプ（Ａｐ）,φ５１×５．０×２５９．３塗装 景観配慮型,本,pref,22,静岡県,-,沼津-道二-02#40,,,JPY,special_survey_price,not_set,,,2026-06-24,,cbr-tokuchou-shizai-r8-09-shizuoka,list_r8.09_shizai_沼津河川国道.pdf p.4,https://www.cbr.mlit.go.jp/architecture/kensetsugijutsu/unit_price/zip/r08/list_r8.09_shizai_shizuoka.zip,PDL1.0,,中部地整の事務所が工事ごとに行った特別調査の報告価格(予定価格の積算に用いたもの。原本の頁の説明: 施工地域、時期、現場条件が異なる場合、単価が異なる場合がある)。調査依頼: 沼津河川国道事務所 管理第二課 沼津-道二-02 資材番号 40。調査区分: -。材工区分: 材料費・現場持込。単価適用地域: -。報告月: R8.6.24。備考: 静国-管二-01 No.38と同一。消費税の扱いは原本に記載なし。geo_code は原本の県名欄(調査を依頼した事務所の県)。価格欄: 調査中止
597bd729aa1856dc,JP,material,特別調査（資材単価） 沼津河川国道事務所 管理第二課,継手ブラケット（Ａｐ）,６０．５×３．２×６０×９０塗装 景観配慮型,個,pref,22,静岡県,-,沼津-道二-02#41,,,JPY,special_survey_price,not_set,,,2026-06-24,,cbr-tokuchou-shizai-r8-09-shizuoka,list_r8.09_shizai_沼津河川国道.pdf p.4,https://www.cbr.mlit.go.jp/architecture/kensetsugijutsu/unit_price/zip/r08/list_r8.09_shizai_shizuoka.zip,PDL1.0,,中部地整の事務所が工事ごとに行った特別調査の報告価格(予定価格の積算に用いたもの。原本の頁の説明: 施工地域、時期、現場条件が異なる場合、単価が異なる場合がある)。調査依頼: 沼津河川国道事務所 管理第二課 沼津-道二-02 資材番号 41。調査区分: -。材工区分: 材料費・現場持込。単価適用地域: -。報告月: R8.6.24。備考: 静国-管二-01 No.40と同一。消費税の扱いは原本に記載なし。geo_code は原本の県名欄(調査を依頼した事務所の県)。価格欄: 調査中止
4025dd0081f2faa9,JP,material,特別調査（資材単価） 沼津河川国道事務所 管理第二課,中間部ブラケット（Ａｐ）,６３．７×３．２×６０×９０塗装 景観配慮型,個,pref,22,静岡県,-,沼津-道二-02#42,,,JPY,special_survey_price,not_set,,,2026-06-24,,cbr-tokuchou-shizai-r8-09-shizuoka,list_r8.09_shizai_沼津河川国道.pdf p.4,https://www.cbr.mlit.go.jp/architecture/kensetsugijutsu/unit_price/zip/r08/list_r8.09_shizai_shizuoka.zip,PDL1.0,,中部地整の事務所が工事ごとに行った特別調査の報告価格(予定価格の積算に用いたもの。原本の頁の説明: 施工地域、時期、現場条件が異なる場合、単価が異なる場合がある)。調査依頼: 沼津河川国道事務所 管理第二課 沼津-道二-02 資材番号 42。調査区分: -。材工区分: 材料費・現場持込。単価適用地域: -。報告月: R8.6.24。備考: 静国-管二-01 No.42と同一。消費税の扱いは原本に記載なし。geo_code は原本の県名欄(調査を依頼した事務所の県)。価格欄: 調査中止
ce2065f0d521c1ed,JP,material,特別調査（資材単価） 沼津河川国道事務所 管理第二課,インナースリーブ（Ａｐ）,φ５１×５．０×３２４塗装 景観配慮型,本,pref,22,静岡県,-,沼津-道二-02#43,,,JPY,special_survey_price,not_set,,,2026-06-24,,cbr-tokuchou-shizai-r8-09-shizuoka,list_r8.09_shizai_沼津河川国道.pdf p.4,https://www.cbr.mlit.go.jp/architecture/kensetsugijutsu/unit_price/zip/r08/list_r8.09_shizai_shizuoka.zip,PDL1.0,,中部地整の事務所が工事ごとに行った特別調査の報告価格(予定価格の積算に用いたもの。原本の頁の説明: 施工地域、時期、現場条件が異なる場合、単価が異なる場合がある)。調査依頼: 沼津河川国道事務所 管理第二課 沼津-道二-02 資材番号 43。調査区分: -。材工区分: 材料費・現場持込。単価適用地域: -。報告月: R8.6.24。備考: 静国-管二-01 No.44と同一。消費税の扱いは原本に記載なし。geo_code は原本の県名欄(調査を依頼した事務所の県)。価格欄: 調査中止
4a3ad74e23d4d56f,JP,material,特別調査（資材単価） 沼津河川国道事務所 管理第二課,支柱（Ｂｐ－２Ｅ）（Ｂ－３Ｅ）,φ１１４．３×４．５×２３００塗装 景観配慮型,本,pref,22,静岡県,-,沼津-道二-02#44,,,JPY,special_survey_price,not_set,,,2026-06-24,,cbr-tokuchou-shizai-r8-09-shizuoka,list_r8.09_shizai_沼津河川国道.pdf p.4,https://www.cbr.mlit.go.jp/architecture/kensetsugijutsu/unit_price/zip/r08/list_r8.09_shizai_shizuoka.zip,PDL1.0,,中部地整の事務所が工事ごとに行った特別調査の報告価格(予定価格の積算に用いたもの。原本の頁の説明: 施工地域、時期、現場条件が異なる場合、単価が異なる場合がある)。調査依頼: 沼津河川国道事務所 管理第二課 沼津-道二-02 資材番号 44。調査区分: -。材工区分: 材料費・現場持込。単価適用地域: -。報告月: R8.6.24。備考: 静国-管二-01 No.26と同一。消費税の扱いは原本に記載なし。geo_code は原本の県名欄(調査を依頼した事務所の県)。価格欄: 調査中止
66dd808d5e71b8ce,JP,material,特別調査（資材単価） 沼津河川国道事務所 管理第二課,ボルトナットＡ（Ｇｐ－Ｂｐ）（Ｃｐ）（Ｂ）,Ｍ１６×１４０塗装 景観配慮型,組,pref,22,静岡県,-,沼津-道二-02#45,,,JPY,special_survey_price,not_set,,,2026-06-24,,cbr-tokuchou-shizai-r8-09-shizuoka,list_r8.09_shizai_沼津河川国道.pdf p.4,https://www.cbr.mlit.go.jp/architecture/kensetsugijutsu/unit_price/zip/r08/list_r8.09_shizai_shizuoka.zip,PDL1.0,,中部地整の事務所が工事ごとに行った特別調査の報告価格(予定価格の積算に用いたもの。原本の頁の説明: 施工地域、時期、現場条件が異なる場合、単価が異なる場合がある)。調査依頼: 沼津河川国道事務所 管理第二課 沼津-道二-02 資材番号 45。調査区分: -。材工区分: 材料費・現場持込。単価適用地域: -。報告月: R8.6.24。備考: 静国-管二-01 No.33と同一。消費税の扱いは原本に記載なし。geo_code は原本の県名欄(調査を依頼した事務所の県)。価格欄: 調査中止
7f96f0e018161030,JP,material,特別調査（資材単価） 沼津河川国道事務所 管理第二課,ボルトナットＢ（Ｇｐ－Ｂｐ）（Ｃｐ）（Ｂ）,Ｍ１４×７０塗装 景観配慮型,組,pref,22,静岡県,-,沼津-道二-02#46,,,JPY,special_survey_price,not_set,,,2026-06-24,,cbr-tokuchou-shizai-r8-09-shizuoka,list_r8.09_shizai_沼津河川国道.pdf p.4,https://www.cbr.mlit.go.jp/architecture/kensetsugijutsu/unit_price/zip/r08/list_r8.09_shizai_shizuoka.zip,PDL1.0,,中部地整の事務所が工事ごとに行った特別調査の報告価格(予定価格の積算に用いたもの。原本の頁の説明: 施工地域、時期、現場条件が異なる場合、単価が異なる場合がある)。調査依頼: 沼津河川国道事務所 管理第二課 沼津-道二-02 資材番号 46。調査区分: -。材工区分: 材料費・現場持込。単価適用地域: -。報告月: R8.6.24。備考: 静国-管二-01 No.34と同一。消費税の扱いは原本に記載なし。geo_code は原本の県名欄(調査を依頼した事務所の県)。価格欄: 調査中止
7a194b39b11672d7,JP,material,特別調査（資材単価） 沼津河川国道事務所 管理第二課,袖パイプ（Ｂｐ）（Ｂ）,φ４０×４．３×２２３．３塗装 景観配慮型,本,pref,22,静岡県,-,沼津-道二-02#47,,,JPY,special_survey_price,not_set,,,2026-06-24,,cbr-tokuchou-shizai-r8-09-shizuoka,list_r8.09_shizai_沼津河川国道.pdf p.5,https://www.cbr.mlit.go.jp/architecture/kensetsugijutsu/unit_price/zip/r08/list_r8.09_shizai_shizuoka.zip,PDL1.0,,中部地整の事務所が工事ごとに行った特別調査の報告価格(予定価格の積算に用いたもの。原本の頁の説明: 施工地域、時期、現場条件が異なる場合、単価が異なる場合がある)。調査依頼: 沼津河川国道事務所 管理第二課 沼津-道二-02 資材番号 47。調査区分: -。材工区分: 材料費・現場持込。単価適用地域: -。報告月: R8.6.24。備考: 静国-管二-01 No.39と同一。消費税の扱いは原本に記載なし。geo_code は原本の県名欄(調査を依頼した事務所の県)。価格欄: 調査中止
5d3dec05cf74cdc5,JP,material,特別調査（資材単価） 沼津河川国道事務所 管理第二課,継手ブラケット（Ｂｐ）（Ｃｐ）（Ｂ）,４８．６×３．２×６０×８０塗装 景観配慮型,個,pref,22,静岡県,-,沼津-道二-02#48,,,JPY,special_survey_price,not_set,,,2026-06-24,,cbr-tokuchou-shizai-r8-09-shizuoka,list_r8.09_shizai_沼津河川国道.pdf p.5,https://www.cbr.mlit.go.jp/architecture/kensetsugijutsu/unit_price/zip/r08/list_r8.09_shizai_shizuoka.zip,PDL1.0,,中部地整の事務所が工事ごとに行った特別調査の報告価格(予定価格の積算に用いたもの。原本の頁の説明: 施工地域、時期、現場条件が異なる場合、単価が異なる場合がある)。調査依頼: 沼津河川国道事務所 管理第二課 沼津-道二-02 資材番号 48。調査区分: -。材工区分: 材料費・現場持込。単価適用地域: -。報告月: R8.6.24。備考: 静国-管二-01 No.41と同一。消費税の扱いは原本に記載なし。geo_code は原本の県名欄(調査を依頼した事務所の県)。価格欄: 調査中止
3e40697675bb35a7,JP,material,特別調査（資材単価） 沼津河川国道事務所 管理第二課,中間部ブラケット（Ｂｐ）（Ｃｐ）（Ｂ）,５１．８×３．２×６０×８０塗装 景観配慮型,個,pref,22,静岡県,-,沼津-道二-02#49,,,JPY,special_survey_price,not_set,,,2026-06-24,,cbr-tokuchou-shizai-r8-09-shizuoka,list_r8.09_shizai_沼津河川国道.pdf p.5,https://www.cbr.mlit.go.jp/architecture/kensetsugijutsu/unit_price/zip/r08/list_r8.09_shizai_shizuoka.zip,PDL1.0,,中部地整の事務所が工事ごとに行った特別調査の報告価格(予定価格の積算に用いたもの。原本の頁の説明: 施工地域、時期、現場条件が異なる場合、単価が異なる場合がある)。調査依頼: 沼津河川国道事務所 管理第二課 沼津-道二-02 資材番号 49。調査区分: -。材工区分: 材料費・現場持込。単価適用地域: -。報告月: R8.6.24。備考: 静国-管二-01 No.43と同一。消費税の扱いは原本に記載なし。geo_code は原本の県名欄(調査を依頼した事務所の県)。価格欄: 調査中止
806135f21f8f3d11,JP,material,特別調査（資材単価） 沼津河川国道事務所 管理第二課,インナースリーブ（Ｂｐ）（Ｂ）,φ４０×４．３×２６４塗装 景観配慮型,本,pref,22,静岡県,-,沼津-道二-02#50,,,JPY,special_survey_price,not_set,,,2026-06-24,,cbr-tokuchou-shizai-r8-09-shizuoka,list_r8.09_shizai_沼津河川国道.pdf p.5,https://www.cbr.mlit.go.jp/architecture/kensetsugijutsu/unit_price/zip/r08/list_r8.09_shizai_shizuoka.zip,PDL1.0,,中部地整の事務所が工事ごとに行った特別調査の報告価格(予定価格の積算に用いたもの。原本の頁の説明: 施工地域、時期、現場条件が異なる場合、単価が異なる場合がある)。調査依頼: 沼津河川国道事務所 管理第二課 沼津-道二-02 資材番号 50。調査区分: -。材工区分: 材料費・現場持込。単価適用地域: -。報告月: R8.6.24。備考: 静国-管二-01 No.45と同一。消費税の扱いは原本に記載なし。geo_code は原本の県名欄(調査を依頼した事務所の県)。価格欄: 調査中止
6f4313386ef6599a,JP,material,特別調査（資材単価） 沼津河川国道事務所 管理第二課,ビームパイプ（Ｂ）,φ４８．６×３．２×２９３６塗装 景観配慮型,本,pref,22,静岡県,-,沼津-道二-02#51,,,JPY,special_survey_price,not_set,,,2026-06-24,,cbr-tokuchou-shizai-r8-09-shizuoka,list_r8.09_shizai_沼津河川国道.pdf p.5,https://www.cbr.mlit.go.jp/architecture/kensetsugijutsu/unit_price/zip/r08/list_r8.09_shizai_shizuoka.zip,PDL1.0,,中部地整の事務所が工事ごとに行った特別調査の報告価格(予定価格の積算に用いたもの。原本の頁の説明: 施工地域、時期、現場条件が異なる場合、単価が異なる場合がある)。調査依頼: 沼津河川国道事務所 管理第二課 沼津-道二-02 資材番号 51。調査区分: -。材工区分: 材料費・現場持込。単価適用地域: -。報告月: R8.6.24。備考: 静国-管二-01 No.37と同一。消費税の扱いは原本に記載なし。geo_code は原本の県名欄(調査を依頼した事務所の県)。価格欄: 調査中止
bf497781713473d9,JP,material,特別調査（資材単価） 沼津河川国道事務所 管理第二課,袖パイプ(Cp),φ42×3.0×223.3 塗装 景観配慮型,本,bureau_area,,,局管内,沼津-道二-02#52,,3270,JPY,special_survey_price,published_pdl,,,2026-06-24,,cbr-tokuchou-shizai-r8-09-shizuoka,list_r8.09_shizai_沼津河川国道.pdf p.5,https://www.cbr.mlit.go.jp/architecture/kensetsugijutsu/unit_price/zip/r08/list_r8.09_shizai_shizuoka.zip,PDL1.0,,中部地整の事務所が工事ごとに行った特別調査の報告価格(予定価格の積算に用いたもの。原本の頁の説明: 施工地域、時期、現場条件が異なる場合、単価が異なる場合がある)。調査依頼: 沼津河川国道事務所 管理第二課 沼津-道二-02 資材番号 52。調査区分: 資材Ａ①。材工区分: 材料費 現場持込。単価適用地域: 局管内。報告月: R8.6.24。消費税の扱いは原本に記載なし。geo_code は原本の県名欄(調査を依頼した事務所の県)
a5963e622cb03f83,JP,material,特別調査（資材単価） 沼津河川国道事務所 管理第二課,立入防止柵B 支柱,Ｈ＝２０００ ＰＣ－Ａ２０００同等品以上,本,pref,22,静岡県,事務所管内,沼津-道二-02#53,,8610,JPY,special_survey_price,published_pdl,,,2026-06-24,,cbr-tokuchou-shizai-r8-09-shizuoka,list_r8.09_shizai_沼津河川国道.pdf p.5,https://www.cbr.mlit.go.jp/architecture/kensetsugijutsu/unit_price/zip/r08/list_r8.09_shizai_shizuoka.zip,PDL1.0,,中部地整の事務所が工事ごとに行った特別調査の報告価格(予定価格の積算に用いたもの。原本の頁の説明: 施工地域、時期、現場条件が異なる場合、単価が異なる場合がある)。調査依頼: 沼津河川国道事務所 管理第二課 沼津-道二-02 資材番号 53。調査区分: 資材Ａ①。材工区分: 材料費・現場持込。単価適用地域: 事務所管内。報告月: R8.6.24。消費税の扱いは原本に記載なし。geo_code は原本の県名欄(調査を依頼した事務所の県)
565166b8f8a0b659,JP,material,特別調査（資材単価） 沼津河川国道事務所 管理第二課,立入防止柵B フェンス,Ｈ＝２０００ ＰＣ－Ａ２０００同等品以上,ｍ,pref,22,静岡県,事務所管内,沼津-道二-02#54,,10200,JPY,special_survey_price,published_pdl,,,2026-06-24,,cbr-tokuchou-shizai-r8-09-shizuoka,list_r8.09_shizai_沼津河川国道.pdf p.5,https://www.cbr.mlit.go.jp/architecture/kensetsugijutsu/unit_price/zip/r08/list_r8.09_shizai_shizuoka.zip,PDL1.0,,中部地整の事務所が工事ごとに行った特別調査の報告価格(予定価格の積算に用いたもの。原本の頁の説明: 施工地域、時期、現場条件が異なる場合、単価が異なる場合がある)。調査依頼: 沼津河川国道事務所 管理第二課 沼津-道二-02 資材番号 54。調査区分: 資材Ａ①。材工区分: 材料費・現場持込。単価適用地域: 事務所管内。報告月: R8.6.24。消費税の扱いは原本に記載なし。geo_code は原本の県名欄(調査を依頼した事務所の県)
d92a4ef2a6847f2e,JP,material,特別調査（資材単価） 沼津河川国道事務所 管理第二課,立入防止柵 基礎ブロック,250×250×500,個,pref,22,静岡県,事務所管内,沼津-道二-02#55,,3500,JPY,special_survey_price,published_pdl,,,2026-06-24,,cbr-tokuchou-shizai-r8-09-shizuoka,list_r8.09_shizai_沼津河川国道.pdf p.5,https://www.cbr.mlit.go.jp/architecture/kensetsugijutsu/unit_price/zip/r08/list_r8.09_shizai_shizuoka.zip,PDL1.0,,中部地整の事務所が工事ごとに行った特別調査の報告価格(予定価格の積算に用いたもの。原本の頁の説明: 施工地域、時期、現場条件が異なる場合、単価が異なる場合がある)。調査依頼: 沼津河川国道事務所 管理第二課 沼津-道二-02 資材番号 55。調査区分: 資材Ａ①。材工区分: 材料費・現場持込。単価適用地域: 事務所管内。報告月: R8.6.24。消費税の扱いは原本に記載なし。geo_code は原本の県名欄(調査を依頼した事務所の県)
d4524c197be0175f,JP,material,特別調査（資材単価） 沼津河川国道事務所 管理第二課,立入防止柵基礎ブロック,180×180×450,個,pref,22,静岡県,事務所管内,沼津-道二-02#56,,1340,JPY,special_survey_price,published_pdl,,,2026-06-24,,cbr-tokuchou-shizai-r8-09-shizuoka,list_r8.09_shizai_沼津河川国道.pdf p.5,https://www.cbr.mlit.go.jp/architecture/kensetsugijutsu/unit_price/zip/r08/list_r8.09_shizai_shizuoka.zip,PDL1.0,,中部地整の事務所が工事ごとに行った特別調査の報告価格(予定価格の積算に用いたもの。原本の頁の説明: 施工地域、時期、現場条件が異なる場合、単価が異なる場合がある)。調査依頼: 沼津河川国道事務所 管理第二課 沼津-道二-02 資材番号 56。調査区分: No55に含む。材工区分: 材料費 現場持込。単価適用地域: 事務所管内。報告月: R8.6.24。消費税の扱いは原本に記載なし。geo_code は原本の県名欄(調査を依頼した事務所の県)
56b69aecbebaff35,JP,material,特別調査（資材単価） 沼津河川国道事務所 管理第二課,立入防止柵E 支柱,H=1500 V-GS2同等品以上 3.2×50 景観配慮型,本,pref,22,静岡県,事務所管内,沼津-道二-02#57,,2420,JPY,special_survey_price,published_pdl,,,2026-06-24,,cbr-tokuchou-shizai-r8-09-shizuoka,list_r8.09_shizai_沼津河川国道.pdf p.5,https://www.cbr.mlit.go.jp/architecture/kensetsugijutsu/unit_price/zip/r08/list_r8.09_shizai_shizuoka.zip,PDL1.0,,中部地整の事務所が工事ごとに行った特別調査の報告価格(予定価格の積算に用いたもの。原本の頁の説明: 施工地域、時期、現場条件が異なる場合、単価が異なる場合がある)。調査依頼: 沼津河川国道事務所 管理第二課 沼津-道二-02 資材番号 57。調査区分: 資材Ａ①。材工区分: 材料費 現場持込。単価適用地域: 事務所管内。報告月: R8.6.24。消費税の扱いは原本に記載なし。geo_code は原本の県名欄(調査を依頼した事務所の県)
d9c0861f74df43c0,JP,material,特別調査（資材単価） 沼津河川国道事務所 管理第二課,立入防止柵E フェンス,H=1500 V-GS2同等品以上 3.2×50 景観配慮型,ｍ,pref,22,静岡県,事務所管内,沼津-道二-02#58,,3830,JPY,special_survey_price,published_pdl,,,2026-06-24,,cbr-tokuchou-shizai-r8-09-shizuoka,list_r8.09_shizai_沼津河川国道.pdf p.5,https://www.cbr.mlit.go.jp/architecture/kensetsugijutsu/unit_price/zip/r08/list_r8.09_shizai_shizuoka.zip,PDL1.0,,中部地整の事務所が工事ごとに行った特別調査の報告価格(予定価格の積算に用いたもの。原本の頁の説明: 施工地域、時期、現場条件が異なる場合、単価が異なる場合がある)。調査依頼: 沼津河川国道事務所 管理第二課 沼津-道二-02 資材番号 58。調査区分: 資材Ａ①。材工区分: 材料費 現場持込。単価適用地域: 事務所管内。報告月: R8.6.24。消費税の扱いは原本に記載なし。geo_code は原本の県名欄(調査を依頼した事務所の県)
89c5d27854c46c66,JP,material,特別調査（資材単価） 沼津河川国道事務所 管理第二課,立入防止柵B-2 支柱,H=2000 Nステラフェンス同等品以上,本,pref,22,静岡県,事務所管内,沼津-道二-02#59,,9250,JPY,special_survey_price,published_pdl,,,2026-06-24,,cbr-tokuchou-shizai-r8-09-shizuoka,list_r8.09_shizai_沼津河川国道.pdf p.5,https://www.cbr.mlit.go.jp/architecture/kensetsugijutsu/unit_price/zip/r08/list_r8.09_shizai_shizuoka.zip,PDL1.0,,中部地整の事務所が工事ごとに行った特別調査の報告価格(予定価格の積算に用いたもの。原本の頁の説明: 施工地域、時期、現場条件が異なる場合、単価が異なる場合がある)。調査依頼: 沼津河川国道事務所 管理第二課 沼津-道二-02 資材番号 59。調査区分: 資材Ａ①。材工区分: 材料費 現場持込。単価適用地域: 事務所管内。報告月: R8.6.24。消費税の扱いは原本に記載なし。geo_code は原本の県名欄(調査を依頼した事務所の県)
ac1c63116408eb66,JP,material,特別調査（資材単価） 沼津河川国道事務所 管理第二課,立入防止柵B-2 フェンス,H=2000 Nステラフェンス同等品以上,枚,pref,22,静岡県,事務所管内,沼津-道二-02#60,,16700,JPY,special_survey_price,published_pdl,,,2026-06-24,,cbr-tokuchou-shizai-r8-09-shizuoka,list_r8.09_shizai_沼津河川国道.pdf p.6,https://www.cbr.mlit.go.jp/architecture/kensetsugijutsu/unit_price/zip/r08/list_r8.09_shizai_shizuoka.zip,PDL1.0,,中部地整の事務所が工事ごとに行った特別調査の報告価格(予定価格の積算に用いたもの。原本の頁の説明: 施工地域、時期、現場条件が異なる場合、単価が異なる場合がある)。調査依頼: 沼津河川国道事務所 管理第二課 沼津-道二-02 資材番号 60。調査区分: 資材Ａ①。材工区分: 材料費 現場持込。単価適用地域: 事務所管内。報告月: R8.6.24。消費税の扱いは原本に記載なし。geo_code は原本の県名欄(調査を依頼した事務所の県)
be65dd40c12f7a7a,JP,material,特別調査（資材単価） 沼津河川国道事務所 管理第二課,防火フェンス 支柱,H=800,本,pref,22,静岡県,事務所管内,沼津-道二-02#61,,8470,JPY,special_survey_price,published_pdl,,,2026-06-24,,cbr-tokuchou-shizai-r8-09-shizuoka,list_r8.09_shizai_沼津河川国道.pdf p.6,https://www.cbr.mlit.go.jp/architecture/kensetsugijutsu/unit_price/zip/r08/list_r8.09_shizai_shizuoka.zip,PDL1.0,,中部地整の事務所が工事ごとに行った特別調査の報告価格(予定価格の積算に用いたもの。原本の頁の説明: 施工地域、時期、現場条件が異なる場合、単価が異なる場合がある)。調査依頼: 沼津河川国道事務所 管理第二課 沼津-道二-02 資材番号 61。調査区分: 資材Ａ①。材工区分: 材料費 現場持込。単価適用地域: 事務所管内。報告月: R8.6.24。消費税の扱いは原本に記載なし。geo_code は原本の県名欄(調査を依頼した事務所の県)
0e5b3504b181206a,JP,material,特別調査（資材単価） 沼津河川国道事務所 管理第二課,防火フェンス 支柱,H=400,本,pref,22,静岡県,事務所管内,沼津-道二-02#62,,6420,JPY,special_survey_price,published_pdl,,,2026-06-24,,cbr-tokuchou-shizai-r8-09-shizuoka,list_r8.09_shizai_沼津河川国道.pdf p.6,https://www.cbr.mlit.go.jp/architecture/kensetsugijutsu/unit_price/zip/r08/list_r8.09_shizai_shizuoka.zip,PDL1.0,,中部地整の事務所が工事ごとに行った特別調査の報告価格(予定価格の積算に用いたもの。原本の頁の説明: 施工地域、時期、現場条件が異なる場合、単価が異なる場合がある)。調査依頼: 沼津河川国道事務所 管理第二課 沼津-道二-02 資材番号 62。調査区分: No45に含む。材工区分: 材料費 現場持込。単価適用地域: 事務所管内。報告月: R8.6.24。消費税の扱いは原本に記載なし。geo_code は原本の県名欄(調査を依頼した事務所の県)
03dcd09367062a7b,JP,material,特別調査（資材単価） 沼津河川国道事務所 管理第二課,転落防止柵B3 支柱,Ｐ３－３Ｗ同等品以上,本,pref,22,静岡県,-,沼津-道二-02#63,,,JPY,special_survey_price,not_set,,,2026-06-24,,cbr-tokuchou-shizai-r8-09-shizuoka,list_r8.09_shizai_沼津河川国道.pdf p.6,https://www.cbr.mlit.go.jp/architecture/kensetsugijutsu/unit_price/zip/r08/list_r8.09_shizai_shizuoka.zip,PDL1.0,,中部地整の事務所が工事ごとに行った特別調査の報告価格(予定価格の積算に用いたもの。原本の頁の説明: 施工地域、時期、現場条件が異なる場合、単価が異なる場合がある)。調査依頼: 沼津河川国道事務所 管理第二課 沼津-道二-02 資材番号 63。調査区分: -。材工区分: 材料費・現場持込。単価適用地域: -。報告月: R8.6.24。備考: 静国-管二-01 No.56と同一。消費税の扱いは原本に記載なし。geo_code は原本の県名欄(調査を依頼した事務所の県)。価格欄: 調査中止
046b995bab86d6c7,JP,material,特別調査（資材単価） 沼津河川国道事務所 管理第二課,転落防止柵D1 支柱,Ｔ－３０ＡＰ１１１Ｅ同等品以上,本,bureau_area,,,局管内,沼津-道二-02#64,,5840,JPY,special_survey_price,published_pdl,,,2026-06-24,,cbr-tokuchou-shizai-r8-09-shizuoka,list_r8.09_shizai_沼津河川国道.pdf p.6,https://www.cbr.mlit.go.jp/architecture/kensetsugijutsu/unit_price/zip/r08/list_r8.09_shizai_shizuoka.zip,PDL1.0,,中部地整の事務所が工事ごとに行った特別調査の報告価格(予定価格の積算に用いたもの。原本の頁の説明: 施工地域、時期、現場条件が異なる場合、単価が異なる場合がある)。調査依頼: 沼津河川国道事務所 管理第二課 沼津-道二-02 資材番号 64。調査区分: 資材Ａ①。材工区分: 材料費・現場持込。単価適用地域: 局管内。報告月: R8.6.24。消費税の扱いは原本に記載なし。geo_code は原本の県名欄(調査を依頼した事務所の県)
e628394452cd76a8,JP,material,特別調査（資材単価） 沼津河川国道事務所 管理第二課,転落防止柵D2 支柱,Ｔ－３０ＡＰ１１１Ｃ同等品以上,本,pref,22,静岡県,-,沼津-道二-02#65,,,JPY,special_survey_price,not_set,,,2026-06-24,,cbr-tokuchou-shizai-r8-09-shizuoka,list_r8.09_shizai_沼津河川国道.pdf p.6,https://www.cbr.mlit.go.jp/architecture/kensetsugijutsu/unit_price/zip/r08/list_r8.09_shizai_shizuoka.zip,PDL1.0,,中部地整の事務所が工事ごとに行った特別調査の報告価格(予定価格の積算に用いたもの。原本の頁の説明: 施工地域、時期、現場条件が異なる場合、単価が異なる場合がある)。調査依頼: 沼津河川国道事務所 管理第二課 沼津-道二-02 資材番号 65。調査区分: -。材工区分: 材料費・現場持込。単価適用地域: -。報告月: R8.6.24。備考: 静国-管二-01 No.57と同一。消費税の扱いは原本に記載なし。geo_code は原本の県名欄(調査を依頼した事務所の県)。価格欄: 調査中止
5c8264ea0669bd8c,JP,material,特別調査（資材単価） 沼津河川国道事務所 管理第二課,転落防止柵D3 支柱,Ｔ－３０ＡＰ１１１Ｗ同等品以上,本,pref,22,静岡県,-,沼津-道二-02#66,,,JPY,special_survey_price,not_set,,,2026-06-24,,cbr-tokuchou-shizai-r8-09-shizuoka,list_r8.09_shizai_沼津河川国道.pdf p.6,https://www.cbr.mlit.go.jp/architecture/kensetsugijutsu/unit_price/zip/r08/list_r8.09_shizai_shizuoka.zip,PDL1.0,,中部地整の事務所が工事ごとに行った特別調査の報告価格(予定価格の積算に用いたもの。原本の頁の説明: 施工地域、時期、現場条件が異なる場合、単価が異なる場合がある)。調査依頼: 沼津河川国道事務所 管理第二課 沼津-道二-02 資材番号 66。調査区分: -。材工区分: 材料費・現場持込。単価適用地域: -。報告月: R8.6.24。備考: 静国-管二-01 No.58と同一。消費税の扱いは原本に記載なし。geo_code は原本の県名欄(調査を依頼した事務所の県)。価格欄: 調査中止
e2970a4b37be2304,JP,material,特別調査（資材単価） 沼津河川国道事務所 管理第二課,転落防止柵D パネル,Ｔ－３０ＡＰ１１１同等品以上,枚,pref,22,静岡県,-,沼津-道二-02#67,,,JPY,special_survey_price,not_set,,,2026-06-24,,cbr-tokuchou-shizai-r8-09-shizuoka,list_r8.09_shizai_沼津河川国道.pdf p.6,https://www.cbr.mlit.go.jp/architecture/kensetsugijutsu/unit_price/zip/r08/list_r8.09_shizai_shizuoka.zip,PDL1.0,,中部地整の事務所が工事ごとに行った特別調査の報告価格(予定価格の積算に用いたもの。原本の頁の説明: 施工地域、時期、現場条件が異なる場合、単価が異なる場合がある)。調査依頼: 沼津河川国道事務所 管理第二課 沼津-道二-02 資材番号 67。調査区分: -。材工区分: 材料費・現場持込。単価適用地域: -。報告月: R8.6.24。備考: 静国-管二-01 No.59と同一。消費税の扱いは原本に記載なし。geo_code は原本の県名欄(調査を依頼した事務所の県)。価格欄: 調査中止
37a2b28f4d42660a,JP,material,特別調査（資材単価） 沼津河川国道事務所 管理第二課,転落防止柵B1 支柱,P3-3E同等品以上 景観配慮型,本,bureau_area,,,局管内,沼津-道二-02#68,,7620,JPY,special_survey_price,published_pdl,,,2026-06-24,,cbr-tokuchou-shizai-r8-09-shizuoka,list_r8.09_shizai_沼津河川国道.pdf p.6,https://www.cbr.mlit.go.jp/architecture/kensetsugijutsu/unit_price/zip/r08/list_r8.09_shizai_shizuoka.zip,PDL1.0,,中部地整の事務所が工事ごとに行った特別調査の報告価格(予定価格の積算に用いたもの。原本の頁の説明: 施工地域、時期、現場条件が異なる場合、単価が異なる場合がある)。調査依頼: 沼津河川国道事務所 管理第二課 沼津-道二-02 資材番号 68。調査区分: 資材Ａ①。材工区分: 材料費 現場持込。単価適用地域: 局管内。報告月: R8.6.24。消費税の扱いは原本に記載なし。geo_code は原本の県名欄(調査を依頼した事務所の県)
708f5b4ba53704d5,JP,material,特別調査（資材単価） 沼津河川国道事務所 管理第二課,転落防止柵B2 支柱,P3-3C同等品以上 景観配慮型,本,bureau_area,,,局管内,沼津-道二-02#69,,5690,JPY,special_survey_price,published_pdl,,,2026-06-24,,cbr-tokuchou-shizai-r8-09-shizuoka,list_r8.09_shizai_沼津河川国道.pdf p.6,https://www.cbr.mlit.go.jp/architecture/kensetsugijutsu/unit_price/zip/r08/list_r8.09_shizai_shizuoka.zip,PDL1.0,,中部地整の事務所が工事ごとに行った特別調査の報告価格(予定価格の積算に用いたもの。原本の頁の説明: 施工地域、時期、現場条件が異なる場合、単価が異なる場合がある)。調査依頼: 沼津河川国道事務所 管理第二課 沼津-道二-02 資材番号 69。調査区分: No68に含む。材工区分: 材料費 現場持込。単価適用地域: 局管内。報告月: R8.6.24。消費税の扱いは原本に記載なし。geo_code は原本の県名欄(調査を依頼した事務所の県)
5274ce0ee915169d,JP,material,特別調査（資材単価） 沼津河川国道事務所 管理第二課,横断防止柵(車止めA),H-800 L=1500 Tp-8P2-15R同等品以上,基,bureau_area,,,局管内,沼津-道二-02#74,,20500,JPY,special_survey_price,published_pdl,,,2026-06-24,,cbr-tokuchou-shizai-r8-09-shizuoka,list_r8.09_shizai_沼津河川国道.pdf p.6,https://www.cbr.mlit.go.jp/architecture/kensetsugijutsu/unit_price/zip/r08/list_r8.09_shizai_shizuoka.zip,PDL1.0,,中部地整の事務所が工事ごとに行った特別調査の報告価格(予定価格の積算に用いたもの。原本の頁の説明: 施工地域、時期、現場条件が異なる場合、単価が異なる場合がある)。調査依頼: 沼津河川国道事務所 管理第二課 沼津-道二-02 資材番号 74。調査区分: 資材Ａ①。材工区分: 材料費 現場持込。単価適用地域: 局管内。報告月: R8.6.24。消費税の扱いは原本に記載なし。geo_code は原本の県名欄(調査を依頼した事務所の県)
cfb8a7bb7cf9b30b,JP,material,特別調査（資材単価） 沼津河川国道事務所 管理第二課,横断防止柵(車止めB),H-800 L=3000 Tp-8P2-30R同等品以上,基,bureau_area,,,局管内,沼津-道二-02#75,,28400,JPY,special_survey_price,published_pdl,,,2026-06-24,,cbr-tokuchou-shizai-r8-09-shizuoka,list_r8.09_shizai_沼津河川国道.pdf p.6,https://www.cbr.mlit.go.jp/architecture/kensetsugijutsu/unit_price/zip/r08/list_r8.09_shizai_shizuoka.zip,PDL1.0,,中部地整の事務所が工事ごとに行った特別調査の報告価格(予定価格の積算に用いたもの。原本の頁の説明: 施工地域、時期、現場条件が異なる場合、単価が異なる場合がある)。調査依頼: 沼津河川国道事務所 管理第二課 沼津-道二-02 資材番号 75。調査区分: No74に含む。材工区分: 材料費 現場持込。単価適用地域: 局管内。報告月: R8.6.24。消費税の扱いは原本に記載なし。geo_code は原本の県名欄(調査を依頼した事務所の県)
d2e352b5f8c675c6,JP,material,特別調査（資材単価） 沼津河川国道事務所 管理第二課,遮光フェンスパネル(H=375),2.3×375×4000 メッキ,枚,pref,22,静岡県,事務所管内,沼津-道二-02#76,,28400,JPY,special_survey_price,published_pdl,,,2026-06-24,,cbr-tokuchou-shizai-r8-09-shizuoka,list_r8.09_shizai_沼津河川国道.pdf p.6,https://www.cbr.mlit.go.jp/architecture/kensetsugijutsu/unit_price/zip/r08/list_r8.09_shizai_shizuoka.zip,PDL1.0,,中部地整の事務所が工事ごとに行った特別調査の報告価格(予定価格の積算に用いたもの。原本の頁の説明: 施工地域、時期、現場条件が異なる場合、単価が異なる場合がある)。調査依頼: 沼津河川国道事務所 管理第二課 沼津-道二-02 資材番号 76。調査区分: 資材Ａ①。材工区分: 材料費 現場持込。単価適用地域: 事務所管内。報告月: R8.6.24。消費税の扱いは原本に記載なし。geo_code は原本の県名欄(調査を依頼した事務所の県)
cdcb42e6be4c6aca,JP,material,特別調査（資材単価） 沼津河川国道事務所 管理第二課,遮光フェンスパネル(H=490),2.3×490×4000 メッキ,枚,pref,22,静岡県,事務所管内,沼津-道二-02#77,,28400,JPY,special_survey_price,published_pdl,,,2026-06-24,,cbr-tokuchou-shizai-r8-09-shizuoka,list_r8.09_shizai_沼津河川国道.pdf p.6,https://www.cbr.mlit.go.jp/architecture/kensetsugijutsu/unit_price/zip/r08/list_r8.09_shizai_shizuoka.zip,PDL1.0,,中部地整の事務所が工事ごとに行った特別調査の報告価格(予定価格の積算に用いたもの。原本の頁の説明: 施工地域、時期、現場条件が異なる場合、単価が異なる場合がある)。調査依頼: 沼津河川国道事務所 管理第二課 沼津-道二-02 資材番号 77。調査区分: No76に含む。材工区分: 材料費 現場持込。単価適用地域: 事務所管内。報告月: R8.6.24。消費税の扱いは原本に記載なし。geo_code は原本の県名欄(調査を依頼した事務所の県)
32cd71dab1e259e2,JP,material,特別調査（資材単価） 沼津河川国道事務所 管理第二課,遮光フェンスパネル(H=800),2.3×800×4000 メッキ,枚,pref,22,静岡県,事務所管内,沼津-道二-02#78,,40800,JPY,special_survey_price,published_pdl,,,2026-06-24,,cbr-tokuchou-shizai-r8-09-shizuoka,list_r8.09_shizai_沼津河川国道.pdf p.6,https://www.cbr.mlit.go.jp/architecture/kensetsugijutsu/unit_price/zip/r08/list_r8.09_shizai_shizuoka.zip,PDL1.0,,中部地整の事務所が工事ごとに行った特別調査の報告価格(予定価格の積算に用いたもの。原本の頁の説明: 施工地域、時期、現場条件が異なる場合、単価が異なる場合がある)。調査依頼: 沼津河川国道事務所 管理第二課 沼津-道二-02 資材番号 78。調査区分: No76に含む。材工区分: 材料費 現場持込。単価適用地域: 事務所管内。報告月: R8.6.24。消費税の扱いは原本に記載なし。geo_code は原本の県名欄(調査を依頼した事務所の県)
1c4eb59f44ed2a1a,JP,material,特別調査（資材単価） 沼津河川国道事務所 管理第二課,遮光フェンス支柱(H=375用),φ60.5×3.2×730 メッキ,本,pref,22,静岡県,事務所管内,沼津-道二-02#79,,7480,JPY,special_survey_price,published_pdl,,,2026-06-24,,cbr-tokuchou-shizai-r8-09-shizuoka,list_r8.09_shizai_沼津河川国道.pdf p.7,https://www.cbr.mlit.go.jp/architecture/kensetsugijutsu/unit_price/zip/r08/list_r8.09_shizai_shizuoka.zip,PDL1.0,,中部地整の事務所が工事ごとに行った特別調査の報告価格(予定価格の積算に用いたもの。原本の頁の説明: 施工地域、時期、現場条件が異なる場合、単価が異なる場合がある)。調査依頼: 沼津河川国道事務所 管理第二課 沼津-道二-02 資材番号 79。調査区分: 資材Ａ①。材工区分: 材料費 現場持込。単価適用地域: 事務所管内。報告月: R8.6.24。消費税の扱いは原本に記載なし。geo_code は原本の県名欄(調査を依頼した事務所の県)
af8179902663c216,JP,material,特別調査（資材単価） 沼津河川国道事務所 管理第二課,遮光フェンス支柱(H=490用),φ60.5×3.2×840 メッキ,本,pref,22,静岡県,事務所管内,沼津-道二-02#80,,7480,JPY,special_survey_price,published_pdl,,,2026-06-24,,cbr-tokuchou-shizai-r8-09-shizuoka,list_r8.09_shizai_沼津河川国道.pdf p.7,https://www.cbr.mlit.go.jp/architecture/kensetsugijutsu/unit_price/zip/r08/list_r8.09_shizai_shizuoka.zip,PDL1.0,,中部地整の事務所が工事ごとに行った特別調査の報告価格(予定価格の積算に用いたもの。原本の頁の説明: 施工地域、時期、現場条件が異なる場合、単価が異なる場合がある)。調査依頼: 沼津河川国道事務所 管理第二課 沼津-道二-02 資材番号 80。調査区分: No79に含む。材工区分: 材料費 現場持込。単価適用地域: 事務所管内。報告月: R8.6.24。消費税の扱いは原本に記載なし。geo_code は原本の県名欄(調査を依頼した事務所の県)
3139074f802d3e54,JP,material,特別調査（資材単価） 沼津河川国道事務所 管理第二課,遮光フェンス支柱(H=800用),φ60.5×3.2×1300メッキ,本,pref,22,静岡県,事務所管内,沼津-道二-02#81,,9160,JPY,special_survey_price,published_pdl,,,2026-06-24,,cbr-tokuchou-shizai-r8-09-shizuoka,list_r8.09_shizai_沼津河川国道.pdf p.7,https://www.cbr.mlit.go.jp/architecture/kensetsugijutsu/unit_price/zip/r08/list_r8.09_shizai_shizuoka.zip,PDL1.0,,中部地整の事務所が工事ごとに行った特別調査の報告価格(予定価格の積算に用いたもの。原本の頁の説明: 施工地域、時期、現場条件が異なる場合、単価が異なる場合がある)。調査依頼: 沼津河川国道事務所 管理第二課 沼津-道二-02 資材番号 81。調査区分: No79に含む。材工区分: 材料費 現場持込。単価適用地域: 事務所管内。報告月: R8.6.24。消費税の扱いは原本に記載なし。geo_code は原本の県名欄(調査を依頼した事務所の県)
8fe62805fa96c396,JP,material,特別調査（資材単価） 沼津河川国道事務所 管理第二課,Gr取付用バンド,φ60.5+114.3(φ139.8),組,bureau_area,,,局管内,沼津-道二-02#82,,2670,JPY,special_survey_price,published_pdl,,,2026-06-24,,cbr-tokuchou-shizai-r8-09-shizuoka,list_r8.09_shizai_沼津河川国道.pdf p.7,https://www.cbr.mlit.go.jp/architecture/kensetsugijutsu/unit_price/zip/r08/list_r8.09_shizai_shizuoka.zip,PDL1.0,,中部地整の事務所が工事ごとに行った特別調査の報告価格(予定価格の積算に用いたもの。原本の頁の説明: 施工地域、時期、現場条件が異なる場合、単価が異なる場合がある)。調査依頼: 沼津河川国道事務所 管理第二課 沼津-道二-02 資材番号 82。調査区分: 資材Ａ①。材工区分: 材料費 現場持込。単価適用地域: 局管内。報告月: R8.6.24。消費税の扱いは原本に記載なし。geo_code は原本の県名欄(調査を依頼した事務所の県)
7c72af5f434ccd5d,JP,material,特別調査（資材単価） 沼津河川国道事務所 管理第二課,車止めポストA・B 頭部,T-7123-A及びM-7123-A同等品以上 頭部のみ,個,bureau_area,,,局管内,沼津-道二-02#83,,8430,JPY,special_survey_price,published_pdl,,,2026-06-24,,cbr-tokuchou-shizai-r8-09-shizuoka,list_r8.09_shizai_沼津河川国道.pdf p.7,https://www.cbr.mlit.go.jp/architecture/kensetsugijutsu/unit_price/zip/r08/list_r8.09_shizai_shizuoka.zip,PDL1.0,,中部地整の事務所が工事ごとに行った特別調査の報告価格(予定価格の積算に用いたもの。原本の頁の説明: 施工地域、時期、現場条件が異なる場合、単価が異なる場合がある)。調査依頼: 沼津河川国道事務所 管理第二課 沼津-道二-02 資材番号 83。調査区分: 資材Ａ①。材工区分: 材料費 現場持込。単価適用地域: 局管内。報告月: R8.6.24。消費税の扱いは原本に記載なし。geo_code は原本の県名欄(調査を依頼した事務所の県)
10b2b68c37ad7f83,JP,material,特別調査（資材単価） 沼津河川国道事務所 管理第二課,PCクリーナー,,個,bureau_area,,,局管内,沼津-道二-02#84,,2640,JPY,special_survey_price,published_pdl,,,2026-06-24,,cbr-tokuchou-shizai-r8-09-shizuoka,list_r8.09_shizai_沼津河川国道.pdf p.7,https://www.cbr.mlit.go.jp/architecture/kensetsugijutsu/unit_price/zip/r08/list_r8.09_shizai_shizuoka.zip,PDL1.0,,中部地整の事務所が工事ごとに行った特別調査の報告価格(予定価格の積算に用いたもの。原本の頁の説明: 施工地域、時期、現場条件が異なる場合、単価が異なる場合がある)。調査依頼: 沼津河川国道事務所 管理第二課 沼津-道二-02 資材番号 84。調査区分: 資材Ａ①。材工区分: 材料費 現場持込。単価適用地域: 局管内。報告月: R8.6.24。消費税の扱いは原本に記載なし。geo_code は原本の県名欄(調査を依頼した事務所の県)
9ed0fb72d8f1741a,JP,material,特別調査（資材単価） 沼津河川国道事務所 管理第二課,視線誘導標 支柱,φ３４×２．３ メッキ,ｍ,pref,22,静岡県,-,沼津-道二-02#87,,,JPY,special_survey_price,not_set,,,2026-06-24,,cbr-tokuchou-shizai-r8-09-shizuoka,list_r8.09_shizai_沼津河川国道.pdf p.7,https://www.cbr.mlit.go.jp/architecture/kensetsugijutsu/unit_price/zip/r08/list_r8.09_shizai_shizuoka.zip,PDL1.0,,中部地整の事務所が工事ごとに行った特別調査の報告価格(予定価格の積算に用いたもの。原本の頁の説明: 施工地域、時期、現場条件が異なる場合、単価が異なる場合がある)。調査依頼: 沼津河川国道事務所 管理第二課 沼津-道二-02 資材番号 87。調査区分: -。材工区分: 材料費・現場持込。単価適用地域: -。報告月: R8.6.24。備考: 静国-管二-01 No.66と同一。消費税の扱いは原本に記載なし。geo_code は原本の県名欄(調査を依頼した事務所の県)。価格欄: 調査中止
c4b1c77031bb0e86,JP,material,特別調査（資材単価） 沼津河川国道事務所 管理第二課,デリネーターI,ロードセパレータ取付用防塵型 φ１００,組,pref,22,静岡県,-,沼津-道二-02#88,,,JPY,special_survey_price,not_set,,,2026-06-24,,cbr-tokuchou-shizai-r8-09-shizuoka,list_r8.09_shizai_沼津河川国道.pdf p.7,https://www.cbr.mlit.go.jp/architecture/kensetsugijutsu/unit_price/zip/r08/list_r8.09_shizai_shizuoka.zip,PDL1.0,,中部地整の事務所が工事ごとに行った特別調査の報告価格(予定価格の積算に用いたもの。原本の頁の説明: 施工地域、時期、現場条件が異なる場合、単価が異なる場合がある)。調査依頼: 沼津河川国道事務所 管理第二課 沼津-道二-02 資材番号 88。調査区分: -。材工区分: 材料費・現場持込。単価適用地域: -。報告月: R8.6.24。備考: 静国-管二-01 No.67と同一。消費税の扱いは原本に記載なし。geo_code は原本の県名欄(調査を依頼した事務所の県)。価格欄: 調査中止
d42f23235fe642bb,JP,material,特別調査（資材単価） 沼津河川国道事務所 管理第二課,デリネーターK,傾倒式防塵デリネーターφ34×2t×570 片面 φ100 二段,本,pref,22,静岡県,-,沼津-道二-02#89,,,JPY,special_survey_price,not_set,,,2026-06-24,,cbr-tokuchou-shizai-r8-09-shizuoka,list_r8.09_shizai_沼津河川国道.pdf p.7,https://www.cbr.mlit.go.jp/architecture/kensetsugijutsu/unit_price/zip/r08/list_r8.09_shizai_shizuoka.zip,PDL1.0,,中部地整の事務所が工事ごとに行った特別調査の報告価格(予定価格の積算に用いたもの。原本の頁の説明: 施工地域、時期、現場条件が異なる場合、単価が異なる場合がある)。調査依頼: 沼津河川国道事務所 管理第二課 沼津-道二-02 資材番号 89。調査区分: -。材工区分: 材料費・現場持込。単価適用地域: -。報告月: R8.6.24。備考: 静国-管二-01 No.68と同一。消費税の扱いは原本に記載なし。geo_code は原本の県名欄(調査を依頼した事務所の県)。価格欄: 調査中止
05ff62d433db3b3b,JP,material,特別調査（資材単価） 沼津河川国道事務所 管理第二課,デリネーターA1,土中建込用 片面 φ１００景観配慮型,本,pref,22,静岡県,-,沼津-道二-02#90,,,JPY,special_survey_price,not_set,,,2026-06-24,,cbr-tokuchou-shizai-r8-09-shizuoka,list_r8.09_shizai_沼津河川国道.pdf p.7,https://www.cbr.mlit.go.jp/architecture/kensetsugijutsu/unit_price/zip/r08/list_r8.09_shizai_shizuoka.zip,PDL1.0,,中部地整の事務所が工事ごとに行った特別調査の報告価格(予定価格の積算に用いたもの。原本の頁の説明: 施工地域、時期、現場条件が異なる場合、単価が異なる場合がある)。調査依頼: 沼津河川国道事務所 管理第二課 沼津-道二-02 資材番号 90。調査区分: -。材工区分: 材料費・現場持込。単価適用地域: -。報告月: R8.6.24。備考: 静国-管二-01 No.69と同一。消費税の扱いは原本に記載なし。geo_code は原本の県名欄(調査を依頼した事務所の県)。価格欄: 調査中止
9229300a4100e21d,JP,material,特別調査（資材単価） 沼津河川国道事務所 管理第二課,デリネーターA2,土中建込用 両面 φ１００景観配慮型,本,pref,22,静岡県,-,沼津-道二-02#91,,,JPY,special_survey_price,not_set,,,2026-06-24,,cbr-tokuchou-shizai-r8-09-shizuoka,list_r8.09_shizai_沼津河川国道.pdf p.7,https://www.cbr.mlit.go.jp/architecture/kensetsugijutsu/unit_price/zip/r08/list_r8.09_shizai_shizuoka.zip,PDL1.0,,中部地整の事務所が工事ごとに行った特別調査の報告価格(予定価格の積算に用いたもの。原本の頁の説明: 施工地域、時期、現場条件が異なる場合、単価が異なる場合がある)。調査依頼: 沼津河川国道事務所 管理第二課 沼津-道二-02 資材番号 91。調査区分: -。材工区分: 材料費・現場持込。単価適用地域: -。報告月: R8.6.24。備考: 静国-管二-01 No.70と同一。消費税の扱いは原本に記載なし。geo_code は原本の県名欄(調査を依頼した事務所の県)。価格欄: 調査中止
161939ddcbfb20c1,JP,material,特別調査（資材単価） 沼津河川国道事務所 管理第二課,デリネーターA3,土中建込用 防塵型片面φ１００ 景観配慮型,本,pref,22,静岡県,-,沼津-道二-02#92,,,JPY,special_survey_price,not_set,,,2026-06-24,,cbr-tokuchou-shizai-r8-09-shizuoka,list_r8.09_shizai_沼津河川国道.pdf p.7,https://www.cbr.mlit.go.jp/architecture/kensetsugijutsu/unit_price/zip/r08/list_r8.09_shizai_shizuoka.zip,PDL1.0,,中部地整の事務所が工事ごとに行った特別調査の報告価格(予定価格の積算に用いたもの。原本の頁の説明: 施工地域、時期、現場条件が異なる場合、単価が異なる場合がある)。調査依頼: 沼津河川国道事務所 管理第二課 沼津-道二-02 資材番号 92。調査区分: -。材工区分: 材料費・現場持込。単価適用地域: -。報告月: R8.6.24。備考: 静国-管二-01 No.71と同一。消費税の扱いは原本に記載なし。geo_code は原本の県名欄(調査を依頼した事務所の県)。価格欄: 調査中止
f3fac3fa67dc461d,JP,material,特別調査（資材単価） 沼津河川国道事務所 管理第二課,デリネーターA4,土中建込用 防塵型両面φ１００ 景観配慮型,本,pref,22,静岡県,-,沼津-道二-02#93,,,JPY,special_survey_price,not_set,,,2026-06-24,,cbr-tokuchou-shizai-r8-09-shizuoka,list_r8.09_shizai_沼津河川国道.pdf p.8,https://www.cbr.mlit.go.jp/architecture/kensetsugijutsu/unit_price/zip/r08/list_r8.09_shizai_shizuoka.zip,PDL1.0,,中部地整の事務所が工事ごとに行った特別調査の報告価格(予定価格の積算に用いたもの。原本の頁の説明: 施工地域、時期、現場条件が異なる場合、単価が異なる場合がある)。調査依頼: 沼津河川国道事務所 管理第二課 沼津-道二-02 資材番号 93。調査区分: -。材工区分: 材料費・現場持込。単価適用地域: -。報告月: R8.6.24。備考: 静国-管二-01 No.72と同一。消費税の扱いは原本に記載なし。geo_code は原本の県名欄(調査を依頼した事務所の県)。価格欄: 調査中止
803bea31a2a45e4a,JP,material,特別調査（資材単価） 沼津河川国道事務所 管理第二課,デリネーターC1,防護柵取付用 片面φ１００景観配慮型,本,pref,22,静岡県,-,沼津-道二-02#94,,,JPY,special_survey_price,not_set,,,2026-06-24,,cbr-tokuchou-shizai-r8-09-shizuoka,list_r8.09_shizai_沼津河川国道.pdf p.8,https://www.cbr.mlit.go.jp/architecture/kensetsugijutsu/unit_price/zip/r08/list_r8.09_shizai_shizuoka.zip,PDL1.0,,中部地整の事務所が工事ごとに行った特別調査の報告価格(予定価格の積算に用いたもの。原本の頁の説明: 施工地域、時期、現場条件が異なる場合、単価が異なる場合がある)。調査依頼: 沼津河川国道事務所 管理第二課 沼津-道二-02 資材番号 94。調査区分: -。材工区分: 材料費・現場持込。単価適用地域: -。報告月: R8.6.24。備考: 静国-管二-01 No.73と同一。消費税の扱いは原本に記載なし。geo_code は原本の県名欄(調査を依頼した事務所の県)。価格欄: 調査中止
0bd5f9464272e7cd,JP,material,特別調査（資材単価） 沼津河川国道事務所 管理第二課,デリネーターC2,防護柵取付用 両面φ１００景観配慮型,本,pref,22,静岡県,-,沼津-道二-02#95,,,JPY,special_survey_price,not_set,,,2026-06-24,,cbr-tokuchou-shizai-r8-09-shizuoka,list_r8.09_shizai_沼津河川国道.pdf p.8,https://www.cbr.mlit.go.jp/architecture/kensetsugijutsu/unit_price/zip/r08/list_r8.09_shizai_shizuoka.zip,PDL1.0,,中部地整の事務所が工事ごとに行った特別調査の報告価格(予定価格の積算に用いたもの。原本の頁の説明: 施工地域、時期、現場条件が異なる場合、単価が異なる場合がある)。調査依頼: 沼津河川国道事務所 管理第二課 沼津-道二-02 資材番号 95。調査区分: -。材工区分: 材料費・現場持込。単価適用地域: -。報告月: R8.6.24。備考: 静国-管二-01 No.74と同一。消費税の扱いは原本に記載なし。geo_code は原本の県名欄(調査を依頼した事務所の県)。価格欄: 調査中止
84b788046240536d,JP,material,特別調査（資材単価） 沼津河川国道事務所 管理第二課,デリネーターB1,コンクリート建込用 片面φ100 景観配慮型,本,bureau_area,,,局管内,沼津-道二-02#96,,4600,JPY,special_survey_price,published_pdl,,,2026-06-24,,cbr-tokuchou-shizai-r8-09-shizuoka,list_r8.09_shizai_沼津河川国道.pdf p.8,https://www.cbr.mlit.go.jp/architecture/kensetsugijutsu/unit_price/zip/r08/list_r8.09_shizai_shizuoka.zip,PDL1.0,,中部地整の事務所が工事ごとに行った特別調査の報告価格(予定価格の積算に用いたもの。原本の頁の説明: 施工地域、時期、現場条件が異なる場合、単価が異なる場合がある)。調査依頼: 沼津河川国道事務所 管理第二課 沼津-道二-02 資材番号 96。調査区分: 資材Ａ①。材工区分: 材料費 現場持込。単価適用地域: 局管内。報告月: R8.6.24。備考: ダークブラウン。消費税の扱いは原本に記載なし。geo_code は原本の県名欄(調査を依頼した事務所の県)
82cb33d5e5ed0e39,JP,material,特別調査（資材単価） 沼津河川国道事務所 管理第二課,デリネーターB2,コンクリート建込用 両面φ100 景観配慮型,本,bureau_area,,,局管内,沼津-道二-02#97,,5320,JPY,special_survey_price,published_pdl,,,2026-06-24,,cbr-tokuchou-shizai-r8-09-shizuoka,list_r8.09_shizai_沼津河川国道.pdf p.8,https://www.cbr.mlit.go.jp/architecture/kensetsugijutsu/unit_price/zip/r08/list_r8.09_shizai_shizuoka.zip,PDL1.0,,中部地整の事務所が工事ごとに行った特別調査の報告価格(予定価格の積算に用いたもの。原本の頁の説明: 施工地域、時期、現場条件が異なる場合、単価が異なる場合がある)。調査依頼: 沼津河川国道事務所 管理第二課 沼津-道二-02 資材番号 97。調査区分: No96に含む。材工区分: 材料費 現場持込。単価適用地域: 局管内。報告月: R8.6.24。備考: ダークブラウン。消費税の扱いは原本に記載なし。geo_code は原本の県名欄(調査を依頼した事務所の県)
779e3db37b1169dd,JP,material,特別調査（資材単価） 沼津河川国道事務所 管理第二課,デリネーターB3,コンクリート建込用 防塵型 片面φ100 景観配慮型,本,bureau_area,,,局管内,沼津-道二-02#98,,6120,JPY,special_survey_price,published_pdl,,,2026-06-24,,cbr-tokuchou-shizai-r8-09-shizuoka,list_r8.09_shizai_沼津河川国道.pdf p.8,https://www.cbr.mlit.go.jp/architecture/kensetsugijutsu/unit_price/zip/r08/list_r8.09_shizai_shizuoka.zip,PDL1.0,,中部地整の事務所が工事ごとに行った特別調査の報告価格(予定価格の積算に用いたもの。原本の頁の説明: 施工地域、時期、現場条件が異なる場合、単価が異なる場合がある)。調査依頼: 沼津河川国道事務所 管理第二課 沼津-道二-02 資材番号 98。調査区分: No96に含む。材工区分: 材料費 現場持込。単価適用地域: 局管内。報告月: R8.6.24。備考: ダークブラウン。消費税の扱いは原本に記載なし。geo_code は原本の県名欄(調査を依頼した事務所の県)
1ebd87997d7c1a7a,JP,material,特別調査（資材単価） 沼津河川国道事務所 管理第二課,デリネーターB4,コンクリート建込用 防塵型 両面φ100 景観配慮型,本,bureau_area,,,局管内,沼津-道二-02#99,,8360,JPY,special_survey_price,published_pdl,,,2026-06-24,,cbr-tokuchou-shizai-r8-09-shizuoka,list_r8.09_shizai_沼津河川国道.pdf p.8,https://www.cbr.mlit.go.jp/architecture/kensetsugijutsu/unit_price/zip/r08/list_r8.09_shizai_shizuoka.zip,PDL1.0,,中部地整の事務所が工事ごとに行った特別調査の報告価格(予定価格の積算に用いたもの。原本の頁の説明: 施工地域、時期、現場条件が異なる場合、単価が異なる場合がある)。調査依頼: 沼津河川国道事務所 管理第二課 沼津-道二-02 資材番号 99。調査区分: No96に含む。材工区分: 材料費 現場持込。単価適用地域: 局管内。報告月: R8.6.24。備考: ダークブラウン。消費税の扱いは原本に記載なし。geo_code は原本の県名欄(調査を依頼した事務所の県)
5f554dc6e7684e69,JP,material,特別調査（資材単価） 沼津河川国道事務所 管理第二課,デリネーターC3,防護柵取付用 防塵型片面φ100 景観配慮型,本,bureau_area,,,局管内,沼津-道二-02#100,,6520,JPY,special_survey_price,published_pdl,,,2026-06-24,,cbr-tokuchou-shizai-r8-09-shizuoka,list_r8.09_shizai_沼津河川国道.pdf p.8,https://www.cbr.mlit.go.jp/architecture/kensetsugijutsu/unit_price/zip/r08/list_r8.09_shizai_shizuoka.zip,PDL1.0,,中部地整の事務所が工事ごとに行った特別調査の報告価格(予定価格の積算に用いたもの。原本の頁の説明: 施工地域、時期、現場条件が異なる場合、単価が異なる場合がある)。調査依頼: 沼津河川国道事務所 管理第二課 沼津-道二-02 資材番号 100。調査区分: No94に含む。材工区分: 材料費 現場持込。単価適用地域: 局管内。報告月: R8.6.24。備考: ダークブラウン。消費税の扱いは原本に記載なし。geo_code は原本の県名欄(調査を依頼した事務所の県)
d75f0ab87fb3d931,JP,material,特別調査（資材単価） 沼津河川国道事務所 管理第二課,デリネーターC4,防護柵取付用 防塵型両面φ100 景観配慮型,本,bureau_area,,,局管内,沼津-道二-02#101,,8760,JPY,special_survey_price,published_pdl,,,2026-06-24,,cbr-tokuchou-shizai-r8-09-shizuoka,list_r8.09_shizai_沼津河川国道.pdf p.8,https://www.cbr.mlit.go.jp/architecture/kensetsugijutsu/unit_price/zip/r08/list_r8.09_shizai_shizuoka.zip,PDL1.0,,中部地整の事務所が工事ごとに行った特別調査の報告価格(予定価格の積算に用いたもの。原本の頁の説明: 施工地域、時期、現場条件が異なる場合、単価が異なる場合がある)。調査依頼: 沼津河川国道事務所 管理第二課 沼津-道二-02 資材番号 101。調査区分: No94に含む。材工区分: 材料費 現場持込。単価適用地域: 局管内。報告月: R8.6.24。備考: ダークブラウン。消費税の扱いは原本に記載なし。geo_code は原本の県名欄(調査を依頼した事務所の県)
1ad5bf7741098e95,JP,material,特別調査（資材単価） 沼津河川国道事務所 管理第二課,視線誘導テープ,ダークブラウン カプセルプリズム型 １００×４００,枚,pref,22,静岡県,-,沼津-道二-02#104,,,JPY,special_survey_price,not_set,,,2026-06-24,,cbr-tokuchou-shizai-r8-09-shizuoka,list_r8.09_shizai_沼津河川国道.pdf p.8,https://www.cbr.mlit.go.jp/architecture/kensetsugijutsu/unit_price/zip/r08/list_r8.09_shizai_shizuoka.zip,PDL1.0,,中部地整の事務所が工事ごとに行った特別調査の報告価格(予定価格の積算に用いたもの。原本の頁の説明: 施工地域、時期、現場条件が異なる場合、単価が異なる場合がある)。調査依頼: 沼津河川国道事務所 管理第二課 沼津-道二-02 資材番号 104。調査区分: -。材工区分: 材料費・現場持込。単価適用地域: -。報告月: R8.6.24。備考: 静国-管二-01 No.63と同一。消費税の扱いは原本に記載なし。geo_code は原本の県名欄(調査を依頼した事務所の県)。価格欄: 調査中止
106ff4ab44b95e5c,JP,material,特別調査（資材単価） 沼津河川国道事務所 管理第二課,視線誘導テープ,ダークグレー カプセルプリズム型 １００×４００,枚,pref,22,静岡県,-,沼津-道二-02#105,,,JPY,special_survey_price,not_set,,,2026-06-24,,cbr-tokuchou-shizai-r8-09-shizuoka,list_r8.09_shizai_沼津河川国道.pdf p.8,https://www.cbr.mlit.go.jp/architecture/kensetsugijutsu/unit_price/zip/r08/list_r8.09_shizai_shizuoka.zip,PDL1.0,,中部地整の事務所が工事ごとに行った特別調査の報告価格(予定価格の積算に用いたもの。原本の頁の説明: 施工地域、時期、現場条件が異なる場合、単価が異なる場合がある)。調査依頼: 沼津河川国道事務所 管理第二課 沼津-道二-02 資材番号 105。調査区分: -。材工区分: 材料費・現場持込。単価適用地域: -。報告月: R8.6.24。備考: 静国-管二-01 No.64と同一。消費税の扱いは原本に記載なし。geo_code は原本の県名欄(調査を依頼した事務所の県)。価格欄: 調査中止
450582e442b1a62c,JP,material,特別調査（資材単価） 沼津河川国道事務所 管理第二課,反射体A,セイフティライトO型NSL-5同等品以上,個,bureau_area,,,局管内,沼津-道二-02#108,,13000,JPY,special_survey_price,published_pdl,,,2026-06-24,,cbr-tokuchou-shizai-r8-09-shizuoka,list_r8.09_shizai_沼津河川国道.pdf p.8,https://www.cbr.mlit.go.jp/architecture/kensetsugijutsu/unit_price/zip/r08/list_r8.09_shizai_shizuoka.zip,PDL1.0,,中部地整の事務所が工事ごとに行った特別調査の報告価格(予定価格の積算に用いたもの。原本の頁の説明: 施工地域、時期、現場条件が異なる場合、単価が異なる場合がある)。調査依頼: 沼津河川国道事務所 管理第二課 沼津-道二-02 資材番号 108。調査区分: 資材Ａ①。材工区分: 材料費 現場持込。単価適用地域: 局管内。報告月: R8.6.24。消費税の扱いは原本に記載なし。geo_code は原本の県名欄(調査を依頼した事務所の県)
6e5cc9afaa75b689,JP,material,特別調査（資材単価） 沼津河川国道事務所 管理第二課,半周反射体 頭部,セイフティライトO型NSL-1同等品以上,個,bureau_area,,,局管内,沼津-道二-02#109,,9920,JPY,special_survey_price,published_pdl,,,2026-06-24,,cbr-tokuchou-shizai-r8-09-shizuoka,list_r8.09_shizai_沼津河川国道.pdf p.8,https://www.cbr.mlit.go.jp/architecture/kensetsugijutsu/unit_price/zip/r08/list_r8.09_shizai_shizuoka.zip,PDL1.0,,中部地整の事務所が工事ごとに行った特別調査の報告価格(予定価格の積算に用いたもの。原本の頁の説明: 施工地域、時期、現場条件が異なる場合、単価が異なる場合がある)。調査依頼: 沼津河川国道事務所 管理第二課 沼津-道二-02 資材番号 109。調査区分: No108に含む。材工区分: 材料費 現場持込。単価適用地域: 局管内。報告月: R8.6.24。消費税の扱いは原本に記載なし。geo_code は原本の県名欄(調査を依頼した事務所の県)
30b1efcfcbf24071,JP,material,特別調査（資材単価） 沼津河川国道事務所 管理第二課,全周反射体 頭部,セイフティライトO型NWL-1同等品以上,個,bureau_area,,,局管内,沼津-道二-02#110,,18400,JPY,special_survey_price,published_pdl,,,2026-06-24,,cbr-tokuchou-shizai-r8-09-shizuoka,list_r8.09_shizai_沼津河川国道.pdf p.9,https://www.cbr.mlit.go.jp/architecture/kensetsugijutsu/unit_price/zip/r08/list_r8.09_shizai_shizuoka.zip,PDL1.0,,中部地整の事務所が工事ごとに行った特別調査の報告価格(予定価格の積算に用いたもの。原本の頁の説明: 施工地域、時期、現場条件が異なる場合、単価が異なる場合がある)。調査依頼: 沼津河川国道事務所 管理第二課 沼津-道二-02 資材番号 110。調査区分: No108に含む。材工区分: 材料費 現場持込。単価適用地域: 局管内。報告月: R8.6.24。消費税の扱いは原本に記載なし。geo_code は原本の県名欄(調査を依頼した事務所の県)
002185663234a2fc,JP,material,特別調査（資材単価） 沼津河川国道事務所 管理第二課,中央反射板A,セイフティライト NSL-40W同等品以上,個,bureau_area,,,局管内,沼津-道二-02#111,,42000,JPY,special_survey_price,published_pdl,,,2026-06-24,,cbr-tokuchou-shizai-r8-09-shizuoka,list_r8.09_shizai_沼津河川国道.pdf p.9,https://www.cbr.mlit.go.jp/architecture/kensetsugijutsu/unit_price/zip/r08/list_r8.09_shizai_shizuoka.zip,PDL1.0,,中部地整の事務所が工事ごとに行った特別調査の報告価格(予定価格の積算に用いたもの。原本の頁の説明: 施工地域、時期、現場条件が異なる場合、単価が異なる場合がある)。調査依頼: 沼津河川国道事務所 管理第二課 沼津-道二-02 資材番号 111。調査区分: 資材Ａ①。材工区分: 材料費 現場持込。単価適用地域: 局管内。報告月: R8.6.24。消費税の扱いは原本に記載なし。geo_code は原本の県名欄(調査を依頼した事務所の県)
5c25226277564133,JP,material,特別調査（資材単価） 沼津河川国道事務所 管理第二課,線形誘導標(レール取付A),ガードフレックスGW-2同等品以上,枚,bureau_area,,,局管内,沼津-道二-02#115,,5760,JPY,special_survey_price,published_pdl,,,2026-06-24,,cbr-tokuchou-shizai-r8-09-shizuoka,list_r8.09_shizai_沼津河川国道.pdf p.9,https://www.cbr.mlit.go.jp/architecture/kensetsugijutsu/unit_price/zip/r08/list_r8.09_shizai_shizuoka.zip,PDL1.0,,中部地整の事務所が工事ごとに行った特別調査の報告価格(予定価格の積算に用いたもの。原本の頁の説明: 施工地域、時期、現場条件が異なる場合、単価が異なる場合がある)。調査依頼: 沼津河川国道事務所 管理第二課 沼津-道二-02 資材番号 115。調査区分: 資材Ａ①。材工区分: 材料費 現場持込。単価適用地域: 局管内。報告月: R8.6.24。消費税の扱いは原本に記載なし。geo_code は原本の県名欄(調査を依頼した事務所の県)
1fa3c6d9141cb669,JP,material,特別調査（資材単価） 沼津河川国道事務所 管理第二課,線形誘導標(レール取付B),ガードフレックスGW-2A同等品以上,枚,bureau_area,,,局管内,沼津-道二-02#116,,6560,JPY,special_survey_price,published_pdl,,,2026-06-24,,cbr-tokuchou-shizai-r8-09-shizuoka,list_r8.09_shizai_沼津河川国道.pdf p.9,https://www.cbr.mlit.go.jp/architecture/kensetsugijutsu/unit_price/zip/r08/list_r8.09_shizai_shizuoka.zip,PDL1.0,,中部地整の事務所が工事ごとに行った特別調査の報告価格(予定価格の積算に用いたもの。原本の頁の説明: 施工地域、時期、現場条件が異なる場合、単価が異なる場合がある)。調査依頼: 沼津河川国道事務所 管理第二課 沼津-道二-02 資材番号 116。調査区分: No115に含む。材工区分: 材料費 現場持込。単価適用地域: 局管内。報告月: R8.6.24。消費税の扱いは原本に記載なし。geo_code は原本の県名欄(調査を依頼した事務所の県)
363c802ca07b5215,JP,material,特別調査（資材単価） 沼津河川国道事務所 管理第二課,線形誘導標(レール取付C),ガードフレックスGW-4同等品以上,枚,bureau_area,,,局管内,沼津-道二-02#117,,3360,JPY,special_survey_price,published_pdl,,,2026-06-24,,cbr-tokuchou-shizai-r8-09-shizuoka,list_r8.09_shizai_沼津河川国道.pdf p.9,https://www.cbr.mlit.go.jp/architecture/kensetsugijutsu/unit_price/zip/r08/list_r8.09_shizai_shizuoka.zip,PDL1.0,,中部地整の事務所が工事ごとに行った特別調査の報告価格(予定価格の積算に用いたもの。原本の頁の説明: 施工地域、時期、現場条件が異なる場合、単価が異なる場合がある)。調査依頼: 沼津河川国道事務所 管理第二課 沼津-道二-02 資材番号 117。調査区分: No115に含む。材工区分: 材料費 現場持込。単価適用地域: 局管内。報告月: R8.6.24。消費税の扱いは原本に記載なし。geo_code は原本の県名欄(調査を依頼した事務所の県)
0a092e0d6bdb6f51,JP,material,特別調査（資材単価） 沼津河川国道事務所 管理第二課,線形誘導標 支柱,φ60.5×t2.3×2000,本,bureau_area,,,局管内,沼津-道二-02#118,,6500,JPY,special_survey_price,published_pdl,,,2026-06-24,,cbr-tokuchou-shizai-r8-09-shizuoka,list_r8.09_shizai_沼津河川国道.pdf p.9,https://www.cbr.mlit.go.jp/architecture/kensetsugijutsu/unit_price/zip/r08/list_r8.09_shizai_shizuoka.zip,PDL1.0,,中部地整の事務所が工事ごとに行った特別調査の報告価格(予定価格の積算に用いたもの。原本の頁の説明: 施工地域、時期、現場条件が異なる場合、単価が異なる場合がある)。調査依頼: 沼津河川国道事務所 管理第二課 沼津-道二-02 資材番号 118。調査区分: 資材Ａ①。材工区分: 材料費 現場持込。単価適用地域: 局管内。報告月: R8.6.24。備考: めっき＋静電粉体塗装(白)。消費税の扱いは原本に記載なし。geo_code は原本の県名欄(調査を依頼した事務所の県)
333bd4149b0a9ecc,JP,material,特別調査（資材単価） 沼津河川国道事務所 管理第二課,線形誘導標 支柱,φ60.5×2000,本,bureau_area,,,局管内,沼津-道二-02#119,,6500,JPY,special_survey_price,published_pdl,,,2026-06-24,,cbr-tokuchou-shizai-r8-09-shizuoka,list_r8.09_shizai_沼津河川国道.pdf p.9,https://www.cbr.mlit.go.jp/architecture/kensetsugijutsu/unit_price/zip/r08/list_r8.09_shizai_shizuoka.zip,PDL1.0,,中部地整の事務所が工事ごとに行った特別調査の報告価格(予定価格の積算に用いたもの。原本の頁の説明: 施工地域、時期、現場条件が異なる場合、単価が異なる場合がある)。調査依頼: 沼津河川国道事務所 管理第二課 沼津-道二-02 資材番号 119。調査区分: No118に含む。材工区分: 材料費 現場持込。単価適用地域: 局管内。報告月: R8.6.24。備考: めっき＋静電粉体塗装(白)。消費税の扱いは原本に記載なし。geo_code は原本の県名欄(調査を依頼した事務所の県)
9e04f36430e3fbbb,JP,material,特別調査（資材単価） 沼津河川国道事務所 管理第二課,線形誘導標 支柱,φ60.5×2500,本,bureau_area,,,局管内,沼津-道二-02#120,,8320,JPY,special_survey_price,published_pdl,,,2026-06-24,,cbr-tokuchou-shizai-r8-09-shizuoka,list_r8.09_shizai_沼津河川国道.pdf p.9,https://www.cbr.mlit.go.jp/architecture/kensetsugijutsu/unit_price/zip/r08/list_r8.09_shizai_shizuoka.zip,PDL1.0,,中部地整の事務所が工事ごとに行った特別調査の報告価格(予定価格の積算に用いたもの。原本の頁の説明: 施工地域、時期、現場条件が異なる場合、単価が異なる場合がある)。調査依頼: 沼津河川国道事務所 管理第二課 沼津-道二-02 資材番号 120。調査区分: No118に含む。材工区分: 材料費 現場持込。単価適用地域: 局管内。報告月: R8.6.24。備考: めっき＋静電粉体塗装(白)。消費税の扱いは原本に記載なし。geo_code は原本の県名欄(調査を依頼した事務所の県)
4497f3f87d20e1f0,JP,material,特別調査（資材単価） 沼津河川国道事務所 管理第二課,距離標 Ｕバンド,補助取付金具両面用Ｕバンド,組,pref,22,静岡県,-,沼津-道二-02#122,,,JPY,special_survey_price,not_set,,,2026-06-24,,cbr-tokuchou-shizai-r8-09-shizuoka,list_r8.09_shizai_沼津河川国道.pdf p.9,https://www.cbr.mlit.go.jp/architecture/kensetsugijutsu/unit_price/zip/r08/list_r8.09_shizai_shizuoka.zip,PDL1.0,,中部地整の事務所が工事ごとに行った特別調査の報告価格(予定価格の積算に用いたもの。原本の頁の説明: 施工地域、時期、現場条件が異なる場合、単価が異なる場合がある)。調査依頼: 沼津河川国道事務所 管理第二課 沼津-道二-02 資材番号 122。調査区分: -。材工区分: 材料費・現場持込。単価適用地域: -。報告月: R8.6.24。備考: 静国-管二-01 No.81と同一。消費税の扱いは原本に記載なし。geo_code は原本の県名欄(調査を依頼した事務所の県)。価格欄: 調査中止
5fb400f4d8eae708,JP,material,特別調査（資材単価） 沼津河川国道事務所 管理第二課,距離標板A,カプセルレンズ型 １６０×３００,枚,pref,22,静岡県,-,沼津-道二-02#123,,,JPY,special_survey_price,not_set,,,2026-06-24,,cbr-tokuchou-shizai-r8-09-shizuoka,list_r8.09_shizai_沼津河川国道.pdf p.9,https://www.cbr.mlit.go.jp/architecture/kensetsugijutsu/unit_price/zip/r08/list_r8.09_shizai_shizuoka.zip,PDL1.0,,中部地整の事務所が工事ごとに行った特別調査の報告価格(予定価格の積算に用いたもの。原本の頁の説明: 施工地域、時期、現場条件が異なる場合、単価が異なる場合がある)。調査依頼: 沼津河川国道事務所 管理第二課 沼津-道二-02 資材番号 123。調査区分: -。材工区分: 材料費・現場持込。単価適用地域: -。報告月: R8.6.24。備考: 静国-管二-01 No.82と同一。消費税の扱いは原本に記載なし。geo_code は原本の県名欄(調査を依頼した事務所の県)。価格欄: 調査中止
bd7e8911453ae403,JP,material,特別調査（資材単価） 沼津河川国道事務所 管理第二課,距離標板B,プリズムレンズ型 ２８０×１５０,枚,pref,22,静岡県,-,沼津-道二-02#124,,,JPY,special_survey_price,not_set,,,2026-06-24,,cbr-tokuchou-shizai-r8-09-shizuoka,list_r8.09_shizai_沼津河川国道.pdf p.9,https://www.cbr.mlit.go.jp/architecture/kensetsugijutsu/unit_price/zip/r08/list_r8.09_shizai_shizuoka.zip,PDL1.0,,中部地整の事務所が工事ごとに行った特別調査の報告価格(予定価格の積算に用いたもの。原本の頁の説明: 施工地域、時期、現場条件が異なる場合、単価が異なる場合がある)。調査依頼: 沼津河川国道事務所 管理第二課 沼津-道二-02 資材番号 124。調査区分: -。材工区分: 材料費・現場持込。単価適用地域: -。報告月: R8.6.24。備考: 静国-管二-01 No.83と同一。消費税の扱いは原本に記載なし。geo_code は原本の県名欄(調査を依頼した事務所の県)。価格欄: 調査中止
a75c90324774b8d3,JP,material,特別調査（資材単価） 沼津河川国道事務所 管理第二課,距離標柱A,単柱 亜鉛メッキ(材料のみ φ60.5×2.3×1600),本,pref,22,静岡県,-,沼津-道二-02#125,,,JPY,special_survey_price,not_set,,,2026-06-24,,cbr-tokuchou-shizai-r8-09-shizuoka,list_r8.09_shizai_沼津河川国道.pdf p.9,https://www.cbr.mlit.go.jp/architecture/kensetsugijutsu/unit_price/zip/r08/list_r8.09_shizai_shizuoka.zip,PDL1.0,,中部地整の事務所が工事ごとに行った特別調査の報告価格(予定価格の積算に用いたもの。原本の頁の説明: 施工地域、時期、現場条件が異なる場合、単価が異なる場合がある)。調査依頼: 沼津河川国道事務所 管理第二課 沼津-道二-02 資材番号 125。調査区分: -。材工区分: 材料費・現場持込。単価適用地域: -。報告月: R8.6.24。備考: 静国-管二-01 No.84と同一。消費税の扱いは原本に記載なし。geo_code は原本の県名欄(調査を依頼した事務所の県)。価格欄: 調査中止
b4ceb593c8faa30b,JP,material,特別調査（資材単価） 沼津河川国道事務所 管理第二課,距離標柱B,単柱 亜鉛メッキ(材料のみ φ60.5×2.3×750),本,pref,22,静岡県,-,沼津-道二-02#126,,,JPY,special_survey_price,not_set,,,2026-06-24,,cbr-tokuchou-shizai-r8-09-shizuoka,list_r8.09_shizai_沼津河川国道.pdf p.9,https://www.cbr.mlit.go.jp/architecture/kensetsugijutsu/unit_price/zip/r08/list_r8.09_shizai_shizuoka.zip,PDL1.0,,中部地整の事務所が工事ごとに行った特別調査の報告価格(予定価格の積算に用いたもの。原本の頁の説明: 施工地域、時期、現場条件が異なる場合、単価が異なる場合がある)。調査依頼: 沼津河川国道事務所 管理第二課 沼津-道二-02 資材番号 126。調査区分: -。材工区分: 材料費・現場持込。単価適用地域: -。報告月: R8.6.24。備考: 静国-管二-01 No.85と同一。消費税の扱いは原本に記載なし。geo_code は原本の県名欄(調査を依頼した事務所の県)。価格欄: 調査中止
281ce3021fc5fe67,JP,material,特別調査（資材単価） 沼津河川国道事務所 管理第二課,ハンドホール用蓋,Ｔ－２５－Ｗ５（回転式）歩道用 蓋のみ,枚,pref,22,静岡県,事務所管内,沼津-道二-02#127,,172000,JPY,special_survey_price,published_pdl,,,2026-06-24,,cbr-tokuchou-shizai-r8-09-shizuoka,list_r8.09_shizai_沼津河川国道.pdf p.10,https://www.cbr.mlit.go.jp/architecture/kensetsugijutsu/unit_price/zip/r08/list_r8.09_shizai_shizuoka.zip,PDL1.0,,中部地整の事務所が工事ごとに行った特別調査の報告価格(予定価格の積算に用いたもの。原本の頁の説明: 施工地域、時期、現場条件が異なる場合、単価が異なる場合がある)。調査依頼: 沼津河川国道事務所 管理第二課 沼津-道二-02 資材番号 127。調査区分: 資材Ａ①。材工区分: 材料費・現場持込。単価適用地域: 事務所管内。報告月: R8.6.24。消費税の扱いは原本に記載なし。geo_code は原本の県名欄(調査を依頼した事務所の県)
93ae149d2835f823,JP,material,特別調査（資材単価） 沼津河川国道事務所 管理第二課,ハンドホール用蓋,Ｔ－６（φ６００） 蓋のみ,枚,pref,22,静岡県,事務所管内,沼津-道二-02#128,,71400,JPY,special_survey_price,published_pdl,,,2026-06-24,,cbr-tokuchou-shizai-r8-09-shizuoka,list_r8.09_shizai_沼津河川国道.pdf p.10,https://www.cbr.mlit.go.jp/architecture/kensetsugijutsu/unit_price/zip/r08/list_r8.09_shizai_shizuoka.zip,PDL1.0,,中部地整の事務所が工事ごとに行った特別調査の報告価格(予定価格の積算に用いたもの。原本の頁の説明: 施工地域、時期、現場条件が異なる場合、単価が異なる場合がある)。調査依頼: 沼津河川国道事務所 管理第二課 沼津-道二-02 資材番号 128。調査区分: 資材Ａ①。材工区分: 材料費・現場持込。単価適用地域: 事務所管内。報告月: R8.6.24。消費税の扱いは原本に記載なし。geo_code は原本の県名欄(調査を依頼した事務所の県)
7e587f91b60df5da,JP,material,特別調査（資材単価） 沼津河川国道事務所 管理第二課,袖レール用反射テープ,黄色 １２０×２５０,枚,pref,22,静岡県,-,沼津-道二-02#130,,,JPY,special_survey_price,not_set,,,2026-06-24,,cbr-tokuchou-shizai-r8-09-shizuoka,list_r8.09_shizai_沼津河川国道.pdf p.10,https://www.cbr.mlit.go.jp/architecture/kensetsugijutsu/unit_price/zip/r08/list_r8.09_shizai_shizuoka.zip,PDL1.0,,中部地整の事務所が工事ごとに行った特別調査の報告価格(予定価格の積算に用いたもの。原本の頁の説明: 施工地域、時期、現場条件が異なる場合、単価が異なる場合がある)。調査依頼: 沼津河川国道事務所 管理第二課 沼津-道二-02 資材番号 130。調査区分: -。材工区分: 材料費・現場持込。単価適用地域: -。報告月: R8.6.24。備考: 静国-管二-01 No.99と同一。消費税の扱いは原本に記載なし。geo_code は原本の県名欄(調査を依頼した事務所の県)。価格欄: 調査中止
5a471ae7d00b658c,JP,material,特別調査（資材単価） 沼津河川国道事務所 管理第二課,バリロード,1080×500×500,個,bureau_area,,,局管内,沼津-道二-02#131,,33400,JPY,special_survey_price,published_pdl,,,2026-06-24,,cbr-tokuchou-shizai-r8-09-shizuoka,list_r8.09_shizai_沼津河川国道.pdf p.10,https://www.cbr.mlit.go.jp/architecture/kensetsugijutsu/unit_price/zip/r08/list_r8.09_shizai_shizuoka.zip,PDL1.0,,中部地整の事務所が工事ごとに行った特別調査の報告価格(予定価格の積算に用いたもの。原本の頁の説明: 施工地域、時期、現場条件が異なる場合、単価が異なる場合がある)。調査依頼: 沼津河川国道事務所 管理第二課 沼津-道二-02 資材番号 131。調査区分: 資材Ａ①。材工区分: 材料費 現場持込。単価適用地域: 局管内。報告月: R8.6.24。消費税の扱いは原本に記載なし。geo_code は原本の県名欄(調査を依頼した事務所の県)
362d5144665ebfbc,JP,material,特別調査（資材単価） 沼津河川国道事務所 管理第二課,土系舗装材,エコクリーンソイル同等品以上(25kg/袋),kg,pref,22,静岡県,-,沼津-道二-02#132,,,JPY,special_survey_price,not_set,,,2026-06-24,,cbr-tokuchou-shizai-r8-09-shizuoka,list_r8.09_shizai_沼津河川国道.pdf p.10,https://www.cbr.mlit.go.jp/architecture/kensetsugijutsu/unit_price/zip/r08/list_r8.09_shizai_shizuoka.zip,PDL1.0,,中部地整の事務所が工事ごとに行った特別調査の報告価格(予定価格の積算に用いたもの。原本の頁の説明: 施工地域、時期、現場条件が異なる場合、単価が異なる場合がある)。調査依頼: 沼津河川国道事務所 管理第二課 沼津-道二-02 資材番号 132。調査区分: -。材工区分: 材料費・現場持込。単価適用地域: -。報告月: R8.6.24。備考: 静国-管二-01 No.89と同一。消費税の扱いは原本に記載なし。geo_code は原本の県名欄(調査を依頼した事務所の県)。価格欄: 調査中止
a55d24a70250d8ec,JP,material,特別調査（資材単価） 沼津河川国道事務所 管理第二課,Ｕ型ピン,φ４ｍｍ×Ｌ２３０,本,pref,22,静岡県,-,沼津-道二-02#133,,,JPY,special_survey_price,not_set,,,2026-06-24,,cbr-tokuchou-shizai-r8-09-shizuoka,list_r8.09_shizai_沼津河川国道.pdf p.10,https://www.cbr.mlit.go.jp/architecture/kensetsugijutsu/unit_price/zip/r08/list_r8.09_shizai_shizuoka.zip,PDL1.0,,中部地整の事務所が工事ごとに行った特別調査の報告価格(予定価格の積算に用いたもの。原本の頁の説明: 施工地域、時期、現場条件が異なる場合、単価が異なる場合がある)。調査依頼: 沼津河川国道事務所 管理第二課 沼津-道二-02 資材番号 133。調査区分: -。材工区分: 材料費・現場持込。単価適用地域: -。報告月: R8.6.24。備考: 静国-管二-01 No.91と同一。消費税の扱いは原本に記載なし。geo_code は原本の県名欄(調査を依頼した事務所の県)。価格欄: 調査中止
1854d64f36df226c,JP,material,特別調査（資材単価） 沼津河川国道事務所 管理第二課,油吸着材,ＡＣライト同等品以上(10kg/袋),ｋｇ,pref,22,静岡県,-,沼津-道二-02#134,,,JPY,special_survey_price,not_set,,,2026-06-24,,cbr-tokuchou-shizai-r8-09-shizuoka,list_r8.09_shizai_沼津河川国道.pdf p.10,https://www.cbr.mlit.go.jp/architecture/kensetsugijutsu/unit_price/zip/r08/list_r8.09_shizai_shizuoka.zip,PDL1.0,,中部地整の事務所が工事ごとに行った特別調査の報告価格(予定価格の積算に用いたもの。原本の頁の説明: 施工地域、時期、現場条件が異なる場合、単価が異なる場合がある)。調査依頼: 沼津河川国道事務所 管理第二課 沼津-道二-02 資材番号 134。調査区分: -。材工区分: 材料費・現場持込。単価適用地域: -。報告月: R8.6.24。備考: 静国-管二-01 No.100と同一。消費税の扱いは原本に記載なし。geo_code は原本の県名欄(調査を依頼した事務所の県)。価格欄: 調査中止
82edb2ecc901413f,JP,material,特別調査（資材単価） 沼津河川国道事務所 管理第二課,落書消し剤,アレスセラマイルドグロスTN-80同等品以上,ｋｇ,pref,22,静岡県,-,沼津-道二-02#135,,,JPY,special_survey_price,not_set,,,2026-06-24,,cbr-tokuchou-shizai-r8-09-shizuoka,list_r8.09_shizai_沼津河川国道.pdf p.10,https://www.cbr.mlit.go.jp/architecture/kensetsugijutsu/unit_price/zip/r08/list_r8.09_shizai_shizuoka.zip,PDL1.0,,中部地整の事務所が工事ごとに行った特別調査の報告価格(予定価格の積算に用いたもの。原本の頁の説明: 施工地域、時期、現場条件が異なる場合、単価が異なる場合がある)。調査依頼: 沼津河川国道事務所 管理第二課 沼津-道二-02 資材番号 135。調査区分: -。材工区分: 材料費・現場持込。単価適用地域: -。報告月: R8.6.24。備考: 静国-管二-01 No.101と同一。消費税の扱いは原本に記載なし。geo_code は原本の県名欄(調査を依頼した事務所の県)。価格欄: 調査中止
bf7a9a46951935fd,JP,material,特別調査（資材単価） 沼津河川国道事務所 管理第二課,プレキャスト基礎ブロック,300×300×300,個,pref,22,静岡県,事務所管内,沼津-道二-02#136,,1880,JPY,special_survey_price,published_pdl,,,2026-06-24,,cbr-tokuchou-shizai-r8-09-shizuoka,list_r8.09_shizai_沼津河川国道.pdf p.10,https://www.cbr.mlit.go.jp/architecture/kensetsugijutsu/unit_price/zip/r08/list_r8.09_shizai_shizuoka.zip,PDL1.0,,中部地整の事務所が工事ごとに行った特別調査の報告価格(予定価格の積算に用いたもの。原本の頁の説明: 施工地域、時期、現場条件が異なる場合、単価が異なる場合がある)。調査依頼: 沼津河川国道事務所 管理第二課 沼津-道二-02 資材番号 136。調査区分: 資材Ａ①。材工区分: 材料費 現場持込。単価適用地域: 事務所管内。報告月: R8.6.24。消費税の扱いは原本に記載なし。geo_code は原本の県名欄(調査を依頼した事務所の県)
eaf5ff813d63ceac,JP,material,特別調査（資材単価） 沼津河川国道事務所 管理第二課,プレキャスト基礎ブロック,500×500×500,個,pref,22,静岡県,事務所管内,沼津-道二-02#137,,8730,JPY,special_survey_price,published_pdl,,,2026-06-24,,cbr-tokuchou-shizai-r8-09-shizuoka,list_r8.09_shizai_沼津河川国道.pdf p.10,https://www.cbr.mlit.go.jp/architecture/kensetsugijutsu/unit_price/zip/r08/list_r8.09_shizai_shizuoka.zip,PDL1.0,,中部地整の事務所が工事ごとに行った特別調査の報告価格(予定価格の積算に用いたもの。原本の頁の説明: 施工地域、時期、現場条件が異なる場合、単価が異なる場合がある)。調査依頼: 沼津河川国道事務所 管理第二課 沼津-道二-02 資材番号 137。調査区分: No136に含む。材工区分: 材料費 現場持込。単価適用地域: 事務所管内。報告月: R8.6.24。消費税の扱いは原本に記載なし。geo_code は原本の県名欄(調査を依頼した事務所の県)
cb3147cebdd51675,JP,material,特別調査（資材単価） 沼津河川国道事務所 管理第二課,支柱(横断防止柵B3),PLD-W同等品以上 景観配慮型,基,bureau_area,,,局管内,沼津-道二-02#138,,4900,JPY,special_survey_price,published_pdl,,,2026-06-24,,cbr-tokuchou-shizai-r8-09-shizuoka,list_r8.09_shizai_沼津河川国道.pdf p.10,https://www.cbr.mlit.go.jp/architecture/kensetsugijutsu/unit_price/zip/r08/list_r8.09_shizai_shizuoka.zip,PDL1.0,,中部地整の事務所が工事ごとに行った特別調査の報告価格(予定価格の積算に用いたもの。原本の頁の説明: 施工地域、時期、現場条件が異なる場合、単価が異なる場合がある)。調査依頼: 沼津河川国道事務所 管理第二課 沼津-道二-02 資材番号 138。調査区分: 資材Ａ①。材工区分: 材料費 現場持込。単価適用地域: 局管内。報告月: R8.6.24。消費税の扱いは原本に記載なし。geo_code は原本の県名欄(調査を依頼した事務所の県)
b3f94a18b61c3ed7,JP,material,特別調査（資材単価） 浜松河川国道事務所 道路管理第二課,直ビーム A種（景観配慮型塗装）,4.0×350×4330,枚,bureau_area,,,局管内,浜松-道二-01#1,,42500,JPY,special_survey_price,published_pdl,,,2026-06-10,,cbr-tokuchou-shizai-r8-09-shizuoka,list_r8.09_shizai_浜松河川国道.pdf p.4,https://www.cbr.mlit.go.jp/architecture/kensetsugijutsu/unit_price/zip/r08/list_r8.09_shizai_shizuoka.zip,PDL1.0,,中部地整の事務所が工事ごとに行った特別調査の報告価格(予定価格の積算に用いたもの。原本の頁の説明: 施工地域、時期、現場条件が異なる場合、単価が異なる場合がある)。調査依頼: 浜松河川国道事務所 道路管理第二課 浜松-道二-01 資材番号 1。調査区分: 資材Ａ①。材工区分: 材料費・現場持込。単価適用地域: 局管内。報告月: R8.6.10。消費税の扱いは原本に記載なし。geo_code は原本の県名欄(調査を依頼した事務所の県)
ce802d2129c2a7a7,JP,material,特別調査（資材単価） 浜松河川国道事務所 道路管理第二課,直ビーム B種（景観配慮型塗装）,3.2×350×4330,枚,bureau_area,,,局管内,浜松-道二-01#2,,30600,JPY,special_survey_price,published_pdl,,,2026-06-10,,cbr-tokuchou-shizai-r8-09-shizuoka,list_r8.09_shizai_浜松河川国道.pdf p.4,https://www.cbr.mlit.go.jp/architecture/kensetsugijutsu/unit_price/zip/r08/list_r8.09_shizai_shizuoka.zip,PDL1.0,,中部地整の事務所が工事ごとに行った特別調査の報告価格(予定価格の積算に用いたもの。原本の頁の説明: 施工地域、時期、現場条件が異なる場合、単価が異なる場合がある)。調査依頼: 浜松河川国道事務所 道路管理第二課 浜松-道二-01 資材番号 2。調査区分: No1に含む。材工区分: 材料費・現場持込。単価適用地域: 局管内。報告月: R8.6.10。消費税の扱いは原本に記載なし。geo_code は原本の県名欄(調査を依頼した事務所の県)
176e69b765c6137b,JP,material,特別調査（資材単価） 浜松河川国道事務所 道路管理第二課,直ビーム C種（景観配慮型塗装）,2.3×350×4330,枚,bureau_area,,,局管内,浜松-道二-01#3,,22500,JPY,special_survey_price,published_pdl,,,2026-06-10,,cbr-tokuchou-shizai-r8-09-shizuoka,list_r8.09_shizai_浜松河川国道.pdf p.4,https://www.cbr.mlit.go.jp/architecture/kensetsugijutsu/unit_price/zip/r08/list_r8.09_shizai_shizuoka.zip,PDL1.0,,中部地整の事務所が工事ごとに行った特別調査の報告価格(予定価格の積算に用いたもの。原本の頁の説明: 施工地域、時期、現場条件が異なる場合、単価が異なる場合がある)。調査依頼: 浜松河川国道事務所 道路管理第二課 浜松-道二-01 資材番号 3。調査区分: No1に含む。材工区分: 材料費・現場持込。単価適用地域: 局管内。報告月: R8.6.10。消費税の扱いは原本に記載なし。geo_code は原本の県名欄(調査を依頼した事務所の県)
b882a8670288cf75,JP,material,特別調査（資材単価） 浜松河川国道事務所 道路管理第二課,直支柱 A-4E（景観配慮型塗装）,4.5×139.8×2350,本,bureau_area,,,局管内,浜松-道二-01#4,,23800,JPY,special_survey_price,published_pdl,,,2026-06-10,,cbr-tokuchou-shizai-r8-09-shizuoka,list_r8.09_shizai_浜松河川国道.pdf p.4,https://www.cbr.mlit.go.jp/architecture/kensetsugijutsu/unit_price/zip/r08/list_r8.09_shizai_shizuoka.zip,PDL1.0,,中部地整の事務所が工事ごとに行った特別調査の報告価格(予定価格の積算に用いたもの。原本の頁の説明: 施工地域、時期、現場条件が異なる場合、単価が異なる場合がある)。調査依頼: 浜松河川国道事務所 道路管理第二課 浜松-道二-01 資材番号 4。調査区分: 資材Ａ①。材工区分: 材料費・現場持込。単価適用地域: 局管内。報告月: R8.6.10。消費税の扱いは原本に記載なし。geo_code は原本の県名欄(調査を依頼した事務所の県)
6cdc36fab5892ddc,JP,material,特別調査（資材単価） 浜松河川国道事務所 道路管理第二課,直支柱 B-4E（景観配慮型塗装）,4.5×114.3×2200,本,bureau_area,,,局管内,浜松-道二-01#5,,18100,JPY,special_survey_price,published_pdl,,,2026-06-10,,cbr-tokuchou-shizai-r8-09-shizuoka,list_r8.09_shizai_浜松河川国道.pdf p.4,https://www.cbr.mlit.go.jp/architecture/kensetsugijutsu/unit_price/zip/r08/list_r8.09_shizai_shizuoka.zip,PDL1.0,,中部地整の事務所が工事ごとに行った特別調査の報告価格(予定価格の積算に用いたもの。原本の頁の説明: 施工地域、時期、現場条件が異なる場合、単価が異なる場合がある)。調査依頼: 浜松河川国道事務所 道路管理第二課 浜松-道二-01 資材番号 5。調査区分: No4に含む。材工区分: 材料費・現場持込。単価適用地域: 局管内。報告月: R8.6.10。消費税の扱いは原本に記載なし。geo_code は原本の県名欄(調査を依頼した事務所の県)
a710972c1886cf1e,JP,material,特別調査（資材単価） 浜松河川国道事務所 道路管理第二課,片間隔材 Am種（塗装）,4.5×200×50×310,個,bureau_area,,,局管内,浜松-道二-01#6,,5400,JPY,special_survey_price,published_pdl,,,2026-06-10,,cbr-tokuchou-shizai-r8-09-shizuoka,list_r8.09_shizai_浜松河川国道.pdf p.4,https://www.cbr.mlit.go.jp/architecture/kensetsugijutsu/unit_price/zip/r08/list_r8.09_shizai_shizuoka.zip,PDL1.0,,中部地整の事務所が工事ごとに行った特別調査の報告価格(予定価格の積算に用いたもの。原本の頁の説明: 施工地域、時期、現場条件が異なる場合、単価が異なる場合がある)。調査依頼: 浜松河川国道事務所 道路管理第二課 浜松-道二-01 資材番号 6。調査区分: 資材Ａ①。材工区分: 材料費・現場持込。単価適用地域: 局管内。報告月: R8.6.10。備考: 塗装色 ：白色。消費税の扱いは原本に記載なし。geo_code は原本の県名欄(調査を依頼した事務所の県)
f76a16ba1275304c,JP,material,特別調査（資材単価） 浜松河川国道事務所 道路管理第二課,ブラケットA・B・C種（景観配慮型塗装）,4.5×70×300,個,bureau_area,,,局管内,浜松-道二-01#7,,1010,JPY,special_survey_price,published_pdl,,,2026-06-10,,cbr-tokuchou-shizai-r8-09-shizuoka,list_r8.09_shizai_浜松河川国道.pdf p.4,https://www.cbr.mlit.go.jp/architecture/kensetsugijutsu/unit_price/zip/r08/list_r8.09_shizai_shizuoka.zip,PDL1.0,,中部地整の事務所が工事ごとに行った特別調査の報告価格(予定価格の積算に用いたもの。原本の頁の説明: 施工地域、時期、現場条件が異なる場合、単価が異なる場合がある)。調査依頼: 浜松河川国道事務所 道路管理第二課 浜松-道二-01 資材番号 7。調査区分: 資材Ａ①。材工区分: 材料費・現場持込。単価適用地域: 局管内。報告月: R8.6.10。消費税の扱いは原本に記載なし。geo_code は原本の県名欄(調査を依頼した事務所の県)
4ef123dcc2c3d7ef,JP,material,特別調査（資材単価） 浜松河川国道事務所 道路管理第二課,ビームパイプ Ap種（景観配慮型塗装）,3.8×60.5×4000,本,bureau_area,,,局管内,浜松-道二-01#8,,15500,JPY,special_survey_price,published_pdl,,,2026-06-10,,cbr-tokuchou-shizai-r8-09-shizuoka,list_r8.09_shizai_浜松河川国道.pdf p.4,https://www.cbr.mlit.go.jp/architecture/kensetsugijutsu/unit_price/zip/r08/list_r8.09_shizai_shizuoka.zip,PDL1.0,,中部地整の事務所が工事ごとに行った特別調査の報告価格(予定価格の積算に用いたもの。原本の頁の説明: 施工地域、時期、現場条件が異なる場合、単価が異なる場合がある)。調査依頼: 浜松河川国道事務所 道路管理第二課 浜松-道二-01 資材番号 8。調査区分: 資材Ａ①。材工区分: 材料費・現場持込。単価適用地域: 局管内。報告月: R8.6.10。消費税の扱いは原本に記載なし。geo_code は原本の県名欄(調査を依頼した事務所の県)
8b141a42c328cbe3,JP,material,特別調査（資材単価） 浜松河川国道事務所 道路管理第二課,ビームパイプ Bp種（景観配慮型塗装）,3.2×48.6×4000,本,bureau_area,,,局管内,浜松-道二-01#9,,10500,JPY,special_survey_price,published_pdl,,,2026-06-10,,cbr-tokuchou-shizai-r8-09-shizuoka,list_r8.09_shizai_浜松河川国道.pdf p.5,https://www.cbr.mlit.go.jp/architecture/kensetsugijutsu/unit_price/zip/r08/list_r8.09_shizai_shizuoka.zip,PDL1.0,,中部地整の事務所が工事ごとに行った特別調査の報告価格(予定価格の積算に用いたもの。原本の頁の説明: 施工地域、時期、現場条件が異なる場合、単価が異なる場合がある)。調査依頼: 浜松河川国道事務所 道路管理第二課 浜松-道二-01 資材番号 9。調査区分: No9に含む。材工区分: 材料費・現場持込。単価適用地域: 局管内。報告月: R8.6.10。消費税の扱いは原本に記載なし。geo_code は原本の県名欄(調査を依頼した事務所の県)
4466f49b40ea80ae,JP,material,特別調査（資材単価） 浜松河川国道事務所 道路管理第二課,ビームパイプ Bp種（景観配慮型塗装）,3.2×48.6×2000,本,bureau_area,,,局管内,浜松-道二-01#10,,5200,JPY,special_survey_price,published_pdl,,,2026-06-10,,cbr-tokuchou-shizai-r8-09-shizuoka,list_r8.09_shizai_浜松河川国道.pdf p.5,https://www.cbr.mlit.go.jp/architecture/kensetsugijutsu/unit_price/zip/r08/list_r8.09_shizai_shizuoka.zip,PDL1.0,,中部地整の事務所が工事ごとに行った特別調査の報告価格(予定価格の積算に用いたもの。原本の頁の説明: 施工地域、時期、現場条件が異なる場合、単価が異なる場合がある)。調査依頼: 浜松河川国道事務所 道路管理第二課 浜松-道二-01 資材番号 10。調査区分: No9に含む。材工区分: 材料費・現場持込。単価適用地域: 局管内。報告月: R8.6.10。消費税の扱いは原本に記載なし。geo_code は原本の県名欄(調査を依頼した事務所の県)
6b820316f25ce928,JP,material,特別調査（資材単価） 浜松河川国道事務所 道路管理第二課,支柱 Bp-2E（景観配慮型塗装）,4.5×114.3×2300,本,bureau_area,,,局管内,浜松-道二-01#11,,18800,JPY,special_survey_price,published_pdl,,,2026-06-10,,cbr-tokuchou-shizai-r8-09-shizuoka,list_r8.09_shizai_浜松河川国道.pdf p.5,https://www.cbr.mlit.go.jp/architecture/kensetsugijutsu/unit_price/zip/r08/list_r8.09_shizai_shizuoka.zip,PDL1.0,,中部地整の事務所が工事ごとに行った特別調査の報告価格(予定価格の積算に用いたもの。原本の頁の説明: 施工地域、時期、現場条件が異なる場合、単価が異なる場合がある)。調査依頼: 浜松河川国道事務所 道路管理第二課 浜松-道二-01 資材番号 11。調査区分: 資材Ａ①。材工区分: 材料費・現場持込。単価適用地域: 局管内。報告月: R8.6.10。消費税の扱いは原本に記載なし。geo_code は原本の県名欄(調査を依頼した事務所の県)
cbc782927c75bce3,JP,material,特別調査（資材単価） 浜松河川国道事務所 道路管理第二課,袖パイプ Bp種（景観配慮型塗装）,4.3×40×223.3,本,bureau_area,,,局管内,浜松-道二-01#12,,3650,JPY,special_survey_price,published_pdl,,,2026-06-10,,cbr-tokuchou-shizai-r8-09-shizuoka,list_r8.09_shizai_浜松河川国道.pdf p.5,https://www.cbr.mlit.go.jp/architecture/kensetsugijutsu/unit_price/zip/r08/list_r8.09_shizai_shizuoka.zip,PDL1.0,,中部地整の事務所が工事ごとに行った特別調査の報告価格(予定価格の積算に用いたもの。原本の頁の説明: 施工地域、時期、現場条件が異なる場合、単価が異なる場合がある)。調査依頼: 浜松河川国道事務所 道路管理第二課 浜松-道二-01 資材番号 12。調査区分: 資材Ａ①。材工区分: 材料費・現場持込。単価適用地域: 局管内。報告月: R8.6.10。消費税の扱いは原本に記載なし。geo_code は原本の県名欄(調査を依頼した事務所の県)
74b8d3ff0c9e859c,JP,material,特別調査（資材単価） 浜松河川国道事務所 道路管理第二課,接合部ブラケット Bp種（景観配慮型塗装）,3.2×48.6×60×80,個,bureau_area,,,局管内,浜松-道二-01#13,,1240,JPY,special_survey_price,published_pdl,,,2026-06-10,,cbr-tokuchou-shizai-r8-09-shizuoka,list_r8.09_shizai_浜松河川国道.pdf p.5,https://www.cbr.mlit.go.jp/architecture/kensetsugijutsu/unit_price/zip/r08/list_r8.09_shizai_shizuoka.zip,PDL1.0,,中部地整の事務所が工事ごとに行った特別調査の報告価格(予定価格の積算に用いたもの。原本の頁の説明: 施工地域、時期、現場条件が異なる場合、単価が異なる場合がある)。調査依頼: 浜松河川国道事務所 道路管理第二課 浜松-道二-01 資材番号 13。調査区分: 資材Ａ①。材工区分: 材料費・現場持込。単価適用地域: 局管内。報告月: R8.6.10。消費税の扱いは原本に記載なし。geo_code は原本の県名欄(調査を依頼した事務所の県)
ff2163aa9093448f,JP,material,特別調査（資材単価） 浜松河川国道事務所 道路管理第二課,中間部ブラケット Bp種（景観配慮型塗装）,3.2×51.8×60×80,個,bureau_area,,,局管内,浜松-道二-01#14,,1240,JPY,special_survey_price,published_pdl,,,2026-06-10,,cbr-tokuchou-shizai-r8-09-shizuoka,list_r8.09_shizai_浜松河川国道.pdf p.5,https://www.cbr.mlit.go.jp/architecture/kensetsugijutsu/unit_price/zip/r08/list_r8.09_shizai_shizuoka.zip,PDL1.0,,中部地整の事務所が工事ごとに行った特別調査の報告価格(予定価格の積算に用いたもの。原本の頁の説明: 施工地域、時期、現場条件が異なる場合、単価が異なる場合がある)。調査依頼: 浜松河川国道事務所 道路管理第二課 浜松-道二-01 資材番号 14。調査区分: No13に含む。材工区分: 材料費・現場持込。単価適用地域: 局管内。報告月: R8.6.10。消費税の扱いは原本に記載なし。geo_code は原本の県名欄(調査を依頼した事務所の県)
dbc40b75e9bd85c9,JP,material,特別調査（資材単価） 浜松河川国道事務所 道路管理第二課,インナースリーブ Bp種 (景観配慮型塗装),4.3×40×264,個,bureau_area,,,局管内,浜松-道二-01#15,,2530,JPY,special_survey_price,published_pdl,,,2026-06-10,,cbr-tokuchou-shizai-r8-09-shizuoka,list_r8.09_shizai_浜松河川国道.pdf p.5,https://www.cbr.mlit.go.jp/architecture/kensetsugijutsu/unit_price/zip/r08/list_r8.09_shizai_shizuoka.zip,PDL1.0,,中部地整の事務所が工事ごとに行った特別調査の報告価格(予定価格の積算に用いたもの。原本の頁の説明: 施工地域、時期、現場条件が異なる場合、単価が異なる場合がある)。調査依頼: 浜松河川国道事務所 道路管理第二課 浜松-道二-01 資材番号 15。調査区分: 資材Ａ①。材工区分: 材料費・現場持込。単価適用地域: 局管内。報告月: R8.6.10。消費税の扱いは原本に記載なし。geo_code は原本の県名欄(調査を依頼した事務所の県)
b8e086139fef59a1,JP,material,特別調査（資材単価） 浜松河川国道事務所 道路管理第二課,ボルト・ナット Bp種(景観配慮型塗装),M14×70,本,bureau_area,,,局管内,浜松-道二-01#16,,400,JPY,special_survey_price,published_pdl,,,2026-06-10,,cbr-tokuchou-shizai-r8-09-shizuoka,list_r8.09_shizai_浜松河川国道.pdf p.5,https://www.cbr.mlit.go.jp/architecture/kensetsugijutsu/unit_price/zip/r08/list_r8.09_shizai_shizuoka.zip,PDL1.0,,中部地整の事務所が工事ごとに行った特別調査の報告価格(予定価格の積算に用いたもの。原本の頁の説明: 施工地域、時期、現場条件が異なる場合、単価が異なる場合がある)。調査依頼: 浜松河川国道事務所 道路管理第二課 浜松-道二-01 資材番号 16。調査区分: 資材Ａ①。材工区分: 材料費・現場持込。単価適用地域: 局管内。報告月: R8.6.10。消費税の扱いは原本に記載なし。geo_code は原本の県名欄(調査を依頼した事務所の県)
4d5948105c430f74,JP,material,特別調査（資材単価） 浜松河川国道事務所 道路管理第二課,ボルト・ナット Bp種(景観配慮型塗装),M16×140,本,bureau_area,,,局管内,浜松-道二-01#17,,550,JPY,special_survey_price,published_pdl,,,2026-06-10,,cbr-tokuchou-shizai-r8-09-shizuoka,list_r8.09_shizai_浜松河川国道.pdf p.5,https://www.cbr.mlit.go.jp/architecture/kensetsugijutsu/unit_price/zip/r08/list_r8.09_shizai_shizuoka.zip,PDL1.0,,中部地整の事務所が工事ごとに行った特別調査の報告価格(予定価格の積算に用いたもの。原本の頁の説明: 施工地域、時期、現場条件が異なる場合、単価が異なる場合がある)。調査依頼: 浜松河川国道事務所 道路管理第二課 浜松-道二-01 資材番号 17。調査区分: No16に含む。材工区分: 材料費・現場持込。単価適用地域: 局管内。報告月: R8.6.10。消費税の扱いは原本に記載なし。geo_code は原本の県名欄(調査を依頼した事務所の県)
ae1f1f9fa4ac2f4b,JP,material,特別調査（資材単価） 浜松河川国道事務所 道路管理第二課,ガードパイプ用ビーム(塗装),φ42.7×2.3×1000,本,bureau_area,,,局管内,浜松-道二-01#18,,2800,JPY,special_survey_price,published_pdl,,,2026-06-10,,cbr-tokuchou-shizai-r8-09-shizuoka,list_r8.09_shizai_浜松河川国道.pdf p.5,https://www.cbr.mlit.go.jp/architecture/kensetsugijutsu/unit_price/zip/r08/list_r8.09_shizai_shizuoka.zip,PDL1.0,,中部地整の事務所が工事ごとに行った特別調査の報告価格(予定価格の積算に用いたもの。原本の頁の説明: 施工地域、時期、現場条件が異なる場合、単価が異なる場合がある)。調査依頼: 浜松河川国道事務所 道路管理第二課 浜松-道二-01 資材番号 18。調査区分: 資材Ａ①。材工区分: 材料費・現場持込。単価適用地域: 局管内。報告月: R8.6.10。備考: 塗装色 ：白色。消費税の扱いは原本に記載なし。geo_code は原本の県名欄(調査を依頼した事務所の県)
26863ccfc39eba61,JP,material,特別調査（資材単価） 浜松河川国道事務所 道路管理第二課,転落防止柵(W) (縦格子･柵のみ) (塗装),φ42.7×2.3×3000,枚,bureau_area,,,局管内,浜松-道二-01#19,,27700,JPY,special_survey_price,published_pdl,,,2026-06-10,,cbr-tokuchou-shizai-r8-09-shizuoka,list_r8.09_shizai_浜松河川国道.pdf p.5,https://www.cbr.mlit.go.jp/architecture/kensetsugijutsu/unit_price/zip/r08/list_r8.09_shizai_shizuoka.zip,PDL1.0,,中部地整の事務所が工事ごとに行った特別調査の報告価格(予定価格の積算に用いたもの。原本の頁の説明: 施工地域、時期、現場条件が異なる場合、単価が異なる場合がある)。調査依頼: 浜松河川国道事務所 道路管理第二課 浜松-道二-01 資材番号 19。調査区分: 資材Ａ①。材工区分: 材料費・現場持込。単価適用地域: 局管内。報告月: R8.6.10。備考: 塗装色 ：白色。消費税の扱いは原本に記載なし。geo_code は原本の県名欄(調査を依頼した事務所の県)
e8d9a8c2d6f8639c,JP,material,特別調査（資材単価） 浜松河川国道事務所 道路管理第二課,転落防止柵(W) (縦格子･支柱のみ) (塗装),φ60.5×3.2×1300,本,bureau_area,,,局管内,浜松-道二-01#20,,5290,JPY,special_survey_price,published_pdl,,,2026-06-10,,cbr-tokuchou-shizai-r8-09-shizuoka,list_r8.09_shizai_浜松河川国道.pdf p.5,https://www.cbr.mlit.go.jp/architecture/kensetsugijutsu/unit_price/zip/r08/list_r8.09_shizai_shizuoka.zip,PDL1.0,,中部地整の事務所が工事ごとに行った特別調査の報告価格(予定価格の積算に用いたもの。原本の頁の説明: 施工地域、時期、現場条件が異なる場合、単価が異なる場合がある)。調査依頼: 浜松河川国道事務所 道路管理第二課 浜松-道二-01 資材番号 20。調査区分: 資材Ａ①。材工区分: 材料費・現場持込。単価適用地域: 局管内。報告月: R8.6.10。備考: 塗装色 ：白色。消費税の扱いは原本に記載なし。geo_code は原本の県名欄(調査を依頼した事務所の県)
1694e9c91fa3f52a,JP,material,特別調査（資材単価） 浜松河川国道事務所 道路管理第二課,コンクリート基礎ブロック,300×300×400,個,pref,22,静岡県,事務所管内,浜松-道二-01#21,,2520,JPY,special_survey_price,published_pdl,,,2026-06-10,,cbr-tokuchou-shizai-r8-09-shizuoka,list_r8.09_shizai_浜松河川国道.pdf p.5,https://www.cbr.mlit.go.jp/architecture/kensetsugijutsu/unit_price/zip/r08/list_r8.09_shizai_shizuoka.zip,PDL1.0,,中部地整の事務所が工事ごとに行った特別調査の報告価格(予定価格の積算に用いたもの。原本の頁の説明: 施工地域、時期、現場条件が異なる場合、単価が異なる場合がある)。調査依頼: 浜松河川国道事務所 道路管理第二課 浜松-道二-01 資材番号 21。調査区分: 資材Ａ①。材工区分: 材料費・現場持込。単価適用地域: 事務所管内。報告月: R8.6.10。消費税の扱いは原本に記載なし。geo_code は原本の県名欄(調査を依頼した事務所の県)
ec1cb830b1052b0f,JP,material,特別調査（資材単価） 浜松河川国道事務所 道路管理第二課,コンクリート基礎ブロック,500×500×800,個,pref,22,静岡県,事務所管内,浜松-道二-01#22,,14300,JPY,special_survey_price,published_pdl,,,2026-06-10,,cbr-tokuchou-shizai-r8-09-shizuoka,list_r8.09_shizai_浜松河川国道.pdf p.5,https://www.cbr.mlit.go.jp/architecture/kensetsugijutsu/unit_price/zip/r08/list_r8.09_shizai_shizuoka.zip,PDL1.0,,中部地整の事務所が工事ごとに行った特別調査の報告価格(予定価格の積算に用いたもの。原本の頁の説明: 施工地域、時期、現場条件が異なる場合、単価が異なる場合がある)。調査依頼: 浜松河川国道事務所 道路管理第二課 浜松-道二-01 資材番号 22。調査区分: No21に含む。材工区分: 材料費・現場持込。単価適用地域: 事務所管内。報告月: R8.6.10。消費税の扱いは原本に記載なし。geo_code は原本の県名欄(調査を依頼した事務所の県)
6cb76dd967902f20,JP,material,特別調査（資材単価） 浜松河川国道事務所 道路管理第二課,コンクリート基礎ブロック,250×250×500,個,pref,22,静岡県,事務所管内,浜松-道二-01#23,,2970,JPY,special_survey_price,published_pdl,,,2026-06-10,,cbr-tokuchou-shizai-r8-09-shizuoka,list_r8.09_shizai_浜松河川国道.pdf p.5,https://www.cbr.mlit.go.jp/architecture/kensetsugijutsu/unit_price/zip/r08/list_r8.09_shizai_shizuoka.zip,PDL1.0,,中部地整の事務所が工事ごとに行った特別調査の報告価格(予定価格の積算に用いたもの。原本の頁の説明: 施工地域、時期、現場条件が異なる場合、単価が異なる場合がある)。調査依頼: 浜松河川国道事務所 道路管理第二課 浜松-道二-01 資材番号 23。調査区分: No21に含む。材工区分: 材料費・現場持込。単価適用地域: 事務所管内。報告月: R8.6.10。消費税の扱いは原本に記載なし。geo_code は原本の県名欄(調査を依頼した事務所の県)
eede70413c385301,JP,material,特別調査（資材単価） 浜松河川国道事務所 道路管理第二課,コンクリート基礎ブロック,180×180×450,個,pref,22,静岡県,事務所管内,浜松-道二-01#24,,1130,JPY,special_survey_price,published_pdl,,,2026-06-10,,cbr-tokuchou-shizai-r8-09-shizuoka,list_r8.09_shizai_浜松河川国道.pdf p.5,https://www.cbr.mlit.go.jp/architecture/kensetsugijutsu/unit_price/zip/r08/list_r8.09_shizai_shizuoka.zip,PDL1.0,,中部地整の事務所が工事ごとに行った特別調査の報告価格(予定価格の積算に用いたもの。原本の頁の説明: 施工地域、時期、現場条件が異なる場合、単価が異なる場合がある)。調査依頼: 浜松河川国道事務所 道路管理第二課 浜松-道二-01 資材番号 24。調査区分: No21に含む。材工区分: 材料費・現場持込。単価適用地域: 事務所管内。報告月: R8.6.10。消費税の扱いは原本に記載なし。geo_code は原本の県名欄(調査を依頼した事務所の県)
e499a1177ebe8f95,JP,material,特別調査（資材単価） 浜松河川国道事務所 道路管理第二課,立入防止柵 支柱,PC-A2000,本,bureau_area,,,局管内,浜松-道二-01#25,,8400,JPY,special_survey_price,published_pdl,,,2026-06-10,,cbr-tokuchou-shizai-r8-09-shizuoka,list_r8.09_shizai_浜松河川国道.pdf p.5,https://www.cbr.mlit.go.jp/architecture/kensetsugijutsu/unit_price/zip/r08/list_r8.09_shizai_shizuoka.zip,PDL1.0,,中部地整の事務所が工事ごとに行った特別調査の報告価格(予定価格の積算に用いたもの。原本の頁の説明: 施工地域、時期、現場条件が異なる場合、単価が異なる場合がある)。調査依頼: 浜松河川国道事務所 道路管理第二課 浜松-道二-01 資材番号 25。調査区分: 資材Ａ①。材工区分: 材料費・現場持込。単価適用地域: 局管内。報告月: R8.6.10。消費税の扱いは原本に記載なし。geo_code は原本の県名欄(調査を依頼した事務所の県)
7af1eaee6324734b,JP,material,特別調査（資材単価） 浜松河川国道事務所 道路管理第二課,立入防止柵 支柱,H=1500 (メッキ),本,bureau_area,,,局管内,浜松-道二-01#26,,3490,JPY,special_survey_price,published_pdl,,,2026-06-10,,cbr-tokuchou-shizai-r8-09-shizuoka,list_r8.09_shizai_浜松河川国道.pdf p.5,https://www.cbr.mlit.go.jp/architecture/kensetsugijutsu/unit_price/zip/r08/list_r8.09_shizai_shizuoka.zip,PDL1.0,,中部地整の事務所が工事ごとに行った特別調査の報告価格(予定価格の積算に用いたもの。原本の頁の説明: 施工地域、時期、現場条件が異なる場合、単価が異なる場合がある)。調査依頼: 浜松河川国道事務所 道路管理第二課 浜松-道二-01 資材番号 26。調査区分: No25に含む。材工区分: 材料費・現場持込。単価適用地域: 局管内。報告月: R8.6.10。消費税の扱いは原本に記載なし。geo_code は原本の県名欄(調査を依頼した事務所の県)
bbf1e06e82276dd0,JP,material,特別調査（資材単価） 浜松河川国道事務所 道路管理第二課,立入防止柵 フェンス,PC-A2000,m,bureau_area,,,局管内,浜松-道二-01#27,,10000,JPY,special_survey_price,published_pdl,,,2026-06-10,,cbr-tokuchou-shizai-r8-09-shizuoka,list_r8.09_shizai_浜松河川国道.pdf p.5,https://www.cbr.mlit.go.jp/architecture/kensetsugijutsu/unit_price/zip/r08/list_r8.09_shizai_shizuoka.zip,PDL1.0,,中部地整の事務所が工事ごとに行った特別調査の報告価格(予定価格の積算に用いたもの。原本の頁の説明: 施工地域、時期、現場条件が異なる場合、単価が異なる場合がある)。調査依頼: 浜松河川国道事務所 道路管理第二課 浜松-道二-01 資材番号 27。調査区分: 資材Ａ①。材工区分: 材料費・現場持込。単価適用地域: 局管内。報告月: R8.6.10。備考: 支柱以外の胴縁・金網類。消費税の扱いは原本に記載なし。geo_code は原本の県名欄(調査を依頼した事務所の県)
c4a773768c5baaa7,JP,material,特別調査（資材単価） 浜松河川国道事務所 道路管理第二課,立入防止柵 フェンス,H=1500 (メッキ),m,bureau_area,,,局管内,浜松-道二-01#28,,6710,JPY,special_survey_price,published_pdl,,,2026-06-10,,cbr-tokuchou-shizai-r8-09-shizuoka,list_r8.09_shizai_浜松河川国道.pdf p.6,https://www.cbr.mlit.go.jp/architecture/kensetsugijutsu/unit_price/zip/r08/list_r8.09_shizai_shizuoka.zip,PDL1.0,,中部地整の事務所が工事ごとに行った特別調査の報告価格(予定価格の積算に用いたもの。原本の頁の説明: 施工地域、時期、現場条件が異なる場合、単価が異なる場合がある)。調査依頼: 浜松河川国道事務所 道路管理第二課 浜松-道二-01 資材番号 28。調査区分: No27に含む。材工区分: 材料費・現場持込。単価適用地域: 局管内。報告月: R8.6.10。備考: 支柱以外の胴縁・金網類。消費税の扱いは原本に記載なし。geo_code は原本の県名欄(調査を依頼した事務所の県)
ea571b38023a9a2f,JP,material,特別調査（資材単価） 浜松河川国道事務所 道路管理第二課,距離標 500m標 標示板,280×150×2t アルミ板広角プリズム型 (取付金具除く),枚,bureau_area,,,局管内,浜松-道二-01#29,,6130,JPY,special_survey_price,published_pdl,,,2026-06-10,,cbr-tokuchou-shizai-r8-09-shizuoka,list_r8.09_shizai_浜松河川国道.pdf p.6,https://www.cbr.mlit.go.jp/architecture/kensetsugijutsu/unit_price/zip/r08/list_r8.09_shizai_shizuoka.zip,PDL1.0,,中部地整の事務所が工事ごとに行った特別調査の報告価格(予定価格の積算に用いたもの。原本の頁の説明: 施工地域、時期、現場条件が異なる場合、単価が異なる場合がある)。調査依頼: 浜松河川国道事務所 道路管理第二課 浜松-道二-01 資材番号 29。調査区分: 資材Ａ①。材工区分: 材料費・現場持込。単価適用地域: 局管内。報告月: R8.6.10。消費税の扱いは原本に記載なし。geo_code は原本の県名欄(調査を依頼した事務所の県)
1379036382152b8e,JP,material,特別調査（資材単価） 浜松河川国道事務所 道路管理第二課,デリネーター (景観配慮型塗装),Gr用 両面 φ100 バンド式支柱φ34,本,bureau_area,,,局管内,浜松-道二-01#30,,5720,JPY,special_survey_price,published_pdl,,,2026-06-10,,cbr-tokuchou-shizai-r8-09-shizuoka,list_r8.09_shizai_浜松河川国道.pdf p.6,https://www.cbr.mlit.go.jp/architecture/kensetsugijutsu/unit_price/zip/r08/list_r8.09_shizai_shizuoka.zip,PDL1.0,,中部地整の事務所が工事ごとに行った特別調査の報告価格(予定価格の積算に用いたもの。原本の頁の説明: 施工地域、時期、現場条件が異なる場合、単価が異なる場合がある)。調査依頼: 浜松河川国道事務所 道路管理第二課 浜松-道二-01 資材番号 30。調査区分: 資材Ａ①。材工区分: 材料費・現場持込。単価適用地域: 局管内。報告月: R8.6.10。消費税の扱いは原本に記載なし。geo_code は原本の県名欄(調査を依頼した事務所の県)
3274bc19d2d85d7f,JP,material,特別調査（資材単価） 浜松河川国道事務所 道路管理第二課,デリネーター (景観配慮型塗装),Gr用 片面 φ100 自掃式 バンド式支柱φ34,本,bureau_area,,,局管内,浜松-道二-01#31,,6520,JPY,special_survey_price,published_pdl,,,2026-06-10,,cbr-tokuchou-shizai-r8-09-shizuoka,list_r8.09_shizai_浜松河川国道.pdf p.6,https://www.cbr.mlit.go.jp/architecture/kensetsugijutsu/unit_price/zip/r08/list_r8.09_shizai_shizuoka.zip,PDL1.0,,中部地整の事務所が工事ごとに行った特別調査の報告価格(予定価格の積算に用いたもの。原本の頁の説明: 施工地域、時期、現場条件が異なる場合、単価が異なる場合がある)。調査依頼: 浜松河川国道事務所 道路管理第二課 浜松-道二-01 資材番号 31。調査区分: No30に含む。材工区分: 材料費・現場持込。単価適用地域: 局管内。報告月: R8.6.10。消費税の扱いは原本に記載なし。geo_code は原本の県名欄(調査を依頼した事務所の県)
923aa4d9448d72e6,JP,material,特別調査（資材単価） 浜松河川国道事務所 道路管理第二課,デリネーター (景観配慮型塗装),Gr用 両面 φ100 自掃式 バンド式支柱φ34,本,bureau_area,,,局管内,浜松-道二-01#32,,8760,JPY,special_survey_price,published_pdl,,,2026-06-10,,cbr-tokuchou-shizai-r8-09-shizuoka,list_r8.09_shizai_浜松河川国道.pdf p.6,https://www.cbr.mlit.go.jp/architecture/kensetsugijutsu/unit_price/zip/r08/list_r8.09_shizai_shizuoka.zip,PDL1.0,,中部地整の事務所が工事ごとに行った特別調査の報告価格(予定価格の積算に用いたもの。原本の頁の説明: 施工地域、時期、現場条件が異なる場合、単価が異なる場合がある)。調査依頼: 浜松河川国道事務所 道路管理第二課 浜松-道二-01 資材番号 32。調査区分: No30に含む。材工区分: 材料費・現場持込。単価適用地域: 局管内。報告月: R8.6.10。消費税の扱いは原本に記載なし。geo_code は原本の県名欄(調査を依頼した事務所の県)
0832534dcdbdd0dc,JP,material,特別調査（資材単価） 浜松河川国道事務所 道路管理第二課,デリネーター (メッキ),Gr用 片面 φ100 自掃式 ボルト式支柱φ34,本,bureau_area,,,局管内,浜松-道二-01#33,,5250,JPY,special_survey_price,published_pdl,,,2026-06-10,,cbr-tokuchou-shizai-r8-09-shizuoka,list_r8.09_shizai_浜松河川国道.pdf p.6,https://www.cbr.mlit.go.jp/architecture/kensetsugijutsu/unit_price/zip/r08/list_r8.09_shizai_shizuoka.zip,PDL1.0,,中部地整の事務所が工事ごとに行った特別調査の報告価格(予定価格の積算に用いたもの。原本の頁の説明: 施工地域、時期、現場条件が異なる場合、単価が異なる場合がある)。調査依頼: 浜松河川国道事務所 道路管理第二課 浜松-道二-01 資材番号 33。調査区分: No30に含む。材工区分: 材料費・現場持込。単価適用地域: 局管内。報告月: R8.6.10。消費税の扱いは原本に記載なし。geo_code は原本の県名欄(調査を依頼した事務所の県)
89fd733cd4022beb,JP,material,特別調査（資材単価） 浜松河川国道事務所 道路管理第二課,デリネーター 頭部のみ,片面 φ100 自掃式,本,bureau_area,,,局管内,浜松-道二-01#34,,3750,JPY,special_survey_price,published_pdl,,,2026-06-10,,cbr-tokuchou-shizai-r8-09-shizuoka,list_r8.09_shizai_浜松河川国道.pdf p.6,https://www.cbr.mlit.go.jp/architecture/kensetsugijutsu/unit_price/zip/r08/list_r8.09_shizai_shizuoka.zip,PDL1.0,,中部地整の事務所が工事ごとに行った特別調査の報告価格(予定価格の積算に用いたもの。原本の頁の説明: 施工地域、時期、現場条件が異なる場合、単価が異なる場合がある)。調査依頼: 浜松河川国道事務所 道路管理第二課 浜松-道二-01 資材番号 34。調査区分: No30に含む。材工区分: 材料費・現場持込。単価適用地域: 局管内。報告月: R8.6.10。消費税の扱いは原本に記載なし。geo_code は原本の県名欄(調査を依頼した事務所の県)
8e15369a0e0a1bbc,JP,material,特別調査（資材単価） 浜松河川国道事務所 道路管理第二課,デリネーター (景観配慮型塗装) 頭部のみ,片面 φ100 自掃式,本,bureau_area,,,局管内,浜松-道二-01#35,,4500,JPY,special_survey_price,published_pdl,,,2026-06-10,,cbr-tokuchou-shizai-r8-09-shizuoka,list_r8.09_shizai_浜松河川国道.pdf p.6,https://www.cbr.mlit.go.jp/architecture/kensetsugijutsu/unit_price/zip/r08/list_r8.09_shizai_shizuoka.zip,PDL1.0,,中部地整の事務所が工事ごとに行った特別調査の報告価格(予定価格の積算に用いたもの。原本の頁の説明: 施工地域、時期、現場条件が異なる場合、単価が異なる場合がある)。調査依頼: 浜松河川国道事務所 道路管理第二課 浜松-道二-01 資材番号 35。調査区分: No30に含む。材工区分: 材料費・現場持込。単価適用地域: 局管内。報告月: R8.6.10。消費税の扱いは原本に記載なし。geo_code は原本の県名欄(調査を依頼した事務所の県)
be5ba103ae992ee1,JP,material,特別調査（資材単価） 浜松河川国道事務所 道路管理第二課,デリネーター 頭部のみ,両面 φ100 自掃式,本,bureau_area,,,局管内,浜松-道二-01#36,,5320,JPY,special_survey_price,published_pdl,,,2026-06-10,,cbr-tokuchou-shizai-r8-09-shizuoka,list_r8.09_shizai_浜松河川国道.pdf p.6,https://www.cbr.mlit.go.jp/architecture/kensetsugijutsu/unit_price/zip/r08/list_r8.09_shizai_shizuoka.zip,PDL1.0,,中部地整の事務所が工事ごとに行った特別調査の報告価格(予定価格の積算に用いたもの。原本の頁の説明: 施工地域、時期、現場条件が異なる場合、単価が異なる場合がある)。調査依頼: 浜松河川国道事務所 道路管理第二課 浜松-道二-01 資材番号 36。調査区分: No30に含む。材工区分: 材料費・現場持込。単価適用地域: 局管内。報告月: R8.6.10。消費税の扱いは原本に記載なし。geo_code は原本の県名欄(調査を依頼した事務所の県)
3bc5efd4d40e118a,JP,material,特別調査（資材単価） 浜松河川国道事務所 道路管理第二課,デリネーター (景観配慮型塗装) 頭部のみ,両面 φ100 自掃式,本,bureau_area,,,局管内,浜松-道二-01#37,,6070,JPY,special_survey_price,published_pdl,,,2026-06-10,,cbr-tokuchou-shizai-r8-09-shizuoka,list_r8.09_shizai_浜松河川国道.pdf p.6,https://www.cbr.mlit.go.jp/architecture/kensetsugijutsu/unit_price/zip/r08/list_r8.09_shizai_shizuoka.zip,PDL1.0,,中部地整の事務所が工事ごとに行った特別調査の報告価格(予定価格の積算に用いたもの。原本の頁の説明: 施工地域、時期、現場条件が異なる場合、単価が異なる場合がある)。調査依頼: 浜松河川国道事務所 道路管理第二課 浜松-道二-01 資材番号 37。調査区分: No30に含む。材工区分: 材料費・現場持込。単価適用地域: 局管内。報告月: R8.6.10。消費税の扱いは原本に記載なし。geo_code は原本の県名欄(調査を依頼した事務所の県)
12a2fdc7eb623400,JP,material,特別調査（資材単価） 浜松河川国道事務所 道路管理第二課,車線分離標,ポストフレックスPF-Q650(オレンジ・キャップ無し),本,bureau_area,,,局管内,浜松-道二-01#39,,16500,JPY,special_survey_price,published_pdl,,,2026-06-10,,cbr-tokuchou-shizai-r8-09-shizuoka,list_r8.09_shizai_浜松河川国道.pdf p.6,https://www.cbr.mlit.go.jp/architecture/kensetsugijutsu/unit_price/zip/r08/list_r8.09_shizai_shizuoka.zip,PDL1.0,,中部地整の事務所が工事ごとに行った特別調査の報告価格(予定価格の積算に用いたもの。原本の頁の説明: 施工地域、時期、現場条件が異なる場合、単価が異なる場合がある)。調査依頼: 浜松河川国道事務所 道路管理第二課 浜松-道二-01 資材番号 39。調査区分: 資材Ａ①。材工区分: 材料費・現場持込。単価適用地域: 局管内。報告月: R8.6.10。消費税の扱いは原本に記載なし。geo_code は原本の県名欄(調査を依頼した事務所の県)
d5278dbc905b1a59,JP,material,特別調査（資材単価） 浜松河川国道事務所 道路管理第二課,反射板 (D300),スーパーキングライトKLT-S-A-H,個,bureau_area,,,局管内,浜松-道二-01#46,,8400,JPY,special_survey_price,published_pdl,,,2026-06-10,,cbr-tokuchou-shizai-r8-09-shizuoka,list_r8.09_shizai_浜松河川国道.pdf p.6,https://www.cbr.mlit.go.jp/architecture/kensetsugijutsu/unit_price/zip/r08/list_r8.09_shizai_shizuoka.zip,PDL1.0,,中部地整の事務所が工事ごとに行った特別調査の報告価格(予定価格の積算に用いたもの。原本の頁の説明: 施工地域、時期、現場条件が異なる場合、単価が異なる場合がある)。調査依頼: 浜松河川国道事務所 道路管理第二課 浜松-道二-01 資材番号 46。調査区分: 資材Ａ①。材工区分: 材料費・現場持込。単価適用地域: 局管内。報告月: R8.6.10。消費税の扱いは原本に記載なし。geo_code は原本の県名欄(調査を依頼した事務所の県)
fa90bcfa3509822a,JP,material,特別調査（資材単価） 浜松河川国道事務所 道路管理第二課,油吸着剤,ACライトM,kg,bureau_area,,,局管内,浜松-道二-01#47,,396,JPY,special_survey_price,published_pdl,,,2026-06-10,,cbr-tokuchou-shizai-r8-09-shizuoka,list_r8.09_shizai_浜松河川国道.pdf p.6,https://www.cbr.mlit.go.jp/architecture/kensetsugijutsu/unit_price/zip/r08/list_r8.09_shizai_shizuoka.zip,PDL1.0,,中部地整の事務所が工事ごとに行った特別調査の報告価格(予定価格の積算に用いたもの。原本の頁の説明: 施工地域、時期、現場条件が異なる場合、単価が異なる場合がある)。調査依頼: 浜松河川国道事務所 道路管理第二課 浜松-道二-01 資材番号 47。調査区分: 資材Ａ①。材工区分: 材料費・現場持込。単価適用地域: 局管内。報告月: R8.6.10。消費税の扱いは原本に記載なし。geo_code は原本の県名欄(調査を依頼した事務所の県)
c0035b6361040855,JP,material,特別調査（資材単価） 浜松河川国道事務所 道路管理第二課,ボルト・ナット(塗装),M16×35,本,bureau_area,,,局管内,浜松-道二-01#51,,320,JPY,special_survey_price,published_pdl,,,2026-06-10,,cbr-tokuchou-shizai-r8-09-shizuoka,list_r8.09_shizai_浜松河川国道.pdf p.6,https://www.cbr.mlit.go.jp/architecture/kensetsugijutsu/unit_price/zip/r08/list_r8.09_shizai_shizuoka.zip,PDL1.0,,中部地整の事務所が工事ごとに行った特別調査の報告価格(予定価格の積算に用いたもの。原本の頁の説明: 施工地域、時期、現場条件が異なる場合、単価が異なる場合がある)。調査依頼: 浜松河川国道事務所 道路管理第二課 浜松-道二-01 資材番号 51。調査区分: 資材Ａ①。材工区分: 材料費・現場持込。単価適用地域: 局管内。報告月: R8.6.10。消費税の扱いは原本に記載なし。geo_code は原本の県名欄(調査を依頼した事務所の県)
7a510f6b1bbc5001,JP,material,特別調査（資材単価） 浜松河川国道事務所 道路管理第二課,ボルト・ナット(塗装),M20×145,本,bureau_area,,,局管内,浜松-道二-01#52,,520,JPY,special_survey_price,published_pdl,,,2026-06-10,,cbr-tokuchou-shizai-r8-09-shizuoka,list_r8.09_shizai_浜松河川国道.pdf p.6,https://www.cbr.mlit.go.jp/architecture/kensetsugijutsu/unit_price/zip/r08/list_r8.09_shizai_shizuoka.zip,PDL1.0,,中部地整の事務所が工事ごとに行った特別調査の報告価格(予定価格の積算に用いたもの。原本の頁の説明: 施工地域、時期、現場条件が異なる場合、単価が異なる場合がある)。調査依頼: 浜松河川国道事務所 道路管理第二課 浜松-道二-01 資材番号 52。調査区分: No51に含む。材工区分: 材料費・現場持込。単価適用地域: 局管内。報告月: R8.6.10。消費税の扱いは原本に記載なし。geo_code は原本の県名欄(調査を依頼した事務所の県)
4699c936941dd9bc,JP,material,特別調査（資材単価） 浜松河川国道事務所 道路管理第二課,U型バンド,φ89.1用 ダークブラウン(ボルトナット含む),組,bureau_area,,,局管内,浜松-道二-02#1,,2160,JPY,special_survey_price,published_pdl,,,2026-06-16,,cbr-tokuchou-shizai-r8-09-shizuoka,list_r8.09_shizai_浜松河川国道.pdf p.7,https://www.cbr.mlit.go.jp/architecture/kensetsugijutsu/unit_price/zip/r08/list_r8.09_shizai_shizuoka.zip,PDL1.0,,中部地整の事務所が工事ごとに行った特別調査の報告価格(予定価格の積算に用いたもの。原本の頁の説明: 施工地域、時期、現場条件が異なる場合、単価が異なる場合がある)。調査依頼: 浜松河川国道事務所 道路管理第二課 浜松-道二-02 資材番号 1。調査区分: 資材Ａ①。材工区分: 材料費・現場持込。単価適用地域: 局管内。報告月: R8.6.16。消費税の扱いは原本に記載なし。geo_code は原本の県名欄(調査を依頼した事務所の県)
f8ebbbb967fbcf5c,JP,material,特別調査（資材単価） 浜松河川国道事務所 道路管理第二課,自発光視線誘導標,サンデリーⅢ,個,bureau_area,,,局管内,浜松-道二-02#2,,76600,JPY,special_survey_price,published_pdl,,,2026-06-16,,cbr-tokuchou-shizai-r8-09-shizuoka,list_r8.09_shizai_浜松河川国道.pdf p.7,https://www.cbr.mlit.go.jp/architecture/kensetsugijutsu/unit_price/zip/r08/list_r8.09_shizai_shizuoka.zip,PDL1.0,,中部地整の事務所が工事ごとに行った特別調査の報告価格(予定価格の積算に用いたもの。原本の頁の説明: 施工地域、時期、現場条件が異なる場合、単価が異なる場合がある)。調査依頼: 浜松河川国道事務所 道路管理第二課 浜松-道二-02 資材番号 2。調査区分: 資材Ａ①。材工区分: 材料費・現場持込。単価適用地域: 局管内。報告月: R8.6.16。消費税の扱いは原本に記載なし。geo_code は原本の県名欄(調査を依頼した事務所の県)
a484e7e991042371,JP,material,特別調査（資材単価） 浜松河川国道事務所 道路管理第二課,親子バンド,景観配慮型塗装(ボルトナット含む),組,bureau_area,,,局管内,浜松-道二-02#3,,2100,JPY,special_survey_price,published_pdl,,,2026-06-16,,cbr-tokuchou-shizai-r8-09-shizuoka,list_r8.09_shizai_浜松河川国道.pdf p.7,https://www.cbr.mlit.go.jp/architecture/kensetsugijutsu/unit_price/zip/r08/list_r8.09_shizai_shizuoka.zip,PDL1.0,,中部地整の事務所が工事ごとに行った特別調査の報告価格(予定価格の積算に用いたもの。原本の頁の説明: 施工地域、時期、現場条件が異なる場合、単価が異なる場合がある)。調査依頼: 浜松河川国道事務所 道路管理第二課 浜松-道二-02 資材番号 3。調査区分: 資材Ａ①。材工区分: 材料費・現場持込。単価適用地域: 局管内。報告月: R8.6.16。消費税の扱いは原本に記載なし。geo_code は原本の県名欄(調査を依頼した事務所の県)
6489ed6607422865,JP,material,特別調査（資材単価） 浜松河川国道事務所 道路管理第二課,補助支柱,φ60.5×2.3t 景観配慮型塗装,本,bureau_area,,,局管内,浜松-道二-02#4,,2800,JPY,special_survey_price,published_pdl,,,2026-06-16,,cbr-tokuchou-shizai-r8-09-shizuoka,list_r8.09_shizai_浜松河川国道.pdf p.7,https://www.cbr.mlit.go.jp/architecture/kensetsugijutsu/unit_price/zip/r08/list_r8.09_shizai_shizuoka.zip,PDL1.0,,中部地整の事務所が工事ごとに行った特別調査の報告価格(予定価格の積算に用いたもの。原本の頁の説明: 施工地域、時期、現場条件が異なる場合、単価が異なる場合がある)。調査依頼: 浜松河川国道事務所 道路管理第二課 浜松-道二-02 資材番号 4。調査区分: 資材Ａ①。材工区分: 材料費・現場持込。単価適用地域: 局管内。報告月: R8.6.16。消費税の扱いは原本に記載なし。geo_code は原本の県名欄(調査を依頼した事務所の県)
4892b8f84f7a92bc,JP,material,特別調査（資材単価） 浜松河川国道事務所 道路管理第二課,支柱,φ89.1×2.8t L=4300景観配慮型塗装,本,bureau_area,,,局管内,浜松-道二-02#5,,29900,JPY,special_survey_price,published_pdl,,,2026-06-16,,cbr-tokuchou-shizai-r8-09-shizuoka,list_r8.09_shizai_浜松河川国道.pdf p.7,https://www.cbr.mlit.go.jp/architecture/kensetsugijutsu/unit_price/zip/r08/list_r8.09_shizai_shizuoka.zip,PDL1.0,,中部地整の事務所が工事ごとに行った特別調査の報告価格(予定価格の積算に用いたもの。原本の頁の説明: 施工地域、時期、現場条件が異なる場合、単価が異なる場合がある)。調査依頼: 浜松河川国道事務所 道路管理第二課 浜松-道二-02 資材番号 5。調査区分: 資材Ａ①。材工区分: 材料費・現場持込。単価適用地域: 局管内。報告月: R8.6.16。消費税の扱いは原本に記載なし。geo_code は原本の県名欄(調査を依頼した事務所の県)
924690b90ccd527d,JP,material,特別調査（資材単価） 浜松河川国道事務所 道路管理第二課,鋼管基礎,SP-B-F型 L=1500,基,bureau_area,,,局管内,浜松-道二-02#6,,49800,JPY,special_survey_price,published_pdl,,,2026-06-16,,cbr-tokuchou-shizai-r8-09-shizuoka,list_r8.09_shizai_浜松河川国道.pdf p.8,https://www.cbr.mlit.go.jp/architecture/kensetsugijutsu/unit_price/zip/r08/list_r8.09_shizai_shizuoka.zip,PDL1.0,,中部地整の事務所が工事ごとに行った特別調査の報告価格(予定価格の積算に用いたもの。原本の頁の説明: 施工地域、時期、現場条件が異なる場合、単価が異なる場合がある)。調査依頼: 浜松河川国道事務所 道路管理第二課 浜松-道二-02 資材番号 6。調査区分: 資材Ａ①。材工区分: 材料費・現場持込。単価適用地域: 局管内。報告月: R8.6.16。消費税の扱いは原本に記載なし。geo_code は原本の県名欄(調査を依頼した事務所の県)
0a75fcb1a876b226,JP,material,特別調査（資材単価） 浜松河川国道事務所 道路管理第二課,グレーチング蓋,350×600 T-25用 BT固定 普通目衝撃係数0,枚,bureau_area,,,局管内,浜松-道二-02#7,,56900,JPY,special_survey_price,published_pdl,,,2026-06-16,,cbr-tokuchou-shizai-r8-09-shizuoka,list_r8.09_shizai_浜松河川国道.pdf p.8,https://www.cbr.mlit.go.jp/architecture/kensetsugijutsu/unit_price/zip/r08/list_r8.09_shizai_shizuoka.zip,PDL1.0,,中部地整の事務所が工事ごとに行った特別調査の報告価格(予定価格の積算に用いたもの。原本の頁の説明: 施工地域、時期、現場条件が異なる場合、単価が異なる場合がある)。調査依頼: 浜松河川国道事務所 道路管理第二課 浜松-道二-02 資材番号 7。調査区分: 資材Ａ①。材工区分: 材料費・現場持込。単価適用地域: 局管内。報告月: R8.6.16。備考: 受枠含む滑り止め加工有ボルト固定。消費税の扱いは原本に記載なし。geo_code は原本の県名欄(調査を依頼した事務所の県)
0435401e3ff0b267,JP,material,特別調査（資材単価） 静岡国道事務所 管理第二課,鋼製グレーチング蓋,ＫＡ２５－５０,枚,bureau_area,,,局管内,静国-管二-01#1,,56700,JPY,special_survey_price,published_pdl,,,2026-06-17,,cbr-tokuchou-shizai-r8-09-shizuoka,list_r8.09_shizai_静岡国道.pdf p.1,https://www.cbr.mlit.go.jp/architecture/kensetsugijutsu/unit_price/zip/r08/list_r8.09_shizai_shizuoka.zip,PDL1.0,,中部地整の事務所が工事ごとに行った特別調査の報告価格(予定価格の積算に用いたもの。原本の頁の説明: 施工地域、時期、現場条件が異なる場合、単価が異なる場合がある)。調査依頼: 静岡国道事務所 管理第二課 静国-管二-01 資材番号 1。調査区分: 資材Ａ①。材工区分: 材料費・現場持込。単価適用地域: 局管内。報告月: R8.6.17。消費税の扱いは原本に記載なし。geo_code は原本の県名欄(調査を依頼した事務所の県)
9a7bb043fda4fc7d,JP,material,特別調査（資材単価） 静岡国道事務所 管理第二課,鋼製グレーチング蓋,ＫＣ２５－３０,枚,bureau_area,,,局管内,静国-管二-01#2,,24100,JPY,special_survey_price,published_pdl,,,2026-06-17,,cbr-tokuchou-shizai-r8-09-shizuoka,list_r8.09_shizai_静岡国道.pdf p.2,https://www.cbr.mlit.go.jp/architecture/kensetsugijutsu/unit_price/zip/r08/list_r8.09_shizai_shizuoka.zip,PDL1.0,,中部地整の事務所が工事ごとに行った特別調査の報告価格(予定価格の積算に用いたもの。原本の頁の説明: 施工地域、時期、現場条件が異なる場合、単価が異なる場合がある)。調査依頼: 静岡国道事務所 管理第二課 静国-管二-01 資材番号 2。調査区分: No1に含む。材工区分: 材料費・現場持込。単価適用地域: 局管内。報告月: R8.6.17。消費税の扱いは原本に記載なし。geo_code は原本の県名欄(調査を依頼した事務所の県)
d73b34db4b7c699a,JP,material,特別調査（資材単価） 静岡国道事務所 管理第二課,グレーチング固定金具,グレーチングストッパーⅡ型－A (45m/m)同等品以上,個,bureau_area,,,局管内,静国-管二-01#3,,3200,JPY,special_survey_price,published_pdl,,,2026-06-04,,cbr-tokuchou-shizai-r8-09-shizuoka,list_r8.09_shizai_静岡国道.pdf p.2,https://www.cbr.mlit.go.jp/architecture/kensetsugijutsu/unit_price/zip/r08/list_r8.09_shizai_shizuoka.zip,PDL1.0,,中部地整の事務所が工事ごとに行った特別調査の報告価格(予定価格の積算に用いたもの。原本の頁の説明: 施工地域、時期、現場条件が異なる場合、単価が異なる場合がある)。調査依頼: 静岡国道事務所 管理第二課 静国-管二-01 資材番号 3。調査区分: 資材Ａ①。材工区分: 材料費・現場持込。単価適用地域: 局管内。報告月: R8.6.4。消費税の扱いは原本に記載なし。geo_code は原本の県名欄(調査を依頼した事務所の県)
67859cb70940e846,JP,material,特別調査（資材単価） 静岡国道事務所 管理第二課,グレーチング固定金具,グレーチングストッパーⅡ型－B (75m/m)同等品以上,個,bureau_area,,,局管内,静国-管二-01#4,,3200,JPY,special_survey_price,published_pdl,,,2026-06-04,,cbr-tokuchou-shizai-r8-09-shizuoka,list_r8.09_shizai_静岡国道.pdf p.2,https://www.cbr.mlit.go.jp/architecture/kensetsugijutsu/unit_price/zip/r08/list_r8.09_shizai_shizuoka.zip,PDL1.0,,中部地整の事務所が工事ごとに行った特別調査の報告価格(予定価格の積算に用いたもの。原本の頁の説明: 施工地域、時期、現場条件が異なる場合、単価が異なる場合がある)。調査依頼: 静岡国道事務所 管理第二課 静国-管二-01 資材番号 4。調査区分: No3に含む。材工区分: 材料費・現場持込。単価適用地域: 局管内。報告月: R8.6.4。消費税の扱いは原本に記載なし。geo_code は原本の県名欄(調査を依頼した事務所の県)
eb0785087665048e,JP,material,特別調査（資材単価） 静岡国道事務所 管理第二課,グレーチング固定金具,グレーチングストッパーⅢ型同等品以上,個,bureau_area,,,局管内,静国-管二-01#5,,4100,JPY,special_survey_price,published_pdl,,,2026-06-04,,cbr-tokuchou-shizai-r8-09-shizuoka,list_r8.09_shizai_静岡国道.pdf p.2,https://www.cbr.mlit.go.jp/architecture/kensetsugijutsu/unit_price/zip/r08/list_r8.09_shizai_shizuoka.zip,PDL1.0,,中部地整の事務所が工事ごとに行った特別調査の報告価格(予定価格の積算に用いたもの。原本の頁の説明: 施工地域、時期、現場条件が異なる場合、単価が異なる場合がある)。調査依頼: 静岡国道事務所 管理第二課 静国-管二-01 資材番号 5。調査区分: No3に含む。材工区分: 材料費・現場持込。単価適用地域: 局管内。報告月: R8.6.4。消費税の扱いは原本に記載なし。geo_code は原本の県名欄(調査を依頼した事務所の県)
499df47222d8e823,JP,material,特別調査（資材単価） 静岡国道事務所 管理第二課,グレーチング固定金具,グレーチングストッパーSP（歩道用）同等品以上,個,bureau_area,,,局管内,静国-管二-01#6,,4400,JPY,special_survey_price,published_pdl,,,2026-06-04,,cbr-tokuchou-shizai-r8-09-shizuoka,list_r8.09_shizai_静岡国道.pdf p.2,https://www.cbr.mlit.go.jp/architecture/kensetsugijutsu/unit_price/zip/r08/list_r8.09_shizai_shizuoka.zip,PDL1.0,,中部地整の事務所が工事ごとに行った特別調査の報告価格(予定価格の積算に用いたもの。原本の頁の説明: 施工地域、時期、現場条件が異なる場合、単価が異なる場合がある)。調査依頼: 静岡国道事務所 管理第二課 静国-管二-01 資材番号 6。調査区分: No3に含む。材工区分: 材料費・現場持込。単価適用地域: 局管内。報告月: R8.6.4。消費税の扱いは原本に記載なし。geo_code は原本の県名欄(調査を依頼した事務所の県)
1b22a4425c9aaa16,JP,material,特別調査（資材単価） 静岡国道事務所 管理第二課,歩車道境界ブロック,203/210×70/100×600,個,pref,22,静岡県,事務所管内,静国-管二-01#7,,1440,JPY,special_survey_price,published_pdl,,,2026-06-04,,cbr-tokuchou-shizai-r8-09-shizuoka,list_r8.09_shizai_静岡国道.pdf p.2,https://www.cbr.mlit.go.jp/architecture/kensetsugijutsu/unit_price/zip/r08/list_r8.09_shizai_shizuoka.zip,PDL1.0,,中部地整の事務所が工事ごとに行った特別調査の報告価格(予定価格の積算に用いたもの。原本の頁の説明: 施工地域、時期、現場条件が異なる場合、単価が異なる場合がある)。調査依頼: 静岡国道事務所 管理第二課 静国-管二-01 資材番号 7。調査区分: 資材Ａ①。材工区分: 材料費・現場持込。単価適用地域: 事務所管内。報告月: R8.6.4。消費税の扱いは原本に記載なし。geo_code は原本の県名欄(調査を依頼した事務所の県)
c2d2c915fb42a5f5,JP,material,特別調査（資材単価） 静岡国道事務所 管理第二課,歩車道境界ブロック,200/210×100/120×600,個,pref,22,静岡県,事務所管内,静国-管二-01#8,,1440,JPY,special_survey_price,published_pdl,,,2026-06-04,,cbr-tokuchou-shizai-r8-09-shizuoka,list_r8.09_shizai_静岡国道.pdf p.2,https://www.cbr.mlit.go.jp/architecture/kensetsugijutsu/unit_price/zip/r08/list_r8.09_shizai_shizuoka.zip,PDL1.0,,中部地整の事務所が工事ごとに行った特別調査の報告価格(予定価格の積算に用いたもの。原本の頁の説明: 施工地域、時期、現場条件が異なる場合、単価が異なる場合がある)。調査依頼: 静岡国道事務所 管理第二課 静国-管二-01 資材番号 8。調査区分: No8に含む。材工区分: 材料費・現場持込。単価適用地域: 事務所管内。報告月: R8.6.4。消費税の扱いは原本に記載なし。geo_code は原本の県名欄(調査を依頼した事務所の県)
7808ad113d065bb3,JP,material,特別調査（資材単価） 静岡国道事務所 管理第二課,ビーム（Ａ・Ｓ）,４．０×３５０×４３３０塗装景観配慮型,枚,bureau_area,,,局管内,静国-管二-01#13,,42500,JPY,special_survey_price,published_pdl,,,2026-06-04,,cbr-tokuchou-shizai-r8-09-shizuoka,list_r8.09_shizai_静岡国道.pdf p.2,https://www.cbr.mlit.go.jp/architecture/kensetsugijutsu/unit_price/zip/r08/list_r8.09_shizai_shizuoka.zip,PDL1.0,,中部地整の事務所が工事ごとに行った特別調査の報告価格(予定価格の積算に用いたもの。原本の頁の説明: 施工地域、時期、現場条件が異なる場合、単価が異なる場合がある)。調査依頼: 静岡国道事務所 管理第二課 静国-管二-01 資材番号 13。調査区分: 資材Ａ①。材工区分: 材料費・現場持込。単価適用地域: 局管内。報告月: R8.6.4。消費税の扱いは原本に記載なし。geo_code は原本の県名欄(調査を依頼した事務所の県)
ba6a792c6e5e7af3,JP,material,特別調査（資材単価） 静岡国道事務所 管理第二課,ビーム（Ａ・Ｓ）,４．０×３５０×２３３０塗装景観配慮型,枚,bureau_area,,,局管内,静国-管二-01#14,,22900,JPY,special_survey_price,published_pdl,,,2026-06-04,,cbr-tokuchou-shizai-r8-09-shizuoka,list_r8.09_shizai_静岡国道.pdf p.2,https://www.cbr.mlit.go.jp/architecture/kensetsugijutsu/unit_price/zip/r08/list_r8.09_shizai_shizuoka.zip,PDL1.0,,中部地整の事務所が工事ごとに行った特別調査の報告価格(予定価格の積算に用いたもの。原本の頁の説明: 施工地域、時期、現場条件が異なる場合、単価が異なる場合がある)。調査依頼: 静岡国道事務所 管理第二課 静国-管二-01 資材番号 14。調査区分: No13に含む。材工区分: 材料費・現場持込。単価適用地域: 局管内。報告月: R8.6.4。消費税の扱いは原本に記載なし。geo_code は原本の県名欄(調査を依頼した事務所の県)
ea1ad35e14df97f9,JP,material,特別調査（資材単価） 静岡国道事務所 管理第二課,ビーム（Ｂ）,３．２×３５０×４３３０塗装景観配慮型,枚,bureau_area,,,局管内,静国-管二-01#15,,30300,JPY,special_survey_price,published_pdl,,,2026-06-04,,cbr-tokuchou-shizai-r8-09-shizuoka,list_r8.09_shizai_静岡国道.pdf p.2,https://www.cbr.mlit.go.jp/architecture/kensetsugijutsu/unit_price/zip/r08/list_r8.09_shizai_shizuoka.zip,PDL1.0,,中部地整の事務所が工事ごとに行った特別調査の報告価格(予定価格の積算に用いたもの。原本の頁の説明: 施工地域、時期、現場条件が異なる場合、単価が異なる場合がある)。調査依頼: 静岡国道事務所 管理第二課 静国-管二-01 資材番号 15。調査区分: No13に含む。材工区分: 材料費・現場持込。単価適用地域: 局管内。報告月: R8.6.4。消費税の扱いは原本に記載なし。geo_code は原本の県名欄(調査を依頼した事務所の県)
a80d862de6f17475,JP,material,特別調査（資材単価） 静岡国道事務所 管理第二課,ビーム（Ｂ）,３．２×３５０×２３３０塗装景観配慮型,枚,bureau_area,,,局管内,静国-管二-01#16,,16500,JPY,special_survey_price,published_pdl,,,2026-06-04,,cbr-tokuchou-shizai-r8-09-shizuoka,list_r8.09_shizai_静岡国道.pdf p.2,https://www.cbr.mlit.go.jp/architecture/kensetsugijutsu/unit_price/zip/r08/list_r8.09_shizai_shizuoka.zip,PDL1.0,,中部地整の事務所が工事ごとに行った特別調査の報告価格(予定価格の積算に用いたもの。原本の頁の説明: 施工地域、時期、現場条件が異なる場合、単価が異なる場合がある)。調査依頼: 静岡国道事務所 管理第二課 静国-管二-01 資材番号 16。調査区分: No13に含む。材工区分: 材料費・現場持込。単価適用地域: 局管内。報告月: R8.6.4。消費税の扱いは原本に記載なし。geo_code は原本の県名欄(調査を依頼した事務所の県)
ba1ca33b91615fbe,JP,material,特別調査（資材単価） 静岡国道事務所 管理第二課,ビーム（３ｍ）,Gr-A種(4.0×350×3300)塗装 景観配慮型,枚,bureau_area,,,局管内,静国-管二-01#17,,32700,JPY,special_survey_price,published_pdl,,,2026-06-04,,cbr-tokuchou-shizai-r8-09-shizuoka,list_r8.09_shizai_静岡国道.pdf p.2,https://www.cbr.mlit.go.jp/architecture/kensetsugijutsu/unit_price/zip/r08/list_r8.09_shizai_shizuoka.zip,PDL1.0,,中部地整の事務所が工事ごとに行った特別調査の報告価格(予定価格の積算に用いたもの。原本の頁の説明: 施工地域、時期、現場条件が異なる場合、単価が異なる場合がある)。調査依頼: 静岡国道事務所 管理第二課 静国-管二-01 資材番号 17。調査区分: No13に含む。材工区分: 材料費・現場持込。単価適用地域: 局管内。報告月: R8.6.4。消費税の扱いは原本に記載なし。geo_code は原本の県名欄(調査を依頼した事務所の県)
2dd70770bcacb178,JP,material,特別調査（資材単価） 静岡国道事務所 管理第二課,ビーム（３ｍ）,Gr-B種（3.2×350×3300)塗装 景観配慮型,枚,bureau_area,,,局管内,静国-管二-01#18,,23600,JPY,special_survey_price,published_pdl,,,2026-06-04,,cbr-tokuchou-shizai-r8-09-shizuoka,list_r8.09_shizai_静岡国道.pdf p.2,https://www.cbr.mlit.go.jp/architecture/kensetsugijutsu/unit_price/zip/r08/list_r8.09_shizai_shizuoka.zip,PDL1.0,,中部地整の事務所が工事ごとに行った特別調査の報告価格(予定価格の積算に用いたもの。原本の頁の説明: 施工地域、時期、現場条件が異なる場合、単価が異なる場合がある)。調査依頼: 静岡国道事務所 管理第二課 静国-管二-01 資材番号 18。調査区分: No13に含む。材工区分: 材料費・現場持込。単価適用地域: 局管内。報告月: R8.6.4。消費税の扱いは原本に記載なし。geo_code は原本の県名欄(調査を依頼した事務所の県)
a63cbcaa0e95b779,JP,material,特別調査（資材単価） 静岡国道事務所 管理第二課,袖ビーム（Ａ）,３．２×３９７×６６０ 塗装景観配慮型,枚,bureau_area,,,局管内,静国-管二-01#19,,10600,JPY,special_survey_price,published_pdl,,,2026-06-04,,cbr-tokuchou-shizai-r8-09-shizuoka,list_r8.09_shizai_静岡国道.pdf p.2,https://www.cbr.mlit.go.jp/architecture/kensetsugijutsu/unit_price/zip/r08/list_r8.09_shizai_shizuoka.zip,PDL1.0,,中部地整の事務所が工事ごとに行った特別調査の報告価格(予定価格の積算に用いたもの。原本の頁の説明: 施工地域、時期、現場条件が異なる場合、単価が異なる場合がある)。調査依頼: 静岡国道事務所 管理第二課 静国-管二-01 資材番号 19。調査区分: No13に含む。材工区分: 材料費・現場持込。単価適用地域: 局管内。報告月: R8.6.4。消費税の扱いは原本に記載なし。geo_code は原本の県名欄(調査を依頼した事務所の県)
7097fdcd293c1c6f,JP,material,特別調査（資材単価） 静岡国道事務所 管理第二課,袖ビーム（Ｂ）,３．２×３８２×６６０ 塗装景観配慮型,枚,bureau_area,,,局管内,静国-管二-01#20,,7050,JPY,special_survey_price,published_pdl,,,2026-06-04,,cbr-tokuchou-shizai-r8-09-shizuoka,list_r8.09_shizai_静岡国道.pdf p.3,https://www.cbr.mlit.go.jp/architecture/kensetsugijutsu/unit_price/zip/r08/list_r8.09_shizai_shizuoka.zip,PDL1.0,,中部地整の事務所が工事ごとに行った特別調査の報告価格(予定価格の積算に用いたもの。原本の頁の説明: 施工地域、時期、現場条件が異なる場合、単価が異なる場合がある)。調査依頼: 静岡国道事務所 管理第二課 静国-管二-01 資材番号 20。調査区分: No13に含む。材工区分: 材料費・現場持込。単価適用地域: 局管内。報告月: R8.6.4。消費税の扱いは原本に記載なし。geo_code は原本の県名欄(調査を依頼した事務所の県)
174db3e00b1a40bf,JP,material,特別調査（資材単価） 静岡国道事務所 管理第二課,支柱（Ａ－４Ｅ）,φ１３９．８×４．５×２３５０塗装 景観配慮型,本,bureau_area,,,局管内,静国-管二-01#21,,24200,JPY,special_survey_price,published_pdl,,,2026-06-04,,cbr-tokuchou-shizai-r8-09-shizuoka,list_r8.09_shizai_静岡国道.pdf p.3,https://www.cbr.mlit.go.jp/architecture/kensetsugijutsu/unit_price/zip/r08/list_r8.09_shizai_shizuoka.zip,PDL1.0,,中部地整の事務所が工事ごとに行った特別調査の報告価格(予定価格の積算に用いたもの。原本の頁の説明: 施工地域、時期、現場条件が異なる場合、単価が異なる場合がある)。調査依頼: 静岡国道事務所 管理第二課 静国-管二-01 資材番号 21。調査区分: 資材Ａ①。材工区分: 材料費・現場持込。単価適用地域: 局管内。報告月: R8.6.4。消費税の扱いは原本に記載なし。geo_code は原本の県名欄(調査を依頼した事務所の県)
4f5e6428bbcafe29,JP,material,特別調査（資材単価） 静岡国道事務所 管理第二課,支柱（Ｂ－４Ｅ）,φ１１４．３×４．５×２２００塗装 景観配慮型,本,bureau_area,,,局管内,静国-管二-01#22,,18400,JPY,special_survey_price,published_pdl,,,2026-06-04,,cbr-tokuchou-shizai-r8-09-shizuoka,list_r8.09_shizai_静岡国道.pdf p.3,https://www.cbr.mlit.go.jp/architecture/kensetsugijutsu/unit_price/zip/r08/list_r8.09_shizai_shizuoka.zip,PDL1.0,,中部地整の事務所が工事ごとに行った特別調査の報告価格(予定価格の積算に用いたもの。原本の頁の説明: 施工地域、時期、現場条件が異なる場合、単価が異なる場合がある)。調査依頼: 静岡国道事務所 管理第二課 静国-管二-01 資材番号 22。調査区分: No21に含む。材工区分: 材料費・現場持込。単価適用地域: 局管内。報告月: R8.6.4。消費税の扱いは原本に記載なし。geo_code は原本の県名欄(調査を依頼した事務所の県)
a7a77692cde56bc6,JP,material,特別調査（資材単価） 静岡国道事務所 管理第二課,支柱（Ａ－２Ｂ）,φ１３９．８×４．５×１１００塗装 景観配慮型,本,bureau_area,,,局管内,静国-管二-01#23,,11500,JPY,special_survey_price,published_pdl,,,2026-06-04,,cbr-tokuchou-shizai-r8-09-shizuoka,list_r8.09_shizai_静岡国道.pdf p.3,https://www.cbr.mlit.go.jp/architecture/kensetsugijutsu/unit_price/zip/r08/list_r8.09_shizai_shizuoka.zip,PDL1.0,,中部地整の事務所が工事ごとに行った特別調査の報告価格(予定価格の積算に用いたもの。原本の頁の説明: 施工地域、時期、現場条件が異なる場合、単価が異なる場合がある)。調査依頼: 静岡国道事務所 管理第二課 静国-管二-01 資材番号 23。調査区分: No21に含む。材工区分: 材料費・現場持込。単価適用地域: 局管内。報告月: R8.6.4。消費税の扱いは原本に記載なし。geo_code は原本の県名欄(調査を依頼した事務所の県)
7ca5af8c0aa93d31,JP,material,特別調査（資材単価） 静岡国道事務所 管理第二課,支柱（Ｂ－２Ｂ）,φ１１４．３×４．５×１１００塗装 景観配慮型,本,bureau_area,,,局管内,静国-管二-01#24,,9280,JPY,special_survey_price,published_pdl,,,2026-06-04,,cbr-tokuchou-shizai-r8-09-shizuoka,list_r8.09_shizai_静岡国道.pdf p.3,https://www.cbr.mlit.go.jp/architecture/kensetsugijutsu/unit_price/zip/r08/list_r8.09_shizai_shizuoka.zip,PDL1.0,,中部地整の事務所が工事ごとに行った特別調査の報告価格(予定価格の積算に用いたもの。原本の頁の説明: 施工地域、時期、現場条件が異なる場合、単価が異なる場合がある)。調査依頼: 静岡国道事務所 管理第二課 静国-管二-01 資材番号 24。調査区分: No21に含む。材工区分: 材料費・現場持込。単価適用地域: 局管内。報告月: R8.6.4。消費税の扱いは原本に記載なし。geo_code は原本の県名欄(調査を依頼した事務所の県)
b305415fa6e4a654,JP,material,特別調査（資材単価） 静岡国道事務所 管理第二課,支柱（Ａｐ－２Ｂ）,φ１３９．８×４．５×１２２５塗装 景観配慮型,本,bureau_area,,,局管内,静国-管二-01#25,,12600,JPY,special_survey_price,published_pdl,,,2026-06-04,,cbr-tokuchou-shizai-r8-09-shizuoka,list_r8.09_shizai_静岡国道.pdf p.3,https://www.cbr.mlit.go.jp/architecture/kensetsugijutsu/unit_price/zip/r08/list_r8.09_shizai_shizuoka.zip,PDL1.0,,中部地整の事務所が工事ごとに行った特別調査の報告価格(予定価格の積算に用いたもの。原本の頁の説明: 施工地域、時期、現場条件が異なる場合、単価が異なる場合がある)。調査依頼: 静岡国道事務所 管理第二課 静国-管二-01 資材番号 25。調査区分: No21に含む。材工区分: 材料費・現場持込。単価適用地域: 局管内。報告月: R8.6.4。消費税の扱いは原本に記載なし。geo_code は原本の県名欄(調査を依頼した事務所の県)
13fbce13768b0bb0,JP,material,特別調査（資材単価） 静岡国道事務所 管理第二課,支柱（Ｂｐ－２Ｅ）（Ｂ－３Ｅ）,φ１１４．３×４．５×２３００塗装 景観配慮型,本,bureau_area,,,局管内,静国-管二-01#26,,18800,JPY,special_survey_price,published_pdl,,,2026-06-04,,cbr-tokuchou-shizai-r8-09-shizuoka,list_r8.09_shizai_静岡国道.pdf p.3,https://www.cbr.mlit.go.jp/architecture/kensetsugijutsu/unit_price/zip/r08/list_r8.09_shizai_shizuoka.zip,PDL1.0,,中部地整の事務所が工事ごとに行った特別調査の報告価格(予定価格の積算に用いたもの。原本の頁の説明: 施工地域、時期、現場条件が異なる場合、単価が異なる場合がある)。調査依頼: 静岡国道事務所 管理第二課 静国-管二-01 資材番号 26。調査区分: No21に含む。材工区分: 材料費・現場持込。単価適用地域: 局管内。報告月: R8.6.4。消費税の扱いは原本に記載なし。geo_code は原本の県名欄(調査を依頼した事務所の県)
6d50534db608aef3,JP,material,特別調査（資材単価） 静岡国道事務所 管理第二課,支柱（Ｂｐ－２Ｂ）,φ１１４．３×４．５×１２００塗装 景観配慮型,本,bureau_area,,,局管内,静国-管二-01#27,,9990,JPY,special_survey_price,published_pdl,,,2026-06-04,,cbr-tokuchou-shizai-r8-09-shizuoka,list_r8.09_shizai_静岡国道.pdf p.3,https://www.cbr.mlit.go.jp/architecture/kensetsugijutsu/unit_price/zip/r08/list_r8.09_shizai_shizuoka.zip,PDL1.0,,中部地整の事務所が工事ごとに行った特別調査の報告価格(予定価格の積算に用いたもの。原本の頁の説明: 施工地域、時期、現場条件が異なる場合、単価が異なる場合がある)。調査依頼: 静岡国道事務所 管理第二課 静国-管二-01 資材番号 27。調査区分: No21に含む。材工区分: 材料費・現場持込。単価適用地域: 局管内。報告月: R8.6.4。消費税の扱いは原本に記載なし。geo_code は原本の県名欄(調査を依頼した事務所の県)
022196bb8a1f8989,JP,material,特別調査（資材単価） 静岡国道事務所 管理第二課,ブラケット（ＳＣ種以外）,４．５×７０×３００塗装 景観配慮型,個,bureau_area,,,局管内,静国-管二-01#28,,1010,JPY,special_survey_price,published_pdl,,,2026-06-04,,cbr-tokuchou-shizai-r8-09-shizuoka,list_r8.09_shizai_静岡国道.pdf p.3,https://www.cbr.mlit.go.jp/architecture/kensetsugijutsu/unit_price/zip/r08/list_r8.09_shizai_shizuoka.zip,PDL1.0,,中部地整の事務所が工事ごとに行った特別調査の報告価格(予定価格の積算に用いたもの。原本の頁の説明: 施工地域、時期、現場条件が異なる場合、単価が異なる場合がある)。調査依頼: 静岡国道事務所 管理第二課 静国-管二-01 資材番号 28。調査区分: 資材Ａ①。材工区分: 材料費・現場持込。単価適用地域: 局管内。報告月: R8.6.4。消費税の扱いは原本に記載なし。geo_code は原本の県名欄(調査を依頼した事務所の県)
6769d9104175b6e7,JP,material,特別調査（資材単価） 静岡国道事務所 管理第二課,ボルトナットＡ（Ｇｐ－Ｂｐ）（Ｃｐ）（Ｂ）,Ｍ１６×１４０塗装 景観配慮型,組,bureau_area,,,局管内,静国-管二-01#33,,679,JPY,special_survey_price,published_pdl,,,2026-06-04,,cbr-tokuchou-shizai-r8-09-shizuoka,list_r8.09_shizai_静岡国道.pdf p.3,https://www.cbr.mlit.go.jp/architecture/kensetsugijutsu/unit_price/zip/r08/list_r8.09_shizai_shizuoka.zip,PDL1.0,,中部地整の事務所が工事ごとに行った特別調査の報告価格(予定価格の積算に用いたもの。原本の頁の説明: 施工地域、時期、現場条件が異なる場合、単価が異なる場合がある)。調査依頼: 静岡国道事務所 管理第二課 静国-管二-01 資材番号 33。調査区分: No29に含む。材工区分: 材料費・現場持込。単価適用地域: 局管内。報告月: R8.6.4。消費税の扱いは原本に記載なし。geo_code は原本の県名欄(調査を依頼した事務所の県)
c989c1f78c753d95,JP,material,特別調査（資材単価） 静岡国道事務所 管理第二課,ボルトナットＢ（Ｇｐ－Ｂｐ）（Ｃｐ）（Ｂ）,Ｍ１４×７０塗装 景観配慮型,組,bureau_area,,,局管内,静国-管二-01#34,,494,JPY,special_survey_price,published_pdl,,,2026-06-04,,cbr-tokuchou-shizai-r8-09-shizuoka,list_r8.09_shizai_静岡国道.pdf p.3,https://www.cbr.mlit.go.jp/architecture/kensetsugijutsu/unit_price/zip/r08/list_r8.09_shizai_shizuoka.zip,PDL1.0,,中部地整の事務所が工事ごとに行った特別調査の報告価格(予定価格の積算に用いたもの。原本の頁の説明: 施工地域、時期、現場条件が異なる場合、単価が異なる場合がある)。調査依頼: 静岡国道事務所 管理第二課 静国-管二-01 資材番号 34。調査区分: No29に含む。材工区分: 材料費・現場持込。単価適用地域: 局管内。報告月: R8.6.4。消費税の扱いは原本に記載なし。geo_code は原本の県名欄(調査を依頼した事務所の県)
5af0f81c300b4310,JP,material,特別調査（資材単価） 静岡国道事務所 管理第二課,ビームパイプ（Ａｐ）,φ６０．５×３．８×３９３６塗装 景観配慮型,本,bureau_area,,,局管内,静国-管二-01#35,,15500,JPY,special_survey_price,published_pdl,,,2026-06-04,,cbr-tokuchou-shizai-r8-09-shizuoka,list_r8.09_shizai_静岡国道.pdf p.3,https://www.cbr.mlit.go.jp/architecture/kensetsugijutsu/unit_price/zip/r08/list_r8.09_shizai_shizuoka.zip,PDL1.0,,中部地整の事務所が工事ごとに行った特別調査の報告価格(予定価格の積算に用いたもの。原本の頁の説明: 施工地域、時期、現場条件が異なる場合、単価が異なる場合がある)。調査依頼: 静岡国道事務所 管理第二課 静国-管二-01 資材番号 35。調査区分: 資材Ａ①。材工区分: 材料費・現場持込。単価適用地域: 局管内。報告月: R8.6.4。消費税の扱いは原本に記載なし。geo_code は原本の県名欄(調査を依頼した事務所の県)
1ca92e8e44f8be45,JP,material,特別調査（資材単価） 静岡国道事務所 管理第二課,ビームパイプ（Ｂｐ）,φ４８．６×３．２×３９３６塗装 景観配慮型,本,bureau_area,,,局管内,静国-管二-01#36,,10400,JPY,special_survey_price,published_pdl,,,2026-06-04,,cbr-tokuchou-shizai-r8-09-shizuoka,list_r8.09_shizai_静岡国道.pdf p.3,https://www.cbr.mlit.go.jp/architecture/kensetsugijutsu/unit_price/zip/r08/list_r8.09_shizai_shizuoka.zip,PDL1.0,,中部地整の事務所が工事ごとに行った特別調査の報告価格(予定価格の積算に用いたもの。原本の頁の説明: 施工地域、時期、現場条件が異なる場合、単価が異なる場合がある)。調査依頼: 静岡国道事務所 管理第二課 静国-管二-01 資材番号 36。調査区分: No35に含む。材工区分: 材料費・現場持込。単価適用地域: 局管内。報告月: R8.6.4。消費税の扱いは原本に記載なし。geo_code は原本の県名欄(調査を依頼した事務所の県)
ccc3c9a2da9d8496,JP,material,特別調査（資材単価） 静岡国道事務所 管理第二課,ビームパイプ（Ｂ）,φ４８．６×３．２×２９３６塗装 景観配慮型,本,bureau_area,,,局管内,静国-管二-01#37,,7870,JPY,special_survey_price,published_pdl,,,2026-06-04,,cbr-tokuchou-shizai-r8-09-shizuoka,list_r8.09_shizai_静岡国道.pdf p.3,https://www.cbr.mlit.go.jp/architecture/kensetsugijutsu/unit_price/zip/r08/list_r8.09_shizai_shizuoka.zip,PDL1.0,,中部地整の事務所が工事ごとに行った特別調査の報告価格(予定価格の積算に用いたもの。原本の頁の説明: 施工地域、時期、現場条件が異なる場合、単価が異なる場合がある)。調査依頼: 静岡国道事務所 管理第二課 静国-管二-01 資材番号 37。調査区分: No35に含む。材工区分: 材料費・現場持込。単価適用地域: 局管内。報告月: R8.6.4。消費税の扱いは原本に記載なし。geo_code は原本の県名欄(調査を依頼した事務所の県)
ca0ee3d2ef5721f3,JP,material,特別調査（資材単価） 静岡国道事務所 管理第二課,袖パイプ（Ａｐ）,φ５１×５．０×２５９．３塗装 景観配慮型,本,bureau_area,,,局管内,静国-管二-01#38,,4770,JPY,special_survey_price,published_pdl,,,2026-06-04,,cbr-tokuchou-shizai-r8-09-shizuoka,list_r8.09_shizai_静岡国道.pdf p.4,https://www.cbr.mlit.go.jp/architecture/kensetsugijutsu/unit_price/zip/r08/list_r8.09_shizai_shizuoka.zip,PDL1.0,,中部地整の事務所が工事ごとに行った特別調査の報告価格(予定価格の積算に用いたもの。原本の頁の説明: 施工地域、時期、現場条件が異なる場合、単価が異なる場合がある)。調査依頼: 静岡国道事務所 管理第二課 静国-管二-01 資材番号 38。調査区分: No35に含む。材工区分: 材料費・現場持込。単価適用地域: 局管内。報告月: R8.6.4。消費税の扱いは原本に記載なし。geo_code は原本の県名欄(調査を依頼した事務所の県)
d57373fd7814da3a,JP,material,特別調査（資材単価） 静岡国道事務所 管理第二課,袖パイプ（Ｂｐ）（Ｂ）,φ４０×４．３×２２３．３塗装 景観配慮型,本,bureau_area,,,局管内,静国-管二-01#39,,3960,JPY,special_survey_price,published_pdl,,,2026-06-04,,cbr-tokuchou-shizai-r8-09-shizuoka,list_r8.09_shizai_静岡国道.pdf p.4,https://www.cbr.mlit.go.jp/architecture/kensetsugijutsu/unit_price/zip/r08/list_r8.09_shizai_shizuoka.zip,PDL1.0,,中部地整の事務所が工事ごとに行った特別調査の報告価格(予定価格の積算に用いたもの。原本の頁の説明: 施工地域、時期、現場条件が異なる場合、単価が異なる場合がある)。調査依頼: 静岡国道事務所 管理第二課 静国-管二-01 資材番号 39。調査区分: No35に含む。材工区分: 材料費・現場持込。単価適用地域: 局管内。報告月: R8.6.4。消費税の扱いは原本に記載なし。geo_code は原本の県名欄(調査を依頼した事務所の県)
73e148fbfcc06534,JP,material,特別調査（資材単価） 静岡国道事務所 管理第二課,継手ブラケット（Ａｐ）,６０．５×３．２×６０×９０塗装 景観配慮型,個,bureau_area,,,局管内,静国-管二-01#40,,1460,JPY,special_survey_price,published_pdl,,,2026-06-04,,cbr-tokuchou-shizai-r8-09-shizuoka,list_r8.09_shizai_静岡国道.pdf p.4,https://www.cbr.mlit.go.jp/architecture/kensetsugijutsu/unit_price/zip/r08/list_r8.09_shizai_shizuoka.zip,PDL1.0,,中部地整の事務所が工事ごとに行った特別調査の報告価格(予定価格の積算に用いたもの。原本の頁の説明: 施工地域、時期、現場条件が異なる場合、単価が異なる場合がある)。調査依頼: 静岡国道事務所 管理第二課 静国-管二-01 資材番号 40。調査区分: 資材Ａ①。材工区分: 材料費・現場持込。単価適用地域: 局管内。報告月: R8.6.4。消費税の扱いは原本に記載なし。geo_code は原本の県名欄(調査を依頼した事務所の県)
cfa83dfe7759f9c3,JP,material,特別調査（資材単価） 静岡国道事務所 管理第二課,継手ブラケット（Ｂｐ）（Ｃｐ）（Ｂ）,４８．６×３．２×６０×８０塗装 景観配慮型,個,bureau_area,,,局管内,静国-管二-01#41,,1240,JPY,special_survey_price,published_pdl,,,2026-06-04,,cbr-tokuchou-shizai-r8-09-shizuoka,list_r8.09_shizai_静岡国道.pdf p.4,https://www.cbr.mlit.go.jp/architecture/kensetsugijutsu/unit_price/zip/r08/list_r8.09_shizai_shizuoka.zip,PDL1.0,,中部地整の事務所が工事ごとに行った特別調査の報告価格(予定価格の積算に用いたもの。原本の頁の説明: 施工地域、時期、現場条件が異なる場合、単価が異なる場合がある)。調査依頼: 静岡国道事務所 管理第二課 静国-管二-01 資材番号 41。調査区分: No40に含む。材工区分: 材料費・現場持込。単価適用地域: 局管内。報告月: R8.6.4。消費税の扱いは原本に記載なし。geo_code は原本の県名欄(調査を依頼した事務所の県)
f9a549e9053def85,JP,material,特別調査（資材単価） 静岡国道事務所 管理第二課,中間部ブラケット（Ａｐ）,６３．７×３．２×６０×９０塗装 景観配慮型,個,bureau_area,,,局管内,静国-管二-01#42,,1500,JPY,special_survey_price,published_pdl,,,2026-06-04,,cbr-tokuchou-shizai-r8-09-shizuoka,list_r8.09_shizai_静岡国道.pdf p.4,https://www.cbr.mlit.go.jp/architecture/kensetsugijutsu/unit_price/zip/r08/list_r8.09_shizai_shizuoka.zip,PDL1.0,,中部地整の事務所が工事ごとに行った特別調査の報告価格(予定価格の積算に用いたもの。原本の頁の説明: 施工地域、時期、現場条件が異なる場合、単価が異なる場合がある)。調査依頼: 静岡国道事務所 管理第二課 静国-管二-01 資材番号 42。調査区分: No40に含む。材工区分: 材料費・現場持込。単価適用地域: 局管内。報告月: R8.6.4。消費税の扱いは原本に記載なし。geo_code は原本の県名欄(調査を依頼した事務所の県)
fd150ef649b36460,JP,material,特別調査（資材単価） 静岡国道事務所 管理第二課,中間部ブラケット（Ｂｐ）（Ｃｐ）（Ｂ）,５１．８×３．２×６０×８０塗装 景観配慮型,個,bureau_area,,,局管内,静国-管二-01#43,,1260,JPY,special_survey_price,published_pdl,,,2026-06-04,,cbr-tokuchou-shizai-r8-09-shizuoka,list_r8.09_shizai_静岡国道.pdf p.4,https://www.cbr.mlit.go.jp/architecture/kensetsugijutsu/unit_price/zip/r08/list_r8.09_shizai_shizuoka.zip,PDL1.0,,中部地整の事務所が工事ごとに行った特別調査の報告価格(予定価格の積算に用いたもの。原本の頁の説明: 施工地域、時期、現場条件が異なる場合、単価が異なる場合がある)。調査依頼: 静岡国道事務所 管理第二課 静国-管二-01 資材番号 43。調査区分: No40に含む。材工区分: 材料費・現場持込。単価適用地域: 局管内。報告月: R8.6.4。消費税の扱いは原本に記載なし。geo_code は原本の県名欄(調査を依頼した事務所の県)
5e8fa5b3619406ff,JP,material,特別調査（資材単価） 静岡国道事務所 管理第二課,インナースリーブ（Ａｐ）,φ５１×５．０×３２４塗装 景観配慮型,本,bureau_area,,,局管内,静国-管二-01#44,,3410,JPY,special_survey_price,published_pdl,,,2026-06-04,,cbr-tokuchou-shizai-r8-09-shizuoka,list_r8.09_shizai_静岡国道.pdf p.4,https://www.cbr.mlit.go.jp/architecture/kensetsugijutsu/unit_price/zip/r08/list_r8.09_shizai_shizuoka.zip,PDL1.0,,中部地整の事務所が工事ごとに行った特別調査の報告価格(予定価格の積算に用いたもの。原本の頁の説明: 施工地域、時期、現場条件が異なる場合、単価が異なる場合がある)。調査依頼: 静岡国道事務所 管理第二課 静国-管二-01 資材番号 44。調査区分: 資材Ａ①。材工区分: 材料費・現場持込。単価適用地域: 局管内。報告月: R8.6.4。消費税の扱いは原本に記載なし。geo_code は原本の県名欄(調査を依頼した事務所の県)
ac7b792876ef627e,JP,material,特別調査（資材単価） 静岡国道事務所 管理第二課,インナースリーブ（Ｂｐ）（Ｂ）,φ４０×４．３×２６４塗装 景観配慮型,本,bureau_area,,,局管内,静国-管二-01#45,,2500,JPY,special_survey_price,published_pdl,,,2026-06-04,,cbr-tokuchou-shizai-r8-09-shizuoka,list_r8.09_shizai_静岡国道.pdf p.4,https://www.cbr.mlit.go.jp/architecture/kensetsugijutsu/unit_price/zip/r08/list_r8.09_shizai_shizuoka.zip,PDL1.0,,中部地整の事務所が工事ごとに行った特別調査の報告価格(予定価格の積算に用いたもの。原本の頁の説明: 施工地域、時期、現場条件が異なる場合、単価が異なる場合がある)。調査依頼: 静岡国道事務所 管理第二課 静国-管二-01 資材番号 45。調査区分: No44に含む。材工区分: 材料費・現場持込。単価適用地域: 局管内。報告月: R8.6.4。消費税の扱いは原本に記載なし。geo_code は原本の県名欄(調査を依頼した事務所の県)
3a7d3c7294f03598,JP,material,特別調査（資材単価） 静岡国道事務所 管理第二課,立入防止柵 支柱,Ｈ＝２０００ ＰＣ－Ａ２０００同等品以上,本,bureau_area,,,局管内,静国-管二-01#46,,8610,JPY,special_survey_price,published_pdl,,,2026-06-04,,cbr-tokuchou-shizai-r8-09-shizuoka,list_r8.09_shizai_静岡国道.pdf p.4,https://www.cbr.mlit.go.jp/architecture/kensetsugijutsu/unit_price/zip/r08/list_r8.09_shizai_shizuoka.zip,PDL1.0,,中部地整の事務所が工事ごとに行った特別調査の報告価格(予定価格の積算に用いたもの。原本の頁の説明: 施工地域、時期、現場条件が異なる場合、単価が異なる場合がある)。調査依頼: 静岡国道事務所 管理第二課 静国-管二-01 資材番号 46。調査区分: 資材Ａ①。材工区分: 材料費・現場持込。単価適用地域: 局管内。報告月: R8.6.4。消費税の扱いは原本に記載なし。geo_code は原本の県名欄(調査を依頼した事務所の県)
c554130a440fd999,JP,material,特別調査（資材単価） 静岡国道事務所 管理第二課,立入防止柵 フェンス,Ｈ＝２０００ ＰＣ－Ａ２０００同等品以上,ｍ,bureau_area,,,局管内,静国-管二-01#47,,10200,JPY,special_survey_price,published_pdl,,,2026-06-04,,cbr-tokuchou-shizai-r8-09-shizuoka,list_r8.09_shizai_静岡国道.pdf p.4,https://www.cbr.mlit.go.jp/architecture/kensetsugijutsu/unit_price/zip/r08/list_r8.09_shizai_shizuoka.zip,PDL1.0,,中部地整の事務所が工事ごとに行った特別調査の報告価格(予定価格の積算に用いたもの。原本の頁の説明: 施工地域、時期、現場条件が異なる場合、単価が異なる場合がある)。調査依頼: 静岡国道事務所 管理第二課 静国-管二-01 資材番号 47。調査区分: 資材Ａ①。材工区分: 材料費・現場持込。単価適用地域: 局管内。報告月: R8.6.4。消費税の扱いは原本に記載なし。geo_code は原本の県名欄(調査を依頼した事務所の県)
791ae55fd2666734,JP,material,特別調査（資材単価） 静岡国道事務所 管理第二課,立入防止柵 基礎ブロック,250×250×500,個,pref,22,静岡県,事務所管内,静国-管二-01#48,,2520,JPY,special_survey_price,published_pdl,,,2026-06-04,,cbr-tokuchou-shizai-r8-09-shizuoka,list_r8.09_shizai_静岡国道.pdf p.4,https://www.cbr.mlit.go.jp/architecture/kensetsugijutsu/unit_price/zip/r08/list_r8.09_shizai_shizuoka.zip,PDL1.0,,中部地整の事務所が工事ごとに行った特別調査の報告価格(予定価格の積算に用いたもの。原本の頁の説明: 施工地域、時期、現場条件が異なる場合、単価が異なる場合がある)。調査依頼: 静岡国道事務所 管理第二課 静国-管二-01 資材番号 48。調査区分: 資材Ａ①。材工区分: 材料費・現場持込。単価適用地域: 事務所管内。報告月: R8.6.4。消費税の扱いは原本に記載なし。geo_code は原本の県名欄(調査を依頼した事務所の県)
21312dec7017848b,JP,material,特別調査（資材単価） 静岡国道事務所 管理第二課,転落防止柵 支柱,Ｐ３－３Ｗ同等品以上,本,bureau_area,,,局管内,静国-管二-01#56,,5250,JPY,special_survey_price,published_pdl,,,2026-06-04,,cbr-tokuchou-shizai-r8-09-shizuoka,list_r8.09_shizai_静岡国道.pdf p.4,https://www.cbr.mlit.go.jp/architecture/kensetsugijutsu/unit_price/zip/r08/list_r8.09_shizai_shizuoka.zip,PDL1.0,,中部地整の事務所が工事ごとに行った特別調査の報告価格(予定価格の積算に用いたもの。原本の頁の説明: 施工地域、時期、現場条件が異なる場合、単価が異なる場合がある)。調査依頼: 静岡国道事務所 管理第二課 静国-管二-01 資材番号 56。調査区分: 資材Ａ①。材工区分: 材料費・現場持込。単価適用地域: 局管内。報告月: R8.6.4。消費税の扱いは原本に記載なし。geo_code は原本の県名欄(調査を依頼した事務所の県)
964f8a217512ab85,JP,material,特別調査（資材単価） 静岡国道事務所 管理第二課,転落防止柵 支柱,Ｔ－３０ＡＰ１１１Ｃ同等品以上,本,bureau_area,,,局管内,静国-管二-01#57,,5470,JPY,special_survey_price,published_pdl,,,2026-06-04,,cbr-tokuchou-shizai-r8-09-shizuoka,list_r8.09_shizai_静岡国道.pdf p.4,https://www.cbr.mlit.go.jp/architecture/kensetsugijutsu/unit_price/zip/r08/list_r8.09_shizai_shizuoka.zip,PDL1.0,,中部地整の事務所が工事ごとに行った特別調査の報告価格(予定価格の積算に用いたもの。原本の頁の説明: 施工地域、時期、現場条件が異なる場合、単価が異なる場合がある)。調査依頼: 静岡国道事務所 管理第二課 静国-管二-01 資材番号 57。調査区分: No56に含む。材工区分: 材料費・現場持込。単価適用地域: 局管内。報告月: R8.6.4。消費税の扱いは原本に記載なし。geo_code は原本の県名欄(調査を依頼した事務所の県)
ed924bb42a7f04a9,JP,material,特別調査（資材単価） 静岡国道事務所 管理第二課,転落防止柵 支柱,Ｔ－３０ＡＰ１１１Ｗ同等品以上,本,bureau_area,,,局管内,静国-管二-01#58,,5030,JPY,special_survey_price,published_pdl,,,2026-06-04,,cbr-tokuchou-shizai-r8-09-shizuoka,list_r8.09_shizai_静岡国道.pdf p.4,https://www.cbr.mlit.go.jp/architecture/kensetsugijutsu/unit_price/zip/r08/list_r8.09_shizai_shizuoka.zip,PDL1.0,,中部地整の事務所が工事ごとに行った特別調査の報告価格(予定価格の積算に用いたもの。原本の頁の説明: 施工地域、時期、現場条件が異なる場合、単価が異なる場合がある)。調査依頼: 静岡国道事務所 管理第二課 静国-管二-01 資材番号 58。調査区分: No56に含む。材工区分: 材料費・現場持込。単価適用地域: 局管内。報告月: R8.6.4。消費税の扱いは原本に記載なし。geo_code は原本の県名欄(調査を依頼した事務所の県)
dc06a987cbf8319d,JP,material,特別調査（資材単価） 静岡国道事務所 管理第二課,転落防止柵 パネル,Ｔ－３０ＡＰ１１１同等品以上,枚,bureau_area,,,局管内,静国-管二-01#59,,26400,JPY,special_survey_price,published_pdl,,,2026-06-04,,cbr-tokuchou-shizai-r8-09-shizuoka,list_r8.09_shizai_静岡国道.pdf p.4,https://www.cbr.mlit.go.jp/architecture/kensetsugijutsu/unit_price/zip/r08/list_r8.09_shizai_shizuoka.zip,PDL1.0,,中部地整の事務所が工事ごとに行った特別調査の報告価格(予定価格の積算に用いたもの。原本の頁の説明: 施工地域、時期、現場条件が異なる場合、単価が異なる場合がある)。調査依頼: 静岡国道事務所 管理第二課 静国-管二-01 資材番号 59。調査区分: 資材Ａ①。材工区分: 材料費・現場持込。単価適用地域: 局管内。報告月: R8.6.4。消費税の扱いは原本に記載なし。geo_code は原本の県名欄(調査を依頼した事務所の県)
3bc3c72f58a5a780,JP,material,特別調査（資材単価） 静岡国道事務所 管理第二課,視線誘導テープ,ダークブラウンカプセルプリズム型 １００×４００,枚,bureau_area,,,局管内,静国-管二-01#63,,720,JPY,special_survey_price,published_pdl,,,2026-06-04,,cbr-tokuchou-shizai-r8-09-shizuoka,list_r8.09_shizai_静岡国道.pdf p.5,https://www.cbr.mlit.go.jp/architecture/kensetsugijutsu/unit_price/zip/r08/list_r8.09_shizai_shizuoka.zip,PDL1.0,,中部地整の事務所が工事ごとに行った特別調査の報告価格(予定価格の積算に用いたもの。原本の頁の説明: 施工地域、時期、現場条件が異なる場合、単価が異なる場合がある)。調査依頼: 静岡国道事務所 管理第二課 静国-管二-01 資材番号 63。調査区分: 資材Ａ①。材工区分: 材料費・現場持込。単価適用地域: 局管内。報告月: R8.6.4。消費税の扱いは原本に記載なし。geo_code は原本の県名欄(調査を依頼した事務所の県)
f3289c7e418485be,JP,material,特別調査（資材単価） 静岡国道事務所 管理第二課,視線誘導テープ,ダークグレーカプセルプリズム型 １００×４００,枚,bureau_area,,,局管内,静国-管二-01#64,,720,JPY,special_survey_price,published_pdl,,,2026-06-04,,cbr-tokuchou-shizai-r8-09-shizuoka,list_r8.09_shizai_静岡国道.pdf p.5,https://www.cbr.mlit.go.jp/architecture/kensetsugijutsu/unit_price/zip/r08/list_r8.09_shizai_shizuoka.zip,PDL1.0,,中部地整の事務所が工事ごとに行った特別調査の報告価格(予定価格の積算に用いたもの。原本の頁の説明: 施工地域、時期、現場条件が異なる場合、単価が異なる場合がある)。調査依頼: 静岡国道事務所 管理第二課 静国-管二-01 資材番号 64。調査区分: No63に含む。材工区分: 材料費・現場持込。単価適用地域: 局管内。報告月: R8.6.4。消費税の扱いは原本に記載なし。geo_code は原本の県名欄(調査を依頼した事務所の県)
c1a2fe6da9f723d3,JP,material,特別調査（資材単価） 静岡国道事務所 管理第二課,視線誘導標 支柱,φ３４×２．３ メッキ,ｍ,bureau_area,,,局管内,静国-管二-01#66,,2140,JPY,special_survey_price,published_pdl,,,2026-06-04,,cbr-tokuchou-shizai-r8-09-shizuoka,list_r8.09_shizai_静岡国道.pdf p.5,https://www.cbr.mlit.go.jp/architecture/kensetsugijutsu/unit_price/zip/r08/list_r8.09_shizai_shizuoka.zip,PDL1.0,,中部地整の事務所が工事ごとに行った特別調査の報告価格(予定価格の積算に用いたもの。原本の頁の説明: 施工地域、時期、現場条件が異なる場合、単価が異なる場合がある)。調査依頼: 静岡国道事務所 管理第二課 静国-管二-01 資材番号 66。調査区分: 資材Ａ①。材工区分: 材料費・現場持込。単価適用地域: 局管内。報告月: R8.6.4。消費税の扱いは原本に記載なし。geo_code は原本の県名欄(調査を依頼した事務所の県)
90ac0a3a9b20670d,JP,material,特別調査（資材単価） 静岡国道事務所 管理第二課,デリネーター,ロードセパレータ取付用防塵型 φ１００,組,bureau_area,,,局管内,静国-管二-01#67,,7520,JPY,special_survey_price,published_pdl,,,2026-06-04,,cbr-tokuchou-shizai-r8-09-shizuoka,list_r8.09_shizai_静岡国道.pdf p.5,https://www.cbr.mlit.go.jp/architecture/kensetsugijutsu/unit_price/zip/r08/list_r8.09_shizai_shizuoka.zip,PDL1.0,,中部地整の事務所が工事ごとに行った特別調査の報告価格(予定価格の積算に用いたもの。原本の頁の説明: 施工地域、時期、現場条件が異なる場合、単価が異なる場合がある)。調査依頼: 静岡国道事務所 管理第二課 静国-管二-01 資材番号 67。調査区分: 資材Ａ①。材工区分: 材料費・現場持込。単価適用地域: 局管内。報告月: R8.6.4。消費税の扱いは原本に記載なし。geo_code は原本の県名欄(調査を依頼した事務所の県)
ba51a2e8cfd62a05,JP,material,特別調査（資材単価） 静岡国道事務所 管理第二課,デリネーター,傾倒式防塵デリネーターφ34×2t×570 片面φ100 二段,本,bureau_area,,,局管内,静国-管二-01#68,,15200,JPY,special_survey_price,published_pdl,,,2026-06-04,,cbr-tokuchou-shizai-r8-09-shizuoka,list_r8.09_shizai_静岡国道.pdf p.5,https://www.cbr.mlit.go.jp/architecture/kensetsugijutsu/unit_price/zip/r08/list_r8.09_shizai_shizuoka.zip,PDL1.0,,中部地整の事務所が工事ごとに行った特別調査の報告価格(予定価格の積算に用いたもの。原本の頁の説明: 施工地域、時期、現場条件が異なる場合、単価が異なる場合がある)。調査依頼: 静岡国道事務所 管理第二課 静国-管二-01 資材番号 68。調査区分: No67に含む。材工区分: 材料費・現場持込。単価適用地域: 局管内。報告月: R8.6.4。消費税の扱いは原本に記載なし。geo_code は原本の県名欄(調査を依頼した事務所の県)
5501309853392a33,JP,material,特別調査（資材単価） 静岡国道事務所 管理第二課,デリネーター,土中建込用 片面 φ１００景観配慮型,本,bureau_area,,,局管内,静国-管二-01#69,,4920,JPY,special_survey_price,published_pdl,,,2026-06-04,,cbr-tokuchou-shizai-r8-09-shizuoka,list_r8.09_shizai_静岡国道.pdf p.5,https://www.cbr.mlit.go.jp/architecture/kensetsugijutsu/unit_price/zip/r08/list_r8.09_shizai_shizuoka.zip,PDL1.0,,中部地整の事務所が工事ごとに行った特別調査の報告価格(予定価格の積算に用いたもの。原本の頁の説明: 施工地域、時期、現場条件が異なる場合、単価が異なる場合がある)。調査依頼: 静岡国道事務所 管理第二課 静国-管二-01 資材番号 69。調査区分: No67に含む。材工区分: 材料費・現場持込。単価適用地域: 局管内。報告月: R8.6.4。消費税の扱いは原本に記載なし。geo_code は原本の県名欄(調査を依頼した事務所の県)
4763eaa237204c61,JP,material,特別調査（資材単価） 静岡国道事務所 管理第二課,デリネーター,土中建込用 両面 φ１００景観配慮型,本,bureau_area,,,局管内,静国-管二-01#70,,5640,JPY,special_survey_price,published_pdl,,,2026-06-04,,cbr-tokuchou-shizai-r8-09-shizuoka,list_r8.09_shizai_静岡国道.pdf p.5,https://www.cbr.mlit.go.jp/architecture/kensetsugijutsu/unit_price/zip/r08/list_r8.09_shizai_shizuoka.zip,PDL1.0,,中部地整の事務所が工事ごとに行った特別調査の報告価格(予定価格の積算に用いたもの。原本の頁の説明: 施工地域、時期、現場条件が異なる場合、単価が異なる場合がある)。調査依頼: 静岡国道事務所 管理第二課 静国-管二-01 資材番号 70。調査区分: No67に含む。材工区分: 材料費・現場持込。単価適用地域: 局管内。報告月: R8.6.4。消費税の扱いは原本に記載なし。geo_code は原本の県名欄(調査を依頼した事務所の県)
acf3b60a1badde4a,JP,material,特別調査（資材単価） 静岡国道事務所 管理第二課,デリネーター,土中建込用 防塵型片面φ１００ 景観配慮型,本,bureau_area,,,局管内,静国-管二-01#71,,6440,JPY,special_survey_price,published_pdl,,,2026-06-04,,cbr-tokuchou-shizai-r8-09-shizuoka,list_r8.09_shizai_静岡国道.pdf p.5,https://www.cbr.mlit.go.jp/architecture/kensetsugijutsu/unit_price/zip/r08/list_r8.09_shizai_shizuoka.zip,PDL1.0,,中部地整の事務所が工事ごとに行った特別調査の報告価格(予定価格の積算に用いたもの。原本の頁の説明: 施工地域、時期、現場条件が異なる場合、単価が異なる場合がある)。調査依頼: 静岡国道事務所 管理第二課 静国-管二-01 資材番号 71。調査区分: No67に含む。材工区分: 材料費・現場持込。単価適用地域: 局管内。報告月: R8.6.4。消費税の扱いは原本に記載なし。geo_code は原本の県名欄(調査を依頼した事務所の県)
87d54d5468e87096,JP,material,特別調査（資材単価） 静岡国道事務所 管理第二課,デリネーター,土中建込用 防塵型両面φ１００ 景観配慮型,本,bureau_area,,,局管内,静国-管二-01#72,,8680,JPY,special_survey_price,published_pdl,,,2026-06-04,,cbr-tokuchou-shizai-r8-09-shizuoka,list_r8.09_shizai_静岡国道.pdf p.5,https://www.cbr.mlit.go.jp/architecture/kensetsugijutsu/unit_price/zip/r08/list_r8.09_shizai_shizuoka.zip,PDL1.0,,中部地整の事務所が工事ごとに行った特別調査の報告価格(予定価格の積算に用いたもの。原本の頁の説明: 施工地域、時期、現場条件が異なる場合、単価が異なる場合がある)。調査依頼: 静岡国道事務所 管理第二課 静国-管二-01 資材番号 72。調査区分: No67に含む。材工区分: 材料費・現場持込。単価適用地域: 局管内。報告月: R8.6.4。消費税の扱いは原本に記載なし。geo_code は原本の県名欄(調査を依頼した事務所の県)
f9cdae1213449b38,JP,material,特別調査（資材単価） 静岡国道事務所 管理第二課,デリネーター,防護柵取付用 片面φ１００景観配慮型,本,bureau_area,,,局管内,静国-管二-01#73,,5000,JPY,special_survey_price,published_pdl,,,2026-06-04,,cbr-tokuchou-shizai-r8-09-shizuoka,list_r8.09_shizai_静岡国道.pdf p.5,https://www.cbr.mlit.go.jp/architecture/kensetsugijutsu/unit_price/zip/r08/list_r8.09_shizai_shizuoka.zip,PDL1.0,,中部地整の事務所が工事ごとに行った特別調査の報告価格(予定価格の積算に用いたもの。原本の頁の説明: 施工地域、時期、現場条件が異なる場合、単価が異なる場合がある)。調査依頼: 静岡国道事務所 管理第二課 静国-管二-01 資材番号 73。調査区分: No67に含む。材工区分: 材料費・現場持込。単価適用地域: 局管内。報告月: R8.6.4。消費税の扱いは原本に記載なし。geo_code は原本の県名欄(調査を依頼した事務所の県)
892e5e9f97874118,JP,material,特別調査（資材単価） 静岡国道事務所 管理第二課,デリネーター,防護柵取付用 両面φ１００景観配慮型,本,bureau_area,,,局管内,静国-管二-01#74,,5720,JPY,special_survey_price,published_pdl,,,2026-06-04,,cbr-tokuchou-shizai-r8-09-shizuoka,list_r8.09_shizai_静岡国道.pdf p.5,https://www.cbr.mlit.go.jp/architecture/kensetsugijutsu/unit_price/zip/r08/list_r8.09_shizai_shizuoka.zip,PDL1.0,,中部地整の事務所が工事ごとに行った特別調査の報告価格(予定価格の積算に用いたもの。原本の頁の説明: 施工地域、時期、現場条件が異なる場合、単価が異なる場合がある)。調査依頼: 静岡国道事務所 管理第二課 静国-管二-01 資材番号 74。調査区分: No67に含む。材工区分: 材料費・現場持込。単価適用地域: 局管内。報告月: R8.6.4。消費税の扱いは原本に記載なし。geo_code は原本の県名欄(調査を依頼した事務所の県)
d593fec871ad9443,JP,material,特別調査（資材単価） 静岡国道事務所 管理第二課,距離標 Ｕバンド,補助取付金具両面用Ｕバンド,組,bureau_area,,,局管内,静国-管二-01#81,,3500,JPY,special_survey_price,published_pdl,,,2026-06-04,,cbr-tokuchou-shizai-r8-09-shizuoka,list_r8.09_shizai_静岡国道.pdf p.5,https://www.cbr.mlit.go.jp/architecture/kensetsugijutsu/unit_price/zip/r08/list_r8.09_shizai_shizuoka.zip,PDL1.0,,中部地整の事務所が工事ごとに行った特別調査の報告価格(予定価格の積算に用いたもの。原本の頁の説明: 施工地域、時期、現場条件が異なる場合、単価が異なる場合がある)。調査依頼: 静岡国道事務所 管理第二課 静国-管二-01 資材番号 81。調査区分: 資材Ａ①。材工区分: 材料費・現場持込。単価適用地域: 局管内。報告月: R8.6.4。消費税の扱いは原本に記載なし。geo_code は原本の県名欄(調査を依頼した事務所の県)
726eec24d81cc24d,JP,material,特別調査（資材単価） 静岡国道事務所 管理第二課,距離標板,カプセルレンズ型 １６０×３００,枚,bureau_area,,,局管内,静国-管二-01#82,,3870,JPY,special_survey_price,published_pdl,,,2026-06-04,,cbr-tokuchou-shizai-r8-09-shizuoka,list_r8.09_shizai_静岡国道.pdf p.5,https://www.cbr.mlit.go.jp/architecture/kensetsugijutsu/unit_price/zip/r08/list_r8.09_shizai_shizuoka.zip,PDL1.0,,中部地整の事務所が工事ごとに行った特別調査の報告価格(予定価格の積算に用いたもの。原本の頁の説明: 施工地域、時期、現場条件が異なる場合、単価が異なる場合がある)。調査依頼: 静岡国道事務所 管理第二課 静国-管二-01 資材番号 82。調査区分: 資材Ａ①。材工区分: 材料費・現場持込。単価適用地域: 局管内。報告月: R8.6.4。消費税の扱いは原本に記載なし。geo_code は原本の県名欄(調査を依頼した事務所の県)
9c87c7ab8b538dc4,JP,material,特別調査（資材単価） 静岡国道事務所 管理第二課,距離標板,プリズムレンズ型 ２８０×１５０,枚,bureau_area,,,局管内,静国-管二-01#83,,6130,JPY,special_survey_price,published_pdl,,,2026-06-04,,cbr-tokuchou-shizai-r8-09-shizuoka,list_r8.09_shizai_静岡国道.pdf p.5,https://www.cbr.mlit.go.jp/architecture/kensetsugijutsu/unit_price/zip/r08/list_r8.09_shizai_shizuoka.zip,PDL1.0,,中部地整の事務所が工事ごとに行った特別調査の報告価格(予定価格の積算に用いたもの。原本の頁の説明: 施工地域、時期、現場条件が異なる場合、単価が異なる場合がある)。調査依頼: 静岡国道事務所 管理第二課 静国-管二-01 資材番号 83。調査区分: No82に含む。材工区分: 材料費・現場持込。単価適用地域: 局管内。報告月: R8.6.4。消費税の扱いは原本に記載なし。geo_code は原本の県名欄(調査を依頼した事務所の県)
c872a8b350ea2823,JP,material,特別調査（資材単価） 静岡国道事務所 管理第二課,距離標柱,単柱 亜鉛メッキ(材料のみ φ60.5×2.3×1600),本,bureau_area,,,局管内,静国-管二-01#84,,5080,JPY,special_survey_price,published_pdl,,,2026-06-04,,cbr-tokuchou-shizai-r8-09-shizuoka,list_r8.09_shizai_静岡国道.pdf p.6,https://www.cbr.mlit.go.jp/architecture/kensetsugijutsu/unit_price/zip/r08/list_r8.09_shizai_shizuoka.zip,PDL1.0,,中部地整の事務所が工事ごとに行った特別調査の報告価格(予定価格の積算に用いたもの。原本の頁の説明: 施工地域、時期、現場条件が異なる場合、単価が異なる場合がある)。調査依頼: 静岡国道事務所 管理第二課 静国-管二-01 資材番号 84。調査区分: 資材Ａ①。材工区分: 材料費・現場持込。単価適用地域: 局管内。報告月: R8.6.4。消費税の扱いは原本に記載なし。geo_code は原本の県名欄(調査を依頼した事務所の県)
d31f96c65f23c62e,JP,material,特別調査（資材単価） 静岡国道事務所 管理第二課,距離標柱,単柱 亜鉛メッキ(材料のみ φ60.5×2.3×750),本,bureau_area,,,局管内,静国-管二-01#85,,2390,JPY,special_survey_price,published_pdl,,,2026-06-04,,cbr-tokuchou-shizai-r8-09-shizuoka,list_r8.09_shizai_静岡国道.pdf p.6,https://www.cbr.mlit.go.jp/architecture/kensetsugijutsu/unit_price/zip/r08/list_r8.09_shizai_shizuoka.zip,PDL1.0,,中部地整の事務所が工事ごとに行った特別調査の報告価格(予定価格の積算に用いたもの。原本の頁の説明: 施工地域、時期、現場条件が異なる場合、単価が異なる場合がある)。調査依頼: 静岡国道事務所 管理第二課 静国-管二-01 資材番号 85。調査区分: No84に含む。材工区分: 材料費・現場持込。単価適用地域: 局管内。報告月: R8.6.4。消費税の扱いは原本に記載なし。geo_code は原本の県名欄(調査を依頼した事務所の県)
6bc052a25bfd3f4c,JP,material,特別調査（資材単価） 静岡国道事務所 管理第二課,ハンドホール用蓋,Ｔ－２５－Ｗ５（回転式）歩道用 蓋のみ,枚,pref,22,静岡県,事務所管内,静国-管二-01#86,,172000,JPY,special_survey_price,published_pdl,,,2026-06-04,,cbr-tokuchou-shizai-r8-09-shizuoka,list_r8.09_shizai_静岡国道.pdf p.6,https://www.cbr.mlit.go.jp/architecture/kensetsugijutsu/unit_price/zip/r08/list_r8.09_shizai_shizuoka.zip,PDL1.0,,中部地整の事務所が工事ごとに行った特別調査の報告価格(予定価格の積算に用いたもの。原本の頁の説明: 施工地域、時期、現場条件が異なる場合、単価が異なる場合がある)。調査依頼: 静岡国道事務所 管理第二課 静国-管二-01 資材番号 86。調査区分: 資材Ａ①。材工区分: 材料費・現場持込。単価適用地域: 事務所管内。報告月: R8.6.4。消費税の扱いは原本に記載なし。geo_code は原本の県名欄(調査を依頼した事務所の県)
b010005399fcb72f,JP,material,特別調査（資材単価） 静岡国道事務所 管理第二課,ハンドホール用蓋,Ｔ－６（φ６００） 蓋のみ,枚,pref,22,静岡県,事務所管内,静国-管二-01#87,,71400,JPY,special_survey_price,published_pdl,,,2026-06-04,,cbr-tokuchou-shizai-r8-09-shizuoka,list_r8.09_shizai_静岡国道.pdf p.6,https://www.cbr.mlit.go.jp/architecture/kensetsugijutsu/unit_price/zip/r08/list_r8.09_shizai_shizuoka.zip,PDL1.0,,中部地整の事務所が工事ごとに行った特別調査の報告価格(予定価格の積算に用いたもの。原本の頁の説明: 施工地域、時期、現場条件が異なる場合、単価が異なる場合がある)。調査依頼: 静岡国道事務所 管理第二課 静国-管二-01 資材番号 87。調査区分: No86に含む。材工区分: 材料費・現場持込。単価適用地域: 事務所管内。報告月: R8.6.4。消費税の扱いは原本に記載なし。geo_code は原本の県名欄(調査を依頼した事務所の県)
f359318d1165dc8c,JP,material,特別調査（資材単価） 静岡国道事務所 管理第二課,土系舗装材,エコクリーンソイル同等品以上(25kg/袋),kg,bureau_area,,,局管内,静国-管二-01#89,,76,JPY,special_survey_price,published_pdl,,,2026-06-04,,cbr-tokuchou-shizai-r8-09-shizuoka,list_r8.09_shizai_静岡国道.pdf p.6,https://www.cbr.mlit.go.jp/architecture/kensetsugijutsu/unit_price/zip/r08/list_r8.09_shizai_shizuoka.zip,PDL1.0,,中部地整の事務所が工事ごとに行った特別調査の報告価格(予定価格の積算に用いたもの。原本の頁の説明: 施工地域、時期、現場条件が異なる場合、単価が異なる場合がある)。調査依頼: 静岡国道事務所 管理第二課 静国-管二-01 資材番号 89。調査区分: 資材Ａ①。材工区分: 材料費・現場持込。単価適用地域: 局管内。報告月: R8.6.4。消費税の扱いは原本に記載なし。geo_code は原本の県名欄(調査を依頼した事務所の県)
5db0f5b5ee7ee23d,JP,material,特別調査（資材単価） 静岡国道事務所 管理第二課,軽量ポリマーセメントモルタル,左官工法用(コテ塗り),m3,bureau_area,,,局管内,静国-管二-01#90,,576000,JPY,special_survey_price,published_pdl,,,2026-06-04,,cbr-tokuchou-shizai-r8-09-shizuoka,list_r8.09_shizai_静岡国道.pdf p.6,https://www.cbr.mlit.go.jp/architecture/kensetsugijutsu/unit_price/zip/r08/list_r8.09_shizai_shizuoka.zip,PDL1.0,,中部地整の事務所が工事ごとに行った特別調査の報告価格(予定価格の積算に用いたもの。原本の頁の説明: 施工地域、時期、現場条件が異なる場合、単価が異なる場合がある)。調査依頼: 静岡国道事務所 管理第二課 静国-管二-01 資材番号 90。調査区分: 資材Ｂ①。材工区分: 材料費・現場持込。単価適用地域: 局管内。報告月: R8.6.4。消費税の扱いは原本に記載なし。geo_code は原本の県名欄(調査を依頼した事務所の県)
fa19e566c0c2458c,JP,material,特別調査（資材単価） 静岡国道事務所 管理第二課,Ｕ型ピン,φ４ｍｍ×Ｌ２３０,本,bureau_area,,,局管内,静国-管二-01#91,,36,JPY,special_survey_price,published_pdl,,,2026-06-04,,cbr-tokuchou-shizai-r8-09-shizuoka,list_r8.09_shizai_静岡国道.pdf p.6,https://www.cbr.mlit.go.jp/architecture/kensetsugijutsu/unit_price/zip/r08/list_r8.09_shizai_shizuoka.zip,PDL1.0,,中部地整の事務所が工事ごとに行った特別調査の報告価格(予定価格の積算に用いたもの。原本の頁の説明: 施工地域、時期、現場条件が異なる場合、単価が異なる場合がある)。調査依頼: 静岡国道事務所 管理第二課 静国-管二-01 資材番号 91。調査区分: 資材Ａ①。材工区分: 材料費・現場持込。単価適用地域: 局管内。報告月: R8.6.4。消費税の扱いは原本に記載なし。geo_code は原本の県名欄(調査を依頼した事務所の県)
80849df5cf793c51,JP,material,特別調査（資材単価） 静岡国道事務所 管理第二課,ワッシャー,（JG-80）,個,bureau_area,,,局管内,静国-管二-01#92,,30,JPY,special_survey_price,published_pdl,,,2026-06-04,,cbr-tokuchou-shizai-r8-09-shizuoka,list_r8.09_shizai_静岡国道.pdf p.6,https://www.cbr.mlit.go.jp/architecture/kensetsugijutsu/unit_price/zip/r08/list_r8.09_shizai_shizuoka.zip,PDL1.0,,中部地整の事務所が工事ごとに行った特別調査の報告価格(予定価格の積算に用いたもの。原本の頁の説明: 施工地域、時期、現場条件が異なる場合、単価が異なる場合がある)。調査依頼: 静岡国道事務所 管理第二課 静国-管二-01 資材番号 92。調査区分: 資材Ａ①。材工区分: 材料費・現場持込。単価適用地域: 局管内。報告月: R8.6.4。消費税の扱いは原本に記載なし。geo_code は原本の県名欄(調査を依頼した事務所の県)
88fff052afa6bdcc,JP,material,特別調査（資材単価） 静岡国道事務所 管理第二課,貼付式防草材,ボーソーシールＴＣ－１０同等品以上,ｍ,bureau_area,,,局管内,静国-管二-01#95,,1380,JPY,special_survey_price,published_pdl,,,2026-06-04,,cbr-tokuchou-shizai-r8-09-shizuoka,list_r8.09_shizai_静岡国道.pdf p.6,https://www.cbr.mlit.go.jp/architecture/kensetsugijutsu/unit_price/zip/r08/list_r8.09_shizai_shizuoka.zip,PDL1.0,,中部地整の事務所が工事ごとに行った特別調査の報告価格(予定価格の積算に用いたもの。原本の頁の説明: 施工地域、時期、現場条件が異なる場合、単価が異なる場合がある)。調査依頼: 静岡国道事務所 管理第二課 静国-管二-01 資材番号 95。調査区分: 資材Ａ①。材工区分: 材料費・現場持込。単価適用地域: 局管内。報告月: R8.6.4。消費税の扱いは原本に記載なし。geo_code は原本の県名欄(調査を依頼した事務所の県)
43345abe37dd2490,JP,material,特別調査（資材単価） 静岡国道事務所 管理第二課,接着剤,ボーソーボンド 同等品以上,本,bureau_area,,,局管内,静国-管二-01#97,,1400,JPY,special_survey_price,published_pdl,,,2026-06-04,,cbr-tokuchou-shizai-r8-09-shizuoka,list_r8.09_shizai_静岡国道.pdf p.6,https://www.cbr.mlit.go.jp/architecture/kensetsugijutsu/unit_price/zip/r08/list_r8.09_shizai_shizuoka.zip,PDL1.0,,中部地整の事務所が工事ごとに行った特別調査の報告価格(予定価格の積算に用いたもの。原本の頁の説明: 施工地域、時期、現場条件が異なる場合、単価が異なる場合がある)。調査依頼: 静岡国道事務所 管理第二課 静国-管二-01 資材番号 97。調査区分: 資材Ａ①。材工区分: 材料費・現場持込。単価適用地域: 局管内。報告月: R8.6.4。消費税の扱いは原本に記載なし。geo_code は原本の県名欄(調査を依頼した事務所の県)
034d3320aa815f9c,JP,material,特別調査（資材単価） 静岡国道事務所 管理第二課,袖レール用反射テープ）,黄色 １２０×２５０,枚,bureau_area,,,局管内,静国-管二-01#99,,490,JPY,special_survey_price,published_pdl,,,2026-06-04,,cbr-tokuchou-shizai-r8-09-shizuoka,list_r8.09_shizai_静岡国道.pdf p.6,https://www.cbr.mlit.go.jp/architecture/kensetsugijutsu/unit_price/zip/r08/list_r8.09_shizai_shizuoka.zip,PDL1.0,,中部地整の事務所が工事ごとに行った特別調査の報告価格(予定価格の積算に用いたもの。原本の頁の説明: 施工地域、時期、現場条件が異なる場合、単価が異なる場合がある)。調査依頼: 静岡国道事務所 管理第二課 静国-管二-01 資材番号 99。調査区分: 資材Ａ①。材工区分: 材料費・現場持込。単価適用地域: 局管内。報告月: R8.6.4。消費税の扱いは原本に記載なし。geo_code は原本の県名欄(調査を依頼した事務所の県)
fb8978f6c657eab6,JP,material,特別調査（資材単価） 静岡国道事務所 管理第二課,油吸着材,ＡＣライト同等品以上(10kg/袋),ｋｇ,bureau_area,,,局管内,静国-管二-01#100,,432,JPY,special_survey_price,published_pdl,,,2026-06-04,,cbr-tokuchou-shizai-r8-09-shizuoka,list_r8.09_shizai_静岡国道.pdf p.6,https://www.cbr.mlit.go.jp/architecture/kensetsugijutsu/unit_price/zip/r08/list_r8.09_shizai_shizuoka.zip,PDL1.0,,中部地整の事務所が工事ごとに行った特別調査の報告価格(予定価格の積算に用いたもの。原本の頁の説明: 施工地域、時期、現場条件が異なる場合、単価が異なる場合がある)。調査依頼: 静岡国道事務所 管理第二課 静国-管二-01 資材番号 100。調査区分: 資材Ａ①。材工区分: 材料費・現場持込。単価適用地域: 局管内。報告月: R8.6.4。消費税の扱いは原本に記載なし。geo_code は原本の県名欄(調査を依頼した事務所の県)
ba086209af9e48f0,JP,material,特別調査（資材単価） 静岡国道事務所 管理第二課,落書消し剤,アレスセラマイルドグロスTN-80同等品以上,ｋｇ,bureau_area,,,局管内,静国-管二-01#101,,970,JPY,special_survey_price,published_pdl,,,2026-06-04,,cbr-tokuchou-shizai-r8-09-shizuoka,list_r8.09_shizai_静岡国道.pdf p.6,https://www.cbr.mlit.go.jp/architecture/kensetsugijutsu/unit_price/zip/r08/list_r8.09_shizai_shizuoka.zip,PDL1.0,,中部地整の事務所が工事ごとに行った特別調査の報告価格(予定価格の積算に用いたもの。原本の頁の説明: 施工地域、時期、現場条件が異なる場合、単価が異なる場合がある)。調査依頼: 静岡国道事務所 管理第二課 静国-管二-01 資材番号 101。調査区分: 資材Ａ①。材工区分: 材料費・現場持込。単価適用地域: 局管内。報告月: R8.6.4。消費税の扱いは原本に記載なし。geo_code は原本の県名欄(調査を依頼した事務所の県)
6b2a4d540d978829,JP,material,特別調査（資材単価） 静岡国道事務所 管理第二課,塗布式防草材,ウィードコート主剤同等品以上,ｋｇ,bureau_area,,,局管内,静国-管二-01#102,,1790,JPY,special_survey_price,published_pdl,,,2026-06-04,,cbr-tokuchou-shizai-r8-09-shizuoka,list_r8.09_shizai_静岡国道.pdf p.6,https://www.cbr.mlit.go.jp/architecture/kensetsugijutsu/unit_price/zip/r08/list_r8.09_shizai_shizuoka.zip,PDL1.0,,中部地整の事務所が工事ごとに行った特別調査の報告価格(予定価格の積算に用いたもの。原本の頁の説明: 施工地域、時期、現場条件が異なる場合、単価が異なる場合がある)。調査依頼: 静岡国道事務所 管理第二課 静国-管二-01 資材番号 102。調査区分: 資材Ａ①。材工区分: 材料費・現場持込。単価適用地域: 局管内。報告月: R8.6.4。消費税の扱いは原本に記載なし。geo_code は原本の県名欄(調査を依頼した事務所の県)
673d842b9d81af30,JP,material,特別調査（資材単価） 静岡国道事務所 管理第二課,塗布式防草材,ウィードコート硬化剤同等品以上,ｋｇ,bureau_area,,,局管内,静国-管二-01#103,,1610,JPY,special_survey_price,published_pdl,,,2026-06-04,,cbr-tokuchou-shizai-r8-09-shizuoka,list_r8.09_shizai_静岡国道.pdf p.6,https://www.cbr.mlit.go.jp/architecture/kensetsugijutsu/unit_price/zip/r08/list_r8.09_shizai_shizuoka.zip,PDL1.0,,中部地整の事務所が工事ごとに行った特別調査の報告価格(予定価格の積算に用いたもの。原本の頁の説明: 施工地域、時期、現場条件が異なる場合、単価が異なる場合がある)。調査依頼: 静岡国道事務所 管理第二課 静国-管二-01 資材番号 103。調査区分: No102に含む。材工区分: 材料費・現場持込。単価適用地域: 局管内。報告月: R8.6.4。消費税の扱いは原本に記載なし。geo_code は原本の県名欄(調査を依頼した事務所の県)
6fe54c02ac871555,JP,material,特別調査（資材単価） 静岡国道事務所 管理第二課,塗布式防草材,ウィードコート同等品以上,ｋｇ,bureau_area,,,局管内,静国-管二-01#104,,590,JPY,special_survey_price,published_pdl,,,2026-06-04,,cbr-tokuchou-shizai-r8-09-shizuoka,list_r8.09_shizai_静岡国道.pdf p.6,https://www.cbr.mlit.go.jp/architecture/kensetsugijutsu/unit_price/zip/r08/list_r8.09_shizai_shizuoka.zip,PDL1.0,,中部地整の事務所が工事ごとに行った特別調査の報告価格(予定価格の積算に用いたもの。原本の頁の説明: 施工地域、時期、現場条件が異なる場合、単価が異なる場合がある)。調査依頼: 静岡国道事務所 管理第二課 静国-管二-01 資材番号 104。調査区分: No102に含む。材工区分: 材料費・現場持込。単価適用地域: 局管内。報告月: R8.6.4。消費税の扱いは原本に記載なし。geo_code は原本の県名欄(調査を依頼した事務所の県)
fd8d683e5c9da7ac,JP,material,特別調査（資材単価） 静岡国道事務所 管理第二課,側溝蓋,（場所打ちＵ型側溝）Ｃ１ーＢ３００,枚,pref,22,静岡県,事務所管内,静国-管二-01#105,,4640,JPY,special_survey_price,published_pdl,,,2026-06-04,,cbr-tokuchou-shizai-r8-09-shizuoka,list_r8.09_shizai_静岡国道.pdf p.6,https://www.cbr.mlit.go.jp/architecture/kensetsugijutsu/unit_price/zip/r08/list_r8.09_shizai_shizuoka.zip,PDL1.0,,中部地整の事務所が工事ごとに行った特別調査の報告価格(予定価格の積算に用いたもの。原本の頁の説明: 施工地域、時期、現場条件が異なる場合、単価が異なる場合がある)。調査依頼: 静岡国道事務所 管理第二課 静国-管二-01 資材番号 105。調査区分: 資材Ａ①。材工区分: 材料費・現場持込。単価適用地域: 事務所管内。報告月: R8.6.4。消費税の扱いは原本に記載なし。geo_code は原本の県名欄(調査を依頼した事務所の県)
0866e30530bc9b62,JP,material,特別調査（資材単価） 静岡国道事務所 管理第二課,側溝蓋,（場所打ちＵ型側溝）Ｃ２－Ｂ３００,枚,pref,22,静岡県,事務所管内,静国-管二-01#106,,5320,JPY,special_survey_price,published_pdl,,,2026-06-04,,cbr-tokuchou-shizai-r8-09-shizuoka,list_r8.09_shizai_静岡国道.pdf p.7,https://www.cbr.mlit.go.jp/architecture/kensetsugijutsu/unit_price/zip/r08/list_r8.09_shizai_shizuoka.zip,PDL1.0,,中部地整の事務所が工事ごとに行った特別調査の報告価格(予定価格の積算に用いたもの。原本の頁の説明: 施工地域、時期、現場条件が異なる場合、単価が異なる場合がある)。調査依頼: 静岡国道事務所 管理第二課 静国-管二-01 資材番号 106。調査区分: No105に含む。材工区分: 材料費・現場持込。単価適用地域: 事務所管内。報告月: R8.6.4。消費税の扱いは原本に記載なし。geo_code は原本の県名欄(調査を依頼した事務所の県)
36dcc8b11d75c23a,JP,material,特別調査（資材単価） 静岡国道事務所 管理第二課,側溝蓋,（場所打ちＵ型側溝）Ｃ２－Ｂ４００,枚,pref,22,静岡県,事務所管内,静国-管二-01#107,,7230,JPY,special_survey_price,published_pdl,,,2026-06-04,,cbr-tokuchou-shizai-r8-09-shizuoka,list_r8.09_shizai_静岡国道.pdf p.7,https://www.cbr.mlit.go.jp/architecture/kensetsugijutsu/unit_price/zip/r08/list_r8.09_shizai_shizuoka.zip,PDL1.0,,中部地整の事務所が工事ごとに行った特別調査の報告価格(予定価格の積算に用いたもの。原本の頁の説明: 施工地域、時期、現場条件が異なる場合、単価が異なる場合がある)。調査依頼: 静岡国道事務所 管理第二課 静国-管二-01 資材番号 107。調査区分: No105に含む。材工区分: 材料費・現場持込。単価適用地域: 事務所管内。報告月: R8.6.4。消費税の扱いは原本に記載なし。geo_code は原本の県名欄(調査を依頼した事務所の県)
24c94c1e12fd5511,JP,material,特別調査（資材単価） 静岡国道事務所 管理第二課,高濃度凝集剤,ハイパーフロックＮ同等品以上,kg,bureau_area,,,局管内,静国-管二-01#108,,2400,JPY,special_survey_price,published_pdl,,,2026-06-04,,cbr-tokuchou-shizai-r8-09-shizuoka,list_r8.09_shizai_静岡国道.pdf p.7,https://www.cbr.mlit.go.jp/architecture/kensetsugijutsu/unit_price/zip/r08/list_r8.09_shizai_shizuoka.zip,PDL1.0,,中部地整の事務所が工事ごとに行った特別調査の報告価格(予定価格の積算に用いたもの。原本の頁の説明: 施工地域、時期、現場条件が異なる場合、単価が異なる場合がある)。調査依頼: 静岡国道事務所 管理第二課 静国-管二-01 資材番号 108。調査区分: 資材Ａ①。材工区分: 材料費・現場持込。単価適用地域: 局管内。報告月: R8.6.4。消費税の扱いは原本に記載なし。geo_code は原本の県名欄(調査を依頼した事務所の県)
