obs_id,country,layer,category,item_name,spec,unit,geo_level,geo_code,geo_name,area_label,area_code,area_members,price,currency,price_basis,price_status,ref_value,ref_note,period,effective_from,source_id,source_page,evidence_url,license,jccdb_v4_item_id,note
a2587db219163690,JP,material,骨材,砂,クッション用,ｍ３,bureau_area,47,沖縄県,北部１,,,4900,JPY,design_unit_price_ex_tax,published_pdl,,,2026-10,,ogb-zairyo-r8-10,7,https://www.ogb.go.jp/-/media/Files/OGB/Kaiken/kyoku/about/gikan/sekisan_roumushizai/roumu_shizai/R08/PDF_R0810_roumu_shizai_kensetu_1.pdf,PDL1.0,,沖縄総合事務局開発建設部が市場取引価格を調査して設定した単価(物価資料に載っているものは載せていない)。消費税の扱いは表に明記なし(国の積算の材料単価は税抜き)。
a665f845227913ac,JP,material,骨材,砂,クッション用,ｍ３,bureau_area,47,沖縄県,北部２,,,4750,JPY,design_unit_price_ex_tax,published_pdl,,,2026-10,,ogb-zairyo-r8-10,7,https://www.ogb.go.jp/-/media/Files/OGB/Kaiken/kyoku/about/gikan/sekisan_roumushizai/roumu_shizai/R08/PDF_R0810_roumu_shizai_kensetu_1.pdf,PDL1.0,,沖縄総合事務局開発建設部が市場取引価格を調査して設定した単価(物価資料に載っているものは載せていない)。消費税の扱いは表に明記なし(国の積算の材料単価は税抜き)。
dcb89f738622825e,JP,material,骨材,砂,クッション用,ｍ３,bureau_area,47,沖縄県,北部３,,,4400,JPY,design_unit_price_ex_tax,published_pdl,,,2026-10,,ogb-zairyo-r8-10,7,https://www.ogb.go.jp/-/media/Files/OGB/Kaiken/kyoku/about/gikan/sekisan_roumushizai/roumu_shizai/R08/PDF_R0810_roumu_shizai_kensetu_1.pdf,PDL1.0,,沖縄総合事務局開発建設部が市場取引価格を調査して設定した単価(物価資料に載っているものは載せていない)。消費税の扱いは表に明記なし(国の積算の材料単価は税抜き)。
6926dd1a72c2fdf4,JP,material,骨材,砂,クッション用,ｍ３,bureau_area,47,沖縄県,北部４,,,4050,JPY,design_unit_price_ex_tax,published_pdl,,,2026-10,,ogb-zairyo-r8-10,7,https://www.ogb.go.jp/-/media/Files/OGB/Kaiken/kyoku/about/gikan/sekisan_roumushizai/roumu_shizai/R08/PDF_R0810_roumu_shizai_kensetu_1.pdf,PDL1.0,,沖縄総合事務局開発建設部が市場取引価格を調査して設定した単価(物価資料に載っているものは載せていない)。消費税の扱いは表に明記なし(国の積算の材料単価は税抜き)。
c7cd3335d1345ae7,JP,material,骨材,砂,クッション用,ｍ３,bureau_area,47,沖縄県,北部５,,,4250,JPY,design_unit_price_ex_tax,published_pdl,,,2026-10,,ogb-zairyo-r8-10,7,https://www.ogb.go.jp/-/media/Files/OGB/Kaiken/kyoku/about/gikan/sekisan_roumushizai/roumu_shizai/R08/PDF_R0810_roumu_shizai_kensetu_1.pdf,PDL1.0,,沖縄総合事務局開発建設部が市場取引価格を調査して設定した単価(物価資料に載っているものは載せていない)。消費税の扱いは表に明記なし(国の積算の材料単価は税抜き)。
062fa1677d2081ae,JP,material,骨材,砂,クッション用,ｍ３,bureau_area,47,沖縄県,中部１,,,4000,JPY,design_unit_price_ex_tax,published_pdl,,,2026-10,,ogb-zairyo-r8-10,7,https://www.ogb.go.jp/-/media/Files/OGB/Kaiken/kyoku/about/gikan/sekisan_roumushizai/roumu_shizai/R08/PDF_R0810_roumu_shizai_kensetu_1.pdf,PDL1.0,,沖縄総合事務局開発建設部が市場取引価格を調査して設定した単価(物価資料に載っているものは載せていない)。消費税の扱いは表に明記なし(国の積算の材料単価は税抜き)。
1d382ed99420c34c,JP,material,骨材,砂,クッション用,ｍ３,bureau_area,47,沖縄県,中部２,,,4050,JPY,design_unit_price_ex_tax,published_pdl,,,2026-10,,ogb-zairyo-r8-10,7,https://www.ogb.go.jp/-/media/Files/OGB/Kaiken/kyoku/about/gikan/sekisan_roumushizai/roumu_shizai/R08/PDF_R0810_roumu_shizai_kensetu_1.pdf,PDL1.0,,沖縄総合事務局開発建設部が市場取引価格を調査して設定した単価(物価資料に載っているものは載せていない)。消費税の扱いは表に明記なし(国の積算の材料単価は税抜き)。
aa68ff0668aa1e1e,JP,material,骨材,砂,クッション用,ｍ３,bureau_area,47,沖縄県,南部１,,,4150,JPY,design_unit_price_ex_tax,published_pdl,,,2026-10,,ogb-zairyo-r8-10,7,https://www.ogb.go.jp/-/media/Files/OGB/Kaiken/kyoku/about/gikan/sekisan_roumushizai/roumu_shizai/R08/PDF_R0810_roumu_shizai_kensetu_1.pdf,PDL1.0,,沖縄総合事務局開発建設部が市場取引価格を調査して設定した単価(物価資料に載っているものは載せていない)。消費税の扱いは表に明記なし(国の積算の材料単価は税抜き)。
61a4b5a01992cb10,JP,material,骨材,砂,クッション用,ｍ３,bureau_area,47,沖縄県,北部２Ｈ,,,4550,JPY,design_unit_price_ex_tax,published_pdl,,,2026-10,,ogb-zairyo-r8-10,7,https://www.ogb.go.jp/-/media/Files/OGB/Kaiken/kyoku/about/gikan/sekisan_roumushizai/roumu_shizai/R08/PDF_R0810_roumu_shizai_kensetu_1.pdf,PDL1.0,,沖縄総合事務局開発建設部が市場取引価格を調査して設定した単価(物価資料に載っているものは載せていない)。消費税の扱いは表に明記なし(国の積算の材料単価は税抜き)。
6e504b601b55bce5,JP,material,骨材,砂,埋め戻し用,ｍ３,bureau_area,47,沖縄県,北部１,,,4900,JPY,design_unit_price_ex_tax,published_pdl,,,2026-10,,ogb-zairyo-r8-10,7,https://www.ogb.go.jp/-/media/Files/OGB/Kaiken/kyoku/about/gikan/sekisan_roumushizai/roumu_shizai/R08/PDF_R0810_roumu_shizai_kensetu_1.pdf,PDL1.0,,沖縄総合事務局開発建設部が市場取引価格を調査して設定した単価(物価資料に載っているものは載せていない)。消費税の扱いは表に明記なし(国の積算の材料単価は税抜き)。
5824daaa061133b9,JP,material,骨材,砂,埋め戻し用,ｍ３,bureau_area,47,沖縄県,北部２,,,4750,JPY,design_unit_price_ex_tax,published_pdl,,,2026-10,,ogb-zairyo-r8-10,7,https://www.ogb.go.jp/-/media/Files/OGB/Kaiken/kyoku/about/gikan/sekisan_roumushizai/roumu_shizai/R08/PDF_R0810_roumu_shizai_kensetu_1.pdf,PDL1.0,,沖縄総合事務局開発建設部が市場取引価格を調査して設定した単価(物価資料に載っているものは載せていない)。消費税の扱いは表に明記なし(国の積算の材料単価は税抜き)。
33264f4d895565cf,JP,material,骨材,砂,埋め戻し用,ｍ３,bureau_area,47,沖縄県,北部３,,,4400,JPY,design_unit_price_ex_tax,published_pdl,,,2026-10,,ogb-zairyo-r8-10,7,https://www.ogb.go.jp/-/media/Files/OGB/Kaiken/kyoku/about/gikan/sekisan_roumushizai/roumu_shizai/R08/PDF_R0810_roumu_shizai_kensetu_1.pdf,PDL1.0,,沖縄総合事務局開発建設部が市場取引価格を調査して設定した単価(物価資料に載っているものは載せていない)。消費税の扱いは表に明記なし(国の積算の材料単価は税抜き)。
6bd178a9fde91ecf,JP,material,骨材,砂,埋め戻し用,ｍ３,bureau_area,47,沖縄県,北部４,,,4050,JPY,design_unit_price_ex_tax,published_pdl,,,2026-10,,ogb-zairyo-r8-10,7,https://www.ogb.go.jp/-/media/Files/OGB/Kaiken/kyoku/about/gikan/sekisan_roumushizai/roumu_shizai/R08/PDF_R0810_roumu_shizai_kensetu_1.pdf,PDL1.0,,沖縄総合事務局開発建設部が市場取引価格を調査して設定した単価(物価資料に載っているものは載せていない)。消費税の扱いは表に明記なし(国の積算の材料単価は税抜き)。
fac58b164aadebbc,JP,material,骨材,砂,埋め戻し用,ｍ３,bureau_area,47,沖縄県,北部５,,,4250,JPY,design_unit_price_ex_tax,published_pdl,,,2026-10,,ogb-zairyo-r8-10,7,https://www.ogb.go.jp/-/media/Files/OGB/Kaiken/kyoku/about/gikan/sekisan_roumushizai/roumu_shizai/R08/PDF_R0810_roumu_shizai_kensetu_1.pdf,PDL1.0,,沖縄総合事務局開発建設部が市場取引価格を調査して設定した単価(物価資料に載っているものは載せていない)。消費税の扱いは表に明記なし(国の積算の材料単価は税抜き)。
2072b802bab9421c,JP,material,骨材,砂,埋め戻し用,ｍ３,bureau_area,47,沖縄県,中部１,,,4000,JPY,design_unit_price_ex_tax,published_pdl,,,2026-10,,ogb-zairyo-r8-10,7,https://www.ogb.go.jp/-/media/Files/OGB/Kaiken/kyoku/about/gikan/sekisan_roumushizai/roumu_shizai/R08/PDF_R0810_roumu_shizai_kensetu_1.pdf,PDL1.0,,沖縄総合事務局開発建設部が市場取引価格を調査して設定した単価(物価資料に載っているものは載せていない)。消費税の扱いは表に明記なし(国の積算の材料単価は税抜き)。
6bb0d87f4d8dff5e,JP,material,骨材,砂,埋め戻し用,ｍ３,bureau_area,47,沖縄県,中部２,,,4050,JPY,design_unit_price_ex_tax,published_pdl,,,2026-10,,ogb-zairyo-r8-10,7,https://www.ogb.go.jp/-/media/Files/OGB/Kaiken/kyoku/about/gikan/sekisan_roumushizai/roumu_shizai/R08/PDF_R0810_roumu_shizai_kensetu_1.pdf,PDL1.0,,沖縄総合事務局開発建設部が市場取引価格を調査して設定した単価(物価資料に載っているものは載せていない)。消費税の扱いは表に明記なし(国の積算の材料単価は税抜き)。
db4d225a169408c0,JP,material,骨材,砂,埋め戻し用,ｍ３,bureau_area,47,沖縄県,南部１,,,4150,JPY,design_unit_price_ex_tax,published_pdl,,,2026-10,,ogb-zairyo-r8-10,7,https://www.ogb.go.jp/-/media/Files/OGB/Kaiken/kyoku/about/gikan/sekisan_roumushizai/roumu_shizai/R08/PDF_R0810_roumu_shizai_kensetu_1.pdf,PDL1.0,,沖縄総合事務局開発建設部が市場取引価格を調査して設定した単価(物価資料に載っているものは載せていない)。消費税の扱いは表に明記なし(国の積算の材料単価は税抜き)。
7ebcfaf7722fd986,JP,material,骨材,砂,埋め戻し用,ｍ３,bureau_area,47,沖縄県,北部２Ｈ,,,4550,JPY,design_unit_price_ex_tax,published_pdl,,,2026-10,,ogb-zairyo-r8-10,7,https://www.ogb.go.jp/-/media/Files/OGB/Kaiken/kyoku/about/gikan/sekisan_roumushizai/roumu_shizai/R08/PDF_R0810_roumu_shizai_kensetu_1.pdf,PDL1.0,,沖縄総合事務局開発建設部が市場取引価格を調査して設定した単価(物価資料に載っているものは載せていない)。消費税の扱いは表に明記なし(国の積算の材料単価は税抜き)。
8012f9761dea3ec1,JP,material,アスファルト合材,排水性アスファルト合材,ＴＯＰ１３ ６号硬質砂岩３０％ ６号石灰岩７０％,ｔ,bureau_area,47,沖縄県,北部１,,,28500,JPY,design_unit_price_ex_tax,published_pdl,,,2026-10,,ogb-zairyo-r8-10,8,https://www.ogb.go.jp/-/media/Files/OGB/Kaiken/kyoku/about/gikan/sekisan_roumushizai/roumu_shizai/R08/PDF_R0810_roumu_shizai_kensetu_1.pdf,PDL1.0,,沖縄総合事務局開発建設部が市場取引価格を調査して設定した単価(物価資料に載っているものは載せていない)。消費税の扱いは表に明記なし(国の積算の材料単価は税抜き)。
69cc28e322c44ec5,JP,material,アスファルト合材,排水性アスファルト合材,ＴＯＰ１３ ６号硬質砂岩３０％ ６号石灰岩７０％,ｔ,bureau_area,47,沖縄県,北部２,,,28200,JPY,design_unit_price_ex_tax,published_pdl,,,2026-10,,ogb-zairyo-r8-10,8,https://www.ogb.go.jp/-/media/Files/OGB/Kaiken/kyoku/about/gikan/sekisan_roumushizai/roumu_shizai/R08/PDF_R0810_roumu_shizai_kensetu_1.pdf,PDL1.0,,沖縄総合事務局開発建設部が市場取引価格を調査して設定した単価(物価資料に載っているものは載せていない)。消費税の扱いは表に明記なし(国の積算の材料単価は税抜き)。
aa8649d2217d8914,JP,material,アスファルト合材,排水性アスファルト合材,ＴＯＰ１３ ６号硬質砂岩３０％ ６号石灰岩７０％,ｔ,bureau_area,47,沖縄県,北部３,,,27800,JPY,design_unit_price_ex_tax,published_pdl,,,2026-10,,ogb-zairyo-r8-10,8,https://www.ogb.go.jp/-/media/Files/OGB/Kaiken/kyoku/about/gikan/sekisan_roumushizai/roumu_shizai/R08/PDF_R0810_roumu_shizai_kensetu_1.pdf,PDL1.0,,沖縄総合事務局開発建設部が市場取引価格を調査して設定した単価(物価資料に載っているものは載せていない)。消費税の扱いは表に明記なし(国の積算の材料単価は税抜き)。
045f99bba82f7708,JP,material,アスファルト合材,排水性アスファルト合材,ＴＯＰ１３ ６号硬質砂岩３０％ ６号石灰岩７０％,ｔ,bureau_area,47,沖縄県,北部４,,,27800,JPY,design_unit_price_ex_tax,published_pdl,,,2026-10,,ogb-zairyo-r8-10,8,https://www.ogb.go.jp/-/media/Files/OGB/Kaiken/kyoku/about/gikan/sekisan_roumushizai/roumu_shizai/R08/PDF_R0810_roumu_shizai_kensetu_1.pdf,PDL1.0,,沖縄総合事務局開発建設部が市場取引価格を調査して設定した単価(物価資料に載っているものは載せていない)。消費税の扱いは表に明記なし(国の積算の材料単価は税抜き)。
b48702651d71145b,JP,material,アスファルト合材,排水性アスファルト合材,ＴＯＰ１３ ６号硬質砂岩３０％ ６号石灰岩７０％,ｔ,bureau_area,47,沖縄県,北部５,,,27600,JPY,design_unit_price_ex_tax,published_pdl,,,2026-10,,ogb-zairyo-r8-10,8,https://www.ogb.go.jp/-/media/Files/OGB/Kaiken/kyoku/about/gikan/sekisan_roumushizai/roumu_shizai/R08/PDF_R0810_roumu_shizai_kensetu_1.pdf,PDL1.0,,沖縄総合事務局開発建設部が市場取引価格を調査して設定した単価(物価資料に載っているものは載せていない)。消費税の扱いは表に明記なし(国の積算の材料単価は税抜き)。
05f1b39d216a8a40,JP,material,アスファルト合材,排水性アスファルト合材,ＴＯＰ１３ ６号硬質砂岩３０％ ６号石灰岩７０％,ｔ,bureau_area,47,沖縄県,中部１,,,27500,JPY,design_unit_price_ex_tax,published_pdl,,,2026-10,,ogb-zairyo-r8-10,8,https://www.ogb.go.jp/-/media/Files/OGB/Kaiken/kyoku/about/gikan/sekisan_roumushizai/roumu_shizai/R08/PDF_R0810_roumu_shizai_kensetu_1.pdf,PDL1.0,,沖縄総合事務局開発建設部が市場取引価格を調査して設定した単価(物価資料に載っているものは載せていない)。消費税の扱いは表に明記なし(国の積算の材料単価は税抜き)。
12a04a75cd98a030,JP,material,アスファルト合材,排水性アスファルト合材,ＴＯＰ１３ ６号硬質砂岩３０％ ６号石灰岩７０％,ｔ,bureau_area,47,沖縄県,中部２,,,27600,JPY,design_unit_price_ex_tax,published_pdl,,,2026-10,,ogb-zairyo-r8-10,8,https://www.ogb.go.jp/-/media/Files/OGB/Kaiken/kyoku/about/gikan/sekisan_roumushizai/roumu_shizai/R08/PDF_R0810_roumu_shizai_kensetu_1.pdf,PDL1.0,,沖縄総合事務局開発建設部が市場取引価格を調査して設定した単価(物価資料に載っているものは載せていない)。消費税の扱いは表に明記なし(国の積算の材料単価は税抜き)。
0f5478aa6266dbbd,JP,material,アスファルト合材,排水性アスファルト合材,ＴＯＰ１３ ６号硬質砂岩３０％ ６号石灰岩７０％,ｔ,bureau_area,47,沖縄県,南部１,,,27700,JPY,design_unit_price_ex_tax,published_pdl,,,2026-10,,ogb-zairyo-r8-10,8,https://www.ogb.go.jp/-/media/Files/OGB/Kaiken/kyoku/about/gikan/sekisan_roumushizai/roumu_shizai/R08/PDF_R0810_roumu_shizai_kensetu_1.pdf,PDL1.0,,沖縄総合事務局開発建設部が市場取引価格を調査して設定した単価(物価資料に載っているものは載せていない)。消費税の扱いは表に明記なし(国の積算の材料単価は税抜き)。
6b795ef984b65dea,JP,material,アスファルト合材,排水性アスファルト合材,ＴＯＰ１３ ６号硬質砂岩３０％ ６号石灰岩７０％,ｔ,bureau_area,47,沖縄県,北部２Ｈ,,,28200,JPY,design_unit_price_ex_tax,published_pdl,,,2026-10,,ogb-zairyo-r8-10,8,https://www.ogb.go.jp/-/media/Files/OGB/Kaiken/kyoku/about/gikan/sekisan_roumushizai/roumu_shizai/R08/PDF_R0810_roumu_shizai_kensetu_1.pdf,PDL1.0,,沖縄総合事務局開発建設部が市場取引価格を調査して設定した単価(物価資料に載っているものは載せていない)。消費税の扱いは表に明記なし(国の積算の材料単価は税抜き)。
b09ea605bd0dbc57,JP,material,アスファルト合材,透水性舗装,透水性・白色・１３ｍｍ 改質ＩＩ型（脱色）,ｔ,bureau_area,47,沖縄県,北部１,,,66400,JPY,design_unit_price_ex_tax,published_pdl,,,2026-10,,ogb-zairyo-r8-10,8,https://www.ogb.go.jp/-/media/Files/OGB/Kaiken/kyoku/about/gikan/sekisan_roumushizai/roumu_shizai/R08/PDF_R0810_roumu_shizai_kensetu_1.pdf,PDL1.0,,沖縄総合事務局開発建設部が市場取引価格を調査して設定した単価(物価資料に載っているものは載せていない)。消費税の扱いは表に明記なし(国の積算の材料単価は税抜き)。
f3d095651cb40839,JP,material,アスファルト合材,透水性舗装,透水性・白色・１３ｍｍ 改質ＩＩ型（脱色）,ｔ,bureau_area,47,沖縄県,北部２,,,66100,JPY,design_unit_price_ex_tax,published_pdl,,,2026-10,,ogb-zairyo-r8-10,8,https://www.ogb.go.jp/-/media/Files/OGB/Kaiken/kyoku/about/gikan/sekisan_roumushizai/roumu_shizai/R08/PDF_R0810_roumu_shizai_kensetu_1.pdf,PDL1.0,,沖縄総合事務局開発建設部が市場取引価格を調査して設定した単価(物価資料に載っているものは載せていない)。消費税の扱いは表に明記なし(国の積算の材料単価は税抜き)。
e7f68cd991bfd707,JP,material,アスファルト合材,透水性舗装,透水性・白色・１３ｍｍ 改質ＩＩ型（脱色）,ｔ,bureau_area,47,沖縄県,北部３,,,65700,JPY,design_unit_price_ex_tax,published_pdl,,,2026-10,,ogb-zairyo-r8-10,8,https://www.ogb.go.jp/-/media/Files/OGB/Kaiken/kyoku/about/gikan/sekisan_roumushizai/roumu_shizai/R08/PDF_R0810_roumu_shizai_kensetu_1.pdf,PDL1.0,,沖縄総合事務局開発建設部が市場取引価格を調査して設定した単価(物価資料に載っているものは載せていない)。消費税の扱いは表に明記なし(国の積算の材料単価は税抜き)。
bf754aeca3a8e121,JP,material,アスファルト合材,透水性舗装,透水性・白色・１３ｍｍ 改質ＩＩ型（脱色）,ｔ,bureau_area,47,沖縄県,北部４,,,65700,JPY,design_unit_price_ex_tax,published_pdl,,,2026-10,,ogb-zairyo-r8-10,8,https://www.ogb.go.jp/-/media/Files/OGB/Kaiken/kyoku/about/gikan/sekisan_roumushizai/roumu_shizai/R08/PDF_R0810_roumu_shizai_kensetu_1.pdf,PDL1.0,,沖縄総合事務局開発建設部が市場取引価格を調査して設定した単価(物価資料に載っているものは載せていない)。消費税の扱いは表に明記なし(国の積算の材料単価は税抜き)。
2a7d8e57e2d936cc,JP,material,アスファルト合材,透水性舗装,透水性・白色・１３ｍｍ 改質ＩＩ型（脱色）,ｔ,bureau_area,47,沖縄県,北部５,,,65500,JPY,design_unit_price_ex_tax,published_pdl,,,2026-10,,ogb-zairyo-r8-10,8,https://www.ogb.go.jp/-/media/Files/OGB/Kaiken/kyoku/about/gikan/sekisan_roumushizai/roumu_shizai/R08/PDF_R0810_roumu_shizai_kensetu_1.pdf,PDL1.0,,沖縄総合事務局開発建設部が市場取引価格を調査して設定した単価(物価資料に載っているものは載せていない)。消費税の扱いは表に明記なし(国の積算の材料単価は税抜き)。
6cb66546a18c3b03,JP,material,アスファルト合材,透水性舗装,透水性・白色・１３ｍｍ 改質ＩＩ型（脱色）,ｔ,bureau_area,47,沖縄県,中部１,,,65400,JPY,design_unit_price_ex_tax,published_pdl,,,2026-10,,ogb-zairyo-r8-10,8,https://www.ogb.go.jp/-/media/Files/OGB/Kaiken/kyoku/about/gikan/sekisan_roumushizai/roumu_shizai/R08/PDF_R0810_roumu_shizai_kensetu_1.pdf,PDL1.0,,沖縄総合事務局開発建設部が市場取引価格を調査して設定した単価(物価資料に載っているものは載せていない)。消費税の扱いは表に明記なし(国の積算の材料単価は税抜き)。
35764c2e0b1a3bfd,JP,material,アスファルト合材,透水性舗装,透水性・白色・１３ｍｍ 改質ＩＩ型（脱色）,ｔ,bureau_area,47,沖縄県,中部２,,,65500,JPY,design_unit_price_ex_tax,published_pdl,,,2026-10,,ogb-zairyo-r8-10,8,https://www.ogb.go.jp/-/media/Files/OGB/Kaiken/kyoku/about/gikan/sekisan_roumushizai/roumu_shizai/R08/PDF_R0810_roumu_shizai_kensetu_1.pdf,PDL1.0,,沖縄総合事務局開発建設部が市場取引価格を調査して設定した単価(物価資料に載っているものは載せていない)。消費税の扱いは表に明記なし(国の積算の材料単価は税抜き)。
6435712ca198cac9,JP,material,アスファルト合材,透水性舗装,透水性・白色・１３ｍｍ 改質ＩＩ型（脱色）,ｔ,bureau_area,47,沖縄県,南部１,,,65600,JPY,design_unit_price_ex_tax,published_pdl,,,2026-10,,ogb-zairyo-r8-10,8,https://www.ogb.go.jp/-/media/Files/OGB/Kaiken/kyoku/about/gikan/sekisan_roumushizai/roumu_shizai/R08/PDF_R0810_roumu_shizai_kensetu_1.pdf,PDL1.0,,沖縄総合事務局開発建設部が市場取引価格を調査して設定した単価(物価資料に載っているものは載せていない)。消費税の扱いは表に明記なし(国の積算の材料単価は税抜き)。
579ae1ce25d8b6df,JP,material,アスファルト合材,透水性舗装,透水性・白色・１３ｍｍ 改質ＩＩ型（脱色）,ｔ,bureau_area,47,沖縄県,北部２Ｈ,,,66100,JPY,design_unit_price_ex_tax,published_pdl,,,2026-10,,ogb-zairyo-r8-10,8,https://www.ogb.go.jp/-/media/Files/OGB/Kaiken/kyoku/about/gikan/sekisan_roumushizai/roumu_shizai/R08/PDF_R0810_roumu_shizai_kensetu_1.pdf,PDL1.0,,沖縄総合事務局開発建設部が市場取引価格を調査して設定した単価(物価資料に載っているものは載せていない)。消費税の扱いは表に明記なし(国の積算の材料単価は税抜き)。
cab7f2144d610d76,JP,material,アスファルト合材,透水性舗装,透水性・白色・１３ｍｍ 歩道用カラーバインダー,ｔ,bureau_area,47,沖縄県,北部１,,,66400,JPY,design_unit_price_ex_tax,published_pdl,,,2026-10,,ogb-zairyo-r8-10,8,https://www.ogb.go.jp/-/media/Files/OGB/Kaiken/kyoku/about/gikan/sekisan_roumushizai/roumu_shizai/R08/PDF_R0810_roumu_shizai_kensetu_1.pdf,PDL1.0,,沖縄総合事務局開発建設部が市場取引価格を調査して設定した単価(物価資料に載っているものは載せていない)。消費税の扱いは表に明記なし(国の積算の材料単価は税抜き)。
7bf1afe748c7d486,JP,material,アスファルト合材,透水性舗装,透水性・白色・１３ｍｍ 歩道用カラーバインダー,ｔ,bureau_area,47,沖縄県,北部２,,,66100,JPY,design_unit_price_ex_tax,published_pdl,,,2026-10,,ogb-zairyo-r8-10,8,https://www.ogb.go.jp/-/media/Files/OGB/Kaiken/kyoku/about/gikan/sekisan_roumushizai/roumu_shizai/R08/PDF_R0810_roumu_shizai_kensetu_1.pdf,PDL1.0,,沖縄総合事務局開発建設部が市場取引価格を調査して設定した単価(物価資料に載っているものは載せていない)。消費税の扱いは表に明記なし(国の積算の材料単価は税抜き)。
5eab03b67db8fce0,JP,material,アスファルト合材,透水性舗装,透水性・白色・１３ｍｍ 歩道用カラーバインダー,ｔ,bureau_area,47,沖縄県,北部３,,,65700,JPY,design_unit_price_ex_tax,published_pdl,,,2026-10,,ogb-zairyo-r8-10,8,https://www.ogb.go.jp/-/media/Files/OGB/Kaiken/kyoku/about/gikan/sekisan_roumushizai/roumu_shizai/R08/PDF_R0810_roumu_shizai_kensetu_1.pdf,PDL1.0,,沖縄総合事務局開発建設部が市場取引価格を調査して設定した単価(物価資料に載っているものは載せていない)。消費税の扱いは表に明記なし(国の積算の材料単価は税抜き)。
28195ef3af219dda,JP,material,アスファルト合材,透水性舗装,透水性・白色・１３ｍｍ 歩道用カラーバインダー,ｔ,bureau_area,47,沖縄県,北部４,,,65700,JPY,design_unit_price_ex_tax,published_pdl,,,2026-10,,ogb-zairyo-r8-10,8,https://www.ogb.go.jp/-/media/Files/OGB/Kaiken/kyoku/about/gikan/sekisan_roumushizai/roumu_shizai/R08/PDF_R0810_roumu_shizai_kensetu_1.pdf,PDL1.0,,沖縄総合事務局開発建設部が市場取引価格を調査して設定した単価(物価資料に載っているものは載せていない)。消費税の扱いは表に明記なし(国の積算の材料単価は税抜き)。
623e8694e3867f70,JP,material,アスファルト合材,透水性舗装,透水性・白色・１３ｍｍ 歩道用カラーバインダー,ｔ,bureau_area,47,沖縄県,北部５,,,65500,JPY,design_unit_price_ex_tax,published_pdl,,,2026-10,,ogb-zairyo-r8-10,8,https://www.ogb.go.jp/-/media/Files/OGB/Kaiken/kyoku/about/gikan/sekisan_roumushizai/roumu_shizai/R08/PDF_R0810_roumu_shizai_kensetu_1.pdf,PDL1.0,,沖縄総合事務局開発建設部が市場取引価格を調査して設定した単価(物価資料に載っているものは載せていない)。消費税の扱いは表に明記なし(国の積算の材料単価は税抜き)。
2c86d67f99c7d2f5,JP,material,アスファルト合材,透水性舗装,透水性・白色・１３ｍｍ 歩道用カラーバインダー,ｔ,bureau_area,47,沖縄県,中部１,,,65400,JPY,design_unit_price_ex_tax,published_pdl,,,2026-10,,ogb-zairyo-r8-10,8,https://www.ogb.go.jp/-/media/Files/OGB/Kaiken/kyoku/about/gikan/sekisan_roumushizai/roumu_shizai/R08/PDF_R0810_roumu_shizai_kensetu_1.pdf,PDL1.0,,沖縄総合事務局開発建設部が市場取引価格を調査して設定した単価(物価資料に載っているものは載せていない)。消費税の扱いは表に明記なし(国の積算の材料単価は税抜き)。
03cc7f6670c16823,JP,material,アスファルト合材,透水性舗装,透水性・白色・１３ｍｍ 歩道用カラーバインダー,ｔ,bureau_area,47,沖縄県,中部２,,,65500,JPY,design_unit_price_ex_tax,published_pdl,,,2026-10,,ogb-zairyo-r8-10,8,https://www.ogb.go.jp/-/media/Files/OGB/Kaiken/kyoku/about/gikan/sekisan_roumushizai/roumu_shizai/R08/PDF_R0810_roumu_shizai_kensetu_1.pdf,PDL1.0,,沖縄総合事務局開発建設部が市場取引価格を調査して設定した単価(物価資料に載っているものは載せていない)。消費税の扱いは表に明記なし(国の積算の材料単価は税抜き)。
8eac76ecbaeda841,JP,material,アスファルト合材,透水性舗装,透水性・白色・１３ｍｍ 歩道用カラーバインダー,ｔ,bureau_area,47,沖縄県,南部１,,,65600,JPY,design_unit_price_ex_tax,published_pdl,,,2026-10,,ogb-zairyo-r8-10,8,https://www.ogb.go.jp/-/media/Files/OGB/Kaiken/kyoku/about/gikan/sekisan_roumushizai/roumu_shizai/R08/PDF_R0810_roumu_shizai_kensetu_1.pdf,PDL1.0,,沖縄総合事務局開発建設部が市場取引価格を調査して設定した単価(物価資料に載っているものは載せていない)。消費税の扱いは表に明記なし(国の積算の材料単価は税抜き)。
d3587fd7162d0ff2,JP,material,アスファルト合材,透水性舗装,透水性・白色・１３ｍｍ 歩道用カラーバインダー,ｔ,bureau_area,47,沖縄県,北部２Ｈ,,,66100,JPY,design_unit_price_ex_tax,published_pdl,,,2026-10,,ogb-zairyo-r8-10,8,https://www.ogb.go.jp/-/media/Files/OGB/Kaiken/kyoku/about/gikan/sekisan_roumushizai/roumu_shizai/R08/PDF_R0810_roumu_shizai_kensetu_1.pdf,PDL1.0,,沖縄総合事務局開発建設部が市場取引価格を調査して設定した単価(物価資料に載っているものは載せていない)。消費税の扱いは表に明記なし(国の積算の材料単価は税抜き)。
9c232e1f8ff7b1be,JP,material,石材,切込砕石,,ｍ３,bureau_area,47,沖縄県,北部１,,,3150,JPY,design_unit_price_ex_tax,published_pdl,,,2026-10,,ogb-zairyo-r8-10,9,https://www.ogb.go.jp/-/media/Files/OGB/Kaiken/kyoku/about/gikan/sekisan_roumushizai/roumu_shizai/R08/PDF_R0810_roumu_shizai_kensetu_1.pdf,PDL1.0,,沖縄総合事務局開発建設部が市場取引価格を調査して設定した単価(物価資料に載っているものは載せていない)。消費税の扱いは表に明記なし(国の積算の材料単価は税抜き)。
c90aa6d5b7b1d873,JP,material,石材,切込砕石,,ｍ３,bureau_area,47,沖縄県,北部２,,,2500,JPY,design_unit_price_ex_tax,published_pdl,,,2026-10,,ogb-zairyo-r8-10,9,https://www.ogb.go.jp/-/media/Files/OGB/Kaiken/kyoku/about/gikan/sekisan_roumushizai/roumu_shizai/R08/PDF_R0810_roumu_shizai_kensetu_1.pdf,PDL1.0,,沖縄総合事務局開発建設部が市場取引価格を調査して設定した単価(物価資料に載っているものは載せていない)。消費税の扱いは表に明記なし(国の積算の材料単価は税抜き)。
0f03d0cefd80e5d5,JP,material,石材,切込砕石,,ｍ３,bureau_area,47,沖縄県,北部３,,,2950,JPY,design_unit_price_ex_tax,published_pdl,,,2026-10,,ogb-zairyo-r8-10,9,https://www.ogb.go.jp/-/media/Files/OGB/Kaiken/kyoku/about/gikan/sekisan_roumushizai/roumu_shizai/R08/PDF_R0810_roumu_shizai_kensetu_1.pdf,PDL1.0,,沖縄総合事務局開発建設部が市場取引価格を調査して設定した単価(物価資料に載っているものは載せていない)。消費税の扱いは表に明記なし(国の積算の材料単価は税抜き)。
3889042b090c9d0e,JP,material,石材,切込砕石,,ｍ３,bureau_area,47,沖縄県,北部４,,,2550,JPY,design_unit_price_ex_tax,published_pdl,,,2026-10,,ogb-zairyo-r8-10,9,https://www.ogb.go.jp/-/media/Files/OGB/Kaiken/kyoku/about/gikan/sekisan_roumushizai/roumu_shizai/R08/PDF_R0810_roumu_shizai_kensetu_1.pdf,PDL1.0,,沖縄総合事務局開発建設部が市場取引価格を調査して設定した単価(物価資料に載っているものは載せていない)。消費税の扱いは表に明記なし(国の積算の材料単価は税抜き)。
e6431df6fb2c7d95,JP,material,石材,切込砕石,,ｍ３,bureau_area,47,沖縄県,北部５,,,3300,JPY,design_unit_price_ex_tax,published_pdl,,,2026-10,,ogb-zairyo-r8-10,9,https://www.ogb.go.jp/-/media/Files/OGB/Kaiken/kyoku/about/gikan/sekisan_roumushizai/roumu_shizai/R08/PDF_R0810_roumu_shizai_kensetu_1.pdf,PDL1.0,,沖縄総合事務局開発建設部が市場取引価格を調査して設定した単価(物価資料に載っているものは載せていない)。消費税の扱いは表に明記なし(国の積算の材料単価は税抜き)。
b0d8a3d0ef55f1a4,JP,material,石材,切込砕石,,ｍ３,bureau_area,47,沖縄県,北部２Ｈ,,,2750,JPY,design_unit_price_ex_tax,published_pdl,,,2026-10,,ogb-zairyo-r8-10,9,https://www.ogb.go.jp/-/media/Files/OGB/Kaiken/kyoku/about/gikan/sekisan_roumushizai/roumu_shizai/R08/PDF_R0810_roumu_shizai_kensetu_1.pdf,PDL1.0,,沖縄総合事務局開発建設部が市場取引価格を調査して設定した単価(物価資料に載っているものは載せていない)。消費税の扱いは表に明記なし(国の積算の材料単価は税抜き)。
6905b0774c8a294f,JP,material,石材,流しコーラル,４０～０ｍｍ,ｍ３,bureau_area,47,沖縄県,北部５,,,4000,JPY,design_unit_price_ex_tax,published_pdl,,,2026-10,,ogb-zairyo-r8-10,9,https://www.ogb.go.jp/-/media/Files/OGB/Kaiken/kyoku/about/gikan/sekisan_roumushizai/roumu_shizai/R08/PDF_R0810_roumu_shizai_kensetu_1.pdf,PDL1.0,,沖縄総合事務局開発建設部が市場取引価格を調査して設定した単価(物価資料に載っているものは載せていない)。消費税の扱いは表に明記なし(国の積算の材料単価は税抜き)。
c7e6f2193c0c3ef4,JP,material,石材,流しコーラル,４０～０ｍｍ,ｍ３,bureau_area,47,沖縄県,中部１,,,3700,JPY,design_unit_price_ex_tax,published_pdl,,,2026-10,,ogb-zairyo-r8-10,9,https://www.ogb.go.jp/-/media/Files/OGB/Kaiken/kyoku/about/gikan/sekisan_roumushizai/roumu_shizai/R08/PDF_R0810_roumu_shizai_kensetu_1.pdf,PDL1.0,,沖縄総合事務局開発建設部が市場取引価格を調査して設定した単価(物価資料に載っているものは載せていない)。消費税の扱いは表に明記なし(国の積算の材料単価は税抜き)。
7219b7bdd445b26a,JP,material,石材,流しコーラル,４０～０ｍｍ,ｍ３,bureau_area,47,沖縄県,中部２,,,3450,JPY,design_unit_price_ex_tax,published_pdl,,,2026-10,,ogb-zairyo-r8-10,9,https://www.ogb.go.jp/-/media/Files/OGB/Kaiken/kyoku/about/gikan/sekisan_roumushizai/roumu_shizai/R08/PDF_R0810_roumu_shizai_kensetu_1.pdf,PDL1.0,,沖縄総合事務局開発建設部が市場取引価格を調査して設定した単価(物価資料に載っているものは載せていない)。消費税の扱いは表に明記なし(国の積算の材料単価は税抜き)。
901c511a60ee4ea8,JP,material,石材,流しコーラル,４０～０ｍｍ,ｍ３,bureau_area,47,沖縄県,南部１,,,3150,JPY,design_unit_price_ex_tax,published_pdl,,,2026-10,,ogb-zairyo-r8-10,9,https://www.ogb.go.jp/-/media/Files/OGB/Kaiken/kyoku/about/gikan/sekisan_roumushizai/roumu_shizai/R08/PDF_R0810_roumu_shizai_kensetu_1.pdf,PDL1.0,,沖縄総合事務局開発建設部が市場取引価格を調査して設定した単価(物価資料に載っているものは載せていない)。消費税の扱いは表に明記なし(国の積算の材料単価は税抜き)。
083e4e7f55c84d37,JP,material,石材,山コーラル,,ｍ３,bureau_area,47,沖縄県,北部５,,,4000,JPY,design_unit_price_ex_tax,published_pdl,,,2026-10,,ogb-zairyo-r8-10,9,https://www.ogb.go.jp/-/media/Files/OGB/Kaiken/kyoku/about/gikan/sekisan_roumushizai/roumu_shizai/R08/PDF_R0810_roumu_shizai_kensetu_1.pdf,PDL1.0,,沖縄総合事務局開発建設部が市場取引価格を調査して設定した単価(物価資料に載っているものは載せていない)。消費税の扱いは表に明記なし(国の積算の材料単価は税抜き)。
a003b2aad62f3052,JP,material,石材,山コーラル,,ｍ３,bureau_area,47,沖縄県,中部１,,,3700,JPY,design_unit_price_ex_tax,published_pdl,,,2026-10,,ogb-zairyo-r8-10,9,https://www.ogb.go.jp/-/media/Files/OGB/Kaiken/kyoku/about/gikan/sekisan_roumushizai/roumu_shizai/R08/PDF_R0810_roumu_shizai_kensetu_1.pdf,PDL1.0,,沖縄総合事務局開発建設部が市場取引価格を調査して設定した単価(物価資料に載っているものは載せていない)。消費税の扱いは表に明記なし(国の積算の材料単価は税抜き)。
53c71dc6aefb635d,JP,material,石材,山コーラル,,ｍ３,bureau_area,47,沖縄県,中部２,,,3450,JPY,design_unit_price_ex_tax,published_pdl,,,2026-10,,ogb-zairyo-r8-10,9,https://www.ogb.go.jp/-/media/Files/OGB/Kaiken/kyoku/about/gikan/sekisan_roumushizai/roumu_shizai/R08/PDF_R0810_roumu_shizai_kensetu_1.pdf,PDL1.0,,沖縄総合事務局開発建設部が市場取引価格を調査して設定した単価(物価資料に載っているものは載せていない)。消費税の扱いは表に明記なし(国の積算の材料単価は税抜き)。
d21f088d38c9ddaf,JP,material,石材,山コーラル,,ｍ３,bureau_area,47,沖縄県,南部１,,,3150,JPY,design_unit_price_ex_tax,published_pdl,,,2026-10,,ogb-zairyo-r8-10,9,https://www.ogb.go.jp/-/media/Files/OGB/Kaiken/kyoku/about/gikan/sekisan_roumushizai/roumu_shizai/R08/PDF_R0810_roumu_shizai_kensetu_1.pdf,PDL1.0,,沖縄総合事務局開発建設部が市場取引価格を調査して設定した単価(物価資料に載っているものは載せていない)。消費税の扱いは表に明記なし(国の積算の材料単価は税抜き)。
77ef0c485e0f81b4,JP,material,石材,客土,赤土,ｍ３,bureau_area,47,沖縄県,北部３,,,3700,JPY,design_unit_price_ex_tax,published_pdl,,,2026-10,,ogb-zairyo-r8-10,9,https://www.ogb.go.jp/-/media/Files/OGB/Kaiken/kyoku/about/gikan/sekisan_roumushizai/roumu_shizai/R08/PDF_R0810_roumu_shizai_kensetu_1.pdf,PDL1.0,,沖縄総合事務局開発建設部が市場取引価格を調査して設定した単価(物価資料に載っているものは載せていない)。消費税の扱いは表に明記なし(国の積算の材料単価は税抜き)。
66f16f4fb93205a8,JP,material,石材,客土,赤土,ｍ３,bureau_area,47,沖縄県,北部４,,,3900,JPY,design_unit_price_ex_tax,published_pdl,,,2026-10,,ogb-zairyo-r8-10,9,https://www.ogb.go.jp/-/media/Files/OGB/Kaiken/kyoku/about/gikan/sekisan_roumushizai/roumu_shizai/R08/PDF_R0810_roumu_shizai_kensetu_1.pdf,PDL1.0,,沖縄総合事務局開発建設部が市場取引価格を調査して設定した単価(物価資料に載っているものは載せていない)。消費税の扱いは表に明記なし(国の積算の材料単価は税抜き)。
00e7310880dcb894,JP,material,石材,客土,赤土,ｍ３,bureau_area,47,沖縄県,北部５,,,2950,JPY,design_unit_price_ex_tax,published_pdl,,,2026-10,,ogb-zairyo-r8-10,9,https://www.ogb.go.jp/-/media/Files/OGB/Kaiken/kyoku/about/gikan/sekisan_roumushizai/roumu_shizai/R08/PDF_R0810_roumu_shizai_kensetu_1.pdf,PDL1.0,,沖縄総合事務局開発建設部が市場取引価格を調査して設定した単価(物価資料に載っているものは載せていない)。消費税の扱いは表に明記なし(国の積算の材料単価は税抜き)。
d30170358fdea678,JP,material,石材,客土,赤土,ｍ３,bureau_area,47,沖縄県,中部１,,,3000,JPY,design_unit_price_ex_tax,published_pdl,,,2026-10,,ogb-zairyo-r8-10,9,https://www.ogb.go.jp/-/media/Files/OGB/Kaiken/kyoku/about/gikan/sekisan_roumushizai/roumu_shizai/R08/PDF_R0810_roumu_shizai_kensetu_1.pdf,PDL1.0,,沖縄総合事務局開発建設部が市場取引価格を調査して設定した単価(物価資料に載っているものは載せていない)。消費税の扱いは表に明記なし(国の積算の材料単価は税抜き)。
5eed582c8066bdc4,JP,material,石材,客土,赤土,ｍ３,bureau_area,47,沖縄県,中部２,,,3350,JPY,design_unit_price_ex_tax,published_pdl,,,2026-10,,ogb-zairyo-r8-10,9,https://www.ogb.go.jp/-/media/Files/OGB/Kaiken/kyoku/about/gikan/sekisan_roumushizai/roumu_shizai/R08/PDF_R0810_roumu_shizai_kensetu_1.pdf,PDL1.0,,沖縄総合事務局開発建設部が市場取引価格を調査して設定した単価(物価資料に載っているものは載せていない)。消費税の扱いは表に明記なし(国の積算の材料単価は税抜き)。
ccad760a59967dad,JP,material,石材,客土,赤土,ｍ３,bureau_area,47,沖縄県,南部１,,,4200,JPY,design_unit_price_ex_tax,published_pdl,,,2026-10,,ogb-zairyo-r8-10,9,https://www.ogb.go.jp/-/media/Files/OGB/Kaiken/kyoku/about/gikan/sekisan_roumushizai/roumu_shizai/R08/PDF_R0810_roumu_shizai_kensetu_1.pdf,PDL1.0,,沖縄総合事務局開発建設部が市場取引価格を調査して設定した単価(物価資料に載っているものは載せていない)。消費税の扱いは表に明記なし(国の積算の材料単価は税抜き)。
2bfc3a2e1a4b5e75,JP,material,石材,雑石,白５～２００ｋｇ 琉球石灰岩 [琉球石灰岩],ｍ３,bureau_area,47,沖縄県,北部５,,,7700,JPY,design_unit_price_ex_tax,published_pdl,,,2026-10,,ogb-zairyo-r8-10,9,https://www.ogb.go.jp/-/media/Files/OGB/Kaiken/kyoku/about/gikan/sekisan_roumushizai/roumu_shizai/R08/PDF_R0810_roumu_shizai_kensetu_1.pdf,PDL1.0,,沖縄総合事務局開発建設部が市場取引価格を調査して設定した単価(物価資料に載っているものは載せていない)。消費税の扱いは表に明記なし(国の積算の材料単価は税抜き)。
cd5bd30d58bde678,JP,material,石材,雑石,白５～２００ｋｇ 琉球石灰岩 [琉球石灰岩],ｍ３,bureau_area,47,沖縄県,中部１,,,7350,JPY,design_unit_price_ex_tax,published_pdl,,,2026-10,,ogb-zairyo-r8-10,9,https://www.ogb.go.jp/-/media/Files/OGB/Kaiken/kyoku/about/gikan/sekisan_roumushizai/roumu_shizai/R08/PDF_R0810_roumu_shizai_kensetu_1.pdf,PDL1.0,,沖縄総合事務局開発建設部が市場取引価格を調査して設定した単価(物価資料に載っているものは載せていない)。消費税の扱いは表に明記なし(国の積算の材料単価は税抜き)。
db939216dc24c140,JP,material,石材,雑石,白５～２００ｋｇ 琉球石灰岩 [琉球石灰岩],ｍ３,bureau_area,47,沖縄県,中部２,,,7100,JPY,design_unit_price_ex_tax,published_pdl,,,2026-10,,ogb-zairyo-r8-10,9,https://www.ogb.go.jp/-/media/Files/OGB/Kaiken/kyoku/about/gikan/sekisan_roumushizai/roumu_shizai/R08/PDF_R0810_roumu_shizai_kensetu_1.pdf,PDL1.0,,沖縄総合事務局開発建設部が市場取引価格を調査して設定した単価(物価資料に載っているものは載せていない)。消費税の扱いは表に明記なし(国の積算の材料単価は税抜き)。
b005f4a7fe89f03e,JP,material,石材,雑石,白５～２００ｋｇ 琉球石灰岩 [琉球石灰岩],ｍ３,bureau_area,47,沖縄県,南部１,,,6750,JPY,design_unit_price_ex_tax,published_pdl,,,2026-10,,ogb-zairyo-r8-10,9,https://www.ogb.go.jp/-/media/Files/OGB/Kaiken/kyoku/about/gikan/sekisan_roumushizai/roumu_shizai/R08/PDF_R0810_roumu_shizai_kensetu_1.pdf,PDL1.0,,沖縄総合事務局開発建設部が市場取引価格を調査して設定した単価(物価資料に載っているものは載せていない)。消費税の扱いは表に明記なし(国の積算の材料単価は税抜き)。
8d1772bd0889c677,JP,material,石材,捨石,白２００ｋｇ内外 琉球石灰岩 [琉球石灰岩],ｍ３,bureau_area,47,沖縄県,北部５,,,7800,JPY,design_unit_price_ex_tax,published_pdl,,,2026-10,,ogb-zairyo-r8-10,9,https://www.ogb.go.jp/-/media/Files/OGB/Kaiken/kyoku/about/gikan/sekisan_roumushizai/roumu_shizai/R08/PDF_R0810_roumu_shizai_kensetu_1.pdf,PDL1.0,,沖縄総合事務局開発建設部が市場取引価格を調査して設定した単価(物価資料に載っているものは載せていない)。消費税の扱いは表に明記なし(国の積算の材料単価は税抜き)。
f52f0d296a36e455,JP,material,石材,捨石,白２００ｋｇ内外 琉球石灰岩 [琉球石灰岩],ｍ３,bureau_area,47,沖縄県,中部１,,,7450,JPY,design_unit_price_ex_tax,published_pdl,,,2026-10,,ogb-zairyo-r8-10,9,https://www.ogb.go.jp/-/media/Files/OGB/Kaiken/kyoku/about/gikan/sekisan_roumushizai/roumu_shizai/R08/PDF_R0810_roumu_shizai_kensetu_1.pdf,PDL1.0,,沖縄総合事務局開発建設部が市場取引価格を調査して設定した単価(物価資料に載っているものは載せていない)。消費税の扱いは表に明記なし(国の積算の材料単価は税抜き)。
4739487f6b257b59,JP,material,石材,捨石,白２００ｋｇ内外 琉球石灰岩 [琉球石灰岩],ｍ３,bureau_area,47,沖縄県,中部２,,,7200,JPY,design_unit_price_ex_tax,published_pdl,,,2026-10,,ogb-zairyo-r8-10,9,https://www.ogb.go.jp/-/media/Files/OGB/Kaiken/kyoku/about/gikan/sekisan_roumushizai/roumu_shizai/R08/PDF_R0810_roumu_shizai_kensetu_1.pdf,PDL1.0,,沖縄総合事務局開発建設部が市場取引価格を調査して設定した単価(物価資料に載っているものは載せていない)。消費税の扱いは表に明記なし(国の積算の材料単価は税抜き)。
15afcb8d2f8db784,JP,material,石材,捨石,白２００ｋｇ内外 琉球石灰岩 [琉球石灰岩],ｍ３,bureau_area,47,沖縄県,南部１,,,6850,JPY,design_unit_price_ex_tax,published_pdl,,,2026-10,,ogb-zairyo-r8-10,9,https://www.ogb.go.jp/-/media/Files/OGB/Kaiken/kyoku/about/gikan/sekisan_roumushizai/roumu_shizai/R08/PDF_R0810_roumu_shizai_kensetu_1.pdf,PDL1.0,,沖縄総合事務局開発建設部が市場取引価格を調査して設定した単価(物価資料に載っているものは載せていない)。消費税の扱いは表に明記なし(国の積算の材料単価は税抜き)。
0ce0604ed3ea6423,JP,material,石材,捨石,白５００ｋｇ内外 琉球石灰岩 [琉球石灰岩],ｍ３,bureau_area,47,沖縄県,北部５,,,7900,JPY,design_unit_price_ex_tax,published_pdl,,,2026-10,,ogb-zairyo-r8-10,9,https://www.ogb.go.jp/-/media/Files/OGB/Kaiken/kyoku/about/gikan/sekisan_roumushizai/roumu_shizai/R08/PDF_R0810_roumu_shizai_kensetu_1.pdf,PDL1.0,,沖縄総合事務局開発建設部が市場取引価格を調査して設定した単価(物価資料に載っているものは載せていない)。消費税の扱いは表に明記なし(国の積算の材料単価は税抜き)。
8ac612b5b2ee7e03,JP,material,石材,捨石,白５００ｋｇ内外 琉球石灰岩 [琉球石灰岩],ｍ３,bureau_area,47,沖縄県,中部１,,,7550,JPY,design_unit_price_ex_tax,published_pdl,,,2026-10,,ogb-zairyo-r8-10,9,https://www.ogb.go.jp/-/media/Files/OGB/Kaiken/kyoku/about/gikan/sekisan_roumushizai/roumu_shizai/R08/PDF_R0810_roumu_shizai_kensetu_1.pdf,PDL1.0,,沖縄総合事務局開発建設部が市場取引価格を調査して設定した単価(物価資料に載っているものは載せていない)。消費税の扱いは表に明記なし(国の積算の材料単価は税抜き)。
4d3d360c1d55f749,JP,material,石材,捨石,白５００ｋｇ内外 琉球石灰岩 [琉球石灰岩],ｍ３,bureau_area,47,沖縄県,中部２,,,7300,JPY,design_unit_price_ex_tax,published_pdl,,,2026-10,,ogb-zairyo-r8-10,9,https://www.ogb.go.jp/-/media/Files/OGB/Kaiken/kyoku/about/gikan/sekisan_roumushizai/roumu_shizai/R08/PDF_R0810_roumu_shizai_kensetu_1.pdf,PDL1.0,,沖縄総合事務局開発建設部が市場取引価格を調査して設定した単価(物価資料に載っているものは載せていない)。消費税の扱いは表に明記なし(国の積算の材料単価は税抜き)。
c35b4a4afa46746d,JP,material,石材,捨石,白５００ｋｇ内外 琉球石灰岩 [琉球石灰岩],ｍ３,bureau_area,47,沖縄県,南部１,,,6950,JPY,design_unit_price_ex_tax,published_pdl,,,2026-10,,ogb-zairyo-r8-10,9,https://www.ogb.go.jp/-/media/Files/OGB/Kaiken/kyoku/about/gikan/sekisan_roumushizai/roumu_shizai/R08/PDF_R0810_roumu_shizai_kensetu_1.pdf,PDL1.0,,沖縄総合事務局開発建設部が市場取引価格を調査して設定した単価(物価資料に載っているものは載せていない)。消費税の扱いは表に明記なし(国の積算の材料単価は税抜き)。
24eafee5db845003,JP,material,石材,捨石,白１０００～２０００ｋｇ内外 琉球石灰岩 [琉球石灰岩],ｍ３,bureau_area,47,沖縄県,北部５,,,7900,JPY,design_unit_price_ex_tax,published_pdl,,,2026-10,,ogb-zairyo-r8-10,9,https://www.ogb.go.jp/-/media/Files/OGB/Kaiken/kyoku/about/gikan/sekisan_roumushizai/roumu_shizai/R08/PDF_R0810_roumu_shizai_kensetu_1.pdf,PDL1.0,,沖縄総合事務局開発建設部が市場取引価格を調査して設定した単価(物価資料に載っているものは載せていない)。消費税の扱いは表に明記なし(国の積算の材料単価は税抜き)。
b7d6dfdc29679945,JP,material,石材,捨石,白１０００～２０００ｋｇ内外 琉球石灰岩 [琉球石灰岩],ｍ３,bureau_area,47,沖縄県,中部１,,,7550,JPY,design_unit_price_ex_tax,published_pdl,,,2026-10,,ogb-zairyo-r8-10,9,https://www.ogb.go.jp/-/media/Files/OGB/Kaiken/kyoku/about/gikan/sekisan_roumushizai/roumu_shizai/R08/PDF_R0810_roumu_shizai_kensetu_1.pdf,PDL1.0,,沖縄総合事務局開発建設部が市場取引価格を調査して設定した単価(物価資料に載っているものは載せていない)。消費税の扱いは表に明記なし(国の積算の材料単価は税抜き)。
38431d89c2b7228d,JP,material,石材,捨石,白１０００～２０００ｋｇ内外 琉球石灰岩 [琉球石灰岩],ｍ３,bureau_area,47,沖縄県,中部２,,,7300,JPY,design_unit_price_ex_tax,published_pdl,,,2026-10,,ogb-zairyo-r8-10,9,https://www.ogb.go.jp/-/media/Files/OGB/Kaiken/kyoku/about/gikan/sekisan_roumushizai/roumu_shizai/R08/PDF_R0810_roumu_shizai_kensetu_1.pdf,PDL1.0,,沖縄総合事務局開発建設部が市場取引価格を調査して設定した単価(物価資料に載っているものは載せていない)。消費税の扱いは表に明記なし(国の積算の材料単価は税抜き)。
2d6d935d264c0d1b,JP,material,石材,捨石,白１０００～２０００ｋｇ内外 琉球石灰岩 [琉球石灰岩],ｍ３,bureau_area,47,沖縄県,南部１,,,6950,JPY,design_unit_price_ex_tax,published_pdl,,,2026-10,,ogb-zairyo-r8-10,9,https://www.ogb.go.jp/-/media/Files/OGB/Kaiken/kyoku/about/gikan/sekisan_roumushizai/roumu_shizai/R08/PDF_R0810_roumu_shizai_kensetu_1.pdf,PDL1.0,,沖縄総合事務局開発建設部が市場取引価格を調査して設定した単価(物価資料に載っているものは載せていない)。消費税の扱いは表に明記なし(国の積算の材料単価は税抜き)。
9c45e11459fd2e82,JP,material,アスファルト混合物（地）,アスファルト合材,密粒度アスコン２０ｍｍ 標準ＡＳ量４．５～５％ [標準ＡＳ量４．５～５％],ｔ,bureau_area,47,沖縄県,北部１,,,18300,JPY,design_unit_price_ex_tax,published_pdl,,,2026-10,,ogb-zairyo-r8-10,10,https://www.ogb.go.jp/-/media/Files/OGB/Kaiken/kyoku/about/gikan/sekisan_roumushizai/roumu_shizai/R08/PDF_R0810_roumu_shizai_kensetu_1.pdf,PDL1.0,,沖縄総合事務局開発建設部が市場取引価格を調査して設定した単価(物価資料に載っているものは載せていない)。消費税の扱いは表に明記なし(国の積算の材料単価は税抜き)。
635c0f3614aaf614,JP,material,アスファルト混合物（地）,アスファルト合材,密粒度アスコン２０ｍｍ 標準ＡＳ量４．５～５％ [標準ＡＳ量４．５～５％],ｔ,bureau_area,47,沖縄県,北部２,,,18000,JPY,design_unit_price_ex_tax,published_pdl,,,2026-10,,ogb-zairyo-r8-10,10,https://www.ogb.go.jp/-/media/Files/OGB/Kaiken/kyoku/about/gikan/sekisan_roumushizai/roumu_shizai/R08/PDF_R0810_roumu_shizai_kensetu_1.pdf,PDL1.0,,沖縄総合事務局開発建設部が市場取引価格を調査して設定した単価(物価資料に載っているものは載せていない)。消費税の扱いは表に明記なし(国の積算の材料単価は税抜き)。
d861a7953413e973,JP,material,アスファルト混合物（地）,アスファルト合材,密粒度アスコン２０ｍｍ 標準ＡＳ量４．５～５％ [標準ＡＳ量４．５～５％],ｔ,bureau_area,47,沖縄県,北部３,,,17600,JPY,design_unit_price_ex_tax,published_pdl,,,2026-10,,ogb-zairyo-r8-10,10,https://www.ogb.go.jp/-/media/Files/OGB/Kaiken/kyoku/about/gikan/sekisan_roumushizai/roumu_shizai/R08/PDF_R0810_roumu_shizai_kensetu_1.pdf,PDL1.0,,沖縄総合事務局開発建設部が市場取引価格を調査して設定した単価(物価資料に載っているものは載せていない)。消費税の扱いは表に明記なし(国の積算の材料単価は税抜き)。
45959aa04728ca10,JP,material,アスファルト混合物（地）,アスファルト合材,密粒度アスコン２０ｍｍ 標準ＡＳ量４．５～５％ [標準ＡＳ量４．５～５％],ｔ,bureau_area,47,沖縄県,北部４,,,17600,JPY,design_unit_price_ex_tax,published_pdl,,,2026-10,,ogb-zairyo-r8-10,10,https://www.ogb.go.jp/-/media/Files/OGB/Kaiken/kyoku/about/gikan/sekisan_roumushizai/roumu_shizai/R08/PDF_R0810_roumu_shizai_kensetu_1.pdf,PDL1.0,,沖縄総合事務局開発建設部が市場取引価格を調査して設定した単価(物価資料に載っているものは載せていない)。消費税の扱いは表に明記なし(国の積算の材料単価は税抜き)。
4268ff8e3c0ad4fe,JP,material,アスファルト混合物（地）,アスファルト合材,密粒度アスコン２０ｍｍ 標準ＡＳ量４．５～５％ [標準ＡＳ量４．５～５％],ｔ,bureau_area,47,沖縄県,北部５,,,17400,JPY,design_unit_price_ex_tax,published_pdl,,,2026-10,,ogb-zairyo-r8-10,10,https://www.ogb.go.jp/-/media/Files/OGB/Kaiken/kyoku/about/gikan/sekisan_roumushizai/roumu_shizai/R08/PDF_R0810_roumu_shizai_kensetu_1.pdf,PDL1.0,,沖縄総合事務局開発建設部が市場取引価格を調査して設定した単価(物価資料に載っているものは載せていない)。消費税の扱いは表に明記なし(国の積算の材料単価は税抜き)。
237dea5457f5a2e6,JP,material,アスファルト混合物（地）,アスファルト合材,密粒度アスコン２０ｍｍ 標準ＡＳ量４．５～５％ [標準ＡＳ量４．５～５％],ｔ,bureau_area,47,沖縄県,中部１,,,17300,JPY,design_unit_price_ex_tax,published_pdl,,,2026-10,,ogb-zairyo-r8-10,10,https://www.ogb.go.jp/-/media/Files/OGB/Kaiken/kyoku/about/gikan/sekisan_roumushizai/roumu_shizai/R08/PDF_R0810_roumu_shizai_kensetu_1.pdf,PDL1.0,,沖縄総合事務局開発建設部が市場取引価格を調査して設定した単価(物価資料に載っているものは載せていない)。消費税の扱いは表に明記なし(国の積算の材料単価は税抜き)。
c8671932da83f968,JP,material,アスファルト混合物（地）,アスファルト合材,密粒度アスコン２０ｍｍ 標準ＡＳ量４．５～５％ [標準ＡＳ量４．５～５％],ｔ,bureau_area,47,沖縄県,中部２,,,17400,JPY,design_unit_price_ex_tax,published_pdl,,,2026-10,,ogb-zairyo-r8-10,10,https://www.ogb.go.jp/-/media/Files/OGB/Kaiken/kyoku/about/gikan/sekisan_roumushizai/roumu_shizai/R08/PDF_R0810_roumu_shizai_kensetu_1.pdf,PDL1.0,,沖縄総合事務局開発建設部が市場取引価格を調査して設定した単価(物価資料に載っているものは載せていない)。消費税の扱いは表に明記なし(国の積算の材料単価は税抜き)。
4d12b64cdb5d475a,JP,material,アスファルト混合物（地）,アスファルト合材,密粒度アスコン２０ｍｍ 標準ＡＳ量４．５～５％ [標準ＡＳ量４．５～５％],ｔ,bureau_area,47,沖縄県,南部１,,,17500,JPY,design_unit_price_ex_tax,published_pdl,,,2026-10,,ogb-zairyo-r8-10,10,https://www.ogb.go.jp/-/media/Files/OGB/Kaiken/kyoku/about/gikan/sekisan_roumushizai/roumu_shizai/R08/PDF_R0810_roumu_shizai_kensetu_1.pdf,PDL1.0,,沖縄総合事務局開発建設部が市場取引価格を調査して設定した単価(物価資料に載っているものは載せていない)。消費税の扱いは表に明記なし(国の積算の材料単価は税抜き)。
08d4de1b29912990,JP,material,アスファルト混合物（地）,アスファルト合材,密粒度アスコン２０ｍｍ 標準ＡＳ量４．５～５％ [標準ＡＳ量４．５～５％],ｔ,bureau_area,47,沖縄県,北部２Ｈ,,,18000,JPY,design_unit_price_ex_tax,published_pdl,,,2026-10,,ogb-zairyo-r8-10,10,https://www.ogb.go.jp/-/media/Files/OGB/Kaiken/kyoku/about/gikan/sekisan_roumushizai/roumu_shizai/R08/PDF_R0810_roumu_shizai_kensetu_1.pdf,PDL1.0,,沖縄総合事務局開発建設部が市場取引価格を調査して設定した単価(物価資料に載っているものは載せていない)。消費税の扱いは表に明記なし(国の積算の材料単価は税抜き)。
3b666c20222a9d2b,JP,material,アスファルト混合物（地）,アスファルト合材,アスファルトモルタル５ｍｍ 標準ＡＳ量８．０％ [標準ＡＳ量８．０％],ｔ,bureau_area,47,沖縄県,北部１,,,20500,JPY,design_unit_price_ex_tax,published_pdl,,,2026-10,,ogb-zairyo-r8-10,10,https://www.ogb.go.jp/-/media/Files/OGB/Kaiken/kyoku/about/gikan/sekisan_roumushizai/roumu_shizai/R08/PDF_R0810_roumu_shizai_kensetu_1.pdf,PDL1.0,,沖縄総合事務局開発建設部が市場取引価格を調査して設定した単価(物価資料に載っているものは載せていない)。消費税の扱いは表に明記なし(国の積算の材料単価は税抜き)。
4e689e8287161233,JP,material,アスファルト混合物（地）,アスファルト合材,アスファルトモルタル５ｍｍ 標準ＡＳ量８．０％ [標準ＡＳ量８．０％],ｔ,bureau_area,47,沖縄県,北部２,,,20200,JPY,design_unit_price_ex_tax,published_pdl,,,2026-10,,ogb-zairyo-r8-10,10,https://www.ogb.go.jp/-/media/Files/OGB/Kaiken/kyoku/about/gikan/sekisan_roumushizai/roumu_shizai/R08/PDF_R0810_roumu_shizai_kensetu_1.pdf,PDL1.0,,沖縄総合事務局開発建設部が市場取引価格を調査して設定した単価(物価資料に載っているものは載せていない)。消費税の扱いは表に明記なし(国の積算の材料単価は税抜き)。
279c3a14c40ba1b5,JP,material,アスファルト混合物（地）,アスファルト合材,アスファルトモルタル５ｍｍ 標準ＡＳ量８．０％ [標準ＡＳ量８．０％],ｔ,bureau_area,47,沖縄県,北部３,,,19800,JPY,design_unit_price_ex_tax,published_pdl,,,2026-10,,ogb-zairyo-r8-10,10,https://www.ogb.go.jp/-/media/Files/OGB/Kaiken/kyoku/about/gikan/sekisan_roumushizai/roumu_shizai/R08/PDF_R0810_roumu_shizai_kensetu_1.pdf,PDL1.0,,沖縄総合事務局開発建設部が市場取引価格を調査して設定した単価(物価資料に載っているものは載せていない)。消費税の扱いは表に明記なし(国の積算の材料単価は税抜き)。
986422a023f3033a,JP,material,アスファルト混合物（地）,アスファルト合材,アスファルトモルタル５ｍｍ 標準ＡＳ量８．０％ [標準ＡＳ量８．０％],ｔ,bureau_area,47,沖縄県,北部４,,,19800,JPY,design_unit_price_ex_tax,published_pdl,,,2026-10,,ogb-zairyo-r8-10,10,https://www.ogb.go.jp/-/media/Files/OGB/Kaiken/kyoku/about/gikan/sekisan_roumushizai/roumu_shizai/R08/PDF_R0810_roumu_shizai_kensetu_1.pdf,PDL1.0,,沖縄総合事務局開発建設部が市場取引価格を調査して設定した単価(物価資料に載っているものは載せていない)。消費税の扱いは表に明記なし(国の積算の材料単価は税抜き)。
06e2de42d534e9d6,JP,material,アスファルト混合物（地）,アスファルト合材,アスファルトモルタル５ｍｍ 標準ＡＳ量８．０％ [標準ＡＳ量８．０％],ｔ,bureau_area,47,沖縄県,北部５,,,19600,JPY,design_unit_price_ex_tax,published_pdl,,,2026-10,,ogb-zairyo-r8-10,10,https://www.ogb.go.jp/-/media/Files/OGB/Kaiken/kyoku/about/gikan/sekisan_roumushizai/roumu_shizai/R08/PDF_R0810_roumu_shizai_kensetu_1.pdf,PDL1.0,,沖縄総合事務局開発建設部が市場取引価格を調査して設定した単価(物価資料に載っているものは載せていない)。消費税の扱いは表に明記なし(国の積算の材料単価は税抜き)。
2090892ce82d62e5,JP,material,アスファルト混合物（地）,アスファルト合材,アスファルトモルタル５ｍｍ 標準ＡＳ量８．０％ [標準ＡＳ量８．０％],ｔ,bureau_area,47,沖縄県,中部１,,,19500,JPY,design_unit_price_ex_tax,published_pdl,,,2026-10,,ogb-zairyo-r8-10,10,https://www.ogb.go.jp/-/media/Files/OGB/Kaiken/kyoku/about/gikan/sekisan_roumushizai/roumu_shizai/R08/PDF_R0810_roumu_shizai_kensetu_1.pdf,PDL1.0,,沖縄総合事務局開発建設部が市場取引価格を調査して設定した単価(物価資料に載っているものは載せていない)。消費税の扱いは表に明記なし(国の積算の材料単価は税抜き)。
41ddb115bb981bd2,JP,material,アスファルト混合物（地）,アスファルト合材,アスファルトモルタル５ｍｍ 標準ＡＳ量８．０％ [標準ＡＳ量８．０％],ｔ,bureau_area,47,沖縄県,中部２,,,19600,JPY,design_unit_price_ex_tax,published_pdl,,,2026-10,,ogb-zairyo-r8-10,10,https://www.ogb.go.jp/-/media/Files/OGB/Kaiken/kyoku/about/gikan/sekisan_roumushizai/roumu_shizai/R08/PDF_R0810_roumu_shizai_kensetu_1.pdf,PDL1.0,,沖縄総合事務局開発建設部が市場取引価格を調査して設定した単価(物価資料に載っているものは載せていない)。消費税の扱いは表に明記なし(国の積算の材料単価は税抜き)。
5e0c889e478252e9,JP,material,アスファルト混合物（地）,アスファルト合材,アスファルトモルタル５ｍｍ 標準ＡＳ量８．０％ [標準ＡＳ量８．０％],ｔ,bureau_area,47,沖縄県,南部１,,,19700,JPY,design_unit_price_ex_tax,published_pdl,,,2026-10,,ogb-zairyo-r8-10,10,https://www.ogb.go.jp/-/media/Files/OGB/Kaiken/kyoku/about/gikan/sekisan_roumushizai/roumu_shizai/R08/PDF_R0810_roumu_shizai_kensetu_1.pdf,PDL1.0,,沖縄総合事務局開発建設部が市場取引価格を調査して設定した単価(物価資料に載っているものは載せていない)。消費税の扱いは表に明記なし(国の積算の材料単価は税抜き)。
8b5496f4896f643c,JP,material,アスファルト混合物（地）,アスファルト合材,アスファルトモルタル５ｍｍ 標準ＡＳ量８．０％ [標準ＡＳ量８．０％],ｔ,bureau_area,47,沖縄県,北部２Ｈ,,,20200,JPY,design_unit_price_ex_tax,published_pdl,,,2026-10,,ogb-zairyo-r8-10,10,https://www.ogb.go.jp/-/media/Files/OGB/Kaiken/kyoku/about/gikan/sekisan_roumushizai/roumu_shizai/R08/PDF_R0810_roumu_shizai_kensetu_1.pdf,PDL1.0,,沖縄総合事務局開発建設部が市場取引価格を調査して設定した単価(物価資料に載っているものは載せていない)。消費税の扱いは表に明記なし(国の積算の材料単価は税抜き)。
d40bfe82b512d49e,JP,material,アスファルト混合物（地）,アスファルト合材,カラーアスコン５ｍｍ 標準ＡＳ量７．５％ [標準ＡＳ量７．５％],ｔ,bureau_area,47,沖縄県,北部１,,,49600,JPY,design_unit_price_ex_tax,published_pdl,,,2026-10,,ogb-zairyo-r8-10,10,https://www.ogb.go.jp/-/media/Files/OGB/Kaiken/kyoku/about/gikan/sekisan_roumushizai/roumu_shizai/R08/PDF_R0810_roumu_shizai_kensetu_1.pdf,PDL1.0,,沖縄総合事務局開発建設部が市場取引価格を調査して設定した単価(物価資料に載っているものは載せていない)。消費税の扱いは表に明記なし(国の積算の材料単価は税抜き)。
185898e9be0efeb0,JP,material,アスファルト混合物（地）,アスファルト合材,カラーアスコン５ｍｍ 標準ＡＳ量７．５％ [標準ＡＳ量７．５％],ｔ,bureau_area,47,沖縄県,北部２,,,49300,JPY,design_unit_price_ex_tax,published_pdl,,,2026-10,,ogb-zairyo-r8-10,10,https://www.ogb.go.jp/-/media/Files/OGB/Kaiken/kyoku/about/gikan/sekisan_roumushizai/roumu_shizai/R08/PDF_R0810_roumu_shizai_kensetu_1.pdf,PDL1.0,,沖縄総合事務局開発建設部が市場取引価格を調査して設定した単価(物価資料に載っているものは載せていない)。消費税の扱いは表に明記なし(国の積算の材料単価は税抜き)。
5e29131f925576e8,JP,material,アスファルト混合物（地）,アスファルト合材,カラーアスコン５ｍｍ 標準ＡＳ量７．５％ [標準ＡＳ量７．５％],ｔ,bureau_area,47,沖縄県,北部３,,,48900,JPY,design_unit_price_ex_tax,published_pdl,,,2026-10,,ogb-zairyo-r8-10,10,https://www.ogb.go.jp/-/media/Files/OGB/Kaiken/kyoku/about/gikan/sekisan_roumushizai/roumu_shizai/R08/PDF_R0810_roumu_shizai_kensetu_1.pdf,PDL1.0,,沖縄総合事務局開発建設部が市場取引価格を調査して設定した単価(物価資料に載っているものは載せていない)。消費税の扱いは表に明記なし(国の積算の材料単価は税抜き)。
da8caae28349dc53,JP,material,アスファルト混合物（地）,アスファルト合材,カラーアスコン５ｍｍ 標準ＡＳ量７．５％ [標準ＡＳ量７．５％],ｔ,bureau_area,47,沖縄県,北部４,,,48900,JPY,design_unit_price_ex_tax,published_pdl,,,2026-10,,ogb-zairyo-r8-10,10,https://www.ogb.go.jp/-/media/Files/OGB/Kaiken/kyoku/about/gikan/sekisan_roumushizai/roumu_shizai/R08/PDF_R0810_roumu_shizai_kensetu_1.pdf,PDL1.0,,沖縄総合事務局開発建設部が市場取引価格を調査して設定した単価(物価資料に載っているものは載せていない)。消費税の扱いは表に明記なし(国の積算の材料単価は税抜き)。
093bac5243549cef,JP,material,アスファルト混合物（地）,アスファルト合材,カラーアスコン５ｍｍ 標準ＡＳ量７．５％ [標準ＡＳ量７．５％],ｔ,bureau_area,47,沖縄県,北部５,,,48700,JPY,design_unit_price_ex_tax,published_pdl,,,2026-10,,ogb-zairyo-r8-10,10,https://www.ogb.go.jp/-/media/Files/OGB/Kaiken/kyoku/about/gikan/sekisan_roumushizai/roumu_shizai/R08/PDF_R0810_roumu_shizai_kensetu_1.pdf,PDL1.0,,沖縄総合事務局開発建設部が市場取引価格を調査して設定した単価(物価資料に載っているものは載せていない)。消費税の扱いは表に明記なし(国の積算の材料単価は税抜き)。
0b6293f48d699820,JP,material,アスファルト混合物（地）,アスファルト合材,カラーアスコン５ｍｍ 標準ＡＳ量７．５％ [標準ＡＳ量７．５％],ｔ,bureau_area,47,沖縄県,中部１,,,48600,JPY,design_unit_price_ex_tax,published_pdl,,,2026-10,,ogb-zairyo-r8-10,10,https://www.ogb.go.jp/-/media/Files/OGB/Kaiken/kyoku/about/gikan/sekisan_roumushizai/roumu_shizai/R08/PDF_R0810_roumu_shizai_kensetu_1.pdf,PDL1.0,,沖縄総合事務局開発建設部が市場取引価格を調査して設定した単価(物価資料に載っているものは載せていない)。消費税の扱いは表に明記なし(国の積算の材料単価は税抜き)。
f30828c9017ec918,JP,material,アスファルト混合物（地）,アスファルト合材,カラーアスコン５ｍｍ 標準ＡＳ量７．５％ [標準ＡＳ量７．５％],ｔ,bureau_area,47,沖縄県,中部２,,,48700,JPY,design_unit_price_ex_tax,published_pdl,,,2026-10,,ogb-zairyo-r8-10,10,https://www.ogb.go.jp/-/media/Files/OGB/Kaiken/kyoku/about/gikan/sekisan_roumushizai/roumu_shizai/R08/PDF_R0810_roumu_shizai_kensetu_1.pdf,PDL1.0,,沖縄総合事務局開発建設部が市場取引価格を調査して設定した単価(物価資料に載っているものは載せていない)。消費税の扱いは表に明記なし(国の積算の材料単価は税抜き)。
fa007f6fc4ea5287,JP,material,アスファルト混合物（地）,アスファルト合材,カラーアスコン５ｍｍ 標準ＡＳ量７．５％ [標準ＡＳ量７．５％],ｔ,bureau_area,47,沖縄県,南部１,,,48800,JPY,design_unit_price_ex_tax,published_pdl,,,2026-10,,ogb-zairyo-r8-10,10,https://www.ogb.go.jp/-/media/Files/OGB/Kaiken/kyoku/about/gikan/sekisan_roumushizai/roumu_shizai/R08/PDF_R0810_roumu_shizai_kensetu_1.pdf,PDL1.0,,沖縄総合事務局開発建設部が市場取引価格を調査して設定した単価(物価資料に載っているものは載せていない)。消費税の扱いは表に明記なし(国の積算の材料単価は税抜き)。
dfc04fc89bfc8065,JP,material,アスファルト混合物（地）,アスファルト合材,カラーアスコン５ｍｍ 標準ＡＳ量７．５％ [標準ＡＳ量７．５％],ｔ,bureau_area,47,沖縄県,北部２Ｈ,,,49300,JPY,design_unit_price_ex_tax,published_pdl,,,2026-10,,ogb-zairyo-r8-10,10,https://www.ogb.go.jp/-/media/Files/OGB/Kaiken/kyoku/about/gikan/sekisan_roumushizai/roumu_shizai/R08/PDF_R0810_roumu_shizai_kensetu_1.pdf,PDL1.0,,沖縄総合事務局開発建設部が市場取引価格を調査して設定した単価(物価資料に載っているものは載せていない)。消費税の扱いは表に明記なし(国の積算の材料単価は税抜き)。
6e9e46ac87d81087,JP,material,アスファルト混合物（地）,アスファルト合材,再生密粒度アスコン２０ｍｍ [標準ＡＳ量４．５～５％],ｔ,bureau_area,47,沖縄県,北部１,,,17300,JPY,design_unit_price_ex_tax,published_pdl,,,2026-10,,ogb-zairyo-r8-10,10,https://www.ogb.go.jp/-/media/Files/OGB/Kaiken/kyoku/about/gikan/sekisan_roumushizai/roumu_shizai/R08/PDF_R0810_roumu_shizai_kensetu_1.pdf,PDL1.0,,沖縄総合事務局開発建設部が市場取引価格を調査して設定した単価(物価資料に載っているものは載せていない)。消費税の扱いは表に明記なし(国の積算の材料単価は税抜き)。
9ba020d0da700a1f,JP,material,アスファルト混合物（地）,アスファルト合材,再生密粒度アスコン２０ｍｍ [標準ＡＳ量４．５～５％],ｔ,bureau_area,47,沖縄県,北部２,,,17000,JPY,design_unit_price_ex_tax,published_pdl,,,2026-10,,ogb-zairyo-r8-10,10,https://www.ogb.go.jp/-/media/Files/OGB/Kaiken/kyoku/about/gikan/sekisan_roumushizai/roumu_shizai/R08/PDF_R0810_roumu_shizai_kensetu_1.pdf,PDL1.0,,沖縄総合事務局開発建設部が市場取引価格を調査して設定した単価(物価資料に載っているものは載せていない)。消費税の扱いは表に明記なし(国の積算の材料単価は税抜き)。
7457353f611483cb,JP,material,アスファルト混合物（地）,アスファルト合材,再生密粒度アスコン２０ｍｍ [標準ＡＳ量４．５～５％],ｔ,bureau_area,47,沖縄県,北部３,,,16600,JPY,design_unit_price_ex_tax,published_pdl,,,2026-10,,ogb-zairyo-r8-10,10,https://www.ogb.go.jp/-/media/Files/OGB/Kaiken/kyoku/about/gikan/sekisan_roumushizai/roumu_shizai/R08/PDF_R0810_roumu_shizai_kensetu_1.pdf,PDL1.0,,沖縄総合事務局開発建設部が市場取引価格を調査して設定した単価(物価資料に載っているものは載せていない)。消費税の扱いは表に明記なし(国の積算の材料単価は税抜き)。
cee067051660806e,JP,material,アスファルト混合物（地）,アスファルト合材,再生密粒度アスコン２０ｍｍ [標準ＡＳ量４．５～５％],ｔ,bureau_area,47,沖縄県,北部４,,,16600,JPY,design_unit_price_ex_tax,published_pdl,,,2026-10,,ogb-zairyo-r8-10,10,https://www.ogb.go.jp/-/media/Files/OGB/Kaiken/kyoku/about/gikan/sekisan_roumushizai/roumu_shizai/R08/PDF_R0810_roumu_shizai_kensetu_1.pdf,PDL1.0,,沖縄総合事務局開発建設部が市場取引価格を調査して設定した単価(物価資料に載っているものは載せていない)。消費税の扱いは表に明記なし(国の積算の材料単価は税抜き)。
d98b45c573950b09,JP,material,アスファルト混合物（地）,アスファルト合材,再生密粒度アスコン２０ｍｍ [標準ＡＳ量４．５～５％],ｔ,bureau_area,47,沖縄県,北部５,,,16400,JPY,design_unit_price_ex_tax,published_pdl,,,2026-10,,ogb-zairyo-r8-10,10,https://www.ogb.go.jp/-/media/Files/OGB/Kaiken/kyoku/about/gikan/sekisan_roumushizai/roumu_shizai/R08/PDF_R0810_roumu_shizai_kensetu_1.pdf,PDL1.0,,沖縄総合事務局開発建設部が市場取引価格を調査して設定した単価(物価資料に載っているものは載せていない)。消費税の扱いは表に明記なし(国の積算の材料単価は税抜き)。
80b5992f93ba3710,JP,material,アスファルト混合物（地）,アスファルト合材,再生密粒度アスコン２０ｍｍ [標準ＡＳ量４．５～５％],ｔ,bureau_area,47,沖縄県,中部１,,,16300,JPY,design_unit_price_ex_tax,published_pdl,,,2026-10,,ogb-zairyo-r8-10,10,https://www.ogb.go.jp/-/media/Files/OGB/Kaiken/kyoku/about/gikan/sekisan_roumushizai/roumu_shizai/R08/PDF_R0810_roumu_shizai_kensetu_1.pdf,PDL1.0,,沖縄総合事務局開発建設部が市場取引価格を調査して設定した単価(物価資料に載っているものは載せていない)。消費税の扱いは表に明記なし(国の積算の材料単価は税抜き)。
67f6422875cf58fa,JP,material,アスファルト混合物（地）,アスファルト合材,再生密粒度アスコン２０ｍｍ [標準ＡＳ量４．５～５％],ｔ,bureau_area,47,沖縄県,中部２,,,16400,JPY,design_unit_price_ex_tax,published_pdl,,,2026-10,,ogb-zairyo-r8-10,10,https://www.ogb.go.jp/-/media/Files/OGB/Kaiken/kyoku/about/gikan/sekisan_roumushizai/roumu_shizai/R08/PDF_R0810_roumu_shizai_kensetu_1.pdf,PDL1.0,,沖縄総合事務局開発建設部が市場取引価格を調査して設定した単価(物価資料に載っているものは載せていない)。消費税の扱いは表に明記なし(国の積算の材料単価は税抜き)。
dac4ded07d0e00cf,JP,material,アスファルト混合物（地）,アスファルト合材,再生密粒度アスコン２０ｍｍ [標準ＡＳ量４．５～５％],ｔ,bureau_area,47,沖縄県,南部１,,,16500,JPY,design_unit_price_ex_tax,published_pdl,,,2026-10,,ogb-zairyo-r8-10,10,https://www.ogb.go.jp/-/media/Files/OGB/Kaiken/kyoku/about/gikan/sekisan_roumushizai/roumu_shizai/R08/PDF_R0810_roumu_shizai_kensetu_1.pdf,PDL1.0,,沖縄総合事務局開発建設部が市場取引価格を調査して設定した単価(物価資料に載っているものは載せていない)。消費税の扱いは表に明記なし(国の積算の材料単価は税抜き)。
68821887f7777487,JP,material,アスファルト混合物（地）,アスファルト合材,再生密粒度アスコン２０ｍｍ [標準ＡＳ量４．５～５％],ｔ,bureau_area,47,沖縄県,北部２Ｈ,,,17000,JPY,design_unit_price_ex_tax,published_pdl,,,2026-10,,ogb-zairyo-r8-10,10,https://www.ogb.go.jp/-/media/Files/OGB/Kaiken/kyoku/about/gikan/sekisan_roumushizai/roumu_shizai/R08/PDF_R0810_roumu_shizai_kensetu_1.pdf,PDL1.0,,沖縄総合事務局開発建設部が市場取引価格を調査して設定した単価(物価資料に載っているものは載せていない)。消費税の扱いは表に明記なし(国の積算の材料単価は税抜き)。
f2fd748ff50808e8,JP,material,鉄鋼,冷間圧延ステンレス鋼板,ＳＵＳ３０４ ｔ＝１,ｋｇ,pref,47,沖縄県,沖縄県,,,670,JPY,design_unit_price_ex_tax,published_pdl,,,2026-10,,ogb-zairyo-r8-10,12,https://www.ogb.go.jp/-/media/Files/OGB/Kaiken/kyoku/about/gikan/sekisan_roumushizai/roumu_shizai/R08/PDF_R0810_roumu_shizai_kensetu_1.pdf,PDL1.0,,沖縄総合事務局開発建設部が市場取引価格を調査して設定した単価(物価資料に載っているものは載せていない)。消費税の扱いは表に明記なし(国の積算の材料単価は税抜き)。
ad51270751ccd053,JP,material,鉄鋼,冷間圧延ステンレス鋼板,ＳＵＳ３０４ ２≦ｔ≦３,ｋｇ,pref,47,沖縄県,沖縄県,,,660,JPY,design_unit_price_ex_tax,published_pdl,,,2026-10,,ogb-zairyo-r8-10,12,https://www.ogb.go.jp/-/media/Files/OGB/Kaiken/kyoku/about/gikan/sekisan_roumushizai/roumu_shizai/R08/PDF_R0810_roumu_shizai_kensetu_1.pdf,PDL1.0,,沖縄総合事務局開発建設部が市場取引価格を調査して設定した単価(物価資料に載っているものは載せていない)。消費税の扱いは表に明記なし(国の積算の材料単価は税抜き)。
3b78bb7b1fb59fce,JP,material,鉄鋼二次製品,防錆処理高力六角ボルトＦ１０Ｔ（２種Ａ）,Ｍ２２×５０ｍｍ ４９６ｇ,組,pref,47,沖縄県,沖縄県,,,329,JPY,design_unit_price_ex_tax,published_pdl,,,2026-10,,ogb-zairyo-r8-10,13,https://www.ogb.go.jp/-/media/Files/OGB/Kaiken/kyoku/about/gikan/sekisan_roumushizai/roumu_shizai/R08/PDF_R0810_roumu_shizai_kensetu_1.pdf,PDL1.0,,沖縄総合事務局開発建設部が市場取引価格を調査して設定した単価(物価資料に載っているものは載せていない)。消費税の扱いは表に明記なし(国の積算の材料単価は税抜き)。
edd4f6093baf0fc5,JP,material,鉄鋼二次製品,防錆処理高力六角ボルトＦ１０Ｔ（２種Ａ）,Ｍ２２×５５ｍｍ ５１０ｇ,組,pref,47,沖縄県,沖縄県,,,338,JPY,design_unit_price_ex_tax,published_pdl,,,2026-10,,ogb-zairyo-r8-10,13,https://www.ogb.go.jp/-/media/Files/OGB/Kaiken/kyoku/about/gikan/sekisan_roumushizai/roumu_shizai/R08/PDF_R0810_roumu_shizai_kensetu_1.pdf,PDL1.0,,沖縄総合事務局開発建設部が市場取引価格を調査して設定した単価(物価資料に載っているものは載せていない)。消費税の扱いは表に明記なし(国の積算の材料単価は税抜き)。
23cd05615d89c4ac,JP,material,鉄鋼二次製品,防錆処理高力六角ボルトＦ１０Ｔ（２種Ａ）,Ｍ２２×６０ｍｍ ５２５ｇ,組,pref,47,沖縄県,沖縄県,,,348,JPY,design_unit_price_ex_tax,published_pdl,,,2026-10,,ogb-zairyo-r8-10,13,https://www.ogb.go.jp/-/media/Files/OGB/Kaiken/kyoku/about/gikan/sekisan_roumushizai/roumu_shizai/R08/PDF_R0810_roumu_shizai_kensetu_1.pdf,PDL1.0,,沖縄総合事務局開発建設部が市場取引価格を調査して設定した単価(物価資料に載っているものは載せていない)。消費税の扱いは表に明記なし(国の積算の材料単価は税抜き)。
ce0572b16fba9efe,JP,material,鉄鋼二次製品,防錆処理高力六角ボルトＦ１０Ｔ（２種Ａ）,Ｍ２２×６５ｍｍ ５４０ｇ,組,pref,47,沖縄県,沖縄県,,,358,JPY,design_unit_price_ex_tax,published_pdl,,,2026-10,,ogb-zairyo-r8-10,13,https://www.ogb.go.jp/-/media/Files/OGB/Kaiken/kyoku/about/gikan/sekisan_roumushizai/roumu_shizai/R08/PDF_R0810_roumu_shizai_kensetu_1.pdf,PDL1.0,,沖縄総合事務局開発建設部が市場取引価格を調査して設定した単価(物価資料に載っているものは載せていない)。消費税の扱いは表に明記なし(国の積算の材料単価は税抜き)。
059fd05cc9e68970,JP,material,鉄鋼二次製品,防錆処理高力六角ボルトＦ１０Ｔ（２種Ａ）,Ｍ２２×７０ｍｍ ５５５ｇ,組,pref,47,沖縄県,沖縄県,,,368,JPY,design_unit_price_ex_tax,published_pdl,,,2026-10,,ogb-zairyo-r8-10,13,https://www.ogb.go.jp/-/media/Files/OGB/Kaiken/kyoku/about/gikan/sekisan_roumushizai/roumu_shizai/R08/PDF_R0810_roumu_shizai_kensetu_1.pdf,PDL1.0,,沖縄総合事務局開発建設部が市場取引価格を調査して設定した単価(物価資料に載っているものは載せていない)。消費税の扱いは表に明記なし(国の積算の材料単価は税抜き)。
ce46ce2d12164e90,JP,material,鉄鋼二次製品,防錆処理高力六角ボルトＦ１０Ｔ（２種Ａ）,Ｍ２２×７５ｍｍ ５７０ｇ,組,pref,47,沖縄県,沖縄県,,,378,JPY,design_unit_price_ex_tax,published_pdl,,,2026-10,,ogb-zairyo-r8-10,13,https://www.ogb.go.jp/-/media/Files/OGB/Kaiken/kyoku/about/gikan/sekisan_roumushizai/roumu_shizai/R08/PDF_R0810_roumu_shizai_kensetu_1.pdf,PDL1.0,,沖縄総合事務局開発建設部が市場取引価格を調査して設定した単価(物価資料に載っているものは載せていない)。消費税の扱いは表に明記なし(国の積算の材料単価は税抜き)。
86e9bfca4cd15f85,JP,material,鉄鋼二次製品,防錆処理高力六角ボルトＦ１０Ｔ（２種Ａ）,Ｍ２２×８０ｍｍ ５８５ｇ,組,pref,47,沖縄県,沖縄県,,,388,JPY,design_unit_price_ex_tax,published_pdl,,,2026-10,,ogb-zairyo-r8-10,13,https://www.ogb.go.jp/-/media/Files/OGB/Kaiken/kyoku/about/gikan/sekisan_roumushizai/roumu_shizai/R08/PDF_R0810_roumu_shizai_kensetu_1.pdf,PDL1.0,,沖縄総合事務局開発建設部が市場取引価格を調査して設定した単価(物価資料に載っているものは載せていない)。消費税の扱いは表に明記なし(国の積算の材料単価は税抜き)。
9b506be09374424b,JP,material,鉄鋼二次製品,防錆処理高力六角ボルトＦ１０Ｔ（２種Ａ）,Ｍ２２×８５ｍｍ ６００ｇ,組,pref,47,沖縄県,沖縄県,,,398,JPY,design_unit_price_ex_tax,published_pdl,,,2026-10,,ogb-zairyo-r8-10,13,https://www.ogb.go.jp/-/media/Files/OGB/Kaiken/kyoku/about/gikan/sekisan_roumushizai/roumu_shizai/R08/PDF_R0810_roumu_shizai_kensetu_1.pdf,PDL1.0,,沖縄総合事務局開発建設部が市場取引価格を調査して設定した単価(物価資料に載っているものは載せていない)。消費税の扱いは表に明記なし(国の積算の材料単価は税抜き)。
c61c7807b0ef9bb5,JP,material,鉄鋼二次製品,防錆処理高力六角ボルトＦ１０Ｔ（２種Ａ）,Ｍ２２×９０ｍｍ ６１５ｇ,組,pref,47,沖縄県,沖縄県,,,408,JPY,design_unit_price_ex_tax,published_pdl,,,2026-10,,ogb-zairyo-r8-10,13,https://www.ogb.go.jp/-/media/Files/OGB/Kaiken/kyoku/about/gikan/sekisan_roumushizai/roumu_shizai/R08/PDF_R0810_roumu_shizai_kensetu_1.pdf,PDL1.0,,沖縄総合事務局開発建設部が市場取引価格を調査して設定した単価(物価資料に載っているものは載せていない)。消費税の扱いは表に明記なし(国の積算の材料単価は税抜き)。
9abd2eebd2913b08,JP,material,鉄鋼二次製品,防錆処理高力六角ボルトＦ１０Ｔ（２種Ａ）,Ｍ２２×９５ｍｍ ６３０ｇ,組,pref,47,沖縄県,沖縄県,,,418,JPY,design_unit_price_ex_tax,published_pdl,,,2026-10,,ogb-zairyo-r8-10,13,https://www.ogb.go.jp/-/media/Files/OGB/Kaiken/kyoku/about/gikan/sekisan_roumushizai/roumu_shizai/R08/PDF_R0810_roumu_shizai_kensetu_1.pdf,PDL1.0,,沖縄総合事務局開発建設部が市場取引価格を調査して設定した単価(物価資料に載っているものは載せていない)。消費税の扱いは表に明記なし(国の積算の材料単価は税抜き)。
cc7a61c645700d02,JP,material,鉄鋼二次製品,防錆処理高力六角ボルトＦ１０Ｔ（２種Ａ）,Ｍ２２×１００ｍｍ ６４５ｇ,組,pref,47,沖縄県,沖縄県,,,428,JPY,design_unit_price_ex_tax,published_pdl,,,2026-10,,ogb-zairyo-r8-10,13,https://www.ogb.go.jp/-/media/Files/OGB/Kaiken/kyoku/about/gikan/sekisan_roumushizai/roumu_shizai/R08/PDF_R0810_roumu_shizai_kensetu_1.pdf,PDL1.0,,沖縄総合事務局開発建設部が市場取引価格を調査して設定した単価(物価資料に載っているものは載せていない)。消費税の扱いは表に明記なし(国の積算の材料単価は税抜き)。
4033b931277bfbd7,JP,material,鉄鋼二次製品,防錆処理高力六角ボルトＦ１０Ｔ（２種Ａ）,Ｍ２２×１０５ｍｍ ６５９ｇ,組,pref,47,沖縄県,沖縄県,,,437,JPY,design_unit_price_ex_tax,published_pdl,,,2026-10,,ogb-zairyo-r8-10,13,https://www.ogb.go.jp/-/media/Files/OGB/Kaiken/kyoku/about/gikan/sekisan_roumushizai/roumu_shizai/R08/PDF_R0810_roumu_shizai_kensetu_1.pdf,PDL1.0,,沖縄総合事務局開発建設部が市場取引価格を調査して設定した単価(物価資料に載っているものは載せていない)。消費税の扱いは表に明記なし(国の積算の材料単価は税抜き)。
39195e98e0f5858c,JP,material,鉄鋼二次製品,防錆処理高力トルシアボルトＳ１０Ｔ,Ｍ２２×５５ｍｍ ４７８ｇ,組,pref,47,沖縄県,沖縄県,,,312,JPY,design_unit_price_ex_tax,published_pdl,,,2026-10,,ogb-zairyo-r8-10,13,https://www.ogb.go.jp/-/media/Files/OGB/Kaiken/kyoku/about/gikan/sekisan_roumushizai/roumu_shizai/R08/PDF_R0810_roumu_shizai_kensetu_1.pdf,PDL1.0,,沖縄総合事務局開発建設部が市場取引価格を調査して設定した単価(物価資料に載っているものは載せていない)。消費税の扱いは表に明記なし(国の積算の材料単価は税抜き)。
474d17afef16c7e7,JP,material,鉄鋼二次製品,防錆処理高力トルシアボルトＳ１０Ｔ,Ｍ２２×６０ｍｍ ４９３ｇ,組,pref,47,沖縄県,沖縄県,,,322,JPY,design_unit_price_ex_tax,published_pdl,,,2026-10,,ogb-zairyo-r8-10,13,https://www.ogb.go.jp/-/media/Files/OGB/Kaiken/kyoku/about/gikan/sekisan_roumushizai/roumu_shizai/R08/PDF_R0810_roumu_shizai_kensetu_1.pdf,PDL1.0,,沖縄総合事務局開発建設部が市場取引価格を調査して設定した単価(物価資料に載っているものは載せていない)。消費税の扱いは表に明記なし(国の積算の材料単価は税抜き)。
d3e6ca1c1de095fa,JP,material,鉄鋼二次製品,防錆処理高力トルシアボルトＳ１０Ｔ,Ｍ２２×６５ｍｍ ５０８ｇ,組,pref,47,沖縄県,沖縄県,,,332,JPY,design_unit_price_ex_tax,published_pdl,,,2026-10,,ogb-zairyo-r8-10,13,https://www.ogb.go.jp/-/media/Files/OGB/Kaiken/kyoku/about/gikan/sekisan_roumushizai/roumu_shizai/R08/PDF_R0810_roumu_shizai_kensetu_1.pdf,PDL1.0,,沖縄総合事務局開発建設部が市場取引価格を調査して設定した単価(物価資料に載っているものは載せていない)。消費税の扱いは表に明記なし(国の積算の材料単価は税抜き)。
5a36f6e52ce094a3,JP,material,鉄鋼二次製品,防錆処理高力トルシアボルトＳ１０Ｔ,Ｍ２２×７０ｍｍ ５２３ｇ,組,pref,47,沖縄県,沖縄県,,,342,JPY,design_unit_price_ex_tax,published_pdl,,,2026-10,,ogb-zairyo-r8-10,13,https://www.ogb.go.jp/-/media/Files/OGB/Kaiken/kyoku/about/gikan/sekisan_roumushizai/roumu_shizai/R08/PDF_R0810_roumu_shizai_kensetu_1.pdf,PDL1.0,,沖縄総合事務局開発建設部が市場取引価格を調査して設定した単価(物価資料に載っているものは載せていない)。消費税の扱いは表に明記なし(国の積算の材料単価は税抜き)。
1a434c7718b1cff6,JP,material,鉄鋼二次製品,防錆処理高力トルシアボルトＳ１０Ｔ,Ｍ２２×７５ｍｍ ５３８ｇ,組,pref,47,沖縄県,沖縄県,,,352,JPY,design_unit_price_ex_tax,published_pdl,,,2026-10,,ogb-zairyo-r8-10,13,https://www.ogb.go.jp/-/media/Files/OGB/Kaiken/kyoku/about/gikan/sekisan_roumushizai/roumu_shizai/R08/PDF_R0810_roumu_shizai_kensetu_1.pdf,PDL1.0,,沖縄総合事務局開発建設部が市場取引価格を調査して設定した単価(物価資料に載っているものは載せていない)。消費税の扱いは表に明記なし(国の積算の材料単価は税抜き)。
3f2031239ab631e8,JP,material,鉄鋼二次製品,防錆処理高力トルシアボルトＳ１０Ｔ,Ｍ２２×８０ｍｍ ５５３ｇ,組,pref,47,沖縄県,沖縄県,,,361,JPY,design_unit_price_ex_tax,published_pdl,,,2026-10,,ogb-zairyo-r8-10,13,https://www.ogb.go.jp/-/media/Files/OGB/Kaiken/kyoku/about/gikan/sekisan_roumushizai/roumu_shizai/R08/PDF_R0810_roumu_shizai_kensetu_1.pdf,PDL1.0,,沖縄総合事務局開発建設部が市場取引価格を調査して設定した単価(物価資料に載っているものは載せていない)。消費税の扱いは表に明記なし(国の積算の材料単価は税抜き)。
5a3c9c46127ef3bd,JP,material,鉄鋼二次製品,防錆処理高力トルシアボルトＳ１０Ｔ,Ｍ２２×８５ｍｍ ５６８ｇ,組,pref,47,沖縄県,沖縄県,,,371,JPY,design_unit_price_ex_tax,published_pdl,,,2026-10,,ogb-zairyo-r8-10,13,https://www.ogb.go.jp/-/media/Files/OGB/Kaiken/kyoku/about/gikan/sekisan_roumushizai/roumu_shizai/R08/PDF_R0810_roumu_shizai_kensetu_1.pdf,PDL1.0,,沖縄総合事務局開発建設部が市場取引価格を調査して設定した単価(物価資料に載っているものは載せていない)。消費税の扱いは表に明記なし(国の積算の材料単価は税抜き)。
04b33985fd677674,JP,material,鉄鋼二次製品,防錆処理高力トルシアボルトＳ１０Ｔ,Ｍ２２×９０ｍｍ ５８３ｇ,組,pref,47,沖縄県,沖縄県,,,381,JPY,design_unit_price_ex_tax,published_pdl,,,2026-10,,ogb-zairyo-r8-10,13,https://www.ogb.go.jp/-/media/Files/OGB/Kaiken/kyoku/about/gikan/sekisan_roumushizai/roumu_shizai/R08/PDF_R0810_roumu_shizai_kensetu_1.pdf,PDL1.0,,沖縄総合事務局開発建設部が市場取引価格を調査して設定した単価(物価資料に載っているものは載せていない)。消費税の扱いは表に明記なし(国の積算の材料単価は税抜き)。
0808cbc8f5095a5e,JP,material,鉄鋼二次製品,防錆処理高力トルシアボルトＳ１０Ｔ,Ｍ２２×９５ｍｍ ５９８ｇ,組,pref,47,沖縄県,沖縄県,,,391,JPY,design_unit_price_ex_tax,published_pdl,,,2026-10,,ogb-zairyo-r8-10,13,https://www.ogb.go.jp/-/media/Files/OGB/Kaiken/kyoku/about/gikan/sekisan_roumushizai/roumu_shizai/R08/PDF_R0810_roumu_shizai_kensetu_1.pdf,PDL1.0,,沖縄総合事務局開発建設部が市場取引価格を調査して設定した単価(物価資料に載っているものは載せていない)。消費税の扱いは表に明記なし(国の積算の材料単価は税抜き)。
e1e6513de80e6bb9,JP,material,鉄鋼二次製品,防錆処理高力トルシアボルトＳ１０Ｔ,Ｍ２２×１００ｍｍ ６１３ｇ,組,pref,47,沖縄県,沖縄県,,,401,JPY,design_unit_price_ex_tax,published_pdl,,,2026-10,,ogb-zairyo-r8-10,13,https://www.ogb.go.jp/-/media/Files/OGB/Kaiken/kyoku/about/gikan/sekisan_roumushizai/roumu_shizai/R08/PDF_R0810_roumu_shizai_kensetu_1.pdf,PDL1.0,,沖縄総合事務局開発建設部が市場取引価格を調査して設定した単価(物価資料に載っているものは載せていない)。消費税の扱いは表に明記なし(国の積算の材料単価は税抜き)。
26195959b7ecab3f,JP,material,鉄鋼二次製品,防錆処理高力トルシアボルトＳ１０Ｔ,Ｍ２２×１０５ｍｍ ６２８ｇ,組,pref,47,沖縄県,沖縄県,,,410,JPY,design_unit_price_ex_tax,published_pdl,,,2026-10,,ogb-zairyo-r8-10,13,https://www.ogb.go.jp/-/media/Files/OGB/Kaiken/kyoku/about/gikan/sekisan_roumushizai/roumu_shizai/R08/PDF_R0810_roumu_shizai_kensetu_1.pdf,PDL1.0,,沖縄総合事務局開発建設部が市場取引価格を調査して設定した単価(物価資料に載っているものは載せていない)。消費税の扱いは表に明記なし(国の積算の材料単価は税抜き)。
279ebaebc09c0a8e,JP,material,鉄鋼二次製品,防錆処理高力トルシアボルトＳ１０Ｔ,Ｍ２２×１１０ｍｍ ６４３ｇ,組,pref,47,沖縄県,沖縄県,,,420,JPY,design_unit_price_ex_tax,published_pdl,,,2026-10,,ogb-zairyo-r8-10,13,https://www.ogb.go.jp/-/media/Files/OGB/Kaiken/kyoku/about/gikan/sekisan_roumushizai/roumu_shizai/R08/PDF_R0810_roumu_shizai_kensetu_1.pdf,PDL1.0,,沖縄総合事務局開発建設部が市場取引価格を調査して設定した単価(物価資料に載っているものは載せていない)。消費税の扱いは表に明記なし(国の積算の材料単価は税抜き)。
4f3d952e068d63a9,JP,material,鉄鋼二次製品,防錆処理高力トルシアボルトＳ１０Ｔ,Ｍ２２×１１５ｍｍ ６５８ｇ,組,pref,47,沖縄県,沖縄県,,,430,JPY,design_unit_price_ex_tax,published_pdl,,,2026-10,,ogb-zairyo-r8-10,13,https://www.ogb.go.jp/-/media/Files/OGB/Kaiken/kyoku/about/gikan/sekisan_roumushizai/roumu_shizai/R08/PDF_R0810_roumu_shizai_kensetu_1.pdf,PDL1.0,,沖縄総合事務局開発建設部が市場取引価格を調査して設定した単価(物価資料に載っているものは載せていない)。消費税の扱いは表に明記なし(国の積算の材料単価は税抜き)。
0d3e8a09086f2296,JP,material,鉄鋼二次製品,防錆処理高力トルシアボルトＳ１０Ｔ,Ｍ２２×１２０ｍｍ ６７３ｇ,組,pref,47,沖縄県,沖縄県,,,440,JPY,design_unit_price_ex_tax,published_pdl,,,2026-10,,ogb-zairyo-r8-10,14,https://www.ogb.go.jp/-/media/Files/OGB/Kaiken/kyoku/about/gikan/sekisan_roumushizai/roumu_shizai/R08/PDF_R0810_roumu_shizai_kensetu_1.pdf,PDL1.0,,沖縄総合事務局開発建設部が市場取引価格を調査して設定した単価(物価資料に載っているものは載せていない)。消費税の扱いは表に明記なし(国の積算の材料単価は税抜き)。
d9f3c5175bd5064a,JP,material,鉄鋼二次製品,スタットジベル,φ１９ｍｍ×１００ｍｍ [溶接込価格],本,pref,47,沖縄県,沖縄県,,,387,JPY,design_unit_price_ex_tax,published_pdl,,,2026-10,,ogb-zairyo-r8-10,14,https://www.ogb.go.jp/-/media/Files/OGB/Kaiken/kyoku/about/gikan/sekisan_roumushizai/roumu_shizai/R08/PDF_R0810_roumu_shizai_kensetu_1.pdf,PDL1.0,,沖縄総合事務局開発建設部が市場取引価格を調査して設定した単価(物価資料に載っているものは載せていない)。消費税の扱いは表に明記なし(国の積算の材料単価は税抜き)。
cec7dca150d40e7f,JP,material,鉄鋼二次製品,スタットジベル,φ１９ｍｍ×１１０ｍｍ [溶接込価格],本,pref,47,沖縄県,沖縄県,,,392,JPY,design_unit_price_ex_tax,published_pdl,,,2026-10,,ogb-zairyo-r8-10,14,https://www.ogb.go.jp/-/media/Files/OGB/Kaiken/kyoku/about/gikan/sekisan_roumushizai/roumu_shizai/R08/PDF_R0810_roumu_shizai_kensetu_1.pdf,PDL1.0,,沖縄総合事務局開発建設部が市場取引価格を調査して設定した単価(物価資料に載っているものは載せていない)。消費税の扱いは表に明記なし(国の積算の材料単価は税抜き)。
9d19326894bdb583,JP,material,鉄鋼二次製品,スタットジベル,φ１９ｍｍ×１２０ｍｍ [溶接込価格],本,pref,47,沖縄県,沖縄県,,,396,JPY,design_unit_price_ex_tax,published_pdl,,,2026-10,,ogb-zairyo-r8-10,14,https://www.ogb.go.jp/-/media/Files/OGB/Kaiken/kyoku/about/gikan/sekisan_roumushizai/roumu_shizai/R08/PDF_R0810_roumu_shizai_kensetu_1.pdf,PDL1.0,,沖縄総合事務局開発建設部が市場取引価格を調査して設定した単価(物価資料に載っているものは載せていない)。消費税の扱いは表に明記なし(国の積算の材料単価は税抜き)。
eed75d79ff5aacd7,JP,material,鉄鋼二次製品,スタットジベル,φ１９ｍｍ×１３０ｍｍ [溶接込価格],本,pref,47,沖縄県,沖縄県,,,407,JPY,design_unit_price_ex_tax,published_pdl,,,2026-10,,ogb-zairyo-r8-10,14,https://www.ogb.go.jp/-/media/Files/OGB/Kaiken/kyoku/about/gikan/sekisan_roumushizai/roumu_shizai/R08/PDF_R0810_roumu_shizai_kensetu_1.pdf,PDL1.0,,沖縄総合事務局開発建設部が市場取引価格を調査して設定した単価(物価資料に載っているものは載せていない)。消費税の扱いは表に明記なし(国の積算の材料単価は税抜き)。
a4212cb3ab3d1db7,JP,material,鉄鋼二次製品,スタットジベル,φ１９ｍｍ×１４０ｍｍ [溶接込価格],本,pref,47,沖縄県,沖縄県,,,414,JPY,design_unit_price_ex_tax,published_pdl,,,2026-10,,ogb-zairyo-r8-10,14,https://www.ogb.go.jp/-/media/Files/OGB/Kaiken/kyoku/about/gikan/sekisan_roumushizai/roumu_shizai/R08/PDF_R0810_roumu_shizai_kensetu_1.pdf,PDL1.0,,沖縄総合事務局開発建設部が市場取引価格を調査して設定した単価(物価資料に載っているものは載せていない)。消費税の扱いは表に明記なし(国の積算の材料単価は税抜き)。
f9cffea78211476a,JP,material,鉄鋼二次製品,スタットジベル,φ１９ｍｍ×１５０ｍｍ [溶接込価格],本,pref,47,沖縄県,沖縄県,,,423,JPY,design_unit_price_ex_tax,published_pdl,,,2026-10,,ogb-zairyo-r8-10,14,https://www.ogb.go.jp/-/media/Files/OGB/Kaiken/kyoku/about/gikan/sekisan_roumushizai/roumu_shizai/R08/PDF_R0810_roumu_shizai_kensetu_1.pdf,PDL1.0,,沖縄総合事務局開発建設部が市場取引価格を調査して設定した単価(物価資料に載っているものは載せていない)。消費税の扱いは表に明記なし(国の積算の材料単価は税抜き)。
0e596abcec10329b,JP,material,鉄鋼二次製品,スタットジベル,φ２２ｍｍ×１００ｍｍ [溶接込価格],本,pref,47,沖縄県,沖縄県,,,514,JPY,design_unit_price_ex_tax,published_pdl,,,2026-10,,ogb-zairyo-r8-10,14,https://www.ogb.go.jp/-/media/Files/OGB/Kaiken/kyoku/about/gikan/sekisan_roumushizai/roumu_shizai/R08/PDF_R0810_roumu_shizai_kensetu_1.pdf,PDL1.0,,沖縄総合事務局開発建設部が市場取引価格を調査して設定した単価(物価資料に載っているものは載せていない)。消費税の扱いは表に明記なし(国の積算の材料単価は税抜き)。
0ef580f1ab779c89,JP,material,鉄鋼二次製品,スタットジベル,φ２２ｍｍ×１１０ｍｍ [溶接込価格],本,pref,47,沖縄県,沖縄県,,,522,JPY,design_unit_price_ex_tax,published_pdl,,,2026-10,,ogb-zairyo-r8-10,14,https://www.ogb.go.jp/-/media/Files/OGB/Kaiken/kyoku/about/gikan/sekisan_roumushizai/roumu_shizai/R08/PDF_R0810_roumu_shizai_kensetu_1.pdf,PDL1.0,,沖縄総合事務局開発建設部が市場取引価格を調査して設定した単価(物価資料に載っているものは載せていない)。消費税の扱いは表に明記なし(国の積算の材料単価は税抜き)。
d1ea51b4b667018b,JP,material,鉄鋼二次製品,スタットジベル,φ２２ｍｍ×１２０ｍｍ [溶接込価格],本,pref,47,沖縄県,沖縄県,,,528,JPY,design_unit_price_ex_tax,published_pdl,,,2026-10,,ogb-zairyo-r8-10,14,https://www.ogb.go.jp/-/media/Files/OGB/Kaiken/kyoku/about/gikan/sekisan_roumushizai/roumu_shizai/R08/PDF_R0810_roumu_shizai_kensetu_1.pdf,PDL1.0,,沖縄総合事務局開発建設部が市場取引価格を調査して設定した単価(物価資料に載っているものは載せていない)。消費税の扱いは表に明記なし(国の積算の材料単価は税抜き)。
c2da0c489f35192f,JP,material,鉄鋼二次製品,スタットジベル,φ２２ｍｍ×１３０ｍｍ [溶接込価格],本,pref,47,沖縄県,沖縄県,,,540,JPY,design_unit_price_ex_tax,published_pdl,,,2026-10,,ogb-zairyo-r8-10,14,https://www.ogb.go.jp/-/media/Files/OGB/Kaiken/kyoku/about/gikan/sekisan_roumushizai/roumu_shizai/R08/PDF_R0810_roumu_shizai_kensetu_1.pdf,PDL1.0,,沖縄総合事務局開発建設部が市場取引価格を調査して設定した単価(物価資料に載っているものは載せていない)。消費税の扱いは表に明記なし(国の積算の材料単価は税抜き)。
a3ebddf4dfb70496,JP,material,鉄鋼二次製品,スタットジベル,φ２２ｍｍ×１４０ｍｍ [溶接込価格],本,pref,47,沖縄県,沖縄県,,,554,JPY,design_unit_price_ex_tax,published_pdl,,,2026-10,,ogb-zairyo-r8-10,14,https://www.ogb.go.jp/-/media/Files/OGB/Kaiken/kyoku/about/gikan/sekisan_roumushizai/roumu_shizai/R08/PDF_R0810_roumu_shizai_kensetu_1.pdf,PDL1.0,,沖縄総合事務局開発建設部が市場取引価格を調査して設定した単価(物価資料に載っているものは載せていない)。消費税の扱いは表に明記なし(国の積算の材料単価は税抜き)。
e9b2c86c40486b2e,JP,material,鉄鋼二次製品,スタットジベル,φ２２ｍｍ×１５０ｍｍ [溶接込価格],本,pref,47,沖縄県,沖縄県,,,568,JPY,design_unit_price_ex_tax,published_pdl,,,2026-10,,ogb-zairyo-r8-10,14,https://www.ogb.go.jp/-/media/Files/OGB/Kaiken/kyoku/about/gikan/sekisan_roumushizai/roumu_shizai/R08/PDF_R0810_roumu_shizai_kensetu_1.pdf,PDL1.0,,沖縄総合事務局開発建設部が市場取引価格を調査して設定した単価(物価資料に載っているものは載せていない)。消費税の扱いは表に明記なし(国の積算の材料単価は税抜き)。
279b2d886c91cc34,JP,material,鉄鋼二次製品,スタットジベル,φ２２ｍｍ×２２０ｍｍ [溶接込価格],本,pref,47,沖縄県,沖縄県,,,693,JPY,design_unit_price_ex_tax,published_pdl,,,2026-10,,ogb-zairyo-r8-10,14,https://www.ogb.go.jp/-/media/Files/OGB/Kaiken/kyoku/about/gikan/sekisan_roumushizai/roumu_shizai/R08/PDF_R0810_roumu_shizai_kensetu_1.pdf,PDL1.0,,沖縄総合事務局開発建設部が市場取引価格を調査して設定した単価(物価資料に載っているものは載せていない)。消費税の扱いは表に明記なし(国の積算の材料単価は税抜き)。
fea88dd40964a015,JP,material,鉄鋼二次製品,異形スタッド,Ｄ２２ｍｍ×２００ｍｍ [溶接込価格],本,pref,47,沖縄県,沖縄県,,,1260,JPY,design_unit_price_ex_tax,published_pdl,,,2026-10,,ogb-zairyo-r8-10,14,https://www.ogb.go.jp/-/media/Files/OGB/Kaiken/kyoku/about/gikan/sekisan_roumushizai/roumu_shizai/R08/PDF_R0810_roumu_shizai_kensetu_1.pdf,PDL1.0,,沖縄総合事務局開発建設部が市場取引価格を調査して設定した単価(物価資料に載っているものは載せていない)。消費税の扱いは表に明記なし(国の積算の材料単価は税抜き)。
f632105d1046450e,JP,material,鉄鋼二次製品,異形スタッド,Ｄ２２ｍｍ×３００ｍｍ [溶接込価格],本,pref,47,沖縄県,沖縄県,,,1390,JPY,design_unit_price_ex_tax,published_pdl,,,2026-10,,ogb-zairyo-r8-10,14,https://www.ogb.go.jp/-/media/Files/OGB/Kaiken/kyoku/about/gikan/sekisan_roumushizai/roumu_shizai/R08/PDF_R0810_roumu_shizai_kensetu_1.pdf,PDL1.0,,沖縄総合事務局開発建設部が市場取引価格を調査して設定した単価(物価資料に載っているものは載せていない)。消費税の扱いは表に明記なし(国の積算の材料単価は税抜き)。
a6ecbe5a86afd7b9,JP,material,鉄鋼二次製品,異形スタッド,Ｄ２２ｍｍ×３５０ｍｍ [溶接込価格],本,pref,47,沖縄県,沖縄県,,,1460,JPY,design_unit_price_ex_tax,published_pdl,,,2026-10,,ogb-zairyo-r8-10,14,https://www.ogb.go.jp/-/media/Files/OGB/Kaiken/kyoku/about/gikan/sekisan_roumushizai/roumu_shizai/R08/PDF_R0810_roumu_shizai_kensetu_1.pdf,PDL1.0,,沖縄総合事務局開発建設部が市場取引価格を調査して設定した単価(物価資料に載っているものは載せていない)。消費税の扱いは表に明記なし(国の積算の材料単価は税抜き)。
20e9c0c2915d0103,JP,material,鉄鋼二次製品,異形スタッド,Ｄ２２ｍｍ×４００ｍｍ [溶接込価格],本,pref,47,沖縄県,沖縄県,,,1530,JPY,design_unit_price_ex_tax,published_pdl,,,2026-10,,ogb-zairyo-r8-10,14,https://www.ogb.go.jp/-/media/Files/OGB/Kaiken/kyoku/about/gikan/sekisan_roumushizai/roumu_shizai/R08/PDF_R0810_roumu_shizai_kensetu_1.pdf,PDL1.0,,沖縄総合事務局開発建設部が市場取引価格を調査して設定した単価(物価資料に載っているものは載せていない)。消費税の扱いは表に明記なし(国の積算の材料単価は税抜き)。
b31abaa54b393707,JP,material,鉄鋼二次製品,異形スタッド,Ｄ２２ｍｍ×４５０ｍｍ [溶接込価格],本,pref,47,沖縄県,沖縄県,,,1590,JPY,design_unit_price_ex_tax,published_pdl,,,2026-10,,ogb-zairyo-r8-10,14,https://www.ogb.go.jp/-/media/Files/OGB/Kaiken/kyoku/about/gikan/sekisan_roumushizai/roumu_shizai/R08/PDF_R0810_roumu_shizai_kensetu_1.pdf,PDL1.0,,沖縄総合事務局開発建設部が市場取引価格を調査して設定した単価(物価資料に載っているものは載せていない)。消費税の扱いは表に明記なし(国の積算の材料単価は税抜き)。
222575c1d907cad2,JP,material,鉄鋼二次製品,ボルト,Ｗ１／２ Ｌ＝２４０,本,pref,47,沖縄県,沖縄県,,,140,JPY,design_unit_price_ex_tax,published_pdl,,,2026-10,,ogb-zairyo-r8-10,14,https://www.ogb.go.jp/-/media/Files/OGB/Kaiken/kyoku/about/gikan/sekisan_roumushizai/roumu_shizai/R08/PDF_R0810_roumu_shizai_kensetu_1.pdf,PDL1.0,,沖縄総合事務局開発建設部が市場取引価格を調査して設定した単価(物価資料に載っているものは載せていない)。消費税の扱いは表に明記なし(国の積算の材料単価は税抜き)。
88145cdf84a765d8,JP,material,鉄鋼二次製品,ロックボルト,耐力１１７．７ＫＮ以上附属品含 Ｌ＝２ｍ,組,pref,47,沖縄県,沖縄県,,,3000,JPY,design_unit_price_ex_tax,published_pdl,,,2026-10,,ogb-zairyo-r8-10,14,https://www.ogb.go.jp/-/media/Files/OGB/Kaiken/kyoku/about/gikan/sekisan_roumushizai/roumu_shizai/R08/PDF_R0810_roumu_shizai_kensetu_1.pdf,PDL1.0,,沖縄総合事務局開発建設部が市場取引価格を調査して設定した単価(物価資料に載っているものは載せていない)。消費税の扱いは表に明記なし(国の積算の材料単価は税抜き)。
d8d152f6c36378fb,JP,material,コンクリート製品,歩道用平板ブロック,３００×３００×６０,枚,pref,47,沖縄県,沖縄県,,,470,JPY,design_unit_price_ex_tax,published_pdl,,,2026-10,,ogb-zairyo-r8-10,15,https://www.ogb.go.jp/-/media/Files/OGB/Kaiken/kyoku/about/gikan/sekisan_roumushizai/roumu_shizai/R08/PDF_R0810_roumu_shizai_kensetu_1.pdf,PDL1.0,,沖縄総合事務局開発建設部が市場取引価格を調査して設定した単価(物価資料に載っているものは載せていない)。消費税の扱いは表に明記なし(国の積算の材料単価は税抜き)。
003c38644d83a996,JP,material,木材,松丸太,長０．９ｍ 末口９ｃｍ,本,pref,47,沖縄県,沖縄県,,,816,JPY,design_unit_price_ex_tax,published_pdl,,,2026-10,,ogb-zairyo-r8-10,16,https://www.ogb.go.jp/-/media/Files/OGB/Kaiken/kyoku/about/gikan/sekisan_roumushizai/roumu_shizai/R08/PDF_R0810_roumu_shizai_kensetu_1.pdf,PDL1.0,,沖縄総合事務局開発建設部が市場取引価格を調査して設定した単価(物価資料に載っているものは載せていない)。消費税の扱いは表に明記なし(国の積算の材料単価は税抜き)。
8e61df9e1f36264c,JP,material,木材,松丸太,長０．９ｍ 末口１０ｃｍ,本,pref,47,沖縄県,沖縄県,,,1000,JPY,design_unit_price_ex_tax,published_pdl,,,2026-10,,ogb-zairyo-r8-10,16,https://www.ogb.go.jp/-/media/Files/OGB/Kaiken/kyoku/about/gikan/sekisan_roumushizai/roumu_shizai/R08/PDF_R0810_roumu_shizai_kensetu_1.pdf,PDL1.0,,沖縄総合事務局開発建設部が市場取引価格を調査して設定した単価(物価資料に載っているものは載せていない)。消費税の扱いは表に明記なし(国の積算の材料単価は税抜き)。
6897e6ce695c82bb,JP,material,木材,松丸太,長１．０ｍ 末口９ｃｍ,本,pref,47,沖縄県,沖縄県,,,907,JPY,design_unit_price_ex_tax,published_pdl,,,2026-10,,ogb-zairyo-r8-10,16,https://www.ogb.go.jp/-/media/Files/OGB/Kaiken/kyoku/about/gikan/sekisan_roumushizai/roumu_shizai/R08/PDF_R0810_roumu_shizai_kensetu_1.pdf,PDL1.0,,沖縄総合事務局開発建設部が市場取引価格を調査して設定した単価(物価資料に載っているものは載せていない)。消費税の扱いは表に明記なし(国の積算の材料単価は税抜き)。
948badc3ac8ff074,JP,material,木材,松丸太,長１．２ｍ 末口１５ｃｍ,本,pref,47,沖縄県,沖縄県,,,3260,JPY,design_unit_price_ex_tax,published_pdl,,,2026-10,,ogb-zairyo-r8-10,16,https://www.ogb.go.jp/-/media/Files/OGB/Kaiken/kyoku/about/gikan/sekisan_roumushizai/roumu_shizai/R08/PDF_R0810_roumu_shizai_kensetu_1.pdf,PDL1.0,,沖縄総合事務局開発建設部が市場取引価格を調査して設定した単価(物価資料に載っているものは載せていない)。消費税の扱いは表に明記なし(国の積算の材料単価は税抜き)。
b0021e06e2011d1c,JP,material,木材,松丸太,長１．８ｍ 末口９ｃｍ,本,pref,47,沖縄県,沖縄県,,,1630,JPY,design_unit_price_ex_tax,published_pdl,,,2026-10,,ogb-zairyo-r8-10,16,https://www.ogb.go.jp/-/media/Files/OGB/Kaiken/kyoku/about/gikan/sekisan_roumushizai/roumu_shizai/R08/PDF_R0810_roumu_shizai_kensetu_1.pdf,PDL1.0,,沖縄総合事務局開発建設部が市場取引価格を調査して設定した単価(物価資料に載っているものは載せていない)。消費税の扱いは表に明記なし(国の積算の材料単価は税抜き)。
d3d1d09b5325b0a2,JP,material,木材,松丸太,長２．０ｍ 末口９ｃｍ,本,pref,47,沖縄県,沖縄県,,,1810,JPY,design_unit_price_ex_tax,published_pdl,,,2026-10,,ogb-zairyo-r8-10,16,https://www.ogb.go.jp/-/media/Files/OGB/Kaiken/kyoku/about/gikan/sekisan_roumushizai/roumu_shizai/R08/PDF_R0810_roumu_shizai_kensetu_1.pdf,PDL1.0,,沖縄総合事務局開発建設部が市場取引価格を調査して設定した単価(物価資料に載っているものは載せていない)。消費税の扱いは表に明記なし(国の積算の材料単価は税抜き)。
84339b784f8e470d,JP,material,木材,松丸太,長２．０ｍ 末口１５ｃｍ,本,pref,47,沖縄県,沖縄県,,,5440,JPY,design_unit_price_ex_tax,published_pdl,,,2026-10,,ogb-zairyo-r8-10,16,https://www.ogb.go.jp/-/media/Files/OGB/Kaiken/kyoku/about/gikan/sekisan_roumushizai/roumu_shizai/R08/PDF_R0810_roumu_shizai_kensetu_1.pdf,PDL1.0,,沖縄総合事務局開発建設部が市場取引価格を調査して設定した単価(物価資料に載っているものは載せていない)。消費税の扱いは表に明記なし(国の積算の材料単価は税抜き)。
c7b6b3a2c5aa0c5a,JP,material,木材,松丸太,長２．１ｍ 末口６ｃｍ,本,pref,47,沖縄県,沖縄県,,,846,JPY,design_unit_price_ex_tax,published_pdl,,,2026-10,,ogb-zairyo-r8-10,16,https://www.ogb.go.jp/-/media/Files/OGB/Kaiken/kyoku/about/gikan/sekisan_roumushizai/roumu_shizai/R08/PDF_R0810_roumu_shizai_kensetu_1.pdf,PDL1.0,,沖縄総合事務局開発建設部が市場取引価格を調査して設定した単価(物価資料に載っているものは載せていない)。消費税の扱いは表に明記なし(国の積算の材料単価は税抜き)。
29777ac971effdc8,JP,material,木材,松丸太,長１．５ｍ 末口１２ｃｍ,本,pref,47,沖縄県,沖縄県,,,2410,JPY,design_unit_price_ex_tax,published_pdl,,,2026-10,,ogb-zairyo-r8-10,16,https://www.ogb.go.jp/-/media/Files/OGB/Kaiken/kyoku/about/gikan/sekisan_roumushizai/roumu_shizai/R08/PDF_R0810_roumu_shizai_kensetu_1.pdf,PDL1.0,,沖縄総合事務局開発建設部が市場取引価格を調査して設定した単価(物価資料に載っているものは載せていない)。消費税の扱いは表に明記なし(国の積算の材料単価は税抜き)。
8821042460f8cfb7,JP,material,木材,松丸太,長１．８ｍ 末口１２ｃｍ,本,pref,47,沖縄県,沖縄県,,,2900,JPY,design_unit_price_ex_tax,published_pdl,,,2026-10,,ogb-zairyo-r8-10,16,https://www.ogb.go.jp/-/media/Files/OGB/Kaiken/kyoku/about/gikan/sekisan_roumushizai/roumu_shizai/R08/PDF_R0810_roumu_shizai_kensetu_1.pdf,PDL1.0,,沖縄総合事務局開発建設部が市場取引価格を調査して設定した単価(物価資料に載っているものは載せていない)。消費税の扱いは表に明記なし(国の積算の材料単価は税抜き)。
ad6ee857177def0a,JP,material,木材,松丸太,長２．０ｍ 末口１２ｃｍ,本,pref,47,沖縄県,沖縄県,,,3220,JPY,design_unit_price_ex_tax,published_pdl,,,2026-10,,ogb-zairyo-r8-10,16,https://www.ogb.go.jp/-/media/Files/OGB/Kaiken/kyoku/about/gikan/sekisan_roumushizai/roumu_shizai/R08/PDF_R0810_roumu_shizai_kensetu_1.pdf,PDL1.0,,沖縄総合事務局開発建設部が市場取引価格を調査して設定した単価(物価資料に載っているものは載せていない)。消費税の扱いは表に明記なし(国の積算の材料単価は税抜き)。
a1e9c9291434afeb,JP,material,木材,足場板,杉 ４．０ｍ×３．６ｃｍ×２０ｃｍ,ｍ３,pref,47,沖縄県,沖縄県,,,87000,JPY,design_unit_price_ex_tax,published_pdl,,,2026-10,,ogb-zairyo-r8-10,16,https://www.ogb.go.jp/-/media/Files/OGB/Kaiken/kyoku/about/gikan/sekisan_roumushizai/roumu_shizai/R08/PDF_R0810_roumu_shizai_kensetu_1.pdf,PDL1.0,,沖縄総合事務局開発建設部が市場取引価格を調査して設定した単価(物価資料に載っているものは載せていない)。消費税の扱いは表に明記なし(国の積算の材料単価は税抜き)。
25bcc14f628c32b2,JP,material,木材,バタ角,杉 ３．０ｍ×９ｃｍ×９ｃｍ,ｍ３,pref,47,沖縄県,沖縄県,,,60000,JPY,design_unit_price_ex_tax,published_pdl,,,2026-10,,ogb-zairyo-r8-10,16,https://www.ogb.go.jp/-/media/Files/OGB/Kaiken/kyoku/about/gikan/sekisan_roumushizai/roumu_shizai/R08/PDF_R0810_roumu_shizai_kensetu_1.pdf,PDL1.0,,沖縄総合事務局開発建設部が市場取引価格を調査して設定した単価(物価資料に載っているものは載せていない)。消費税の扱いは表に明記なし(国の積算の材料単価は税抜き)。
e2fd3c01d7da89d0,JP,material,木材,桟木,杉 ４ｍ×３ｃｍ×６ｃｍ,ｍ３,pref,47,沖縄県,沖縄県,,,77000,JPY,design_unit_price_ex_tax,published_pdl,,,2026-10,,ogb-zairyo-r8-10,16,https://www.ogb.go.jp/-/media/Files/OGB/Kaiken/kyoku/about/gikan/sekisan_roumushizai/roumu_shizai/R08/PDF_R0810_roumu_shizai_kensetu_1.pdf,PDL1.0,,沖縄総合事務局開発建設部が市場取引価格を調査して設定した単価(物価資料に載っているものは載せていない)。消費税の扱いは表に明記なし(国の積算の材料単価は税抜き)。
6d24aa10a4ab78cd,JP,material,木材,矢板,松 １．５ｍ×３．６ｃｍ×１５ｃｍ,ｍ３,pref,47,沖縄県,沖縄県,,,94000,JPY,design_unit_price_ex_tax,published_pdl,,,2026-10,,ogb-zairyo-r8-10,16,https://www.ogb.go.jp/-/media/Files/OGB/Kaiken/kyoku/about/gikan/sekisan_roumushizai/roumu_shizai/R08/PDF_R0810_roumu_shizai_kensetu_1.pdf,PDL1.0,,沖縄総合事務局開発建設部が市場取引価格を調査して設定した単価(物価資料に載っているものは載せていない)。消費税の扱いは表に明記なし(国の積算の材料単価は税抜き)。
a54f9978add42887,JP,material,木材,矢板,松 １．５ｍ×６．０ｃｍ×１５ｃｍ,ｍ３,pref,47,沖縄県,沖縄県,,,94000,JPY,design_unit_price_ex_tax,published_pdl,,,2026-10,,ogb-zairyo-r8-10,16,https://www.ogb.go.jp/-/media/Files/OGB/Kaiken/kyoku/about/gikan/sekisan_roumushizai/roumu_shizai/R08/PDF_R0810_roumu_shizai_kensetu_1.pdf,PDL1.0,,沖縄総合事務局開発建設部が市場取引価格を調査して設定した単価(物価資料に載っているものは載せていない)。消費税の扱いは表に明記なし(国の積算の材料単価は税抜き)。
d32f6ae3d23ec967,JP,material,木材,正角材（内地材）,杉 ３ｍ×９ｃｍ×９ｃｍ １等,ｍ３,pref,47,沖縄県,沖縄県,,,60000,JPY,design_unit_price_ex_tax,published_pdl,,,2026-10,,ogb-zairyo-r8-10,16,https://www.ogb.go.jp/-/media/Files/OGB/Kaiken/kyoku/about/gikan/sekisan_roumushizai/roumu_shizai/R08/PDF_R0810_roumu_shizai_kensetu_1.pdf,PDL1.0,,沖縄総合事務局開発建設部が市場取引価格を調査して設定した単価(物価資料に載っているものは載せていない)。消費税の扱いは表に明記なし(国の積算の材料単価は税抜き)。
c30290cbb3122f5b,JP,material,木材,正角材（内地材）,杉 ４ｍ×１０．５ｃｍ×１０．５ １等,ｍ３,pref,47,沖縄県,沖縄県,,,60000,JPY,design_unit_price_ex_tax,published_pdl,,,2026-10,,ogb-zairyo-r8-10,16,https://www.ogb.go.jp/-/media/Files/OGB/Kaiken/kyoku/about/gikan/sekisan_roumushizai/roumu_shizai/R08/PDF_R0810_roumu_shizai_kensetu_1.pdf,PDL1.0,,沖縄総合事務局開発建設部が市場取引価格を調査して設定した単価(物価資料に載っているものは載せていない)。消費税の扱いは表に明記なし(国の積算の材料単価は税抜き)。
d88dadfa5e8f9b75,JP,material,木材,正割材,杉 ３ｍ×４．５ｃｍ×４．５ｃｍ 特１等,ｍ３,pref,47,沖縄県,沖縄県,,,80000,JPY,design_unit_price_ex_tax,published_pdl,,,2026-10,,ogb-zairyo-r8-10,16,https://www.ogb.go.jp/-/media/Files/OGB/Kaiken/kyoku/about/gikan/sekisan_roumushizai/roumu_shizai/R08/PDF_R0810_roumu_shizai_kensetu_1.pdf,PDL1.0,,沖縄総合事務局開発建設部が市場取引価格を調査して設定した単価(物価資料に載っているものは載せていない)。消費税の扱いは表に明記なし(国の積算の材料単価は税抜き)。
d04f0406f559803f,JP,material,木材,正割材,杉 ３ｍ×６ｃｍ×６ｃｍ 特１等,ｍ３,pref,47,沖縄県,沖縄県,,,82000,JPY,design_unit_price_ex_tax,published_pdl,,,2026-10,,ogb-zairyo-r8-10,16,https://www.ogb.go.jp/-/media/Files/OGB/Kaiken/kyoku/about/gikan/sekisan_roumushizai/roumu_shizai/R08/PDF_R0810_roumu_shizai_kensetu_1.pdf,PDL1.0,,沖縄総合事務局開発建設部が市場取引価格を調査して設定した単価(物価資料に載っているものは載せていない)。消費税の扱いは表に明記なし(国の積算の材料単価は税抜き)。
88b304c1868f0d5d,JP,material,木材,コンクリート接着剤,打継用,ｋｇ,pref,47,沖縄県,沖縄県,,,3910,JPY,design_unit_price_ex_tax,published_pdl,,,2026-10,,ogb-zairyo-r8-10,16,https://www.ogb.go.jp/-/media/Files/OGB/Kaiken/kyoku/about/gikan/sekisan_roumushizai/roumu_shizai/R08/PDF_R0810_roumu_shizai_kensetu_1.pdf,PDL1.0,,沖縄総合事務局開発建設部が市場取引価格を調査して設定した単価(物価資料に載っているものは載せていない)。消費税の扱いは表に明記なし(国の積算の材料単価は税抜き)。
51cbc40c8168571e,JP,material,仮設材,型枠 剥離材,木製・鋼製型枠用,Ｌ,pref,47,沖縄県,沖縄県,,,330,JPY,design_unit_price_ex_tax,published_pdl,,,2026-10,,ogb-zairyo-r8-10,17,https://www.ogb.go.jp/-/media/Files/OGB/Kaiken/kyoku/about/gikan/sekisan_roumushizai/roumu_shizai/R08/PDF_R0810_roumu_shizai_kensetu_1.pdf,PDL1.0,,沖縄総合事務局開発建設部が市場取引価格を調査して設定した単価(物価資料に載っているものは載せていない)。消費税の扱いは表に明記なし(国の積算の材料単価は税抜き)。
b958aadaa075c70d,JP,material,鋼材２次製品,コンクリート釘,＃１２ ２．７７×２５ｍｍ,Ｋｇ,pref,47,沖縄県,沖縄県,,,435,JPY,design_unit_price_ex_tax,published_pdl,,,2026-10,,ogb-zairyo-r8-10,18,https://www.ogb.go.jp/-/media/Files/OGB/Kaiken/kyoku/about/gikan/sekisan_roumushizai/roumu_shizai/R08/PDF_R0810_roumu_shizai_kensetu_1.pdf,PDL1.0,,沖縄総合事務局開発建設部が市場取引価格を調査して設定した単価(物価資料に載っているものは載せていない)。消費税の扱いは表に明記なし(国の積算の材料単価は税抜き)。
f647c9fd5f348f93,JP,material,鋼材２次製品,Ｕボルト,Ｍ６×２５×７５ ＰＬ２枚 [歩道橋側板用],組,pref,47,沖縄県,沖縄県,,,182,JPY,design_unit_price_ex_tax,published_pdl,,,2026-10,,ogb-zairyo-r8-10,18,https://www.ogb.go.jp/-/media/Files/OGB/Kaiken/kyoku/about/gikan/sekisan_roumushizai/roumu_shizai/R08/PDF_R0810_roumu_shizai_kensetu_1.pdf,PDL1.0,,沖縄総合事務局開発建設部が市場取引価格を調査して設定した単価(物価資料に載っているものは載せていない)。消費税の扱いは表に明記なし(国の積算の材料単価は税抜き)。
765ac2aac3e2b18d,JP,material,鋼材２次製品,Ｕボルト（ＳＵＳ）,Ｍ６×２５×７５ ＰＬ２枚 [歩道橋側板用],組,pref,47,沖縄県,沖縄県,,,391,JPY,design_unit_price_ex_tax,published_pdl,,,2026-10,,ogb-zairyo-r8-10,18,https://www.ogb.go.jp/-/media/Files/OGB/Kaiken/kyoku/about/gikan/sekisan_roumushizai/roumu_shizai/R08/PDF_R0810_roumu_shizai_kensetu_1.pdf,PDL1.0,,沖縄総合事務局開発建設部が市場取引価格を調査して設定した単価(物価資料に載っているものは載せていない)。消費税の扱いは表に明記なし(国の積算の材料単価は税抜き)。
000b96d8cf558299,JP,material,道路・舗装用材,瀝青ゴム系接着剤,,Ｌ,pref,47,沖縄県,沖縄県,,,950,JPY,design_unit_price_ex_tax,published_pdl,,,2026-10,,ogb-zairyo-r8-10,19,https://www.ogb.go.jp/-/media/Files/OGB/Kaiken/kyoku/about/gikan/sekisan_roumushizai/roumu_shizai/R08/PDF_R0810_roumu_shizai_kensetu_1.pdf,PDL1.0,,沖縄総合事務局開発建設部が市場取引価格を調査して設定した単価(物価資料に載っているものは載せていない)。消費税の扱いは表に明記なし(国の積算の材料単価は税抜き)。
1acd43c763c12c46,JP,material,橋梁・トンネル用材,スパイラル筋,φ９×Ｌ,Ｋｇ,pref,47,沖縄県,沖縄県,,,1020,JPY,design_unit_price_ex_tax,published_pdl,,,2026-10,,ogb-zairyo-r8-10,20,https://www.ogb.go.jp/-/media/Files/OGB/Kaiken/kyoku/about/gikan/sekisan_roumushizai/roumu_shizai/R08/PDF_R0810_roumu_shizai_kensetu_1.pdf,PDL1.0,,沖縄総合事務局開発建設部が市場取引価格を調査して設定した単価(物価資料に載っているものは載せていない)。消費税の扱いは表に明記なし(国の積算の材料単価は税抜き)。
e370a489526ecf0d,JP,material,橋梁・トンネル用材,グリッド筋,径６,個,pref,47,沖縄県,沖縄県,,,740,JPY,design_unit_price_ex_tax,published_pdl,,,2026-10,,ogb-zairyo-r8-10,20,https://www.ogb.go.jp/-/media/Files/OGB/Kaiken/kyoku/about/gikan/sekisan_roumushizai/roumu_shizai/R08/PDF_R0810_roumu_shizai_kensetu_1.pdf,PDL1.0,,沖縄総合事務局開発建設部が市場取引価格を調査して設定した単価(物価資料に載っているものは載せていない)。消費税の扱いは表に明記なし(国の積算の材料単価は税抜き)。
51a4ce27bd0831df,JP,material,橋梁・トンネル用材,グリッド筋,径９,個,pref,47,沖縄県,沖縄県,,,1000,JPY,design_unit_price_ex_tax,published_pdl,,,2026-10,,ogb-zairyo-r8-10,20,https://www.ogb.go.jp/-/media/Files/OGB/Kaiken/kyoku/about/gikan/sekisan_roumushizai/roumu_shizai/R08/PDF_R0810_roumu_shizai_kensetu_1.pdf,PDL1.0,,沖縄総合事務局開発建設部が市場取引価格を調査して設定した単価(物価資料に載っているものは載せていない)。消費税の扱いは表に明記なし(国の積算の材料単価は税抜き)。
6531b47520b726bf,JP,material,橋梁・トンネル用材,グリッド筋,径１３,個,pref,47,沖縄県,沖縄県,,,3480,JPY,design_unit_price_ex_tax,published_pdl,,,2026-10,,ogb-zairyo-r8-10,20,https://www.ogb.go.jp/-/media/Files/OGB/Kaiken/kyoku/about/gikan/sekisan_roumushizai/roumu_shizai/R08/PDF_R0810_roumu_shizai_kensetu_1.pdf,PDL1.0,,沖縄総合事務局開発建設部が市場取引価格を調査して設定した単価(物価資料に載っているものは載せていない)。消費税の扱いは表に明記なし(国の積算の材料単価は税抜き)。
5e163c8c8e69fd8b,JP,material,木材,松丸太,末口１４ｃｍ以下長２ｍ [１，２等込 梯子トンネル],ｍ３,pref,47,沖縄県,沖縄県,,,112000,JPY,design_unit_price_ex_tax,published_pdl,,,2026-10,,ogb-zairyo-r8-10,21,https://www.ogb.go.jp/-/media/Files/OGB/Kaiken/kyoku/about/gikan/sekisan_roumushizai/roumu_shizai/R08/PDF_R0810_roumu_shizai_kensetu_1.pdf,PDL1.0,,沖縄総合事務局開発建設部が市場取引価格を調査して設定した単価(物価資料に載っているものは載せていない)。消費税の扱いは表に明記なし(国の積算の材料単価は税抜き)。
61fb9c922dfcc804,JP,material,木材,松丸太,末口１５～２０ｃｍ長２ｍ [１，２等込],ｍ３,pref,47,沖縄県,沖縄県,,,121000,JPY,design_unit_price_ex_tax,published_pdl,,,2026-10,,ogb-zairyo-r8-10,21,https://www.ogb.go.jp/-/media/Files/OGB/Kaiken/kyoku/about/gikan/sekisan_roumushizai/roumu_shizai/R08/PDF_R0810_roumu_shizai_kensetu_1.pdf,PDL1.0,,沖縄総合事務局開発建設部が市場取引価格を調査して設定した単価(物価資料に載っているものは載せていない)。消費税の扱いは表に明記なし(国の積算の材料単価は税抜き)。
ef56e147673568cc,JP,material,木材,杉角,幅１２ｃｍ厚１２ｃｍ長４ｍ [２等],ｍ３,pref,47,沖縄県,沖縄県,,,60000,JPY,design_unit_price_ex_tax,published_pdl,,,2026-10,,ogb-zairyo-r8-10,21,https://www.ogb.go.jp/-/media/Files/OGB/Kaiken/kyoku/about/gikan/sekisan_roumushizai/roumu_shizai/R08/PDF_R0810_roumu_shizai_kensetu_1.pdf,PDL1.0,,沖縄総合事務局開発建設部が市場取引価格を調査して設定した単価(物価資料に載っているものは載せていない)。消費税の扱いは表に明記なし(国の積算の材料単価は税抜き)。
5715e4047f177dde,JP,material,木材,松角,厚１２ｃｍ幅１２ｃｍ長１．５ｍ [２等],ｍ３,pref,47,沖縄県,沖縄県,,,128000,JPY,design_unit_price_ex_tax,published_pdl,,,2026-10,,ogb-zairyo-r8-10,21,https://www.ogb.go.jp/-/media/Files/OGB/Kaiken/kyoku/about/gikan/sekisan_roumushizai/roumu_shizai/R08/PDF_R0810_roumu_shizai_kensetu_1.pdf,PDL1.0,,沖縄総合事務局開発建設部が市場取引価格を調査して設定した単価(物価資料に載っているものは載せていない)。消費税の扱いは表に明記なし(国の積算の材料単価は税抜き)。
17fa778da8239f77,JP,material,木材,松角,厚１２ｃｍ幅１２ｃｍ長４ｍ [１等],ｍ３,pref,47,沖縄県,沖縄県,,,128000,JPY,design_unit_price_ex_tax,published_pdl,,,2026-10,,ogb-zairyo-r8-10,21,https://www.ogb.go.jp/-/media/Files/OGB/Kaiken/kyoku/about/gikan/sekisan_roumushizai/roumu_shizai/R08/PDF_R0810_roumu_shizai_kensetu_1.pdf,PDL1.0,,沖縄総合事務局開発建設部が市場取引価格を調査して設定した単価(物価資料に載っているものは載せていない)。消費税の扱いは表に明記なし(国の積算の材料単価は税抜き)。
c8e59126694597a8,JP,material,木材,松角,厚６ｃｍ幅６ｃｍ長４ｍ [１等],ｍ３,pref,47,沖縄県,沖縄県,,,128000,JPY,design_unit_price_ex_tax,published_pdl,,,2026-10,,ogb-zairyo-r8-10,21,https://www.ogb.go.jp/-/media/Files/OGB/Kaiken/kyoku/about/gikan/sekisan_roumushizai/roumu_shizai/R08/PDF_R0810_roumu_shizai_kensetu_1.pdf,PDL1.0,,沖縄総合事務局開発建設部が市場取引価格を調査して設定した単価(物価資料に載っているものは載せていない)。消費税の扱いは表に明記なし(国の積算の材料単価は税抜き)。
57002049f9bbdb99,JP,material,木材,松角,厚１０ｃｍ幅１０ｃｍ長４ｍ [２等 支保工],ｍ３,pref,47,沖縄県,沖縄県,,,122000,JPY,design_unit_price_ex_tax,published_pdl,,,2026-10,,ogb-zairyo-r8-10,21,https://www.ogb.go.jp/-/media/Files/OGB/Kaiken/kyoku/about/gikan/sekisan_roumushizai/roumu_shizai/R08/PDF_R0810_roumu_shizai_kensetu_1.pdf,PDL1.0,,沖縄総合事務局開発建設部が市場取引価格を調査して設定した単価(物価資料に載っているものは載せていない)。消費税の扱いは表に明記なし(国の積算の材料単価は税抜き)。
413a02e3768b0727,JP,material,木材,松角,厚６ｃｍ幅６ｃｍ長４ｍ [２等 支保工],ｍ３,pref,47,沖縄県,沖縄県,,,122000,JPY,design_unit_price_ex_tax,published_pdl,,,2026-10,,ogb-zairyo-r8-10,21,https://www.ogb.go.jp/-/media/Files/OGB/Kaiken/kyoku/about/gikan/sekisan_roumushizai/roumu_shizai/R08/PDF_R0810_roumu_shizai_kensetu_1.pdf,PDL1.0,,沖縄総合事務局開発建設部が市場取引価格を調査して設定した単価(物価資料に載っているものは載せていない)。消費税の扱いは表に明記なし(国の積算の材料単価は税抜き)。
dcf5f6eff8a9f802,JP,material,木材,メラピー板材,厚１．５ｃｍ幅２４ｃｍ長４ｍ,ｍ３,pref,47,沖縄県,沖縄県,,,335000,JPY,design_unit_price_ex_tax,published_pdl,,,2026-10,,ogb-zairyo-r8-10,21,https://www.ogb.go.jp/-/media/Files/OGB/Kaiken/kyoku/about/gikan/sekisan_roumushizai/roumu_shizai/R08/PDF_R0810_roumu_shizai_kensetu_1.pdf,PDL1.0,,沖縄総合事務局開発建設部が市場取引価格を調査して設定した単価(物価資料に載っているものは載せていない)。消費税の扱いは表に明記なし(国の積算の材料単価は税抜き)。
6a3d9091e13851dd,JP,material,木材,メラピー板材,厚４．５ｃｍ幅６ｃｍ長４ｍ,ｍ３,pref,47,沖縄県,沖縄県,,,345000,JPY,design_unit_price_ex_tax,published_pdl,,,2026-10,,ogb-zairyo-r8-10,21,https://www.ogb.go.jp/-/media/Files/OGB/Kaiken/kyoku/about/gikan/sekisan_roumushizai/roumu_shizai/R08/PDF_R0810_roumu_shizai_kensetu_1.pdf,PDL1.0,,沖縄総合事務局開発建設部が市場取引価格を調査して設定した単価(物価資料に載っているものは載せていない)。消費税の扱いは表に明記なし(国の積算の材料単価は税抜き)。
325a6f5853c94421,JP,material,道路用コンクリート製品,鉄筋コンクリートＬ型側溝,左右（Ｈ１５０） ＰＬ３型 [ＰＬ３型 注],個,pref,47,沖縄県,沖縄県,,,7350,JPY,design_unit_price_ex_tax,published_pdl,,,2026-10,,ogb-zairyo-r8-10,22,https://www.ogb.go.jp/-/media/Files/OGB/Kaiken/kyoku/about/gikan/sekisan_roumushizai/roumu_shizai/R08/PDF_R0810_roumu_shizai_kensetu_1.pdf,PDL1.0,,沖縄総合事務局開発建設部が市場取引価格を調査して設定した単価(物価資料に載っているものは載せていない)。消費税の扱いは表に明記なし(国の積算の材料単価は税抜き)。
4d53c0fcf3d6cf07,JP,material,道路用コンクリート製品,鉄筋コンクリートＬ型側溝,中間（Ｈ１５０） ＰＬ３型 [ＰＬ３型 注],個,pref,47,沖縄県,沖縄県,,,6930,JPY,design_unit_price_ex_tax,published_pdl,,,2026-10,,ogb-zairyo-r8-10,22,https://www.ogb.go.jp/-/media/Files/OGB/Kaiken/kyoku/about/gikan/sekisan_roumushizai/roumu_shizai/R08/PDF_R0810_roumu_shizai_kensetu_1.pdf,PDL1.0,,沖縄総合事務局開発建設部が市場取引価格を調査して設定した単価(物価資料に載っているものは載せていない)。消費税の扱いは表に明記なし(国の積算の材料単価は税抜き)。
b6d5218ade7c2da3,JP,material,道路用コンクリート製品,鉄筋コンクリートＬ型側溝,縁塊７００（Ｈ１５０） ＰＬ３型 [ＰＬ３型 注],個,pref,47,沖縄県,沖縄県,,,33500,JPY,design_unit_price_ex_tax,published_pdl,,,2026-10,,ogb-zairyo-r8-10,22,https://www.ogb.go.jp/-/media/Files/OGB/Kaiken/kyoku/about/gikan/sekisan_roumushizai/roumu_shizai/R08/PDF_R0810_roumu_shizai_kensetu_1.pdf,PDL1.0,,沖縄総合事務局開発建設部が市場取引価格を調査して設定した単価(物価資料に載っているものは載せていない)。消費税の扱いは表に明記なし(国の積算の材料単価は税抜き)。
7dcbaaf5bb41c057,JP,material,道路用コンクリート製品,鉄筋コンクリートＬ型側溝,ＰＬ３－Ｂ５００－Ｈ２００ ＰＬ３型 [ＰＬ３型 注],個,pref,47,沖縄県,沖縄県,,,8610,JPY,design_unit_price_ex_tax,published_pdl,,,2026-10,,ogb-zairyo-r8-10,22,https://www.ogb.go.jp/-/media/Files/OGB/Kaiken/kyoku/about/gikan/sekisan_roumushizai/roumu_shizai/R08/PDF_R0810_roumu_shizai_kensetu_1.pdf,PDL1.0,,沖縄総合事務局開発建設部が市場取引価格を調査して設定した単価(物価資料に載っているものは載せていない)。消費税の扱いは表に明記なし(国の積算の材料単価は税抜き)。
32c16333127c47fc,JP,material,道路用コンクリート製品,鉄筋コンクリートＬ型側溝,左右（Ｈ２００） ＰＬ３型 [ＰＬ３型 注],個,pref,47,沖縄県,沖縄県,,,8550,JPY,design_unit_price_ex_tax,published_pdl,,,2026-10,,ogb-zairyo-r8-10,22,https://www.ogb.go.jp/-/media/Files/OGB/Kaiken/kyoku/about/gikan/sekisan_roumushizai/roumu_shizai/R08/PDF_R0810_roumu_shizai_kensetu_1.pdf,PDL1.0,,沖縄総合事務局開発建設部が市場取引価格を調査して設定した単価(物価資料に載っているものは載せていない)。消費税の扱いは表に明記なし(国の積算の材料単価は税抜き)。
4e68bd84b0f5353d,JP,material,道路用コンクリート製品,鉄筋コンクリートＬ型側溝,中間（Ｈ２００） ＰＬ３型 [ＰＬ３型 注],個,pref,47,沖縄県,沖縄県,,,8210,JPY,design_unit_price_ex_tax,published_pdl,,,2026-10,,ogb-zairyo-r8-10,22,https://www.ogb.go.jp/-/media/Files/OGB/Kaiken/kyoku/about/gikan/sekisan_roumushizai/roumu_shizai/R08/PDF_R0810_roumu_shizai_kensetu_1.pdf,PDL1.0,,沖縄総合事務局開発建設部が市場取引価格を調査して設定した単価(物価資料に載っているものは載せていない)。消費税の扱いは表に明記なし(国の積算の材料単価は税抜き)。
105399a0121796bb,JP,material,道路用コンクリート製品,鉄筋コンクリートＬ型側溝,縁塊７００（Ｈ２００） ＰＬ３型 [ＰＬ３型 注],個,pref,47,沖縄県,沖縄県,,,35900,JPY,design_unit_price_ex_tax,published_pdl,,,2026-10,,ogb-zairyo-r8-10,22,https://www.ogb.go.jp/-/media/Files/OGB/Kaiken/kyoku/about/gikan/sekisan_roumushizai/roumu_shizai/R08/PDF_R0810_roumu_shizai_kensetu_1.pdf,PDL1.0,,沖縄総合事務局開発建設部が市場取引価格を調査して設定した単価(物価資料に載っているものは載せていない)。消費税の扱いは表に明記なし(国の積算の材料単価は税抜き)。
bc8b3a3f3f015fd5,JP,material,道路用コンクリート製品,鉄筋コンクリートＬ型側溝,縁塊１０００（Ｈ２００） ＰＬ３型 [ＰＬ３型 注],個,pref,47,沖縄県,沖縄県,,,45200,JPY,design_unit_price_ex_tax,published_pdl,,,2026-10,,ogb-zairyo-r8-10,22,https://www.ogb.go.jp/-/media/Files/OGB/Kaiken/kyoku/about/gikan/sekisan_roumushizai/roumu_shizai/R08/PDF_R0810_roumu_shizai_kensetu_1.pdf,PDL1.0,,沖縄総合事務局開発建設部が市場取引価格を調査して設定した単価(物価資料に載っているものは載せていない)。消費税の扱いは表に明記なし(国の積算の材料単価は税抜き)。
5386d49cefac8d7b,JP,material,道路用コンクリート製品,鉄筋コンクリートＬ型側溝,ＰＬ３－Ｂ５００－Ｈ２５０ ＰＬ３型 [ＰＬ３型 注],個,pref,47,沖縄県,沖縄県,,,9600,JPY,design_unit_price_ex_tax,published_pdl,,,2026-10,,ogb-zairyo-r8-10,22,https://www.ogb.go.jp/-/media/Files/OGB/Kaiken/kyoku/about/gikan/sekisan_roumushizai/roumu_shizai/R08/PDF_R0810_roumu_shizai_kensetu_1.pdf,PDL1.0,,沖縄総合事務局開発建設部が市場取引価格を調査して設定した単価(物価資料に載っているものは載せていない)。消費税の扱いは表に明記なし(国の積算の材料単価は税抜き)。
348f72d6b3fab24f,JP,material,道路用コンクリート製品,鉄筋コンクリートＬ型側溝,左右（Ｈ２５０） ＰＬ３型 [ＰＬ３型 注],個,pref,47,沖縄県,沖縄県,,,9230,JPY,design_unit_price_ex_tax,published_pdl,,,2026-10,,ogb-zairyo-r8-10,22,https://www.ogb.go.jp/-/media/Files/OGB/Kaiken/kyoku/about/gikan/sekisan_roumushizai/roumu_shizai/R08/PDF_R0810_roumu_shizai_kensetu_1.pdf,PDL1.0,,沖縄総合事務局開発建設部が市場取引価格を調査して設定した単価(物価資料に載っているものは載せていない)。消費税の扱いは表に明記なし(国の積算の材料単価は税抜き)。
0e12580add3d65d2,JP,material,道路用コンクリート製品,鉄筋コンクリートＬ型側溝,中間（Ｈ２５０）ＰＬ３型 [ＰＬ３型 注],個,pref,47,沖縄県,沖縄県,,,9000,JPY,design_unit_price_ex_tax,published_pdl,,,2026-10,,ogb-zairyo-r8-10,22,https://www.ogb.go.jp/-/media/Files/OGB/Kaiken/kyoku/about/gikan/sekisan_roumushizai/roumu_shizai/R08/PDF_R0810_roumu_shizai_kensetu_1.pdf,PDL1.0,,沖縄総合事務局開発建設部が市場取引価格を調査して設定した単価(物価資料に載っているものは載せていない)。消費税の扱いは表に明記なし(国の積算の材料単価は税抜き)。
72350a78e1cc0b34,JP,material,道路用コンクリート製品,鉄筋コンクリートＬ型側溝,縁塊７００（Ｈ２５０） ＰＬ３型 [ＰＬ３型 注],個,pref,47,沖縄県,沖縄県,,,37700,JPY,design_unit_price_ex_tax,published_pdl,,,2026-10,,ogb-zairyo-r8-10,22,https://www.ogb.go.jp/-/media/Files/OGB/Kaiken/kyoku/about/gikan/sekisan_roumushizai/roumu_shizai/R08/PDF_R0810_roumu_shizai_kensetu_1.pdf,PDL1.0,,沖縄総合事務局開発建設部が市場取引価格を調査して設定した単価(物価資料に載っているものは載せていない)。消費税の扱いは表に明記なし(国の積算の材料単価は税抜き)。
703a6b7aef278e66,JP,material,道路用コンクリート製品,鉄筋コンクリートＬ型側溝,縁塊１０００（Ｈ２５０） ＰＬ３型 [ＰＬ３型 注],個,pref,47,沖縄県,沖縄県,,,50300,JPY,design_unit_price_ex_tax,published_pdl,,,2026-10,,ogb-zairyo-r8-10,22,https://www.ogb.go.jp/-/media/Files/OGB/Kaiken/kyoku/about/gikan/sekisan_roumushizai/roumu_shizai/R08/PDF_R0810_roumu_shizai_kensetu_1.pdf,PDL1.0,,沖縄総合事務局開発建設部が市場取引価格を調査して設定した単価(物価資料に載っているものは載せていない)。消費税の扱いは表に明記なし(国の積算の材料単価は税抜き)。
6560c695dab54e4b,JP,material,道路用コンクリート製品,皿型側溝（有筋）,Ａ－１ ４３０×１３０×６００ 参考重量６５ｋｇ [参考重量６５Ｋｇ],個,pref,47,沖縄県,沖縄県,,,4080,JPY,design_unit_price_ex_tax,published_pdl,,,2026-10,,ogb-zairyo-r8-10,22,https://www.ogb.go.jp/-/media/Files/OGB/Kaiken/kyoku/about/gikan/sekisan_roumushizai/roumu_shizai/R08/PDF_R0810_roumu_shizai_kensetu_1.pdf,PDL1.0,,沖縄総合事務局開発建設部が市場取引価格を調査して設定した単価(物価資料に載っているものは載せていない)。消費税の扱いは表に明記なし(国の積算の材料単価は税抜き)。
c306d3c856e342b7,JP,material,道路用コンクリート製品,皿型側溝（有筋）,Ａ－２ ５３０×１５０×６００ 参考重量８７ｋｇ [参考重量８７Ｋｇ],個,pref,47,沖縄県,沖縄県,,,4980,JPY,design_unit_price_ex_tax,published_pdl,,,2026-10,,ogb-zairyo-r8-10,22,https://www.ogb.go.jp/-/media/Files/OGB/Kaiken/kyoku/about/gikan/sekisan_roumushizai/roumu_shizai/R08/PDF_R0810_roumu_shizai_kensetu_1.pdf,PDL1.0,,沖縄総合事務局開発建設部が市場取引価格を調査して設定した単価(物価資料に載っているものは載せていない)。消費税の扱いは表に明記なし(国の積算の材料単価は税抜き)。
afd803aa95d483f0,JP,material,道路用コンクリート製品,皿型側溝（有筋）,Ａ－３ ６３０×１８０×６００参考重量１１８ｋｇ [参考重量１１８Ｋｇ],個,pref,47,沖縄県,沖縄県,,,6050,JPY,design_unit_price_ex_tax,published_pdl,,,2026-10,,ogb-zairyo-r8-10,22,https://www.ogb.go.jp/-/media/Files/OGB/Kaiken/kyoku/about/gikan/sekisan_roumushizai/roumu_shizai/R08/PDF_R0810_roumu_shizai_kensetu_1.pdf,PDL1.0,,沖縄総合事務局開発建設部が市場取引価格を調査して設定した単価(物価資料に載っているものは載せていない)。消費税の扱いは表に明記なし(国の積算の材料単価は税抜き)。
3c267fae193f615b,JP,material,その他土木資材,樹脂,樹脂モルタル用,ｋｇ,pref,47,沖縄県,沖縄県,,,4160,JPY,design_unit_price_ex_tax,published_pdl,,,2026-10,,ogb-zairyo-r8-10,23,https://www.ogb.go.jp/-/media/Files/OGB/Kaiken/kyoku/about/gikan/sekisan_roumushizai/roumu_shizai/R08/PDF_R0810_roumu_shizai_kensetu_1.pdf,PDL1.0,,沖縄総合事務局開発建設部が市場取引価格を調査して設定した単価(物価資料に載っているものは載せていない)。消費税の扱いは表に明記なし(国の積算の材料単価は税抜き)。
7e3aa8fce2cd4c28,JP,material,その他土木資材,接着材,ＰＣ桁用 エポキシ樹脂系,ｋｇ,pref,47,沖縄県,沖縄県,,,3910,JPY,design_unit_price_ex_tax,published_pdl,,,2026-10,,ogb-zairyo-r8-10,23,https://www.ogb.go.jp/-/media/Files/OGB/Kaiken/kyoku/about/gikan/sekisan_roumushizai/roumu_shizai/R08/PDF_R0810_roumu_shizai_kensetu_1.pdf,PDL1.0,,沖縄総合事務局開発建設部が市場取引価格を調査して設定した単価(物価資料に載っているものは載せていない)。消費税の扱いは表に明記なし(国の積算の材料単価は税抜き)。
622178b306e9732a,JP,material,その他土木資材,接着材,樹脂モルタル用,ｋｇ,pref,47,沖縄県,沖縄県,,,4160,JPY,design_unit_price_ex_tax,published_pdl,,,2026-10,,ogb-zairyo-r8-10,23,https://www.ogb.go.jp/-/media/Files/OGB/Kaiken/kyoku/about/gikan/sekisan_roumushizai/roumu_shizai/R08/PDF_R0810_roumu_shizai_kensetu_1.pdf,PDL1.0,,沖縄総合事務局開発建設部が市場取引価格を調査して設定した単価(物価資料に載っているものは載せていない)。消費税の扱いは表に明記なし(国の積算の材料単価は税抜き)。
654f8f4687130108,JP,material,その他土木資材,シール材,エポキシ,ｋｇ,pref,47,沖縄県,沖縄県,,,2970,JPY,design_unit_price_ex_tax,published_pdl,,,2026-10,,ogb-zairyo-r8-10,23,https://www.ogb.go.jp/-/media/Files/OGB/Kaiken/kyoku/about/gikan/sekisan_roumushizai/roumu_shizai/R08/PDF_R0810_roumu_shizai_kensetu_1.pdf,PDL1.0,,沖縄総合事務局開発建設部が市場取引価格を調査して設定した単価(物価資料に載っているものは載せていない)。消費税の扱いは表に明記なし(国の積算の材料単価は税抜き)。
41d0dc552b25b4ed,JP,material,その他土木資材,注入材,エポキシ,ｋｇ,pref,47,沖縄県,沖縄県,,,3990,JPY,design_unit_price_ex_tax,published_pdl,,,2026-10,,ogb-zairyo-r8-10,23,https://www.ogb.go.jp/-/media/Files/OGB/Kaiken/kyoku/about/gikan/sekisan_roumushizai/roumu_shizai/R08/PDF_R0810_roumu_shizai_kensetu_1.pdf,PDL1.0,,沖縄総合事務局開発建設部が市場取引価格を調査して設定した単価(物価資料に載っているものは載せていない)。消費税の扱いは表に明記なし(国の積算の材料単価は税抜き)。
e88be48d39aec75b,JP,material,その他土木資材,ガラスロービングクロス,幅１４０,ｍ,pref,47,沖縄県,沖縄県,,,1600,JPY,design_unit_price_ex_tax,published_pdl,,,2026-10,,ogb-zairyo-r8-10,23,https://www.ogb.go.jp/-/media/Files/OGB/Kaiken/kyoku/about/gikan/sekisan_roumushizai/roumu_shizai/R08/PDF_R0810_roumu_shizai_kensetu_1.pdf,PDL1.0,,沖縄総合事務局開発建設部が市場取引価格を調査して設定した単価(物価資料に載っているものは載せていない)。消費税の扱いは表に明記なし(国の積算の材料単価は税抜き)。
c316f3bf97c15710,JP,material,その他土木資材,樹脂,ガラスロービングクロス用,ｋｇ,pref,47,沖縄県,沖縄県,,,4160,JPY,design_unit_price_ex_tax,published_pdl,,,2026-10,,ogb-zairyo-r8-10,23,https://www.ogb.go.jp/-/media/Files/OGB/Kaiken/kyoku/about/gikan/sekisan_roumushizai/roumu_shizai/R08/PDF_R0810_roumu_shizai_kensetu_1.pdf,PDL1.0,,沖縄総合事務局開発建設部が市場取引価格を調査して設定した単価(物価資料に載っているものは載せていない)。消費税の扱いは表に明記なし(国の積算の材料単価は税抜き)。
db8a00a549ef050c,JP,material,その他土木資材,ウォータジェットパイプ取付金具,,個,pref,47,沖縄県,沖縄県,,,270,JPY,design_unit_price_ex_tax,published_pdl,,,2026-10,,ogb-zairyo-r8-10,23,https://www.ogb.go.jp/-/media/Files/OGB/Kaiken/kyoku/about/gikan/sekisan_roumushizai/roumu_shizai/R08/PDF_R0810_roumu_shizai_kensetu_1.pdf,PDL1.0,,沖縄総合事務局開発建設部が市場取引価格を調査して設定した単価(物価資料に載っているものは載せていない)。消費税の扱いは表に明記なし(国の積算の材料単価は税抜き)。
a2b59634170456d0,JP,material,防止柵,横断防止柵フロントビーム メッキ,埋込長２０ｃｍ＠３ｍビーム３本 [柵高０．８ｍ 注１],ｍ,pref,47,沖縄県,沖縄県,,,6800,JPY,design_unit_price_ex_tax,published_pdl,,,2026-10,,ogb-zairyo-r8-10,24,https://www.ogb.go.jp/-/media/Files/OGB/Kaiken/kyoku/about/gikan/sekisan_roumushizai/roumu_shizai/R08/PDF_R0810_roumu_shizai_kensetu_1.pdf,PDL1.0,,沖縄総合事務局開発建設部が市場取引価格を調査して設定した単価(物価資料に載っているものは載せていない)。消費税の扱いは表に明記なし(国の積算の材料単価は税抜き)。
ce81dfbb5deeda36,JP,material,防止柵,横断防止柵フロントビーム メッキ,埋込長４０ｃｍ＠３ｍビーム３本 [柵高０．８ｍ 注２],ｍ,pref,47,沖縄県,沖縄県,,,6880,JPY,design_unit_price_ex_tax,published_pdl,,,2026-10,,ogb-zairyo-r8-10,24,https://www.ogb.go.jp/-/media/Files/OGB/Kaiken/kyoku/about/gikan/sekisan_roumushizai/roumu_shizai/R08/PDF_R0810_roumu_shizai_kensetu_1.pdf,PDL1.0,,沖縄総合事務局開発建設部が市場取引価格を調査して設定した単価(物価資料に載っているものは載せていない)。消費税の扱いは表に明記なし(国の積算の材料単価は税抜き)。
3f870183dbce0c30,JP,material,防止柵,横断防止柵フロントビーム メッキ,埋込長１ｍ＠３ｍビーム３本 [柵高０．８ｍ 注３],ｍ,pref,47,沖縄県,沖縄県,,,7650,JPY,design_unit_price_ex_tax,published_pdl,,,2026-10,,ogb-zairyo-r8-10,24,https://www.ogb.go.jp/-/media/Files/OGB/Kaiken/kyoku/about/gikan/sekisan_roumushizai/roumu_shizai/R08/PDF_R0810_roumu_shizai_kensetu_1.pdf,PDL1.0,,沖縄総合事務局開発建設部が市場取引価格を調査して設定した単価(物価資料に載っているものは載せていない)。消費税の扱いは表に明記なし(国の積算の材料単価は税抜き)。
5e6e176a480e1c32,JP,material,防止柵,転落防止柵フロントビーム メッキ,埋込長２０ｃｍ＠３ｍビーム４本 [柵高１．１ｍ 注１],ｍ,pref,47,沖縄県,沖縄県,,,8750,JPY,design_unit_price_ex_tax,published_pdl,,,2026-10,,ogb-zairyo-r8-10,24,https://www.ogb.go.jp/-/media/Files/OGB/Kaiken/kyoku/about/gikan/sekisan_roumushizai/roumu_shizai/R08/PDF_R0810_roumu_shizai_kensetu_1.pdf,PDL1.0,,沖縄総合事務局開発建設部が市場取引価格を調査して設定した単価(物価資料に載っているものは載せていない)。消費税の扱いは表に明記なし(国の積算の材料単価は税抜き)。
284e73b5c9e55651,JP,material,防止柵,転落防止柵フロントビーム メッキ,埋込長４５ｃｍ＠３ｍビーム４本 [柵高１．１ｍ 注２],ｍ,pref,47,沖縄県,沖縄県,,,8840,JPY,design_unit_price_ex_tax,published_pdl,,,2026-10,,ogb-zairyo-r8-10,24,https://www.ogb.go.jp/-/media/Files/OGB/Kaiken/kyoku/about/gikan/sekisan_roumushizai/roumu_shizai/R08/PDF_R0810_roumu_shizai_kensetu_1.pdf,PDL1.0,,沖縄総合事務局開発建設部が市場取引価格を調査して設定した単価(物価資料に載っているものは載せていない)。消費税の扱いは表に明記なし(国の積算の材料単価は税抜き)。
e6698d96bf902e1c,JP,material,防止柵,転落防止柵フロントビーム メッキ,埋込長１．２ｍ＠３ｍビーム４本 [柵高１．１ｍ 注３],ｍ,pref,47,沖縄県,沖縄県,,,9690,JPY,design_unit_price_ex_tax,published_pdl,,,2026-10,,ogb-zairyo-r8-10,24,https://www.ogb.go.jp/-/media/Files/OGB/Kaiken/kyoku/about/gikan/sekisan_roumushizai/roumu_shizai/R08/PDF_R0810_roumu_shizai_kensetu_1.pdf,PDL1.0,,沖縄総合事務局開発建設部が市場取引価格を調査して設定した単価(物価資料に載っているものは載せていない)。消費税の扱いは表に明記なし(国の積算の材料単価は税抜き)。
a7e0428d1702054a,JP,material,防止柵,横断防止柵センタービーム メッキ,埋込長２０ｃｍ＠３ｍビーム３本 [柵高０．８ｍ 注１],ｍ,pref,47,沖縄県,沖縄県,,,6800,JPY,design_unit_price_ex_tax,published_pdl,,,2026-10,,ogb-zairyo-r8-10,24,https://www.ogb.go.jp/-/media/Files/OGB/Kaiken/kyoku/about/gikan/sekisan_roumushizai/roumu_shizai/R08/PDF_R0810_roumu_shizai_kensetu_1.pdf,PDL1.0,,沖縄総合事務局開発建設部が市場取引価格を調査して設定した単価(物価資料に載っているものは載せていない)。消費税の扱いは表に明記なし(国の積算の材料単価は税抜き)。
c44f8c69e0c15b18,JP,material,防止柵,横断防止柵センタービーム メッキ,埋込長４０ｃｍ＠３ｍビーム３本 [柵高０．８ｍ 注２],ｍ,pref,47,沖縄県,沖縄県,,,6880,JPY,design_unit_price_ex_tax,published_pdl,,,2026-10,,ogb-zairyo-r8-10,24,https://www.ogb.go.jp/-/media/Files/OGB/Kaiken/kyoku/about/gikan/sekisan_roumushizai/roumu_shizai/R08/PDF_R0810_roumu_shizai_kensetu_1.pdf,PDL1.0,,沖縄総合事務局開発建設部が市場取引価格を調査して設定した単価(物価資料に載っているものは載せていない)。消費税の扱いは表に明記なし(国の積算の材料単価は税抜き)。
48303f14e9a32d1d,JP,material,防止柵,横断防止柵センタービーム メッキ,埋込長１ｍ＠３ｍビーム３本 [柵高０．８ｍ 注３],ｍ,pref,47,沖縄県,沖縄県,,,7650,JPY,design_unit_price_ex_tax,published_pdl,,,2026-10,,ogb-zairyo-r8-10,24,https://www.ogb.go.jp/-/media/Files/OGB/Kaiken/kyoku/about/gikan/sekisan_roumushizai/roumu_shizai/R08/PDF_R0810_roumu_shizai_kensetu_1.pdf,PDL1.0,,沖縄総合事務局開発建設部が市場取引価格を調査して設定した単価(物価資料に載っているものは載せていない)。消費税の扱いは表に明記なし(国の積算の材料単価は税抜き)。
4d327890adc619ed,JP,material,防止柵,転落防止柵センタービーム メッキ,埋込長２０ｃｍ＠３ｍビーム４本 [柵高１．１ｍ 注１],ｍ,pref,47,沖縄県,沖縄県,,,8750,JPY,design_unit_price_ex_tax,published_pdl,,,2026-10,,ogb-zairyo-r8-10,24,https://www.ogb.go.jp/-/media/Files/OGB/Kaiken/kyoku/about/gikan/sekisan_roumushizai/roumu_shizai/R08/PDF_R0810_roumu_shizai_kensetu_1.pdf,PDL1.0,,沖縄総合事務局開発建設部が市場取引価格を調査して設定した単価(物価資料に載っているものは載せていない)。消費税の扱いは表に明記なし(国の積算の材料単価は税抜き)。
51e47adaa2d4244f,JP,material,防止柵,転落防止柵センタービーム メッキ,埋込長４５ｃｍ＠３ｍビーム４本 [柵高１．１ｍ 注２],ｍ,pref,47,沖縄県,沖縄県,,,8840,JPY,design_unit_price_ex_tax,published_pdl,,,2026-10,,ogb-zairyo-r8-10,24,https://www.ogb.go.jp/-/media/Files/OGB/Kaiken/kyoku/about/gikan/sekisan_roumushizai/roumu_shizai/R08/PDF_R0810_roumu_shizai_kensetu_1.pdf,PDL1.0,,沖縄総合事務局開発建設部が市場取引価格を調査して設定した単価(物価資料に載っているものは載せていない)。消費税の扱いは表に明記なし(国の積算の材料単価は税抜き)。
1b2507aee07fe5dd,JP,material,防止柵,転落防止柵センタービーム メッキ,埋込長１．２ｍ＠３ｍビーム４本 [柵高１．１ｍ 注３],ｍ,pref,47,沖縄県,沖縄県,,,9690,JPY,design_unit_price_ex_tax,published_pdl,,,2026-10,,ogb-zairyo-r8-10,24,https://www.ogb.go.jp/-/media/Files/OGB/Kaiken/kyoku/about/gikan/sekisan_roumushizai/roumu_shizai/R08/PDF_R0810_roumu_shizai_kensetu_1.pdf,PDL1.0,,沖縄総合事務局開発建設部が市場取引価格を調査して設定した単価(物価資料に載っているものは載せていない)。消費税の扱いは表に明記なし(国の積算の材料単価は税抜き)。
31ea5e461fba8595,JP,material,防止柵,横断防止柵（縦型） メッキ,Ｅ 土中用 [柵高０．８ｍ],ｍ,pref,47,沖縄県,沖縄県,,,10500,JPY,design_unit_price_ex_tax,published_pdl,,,2026-10,,ogb-zairyo-r8-10,24,https://www.ogb.go.jp/-/media/Files/OGB/Kaiken/kyoku/about/gikan/sekisan_roumushizai/roumu_shizai/R08/PDF_R0810_roumu_shizai_kensetu_1.pdf,PDL1.0,,沖縄総合事務局開発建設部が市場取引価格を調査して設定した単価(物価資料に載っているものは載せていない)。消費税の扱いは表に明記なし(国の積算の材料単価は税抜き)。
f9c074e908e847b3,JP,material,防止柵,横断防止柵（縦型） メッキ,Ｗ 天端コンクリート用 [柵高０．８ｍ],ｍ,pref,47,沖縄県,沖縄県,,,9820,JPY,design_unit_price_ex_tax,published_pdl,,,2026-10,,ogb-zairyo-r8-10,24,https://www.ogb.go.jp/-/media/Files/OGB/Kaiken/kyoku/about/gikan/sekisan_roumushizai/roumu_shizai/R08/PDF_R0810_roumu_shizai_kensetu_1.pdf,PDL1.0,,沖縄総合事務局開発建設部が市場取引価格を調査して設定した単価(物価資料に載っているものは載せていない)。消費税の扱いは表に明記なし(国の積算の材料単価は税抜き)。
63720454a22b815e,JP,material,防止柵,横断防止柵（縦型） メッキ,Ｃ コンクリート根固め用 [柵高０．８ｍ],ｍ,pref,47,沖縄県,沖縄県,,,9910,JPY,design_unit_price_ex_tax,published_pdl,,,2026-10,,ogb-zairyo-r8-10,24,https://www.ogb.go.jp/-/media/Files/OGB/Kaiken/kyoku/about/gikan/sekisan_roumushizai/roumu_shizai/R08/PDF_R0810_roumu_shizai_kensetu_1.pdf,PDL1.0,,沖縄総合事務局開発建設部が市場取引価格を調査して設定した単価(物価資料に載っているものは載せていない)。消費税の扱いは表に明記なし(国の積算の材料単価は税抜き)。
cb33a815761e2a69,JP,material,防止柵,転落防止柵（縦型） メッキ,Ｅ 土中用 [柵高１．１ｍ],ｍ,pref,47,沖縄県,沖縄県,,,13000,JPY,design_unit_price_ex_tax,published_pdl,,,2026-10,,ogb-zairyo-r8-10,24,https://www.ogb.go.jp/-/media/Files/OGB/Kaiken/kyoku/about/gikan/sekisan_roumushizai/roumu_shizai/R08/PDF_R0810_roumu_shizai_kensetu_1.pdf,PDL1.0,,沖縄総合事務局開発建設部が市場取引価格を調査して設定した単価(物価資料に載っているものは載せていない)。消費税の扱いは表に明記なし(国の積算の材料単価は税抜き)。
64983673e7ca3bad,JP,material,防止柵,転落防止柵（縦型） メッキ,Ｗ 天端コンクリート用 [柵高１．１ｍ],ｍ,pref,47,沖縄県,沖縄県,,,12000,JPY,design_unit_price_ex_tax,published_pdl,,,2026-10,,ogb-zairyo-r8-10,24,https://www.ogb.go.jp/-/media/Files/OGB/Kaiken/kyoku/about/gikan/sekisan_roumushizai/roumu_shizai/R08/PDF_R0810_roumu_shizai_kensetu_1.pdf,PDL1.0,,沖縄総合事務局開発建設部が市場取引価格を調査して設定した単価(物価資料に載っているものは載せていない)。消費税の扱いは表に明記なし(国の積算の材料単価は税抜き)。
b02cfbc9cf1e57e9,JP,material,防止柵,転落防止柵（縦型） メッキ,Ｃ コンクリート根固め用 [柵高１．１ｍ],ｍ,pref,47,沖縄県,沖縄県,,,12100,JPY,design_unit_price_ex_tax,published_pdl,,,2026-10,,ogb-zairyo-r8-10,24,https://www.ogb.go.jp/-/media/Files/OGB/Kaiken/kyoku/about/gikan/sekisan_roumushizai/roumu_shizai/R08/PDF_R0810_roumu_shizai_kensetu_1.pdf,PDL1.0,,沖縄総合事務局開発建設部が市場取引価格を調査して設定した単価(物価資料に載っているものは載せていない)。消費税の扱いは表に明記なし(国の積算の材料単価は税抜き)。
536c19502408e044,JP,material,落石防止柵,落石防止柵 中間支柱,ＨＤＺ５５以上 ステー付 [柵高３．５ｍ],本,pref,47,沖縄県,沖縄県,,,77200,JPY,design_unit_price_ex_tax,published_pdl,,,2026-10,,ogb-zairyo-r8-10,25,https://www.ogb.go.jp/-/media/Files/OGB/Kaiken/kyoku/about/gikan/sekisan_roumushizai/roumu_shizai/R08/PDF_R0810_roumu_shizai_kensetu_1.pdf,PDL1.0,,沖縄総合事務局開発建設部が市場取引価格を調査して設定した単価(物価資料に載っているものは載せていない)。消費税の扱いは表に明記なし(国の積算の材料単価は税抜き)。
761ec9e6b6d85e5b,JP,material,落石防止柵,落石防止柵 中間支柱,ＨＤＺ５５以上 ステー付 [柵高４．０ｍ],本,pref,47,沖縄県,沖縄県,,,168000,JPY,design_unit_price_ex_tax,published_pdl,,,2026-10,,ogb-zairyo-r8-10,25,https://www.ogb.go.jp/-/media/Files/OGB/Kaiken/kyoku/about/gikan/sekisan_roumushizai/roumu_shizai/R08/PDF_R0810_roumu_shizai_kensetu_1.pdf,PDL1.0,,沖縄総合事務局開発建設部が市場取引価格を調査して設定した単価(物価資料に載っているものは載せていない)。消費税の扱いは表に明記なし(国の積算の材料単価は税抜き)。
391730dfb57936d3,JP,material,落石防止柵,落石防止柵 端末支柱,ＨＤＺ５５以上 ステー付 [柵高３．５ｍ],本,pref,47,沖縄県,沖縄県,,,410000,JPY,design_unit_price_ex_tax,published_pdl,,,2026-10,,ogb-zairyo-r8-10,25,https://www.ogb.go.jp/-/media/Files/OGB/Kaiken/kyoku/about/gikan/sekisan_roumushizai/roumu_shizai/R08/PDF_R0810_roumu_shizai_kensetu_1.pdf,PDL1.0,,沖縄総合事務局開発建設部が市場取引価格を調査して設定した単価(物価資料に載っているものは載せていない)。消費税の扱いは表に明記なし(国の積算の材料単価は税抜き)。
96fc4d1304f73e99,JP,material,落石防止柵,落石防止柵 端末支柱,ＨＤＺ５５以上 ステー付 [柵高４．０ｍ],本,pref,47,沖縄県,沖縄県,,,454000,JPY,design_unit_price_ex_tax,published_pdl,,,2026-10,,ogb-zairyo-r8-10,25,https://www.ogb.go.jp/-/media/Files/OGB/Kaiken/kyoku/about/gikan/sekisan_roumushizai/roumu_shizai/R08/PDF_R0810_roumu_shizai_kensetu_1.pdf,PDL1.0,,沖縄総合事務局開発建設部が市場取引価格を調査して設定した単価(物価資料に載っているものは載せていない)。消費税の扱いは表に明記なし(国の積算の材料単価は税抜き)。
f85c64c96fe7b575,JP,material,擬木,プラ擬木,端末柱１本 横柵２段,本,pref,47,沖縄県,沖縄県,,,24400,JPY,design_unit_price_ex_tax,published_pdl,,,2026-10,,ogb-zairyo-r8-10,26,https://www.ogb.go.jp/-/media/Files/OGB/Kaiken/kyoku/about/gikan/sekisan_roumushizai/roumu_shizai/R08/PDF_R0810_roumu_shizai_kensetu_1.pdf,PDL1.0,,沖縄総合事務局開発建設部が市場取引価格を調査して設定した単価(物価資料に載っているものは載せていない)。消費税の扱いは表に明記なし(国の積算の材料単価は税抜き)。
f8c56b5f5720bba0,JP,material,擬木,プラ擬木 焼杉,横柵３段φ１００×１５００ [支柱φ１５０×１８００],ｍ,pref,47,沖縄県,沖縄県,,,36200,JPY,design_unit_price_ex_tax,published_pdl,,,2026-10,,ogb-zairyo-r8-10,26,https://www.ogb.go.jp/-/media/Files/OGB/Kaiken/kyoku/about/gikan/sekisan_roumushizai/roumu_shizai/R08/PDF_R0810_roumu_shizai_kensetu_1.pdf,PDL1.0,,沖縄総合事務局開発建設部が市場取引価格を調査して設定した単価(物価資料に載っているものは載せていない)。消費税の扱いは表に明記なし(国の積算の材料単価は税抜き)。
aae53e4818b1d54a,JP,material,擬木,プラ擬木 焼杉,端末柱１本 横柵３段,本,pref,47,沖縄県,沖縄県,,,34000,JPY,design_unit_price_ex_tax,published_pdl,,,2026-10,,ogb-zairyo-r8-10,26,https://www.ogb.go.jp/-/media/Files/OGB/Kaiken/kyoku/about/gikan/sekisan_roumushizai/roumu_shizai/R08/PDF_R0810_roumu_shizai_kensetu_1.pdf,PDL1.0,,沖縄総合事務局開発建設部が市場取引価格を調査して設定した単価(物価資料に載っているものは載せていない)。消費税の扱いは表に明記なし(国の積算の材料単価は税抜き)。
6a99f43a4e57b2d2,JP,material,溶接材料,電気溶接棒,軟鋼用φ２．６ｍｍ,Ｋｇ,pref,47,沖縄県,沖縄県,,,540,JPY,design_unit_price_ex_tax,published_pdl,,,2026-10,,ogb-zairyo-r8-10,27,https://www.ogb.go.jp/-/media/Files/OGB/Kaiken/kyoku/about/gikan/sekisan_roumushizai/roumu_shizai/R08/PDF_R0810_roumu_shizai_kensetu_1.pdf,PDL1.0,,沖縄総合事務局開発建設部が市場取引価格を調査して設定した単価(物価資料に載っているものは載せていない)。消費税の扱いは表に明記なし(国の積算の材料単価は税抜き)。
2c5e9bda1ba9995d,JP,material,溶接材料,電気溶接棒,軟鋼用φ６．０ｍｍ,Ｋｇ,pref,47,沖縄県,沖縄県,,,465,JPY,design_unit_price_ex_tax,published_pdl,,,2026-10,,ogb-zairyo-r8-10,27,https://www.ogb.go.jp/-/media/Files/OGB/Kaiken/kyoku/about/gikan/sekisan_roumushizai/roumu_shizai/R08/PDF_R0810_roumu_shizai_kensetu_1.pdf,PDL1.0,,沖縄総合事務局開発建設部が市場取引価格を調査して設定した単価(物価資料に載っているものは載せていない)。消費税の扱いは表に明記なし(国の積算の材料単価は税抜き)。
abba9e4fac6eb31e,JP,material,ボーリング資材,サーフェイスダイヤモンドビット,径４６ｍｍ１２ｃｔ加工料 [シングル用],式,pref,47,沖縄県,沖縄県,,,19700,JPY,design_unit_price_ex_tax,published_pdl,,,2026-10,,ogb-zairyo-r8-10,28,https://www.ogb.go.jp/-/media/Files/OGB/Kaiken/kyoku/about/gikan/sekisan_roumushizai/roumu_shizai/R08/PDF_R0810_roumu_shizai_kensetu_1.pdf,PDL1.0,,沖縄総合事務局開発建設部が市場取引価格を調査して設定した単価(物価資料に載っているものは載せていない)。消費税の扱いは表に明記なし(国の積算の材料単価は税抜き)。
ad909ddd5c187a31,JP,material,ボーリング資材,サーフェイスダイヤモンドビット,径４６ｍｍ１２ｃｔ新品価格 [シングル用],個,pref,47,沖縄県,沖縄県,,,128000,JPY,design_unit_price_ex_tax,published_pdl,,,2026-10,,ogb-zairyo-r8-10,28,https://www.ogb.go.jp/-/media/Files/OGB/Kaiken/kyoku/about/gikan/sekisan_roumushizai/roumu_shizai/R08/PDF_R0810_roumu_shizai_kensetu_1.pdf,PDL1.0,,沖縄総合事務局開発建設部が市場取引価格を調査して設定した単価(物価資料に載っているものは載せていない)。消費税の扱いは表に明記なし(国の積算の材料単価は税抜き)。
39e3c41763d61614,JP,material,ボーリング資材,サーフェイスダイヤモンドビット,径５６ｍｍ１４ｃｔ加工料 [シングル用],式,pref,47,沖縄県,沖縄県,,,24200,JPY,design_unit_price_ex_tax,published_pdl,,,2026-10,,ogb-zairyo-r8-10,28,https://www.ogb.go.jp/-/media/Files/OGB/Kaiken/kyoku/about/gikan/sekisan_roumushizai/roumu_shizai/R08/PDF_R0810_roumu_shizai_kensetu_1.pdf,PDL1.0,,沖縄総合事務局開発建設部が市場取引価格を調査して設定した単価(物価資料に載っているものは載せていない)。消費税の扱いは表に明記なし(国の積算の材料単価は税抜き)。
8e9c29058a72c6f0,JP,material,ボーリング資材,サーフェイスダイヤモンドビット,径５６ｍｍ１４ｃｔ新品価格 [シングル用],個,pref,47,沖縄県,沖縄県,,,149000,JPY,design_unit_price_ex_tax,published_pdl,,,2026-10,,ogb-zairyo-r8-10,28,https://www.ogb.go.jp/-/media/Files/OGB/Kaiken/kyoku/about/gikan/sekisan_roumushizai/roumu_shizai/R08/PDF_R0810_roumu_shizai_kensetu_1.pdf,PDL1.0,,沖縄総合事務局開発建設部が市場取引価格を調査して設定した単価(物価資料に載っているものは載せていない)。消費税の扱いは表に明記なし(国の積算の材料単価は税抜き)。
418beb0178248987,JP,material,ボーリング資材,サーフェイスダイヤモンドビット,径６６ｍｍ１８ｃｔ加工料 [シングル用],式,pref,47,沖縄県,沖縄県,,,27400,JPY,design_unit_price_ex_tax,published_pdl,,,2026-10,,ogb-zairyo-r8-10,28,https://www.ogb.go.jp/-/media/Files/OGB/Kaiken/kyoku/about/gikan/sekisan_roumushizai/roumu_shizai/R08/PDF_R0810_roumu_shizai_kensetu_1.pdf,PDL1.0,,沖縄総合事務局開発建設部が市場取引価格を調査して設定した単価(物価資料に載っているものは載せていない)。消費税の扱いは表に明記なし(国の積算の材料単価は税抜き)。
2829be489050a2bf,JP,material,ボーリング資材,サーフェイスダイヤモンドビット,径６６ｍｍ１８ｃｔ新品価格 [シングル用],個,pref,47,沖縄県,沖縄県,,,189000,JPY,design_unit_price_ex_tax,published_pdl,,,2026-10,,ogb-zairyo-r8-10,28,https://www.ogb.go.jp/-/media/Files/OGB/Kaiken/kyoku/about/gikan/sekisan_roumushizai/roumu_shizai/R08/PDF_R0810_roumu_shizai_kensetu_1.pdf,PDL1.0,,沖縄総合事務局開発建設部が市場取引価格を調査して設定した単価(物価資料に載っているものは載せていない)。消費税の扱いは表に明記なし(国の積算の材料単価は税抜き)。
f1d1100d92987be2,JP,material,ボーリング資材,サーフェイスダイヤモンドビット,径７６ｍｍ２４ｃｔ加工料 [シングル用],式,pref,47,沖縄県,沖縄県,,,34300,JPY,design_unit_price_ex_tax,published_pdl,,,2026-10,,ogb-zairyo-r8-10,28,https://www.ogb.go.jp/-/media/Files/OGB/Kaiken/kyoku/about/gikan/sekisan_roumushizai/roumu_shizai/R08/PDF_R0810_roumu_shizai_kensetu_1.pdf,PDL1.0,,沖縄総合事務局開発建設部が市場取引価格を調査して設定した単価(物価資料に載っているものは載せていない)。消費税の扱いは表に明記なし(国の積算の材料単価は税抜き)。
cbe44b3623cca7a7,JP,material,ボーリング資材,サーフェイスダイヤモンドビット,径７６ｍｍ２４ｃｔ新品価格 [シングル用],個,pref,47,沖縄県,沖縄県,,,251000,JPY,design_unit_price_ex_tax,published_pdl,,,2026-10,,ogb-zairyo-r8-10,28,https://www.ogb.go.jp/-/media/Files/OGB/Kaiken/kyoku/about/gikan/sekisan_roumushizai/roumu_shizai/R08/PDF_R0810_roumu_shizai_kensetu_1.pdf,PDL1.0,,沖縄総合事務局開発建設部が市場取引価格を調査して設定した単価(物価資料に載っているものは載せていない)。消費税の扱いは表に明記なし(国の積算の材料単価は税抜き)。
adec3c45706d182c,JP,material,ボーリング資材,サーフェイスダイヤモンドビット,径８６ｍｍ２８ｃｔ加工料 [シングル用],式,pref,47,沖縄県,沖縄県,,,42500,JPY,design_unit_price_ex_tax,published_pdl,,,2026-10,,ogb-zairyo-r8-10,28,https://www.ogb.go.jp/-/media/Files/OGB/Kaiken/kyoku/about/gikan/sekisan_roumushizai/roumu_shizai/R08/PDF_R0810_roumu_shizai_kensetu_1.pdf,PDL1.0,,沖縄総合事務局開発建設部が市場取引価格を調査して設定した単価(物価資料に載っているものは載せていない)。消費税の扱いは表に明記なし(国の積算の材料単価は税抜き)。
d4a08a4020c0d934,JP,material,ボーリング資材,サーフェイスダイヤモンドビット,径８６ｍｍ２８ｃｔ新品価格 [シングル用],個,pref,47,沖縄県,沖縄県,,,295000,JPY,design_unit_price_ex_tax,published_pdl,,,2026-10,,ogb-zairyo-r8-10,28,https://www.ogb.go.jp/-/media/Files/OGB/Kaiken/kyoku/about/gikan/sekisan_roumushizai/roumu_shizai/R08/PDF_R0810_roumu_shizai_kensetu_1.pdf,PDL1.0,,沖縄総合事務局開発建設部が市場取引価格を調査して設定した単価(物価資料に載っているものは載せていない)。消費税の扱いは表に明記なし(国の積算の材料単価は税抜き)。
bcc0c87259f9f41e,JP,material,ボーリング資材,サーフェイスダイヤモンドビット,径１１６ｍｍ３４ｃｔ加工料 [シングル用],式,pref,47,沖縄県,沖縄県,,,53100,JPY,design_unit_price_ex_tax,published_pdl,,,2026-10,,ogb-zairyo-r8-10,28,https://www.ogb.go.jp/-/media/Files/OGB/Kaiken/kyoku/about/gikan/sekisan_roumushizai/roumu_shizai/R08/PDF_R0810_roumu_shizai_kensetu_1.pdf,PDL1.0,,沖縄総合事務局開発建設部が市場取引価格を調査して設定した単価(物価資料に載っているものは載せていない)。消費税の扱いは表に明記なし(国の積算の材料単価は税抜き)。
2392aad8be83bf3d,JP,material,ボーリング資材,サーフェイスダイヤモンドビット,径１１６ｍｍ３４ｃｔ新品価格 [シングル用],個,pref,47,沖縄県,沖縄県,,,360000,JPY,design_unit_price_ex_tax,published_pdl,,,2026-10,,ogb-zairyo-r8-10,28,https://www.ogb.go.jp/-/media/Files/OGB/Kaiken/kyoku/about/gikan/sekisan_roumushizai/roumu_shizai/R08/PDF_R0810_roumu_shizai_kensetu_1.pdf,PDL1.0,,沖縄総合事務局開発建設部が市場取引価格を調査して設定した単価(物価資料に載っているものは載せていない)。消費税の扱いは表に明記なし(国の積算の材料単価は税抜き)。
7cbf407cde140564,JP,material,ボーリング資材,ダイヤモンドリーミングシェル,径４６ｍｍ４ｃｔ加工料 [シングル用],式,pref,47,沖縄県,沖縄県,,,20300,JPY,design_unit_price_ex_tax,published_pdl,,,2026-10,,ogb-zairyo-r8-10,28,https://www.ogb.go.jp/-/media/Files/OGB/Kaiken/kyoku/about/gikan/sekisan_roumushizai/roumu_shizai/R08/PDF_R0810_roumu_shizai_kensetu_1.pdf,PDL1.0,,沖縄総合事務局開発建設部が市場取引価格を調査して設定した単価(物価資料に載っているものは載せていない)。消費税の扱いは表に明記なし(国の積算の材料単価は税抜き)。
76d1421fcb614745,JP,material,ボーリング資材,ダイヤモンドリーミングシェル,径５６ｍｍ５ｃｔ加工料 [シングル用],式,pref,47,沖縄県,沖縄県,,,24900,JPY,design_unit_price_ex_tax,published_pdl,,,2026-10,,ogb-zairyo-r8-10,28,https://www.ogb.go.jp/-/media/Files/OGB/Kaiken/kyoku/about/gikan/sekisan_roumushizai/roumu_shizai/R08/PDF_R0810_roumu_shizai_kensetu_1.pdf,PDL1.0,,沖縄総合事務局開発建設部が市場取引価格を調査して設定した単価(物価資料に載っているものは載せていない)。消費税の扱いは表に明記なし(国の積算の材料単価は税抜き)。
d3f3720b167f168c,JP,material,ボーリング資材,ダイヤモンドリーミングシェル,径６６ｍｍ６ｃｔ加工料 [シングル用],式,pref,47,沖縄県,沖縄県,,,29300,JPY,design_unit_price_ex_tax,published_pdl,,,2026-10,,ogb-zairyo-r8-10,28,https://www.ogb.go.jp/-/media/Files/OGB/Kaiken/kyoku/about/gikan/sekisan_roumushizai/roumu_shizai/R08/PDF_R0810_roumu_shizai_kensetu_1.pdf,PDL1.0,,沖縄総合事務局開発建設部が市場取引価格を調査して設定した単価(物価資料に載っているものは載せていない)。消費税の扱いは表に明記なし(国の積算の材料単価は税抜き)。
30cbeebaf1b05fda,JP,material,ボーリング資材,ダイヤモンドリーミングシェル,径７６ｍｍ７ｃｔ加工料 [シングル用],式,pref,47,沖縄県,沖縄県,,,35700,JPY,design_unit_price_ex_tax,published_pdl,,,2026-10,,ogb-zairyo-r8-10,28,https://www.ogb.go.jp/-/media/Files/OGB/Kaiken/kyoku/about/gikan/sekisan_roumushizai/roumu_shizai/R08/PDF_R0810_roumu_shizai_kensetu_1.pdf,PDL1.0,,沖縄総合事務局開発建設部が市場取引価格を調査して設定した単価(物価資料に載っているものは載せていない)。消費税の扱いは表に明記なし(国の積算の材料単価は税抜き)。
a6b145da511c7c6d,JP,material,ボーリング資材,ダイヤモンドリーミングシェル,径８６ｍｍ７ｃｔ加工料 [シングル用],式,pref,47,沖縄県,沖縄県,,,44600,JPY,design_unit_price_ex_tax,published_pdl,,,2026-10,,ogb-zairyo-r8-10,28,https://www.ogb.go.jp/-/media/Files/OGB/Kaiken/kyoku/about/gikan/sekisan_roumushizai/roumu_shizai/R08/PDF_R0810_roumu_shizai_kensetu_1.pdf,PDL1.0,,沖縄総合事務局開発建設部が市場取引価格を調査して設定した単価(物価資料に載っているものは載せていない)。消費税の扱いは表に明記なし(国の積算の材料単価は税抜き)。
b3c452dcd96119c2,JP,material,ボーリング資材,ダイヤモンドリーミングシェル,径１１６ｍｍ１０ｃｔ加工料 [シングル用],式,pref,47,沖縄県,沖縄県,,,55700,JPY,design_unit_price_ex_tax,published_pdl,,,2026-10,,ogb-zairyo-r8-10,28,https://www.ogb.go.jp/-/media/Files/OGB/Kaiken/kyoku/about/gikan/sekisan_roumushizai/roumu_shizai/R08/PDF_R0810_roumu_shizai_kensetu_1.pdf,PDL1.0,,沖縄総合事務局開発建設部が市場取引価格を調査して設定した単価(物価資料に載っているものは載せていない)。消費税の扱いは表に明記なし(国の積算の材料単価は税抜き)。
7c70b2237f43ab8f,JP,material,ボーリング資材,コアチューブ,ダブル７６ｍｍ １．５ｍ,本,pref,47,沖縄県,沖縄県,,,125000,JPY,design_unit_price_ex_tax,published_pdl,,,2026-10,,ogb-zairyo-r8-10,28,https://www.ogb.go.jp/-/media/Files/OGB/Kaiken/kyoku/about/gikan/sekisan_roumushizai/roumu_shizai/R08/PDF_R0810_roumu_shizai_kensetu_1.pdf,PDL1.0,,沖縄総合事務局開発建設部が市場取引価格を調査して設定した単価(物価資料に載っているものは載せていない)。消費税の扱いは表に明記なし(国の積算の材料単価は税抜き)。
fd5451f1aee8102c,JP,material,ボーリング資材,コアチューブ,ダブル８６ｍｍ １．５ｍ,本,pref,47,沖縄県,沖縄県,,,135000,JPY,design_unit_price_ex_tax,published_pdl,,,2026-10,,ogb-zairyo-r8-10,28,https://www.ogb.go.jp/-/media/Files/OGB/Kaiken/kyoku/about/gikan/sekisan_roumushizai/roumu_shizai/R08/PDF_R0810_roumu_shizai_kensetu_1.pdf,PDL1.0,,沖縄総合事務局開発建設部が市場取引価格を調査して設定した単価(物価資料に載っているものは載せていない)。消費税の扱いは表に明記なし(国の積算の材料単価は税抜き)。
b64e2c312ed4fc6a,JP,material,ボーリング資材,ケーシング,φ４３ １．５ｍ [ヘッドシュー込],本,pref,47,沖縄県,沖縄県,,,8190,JPY,design_unit_price_ex_tax,published_pdl,,,2026-10,,ogb-zairyo-r8-10,28,https://www.ogb.go.jp/-/media/Files/OGB/Kaiken/kyoku/about/gikan/sekisan_roumushizai/roumu_shizai/R08/PDF_R0810_roumu_shizai_kensetu_1.pdf,PDL1.0,,沖縄総合事務局開発建設部が市場取引価格を調査して設定した単価(物価資料に載っているものは載せていない)。消費税の扱いは表に明記なし(国の積算の材料単価は税抜き)。
27cac73073d10cbe,JP,material,ボーリング資材,ケーシング,φ５３ １．５ｍ [ヘッドシュー込],本,pref,47,沖縄県,沖縄県,,,9310,JPY,design_unit_price_ex_tax,published_pdl,,,2026-10,,ogb-zairyo-r8-10,28,https://www.ogb.go.jp/-/media/Files/OGB/Kaiken/kyoku/about/gikan/sekisan_roumushizai/roumu_shizai/R08/PDF_R0810_roumu_shizai_kensetu_1.pdf,PDL1.0,,沖縄総合事務局開発建設部が市場取引価格を調査して設定した単価(物価資料に載っているものは載せていない)。消費税の扱いは表に明記なし(国の積算の材料単価は税抜き)。
6103fc87a15a0852,JP,material,除草用切刃,除草用切刃,ＨＭＡ－９１用 [草刈車用],枚,pref,47,沖縄県,沖縄県,,,480,JPY,design_unit_price_ex_tax,published_pdl,,,2026-10,,ogb-zairyo-r8-10,29,https://www.ogb.go.jp/-/media/Files/OGB/Kaiken/kyoku/about/gikan/sekisan_roumushizai/roumu_shizai/R08/PDF_R0810_roumu_shizai_kensetu_1.pdf,PDL1.0,,沖縄総合事務局開発建設部が市場取引価格を調査して設定した単価(物価資料に載っているものは載せていない)。消費税の扱いは表に明記なし(国の積算の材料単価は税抜き)。
a92b42332e75c7f0,JP,material,除草用切刃,除草用切刃,丸鋸刃 直径１０吋 [肩掛式],枚,pref,47,沖縄県,沖縄県,,,780,JPY,design_unit_price_ex_tax,published_pdl,,,2026-10,,ogb-zairyo-r8-10,29,https://www.ogb.go.jp/-/media/Files/OGB/Kaiken/kyoku/about/gikan/sekisan_roumushizai/roumu_shizai/R08/PDF_R0810_roumu_shizai_kensetu_1.pdf,PDL1.0,,沖縄総合事務局開発建設部が市場取引価格を調査して設定した単価(物価資料に載っているものは載せていない)。消費税の扱いは表に明記なし(国の積算の材料単価は税抜き)。
f1aec7dafdc62028,JP,material,除草用切刃,除草用切刃,巴刃 直径１０吋 [肩掛式],枚,pref,47,沖縄県,沖縄県,,,660,JPY,design_unit_price_ex_tax,published_pdl,,,2026-10,,ogb-zairyo-r8-10,29,https://www.ogb.go.jp/-/media/Files/OGB/Kaiken/kyoku/about/gikan/sekisan_roumushizai/roumu_shizai/R08/PDF_R0810_roumu_shizai_kensetu_1.pdf,PDL1.0,,沖縄総合事務局開発建設部が市場取引価格を調査して設定した単価(物価資料に載っているものは載せていない)。消費税の扱いは表に明記なし(国の積算の材料単価は税抜き)。
2480e8c755fb80e8,JP,material,名板及び標示板,橋名板 黄銅 板厚８ｍｍ 字厚５ｍｍ,６００×４００×１３ [字厚５ｍｍ],枚,pref,47,沖縄県,沖縄県,,,194000,JPY,design_unit_price_ex_tax,published_pdl,,,2026-10,,ogb-zairyo-r8-10,30,https://www.ogb.go.jp/-/media/Files/OGB/Kaiken/kyoku/about/gikan/sekisan_roumushizai/roumu_shizai/R08/PDF_R0810_roumu_shizai_kensetu_1.pdf,PDL1.0,,沖縄総合事務局開発建設部が市場取引価格を調査して設定した単価(物価資料に載っているものは載せていない)。消費税の扱いは表に明記なし(国の積算の材料単価は税抜き)。
90c9502d4e5062e7,JP,material,名板及び標示板,用地境界板 真鍮,Ｂ型１００×４０×２ [接着タイプ],枚,pref,47,沖縄県,沖縄県,,,1660,JPY,design_unit_price_ex_tax,published_pdl,,,2026-10,,ogb-zairyo-r8-10,30,https://www.ogb.go.jp/-/media/Files/OGB/Kaiken/kyoku/about/gikan/sekisan_roumushizai/roumu_shizai/R08/PDF_R0810_roumu_shizai_kensetu_1.pdf,PDL1.0,,沖縄総合事務局開発建設部が市場取引価格を調査して設定した単価(物価資料に載っているものは載せていない)。消費税の扱いは表に明記なし(国の積算の材料単価は税抜き)。
e2e6ecd5b15348d1,JP,material,道路用材,保安用材（警戒標識）,１．６倍（２１３） [封入レンズ式],枚,pref,47,沖縄県,沖縄県,,,29000,JPY,design_unit_price_ex_tax,published_pdl,,,2026-10,,ogb-zairyo-r8-10,31,https://www.ogb.go.jp/-/media/Files/OGB/Kaiken/kyoku/about/gikan/sekisan_roumushizai/roumu_shizai/R08/PDF_R0810_roumu_shizai_kensetu_1.pdf,PDL1.0,,沖縄総合事務局開発建設部が市場取引価格を調査して設定した単価(物価資料に載っているものは載せていない)。消費税の扱いは表に明記なし(国の積算の材料単価は税抜き)。
9adc111f660061d6,JP,material,道路用材,保安用材（警戒標識）,１．６倍（２１１） [封入レンズ式],枚,pref,47,沖縄県,沖縄県,,,29000,JPY,design_unit_price_ex_tax,published_pdl,,,2026-10,,ogb-zairyo-r8-10,31,https://www.ogb.go.jp/-/media/Files/OGB/Kaiken/kyoku/about/gikan/sekisan_roumushizai/roumu_shizai/R08/PDF_R0810_roumu_shizai_kensetu_1.pdf,PDL1.0,,沖縄総合事務局開発建設部が市場取引価格を調査して設定した単価(物価資料に載っているものは載せていない)。消費税の扱いは表に明記なし(国の積算の材料単価は税抜き)。
33ce0589297aed24,JP,material,道路用材,保安用材（警戒標識）,１．６倍（２１２－２） [封入レンズ式],枚,pref,47,沖縄県,沖縄県,,,29000,JPY,design_unit_price_ex_tax,published_pdl,,,2026-10,,ogb-zairyo-r8-10,31,https://www.ogb.go.jp/-/media/Files/OGB/Kaiken/kyoku/about/gikan/sekisan_roumushizai/roumu_shizai/R08/PDF_R0810_roumu_shizai_kensetu_1.pdf,PDL1.0,,沖縄総合事務局開発建設部が市場取引価格を調査して設定した単価(物価資料に載っているものは載せていない)。消費税の扱いは表に明記なし(国の積算の材料単価は税抜き)。
300b3b6cfb838b0a,JP,material,道路用材,保安用材（規制標識）,１．５倍（３１１－Ｅ） [封入レンズ式],枚,pref,47,沖縄県,沖縄県,,,30100,JPY,design_unit_price_ex_tax,published_pdl,,,2026-10,,ogb-zairyo-r8-10,31,https://www.ogb.go.jp/-/media/Files/OGB/Kaiken/kyoku/about/gikan/sekisan_roumushizai/roumu_shizai/R08/PDF_R0810_roumu_shizai_kensetu_1.pdf,PDL1.0,,沖縄総合事務局開発建設部が市場取引価格を調査して設定した単価(物価資料に載っているものは載せていない)。消費税の扱いは表に明記なし(国の積算の材料単価は税抜き)。
dc378084343ad752,JP,material,道路用材,保安用材（規制標識）,１．５倍（３２９） [封入レンズ式],枚,pref,47,沖縄県,沖縄県,,,31300,JPY,design_unit_price_ex_tax,published_pdl,,,2026-10,,ogb-zairyo-r8-10,31,https://www.ogb.go.jp/-/media/Files/OGB/Kaiken/kyoku/about/gikan/sekisan_roumushizai/roumu_shizai/R08/PDF_R0810_roumu_shizai_kensetu_1.pdf,PDL1.0,,沖縄総合事務局開発建設部が市場取引価格を調査して設定した単価(物価資料に載っているものは載せていない)。消費税の扱いは表に明記なし(国の積算の材料単価は税抜き)。
3cb51af94ba04d69,JP,material,道路用材,標識柱 ２．５～４．５ｍ,鋼管６０．５×３．２ [ＨＤＺ５５以上],ｍ,pref,47,沖縄県,沖縄県,,,5120,JPY,design_unit_price_ex_tax,published_pdl,,,2026-10,,ogb-zairyo-r8-10,31,https://www.ogb.go.jp/-/media/Files/OGB/Kaiken/kyoku/about/gikan/sekisan_roumushizai/roumu_shizai/R08/PDF_R0810_roumu_shizai_kensetu_1.pdf,PDL1.0,,沖縄総合事務局開発建設部が市場取引価格を調査して設定した単価(物価資料に載っているものは載せていない)。消費税の扱いは表に明記なし(国の積算の材料単価は税抜き)。
95d4253c927fd889,JP,material,道路用材,標識柱 ２．５～４．５ｍ,鋼管７６．３×３．２ [ＨＤＺ５５以上],ｍ,pref,47,沖縄県,沖縄県,,,6630,JPY,design_unit_price_ex_tax,published_pdl,,,2026-10,,ogb-zairyo-r8-10,31,https://www.ogb.go.jp/-/media/Files/OGB/Kaiken/kyoku/about/gikan/sekisan_roumushizai/roumu_shizai/R08/PDF_R0810_roumu_shizai_kensetu_1.pdf,PDL1.0,,沖縄総合事務局開発建設部が市場取引価格を調査して設定した単価(物価資料に載っているものは載せていない)。消費税の扱いは表に明記なし(国の積算の材料単価は税抜き)。
c17cf8cd2a2f4e89,JP,material,道路用材,標識柱,鋼管単柱φ８９．１ｍｍ以上 [亜鉛メッキ],ｔ,pref,47,沖縄県,沖縄県,,,1080000,JPY,design_unit_price_ex_tax,published_pdl,,,2026-10,,ogb-zairyo-r8-10,31,https://www.ogb.go.jp/-/media/Files/OGB/Kaiken/kyoku/about/gikan/sekisan_roumushizai/roumu_shizai/R08/PDF_R0810_roumu_shizai_kensetu_1.pdf,PDL1.0,,沖縄総合事務局開発建設部が市場取引価格を調査して設定した単価(物価資料に載っているものは載せていない)。消費税の扱いは表に明記なし(国の積算の材料単価は税抜き)。
176915eb13a73fe4,JP,material,道路用材,標識柱,鋼管オーバーハングＦ・Ｒ・Ｔ [亜鉛メッキ],ｔ,pref,47,沖縄県,沖縄県,,,1490000,JPY,design_unit_price_ex_tax,published_pdl,,,2026-10,,ogb-zairyo-r8-10,31,https://www.ogb.go.jp/-/media/Files/OGB/Kaiken/kyoku/about/gikan/sekisan_roumushizai/roumu_shizai/R08/PDF_R0810_roumu_shizai_kensetu_1.pdf,PDL1.0,,沖縄総合事務局開発建設部が市場取引価格を調査して設定した単価(物価資料に載っているものは載せていない)。消費税の扱いは表に明記なし(国の積算の材料単価は税抜き)。
37d5ec5ee60753a4,JP,material,道路用材,標識柱,鋼管オーバーヘッドトラス型 [亜鉛メッキ],ｔ,pref,47,沖縄県,沖縄県,,,1880000,JPY,design_unit_price_ex_tax,published_pdl,,,2026-10,,ogb-zairyo-r8-10,31,https://www.ogb.go.jp/-/media/Files/OGB/Kaiken/kyoku/about/gikan/sekisan_roumushizai/roumu_shizai/R08/PDF_R0810_roumu_shizai_kensetu_1.pdf,PDL1.0,,沖縄総合事務局開発建設部が市場取引価格を調査して設定した単価(物価資料に載っているものは載せていない)。消費税の扱いは表に明記なし(国の積算の材料単価は税抜き)。
a73bd01a9145fbbc,JP,material,道路用材,案内標識 全面反射,耐食アルミ板カプセルレンズ型 [素地ブルー文字ホワイト],ｍ２,pref,47,沖縄県,沖縄県,,,89800,JPY,design_unit_price_ex_tax,published_pdl,,,2026-10,,ogb-zairyo-r8-10,31,https://www.ogb.go.jp/-/media/Files/OGB/Kaiken/kyoku/about/gikan/sekisan_roumushizai/roumu_shizai/R08/PDF_R0810_roumu_shizai_kensetu_1.pdf,PDL1.0,,沖縄総合事務局開発建設部が市場取引価格を調査して設定した単価(物価資料に載っているものは載せていない)。消費税の扱いは表に明記なし(国の積算の材料単価は税抜き)。
e898c1bca269fa45,JP,material,道路用材,案内標識 全面反射,耐食アルミ板カプセルレンズ型 [素地ホワイト文字ブルー],ｍ２,pref,47,沖縄県,沖縄県,,,89800,JPY,design_unit_price_ex_tax,published_pdl,,,2026-10,,ogb-zairyo-r8-10,31,https://www.ogb.go.jp/-/media/Files/OGB/Kaiken/kyoku/about/gikan/sekisan_roumushizai/roumu_shizai/R08/PDF_R0810_roumu_shizai_kensetu_1.pdf,PDL1.0,,沖縄総合事務局開発建設部が市場取引価格を調査して設定した単価(物価資料に載っているものは載せていない)。消費税の扱いは表に明記なし(国の積算の材料単価は税抜き)。
4da49520993219c9,JP,material,道路用材,案内標識 全面反射,耐食アルミ板封入レンズ型 [素地ブルー文字ホワイト],ｍ２,pref,47,沖縄県,沖縄県,,,67900,JPY,design_unit_price_ex_tax,published_pdl,,,2026-10,,ogb-zairyo-r8-10,31,https://www.ogb.go.jp/-/media/Files/OGB/Kaiken/kyoku/about/gikan/sekisan_roumushizai/roumu_shizai/R08/PDF_R0810_roumu_shizai_kensetu_1.pdf,PDL1.0,,沖縄総合事務局開発建設部が市場取引価格を調査して設定した単価(物価資料に載っているものは載せていない)。消費税の扱いは表に明記なし(国の積算の材料単価は税抜き)。
f17c0d04fc07c3c8,JP,material,道路用材,案内標識 全面反射,耐食アルミ板封入レンズ型 [素地ホワイト文字ブルー],ｍ２,pref,47,沖縄県,沖縄県,,,67900,JPY,design_unit_price_ex_tax,published_pdl,,,2026-10,,ogb-zairyo-r8-10,31,https://www.ogb.go.jp/-/media/Files/OGB/Kaiken/kyoku/about/gikan/sekisan_roumushizai/roumu_shizai/R08/PDF_R0810_roumu_shizai_kensetu_1.pdf,PDL1.0,,沖縄総合事務局開発建設部が市場取引価格を調査して設定した単価(物価資料に載っているものは載せていない)。消費税の扱いは表に明記なし(国の積算の材料単価は税抜き)。
b359f27c60887cc9,JP,material,道路用材,路線番号 全面反射,耐食アルミ板カプセルレンズ型,ｍ２,pref,47,沖縄県,沖縄県,,,76900,JPY,design_unit_price_ex_tax,published_pdl,,,2026-10,,ogb-zairyo-r8-10,31,https://www.ogb.go.jp/-/media/Files/OGB/Kaiken/kyoku/about/gikan/sekisan_roumushizai/roumu_shizai/R08/PDF_R0810_roumu_shizai_kensetu_1.pdf,PDL1.0,,沖縄総合事務局開発建設部が市場取引価格を調査して設定した単価(物価資料に載っているものは載せていない)。消費税の扱いは表に明記なし(国の積算の材料単価は税抜き)。
c8755b9a7ebc7347,JP,material,道路用材,路線番号 全面反射,耐食アルミ板封入レンズ型,ｍ２,pref,47,沖縄県,沖縄県,,,56000,JPY,design_unit_price_ex_tax,published_pdl,,,2026-10,,ogb-zairyo-r8-10,31,https://www.ogb.go.jp/-/media/Files/OGB/Kaiken/kyoku/about/gikan/sekisan_roumushizai/roumu_shizai/R08/PDF_R0810_roumu_shizai_kensetu_1.pdf,PDL1.0,,沖縄総合事務局開発建設部が市場取引価格を調査して設定した単価(物価資料に載っているものは載せていない)。消費税の扱いは表に明記なし(国の積算の材料単価は税抜き)。
f3ea319cdc3a7bca,JP,material,道路用材,警戒標識 全面反射,耐食アルミ板カプセルレンズ型,ｍ２,pref,47,沖縄県,沖縄県,,,76900,JPY,design_unit_price_ex_tax,published_pdl,,,2026-10,,ogb-zairyo-r8-10,31,https://www.ogb.go.jp/-/media/Files/OGB/Kaiken/kyoku/about/gikan/sekisan_roumushizai/roumu_shizai/R08/PDF_R0810_roumu_shizai_kensetu_1.pdf,PDL1.0,,沖縄総合事務局開発建設部が市場取引価格を調査して設定した単価(物価資料に載っているものは載せていない)。消費税の扱いは表に明記なし(国の積算の材料単価は税抜き)。
334e635b5105206e,JP,material,道路用材,警戒標識 全面反射,耐食アルミ板封入レンズ型,ｍ２,pref,47,沖縄県,沖縄県,,,56000,JPY,design_unit_price_ex_tax,published_pdl,,,2026-10,,ogb-zairyo-r8-10,31,https://www.ogb.go.jp/-/media/Files/OGB/Kaiken/kyoku/about/gikan/sekisan_roumushizai/roumu_shizai/R08/PDF_R0810_roumu_shizai_kensetu_1.pdf,PDL1.0,,沖縄総合事務局開発建設部が市場取引価格を調査して設定した単価(物価資料に載っているものは載せていない)。消費税の扱いは表に明記なし(国の積算の材料単価は税抜き)。
91500c224714f334,JP,material,道路用材,取付金具 高リブ５０＊５０＊Ｌ,案内標識０．５～１ｍ２未満 [ブラケット無 ＨＤＺ５５],ｍ２,pref,47,沖縄県,沖縄県,,,14500,JPY,design_unit_price_ex_tax,published_pdl,,,2026-10,,ogb-zairyo-r8-10,31,https://www.ogb.go.jp/-/media/Files/OGB/Kaiken/kyoku/about/gikan/sekisan_roumushizai/roumu_shizai/R08/PDF_R0810_roumu_shizai_kensetu_1.pdf,PDL1.0,,沖縄総合事務局開発建設部が市場取引価格を調査して設定した単価(物価資料に載っているものは載せていない)。消費税の扱いは表に明記なし(国の積算の材料単価は税抜き)。
0c8b5e03bfe753e7,JP,material,道路用材,取付金具 高リブ５０＊５０＊Ｌ,案内標識１．０～２．５ｍ２未満 [ブラケット無 ＨＤＺ５５],ｍ２,pref,47,沖縄県,沖縄県,,,12800,JPY,design_unit_price_ex_tax,published_pdl,,,2026-10,,ogb-zairyo-r8-10,31,https://www.ogb.go.jp/-/media/Files/OGB/Kaiken/kyoku/about/gikan/sekisan_roumushizai/roumu_shizai/R08/PDF_R0810_roumu_shizai_kensetu_1.pdf,PDL1.0,,沖縄総合事務局開発建設部が市場取引価格を調査して設定した単価(物価資料に載っているものは載せていない)。消費税の扱いは表に明記なし(国の積算の材料単価は税抜き)。
abad2ffc71d512ab,JP,material,道路用材,取付金具 高リブ５０＊５０＊Ｌ,案内標識２．５ｍ２以上 [ブラケット無 ＨＤＺ５５],ｍ２,pref,47,沖縄県,沖縄県,,,8100,JPY,design_unit_price_ex_tax,published_pdl,,,2026-10,,ogb-zairyo-r8-10,31,https://www.ogb.go.jp/-/media/Files/OGB/Kaiken/kyoku/about/gikan/sekisan_roumushizai/roumu_shizai/R08/PDF_R0810_roumu_shizai_kensetu_1.pdf,PDL1.0,,沖縄総合事務局開発建設部が市場取引価格を調査して設定した単価(物価資料に載っているものは載せていない)。消費税の扱いは表に明記なし(国の積算の材料単価は税抜き)。
6490d723f1dfb92b,JP,material,道路用材,取付金具 Ｕ型バンド,路線番号警戒標識１倍 [ＨＤＺ５５],枚,pref,47,沖縄県,沖縄県,,,776,JPY,design_unit_price_ex_tax,published_pdl,,,2026-10,,ogb-zairyo-r8-10,31,https://www.ogb.go.jp/-/media/Files/OGB/Kaiken/kyoku/about/gikan/sekisan_roumushizai/roumu_shizai/R08/PDF_R0810_roumu_shizai_kensetu_1.pdf,PDL1.0,,沖縄総合事務局開発建設部が市場取引価格を調査して設定した単価(物価資料に載っているものは載せていない)。消費税の扱いは表に明記なし(国の積算の材料単価は税抜き)。
cce8b5354071ddb2,JP,material,道路用材,取付金具 Ｕ型バンド,路線番号警戒標識１．３倍 [ＨＤＺ５５],枚,pref,47,沖縄県,沖縄県,,,1190,JPY,design_unit_price_ex_tax,published_pdl,,,2026-10,,ogb-zairyo-r8-10,31,https://www.ogb.go.jp/-/media/Files/OGB/Kaiken/kyoku/about/gikan/sekisan_roumushizai/roumu_shizai/R08/PDF_R0810_roumu_shizai_kensetu_1.pdf,PDL1.0,,沖縄総合事務局開発建設部が市場取引価格を調査して設定した単価(物価資料に載っているものは載せていない)。消費税の扱いは表に明記なし(国の積算の材料単価は税抜き)。
6697d35a8a49a58a,JP,material,道路用材,取付金具 Ｕ型バンド,路線番号警戒標識１．６倍 [ＨＤＺ５５],枚,pref,47,沖縄県,沖縄県,,,1760,JPY,design_unit_price_ex_tax,published_pdl,,,2026-10,,ogb-zairyo-r8-10,31,https://www.ogb.go.jp/-/media/Files/OGB/Kaiken/kyoku/about/gikan/sekisan_roumushizai/roumu_shizai/R08/PDF_R0810_roumu_shizai_kensetu_1.pdf,PDL1.0,,沖縄総合事務局開発建設部が市場取引価格を調査して設定した単価(物価資料に載っているものは載せていない)。消費税の扱いは表に明記なし(国の積算の材料単価は税抜き)。
53acbd1679e22c9d,JP,material,道路用材,取付金具 Ｕ型バンド,路線番号警戒標識２倍 [ＨＤＺ５５],枚,pref,47,沖縄県,沖縄県,,,3150,JPY,design_unit_price_ex_tax,published_pdl,,,2026-10,,ogb-zairyo-r8-10,31,https://www.ogb.go.jp/-/media/Files/OGB/Kaiken/kyoku/about/gikan/sekisan_roumushizai/roumu_shizai/R08/PDF_R0810_roumu_shizai_kensetu_1.pdf,PDL1.0,,沖縄総合事務局開発建設部が市場取引価格を調査して設定した単価(物価資料に載っているものは載せていない)。消費税の扱いは表に明記なし(国の積算の材料単価は税抜き)。
7858d41d93e7a785,JP,material,道路用材,補助標識（取付金具付） アルミ板,１８０×６００カプセルレンズ型 [１倍 ＨＤＺ５５],枚,pref,47,沖縄県,沖縄県,,,6650,JPY,design_unit_price_ex_tax,published_pdl,,,2026-10,,ogb-zairyo-r8-10,32,https://www.ogb.go.jp/-/media/Files/OGB/Kaiken/kyoku/about/gikan/sekisan_roumushizai/roumu_shizai/R08/PDF_R0810_roumu_shizai_kensetu_1.pdf,PDL1.0,,沖縄総合事務局開発建設部が市場取引価格を調査して設定した単価(物価資料に載っているものは載せていない)。消費税の扱いは表に明記なし(国の積算の材料単価は税抜き)。
149557211865e38c,JP,material,道路用材,補助標識（取付金具付） アルミ板,１８０×６００封入レンズ型 [１倍 ＨＤＺ５５],枚,pref,47,沖縄県,沖縄県,,,4430,JPY,design_unit_price_ex_tax,published_pdl,,,2026-10,,ogb-zairyo-r8-10,32,https://www.ogb.go.jp/-/media/Files/OGB/Kaiken/kyoku/about/gikan/sekisan_roumushizai/roumu_shizai/R08/PDF_R0810_roumu_shizai_kensetu_1.pdf,PDL1.0,,沖縄総合事務局開発建設部が市場取引価格を調査して設定した単価(物価資料に載っているものは載せていない)。消費税の扱いは表に明記なし(国の積算の材料単価は税抜き)。
1ed8f096ee715d97,JP,material,道路用材,補助標識（取付金具付） アルミ板,２２０×６００カプセルレンズ型 [１倍 ＨＤＺ５５],枚,pref,47,沖縄県,沖縄県,,,8200,JPY,design_unit_price_ex_tax,published_pdl,,,2026-10,,ogb-zairyo-r8-10,32,https://www.ogb.go.jp/-/media/Files/OGB/Kaiken/kyoku/about/gikan/sekisan_roumushizai/roumu_shizai/R08/PDF_R0810_roumu_shizai_kensetu_1.pdf,PDL1.0,,沖縄総合事務局開発建設部が市場取引価格を調査して設定した単価(物価資料に載っているものは載せていない)。消費税の扱いは表に明記なし(国の積算の材料単価は税抜き)。
9904505fa82d0017,JP,material,道路用材,補助標識（取付金具付） アルミ板,２２０×６００封入レンズ型 [１倍 ＨＤＺ５５],枚,pref,47,沖縄県,沖縄県,,,5470,JPY,design_unit_price_ex_tax,published_pdl,,,2026-10,,ogb-zairyo-r8-10,32,https://www.ogb.go.jp/-/media/Files/OGB/Kaiken/kyoku/about/gikan/sekisan_roumushizai/roumu_shizai/R08/PDF_R0810_roumu_shizai_kensetu_1.pdf,PDL1.0,,沖縄総合事務局開発建設部が市場取引価格を調査して設定した単価(物価資料に載っているものは載せていない)。消費税の扱いは表に明記なし(国の積算の材料単価は税抜き)。
35ee73a19deedc1e,JP,material,道路用材,補助標識（取付金具付） アルミ板,３１０×６００カプセルレンズ型 [１倍 ＨＤＺ５５],枚,pref,47,沖縄県,沖縄県,,,11700,JPY,design_unit_price_ex_tax,published_pdl,,,2026-10,,ogb-zairyo-r8-10,32,https://www.ogb.go.jp/-/media/Files/OGB/Kaiken/kyoku/about/gikan/sekisan_roumushizai/roumu_shizai/R08/PDF_R0810_roumu_shizai_kensetu_1.pdf,PDL1.0,,沖縄総合事務局開発建設部が市場取引価格を調査して設定した単価(物価資料に載っているものは載せていない)。消費税の扱いは表に明記なし(国の積算の材料単価は税抜き)。
661b80a3279c241d,JP,material,道路用材,補助標識（取付金具付） アルミ板,３１０×６００板封入レンズ型 [１倍 ＨＤＺ５５],枚,pref,47,沖縄県,沖縄県,,,7880,JPY,design_unit_price_ex_tax,published_pdl,,,2026-10,,ogb-zairyo-r8-10,32,https://www.ogb.go.jp/-/media/Files/OGB/Kaiken/kyoku/about/gikan/sekisan_roumushizai/roumu_shizai/R08/PDF_R0810_roumu_shizai_kensetu_1.pdf,PDL1.0,,沖縄総合事務局開発建設部が市場取引価格を調査して設定した単価(物価資料に載っているものは載せていない)。消費税の扱いは表に明記なし(国の積算の材料単価は税抜き)。
95aa38ab7bcbf82c,JP,material,道路用材,補助標識（取付金具付） アルミ板,４２０×６００カプセルレンズ型 [１倍 ＨＤＺ５５],枚,pref,47,沖縄県,沖縄県,,,14500,JPY,design_unit_price_ex_tax,published_pdl,,,2026-10,,ogb-zairyo-r8-10,32,https://www.ogb.go.jp/-/media/Files/OGB/Kaiken/kyoku/about/gikan/sekisan_roumushizai/roumu_shizai/R08/PDF_R0810_roumu_shizai_kensetu_1.pdf,PDL1.0,,沖縄総合事務局開発建設部が市場取引価格を調査して設定した単価(物価資料に載っているものは載せていない)。消費税の扱いは表に明記なし(国の積算の材料単価は税抜き)。
27eaff6986d3c576,JP,material,道路用材,補助標識（取付金具付） アルミ板,４２０×６００封入レンズ型 [１倍 ＨＤＺ５５],枚,pref,47,沖縄県,沖縄県,,,10800,JPY,design_unit_price_ex_tax,published_pdl,,,2026-10,,ogb-zairyo-r8-10,32,https://www.ogb.go.jp/-/media/Files/OGB/Kaiken/kyoku/about/gikan/sekisan_roumushizai/roumu_shizai/R08/PDF_R0810_roumu_shizai_kensetu_1.pdf,PDL1.0,,沖縄総合事務局開発建設部が市場取引価格を調査して設定した単価(物価資料に載っているものは載せていない)。消費税の扱いは表に明記なし(国の積算の材料単価は税抜き)。
102002b2ae30ec91,JP,material,道路用材,補助標識（取付金具付） アルミ板,４８０×６００カプセルレンズ型 [１倍 ＨＤＺ５５],枚,pref,47,沖縄県,沖縄県,,,17000,JPY,design_unit_price_ex_tax,published_pdl,,,2026-10,,ogb-zairyo-r8-10,32,https://www.ogb.go.jp/-/media/Files/OGB/Kaiken/kyoku/about/gikan/sekisan_roumushizai/roumu_shizai/R08/PDF_R0810_roumu_shizai_kensetu_1.pdf,PDL1.0,,沖縄総合事務局開発建設部が市場取引価格を調査して設定した単価(物価資料に載っているものは載せていない)。消費税の扱いは表に明記なし(国の積算の材料単価は税抜き)。
73c34094834e142c,JP,material,道路用材,補助標識（取付金具付） アルミ板,４８０×６００封入レンズ型 [１倍 ＨＤＺ５５],枚,pref,47,沖縄県,沖縄県,,,14200,JPY,design_unit_price_ex_tax,published_pdl,,,2026-10,,ogb-zairyo-r8-10,32,https://www.ogb.go.jp/-/media/Files/OGB/Kaiken/kyoku/about/gikan/sekisan_roumushizai/roumu_shizai/R08/PDF_R0810_roumu_shizai_kensetu_1.pdf,PDL1.0,,沖縄総合事務局開発建設部が市場取引価格を調査して設定した単価(物価資料に載っているものは載せていない)。消費税の扱いは表に明記なし(国の積算の材料単価は税抜き)。
77a6d8b20f8350f8,JP,material,道路用材,補助標識（取付金具付） アルミ板,５９０×６００カプセルレンズ型 [１倍 ＨＤＺ５５],枚,pref,47,沖縄県,沖縄県,,,18500,JPY,design_unit_price_ex_tax,published_pdl,,,2026-10,,ogb-zairyo-r8-10,32,https://www.ogb.go.jp/-/media/Files/OGB/Kaiken/kyoku/about/gikan/sekisan_roumushizai/roumu_shizai/R08/PDF_R0810_roumu_shizai_kensetu_1.pdf,PDL1.0,,沖縄総合事務局開発建設部が市場取引価格を調査して設定した単価(物価資料に載っているものは載せていない)。消費税の扱いは表に明記なし(国の積算の材料単価は税抜き)。
195008f7516025eb,JP,material,道路用材,補助標識（取付金具付） アルミ板,５９０×６００封入レンズ型 [１倍 ＨＤＺ５５],枚,pref,47,沖縄県,沖縄県,,,14900,JPY,design_unit_price_ex_tax,published_pdl,,,2026-10,,ogb-zairyo-r8-10,32,https://www.ogb.go.jp/-/media/Files/OGB/Kaiken/kyoku/about/gikan/sekisan_roumushizai/roumu_shizai/R08/PDF_R0810_roumu_shizai_kensetu_1.pdf,PDL1.0,,沖縄総合事務局開発建設部が市場取引価格を調査して設定した単価(物価資料に載っているものは載せていない)。消費税の扱いは表に明記なし(国の積算の材料単価は税抜き)。
54043170fef99505,JP,material,道路用材,補助標識（取付金具付） アルミ板,６８０×６００カプセルレンズ型 [１倍 ＨＤＺ５５],枚,pref,47,沖縄県,沖縄県,,,21200,JPY,design_unit_price_ex_tax,published_pdl,,,2026-10,,ogb-zairyo-r8-10,32,https://www.ogb.go.jp/-/media/Files/OGB/Kaiken/kyoku/about/gikan/sekisan_roumushizai/roumu_shizai/R08/PDF_R0810_roumu_shizai_kensetu_1.pdf,PDL1.0,,沖縄総合事務局開発建設部が市場取引価格を調査して設定した単価(物価資料に載っているものは載せていない)。消費税の扱いは表に明記なし(国の積算の材料単価は税抜き)。
56ba42c23787fa7b,JP,material,道路用材,補助標識（取付金具付） アルミ板,６８０×６００封入レンズ型 [１倍 ＨＤＺ５５],枚,pref,47,沖縄県,沖縄県,,,15700,JPY,design_unit_price_ex_tax,published_pdl,,,2026-10,,ogb-zairyo-r8-10,32,https://www.ogb.go.jp/-/media/Files/OGB/Kaiken/kyoku/about/gikan/sekisan_roumushizai/roumu_shizai/R08/PDF_R0810_roumu_shizai_kensetu_1.pdf,PDL1.0,,沖縄総合事務局開発建設部が市場取引価格を調査して設定した単価(物価資料に載っているものは載せていない)。消費税の扱いは表に明記なし(国の積算の材料単価は税抜き)。
2b0a4047180ef19d,JP,material,道路用材,補助標識（取付金具付） アルミ板,７４０×６００カプセルレンズ型 [１倍 ＨＤＺ５５],枚,pref,47,沖縄県,沖縄県,,,22500,JPY,design_unit_price_ex_tax,published_pdl,,,2026-10,,ogb-zairyo-r8-10,32,https://www.ogb.go.jp/-/media/Files/OGB/Kaiken/kyoku/about/gikan/sekisan_roumushizai/roumu_shizai/R08/PDF_R0810_roumu_shizai_kensetu_1.pdf,PDL1.0,,沖縄総合事務局開発建設部が市場取引価格を調査して設定した単価(物価資料に載っているものは載せていない)。消費税の扱いは表に明記なし(国の積算の材料単価は税抜き)。
6124ae8019758684,JP,material,道路用材,補助標識（取付金具付） アルミ板,７４０×６００封入レンズ型 [１倍 ＨＤＺ５５],枚,pref,47,沖縄県,沖縄県,,,17100,JPY,design_unit_price_ex_tax,published_pdl,,,2026-10,,ogb-zairyo-r8-10,32,https://www.ogb.go.jp/-/media/Files/OGB/Kaiken/kyoku/about/gikan/sekisan_roumushizai/roumu_shizai/R08/PDF_R0810_roumu_shizai_kensetu_1.pdf,PDL1.0,,沖縄総合事務局開発建設部が市場取引価格を調査して設定した単価(物価資料に載っているものは載せていない)。消費税の扱いは表に明記なし(国の積算の材料単価は税抜き)。
452c726c316bd756,JP,material,道路用材,補助標識（取付金具付） アルミ板,５０７－Ｃ カプセルレンズ型 [１倍 ＨＤＺ５５],枚,pref,47,沖縄県,沖縄県,,,7460,JPY,design_unit_price_ex_tax,published_pdl,,,2026-10,,ogb-zairyo-r8-10,32,https://www.ogb.go.jp/-/media/Files/OGB/Kaiken/kyoku/about/gikan/sekisan_roumushizai/roumu_shizai/R08/PDF_R0810_roumu_shizai_kensetu_1.pdf,PDL1.0,,沖縄総合事務局開発建設部が市場取引価格を調査して設定した単価(物価資料に載っているものは載せていない)。消費税の扱いは表に明記なし(国の積算の材料単価は税抜き)。
825cdc4d24714d22,JP,material,道路用材,補助標識（取付金具付） アルミ板,５０７－Ｃ 板封入レンズ型 [１倍 ＨＤＺ５５],枚,pref,47,沖縄県,沖縄県,,,5670,JPY,design_unit_price_ex_tax,published_pdl,,,2026-10,,ogb-zairyo-r8-10,32,https://www.ogb.go.jp/-/media/Files/OGB/Kaiken/kyoku/about/gikan/sekisan_roumushizai/roumu_shizai/R08/PDF_R0810_roumu_shizai_kensetu_1.pdf,PDL1.0,,沖縄総合事務局開発建設部が市場取引価格を調査して設定した単価(物価資料に載っているものは載せていない)。消費税の扱いは表に明記なし(国の積算の材料単価は税抜き)。
e279d4e9a646c4fe,JP,material,道路用材,境界鋲,５０×８５アルミ合金（鋳物） [足２本付き],個,pref,47,沖縄県,沖縄県,,,1480,JPY,design_unit_price_ex_tax,published_pdl,,,2026-10,,ogb-zairyo-r8-10,32,https://www.ogb.go.jp/-/media/Files/OGB/Kaiken/kyoku/about/gikan/sekisan_roumushizai/roumu_shizai/R08/PDF_R0810_roumu_shizai_kensetu_1.pdf,PDL1.0,,沖縄総合事務局開発建設部が市場取引価格を調査して設定した単価(物価資料に載っているものは載せていない)。消費税の扱いは表に明記なし(国の積算の材料単価は税抜き)。
4b7f8e6105e3303d,JP,material,道路用材,切刃,肩掛け式用φ１０インチ [４枚刃],枚,pref,47,沖縄県,沖縄県,,,660,JPY,design_unit_price_ex_tax,published_pdl,,,2026-10,,ogb-zairyo-r8-10,32,https://www.ogb.go.jp/-/media/Files/OGB/Kaiken/kyoku/about/gikan/sekisan_roumushizai/roumu_shizai/R08/PDF_R0810_roumu_shizai_kensetu_1.pdf,PDL1.0,,沖縄総合事務局開発建設部が市場取引価格を調査して設定した単価(物価資料に載っているものは載せていない)。消費税の扱いは表に明記なし(国の積算の材料単価は税抜き)。
3c9922782d671bd0,JP,material,道路用材,路面切削機用切刃,切削幅２．０ｍ,本,pref,47,沖縄県,沖縄県,,,1520,JPY,design_unit_price_ex_tax,published_pdl,,,2026-10,,ogb-zairyo-r8-10,32,https://www.ogb.go.jp/-/media/Files/OGB/Kaiken/kyoku/about/gikan/sekisan_roumushizai/roumu_shizai/R08/PDF_R0810_roumu_shizai_kensetu_1.pdf,PDL1.0,,沖縄総合事務局開発建設部が市場取引価格を調査して設定した単価(物価資料に載っているものは載せていない)。消費税の扱いは表に明記なし(国の積算の材料単価は税抜き)。
cfec24090f767082,JP,material,道路用材,樹脂系薄装舗装用（すべり止め）,樹脂（ＥＰＮ）,Ｋｇ,pref,47,沖縄県,沖縄県,,,1800,JPY,design_unit_price_ex_tax,published_pdl,,,2026-10,,ogb-zairyo-r8-10,32,https://www.ogb.go.jp/-/media/Files/OGB/Kaiken/kyoku/about/gikan/sekisan_roumushizai/roumu_shizai/R08/PDF_R0810_roumu_shizai_kensetu_1.pdf,PDL1.0,,沖縄総合事務局開発建設部が市場取引価格を調査して設定した単価(物価資料に載っているものは載せていない)。消費税の扱いは表に明記なし(国の積算の材料単価は税抜き)。
ac1228fd89fdac6f,JP,material,道路用材,ノンスリップタイル モルタルＣ型,３００×３００×２５ 階段用 [１７ｍｍ幅階段用ゴム３条],枚,pref,47,沖縄県,沖縄県,,,2450,JPY,design_unit_price_ex_tax,published_pdl,,,2026-10,,ogb-zairyo-r8-10,32,https://www.ogb.go.jp/-/media/Files/OGB/Kaiken/kyoku/about/gikan/sekisan_roumushizai/roumu_shizai/R08/PDF_R0810_roumu_shizai_kensetu_1.pdf,PDL1.0,,沖縄総合事務局開発建設部が市場取引価格を調査して設定した単価(物価資料に載っているものは載せていない)。消費税の扱いは表に明記なし(国の積算の材料単価は税抜き)。
6d0aef8d7ab8218b,JP,material,道路用材,ノンスリップタイル モルタルＬ型,３００×３００×２５ 平面用 [１７ｍｍ幅平面用ゴム３条],枚,pref,47,沖縄県,沖縄県,,,2060,JPY,design_unit_price_ex_tax,published_pdl,,,2026-10,,ogb-zairyo-r8-10,32,https://www.ogb.go.jp/-/media/Files/OGB/Kaiken/kyoku/about/gikan/sekisan_roumushizai/roumu_shizai/R08/PDF_R0810_roumu_shizai_kensetu_1.pdf,PDL1.0,,沖縄総合事務局開発建設部が市場取引価格を調査して設定した単価(物価資料に載っているものは載せていない)。消費税の扱いは表に明記なし(国の積算の材料単価は税抜き)。
2e1836c71cfc3491,JP,material,道路用材,ノンスリップタイル モルタルＨ型,３００×３００×２５ 斜面用 [１７ｍｍ幅斜面用ゴム３条],枚,pref,47,沖縄県,沖縄県,,,2060,JPY,design_unit_price_ex_tax,published_pdl,,,2026-10,,ogb-zairyo-r8-10,32,https://www.ogb.go.jp/-/media/Files/OGB/Kaiken/kyoku/about/gikan/sekisan_roumushizai/roumu_shizai/R08/PDF_R0810_roumu_shizai_kensetu_1.pdf,PDL1.0,,沖縄総合事務局開発建設部が市場取引価格を調査して設定した単価(物価資料に載っているものは載せていない)。消費税の扱いは表に明記なし(国の積算の材料単価は税抜き)。
24f9be933cec1ef9,JP,material,道路用材,ノンスリップタイル モルタルＢ型,３００×１００×２５ 階段用 [１７ｍｍ幅階段用ゴム２条],枚,pref,47,沖縄県,沖縄県,,,2520,JPY,design_unit_price_ex_tax,published_pdl,,,2026-10,,ogb-zairyo-r8-10,33,https://www.ogb.go.jp/-/media/Files/OGB/Kaiken/kyoku/about/gikan/sekisan_roumushizai/roumu_shizai/R08/PDF_R0810_roumu_shizai_kensetu_1.pdf,PDL1.0,,沖縄総合事務局開発建設部が市場取引価格を調査して設定した単価(物価資料に載っているものは載せていない)。消費税の扱いは表に明記なし(国の積算の材料単価は税抜き)。
0f1cd7f828124477,JP,material,道路用材,貼紙防止材,ｔ＝１．６ｍｍ ｗ＝１．２ｍ,ｍ２,pref,47,沖縄県,沖縄県,,,4930,JPY,design_unit_price_ex_tax,published_pdl,,,2026-10,,ogb-zairyo-r8-10,33,https://www.ogb.go.jp/-/media/Files/OGB/Kaiken/kyoku/about/gikan/sekisan_roumushizai/roumu_shizai/R08/PDF_R0810_roumu_shizai_kensetu_1.pdf,PDL1.0,,沖縄総合事務局開発建設部が市場取引価格を調査して設定した単価(物価資料に載っているものは載せていない)。消費税の扱いは表に明記なし(国の積算の材料単価は税抜き)。
3dfe58b148391d4a,JP,material,道路用材,硬質塩化ビニール板,３ｍｍ乳白色目隠し板 [切り損料率含まず],ｍ２,pref,47,沖縄県,沖縄県,,,4890,JPY,design_unit_price_ex_tax,published_pdl,,,2026-10,,ogb-zairyo-r8-10,33,https://www.ogb.go.jp/-/media/Files/OGB/Kaiken/kyoku/about/gikan/sekisan_roumushizai/roumu_shizai/R08/PDF_R0810_roumu_shizai_kensetu_1.pdf,PDL1.0,,沖縄総合事務局開発建設部が市場取引価格を調査して設定した単価(物価資料に載っているものは載せていない)。消費税の扱いは表に明記なし(国の積算の材料単価は税抜き)。
10a0de5d30e43f22,JP,material,道路用材,デリネーター ソーラー式柱,φ６０．５×１５００ [メッキ品（黄・橙）],基,pref,47,沖縄県,沖縄県,,,21400,JPY,design_unit_price_ex_tax,published_pdl,,,2026-10,,ogb-zairyo-r8-10,33,https://www.ogb.go.jp/-/media/Files/OGB/Kaiken/kyoku/about/gikan/sekisan_roumushizai/roumu_shizai/R08/PDF_R0810_roumu_shizai_kensetu_1.pdf,PDL1.0,,沖縄総合事務局開発建設部が市場取引価格を調査して設定した単価(物価資料に載っているものは載せていない)。消費税の扱いは表に明記なし(国の積算の材料単価は税抜き)。
d17677b03b396e4d,JP,material,道路用材,縁石鋲 ソーラー式 両面,１１５×１００×４４,個,pref,47,沖縄県,沖縄県,,,7820,JPY,design_unit_price_ex_tax,published_pdl,,,2026-10,,ogb-zairyo-r8-10,33,https://www.ogb.go.jp/-/media/Files/OGB/Kaiken/kyoku/about/gikan/sekisan_roumushizai/roumu_shizai/R08/PDF_R0810_roumu_shizai_kensetu_1.pdf,PDL1.0,,沖縄総合事務局開発建設部が市場取引価格を調査して設定した単価(物価資料に載っているものは載せていない)。消費税の扱いは表に明記なし(国の積算の材料単価は税抜き)。
0d0c15db282f6a2e,JP,material,造園材,竹,長４．５ｍ径３．０ｃｍ [１本支柱（ＩＩ）],本,pref,47,沖縄県,沖縄県,,,460,JPY,design_unit_price_ex_tax,published_pdl,,,2026-10,,ogb-zairyo-r8-10,34,https://www.ogb.go.jp/-/media/Files/OGB/Kaiken/kyoku/about/gikan/sekisan_roumushizai/roumu_shizai/R08/PDF_R0810_roumu_shizai_kensetu_1.pdf,PDL1.0,,沖縄総合事務局開発建設部が市場取引価格を調査して設定した単価(物価資料に載っているものは載せていない)。消費税の扱いは表に明記なし(国の積算の材料単価は税抜き)。
c3918edefde401a1,JP,material,造園材,杉梢丸太,長３．０ｍ元口６ｃｍ [二脚鳥居支柱（添柱付）],本,pref,47,沖縄県,沖縄県,,,1050,JPY,design_unit_price_ex_tax,published_pdl,,,2026-10,,ogb-zairyo-r8-10,34,https://www.ogb.go.jp/-/media/Files/OGB/Kaiken/kyoku/about/gikan/sekisan_roumushizai/roumu_shizai/R08/PDF_R0810_roumu_shizai_kensetu_1.pdf,PDL1.0,,沖縄総合事務局開発建設部が市場取引価格を調査して設定した単価(物価資料に載っているものは載せていない)。消費税の扱いは表に明記なし(国の積算の材料単価は税抜き)。
9c69793e0ca21d2c,JP,material,造園材,杉梢丸太,長３．５ｍ元口６ｃｍ [二脚鳥居支柱（添柱付）],本,pref,47,沖縄県,沖縄県,,,1370,JPY,design_unit_price_ex_tax,published_pdl,,,2026-10,,ogb-zairyo-r8-10,34,https://www.ogb.go.jp/-/media/Files/OGB/Kaiken/kyoku/about/gikan/sekisan_roumushizai/roumu_shizai/R08/PDF_R0810_roumu_shizai_kensetu_1.pdf,PDL1.0,,沖縄総合事務局開発建設部が市場取引価格を調査して設定した単価(物価資料に載っているものは載せていない)。消費税の扱いは表に明記なし(国の積算の材料単価は税抜き)。
725e3a4050b39c91,JP,material,造園材,杉切丸太,長０．６ｍ末口４．５ｃｍ [二脚・三脚鳥居支柱],本,pref,47,沖縄県,沖縄県,,,230,JPY,design_unit_price_ex_tax,published_pdl,,,2026-10,,ogb-zairyo-r8-10,34,https://www.ogb.go.jp/-/media/Files/OGB/Kaiken/kyoku/about/gikan/sekisan_roumushizai/roumu_shizai/R08/PDF_R0810_roumu_shizai_kensetu_1.pdf,PDL1.0,,沖縄総合事務局開発建設部が市場取引価格を調査して設定した単価(物価資料に載っているものは載せていない)。消費税の扱いは表に明記なし(国の積算の材料単価は税抜き)。
1f44aacd2dfc9c4f,JP,material,造園材,しゅろ縄,長４０ｍ径３ｍｍ,束,pref,47,沖縄県,沖縄県,,,272,JPY,design_unit_price_ex_tax,published_pdl,,,2026-10,,ogb-zairyo-r8-10,34,https://www.ogb.go.jp/-/media/Files/OGB/Kaiken/kyoku/about/gikan/sekisan_roumushizai/roumu_shizai/R08/PDF_R0810_roumu_shizai_kensetu_1.pdf,PDL1.0,,沖縄総合事務局開発建設部が市場取引価格を調査して設定した単価(物価資料に載っているものは載せていない)。消費税の扱いは表に明記なし(国の積算の材料単価は税抜き)。
6ea0625f835b3e05,JP,material,造園材,土壌改良剤,ピートモス,Ｌ,pref,47,沖縄県,沖縄県,,,13,JPY,design_unit_price_ex_tax,published_pdl,,,2026-10,,ogb-zairyo-r8-10,34,https://www.ogb.go.jp/-/media/Files/OGB/Kaiken/kyoku/about/gikan/sekisan_roumushizai/roumu_shizai/R08/PDF_R0810_roumu_shizai_kensetu_1.pdf,PDL1.0,,沖縄総合事務局開発建設部が市場取引価格を調査して設定した単価(物価資料に載っているものは載せていない)。消費税の扱いは表に明記なし(国の積算の材料単価は税抜き)。
a1c59eb1626818ef,JP,material,造園材,肥料,ＩＢ化成 [２０ｋｇ入り],Ｋｇ,pref,47,沖縄県,沖縄県,,,296,JPY,design_unit_price_ex_tax,published_pdl,,,2026-10,,ogb-zairyo-r8-10,34,https://www.ogb.go.jp/-/media/Files/OGB/Kaiken/kyoku/about/gikan/sekisan_roumushizai/roumu_shizai/R08/PDF_R0810_roumu_shizai_kensetu_1.pdf,PDL1.0,,沖縄総合事務局開発建設部が市場取引価格を調査して設定した単価(物価資料に載っているものは載せていない)。消費税の扱いは表に明記なし(国の積算の材料単価は税抜き)。
b16667d51d845efe,JP,material,植栽樹木,アラマンダ,蔓長０．５０ｍ幹周ーｍ枝張ーｍ [枝数２本以上],鉢,pref,47,沖縄県,沖縄県,,,850,JPY,design_unit_price_ex_tax,published_pdl,,,2026-10,,ogb-zairyo-r8-10,35,https://www.ogb.go.jp/-/media/Files/OGB/Kaiken/kyoku/about/gikan/sekisan_roumushizai/roumu_shizai/R08/PDF_R0810_roumu_shizai_kensetu_1.pdf,PDL1.0,,沖縄総合事務局開発建設部が市場取引価格を調査して設定した単価(物価資料に載っているものは載せていない)。消費税の扱いは表に明記なし(国の積算の材料単価は税抜き)。
45335e6fd097e74d,JP,material,植栽樹木,イヌシバ（セントオーガスチン）,３本芽立 ６鉢 [ポット栽培],鉢,pref,47,沖縄県,沖縄県,,,56,JPY,design_unit_price_ex_tax,published_pdl,,,2026-10,,ogb-zairyo-r8-10,35,https://www.ogb.go.jp/-/media/Files/OGB/Kaiken/kyoku/about/gikan/sekisan_roumushizai/roumu_shizai/R08/PDF_R0810_roumu_shizai_kensetu_1.pdf,PDL1.0,,沖縄総合事務局開発建設部が市場取引価格を調査して設定した単価(物価資料に載っているものは載せていない)。消費税の扱いは表に明記なし(国の積算の材料単価は税抜き)。
4307f89082899804,JP,material,植栽樹木,タマスダレ,３球（１株） [（ポット栽培）],鉢,pref,47,沖縄県,沖縄県,,,210,JPY,design_unit_price_ex_tax,published_pdl,,,2026-10,,ogb-zairyo-r8-10,35,https://www.ogb.go.jp/-/media/Files/OGB/Kaiken/kyoku/about/gikan/sekisan_roumushizai/roumu_shizai/R08/PDF_R0810_roumu_shizai_kensetu_1.pdf,PDL1.0,,沖縄総合事務局開発建設部が市場取引価格を調査して設定した単価(物価資料に載っているものは載せていない)。消費税の扱いは表に明記なし(国の積算の材料単価は税抜き)。
55a0752bdfad5034,JP,material,配線材料,光ケーブル（ノンメタリック）,ＳＭ １．３１μｍ ４Ｃ（４芯テープスロット）,ｍ,pref,47,沖縄県,沖縄県,,,491,JPY,design_unit_price_ex_tax,published_pdl,,,2026-10,,ogb-zairyo-r8-10,36,https://www.ogb.go.jp/-/media/Files/OGB/Kaiken/kyoku/about/gikan/sekisan_roumushizai/roumu_shizai/R08/PDF_R0810_roumu_shizai_kensetu_1.pdf,PDL1.0,,沖縄総合事務局開発建設部が市場取引価格を調査して設定した単価(物価資料に載っているものは載せていない)。消費税の扱いは表に明記なし(国の積算の材料単価は税抜き)。
c4755f685a01aac5,JP,material,配線材料,光ケーブル（ノンメタリック）,ＳＭ １．３１μｍ ８Ｃ（４芯テープスロット）,ｍ,pref,47,沖縄県,沖縄県,,,519,JPY,design_unit_price_ex_tax,published_pdl,,,2026-10,,ogb-zairyo-r8-10,36,https://www.ogb.go.jp/-/media/Files/OGB/Kaiken/kyoku/about/gikan/sekisan_roumushizai/roumu_shizai/R08/PDF_R0810_roumu_shizai_kensetu_1.pdf,PDL1.0,,沖縄総合事務局開発建設部が市場取引価格を調査して設定した単価(物価資料に載っているものは載せていない)。消費税の扱いは表に明記なし(国の積算の材料単価は税抜き)。
7b6dbb366dbd7f08,JP,material,配線材料,光ケーブル（ノンメタリック）,ＳＭ １．３１μｍ ２０Ｃ（４芯テープスロット）,ｍ,pref,47,沖縄県,沖縄県,,,604,JPY,design_unit_price_ex_tax,published_pdl,,,2026-10,,ogb-zairyo-r8-10,36,https://www.ogb.go.jp/-/media/Files/OGB/Kaiken/kyoku/about/gikan/sekisan_roumushizai/roumu_shizai/R08/PDF_R0810_roumu_shizai_kensetu_1.pdf,PDL1.0,,沖縄総合事務局開発建設部が市場取引価格を調査して設定した単価(物価資料に載っているものは載せていない)。消費税の扱いは表に明記なし(国の積算の材料単価は税抜き)。
95e89b6da687415a,JP,material,配線材料,光ケーブル（ノンメタリック）,ＳＭ １．３１μｍ ４０Ｃ（４芯テープスロット）,ｍ,pref,47,沖縄県,沖縄県,,,764,JPY,design_unit_price_ex_tax,published_pdl,,,2026-10,,ogb-zairyo-r8-10,36,https://www.ogb.go.jp/-/media/Files/OGB/Kaiken/kyoku/about/gikan/sekisan_roumushizai/roumu_shizai/R08/PDF_R0810_roumu_shizai_kensetu_1.pdf,PDL1.0,,沖縄総合事務局開発建設部が市場取引価格を調査して設定した単価(物価資料に載っているものは載せていない)。消費税の扱いは表に明記なし(国の積算の材料単価は税抜き)。
0146fbce3bc91933,JP,material,配線材料,光ケーブル（ノンメタリック）,ＳＭ １．３１μｍ ６０Ｃ（４芯テープスロット）,ｍ,pref,47,沖縄県,沖縄県,,,944,JPY,design_unit_price_ex_tax,published_pdl,,,2026-10,,ogb-zairyo-r8-10,36,https://www.ogb.go.jp/-/media/Files/OGB/Kaiken/kyoku/about/gikan/sekisan_roumushizai/roumu_shizai/R08/PDF_R0810_roumu_shizai_kensetu_1.pdf,PDL1.0,,沖縄総合事務局開発建設部が市場取引価格を調査して設定した単価(物価資料に載っているものは載せていない)。消費税の扱いは表に明記なし(国の積算の材料単価は税抜き)。
73d4352a63818de0,JP,material,配線材料,光ケーブル（ノンメタリック）,ＳＭ １．３１μｍ ８０Ｃ（４芯テープスロット）,ｍ,pref,47,沖縄県,沖縄県,,,1110,JPY,design_unit_price_ex_tax,published_pdl,,,2026-10,,ogb-zairyo-r8-10,36,https://www.ogb.go.jp/-/media/Files/OGB/Kaiken/kyoku/about/gikan/sekisan_roumushizai/roumu_shizai/R08/PDF_R0810_roumu_shizai_kensetu_1.pdf,PDL1.0,,沖縄総合事務局開発建設部が市場取引価格を調査して設定した単価(物価資料に載っているものは載せていない)。消費税の扱いは表に明記なし(国の積算の材料単価は税抜き)。
b0b408ed2dde9791,JP,material,配線材料,光ケーブル（ノンメタリック）,ＳＭ １．３１μｍ１００Ｃ（４芯テープスロット）,ｍ,pref,47,沖縄県,沖縄県,,,1250,JPY,design_unit_price_ex_tax,published_pdl,,,2026-10,,ogb-zairyo-r8-10,36,https://www.ogb.go.jp/-/media/Files/OGB/Kaiken/kyoku/about/gikan/sekisan_roumushizai/roumu_shizai/R08/PDF_R0810_roumu_shizai_kensetu_1.pdf,PDL1.0,,沖縄総合事務局開発建設部が市場取引価格を調査して設定した単価(物価資料に載っているものは載せていない)。消費税の扱いは表に明記なし(国の積算の材料単価は税抜き)。
79aaa95d69dabff6,JP,material,配線材料,光ケーブル（ノンメタリック）,ＳＭ １．３１μｍ１２０Ｃ（４芯テープスロット）,ｍ,pref,47,沖縄県,沖縄県,,,1550,JPY,design_unit_price_ex_tax,published_pdl,,,2026-10,,ogb-zairyo-r8-10,36,https://www.ogb.go.jp/-/media/Files/OGB/Kaiken/kyoku/about/gikan/sekisan_roumushizai/roumu_shizai/R08/PDF_R0810_roumu_shizai_kensetu_1.pdf,PDL1.0,,沖縄総合事務局開発建設部が市場取引価格を調査して設定した単価(物価資料に載っているものは載せていない)。消費税の扱いは表に明記なし(国の積算の材料単価は税抜き)。
8ac0df04aa788203,JP,material,配線材料,光ケーブル（ノンメタリック）,ＳＭ １．３１μｍ１４０Ｃ（４芯テープスロット）,ｍ,pref,47,沖縄県,沖縄県,,,1700,JPY,design_unit_price_ex_tax,published_pdl,,,2026-10,,ogb-zairyo-r8-10,36,https://www.ogb.go.jp/-/media/Files/OGB/Kaiken/kyoku/about/gikan/sekisan_roumushizai/roumu_shizai/R08/PDF_R0810_roumu_shizai_kensetu_1.pdf,PDL1.0,,沖縄総合事務局開発建設部が市場取引価格を調査して設定した単価(物価資料に載っているものは載せていない)。消費税の扱いは表に明記なし(国の積算の材料単価は税抜き)。
3dc39d0bad75ff1c,JP,material,配線材料,光ケーブル（ノンメタリック）,ＳＭ １．３１μｍ１６０Ｃ（４芯テープスロット）,ｍ,pref,47,沖縄県,沖縄県,,,1840,JPY,design_unit_price_ex_tax,published_pdl,,,2026-10,,ogb-zairyo-r8-10,36,https://www.ogb.go.jp/-/media/Files/OGB/Kaiken/kyoku/about/gikan/sekisan_roumushizai/roumu_shizai/R08/PDF_R0810_roumu_shizai_kensetu_1.pdf,PDL1.0,,沖縄総合事務局開発建設部が市場取引価格を調査して設定した単価(物価資料に載っているものは載せていない)。消費税の扱いは表に明記なし(国の積算の材料単価は税抜き)。
eabbc9b766bba921,JP,material,配線材料,光ケーブル（ノンメタリック）,ＳＭ １．３１μｍ１８０Ｃ（４芯テープスロット）,ｍ,pref,47,沖縄県,沖縄県,,,2040,JPY,design_unit_price_ex_tax,published_pdl,,,2026-10,,ogb-zairyo-r8-10,36,https://www.ogb.go.jp/-/media/Files/OGB/Kaiken/kyoku/about/gikan/sekisan_roumushizai/roumu_shizai/R08/PDF_R0810_roumu_shizai_kensetu_1.pdf,PDL1.0,,沖縄総合事務局開発建設部が市場取引価格を調査して設定した単価(物価資料に載っているものは載せていない)。消費税の扱いは表に明記なし(国の積算の材料単価は税抜き)。
3ce6ae9986281a47,JP,material,配線材料,光ケーブル（ノンメタリック）,ＳＭ １．３１μｍ２００Ｃ（４芯テープスロット）,ｍ,pref,47,沖縄県,沖縄県,,,2190,JPY,design_unit_price_ex_tax,published_pdl,,,2026-10,,ogb-zairyo-r8-10,36,https://www.ogb.go.jp/-/media/Files/OGB/Kaiken/kyoku/about/gikan/sekisan_roumushizai/roumu_shizai/R08/PDF_R0810_roumu_shizai_kensetu_1.pdf,PDL1.0,,沖縄総合事務局開発建設部が市場取引価格を調査して設定した単価(物価資料に載っているものは載せていない)。消費税の扱いは表に明記なし(国の積算の材料単価は税抜き)。
b881b4c6b5143933,JP,material,配線材料,光ケーブル（ノンメタリック）,ＳＭ １．３１μｍ２２０Ｃ（４芯テープスロット）,ｍ,pref,47,沖縄県,沖縄県,,,2600,JPY,design_unit_price_ex_tax,published_pdl,,,2026-10,,ogb-zairyo-r8-10,36,https://www.ogb.go.jp/-/media/Files/OGB/Kaiken/kyoku/about/gikan/sekisan_roumushizai/roumu_shizai/R08/PDF_R0810_roumu_shizai_kensetu_1.pdf,PDL1.0,,沖縄総合事務局開発建設部が市場取引価格を調査して設定した単価(物価資料に載っているものは載せていない)。消費税の扱いは表に明記なし(国の積算の材料単価は税抜き)。
fcd54ee3f80bdd04,JP,material,配線材料,光ケーブル（ノンメタリック）,ＳＭ １．３１μｍ２４０Ｃ（４芯テープスロット）,ｍ,pref,47,沖縄県,沖縄県,,,2740,JPY,design_unit_price_ex_tax,published_pdl,,,2026-10,,ogb-zairyo-r8-10,36,https://www.ogb.go.jp/-/media/Files/OGB/Kaiken/kyoku/about/gikan/sekisan_roumushizai/roumu_shizai/R08/PDF_R0810_roumu_shizai_kensetu_1.pdf,PDL1.0,,沖縄総合事務局開発建設部が市場取引価格を調査して設定した単価(物価資料に載っているものは載せていない)。消費税の扱いは表に明記なし(国の積算の材料単価は税抜き)。
c7b0f6c857f253a8,JP,material,配線材料,光ケーブル（ノンメタリック）,ＳＭ １．３１μｍ２６０Ｃ（４芯テープスロット）,ｍ,pref,47,沖縄県,沖縄県,,,2890,JPY,design_unit_price_ex_tax,published_pdl,,,2026-10,,ogb-zairyo-r8-10,36,https://www.ogb.go.jp/-/media/Files/OGB/Kaiken/kyoku/about/gikan/sekisan_roumushizai/roumu_shizai/R08/PDF_R0810_roumu_shizai_kensetu_1.pdf,PDL1.0,,沖縄総合事務局開発建設部が市場取引価格を調査して設定した単価(物価資料に載っているものは載せていない)。消費税の扱いは表に明記なし(国の積算の材料単価は税抜き)。
f8aea4835589d5d1,JP,material,配線材料,光ケーブル（ノンメタリック）,ＳＭ １．３１μｍ２８０Ｃ（４芯テープスロット）,ｍ,pref,47,沖縄県,沖縄県,,,3030,JPY,design_unit_price_ex_tax,published_pdl,,,2026-10,,ogb-zairyo-r8-10,36,https://www.ogb.go.jp/-/media/Files/OGB/Kaiken/kyoku/about/gikan/sekisan_roumushizai/roumu_shizai/R08/PDF_R0810_roumu_shizai_kensetu_1.pdf,PDL1.0,,沖縄総合事務局開発建設部が市場取引価格を調査して設定した単価(物価資料に載っているものは載せていない)。消費税の扱いは表に明記なし(国の積算の材料単価は税抜き)。
ab679a56070ab0cd,JP,material,配線材料,光ケーブル（ノンメタリック）,ＳＭ １．３１μｍ３００Ｃ（４芯テープスロット）,ｍ,pref,47,沖縄県,沖縄県,,,3170,JPY,design_unit_price_ex_tax,published_pdl,,,2026-10,,ogb-zairyo-r8-10,36,https://www.ogb.go.jp/-/media/Files/OGB/Kaiken/kyoku/about/gikan/sekisan_roumushizai/roumu_shizai/R08/PDF_R0810_roumu_shizai_kensetu_1.pdf,PDL1.0,,沖縄総合事務局開発建設部が市場取引価格を調査して設定した単価(物価資料に載っているものは載せていない)。消費税の扱いは表に明記なし(国の積算の材料単価は税抜き)。
be8be3f3a6517650,JP,material,配線材料,光ケーブル（ノンメタリック）,ＳＭ １．３１μｍ ２０Ｃ（４芯テープＳＳＦ）,ｍ,pref,47,沖縄県,沖縄県,,,757,JPY,design_unit_price_ex_tax,published_pdl,,,2026-10,,ogb-zairyo-r8-10,36,https://www.ogb.go.jp/-/media/Files/OGB/Kaiken/kyoku/about/gikan/sekisan_roumushizai/roumu_shizai/R08/PDF_R0810_roumu_shizai_kensetu_1.pdf,PDL1.0,,沖縄総合事務局開発建設部が市場取引価格を調査して設定した単価(物価資料に載っているものは載せていない)。消費税の扱いは表に明記なし(国の積算の材料単価は税抜き)。
5281091bb7b3514f,JP,material,配線材料,光ケーブル（ノンメタリック）,ＳＭ １．３１μｍ ４０Ｃ（４芯テープＳＳＦ）,ｍ,pref,47,沖縄県,沖縄県,,,917,JPY,design_unit_price_ex_tax,published_pdl,,,2026-10,,ogb-zairyo-r8-10,36,https://www.ogb.go.jp/-/media/Files/OGB/Kaiken/kyoku/about/gikan/sekisan_roumushizai/roumu_shizai/R08/PDF_R0810_roumu_shizai_kensetu_1.pdf,PDL1.0,,沖縄総合事務局開発建設部が市場取引価格を調査して設定した単価(物価資料に載っているものは載せていない)。消費税の扱いは表に明記なし(国の積算の材料単価は税抜き)。
64147211edc4e45c,JP,material,配線材料,光ケーブル（ノンメタリック）,ＳＭ １．３１μｍ ６０Ｃ（４芯テープＳＳＦ）,ｍ,pref,47,沖縄県,沖縄県,,,1090,JPY,design_unit_price_ex_tax,published_pdl,,,2026-10,,ogb-zairyo-r8-10,36,https://www.ogb.go.jp/-/media/Files/OGB/Kaiken/kyoku/about/gikan/sekisan_roumushizai/roumu_shizai/R08/PDF_R0810_roumu_shizai_kensetu_1.pdf,PDL1.0,,沖縄総合事務局開発建設部が市場取引価格を調査して設定した単価(物価資料に載っているものは載せていない)。消費税の扱いは表に明記なし(国の積算の材料単価は税抜き)。
bf05b77962f3da0a,JP,material,配線材料,光ケーブル（ノンメタリック）,ＳＭ １．３１μｍ ８０Ｃ（４芯テープＳＳＦ）,ｍ,pref,47,沖縄県,沖縄県,,,1260,JPY,design_unit_price_ex_tax,published_pdl,,,2026-10,,ogb-zairyo-r8-10,36,https://www.ogb.go.jp/-/media/Files/OGB/Kaiken/kyoku/about/gikan/sekisan_roumushizai/roumu_shizai/R08/PDF_R0810_roumu_shizai_kensetu_1.pdf,PDL1.0,,沖縄総合事務局開発建設部が市場取引価格を調査して設定した単価(物価資料に載っているものは載せていない)。消費税の扱いは表に明記なし(国の積算の材料単価は税抜き)。
cf570a9108cc27bf,JP,material,配線材料,光ケーブル（ノンメタリック）,ＳＭ １．３１μｍ １００Ｃ（４芯テープＳＳＦ）,ｍ,pref,47,沖縄県,沖縄県,,,1400,JPY,design_unit_price_ex_tax,published_pdl,,,2026-10,,ogb-zairyo-r8-10,36,https://www.ogb.go.jp/-/media/Files/OGB/Kaiken/kyoku/about/gikan/sekisan_roumushizai/roumu_shizai/R08/PDF_R0810_roumu_shizai_kensetu_1.pdf,PDL1.0,,沖縄総合事務局開発建設部が市場取引価格を調査して設定した単価(物価資料に載っているものは載せていない)。消費税の扱いは表に明記なし(国の積算の材料単価は税抜き)。
6d16a975684152b0,JP,material,配線材料,光ケーブル（ノンメタリック）,ＳＭ １．３１μｍ １２０Ｃ（４芯テープＳＳＦ）,ｍ,pref,47,沖縄県,沖縄県,,,1710,JPY,design_unit_price_ex_tax,published_pdl,,,2026-10,,ogb-zairyo-r8-10,36,https://www.ogb.go.jp/-/media/Files/OGB/Kaiken/kyoku/about/gikan/sekisan_roumushizai/roumu_shizai/R08/PDF_R0810_roumu_shizai_kensetu_1.pdf,PDL1.0,,沖縄総合事務局開発建設部が市場取引価格を調査して設定した単価(物価資料に載っているものは載せていない)。消費税の扱いは表に明記なし(国の積算の材料単価は税抜き)。
351609a807840d1a,JP,material,配線材料,光ケーブル（ノンメタリック）,ＳＭ １．３１μｍ １４０Ｃ（４芯テープＳＳＦ）,ｍ,pref,47,沖縄県,沖縄県,,,1850,JPY,design_unit_price_ex_tax,published_pdl,,,2026-10,,ogb-zairyo-r8-10,36,https://www.ogb.go.jp/-/media/Files/OGB/Kaiken/kyoku/about/gikan/sekisan_roumushizai/roumu_shizai/R08/PDF_R0810_roumu_shizai_kensetu_1.pdf,PDL1.0,,沖縄総合事務局開発建設部が市場取引価格を調査して設定した単価(物価資料に載っているものは載せていない)。消費税の扱いは表に明記なし(国の積算の材料単価は税抜き)。
5d9ad7a3faed5239,JP,material,配線材料,光ケーブル（ノンメタリック）,ＳＭ １．３１μｍ １６０Ｃ（４芯テープＳＳＦ）,ｍ,pref,47,沖縄県,沖縄県,,,1990,JPY,design_unit_price_ex_tax,published_pdl,,,2026-10,,ogb-zairyo-r8-10,36,https://www.ogb.go.jp/-/media/Files/OGB/Kaiken/kyoku/about/gikan/sekisan_roumushizai/roumu_shizai/R08/PDF_R0810_roumu_shizai_kensetu_1.pdf,PDL1.0,,沖縄総合事務局開発建設部が市場取引価格を調査して設定した単価(物価資料に載っているものは載せていない)。消費税の扱いは表に明記なし(国の積算の材料単価は税抜き)。
eb2a2c113a9d7e9c,JP,material,配線材料,光ケーブル（ノンメタリック）,ＳＭ １．３１μｍ １８０Ｃ（４芯テープＳＳＦ）,ｍ,pref,47,沖縄県,沖縄県,,,2200,JPY,design_unit_price_ex_tax,published_pdl,,,2026-10,,ogb-zairyo-r8-10,37,https://www.ogb.go.jp/-/media/Files/OGB/Kaiken/kyoku/about/gikan/sekisan_roumushizai/roumu_shizai/R08/PDF_R0810_roumu_shizai_kensetu_1.pdf,PDL1.0,,沖縄総合事務局開発建設部が市場取引価格を調査して設定した単価(物価資料に載っているものは載せていない)。消費税の扱いは表に明記なし(国の積算の材料単価は税抜き)。
263035db98a65cad,JP,material,配線材料,光ケーブル（ノンメタリック）,ＳＭ １．３１μｍ ２００Ｃ（４芯テープＳＳＦ）,ｍ,pref,47,沖縄県,沖縄県,,,2340,JPY,design_unit_price_ex_tax,published_pdl,,,2026-10,,ogb-zairyo-r8-10,37,https://www.ogb.go.jp/-/media/Files/OGB/Kaiken/kyoku/about/gikan/sekisan_roumushizai/roumu_shizai/R08/PDF_R0810_roumu_shizai_kensetu_1.pdf,PDL1.0,,沖縄総合事務局開発建設部が市場取引価格を調査して設定した単価(物価資料に載っているものは載せていない)。消費税の扱いは表に明記なし(国の積算の材料単価は税抜き)。
d073cb354987b231,JP,material,配線材料,光ケーブル（ノンメタリック）,ＳＭ １．３１μｍ ２２０Ｃ（４芯テープＳＳＦ）,ｍ,pref,47,沖縄県,沖縄県,,,2750,JPY,design_unit_price_ex_tax,published_pdl,,,2026-10,,ogb-zairyo-r8-10,37,https://www.ogb.go.jp/-/media/Files/OGB/Kaiken/kyoku/about/gikan/sekisan_roumushizai/roumu_shizai/R08/PDF_R0810_roumu_shizai_kensetu_1.pdf,PDL1.0,,沖縄総合事務局開発建設部が市場取引価格を調査して設定した単価(物価資料に載っているものは載せていない)。消費税の扱いは表に明記なし(国の積算の材料単価は税抜き)。
2edc2026c32e2ee5,JP,material,配線材料,光ケーブル（ノンメタリック）,ＳＭ １．３１μｍ ２４０Ｃ（４芯テープＳＳＦ）,ｍ,pref,47,沖縄県,沖縄県,,,2900,JPY,design_unit_price_ex_tax,published_pdl,,,2026-10,,ogb-zairyo-r8-10,37,https://www.ogb.go.jp/-/media/Files/OGB/Kaiken/kyoku/about/gikan/sekisan_roumushizai/roumu_shizai/R08/PDF_R0810_roumu_shizai_kensetu_1.pdf,PDL1.0,,沖縄総合事務局開発建設部が市場取引価格を調査して設定した単価(物価資料に載っているものは載せていない)。消費税の扱いは表に明記なし(国の積算の材料単価は税抜き)。
7419468219078f2e,JP,material,配線材料,光ケーブル（ノンメタリック）,ＳＭ １．３１μｍ ２６０Ｃ（４芯テープＳＳＦ）,ｍ,pref,47,沖縄県,沖縄県,,,3040,JPY,design_unit_price_ex_tax,published_pdl,,,2026-10,,ogb-zairyo-r8-10,37,https://www.ogb.go.jp/-/media/Files/OGB/Kaiken/kyoku/about/gikan/sekisan_roumushizai/roumu_shizai/R08/PDF_R0810_roumu_shizai_kensetu_1.pdf,PDL1.0,,沖縄総合事務局開発建設部が市場取引価格を調査して設定した単価(物価資料に載っているものは載せていない)。消費税の扱いは表に明記なし(国の積算の材料単価は税抜き)。
eaacf84b40fce73f,JP,material,配線材料,光ケーブル（ノンメタリック）,ＳＭ １．３１μｍ ２８０Ｃ（４芯テープＳＳＦ）,ｍ,pref,47,沖縄県,沖縄県,,,3180,JPY,design_unit_price_ex_tax,published_pdl,,,2026-10,,ogb-zairyo-r8-10,37,https://www.ogb.go.jp/-/media/Files/OGB/Kaiken/kyoku/about/gikan/sekisan_roumushizai/roumu_shizai/R08/PDF_R0810_roumu_shizai_kensetu_1.pdf,PDL1.0,,沖縄総合事務局開発建設部が市場取引価格を調査して設定した単価(物価資料に載っているものは載せていない)。消費税の扱いは表に明記なし(国の積算の材料単価は税抜き)。
8268c8557acef123,JP,material,配線材料,光ケーブル（ノンメタリック）,ＳＭ １．３１μｍ ３００Ｃ（４芯テープＳＳＦ）,ｍ,pref,47,沖縄県,沖縄県,,,3330,JPY,design_unit_price_ex_tax,published_pdl,,,2026-10,,ogb-zairyo-r8-10,37,https://www.ogb.go.jp/-/media/Files/OGB/Kaiken/kyoku/about/gikan/sekisan_roumushizai/roumu_shizai/R08/PDF_R0810_roumu_shizai_kensetu_1.pdf,PDL1.0,,沖縄総合事務局開発建設部が市場取引価格を調査して設定した単価(物価資料に載っているものは載せていない)。消費税の扱いは表に明記なし(国の積算の材料単価は税抜き)。
6dd703ec354f9335,JP,material,配線材料,光ケーブル（ノンメタリック）,ＳＭ １．３１μｍ ２Ｃ（スペーサ型）,ｍ,pref,47,沖縄県,沖縄県,,,436,JPY,design_unit_price_ex_tax,published_pdl,,,2026-10,,ogb-zairyo-r8-10,37,https://www.ogb.go.jp/-/media/Files/OGB/Kaiken/kyoku/about/gikan/sekisan_roumushizai/roumu_shizai/R08/PDF_R0810_roumu_shizai_kensetu_1.pdf,PDL1.0,,沖縄総合事務局開発建設部が市場取引価格を調査して設定した単価(物価資料に載っているものは載せていない)。消費税の扱いは表に明記なし(国の積算の材料単価は税抜き)。
64111272c2af120d,JP,material,配線材料,光ケーブル（ノンメタリック）,ＳＭ １．３１μｍ ４Ｃ（スペーサ型）,ｍ,pref,47,沖縄県,沖縄県,,,513,JPY,design_unit_price_ex_tax,published_pdl,,,2026-10,,ogb-zairyo-r8-10,37,https://www.ogb.go.jp/-/media/Files/OGB/Kaiken/kyoku/about/gikan/sekisan_roumushizai/roumu_shizai/R08/PDF_R0810_roumu_shizai_kensetu_1.pdf,PDL1.0,,沖縄総合事務局開発建設部が市場取引価格を調査して設定した単価(物価資料に載っているものは載せていない)。消費税の扱いは表に明記なし(国の積算の材料単価は税抜き)。
3b72afc7eb662a6e,JP,material,配線材料,光ケーブル（ノンメタリック）,ＳＭ １．３１μｍ ６Ｃ（スペーサ型）,ｍ,pref,47,沖縄県,沖縄県,,,590,JPY,design_unit_price_ex_tax,published_pdl,,,2026-10,,ogb-zairyo-r8-10,37,https://www.ogb.go.jp/-/media/Files/OGB/Kaiken/kyoku/about/gikan/sekisan_roumushizai/roumu_shizai/R08/PDF_R0810_roumu_shizai_kensetu_1.pdf,PDL1.0,,沖縄総合事務局開発建設部が市場取引価格を調査して設定した単価(物価資料に載っているものは載せていない)。消費税の扱いは表に明記なし(国の積算の材料単価は税抜き)。
3a29b4d4f7ee6cdb,JP,material,配線材料,光ケーブル（ノンメタリック）,ＳＭ １．３１μｍ ８Ｃ（スペーサ型）,ｍ,pref,47,沖縄県,沖縄県,,,667,JPY,design_unit_price_ex_tax,published_pdl,,,2026-10,,ogb-zairyo-r8-10,37,https://www.ogb.go.jp/-/media/Files/OGB/Kaiken/kyoku/about/gikan/sekisan_roumushizai/roumu_shizai/R08/PDF_R0810_roumu_shizai_kensetu_1.pdf,PDL1.0,,沖縄総合事務局開発建設部が市場取引価格を調査して設定した単価(物価資料に載っているものは載せていない)。消費税の扱いは表に明記なし(国の積算の材料単価は税抜き)。
ce17a34b99492005,JP,material,管路材・ダクト（電気）,クランプベース（ケーブル支持金具）,ＫＣＶ－６０,個,pref,47,沖縄県,沖縄県,,,469,JPY,design_unit_price_ex_tax,published_pdl,,,2026-10,,ogb-zairyo-r8-10,38,https://www.ogb.go.jp/-/media/Files/OGB/Kaiken/kyoku/about/gikan/sekisan_roumushizai/roumu_shizai/R08/PDF_R0810_roumu_shizai_kensetu_1.pdf,PDL1.0,,沖縄総合事務局開発建設部が市場取引価格を調査して設定した単価(物価資料に載っているものは載せていない)。消費税の扱いは表に明記なし(国の積算の材料単価は税抜き)。
e26a32e85ae724c7,JP,material,管路材・ダクト（電気）,支持金物,溶融亜鉛メッキ３０×４０×４００ｍｍ,個,pref,47,沖縄県,沖縄県,,,864,JPY,design_unit_price_ex_tax,published_pdl,,,2026-10,,ogb-zairyo-r8-10,38,https://www.ogb.go.jp/-/media/Files/OGB/Kaiken/kyoku/about/gikan/sekisan_roumushizai/roumu_shizai/R08/PDF_R0810_roumu_shizai_kensetu_1.pdf,PDL1.0,,沖縄総合事務局開発建設部が市場取引価格を調査して設定した単価(物価資料に載っているものは載せていない)。消費税の扱いは表に明記なし(国の積算の材料単価は税抜き)。
118b8d408d2cc188,JP,material,管路材・ダクト（電気）,支持金物,溶融亜鉛メッキ３０×４０×６００ｍｍ,個,pref,47,沖縄県,沖縄県,,,1120,JPY,design_unit_price_ex_tax,published_pdl,,,2026-10,,ogb-zairyo-r8-10,38,https://www.ogb.go.jp/-/media/Files/OGB/Kaiken/kyoku/about/gikan/sekisan_roumushizai/roumu_shizai/R08/PDF_R0810_roumu_shizai_kensetu_1.pdf,PDL1.0,,沖縄総合事務局開発建設部が市場取引価格を調査して設定した単価(物価資料に載っているものは載せていない)。消費税の扱いは表に明記なし(国の積算の材料単価は税抜き)。
0261d71e79f97117,JP,material,管路材・ダクト（電気）,支持金物,溶融亜鉛メッキ３０×４０×７００ｍｍ,個,pref,47,沖縄県,沖縄県,,,1280,JPY,design_unit_price_ex_tax,published_pdl,,,2026-10,,ogb-zairyo-r8-10,38,https://www.ogb.go.jp/-/media/Files/OGB/Kaiken/kyoku/about/gikan/sekisan_roumushizai/roumu_shizai/R08/PDF_R0810_roumu_shizai_kensetu_1.pdf,PDL1.0,,沖縄総合事務局開発建設部が市場取引価格を調査して設定した単価(物価資料に載っているものは載せていない)。消費税の扱いは表に明記なし(国の積算の材料単価は税抜き)。
65010c4364becb4c,JP,material,管路材・ダクト（電気）,支持金物,溶融亜鉛メッキ３０×４０×８００ｍｍ,個,pref,47,沖縄県,沖縄県,,,1410,JPY,design_unit_price_ex_tax,published_pdl,,,2026-10,,ogb-zairyo-r8-10,38,https://www.ogb.go.jp/-/media/Files/OGB/Kaiken/kyoku/about/gikan/sekisan_roumushizai/roumu_shizai/R08/PDF_R0810_roumu_shizai_kensetu_1.pdf,PDL1.0,,沖縄総合事務局開発建設部が市場取引価格を調査して設定した単価(物価資料に載っているものは載せていない)。消費税の扱いは表に明記なし(国の積算の材料単価は税抜き)。
cb512ca60b8ce120,JP,material,管路材・ダクト（電気）,支持金物,ステンレス３０×４０×４００ｍｍ,個,pref,47,沖縄県,沖縄県,,,1680,JPY,design_unit_price_ex_tax,published_pdl,,,2026-10,,ogb-zairyo-r8-10,38,https://www.ogb.go.jp/-/media/Files/OGB/Kaiken/kyoku/about/gikan/sekisan_roumushizai/roumu_shizai/R08/PDF_R0810_roumu_shizai_kensetu_1.pdf,PDL1.0,,沖縄総合事務局開発建設部が市場取引価格を調査して設定した単価(物価資料に載っているものは載せていない)。消費税の扱いは表に明記なし(国の積算の材料単価は税抜き)。
61e9721285b38e9c,JP,material,管路材・ダクト（電気）,支持金物,ステンレス３０×４０×６００ｍｍ,個,pref,47,沖縄県,沖縄県,,,2270,JPY,design_unit_price_ex_tax,published_pdl,,,2026-10,,ogb-zairyo-r8-10,38,https://www.ogb.go.jp/-/media/Files/OGB/Kaiken/kyoku/about/gikan/sekisan_roumushizai/roumu_shizai/R08/PDF_R0810_roumu_shizai_kensetu_1.pdf,PDL1.0,,沖縄総合事務局開発建設部が市場取引価格を調査して設定した単価(物価資料に載っているものは載せていない)。消費税の扱いは表に明記なし(国の積算の材料単価は税抜き)。
a236a06e586815d1,JP,material,管路材・ダクト（電気）,支持金物,ステンレス３０×４０×７００ｍｍ,個,pref,47,沖縄県,沖縄県,,,2570,JPY,design_unit_price_ex_tax,published_pdl,,,2026-10,,ogb-zairyo-r8-10,38,https://www.ogb.go.jp/-/media/Files/OGB/Kaiken/kyoku/about/gikan/sekisan_roumushizai/roumu_shizai/R08/PDF_R0810_roumu_shizai_kensetu_1.pdf,PDL1.0,,沖縄総合事務局開発建設部が市場取引価格を調査して設定した単価(物価資料に載っているものは載せていない)。消費税の扱いは表に明記なし(国の積算の材料単価は税抜き)。
09bc5e73c82ce55a,JP,material,管路材・ダクト（電気）,支持金物,ステンレス３０×４０×８００ｍｍ,個,pref,47,沖縄県,沖縄県,,,2990,JPY,design_unit_price_ex_tax,published_pdl,,,2026-10,,ogb-zairyo-r8-10,38,https://www.ogb.go.jp/-/media/Files/OGB/Kaiken/kyoku/about/gikan/sekisan_roumushizai/roumu_shizai/R08/PDF_R0810_roumu_shizai_kensetu_1.pdf,PDL1.0,,沖縄総合事務局開発建設部が市場取引価格を調査して設定した単価(物価資料に載っているものは載せていない)。消費税の扱いは表に明記なし(国の積算の材料単価は税抜き)。
84d086e8baed7a51,JP,material,諸材料,生石灰,特号２０ｋｇ袋,袋,pref,47,沖縄県,沖縄県,,,1160,JPY,design_unit_price_ex_tax,published_pdl,,,2026-10,,ogb-zairyo-r8-10,39,https://www.ogb.go.jp/-/media/Files/OGB/Kaiken/kyoku/about/gikan/sekisan_roumushizai/roumu_shizai/R08/PDF_R0810_roumu_shizai_kensetu_1.pdf,PDL1.0,,沖縄総合事務局開発建設部が市場取引価格を調査して設定した単価(物価資料に載っているものは載せていない)。消費税の扱いは表に明記なし(国の積算の材料単価は税抜き)。
2e17fa1cd374228a,JP,material,諸材料,吸出防止材,Ｓ－１０厚１０ｍｍ,ｍ２,pref,47,沖縄県,沖縄県,,,660,JPY,design_unit_price_ex_tax,published_pdl,,,2026-10,,ogb-zairyo-r8-10,39,https://www.ogb.go.jp/-/media/Files/OGB/Kaiken/kyoku/about/gikan/sekisan_roumushizai/roumu_shizai/R08/PDF_R0810_roumu_shizai_kensetu_1.pdf,PDL1.0,,沖縄総合事務局開発建設部が市場取引価格を調査して設定した単価(物価資料に載っているものは載せていない)。消費税の扱いは表に明記なし(国の積算の材料単価は税抜き)。
1ed6d094c0fdaedb,JP,material,諸材料,吸出防止材,Ｓ－２０厚２０ｍｍ,ｍ２,pref,47,沖縄県,沖縄県,,,1220,JPY,design_unit_price_ex_tax,published_pdl,,,2026-10,,ogb-zairyo-r8-10,39,https://www.ogb.go.jp/-/media/Files/OGB/Kaiken/kyoku/about/gikan/sekisan_roumushizai/roumu_shizai/R08/PDF_R0810_roumu_shizai_kensetu_1.pdf,PDL1.0,,沖縄総合事務局開発建設部が市場取引価格を調査して設定した単価(物価資料に載っているものは載せていない)。消費税の扱いは表に明記なし(国の積算の材料単価は税抜き)。
19f57ecfec44df81,JP,material,諸材料,排水桝,ＦＣ１５～２５（目皿込）,Ｋｇ,pref,47,沖縄県,沖縄県,,,1720,JPY,design_unit_price_ex_tax,published_pdl,,,2026-10,,ogb-zairyo-r8-10,39,https://www.ogb.go.jp/-/media/Files/OGB/Kaiken/kyoku/about/gikan/sekisan_roumushizai/roumu_shizai/R08/PDF_R0810_roumu_shizai_kensetu_1.pdf,PDL1.0,,沖縄総合事務局開発建設部が市場取引価格を調査して設定した単価(物価資料に載っているものは載せていない)。消費税の扱いは表に明記なし(国の積算の材料単価は税抜き)。
a2ec92b561f960e7,JP,material,諸材料,橋面防水シート,,ｍ２,pref,47,沖縄県,沖縄県,,,1580,JPY,design_unit_price_ex_tax,published_pdl,,,2026-10,,ogb-zairyo-r8-10,39,https://www.ogb.go.jp/-/media/Files/OGB/Kaiken/kyoku/about/gikan/sekisan_roumushizai/roumu_shizai/R08/PDF_R0810_roumu_shizai_kensetu_1.pdf,PDL1.0,,沖縄総合事務局開発建設部が市場取引価格を調査して設定した単価(物価資料に載っているものは載せていない)。消費税の扱いは表に明記なし(国の積算の材料単価は税抜き)。
e04d6d688c1e690a,JP,material,諸材料,漏電遮断器,６００Ｖ ３Ｐ １０００ＡＦ,個,pref,47,沖縄県,沖縄県,,,730000,JPY,design_unit_price_ex_tax,published_pdl,,,2026-10,,ogb-zairyo-r8-10,39,https://www.ogb.go.jp/-/media/Files/OGB/Kaiken/kyoku/about/gikan/sekisan_roumushizai/roumu_shizai/R08/PDF_R0810_roumu_shizai_kensetu_1.pdf,PDL1.0,,沖縄総合事務局開発建設部が市場取引価格を調査して設定した単価(物価資料に載っているものは載せていない)。消費税の扱いは表に明記なし(国の積算の材料単価は税抜き)。
91a6da0a7eeb71c9,JP,material,諸材料,漏電遮断器,６００Ｖ ３Ｐ ４００ＡＦ,個,pref,47,沖縄県,沖縄県,,,268000,JPY,design_unit_price_ex_tax,published_pdl,,,2026-10,,ogb-zairyo-r8-10,39,https://www.ogb.go.jp/-/media/Files/OGB/Kaiken/kyoku/about/gikan/sekisan_roumushizai/roumu_shizai/R08/PDF_R0810_roumu_shizai_kensetu_1.pdf,PDL1.0,,沖縄総合事務局開発建設部が市場取引価格を調査して設定した単価(物価資料に載っているものは載せていない)。消費税の扱いは表に明記なし(国の積算の材料単価は税抜き)。
e948cefcb6d64642,JP,material,諸材料,漏電遮断器,６００Ｖ ３Ｐ ６００ＡＦ,個,pref,47,沖縄県,沖縄県,,,396000,JPY,design_unit_price_ex_tax,published_pdl,,,2026-10,,ogb-zairyo-r8-10,39,https://www.ogb.go.jp/-/media/Files/OGB/Kaiken/kyoku/about/gikan/sekisan_roumushizai/roumu_shizai/R08/PDF_R0810_roumu_shizai_kensetu_1.pdf,PDL1.0,,沖縄総合事務局開発建設部が市場取引価格を調査して設定した単価(物価資料に載っているものは載せていない)。消費税の扱いは表に明記なし(国の積算の材料単価は税抜き)。
d591e229b69423b8,JP,material,照明器具,丸テーパー直線型ポール,メッキ ベース式 ８ｍ ２灯用,本,pref,47,沖縄県,沖縄県,,,392000,JPY,design_unit_price_ex_tax,published_pdl,,,2026-10,,ogb-zairyo-r8-10,40,https://www.ogb.go.jp/-/media/Files/OGB/Kaiken/kyoku/about/gikan/sekisan_roumushizai/roumu_shizai/R08/PDF_R0810_roumu_shizai_kensetu_1.pdf,PDL1.0,,沖縄総合事務局開発建設部が市場取引価格を調査して設定した単価(物価資料に載っているものは載せていない)。消費税の扱いは表に明記なし(国の積算の材料単価は税抜き)。
2290df9730a05d63,JP,material,照明器具,丸テーパー直線型ポール,メッキ ベース式 １０ｍ ２灯用,本,pref,47,沖縄県,沖縄県,,,440000,JPY,design_unit_price_ex_tax,published_pdl,,,2026-10,,ogb-zairyo-r8-10,40,https://www.ogb.go.jp/-/media/Files/OGB/Kaiken/kyoku/about/gikan/sekisan_roumushizai/roumu_shizai/R08/PDF_R0810_roumu_shizai_kensetu_1.pdf,PDL1.0,,沖縄総合事務局開発建設部が市場取引価格を調査して設定した単価(物価資料に載っているものは載せていない)。消費税の扱いは表に明記なし(国の積算の材料単価は税抜き)。
153c21d06a9d1343,JP,material,照明器具,丸テーパー直線型ポール,メッキ ベース式 １２ｍ ２灯用,本,pref,47,沖縄県,沖縄県,,,510000,JPY,design_unit_price_ex_tax,published_pdl,,,2026-10,,ogb-zairyo-r8-10,40,https://www.ogb.go.jp/-/media/Files/OGB/Kaiken/kyoku/about/gikan/sekisan_roumushizai/roumu_shizai/R08/PDF_R0810_roumu_shizai_kensetu_1.pdf,PDL1.0,,沖縄総合事務局開発建設部が市場取引価格を調査して設定した単価(物価資料に載っているものは載せていない)。消費税の扱いは表に明記なし(国の積算の材料単価は税抜き)。
734db0f4baa05f38,JP,material,照明器具,丸テーパー直線型ポール,メッキ 埋込式 ８ｍ ２灯用,本,pref,47,沖縄県,沖縄県,,,342000,JPY,design_unit_price_ex_tax,published_pdl,,,2026-10,,ogb-zairyo-r8-10,40,https://www.ogb.go.jp/-/media/Files/OGB/Kaiken/kyoku/about/gikan/sekisan_roumushizai/roumu_shizai/R08/PDF_R0810_roumu_shizai_kensetu_1.pdf,PDL1.0,,沖縄総合事務局開発建設部が市場取引価格を調査して設定した単価(物価資料に載っているものは載せていない)。消費税の扱いは表に明記なし(国の積算の材料単価は税抜き)。
03b49e221040556c,JP,material,照明器具,丸テーパー直線型ポール,メッキ 埋込式 １０ｍ ２灯用,本,pref,47,沖縄県,沖縄県,,,390000,JPY,design_unit_price_ex_tax,published_pdl,,,2026-10,,ogb-zairyo-r8-10,40,https://www.ogb.go.jp/-/media/Files/OGB/Kaiken/kyoku/about/gikan/sekisan_roumushizai/roumu_shizai/R08/PDF_R0810_roumu_shizai_kensetu_1.pdf,PDL1.0,,沖縄総合事務局開発建設部が市場取引価格を調査して設定した単価(物価資料に載っているものは載せていない)。消費税の扱いは表に明記なし(国の積算の材料単価は税抜き)。
eb2bc1b6aa487412,JP,material,照明器具,丸テーパー直線型ポール,メッキ 埋込式 １２ｍ ２灯用,本,pref,47,沖縄県,沖縄県,,,456000,JPY,design_unit_price_ex_tax,published_pdl,,,2026-10,,ogb-zairyo-r8-10,40,https://www.ogb.go.jp/-/media/Files/OGB/Kaiken/kyoku/about/gikan/sekisan_roumushizai/roumu_shizai/R08/PDF_R0810_roumu_shizai_kensetu_1.pdf,PDL1.0,,沖縄総合事務局開発建設部が市場取引価格を調査して設定した単価(物価資料に載っているものは載せていない)。消費税の扱いは表に明記なし(国の積算の材料単価は税抜き)。
e1f0005e89a8a9eb,JP,material,照明器具,自動点滅器取付金具（ニップル式）,１００Ｖ用 （３Ａ）,個,pref,47,沖縄県,沖縄県,,,2900,JPY,design_unit_price_ex_tax,published_pdl,,,2026-10,,ogb-zairyo-r8-10,40,https://www.ogb.go.jp/-/media/Files/OGB/Kaiken/kyoku/about/gikan/sekisan_roumushizai/roumu_shizai/R08/PDF_R0810_roumu_shizai_kensetu_1.pdf,PDL1.0,,沖縄総合事務局開発建設部が市場取引価格を調査して設定した単価(物価資料に載っているものは載せていない)。消費税の扱いは表に明記なし(国の積算の材料単価は税抜き)。
d984260eb68977b2,JP,material,照明器具,自動点滅器取付金具（ニップル式）,１００Ｖ用 （６Ａ）,個,pref,47,沖縄県,沖縄県,,,2900,JPY,design_unit_price_ex_tax,published_pdl,,,2026-10,,ogb-zairyo-r8-10,40,https://www.ogb.go.jp/-/media/Files/OGB/Kaiken/kyoku/about/gikan/sekisan_roumushizai/roumu_shizai/R08/PDF_R0810_roumu_shizai_kensetu_1.pdf,PDL1.0,,沖縄総合事務局開発建設部が市場取引価格を調査して設定した単価(物価資料に載っているものは載せていない)。消費税の扱いは表に明記なし(国の積算の材料単価は税抜き)。
4adc139334efd3cc,JP,material,照明器具,自動点滅器取付金具（ニップル式）,１００Ｖ用 （１０Ａ）,個,pref,47,沖縄県,沖縄県,,,2900,JPY,design_unit_price_ex_tax,published_pdl,,,2026-10,,ogb-zairyo-r8-10,40,https://www.ogb.go.jp/-/media/Files/OGB/Kaiken/kyoku/about/gikan/sekisan_roumushizai/roumu_shizai/R08/PDF_R0810_roumu_shizai_kensetu_1.pdf,PDL1.0,,沖縄総合事務局開発建設部が市場取引価格を調査して設定した単価(物価資料に載っているものは載せていない)。消費税の扱いは表に明記なし(国の積算の材料単価は税抜き)。
6f100ebdc203656c,JP,material,照明器具,自動点滅器取付金具（ニップル式）,２００Ｖ用 （３Ａ）,個,pref,47,沖縄県,沖縄県,,,2900,JPY,design_unit_price_ex_tax,published_pdl,,,2026-10,,ogb-zairyo-r8-10,40,https://www.ogb.go.jp/-/media/Files/OGB/Kaiken/kyoku/about/gikan/sekisan_roumushizai/roumu_shizai/R08/PDF_R0810_roumu_shizai_kensetu_1.pdf,PDL1.0,,沖縄総合事務局開発建設部が市場取引価格を調査して設定した単価(物価資料に載っているものは載せていない)。消費税の扱いは表に明記なし(国の積算の材料単価は税抜き)。
6b72199d41423703,JP,material,照明器具,自動点滅器取付金具（ニップル式）,２００Ｖ用 （６Ａ）,個,pref,47,沖縄県,沖縄県,,,2900,JPY,design_unit_price_ex_tax,published_pdl,,,2026-10,,ogb-zairyo-r8-10,40,https://www.ogb.go.jp/-/media/Files/OGB/Kaiken/kyoku/about/gikan/sekisan_roumushizai/roumu_shizai/R08/PDF_R0810_roumu_shizai_kensetu_1.pdf,PDL1.0,,沖縄総合事務局開発建設部が市場取引価格を調査して設定した単価(物価資料に載っているものは載せていない)。消費税の扱いは表に明記なし(国の積算の材料単価は税抜き)。
16499f68f4cfd6c6,JP,material,照明器具,自動点滅器取付金具（ニップル式）,２００Ｖ用 （１０Ａ）,個,pref,47,沖縄県,沖縄県,,,2900,JPY,design_unit_price_ex_tax,published_pdl,,,2026-10,,ogb-zairyo-r8-10,40,https://www.ogb.go.jp/-/media/Files/OGB/Kaiken/kyoku/about/gikan/sekisan_roumushizai/roumu_shizai/R08/PDF_R0810_roumu_shizai_kensetu_1.pdf,PDL1.0,,沖縄総合事務局開発建設部が市場取引価格を調査して設定した単価(物価資料に載っているものは載せていない)。消費税の扱いは表に明記なし(国の積算の材料単価は税抜き)。
6dbec3625ba3e9c8,JP,material,照明器具,グリスキャップ,Ｍ１０,個,pref,47,沖縄県,沖縄県,,,234,JPY,design_unit_price_ex_tax,published_pdl,,,2026-10,,ogb-zairyo-r8-10,40,https://www.ogb.go.jp/-/media/Files/OGB/Kaiken/kyoku/about/gikan/sekisan_roumushizai/roumu_shizai/R08/PDF_R0810_roumu_shizai_kensetu_1.pdf,PDL1.0,,沖縄総合事務局開発建設部が市場取引価格を調査して設定した単価(物価資料に載っているものは載せていない)。消費税の扱いは表に明記なし(国の積算の材料単価は税抜き)。
10c371dfac88e3fb,JP,material,照明器具,グリスキャップ,Ｍ１２,個,pref,47,沖縄県,沖縄県,,,261,JPY,design_unit_price_ex_tax,published_pdl,,,2026-10,,ogb-zairyo-r8-10,40,https://www.ogb.go.jp/-/media/Files/OGB/Kaiken/kyoku/about/gikan/sekisan_roumushizai/roumu_shizai/R08/PDF_R0810_roumu_shizai_kensetu_1.pdf,PDL1.0,,沖縄総合事務局開発建設部が市場取引価格を調査して設定した単価(物価資料に載っているものは載せていない)。消費税の扱いは表に明記なし(国の積算の材料単価は税抜き)。
01e2bc9bbc9979e4,JP,material,照明器具,グリスキャップ,Ｍ１６,個,pref,47,沖縄県,沖縄県,,,378,JPY,design_unit_price_ex_tax,published_pdl,,,2026-10,,ogb-zairyo-r8-10,40,https://www.ogb.go.jp/-/media/Files/OGB/Kaiken/kyoku/about/gikan/sekisan_roumushizai/roumu_shizai/R08/PDF_R0810_roumu_shizai_kensetu_1.pdf,PDL1.0,,沖縄総合事務局開発建設部が市場取引価格を調査して設定した単価(物価資料に載っているものは載せていない)。消費税の扱いは表に明記なし(国の積算の材料単価は税抜き)。
b4f716b0fe7de25e,JP,material,照明器具,グリスキャップ,Ｍ２０,個,pref,47,沖縄県,沖縄県,,,621,JPY,design_unit_price_ex_tax,published_pdl,,,2026-10,,ogb-zairyo-r8-10,40,https://www.ogb.go.jp/-/media/Files/OGB/Kaiken/kyoku/about/gikan/sekisan_roumushizai/roumu_shizai/R08/PDF_R0810_roumu_shizai_kensetu_1.pdf,PDL1.0,,沖縄総合事務局開発建設部が市場取引価格を調査して設定した単価(物価資料に載っているものは載せていない)。消費税の扱いは表に明記なし(国の積算の材料単価は税抜き)。
b96dc09aed5a138e,JP,material,照明器具,グリスキャップ,Ｍ２２,個,pref,47,沖縄県,沖縄県,,,639,JPY,design_unit_price_ex_tax,published_pdl,,,2026-10,,ogb-zairyo-r8-10,40,https://www.ogb.go.jp/-/media/Files/OGB/Kaiken/kyoku/about/gikan/sekisan_roumushizai/roumu_shizai/R08/PDF_R0810_roumu_shizai_kensetu_1.pdf,PDL1.0,,沖縄総合事務局開発建設部が市場取引価格を調査して設定した単価(物価資料に載っているものは載せていない)。消費税の扱いは表に明記なし(国の積算の材料単価は税抜き)。
a306259a86591f1a,JP,material,照明器具,グリスキャップ,Ｍ２４,個,pref,47,沖縄県,沖縄県,,,657,JPY,design_unit_price_ex_tax,published_pdl,,,2026-10,,ogb-zairyo-r8-10,40,https://www.ogb.go.jp/-/media/Files/OGB/Kaiken/kyoku/about/gikan/sekisan_roumushizai/roumu_shizai/R08/PDF_R0810_roumu_shizai_kensetu_1.pdf,PDL1.0,,沖縄総合事務局開発建設部が市場取引価格を調査して設定した単価(物価資料に載っているものは載せていない)。消費税の扱いは表に明記なし(国の積算の材料単価は税抜き)。
8160cdf3420b5c2d,JP,material,機械工具,コアリフター アッセンブリー,径４６,本,pref,47,沖縄県,沖縄県,,,13780,JPY,design_unit_price_ex_tax,published_pdl,,,2026-10,,ogb-zairyo-r8-10,42,https://www.ogb.go.jp/-/media/Files/OGB/Kaiken/kyoku/about/gikan/sekisan_roumushizai/roumu_shizai/R08/PDF_R0810_roumu_shizai_kensetu_1.pdf,PDL1.0,,沖縄総合事務局開発建設部が市場取引価格を調査して設定した単価(物価資料に載っているものは載せていない)。消費税の扱いは表に明記なし(国の積算の材料単価は税抜き)。
8f9cd726bde2f04b,JP,material,機械工具,ダイヤモンドビット損耗費,径４６ １２ｃｔ,ｍ,pref,47,沖縄県,沖縄県,,,2220,JPY,design_unit_price_ex_tax,published_pdl,,,2026-10,,ogb-zairyo-r8-10,42,https://www.ogb.go.jp/-/media/Files/OGB/Kaiken/kyoku/about/gikan/sekisan_roumushizai/roumu_shizai/R08/PDF_R0810_roumu_shizai_kensetu_1.pdf,PDL1.0,,沖縄総合事務局開発建設部が市場取引価格を調査して設定した単価(物価資料に載っているものは載せていない)。消費税の扱いは表に明記なし(国の積算の材料単価は税抜き)。
0b15149bcf0ec2aa,JP,material,機械工具,ダイヤモンドリーマ損耗費,径４６ ４ｃｔ,ｍ,pref,47,沖縄県,沖縄県,,,667,JPY,design_unit_price_ex_tax,published_pdl,,,2026-10,,ogb-zairyo-r8-10,42,https://www.ogb.go.jp/-/media/Files/OGB/Kaiken/kyoku/about/gikan/sekisan_roumushizai/roumu_shizai/R08/PDF_R0810_roumu_shizai_kensetu_1.pdf,PDL1.0,,沖縄総合事務局開発建設部が市場取引価格を調査して設定した単価(物価資料に載っているものは載せていない)。消費税の扱いは表に明記なし(国の積算の材料単価は税抜き)。
32d9a09a6f4c5fb3,JP,material,機械工具,区画線消去用カッター,３個／組,組,pref,47,沖縄県,沖縄県,,,13600,JPY,design_unit_price_ex_tax,published_pdl,,,2026-10,,ogb-zairyo-r8-10,42,https://www.ogb.go.jp/-/media/Files/OGB/Kaiken/kyoku/about/gikan/sekisan_roumushizai/roumu_shizai/R08/PDF_R0810_roumu_shizai_kensetu_1.pdf,PDL1.0,,沖縄総合事務局開発建設部が市場取引価格を調査して設定した単価(物価資料に載っているものは載せていない)。消費税の扱いは表に明記なし(国の積算の材料単価は税抜き)。
8b33eaa809ac3644,JP,material,機械工具類その他,路面切削機用タイン,クローラ式 ２．１ｍ,本,pref,47,沖縄県,沖縄県,,,1520,JPY,design_unit_price_ex_tax,published_pdl,,,2026-10,,ogb-zairyo-r8-10,43,https://www.ogb.go.jp/-/media/Files/OGB/Kaiken/kyoku/about/gikan/sekisan_roumushizai/roumu_shizai/R08/PDF_R0810_roumu_shizai_kensetu_1.pdf,PDL1.0,,沖縄総合事務局開発建設部が市場取引価格を調査して設定した単価(物価資料に載っているものは載せていない)。消費税の扱いは表に明記なし(国の積算の材料単価は税抜き)。
281b7bfd36d655da,JP,material,機械工具類その他,路面切削機用タイン,ホイール式 １．８ｍ,本,pref,47,沖縄県,沖縄県,,,1520,JPY,design_unit_price_ex_tax,published_pdl,,,2026-10,,ogb-zairyo-r8-10,43,https://www.ogb.go.jp/-/media/Files/OGB/Kaiken/kyoku/about/gikan/sekisan_roumushizai/roumu_shizai/R08/PDF_R0810_roumu_shizai_kensetu_1.pdf,PDL1.0,,沖縄総合事務局開発建設部が市場取引価格を調査して設定した単価(物価資料に載っているものは載せていない)。消費税の扱いは表に明記なし(国の積算の材料単価は税抜き)。
458ef1160e9f7a21,JP,material,機械工具類その他,路面切削機用ビット,ホイール式 ０．７ｍ級,本,pref,47,沖縄県,沖縄県,,,1520,JPY,design_unit_price_ex_tax,published_pdl,,,2026-10,,ogb-zairyo-r8-10,43,https://www.ogb.go.jp/-/media/Files/OGB/Kaiken/kyoku/about/gikan/sekisan_roumushizai/roumu_shizai/R08/PDF_R0810_roumu_shizai_kensetu_1.pdf,PDL1.0,,沖縄総合事務局開発建設部が市場取引価格を調査して設定した単価(物価資料に載っているものは載せていない)。消費税の扱いは表に明記なし(国の積算の材料単価は税抜き)。
4cfcf6375a099b47,JP,material,機械工具類その他,路面切削機用ビット,ホイール式 １．０ｍ級,本,pref,47,沖縄県,沖縄県,,,1520,JPY,design_unit_price_ex_tax,published_pdl,,,2026-10,,ogb-zairyo-r8-10,43,https://www.ogb.go.jp/-/media/Files/OGB/Kaiken/kyoku/about/gikan/sekisan_roumushizai/roumu_shizai/R08/PDF_R0810_roumu_shizai_kensetu_1.pdf,PDL1.0,,沖縄総合事務局開発建設部が市場取引価格を調査して設定した単価(物価資料に載っているものは載せていない)。消費税の扱いは表に明記なし(国の積算の材料単価は税抜き)。
f1944b9dc2646053,JP,material,機械工具類その他,路面切削機用ビット,ホイール式 ２．０ｍ級,本,pref,47,沖縄県,沖縄県,,,1520,JPY,design_unit_price_ex_tax,published_pdl,,,2026-10,,ogb-zairyo-r8-10,43,https://www.ogb.go.jp/-/media/Files/OGB/Kaiken/kyoku/about/gikan/sekisan_roumushizai/roumu_shizai/R08/PDF_R0810_roumu_shizai_kensetu_1.pdf,PDL1.0,,沖縄総合事務局開発建設部が市場取引価格を調査して設定した単価(物価資料に載っているものは載せていない)。消費税の扱いは表に明記なし(国の積算の材料単価は税抜き)。
a191f75162c28aac,JP,material,機械工具類その他,注入パイプ （床版補強工）,径１０×４７ｍｍ （アルミ製）,本,pref,47,沖縄県,沖縄県,,,175,JPY,design_unit_price_ex_tax,published_pdl,,,2026-10,,ogb-zairyo-r8-10,43,https://www.ogb.go.jp/-/media/Files/OGB/Kaiken/kyoku/about/gikan/sekisan_roumushizai/roumu_shizai/R08/PDF_R0810_roumu_shizai_kensetu_1.pdf,PDL1.0,,沖縄総合事務局開発建設部が市場取引価格を調査して設定した単価(物価資料に載っているものは載せていない)。消費税の扱いは表に明記なし(国の積算の材料単価は税抜き)。
14c87adddd086147,JP,material,機械工具類その他,エアー抜パイプ （床版補強工）,径１０×１５０ｍｍ（アルミ製）,本,pref,47,沖縄県,沖縄県,,,175,JPY,design_unit_price_ex_tax,published_pdl,,,2026-10,,ogb-zairyo-r8-10,43,https://www.ogb.go.jp/-/media/Files/OGB/Kaiken/kyoku/about/gikan/sekisan_roumushizai/roumu_shizai/R08/PDF_R0810_roumu_shizai_kensetu_1.pdf,PDL1.0,,沖縄総合事務局開発建設部が市場取引価格を調査して設定した単価(物価資料に載っているものは載せていない)。消費税の扱いは表に明記なし(国の積算の材料単価は税抜き)。
0bb5b0d2cbeeb87a,JP,material,燃料・潤滑油,混合油,１：２０,Ｌ,pref,47,沖縄県,沖縄県,,,184,JPY,design_unit_price_ex_tax,published_pdl,,,2026-10,,ogb-zairyo-r8-10,44,https://www.ogb.go.jp/-/media/Files/OGB/Kaiken/kyoku/about/gikan/sekisan_roumushizai/roumu_shizai/R08/PDF_R0810_roumu_shizai_kensetu_1.pdf,PDL1.0,,沖縄総合事務局開発建設部が市場取引価格を調査して設定した単価(物価資料に載っているものは載せていない)。消費税の扱いは表に明記なし(国の積算の材料単価は税抜き)。
cdc9b9ce67e682d3,JP,material,リース料金,不足分弁償金（敷鉄板）,２２×１５２４×６０９６ｍｍ,ｔ,pref,47,沖縄県,沖縄県,,,133000,JPY,design_unit_price_ex_tax,published_pdl,,,2026-10,,ogb-zairyo-r8-10,45,https://www.ogb.go.jp/-/media/Files/OGB/Kaiken/kyoku/about/gikan/sekisan_roumushizai/roumu_shizai/R08/PDF_R0810_roumu_shizai_kensetu_1.pdf,PDL1.0,,沖縄総合事務局開発建設部が市場取引価格を調査して設定した単価(物価資料に載っているものは載せていない)。消費税の扱いは表に明記なし(国の積算の材料単価は税抜き)。
ac0724a9ae8bf0ea,JP,material,リース料金,不足分弁償金（敷鉄板）,２２×１５２４×３０４８ｍｍ,ｔ,pref,47,沖縄県,沖縄県,,,133000,JPY,design_unit_price_ex_tax,published_pdl,,,2026-10,,ogb-zairyo-r8-10,45,https://www.ogb.go.jp/-/media/Files/OGB/Kaiken/kyoku/about/gikan/sekisan_roumushizai/roumu_shizai/R08/PDF_R0810_roumu_shizai_kensetu_1.pdf,PDL1.0,,沖縄総合事務局開発建設部が市場取引価格を調査して設定した単価(物価資料に載っているものは載せていない)。消費税の扱いは表に明記なし(国の積算の材料単価は税抜き)。
084be4dcb759adff,JP,material,令和８年度,グレーチング桝蓋（細目）,500×500用 T-2 受枠亜鉛メッキ・４点固定,組,pref,47,沖縄県,沖縄県,,,27000,JPY,design_unit_price_ex_tax,published_pdl,,,2026-10,,ogb-zairyo-r8-10,46,https://www.ogb.go.jp/-/media/Files/OGB/Kaiken/kyoku/about/gikan/sekisan_roumushizai/roumu_shizai/R08/PDF_R0810_roumu_shizai_kensetu_1.pdf,PDL1.0,,沖縄総合事務局開発建設部が市場取引価格を調査して設定した単価(物価資料に載っているものは載せていない)。消費税の扱いは表に明記なし(国の積算の材料単価は税抜き)。
db8a8e25ca22117a,JP,material,令和８年度,グレーチング桝蓋（細目）,600×600用 T-2 受枠亜鉛メッキ・４点固定,組,pref,47,沖縄県,沖縄県,,,39900,JPY,design_unit_price_ex_tax,published_pdl,,,2026-10,,ogb-zairyo-r8-10,46,https://www.ogb.go.jp/-/media/Files/OGB/Kaiken/kyoku/about/gikan/sekisan_roumushizai/roumu_shizai/R08/PDF_R0810_roumu_shizai_kensetu_1.pdf,PDL1.0,,沖縄総合事務局開発建設部が市場取引価格を調査して設定した単価(物価資料に載っているものは載せていない)。消費税の扱いは表に明記なし(国の積算の材料単価は税抜き)。
ff107006a5fa4a26,JP,material,令和８年度,グレーチング桝蓋（細目）,700×700用 T-2 受枠亜鉛メッキ・４点固定,組,pref,47,沖縄県,沖縄県,,,46100,JPY,design_unit_price_ex_tax,published_pdl,,,2026-10,,ogb-zairyo-r8-10,46,https://www.ogb.go.jp/-/media/Files/OGB/Kaiken/kyoku/about/gikan/sekisan_roumushizai/roumu_shizai/R08/PDF_R0810_roumu_shizai_kensetu_1.pdf,PDL1.0,,沖縄総合事務局開発建設部が市場取引価格を調査して設定した単価(物価資料に載っているものは載せていない)。消費税の扱いは表に明記なし(国の積算の材料単価は税抜き)。
a362b2104b274455,JP,material,令和８年度,グレーチング桝蓋（細目）,800×800用 T-2 受枠亜鉛メッキ・４点固定,組,pref,47,沖縄県,沖縄県,,,61400,JPY,design_unit_price_ex_tax,published_pdl,,,2026-10,,ogb-zairyo-r8-10,46,https://www.ogb.go.jp/-/media/Files/OGB/Kaiken/kyoku/about/gikan/sekisan_roumushizai/roumu_shizai/R08/PDF_R0810_roumu_shizai_kensetu_1.pdf,PDL1.0,,沖縄総合事務局開発建設部が市場取引価格を調査して設定した単価(物価資料に載っているものは載せていない)。消費税の扱いは表に明記なし(国の積算の材料単価は税抜き)。
2b59ba52a8694234,JP,material,令和８年度,グレーチング桝蓋（細目）,1000×1000用 T-2 受枠亜鉛メッキ・４点固定,組,pref,47,沖縄県,沖縄県,,,99000,JPY,design_unit_price_ex_tax,published_pdl,,,2026-10,,ogb-zairyo-r8-10,46,https://www.ogb.go.jp/-/media/Files/OGB/Kaiken/kyoku/about/gikan/sekisan_roumushizai/roumu_shizai/R08/PDF_R0810_roumu_shizai_kensetu_1.pdf,PDL1.0,,沖縄総合事務局開発建設部が市場取引価格を調査して設定した単価(物価資料に載っているものは載せていない)。消費税の扱いは表に明記なし(国の積算の材料単価は税抜き)。
bfaac3ac8ec0f1e2,JP,material,令和８年度,グレーチング桝蓋（細目）,500×500用 T-14 受枠亜鉛メッキ・４点固定,組,pref,47,沖縄県,沖縄県,,,33200,JPY,design_unit_price_ex_tax,published_pdl,,,2026-10,,ogb-zairyo-r8-10,46,https://www.ogb.go.jp/-/media/Files/OGB/Kaiken/kyoku/about/gikan/sekisan_roumushizai/roumu_shizai/R08/PDF_R0810_roumu_shizai_kensetu_1.pdf,PDL1.0,,沖縄総合事務局開発建設部が市場取引価格を調査して設定した単価(物価資料に載っているものは載せていない)。消費税の扱いは表に明記なし(国の積算の材料単価は税抜き)。
114aa530ff98fb07,JP,material,令和８年度,グレーチング桝蓋（細目）,600×600用 T-14 受枠亜鉛メッキ・４点固定,組,pref,47,沖縄県,沖縄県,,,49100,JPY,design_unit_price_ex_tax,published_pdl,,,2026-10,,ogb-zairyo-r8-10,46,https://www.ogb.go.jp/-/media/Files/OGB/Kaiken/kyoku/about/gikan/sekisan_roumushizai/roumu_shizai/R08/PDF_R0810_roumu_shizai_kensetu_1.pdf,PDL1.0,,沖縄総合事務局開発建設部が市場取引価格を調査して設定した単価(物価資料に載っているものは載せていない)。消費税の扱いは表に明記なし(国の積算の材料単価は税抜き)。
9c89018c48583040,JP,material,令和８年度,グレーチング桝蓋（細目）,700×700用 T-14 受枠亜鉛メッキ・４点固定,組,pref,47,沖縄県,沖縄県,,,57400,JPY,design_unit_price_ex_tax,published_pdl,,,2026-10,,ogb-zairyo-r8-10,46,https://www.ogb.go.jp/-/media/Files/OGB/Kaiken/kyoku/about/gikan/sekisan_roumushizai/roumu_shizai/R08/PDF_R0810_roumu_shizai_kensetu_1.pdf,PDL1.0,,沖縄総合事務局開発建設部が市場取引価格を調査して設定した単価(物価資料に載っているものは載せていない)。消費税の扱いは表に明記なし(国の積算の材料単価は税抜き)。
b06c4d2d62608a3e,JP,material,令和８年度,グレーチング桝蓋（細目）,800×800用 T-14 受枠亜鉛メッキ・４点固定,組,pref,47,沖縄県,沖縄県,,,102000,JPY,design_unit_price_ex_tax,published_pdl,,,2026-10,,ogb-zairyo-r8-10,46,https://www.ogb.go.jp/-/media/Files/OGB/Kaiken/kyoku/about/gikan/sekisan_roumushizai/roumu_shizai/R08/PDF_R0810_roumu_shizai_kensetu_1.pdf,PDL1.0,,沖縄総合事務局開発建設部が市場取引価格を調査して設定した単価(物価資料に載っているものは載せていない)。消費税の扱いは表に明記なし(国の積算の材料単価は税抜き)。
a88812dd0740dee9,JP,material,令和８年度,グレーチング桝蓋（細目）,1000×1000用 T-14 受枠亜鉛メッキ・４点固定,組,pref,47,沖縄県,沖縄県,,,176000,JPY,design_unit_price_ex_tax,published_pdl,,,2026-10,,ogb-zairyo-r8-10,46,https://www.ogb.go.jp/-/media/Files/OGB/Kaiken/kyoku/about/gikan/sekisan_roumushizai/roumu_shizai/R08/PDF_R0810_roumu_shizai_kensetu_1.pdf,PDL1.0,,沖縄総合事務局開発建設部が市場取引価格を調査して設定した単価(物価資料に載っているものは載せていない)。消費税の扱いは表に明記なし(国の積算の材料単価は税抜き)。
c06fac544aa2742a,JP,material,令和８年度,グレーチング桝蓋（細目）,500×500用 T-25 受枠亜鉛メッキ・４点固定,組,pref,47,沖縄県,沖縄県,,,52600,JPY,design_unit_price_ex_tax,published_pdl,,,2026-10,,ogb-zairyo-r8-10,46,https://www.ogb.go.jp/-/media/Files/OGB/Kaiken/kyoku/about/gikan/sekisan_roumushizai/roumu_shizai/R08/PDF_R0810_roumu_shizai_kensetu_1.pdf,PDL1.0,,沖縄総合事務局開発建設部が市場取引価格を調査して設定した単価(物価資料に載っているものは載せていない)。消費税の扱いは表に明記なし(国の積算の材料単価は税抜き)。
677f281e38271f53,JP,material,令和８年度,グレーチング桝蓋（細目）,600×600用 T-25 受枠亜鉛メッキ・４点固定,組,pref,47,沖縄県,沖縄県,,,66900,JPY,design_unit_price_ex_tax,published_pdl,,,2026-10,,ogb-zairyo-r8-10,46,https://www.ogb.go.jp/-/media/Files/OGB/Kaiken/kyoku/about/gikan/sekisan_roumushizai/roumu_shizai/R08/PDF_R0810_roumu_shizai_kensetu_1.pdf,PDL1.0,,沖縄総合事務局開発建設部が市場取引価格を調査して設定した単価(物価資料に載っているものは載せていない)。消費税の扱いは表に明記なし(国の積算の材料単価は税抜き)。
ce0d7bead0cd8ed3,JP,material,令和８年度,グレーチング桝蓋（細目）,700×700用 T-25 受枠亜鉛メッキ・４点固定,組,pref,47,沖縄県,沖縄県,,,85900,JPY,design_unit_price_ex_tax,published_pdl,,,2026-10,,ogb-zairyo-r8-10,46,https://www.ogb.go.jp/-/media/Files/OGB/Kaiken/kyoku/about/gikan/sekisan_roumushizai/roumu_shizai/R08/PDF_R0810_roumu_shizai_kensetu_1.pdf,PDL1.0,,沖縄総合事務局開発建設部が市場取引価格を調査して設定した単価(物価資料に載っているものは載せていない)。消費税の扱いは表に明記なし(国の積算の材料単価は税抜き)。
c0c24f985e05b731,JP,material,令和８年度,グレーチング桝蓋（細目）,800×800用 T-25 受枠亜鉛メッキ・４点固定,組,pref,47,沖縄県,沖縄県,,,108000,JPY,design_unit_price_ex_tax,published_pdl,,,2026-10,,ogb-zairyo-r8-10,46,https://www.ogb.go.jp/-/media/Files/OGB/Kaiken/kyoku/about/gikan/sekisan_roumushizai/roumu_shizai/R08/PDF_R0810_roumu_shizai_kensetu_1.pdf,PDL1.0,,沖縄総合事務局開発建設部が市場取引価格を調査して設定した単価(物価資料に載っているものは載せていない)。消費税の扱いは表に明記なし(国の積算の材料単価は税抜き)。
25045484a6bf96d2,JP,material,令和８年度,グレーチング桝蓋（細目）,1000×1000用 T-25 受枠亜鉛メッキ・４点固定,組,pref,47,沖縄県,沖縄県,,,215000,JPY,design_unit_price_ex_tax,published_pdl,,,2026-10,,ogb-zairyo-r8-10,46,https://www.ogb.go.jp/-/media/Files/OGB/Kaiken/kyoku/about/gikan/sekisan_roumushizai/roumu_shizai/R08/PDF_R0810_roumu_shizai_kensetu_1.pdf,PDL1.0,,沖縄総合事務局開発建設部が市場取引価格を調査して設定した単価(物価資料に載っているものは載せていない)。消費税の扱いは表に明記なし(国の積算の材料単価は税抜き)。
17867337c5c1f6b6,JP,material,令和８年度,ポリエチレンシース,φ45 直管のみ,ｍ,pref,47,沖縄県,沖縄県,,,1040,JPY,design_unit_price_ex_tax,published_pdl,,,2026-10,,ogb-zairyo-r8-10,46,https://www.ogb.go.jp/-/media/Files/OGB/Kaiken/kyoku/about/gikan/sekisan_roumushizai/roumu_shizai/R08/PDF_R0810_roumu_shizai_kensetu_1.pdf,PDL1.0,,沖縄総合事務局開発建設部が市場取引価格を調査して設定した単価(物価資料に載っているものは載せていない)。消費税の扱いは表に明記なし(国の積算の材料単価は税抜き)。
c3f71f55382aaff6,JP,material,令和８年度,ポリエチレンシース,φ65 直管のみ,ｍ,pref,47,沖縄県,沖縄県,,,1480,JPY,design_unit_price_ex_tax,published_pdl,,,2026-10,,ogb-zairyo-r8-10,46,https://www.ogb.go.jp/-/media/Files/OGB/Kaiken/kyoku/about/gikan/sekisan_roumushizai/roumu_shizai/R08/PDF_R0810_roumu_shizai_kensetu_1.pdf,PDL1.0,,沖縄総合事務局開発建設部が市場取引価格を調査して設定した単価(物価資料に載っているものは載せていない)。消費税の扱いは表に明記なし(国の積算の材料単価は税抜き)。
1ebe411e100c3b5c,JP,material,令和８年度,緊張用定着装置（PC鋼材定着装置）,1S21.8用 □135×135×28 防錆処理、グリッド筋含まず [桁埋込型、防錆処理：支圧板のみ],組,pref,47,沖縄県,沖縄県,,,12330,JPY,design_unit_price_ex_tax,published_pdl,,,2026-10,,ogb-zairyo-r8-10,46,https://www.ogb.go.jp/-/media/Files/OGB/Kaiken/kyoku/about/gikan/sekisan_roumushizai/roumu_shizai/R08/PDF_R0810_roumu_shizai_kensetu_1.pdf,PDL1.0,,沖縄総合事務局開発建設部が市場取引価格を調査して設定した単価(物価資料に載っているものは載せていない)。消費税の扱いは表に明記なし(国の積算の材料単価は税抜き)。
f85ee47d5c6d0c13,JP,material,令和８年度,緊張用定着装置（PC鋼材定着装置）,1S19.3用 □120×120×25 防錆処理、グリッド筋含まず [桁埋込型、防錆処理：支圧板のみ],組,pref,47,沖縄県,沖縄県,,,9950,JPY,design_unit_price_ex_tax,published_pdl,,,2026-10,,ogb-zairyo-r8-10,46,https://www.ogb.go.jp/-/media/Files/OGB/Kaiken/kyoku/about/gikan/sekisan_roumushizai/roumu_shizai/R08/PDF_R0810_roumu_shizai_kensetu_1.pdf,PDL1.0,,沖縄総合事務局開発建設部が市場取引価格を調査して設定した単価(物価資料に載っているものは載せていない)。消費税の扱いは表に明記なし(国の積算の材料単価は税抜き)。
2167f5ec232fdf1b,JP,material,令和８年度,管渠型側溝（勾配型）,DOB400Ａ ｾﾝﾀｰG付 受枠メッキ・４点固定,個,pref,47,沖縄県,沖縄県,,,78500,JPY,design_unit_price_ex_tax,published_pdl,,,2026-10,,ogb-zairyo-r8-10,46,https://www.ogb.go.jp/-/media/Files/OGB/Kaiken/kyoku/about/gikan/sekisan_roumushizai/roumu_shizai/R08/PDF_R0810_roumu_shizai_kensetu_1.pdf,PDL1.0,,沖縄総合事務局開発建設部が市場取引価格を調査して設定した単価(物価資料に載っているものは載せていない)。消費税の扱いは表に明記なし(国の積算の材料単価は税抜き)。
c0844350e8097387,JP,material,令和８年度,管渠型側溝（勾配型）,DOB300Ａ ｵｰﾙＧ付 受枠メッキ・４点固定,個,pref,47,沖縄県,沖縄県,,,106000,JPY,design_unit_price_ex_tax,published_pdl,,,2026-10,,ogb-zairyo-r8-10,46,https://www.ogb.go.jp/-/media/Files/OGB/Kaiken/kyoku/about/gikan/sekisan_roumushizai/roumu_shizai/R08/PDF_R0810_roumu_shizai_kensetu_1.pdf,PDL1.0,,沖縄総合事務局開発建設部が市場取引価格を調査して設定した単価(物価資料に載っているものは載せていない)。消費税の扱いは表に明記なし(国の積算の材料単価は税抜き)。
8669ae1431b2a569,JP,material,令和８年度,DOB桝（勾配型 グレーチング付）,300Ａ 300×300 319kg 受枠亜鉛メッキ・４点固定,個,pref,47,沖縄県,沖縄県,,,80500,JPY,design_unit_price_ex_tax,published_pdl,,,2026-10,,ogb-zairyo-r8-10,46,https://www.ogb.go.jp/-/media/Files/OGB/Kaiken/kyoku/about/gikan/sekisan_roumushizai/roumu_shizai/R08/PDF_R0810_roumu_shizai_kensetu_1.pdf,PDL1.0,,沖縄総合事務局開発建設部が市場取引価格を調査して設定した単価(物価資料に載っているものは載せていない)。消費税の扱いは表に明記なし(国の積算の材料単価は税抜き)。
0c016caee10ae285,JP,material,令和８年度,DOB桝（勾配型 グレーチング付）,300Ｂ 300×400 307kg 受枠亜鉛メッキ・４点固定,個,pref,47,沖縄県,沖縄県,,,83400,JPY,design_unit_price_ex_tax,published_pdl,,,2026-10,,ogb-zairyo-r8-10,46,https://www.ogb.go.jp/-/media/Files/OGB/Kaiken/kyoku/about/gikan/sekisan_roumushizai/roumu_shizai/R08/PDF_R0810_roumu_shizai_kensetu_1.pdf,PDL1.0,,沖縄総合事務局開発建設部が市場取引価格を調査して設定した単価(物価資料に載っているものは載せていない)。消費税の扱いは表に明記なし(国の積算の材料単価は税抜き)。
1916711272e3603e,JP,material,令和８年度,DOB桝（勾配型 グレーチング付）,400Ａ 400×400 411kg 受枠亜鉛メッキ・４点固定,個,pref,47,沖縄県,沖縄県,,,92300,JPY,design_unit_price_ex_tax,published_pdl,,,2026-10,,ogb-zairyo-r8-10,46,https://www.ogb.go.jp/-/media/Files/OGB/Kaiken/kyoku/about/gikan/sekisan_roumushizai/roumu_shizai/R08/PDF_R0810_roumu_shizai_kensetu_1.pdf,PDL1.0,,沖縄総合事務局開発建設部が市場取引価格を調査して設定した単価(物価資料に載っているものは載せていない)。消費税の扱いは表に明記なし(国の積算の材料単価は税抜き)。
a3ba4beaf3ef20bd,JP,material,令和８年度,DOB桝（勾配型 グレーチング付）,400Ｂ 400×500 395kg 受枠亜鉛メッキ・４点固定,個,pref,47,沖縄県,沖縄県,,,97400,JPY,design_unit_price_ex_tax,published_pdl,,,2026-10,,ogb-zairyo-r8-10,46,https://www.ogb.go.jp/-/media/Files/OGB/Kaiken/kyoku/about/gikan/sekisan_roumushizai/roumu_shizai/R08/PDF_R0810_roumu_shizai_kensetu_1.pdf,PDL1.0,,沖縄総合事務局開発建設部が市場取引価格を調査して設定した単価(物価資料に載っているものは載せていない)。消費税の扱いは表に明記なし(国の積算の材料単価は税抜き)。
6ef6f0f31272e5a6,JP,material,令和８年度,歩車道境界ブロック（Ｂ）,両面Ｒ 左右 46kg [0.6m/個],個,pref,47,沖縄県,沖縄県,,,2110,JPY,design_unit_price_ex_tax,published_pdl,,,2026-10,,ogb-zairyo-r8-10,46,https://www.ogb.go.jp/-/media/Files/OGB/Kaiken/kyoku/about/gikan/sekisan_roumushizai/roumu_shizai/R08/PDF_R0810_roumu_shizai_kensetu_1.pdf,PDL1.0,,沖縄総合事務局開発建設部が市場取引価格を調査して設定した単価(物価資料に載っているものは載せていない)。消費税の扱いは表に明記なし(国の積算の材料単価は税抜き)。
78d55aa45c5cf103,JP,material,令和８年度,歩車道境界ブロック（Ｂ）,両面Ｒ 中間 30kg [0.6m/個],個,pref,47,沖縄県,沖縄県,,,1920,JPY,design_unit_price_ex_tax,published_pdl,,,2026-10,,ogb-zairyo-r8-10,46,https://www.ogb.go.jp/-/media/Files/OGB/Kaiken/kyoku/about/gikan/sekisan_roumushizai/roumu_shizai/R08/PDF_R0810_roumu_shizai_kensetu_1.pdf,PDL1.0,,沖縄総合事務局開発建設部が市場取引価格を調査して設定した単価(物価資料に載っているものは載せていない)。消費税の扱いは表に明記なし(国の積算の材料単価は税抜き)。
0039fe400266a5dc,JP,material,令和８年度,歩車道境界ブロック（Ｂ）,両面Ｒ 本体 72kg [0.6m/個],個,pref,47,沖縄県,沖縄県,,,2730,JPY,design_unit_price_ex_tax,published_pdl,,,2026-10,,ogb-zairyo-r8-10,47,https://www.ogb.go.jp/-/media/Files/OGB/Kaiken/kyoku/about/gikan/sekisan_roumushizai/roumu_shizai/R08/PDF_R0810_roumu_shizai_kensetu_1.pdf,PDL1.0,,沖縄総合事務局開発建設部が市場取引価格を調査して設定した単価(物価資料に載っているものは載せていない)。消費税の扱いは表に明記なし(国の積算の材料単価は税抜き)。
74dd455d410d187b,JP,material,令和８年度,歩車道境界ブロック（Ｂ）,両面Ｒ 本体 54kg(水抜き） [0.6m/個],個,pref,47,沖縄県,沖縄県,,,3280,JPY,design_unit_price_ex_tax,published_pdl,,,2026-10,,ogb-zairyo-r8-10,47,https://www.ogb.go.jp/-/media/Files/OGB/Kaiken/kyoku/about/gikan/sekisan_roumushizai/roumu_shizai/R08/PDF_R0810_roumu_shizai_kensetu_1.pdf,PDL1.0,,沖縄総合事務局開発建設部が市場取引価格を調査して設定した単価(物価資料に載っているものは載せていない)。消費税の扱いは表に明記なし(国の積算の材料単価は税抜き)。
10b94c2691452fed,JP,material,令和８年度,高密度ﾎﾟﾘｴﾁﾚﾝ管（ｼﾝｸﾞﾙ構造）,有孔 φ150,ｍ,pref,47,沖縄県,沖縄県,,,2640,JPY,design_unit_price_ex_tax,published_pdl,,,2026-10,,ogb-zairyo-r8-10,47,https://www.ogb.go.jp/-/media/Files/OGB/Kaiken/kyoku/about/gikan/sekisan_roumushizai/roumu_shizai/R08/PDF_R0810_roumu_shizai_kensetu_1.pdf,PDL1.0,,沖縄総合事務局開発建設部が市場取引価格を調査して設定した単価(物価資料に載っているものは載せていない)。消費税の扱いは表に明記なし(国の積算の材料単価は税抜き)。
987d95baaba311a5,JP,material,令和８年度,高密度ﾎﾟﾘｴﾁﾚﾝ管（ｼﾝｸﾞﾙ構造）,有孔 φ200,ｍ,pref,47,沖縄県,沖縄県,,,4240,JPY,design_unit_price_ex_tax,published_pdl,,,2026-10,,ogb-zairyo-r8-10,47,https://www.ogb.go.jp/-/media/Files/OGB/Kaiken/kyoku/about/gikan/sekisan_roumushizai/roumu_shizai/R08/PDF_R0810_roumu_shizai_kensetu_1.pdf,PDL1.0,,沖縄総合事務局開発建設部が市場取引価格を調査して設定した単価(物価資料に載っているものは載せていない)。消費税の扱いは表に明記なし(国の積算の材料単価は税抜き)。
b36b3153181084b2,JP,material,令和８年度,高密度ﾎﾟﾘｴﾁﾚﾝ管（ｼﾝｸﾞﾙ構造）,有孔 φ300,ｍ,pref,47,沖縄県,沖縄県,,,7440,JPY,design_unit_price_ex_tax,published_pdl,,,2026-10,,ogb-zairyo-r8-10,47,https://www.ogb.go.jp/-/media/Files/OGB/Kaiken/kyoku/about/gikan/sekisan_roumushizai/roumu_shizai/R08/PDF_R0810_roumu_shizai_kensetu_1.pdf,PDL1.0,,沖縄総合事務局開発建設部が市場取引価格を調査して設定した単価(物価資料に載っているものは載せていない)。消費税の扱いは表に明記なし(国の積算の材料単価は税抜き)。
f25fd1ff9354847a,JP,material,令和８年度,高密度ﾎﾟﾘｴﾁﾚﾝ管（ｼﾝｸﾞﾙ構造）,有孔 φ350,ｍ,pref,47,沖縄県,沖縄県,,,10300,JPY,design_unit_price_ex_tax,published_pdl,,,2026-10,,ogb-zairyo-r8-10,47,https://www.ogb.go.jp/-/media/Files/OGB/Kaiken/kyoku/about/gikan/sekisan_roumushizai/roumu_shizai/R08/PDF_R0810_roumu_shizai_kensetu_1.pdf,PDL1.0,,沖縄総合事務局開発建設部が市場取引価格を調査して設定した単価(物価資料に載っているものは載せていない)。消費税の扱いは表に明記なし(国の積算の材料単価は税抜き)。
d8c4669d2396479d,JP,material,令和８年度,高密度ﾎﾟﾘｴﾁﾚﾝ管（ｼﾝｸﾞﾙ構造）,有孔 φ400,ｍ,pref,47,沖縄県,沖縄県,,,13200,JPY,design_unit_price_ex_tax,published_pdl,,,2026-10,,ogb-zairyo-r8-10,47,https://www.ogb.go.jp/-/media/Files/OGB/Kaiken/kyoku/about/gikan/sekisan_roumushizai/roumu_shizai/R08/PDF_R0810_roumu_shizai_kensetu_1.pdf,PDL1.0,,沖縄総合事務局開発建設部が市場取引価格を調査して設定した単価(物価資料に載っているものは載せていない)。消費税の扱いは表に明記なし(国の積算の材料単価は税抜き)。
dad6c7e3e91b14b3,JP,material,令和８年度,高密度ﾎﾟﾘｴﾁﾚﾝ管（ｼﾝｸﾞﾙ構造）,有孔 φ450,ｍ,pref,47,沖縄県,沖縄県,,,17000,JPY,design_unit_price_ex_tax,published_pdl,,,2026-10,,ogb-zairyo-r8-10,47,https://www.ogb.go.jp/-/media/Files/OGB/Kaiken/kyoku/about/gikan/sekisan_roumushizai/roumu_shizai/R08/PDF_R0810_roumu_shizai_kensetu_1.pdf,PDL1.0,,沖縄総合事務局開発建設部が市場取引価格を調査して設定した単価(物価資料に載っているものは載せていない)。消費税の扱いは表に明記なし(国の積算の材料単価は税抜き)。
07d5210f6e5008d3,JP,material,令和８年度,高密度ﾎﾟﾘｴﾁﾚﾝ管（ｼﾝｸﾞﾙ構造）,有孔 φ500,ｍ,pref,47,沖縄県,沖縄県,,,19900,JPY,design_unit_price_ex_tax,published_pdl,,,2026-10,,ogb-zairyo-r8-10,47,https://www.ogb.go.jp/-/media/Files/OGB/Kaiken/kyoku/about/gikan/sekisan_roumushizai/roumu_shizai/R08/PDF_R0810_roumu_shizai_kensetu_1.pdf,PDL1.0,,沖縄総合事務局開発建設部が市場取引価格を調査して設定した単価(物価資料に載っているものは載せていない)。消費税の扱いは表に明記なし(国の積算の材料単価は税抜き)。
b859511d80ad83fa,JP,material,令和８年度,高密度ﾎﾟﾘｴﾁﾚﾝ管（ｼﾝｸﾞﾙ構造）,有孔 φ600,ｍ,pref,47,沖縄県,沖縄県,,,28800,JPY,design_unit_price_ex_tax,published_pdl,,,2026-10,,ogb-zairyo-r8-10,47,https://www.ogb.go.jp/-/media/Files/OGB/Kaiken/kyoku/about/gikan/sekisan_roumushizai/roumu_shizai/R08/PDF_R0810_roumu_shizai_kensetu_1.pdf,PDL1.0,,沖縄総合事務局開発建設部が市場取引価格を調査して設定した単価(物価資料に載っているものは載せていない)。消費税の扱いは表に明記なし(国の積算の材料単価は税抜き)。
1347b2f361c1ba25,JP,material,令和８年度,高密度ﾎﾟﾘｴﾁﾚﾝ管（ｼﾝｸﾞﾙ構造）,無孔 φ150,ｍ,pref,47,沖縄県,沖縄県,,,2640,JPY,design_unit_price_ex_tax,published_pdl,,,2026-10,,ogb-zairyo-r8-10,47,https://www.ogb.go.jp/-/media/Files/OGB/Kaiken/kyoku/about/gikan/sekisan_roumushizai/roumu_shizai/R08/PDF_R0810_roumu_shizai_kensetu_1.pdf,PDL1.0,,沖縄総合事務局開発建設部が市場取引価格を調査して設定した単価(物価資料に載っているものは載せていない)。消費税の扱いは表に明記なし(国の積算の材料単価は税抜き)。
fc3ca1bed00181f3,JP,material,令和８年度,高密度ﾎﾟﾘｴﾁﾚﾝ管（ｼﾝｸﾞﾙ構造）,無孔 φ200,ｍ,pref,47,沖縄県,沖縄県,,,4240,JPY,design_unit_price_ex_tax,published_pdl,,,2026-10,,ogb-zairyo-r8-10,47,https://www.ogb.go.jp/-/media/Files/OGB/Kaiken/kyoku/about/gikan/sekisan_roumushizai/roumu_shizai/R08/PDF_R0810_roumu_shizai_kensetu_1.pdf,PDL1.0,,沖縄総合事務局開発建設部が市場取引価格を調査して設定した単価(物価資料に載っているものは載せていない)。消費税の扱いは表に明記なし(国の積算の材料単価は税抜き)。
a98957ffb1fde6b2,JP,material,令和８年度,高密度ﾎﾟﾘｴﾁﾚﾝ管（ｼﾝｸﾞﾙ構造）,無孔 φ300,ｍ,pref,47,沖縄県,沖縄県,,,7440,JPY,design_unit_price_ex_tax,published_pdl,,,2026-10,,ogb-zairyo-r8-10,47,https://www.ogb.go.jp/-/media/Files/OGB/Kaiken/kyoku/about/gikan/sekisan_roumushizai/roumu_shizai/R08/PDF_R0810_roumu_shizai_kensetu_1.pdf,PDL1.0,,沖縄総合事務局開発建設部が市場取引価格を調査して設定した単価(物価資料に載っているものは載せていない)。消費税の扱いは表に明記なし(国の積算の材料単価は税抜き)。
f136851871858fc5,JP,material,令和８年度,高密度ﾎﾟﾘｴﾁﾚﾝ管（ｼﾝｸﾞﾙ構造）,無孔 φ350,ｍ,pref,47,沖縄県,沖縄県,,,10300,JPY,design_unit_price_ex_tax,published_pdl,,,2026-10,,ogb-zairyo-r8-10,47,https://www.ogb.go.jp/-/media/Files/OGB/Kaiken/kyoku/about/gikan/sekisan_roumushizai/roumu_shizai/R08/PDF_R0810_roumu_shizai_kensetu_1.pdf,PDL1.0,,沖縄総合事務局開発建設部が市場取引価格を調査して設定した単価(物価資料に載っているものは載せていない)。消費税の扱いは表に明記なし(国の積算の材料単価は税抜き)。
71abca4d3d5ba171,JP,material,令和８年度,高密度ﾎﾟﾘｴﾁﾚﾝ管（ｼﾝｸﾞﾙ構造）,無孔 φ400,ｍ,pref,47,沖縄県,沖縄県,,,13200,JPY,design_unit_price_ex_tax,published_pdl,,,2026-10,,ogb-zairyo-r8-10,47,https://www.ogb.go.jp/-/media/Files/OGB/Kaiken/kyoku/about/gikan/sekisan_roumushizai/roumu_shizai/R08/PDF_R0810_roumu_shizai_kensetu_1.pdf,PDL1.0,,沖縄総合事務局開発建設部が市場取引価格を調査して設定した単価(物価資料に載っているものは載せていない)。消費税の扱いは表に明記なし(国の積算の材料単価は税抜き)。
2845bb6a9d9c8c40,JP,material,令和８年度,高密度ﾎﾟﾘｴﾁﾚﾝ管（ｼﾝｸﾞﾙ構造）,無孔 φ450,ｍ,pref,47,沖縄県,沖縄県,,,17000,JPY,design_unit_price_ex_tax,published_pdl,,,2026-10,,ogb-zairyo-r8-10,47,https://www.ogb.go.jp/-/media/Files/OGB/Kaiken/kyoku/about/gikan/sekisan_roumushizai/roumu_shizai/R08/PDF_R0810_roumu_shizai_kensetu_1.pdf,PDL1.0,,沖縄総合事務局開発建設部が市場取引価格を調査して設定した単価(物価資料に載っているものは載せていない)。消費税の扱いは表に明記なし(国の積算の材料単価は税抜き)。
e0081075eef2f3db,JP,material,令和８年度,高密度ﾎﾟﾘｴﾁﾚﾝ管（ｼﾝｸﾞﾙ構造）,無孔 φ500,ｍ,pref,47,沖縄県,沖縄県,,,19900,JPY,design_unit_price_ex_tax,published_pdl,,,2026-10,,ogb-zairyo-r8-10,47,https://www.ogb.go.jp/-/media/Files/OGB/Kaiken/kyoku/about/gikan/sekisan_roumushizai/roumu_shizai/R08/PDF_R0810_roumu_shizai_kensetu_1.pdf,PDL1.0,,沖縄総合事務局開発建設部が市場取引価格を調査して設定した単価(物価資料に載っているものは載せていない)。消費税の扱いは表に明記なし(国の積算の材料単価は税抜き)。
08fa184e53061322,JP,material,令和８年度,高密度ﾎﾟﾘｴﾁﾚﾝ管（ｼﾝｸﾞﾙ構造）,無孔 φ600,ｍ,pref,47,沖縄県,沖縄県,,,28800,JPY,design_unit_price_ex_tax,published_pdl,,,2026-10,,ogb-zairyo-r8-10,47,https://www.ogb.go.jp/-/media/Files/OGB/Kaiken/kyoku/about/gikan/sekisan_roumushizai/roumu_shizai/R08/PDF_R0810_roumu_shizai_kensetu_1.pdf,PDL1.0,,沖縄総合事務局開発建設部が市場取引価格を調査して設定した単価(物価資料に載っているものは載せていない)。消費税の扱いは表に明記なし(国の積算の材料単価は税抜き)。
48faaef8124d4da4,JP,material,令和８年度,異形棒鋼ロックボルト,D19 SD345(めっき付き),m,pref,47,沖縄県,沖縄県,,,1410,JPY,design_unit_price_ex_tax,published_pdl,,,2026-10,,ogb-zairyo-r8-10,47,https://www.ogb.go.jp/-/media/Files/OGB/Kaiken/kyoku/about/gikan/sekisan_roumushizai/roumu_shizai/R08/PDF_R0810_roumu_shizai_kensetu_1.pdf,PDL1.0,,沖縄総合事務局開発建設部が市場取引価格を調査して設定した単価(物価資料に載っているものは載せていない)。消費税の扱いは表に明記なし(国の積算の材料単価は税抜き)。
42be4eb91fbbfa47,JP,material,令和８年度,異形棒鋼ロックボルト,D22 SD345(めっき付き),m,pref,47,沖縄県,沖縄県,,,1920,JPY,design_unit_price_ex_tax,published_pdl,,,2026-10,,ogb-zairyo-r8-10,47,https://www.ogb.go.jp/-/media/Files/OGB/Kaiken/kyoku/about/gikan/sekisan_roumushizai/roumu_shizai/R08/PDF_R0810_roumu_shizai_kensetu_1.pdf,PDL1.0,,沖縄総合事務局開発建設部が市場取引価格を調査して設定した単価(物価資料に載っているものは載せていない)。消費税の扱いは表に明記なし(国の積算の材料単価は税抜き)。
8b967e6edb4f9988,JP,material,令和８年度,異形棒鋼ロックボルト,D25 SD345(めっき付き),m,pref,47,沖縄県,沖縄県,,,2510,JPY,design_unit_price_ex_tax,published_pdl,,,2026-10,,ogb-zairyo-r8-10,47,https://www.ogb.go.jp/-/media/Files/OGB/Kaiken/kyoku/about/gikan/sekisan_roumushizai/roumu_shizai/R08/PDF_R0810_roumu_shizai_kensetu_1.pdf,PDL1.0,,沖縄総合事務局開発建設部が市場取引価格を調査して設定した単価(物価資料に載っているものは載せていない)。消費税の扱いは表に明記なし(国の積算の材料単価は税抜き)。
296d7a8e74df8e8a,JP,material,令和８年度,異形棒鋼ロックボルト,D29 SD345(めっき付き),m,pref,47,沖縄県,沖縄県,,,3190,JPY,design_unit_price_ex_tax,published_pdl,,,2026-10,,ogb-zairyo-r8-10,47,https://www.ogb.go.jp/-/media/Files/OGB/Kaiken/kyoku/about/gikan/sekisan_roumushizai/roumu_shizai/R08/PDF_R0810_roumu_shizai_kensetu_1.pdf,PDL1.0,,沖縄総合事務局開発建設部が市場取引価格を調査して設定した単価(物価資料に載っているものは載せていない)。消費税の扱いは表に明記なし(国の積算の材料単価は税抜き)。
d8c9b4c60a44183a,JP,material,令和８年度,角座金,150×150×9mm φ45(めっき付き),枚,pref,47,沖縄県,沖縄県,,,1180,JPY,design_unit_price_ex_tax,published_pdl,,,2026-10,,ogb-zairyo-r8-10,47,https://www.ogb.go.jp/-/media/Files/OGB/Kaiken/kyoku/about/gikan/sekisan_roumushizai/roumu_shizai/R08/PDF_R0810_roumu_shizai_kensetu_1.pdf,PDL1.0,,沖縄総合事務局開発建設部が市場取引価格を調査して設定した単価(物価資料に載っているものは載せていない)。消費税の扱いは表に明記なし(国の積算の材料単価は税抜き)。
588f4416fc52eb36,JP,material,令和８年度,角座金,150×150×12mm φ45(めっき付き),枚,pref,47,沖縄県,沖縄県,,,1680,JPY,design_unit_price_ex_tax,published_pdl,,,2026-10,,ogb-zairyo-r8-10,47,https://www.ogb.go.jp/-/media/Files/OGB/Kaiken/kyoku/about/gikan/sekisan_roumushizai/roumu_shizai/R08/PDF_R0810_roumu_shizai_kensetu_1.pdf,PDL1.0,,沖縄総合事務局開発建設部が市場取引価格を調査して設定した単価(物価資料に載っているものは載せていない)。消費税の扱いは表に明記なし(国の積算の材料単価は税抜き)。
d414952a4594fa85,JP,material,令和８年度,ネジ付き球面ワッシャー,めっき付き,個,pref,47,沖縄県,沖縄県,,,1680,JPY,design_unit_price_ex_tax,published_pdl,,,2026-10,,ogb-zairyo-r8-10,47,https://www.ogb.go.jp/-/media/Files/OGB/Kaiken/kyoku/about/gikan/sekisan_roumushizai/roumu_shizai/R08/PDF_R0810_roumu_shizai_kensetu_1.pdf,PDL1.0,,沖縄総合事務局開発建設部が市場取引価格を調査して設定した単価(物価資料に載っているものは載せていない)。消費税の扱いは表に明記なし(国の積算の材料単価は税抜き)。
816f1620858b3d53,JP,material,令和８年度,球面ワッシャー,めっき付き,個,pref,47,沖縄県,沖縄県,,,490,JPY,design_unit_price_ex_tax,published_pdl,,,2026-10,,ogb-zairyo-r8-10,47,https://www.ogb.go.jp/-/media/Files/OGB/Kaiken/kyoku/about/gikan/sekisan_roumushizai/roumu_shizai/R08/PDF_R0810_roumu_shizai_kensetu_1.pdf,PDL1.0,,沖縄総合事務局開発建設部が市場取引価格を調査して設定した単価(物価資料に載っているものは載せていない)。消費税の扱いは表に明記なし(国の積算の材料単価は税抜き)。
5f4124d8f377de2b,JP,material,令和８年度,カップラー,D19用(めっき付き),個,pref,47,沖縄県,沖縄県,,,890,JPY,design_unit_price_ex_tax,published_pdl,,,2026-10,,ogb-zairyo-r8-10,47,https://www.ogb.go.jp/-/media/Files/OGB/Kaiken/kyoku/about/gikan/sekisan_roumushizai/roumu_shizai/R08/PDF_R0810_roumu_shizai_kensetu_1.pdf,PDL1.0,,沖縄総合事務局開発建設部が市場取引価格を調査して設定した単価(物価資料に載っているものは載せていない)。消費税の扱いは表に明記なし(国の積算の材料単価は税抜き)。
0613aecdf73ed570,JP,material,令和８年度,カップラー,D22用(めっき付き),個,pref,47,沖縄県,沖縄県,,,1230,JPY,design_unit_price_ex_tax,published_pdl,,,2026-10,,ogb-zairyo-r8-10,48,https://www.ogb.go.jp/-/media/Files/OGB/Kaiken/kyoku/about/gikan/sekisan_roumushizai/roumu_shizai/R08/PDF_R0810_roumu_shizai_kensetu_1.pdf,PDL1.0,,沖縄総合事務局開発建設部が市場取引価格を調査して設定した単価(物価資料に載っているものは載せていない)。消費税の扱いは表に明記なし(国の積算の材料単価は税抜き)。
57f8875a344ed70e,JP,material,令和８年度,カップラー,D25用(めっき付き),個,pref,47,沖縄県,沖縄県,,,1430,JPY,design_unit_price_ex_tax,published_pdl,,,2026-10,,ogb-zairyo-r8-10,48,https://www.ogb.go.jp/-/media/Files/OGB/Kaiken/kyoku/about/gikan/sekisan_roumushizai/roumu_shizai/R08/PDF_R0810_roumu_shizai_kensetu_1.pdf,PDL1.0,,沖縄総合事務局開発建設部が市場取引価格を調査して設定した単価(物価資料に載っているものは載せていない)。消費税の扱いは表に明記なし(国の積算の材料単価は税抜き)。
0521d25d98ff15ce,JP,material,令和８年度,カップラー,D29用(めっき付き),個,pref,47,沖縄県,沖縄県,,,2470,JPY,design_unit_price_ex_tax,published_pdl,,,2026-10,,ogb-zairyo-r8-10,48,https://www.ogb.go.jp/-/media/Files/OGB/Kaiken/kyoku/about/gikan/sekisan_roumushizai/roumu_shizai/R08/PDF_R0810_roumu_shizai_kensetu_1.pdf,PDL1.0,,沖縄総合事務局開発建設部が市場取引価格を調査して設定した単価(物価資料に載っているものは載せていない)。消費税の扱いは表に明記なし(国の積算の材料単価は税抜き)。
04e4af3332de7a5f,JP,material,令和８年度,スペーサー,電気めっき,個,pref,47,沖縄県,沖縄県,,,550,JPY,design_unit_price_ex_tax,published_pdl,,,2026-10,,ogb-zairyo-r8-10,48,https://www.ogb.go.jp/-/media/Files/OGB/Kaiken/kyoku/about/gikan/sekisan_roumushizai/roumu_shizai/R08/PDF_R0810_roumu_shizai_kensetu_1.pdf,PDL1.0,,沖縄総合事務局開発建設部が市場取引価格を調査して設定した単価(物価資料に載っているものは載せていない)。消費税の扱いは表に明記なし(国の積算の材料単価は税抜き)。
d84b858d96b19bdf,JP,material,令和８年度,ナット,D19用(めっき付き),個,pref,47,沖縄県,沖縄県,,,610,JPY,design_unit_price_ex_tax,published_pdl,,,2026-10,,ogb-zairyo-r8-10,48,https://www.ogb.go.jp/-/media/Files/OGB/Kaiken/kyoku/about/gikan/sekisan_roumushizai/roumu_shizai/R08/PDF_R0810_roumu_shizai_kensetu_1.pdf,PDL1.0,,沖縄総合事務局開発建設部が市場取引価格を調査して設定した単価(物価資料に載っているものは載せていない)。消費税の扱いは表に明記なし(国の積算の材料単価は税抜き)。
c14ce8c2f776183d,JP,material,令和８年度,ナット,D22用(めっき付き),個,pref,47,沖縄県,沖縄県,,,740,JPY,design_unit_price_ex_tax,published_pdl,,,2026-10,,ogb-zairyo-r8-10,48,https://www.ogb.go.jp/-/media/Files/OGB/Kaiken/kyoku/about/gikan/sekisan_roumushizai/roumu_shizai/R08/PDF_R0810_roumu_shizai_kensetu_1.pdf,PDL1.0,,沖縄総合事務局開発建設部が市場取引価格を調査して設定した単価(物価資料に載っているものは載せていない)。消費税の扱いは表に明記なし(国の積算の材料単価は税抜き)。
ab27296926dc4170,JP,material,令和８年度,ナット,D25用(めっき付き),個,pref,47,沖縄県,沖縄県,,,790,JPY,design_unit_price_ex_tax,published_pdl,,,2026-10,,ogb-zairyo-r8-10,48,https://www.ogb.go.jp/-/media/Files/OGB/Kaiken/kyoku/about/gikan/sekisan_roumushizai/roumu_shizai/R08/PDF_R0810_roumu_shizai_kensetu_1.pdf,PDL1.0,,沖縄総合事務局開発建設部が市場取引価格を調査して設定した単価(物価資料に載っているものは載せていない)。消費税の扱いは表に明記なし(国の積算の材料単価は税抜き)。
9af67e2c04a141db,JP,material,令和８年度,ナット,D29用(めっき付き),個,pref,47,沖縄県,沖縄県,,,1130,JPY,design_unit_price_ex_tax,published_pdl,,,2026-10,,ogb-zairyo-r8-10,48,https://www.ogb.go.jp/-/media/Files/OGB/Kaiken/kyoku/about/gikan/sekisan_roumushizai/roumu_shizai/R08/PDF_R0810_roumu_shizai_kensetu_1.pdf,PDL1.0,,沖縄総合事務局開発建設部が市場取引価格を調査して設定した単価(物価資料に載っているものは載せていない)。消費税の扱いは表に明記なし(国の積算の材料単価は税抜き)。
d5cdcf809fa5bee8,JP,material,令和８年度,頭部キャップ,防錆材含む,個,pref,47,沖縄県,沖縄県,,,4350,JPY,design_unit_price_ex_tax,published_pdl,,,2026-10,,ogb-zairyo-r8-10,48,https://www.ogb.go.jp/-/media/Files/OGB/Kaiken/kyoku/about/gikan/sekisan_roumushizai/roumu_shizai/R08/PDF_R0810_roumu_shizai_kensetu_1.pdf,PDL1.0,,沖縄総合事務局開発建設部が市場取引価格を調査して設定した単価(物価資料に載っているものは載せていない)。消費税の扱いは表に明記なし(国の積算の材料単価は税抜き)。
7cb4823e2e20ddcc,JP,material,令和８年度,シース,D19用，D22用，D25用,個,pref,47,沖縄県,沖縄県,,,990,JPY,design_unit_price_ex_tax,published_pdl,,,2026-10,,ogb-zairyo-r8-10,48,https://www.ogb.go.jp/-/media/Files/OGB/Kaiken/kyoku/about/gikan/sekisan_roumushizai/roumu_shizai/R08/PDF_R0810_roumu_shizai_kensetu_1.pdf,PDL1.0,,沖縄総合事務局開発建設部が市場取引価格を調査して設定した単価(物価資料に載っているものは載せていない)。消費税の扱いは表に明記なし(国の積算の材料単価は税抜き)。
40f28765751c6162,JP,material,令和８年度,シース,D29用,個,pref,47,沖縄県,沖縄県,,,990,JPY,design_unit_price_ex_tax,published_pdl,,,2026-10,,ogb-zairyo-r8-10,48,https://www.ogb.go.jp/-/media/Files/OGB/Kaiken/kyoku/about/gikan/sekisan_roumushizai/roumu_shizai/R08/PDF_R0810_roumu_shizai_kensetu_1.pdf,PDL1.0,,沖縄総合事務局開発建設部が市場取引価格を調査して設定した単価(物価資料に載っているものは載せていない)。消費税の扱いは表に明記なし(国の積算の材料単価は税抜き)。
12fb8dd81180dd7f,JP,material,令和８年度,先端キャップ,D19用,個,pref,47,沖縄県,沖縄県,,,59,JPY,design_unit_price_ex_tax,published_pdl,,,2026-10,,ogb-zairyo-r8-10,48,https://www.ogb.go.jp/-/media/Files/OGB/Kaiken/kyoku/about/gikan/sekisan_roumushizai/roumu_shizai/R08/PDF_R0810_roumu_shizai_kensetu_1.pdf,PDL1.0,,沖縄総合事務局開発建設部が市場取引価格を調査して設定した単価(物価資料に載っているものは載せていない)。消費税の扱いは表に明記なし(国の積算の材料単価は税抜き)。
380bd983fb099c9e,JP,material,令和８年度,先端キャップ,D22用,個,pref,47,沖縄県,沖縄県,,,64,JPY,design_unit_price_ex_tax,published_pdl,,,2026-10,,ogb-zairyo-r8-10,48,https://www.ogb.go.jp/-/media/Files/OGB/Kaiken/kyoku/about/gikan/sekisan_roumushizai/roumu_shizai/R08/PDF_R0810_roumu_shizai_kensetu_1.pdf,PDL1.0,,沖縄総合事務局開発建設部が市場取引価格を調査して設定した単価(物価資料に載っているものは載せていない)。消費税の扱いは表に明記なし(国の積算の材料単価は税抜き)。
ec5c0ab002ce0a75,JP,material,令和８年度,先端キャップ,D25用,個,pref,47,沖縄県,沖縄県,,,86,JPY,design_unit_price_ex_tax,published_pdl,,,2026-10,,ogb-zairyo-r8-10,48,https://www.ogb.go.jp/-/media/Files/OGB/Kaiken/kyoku/about/gikan/sekisan_roumushizai/roumu_shizai/R08/PDF_R0810_roumu_shizai_kensetu_1.pdf,PDL1.0,,沖縄総合事務局開発建設部が市場取引価格を調査して設定した単価(物価資料に載っているものは載せていない)。消費税の扱いは表に明記なし(国の積算の材料単価は税抜き)。
221031ba9dcd76cb,JP,material,令和８年度,先端キャップ,D29用,個,pref,47,沖縄県,沖縄県,,,104,JPY,design_unit_price_ex_tax,published_pdl,,,2026-10,,ogb-zairyo-r8-10,48,https://www.ogb.go.jp/-/media/Files/OGB/Kaiken/kyoku/about/gikan/sekisan_roumushizai/roumu_shizai/R08/PDF_R0810_roumu_shizai_kensetu_1.pdf,PDL1.0,,沖縄総合事務局開発建設部が市場取引価格を調査して設定した単価(物価資料に載っているものは載せていない)。消費税の扱いは表に明記なし(国の積算の材料単価は税抜き)。
770f316267a947cb,JP,material,令和８年度,注入パイプ,内径φ16、外形φ21.5,m,pref,47,沖縄県,沖縄県,,,140,JPY,design_unit_price_ex_tax,published_pdl,,,2026-10,,ogb-zairyo-r8-10,48,https://www.ogb.go.jp/-/media/Files/OGB/Kaiken/kyoku/about/gikan/sekisan_roumushizai/roumu_shizai/R08/PDF_R0810_roumu_shizai_kensetu_1.pdf,PDL1.0,,沖縄総合事務局開発建設部が市場取引価格を調査して設定した単価(物価資料に載っているものは載せていない)。消費税の扱いは表に明記なし(国の積算の材料単価は税抜き)。
647972b5838ededa,JP,material,令和８年度,注入パイプ,内径φ13、外形φ17,m,pref,47,沖縄県,沖縄県,,,99,JPY,design_unit_price_ex_tax,published_pdl,,,2026-10,,ogb-zairyo-r8-10,48,https://www.ogb.go.jp/-/media/Files/OGB/Kaiken/kyoku/about/gikan/sekisan_roumushizai/roumu_shizai/R08/PDF_R0810_roumu_shizai_kensetu_1.pdf,PDL1.0,,沖縄総合事務局開発建設部が市場取引価格を調査して設定した単価(物価資料に載っているものは載せていない)。消費税の扱いは表に明記なし(国の積算の材料単価は税抜き)。
d7593f054fb55cfb,JP,material,令和８年度,ベルコート,950g入り,個,pref,47,沖縄県,沖縄県,,,2810,JPY,design_unit_price_ex_tax,published_pdl,,,2026-10,,ogb-zairyo-r8-10,48,https://www.ogb.go.jp/-/media/Files/OGB/Kaiken/kyoku/about/gikan/sekisan_roumushizai/roumu_shizai/R08/PDF_R0810_roumu_shizai_kensetu_1.pdf,PDL1.0,,沖縄総合事務局開発建設部が市場取引価格を調査して設定した単価(物価資料に載っているものは載せていない)。消費税の扱いは表に明記なし(国の積算の材料単価は税抜き)。
4bb309116738a2cf,JP,material,令和８年度,ポリマーセメントモルタル,左官工法（コテ塗り）,m3,pref,47,沖縄県,沖縄県,,,418000,JPY,design_unit_price_ex_tax,published_pdl,,,2026-10,,ogb-zairyo-r8-10,48,https://www.ogb.go.jp/-/media/Files/OGB/Kaiken/kyoku/about/gikan/sekisan_roumushizai/roumu_shizai/R08/PDF_R0810_roumu_shizai_kensetu_1.pdf,PDL1.0,,沖縄総合事務局開発建設部が市場取引価格を調査して設定した単価(物価資料に載っているものは載せていない)。消費税の扱いは表に明記なし(国の積算の材料単価は税抜き)。
