obs_id,country,layer,category,item_name,spec,unit,geo_level,geo_code,geo_name,area_label,area_code,area_members,price,currency,price_basis,price_status,ref_value,ref_note,period,effective_from,source_id,source_page,evidence_url,license,jccdb_v4_item_id,note
2b47b89809bb18ba,JP,material,生コンクリート・モルタル,生コンクリート,１８－１５－２５（２０）,m3,pref_area,29,奈良県,1地区,,,,JPY,design_unit_price_ex_tax,publication_based_not_public,,,2026-10,2026-10-01,nara-shizai-r8-10,14,https://www.pref.nara.lg.jp/documents/8708/r0810nara_materialprice.pdf,restricted,0f948effd799,原本で『○＝刊行物単価使用』。県は規格だけを載せ、単価は載せていない(市販の物価資料の値)。公的に公開された値は存在しない。
2bbd437984be1f87,JP,material,生コンクリート・モルタル,生コンクリート,１８－１５－２５（２０）,m3,pref_area,29,奈良県,2地区,,,,JPY,design_unit_price_ex_tax,publication_based_not_public,,,2026-10,2026-10-01,nara-shizai-r8-10,14,https://www.pref.nara.lg.jp/documents/8708/r0810nara_materialprice.pdf,restricted,0f948effd799,原本で『○＝刊行物単価使用』。県は規格だけを載せ、単価は載せていない(市販の物価資料の値)。公的に公開された値は存在しない。
32f79de88fec3cc2,JP,material,生コンクリート・モルタル,生コンクリート,１８－１５－２５（２０）,m3,pref_area,29,奈良県,3地区,,,,JPY,design_unit_price_ex_tax,publication_based_not_public,,,2026-10,2026-10-01,nara-shizai-r8-10,14,https://www.pref.nara.lg.jp/documents/8708/r0810nara_materialprice.pdf,restricted,0f948effd799,原本で『○＝刊行物単価使用』。県は規格だけを載せ、単価は載せていない(市販の物価資料の値)。公的に公開された値は存在しない。
4d829922a65653ab,JP,material,生コンクリート・モルタル,生コンクリート,１８－１５－２５（２０）,m3,pref_area,29,奈良県,4地区,,,,JPY,design_unit_price_ex_tax,publication_based_not_public,,,2026-10,2026-10-01,nara-shizai-r8-10,14,https://www.pref.nara.lg.jp/documents/8708/r0810nara_materialprice.pdf,restricted,0f948effd799,原本で『○＝刊行物単価使用』。県は規格だけを載せ、単価は載せていない(市販の物価資料の値)。公的に公開された値は存在しない。
6312b900ee0766f0,JP,material,生コンクリート・モルタル,生コンクリート,１８－１５－２５（２０）,m3,pref_area,29,奈良県,5地区,,,,JPY,design_unit_price_ex_tax,published_restricted_not_copied,,,2026-10,2026-10-01,nara-shizai-r8-10,14,https://www.pref.nara.lg.jp/documents/8708/r0810nara_materialprice.pdf,restricted,0f948effd799,県が独自調査で値を載せている。利用条件が私的使用・引用のみのため値は写していない。原本を見ること。
0b0db6afa586c207,JP,material,生コンクリート・モルタル,生コンクリート,１８－１５－２５（２０）,m3,pref_area,29,奈良県,6地区,,,,JPY,design_unit_price_ex_tax,publication_based_not_public,,,2026-10,2026-10-01,nara-shizai-r8-10,14,https://www.pref.nara.lg.jp/documents/8708/r0810nara_materialprice.pdf,restricted,0f948effd799,原本で『○＝刊行物単価使用』。県は規格だけを載せ、単価は載せていない(市販の物価資料の値)。公的に公開された値は存在しない。
b00bfae8e3a3e64d,JP,material,生コンクリート・モルタル,生コンクリート,１８－１５－２５（２０）,m3,pref_area,29,奈良県,7地区,,,,JPY,design_unit_price_ex_tax,published_restricted_not_copied,,,2026-10,2026-10-01,nara-shizai-r8-10,14,https://www.pref.nara.lg.jp/documents/8708/r0810nara_materialprice.pdf,restricted,0f948effd799,県が独自調査で値を載せている。利用条件が私的使用・引用のみのため値は写していない。原本を見ること。
920ba1c459878a86,JP,material,生コンクリート・モルタル,生コンクリート,１８－１５－２５（２０）,m3,pref_area,29,奈良県,8地区,,,,JPY,design_unit_price_ex_tax,publication_based_not_public,,,2026-10,2026-10-01,nara-shizai-r8-10,14,https://www.pref.nara.lg.jp/documents/8708/r0810nara_materialprice.pdf,restricted,0f948effd799,原本で『○＝刊行物単価使用』。県は規格だけを載せ、単価は載せていない(市販の物価資料の値)。公的に公開された値は存在しない。
c1f25cc153d70e4a,JP,material,生コンクリート・モルタル,生コンクリート,１８－１５－２５（２０）,m3,pref_area,29,奈良県,9地区,,,,JPY,design_unit_price_ex_tax,publication_based_not_public,,,2026-10,2026-10-01,nara-shizai-r8-10,14,https://www.pref.nara.lg.jp/documents/8708/r0810nara_materialprice.pdf,restricted,0f948effd799,原本で『○＝刊行物単価使用』。県は規格だけを載せ、単価は載せていない(市販の物価資料の値)。公的に公開された値は存在しない。
bcd026ab04291913,JP,material,生コンクリート・モルタル,生コンクリート,１８－１５－２５（２０）,m3,pref_area,29,奈良県,10地区,,,,JPY,design_unit_price_ex_tax,publication_based_not_public,,,2026-10,2026-10-01,nara-shizai-r8-10,14,https://www.pref.nara.lg.jp/documents/8708/r0810nara_materialprice.pdf,restricted,0f948effd799,原本で『○＝刊行物単価使用』。県は規格だけを載せ、単価は載せていない(市販の物価資料の値)。公的に公開された値は存在しない。
089e7fe3b60775cc,JP,material,生コンクリート・モルタル,生コンクリート,１８－１５－２５（２０）,m3,pref_area,29,奈良県,11地区,,,,JPY,design_unit_price_ex_tax,published_restricted_not_copied,,,2026-10,2026-10-01,nara-shizai-r8-10,14,https://www.pref.nara.lg.jp/documents/8708/r0810nara_materialprice.pdf,restricted,0f948effd799,県が独自調査で値を載せている。利用条件が私的使用・引用のみのため値は写していない。原本を見ること。
939895ba4d1a62f2,JP,material,生コンクリート・モルタル,生コンクリート,１８－１８－２５（２０）,m3,pref_area,29,奈良県,1地区,,,,JPY,design_unit_price_ex_tax,publication_based_not_public,,,2026-10,2026-10-01,nara-shizai-r8-10,14,https://www.pref.nara.lg.jp/documents/8708/r0810nara_materialprice.pdf,restricted,a26e094afe5c,原本で『○＝刊行物単価使用』。県は規格だけを載せ、単価は載せていない(市販の物価資料の値)。公的に公開された値は存在しない。
58a7684f8f2a8882,JP,material,生コンクリート・モルタル,生コンクリート,１８－１８－２５（２０）,m3,pref_area,29,奈良県,2地区,,,,JPY,design_unit_price_ex_tax,publication_based_not_public,,,2026-10,2026-10-01,nara-shizai-r8-10,14,https://www.pref.nara.lg.jp/documents/8708/r0810nara_materialprice.pdf,restricted,a26e094afe5c,原本で『○＝刊行物単価使用』。県は規格だけを載せ、単価は載せていない(市販の物価資料の値)。公的に公開された値は存在しない。
73190939218eeb2a,JP,material,生コンクリート・モルタル,生コンクリート,１８－１８－２５（２０）,m3,pref_area,29,奈良県,3地区,,,,JPY,design_unit_price_ex_tax,publication_based_not_public,,,2026-10,2026-10-01,nara-shizai-r8-10,14,https://www.pref.nara.lg.jp/documents/8708/r0810nara_materialprice.pdf,restricted,a26e094afe5c,原本で『○＝刊行物単価使用』。県は規格だけを載せ、単価は載せていない(市販の物価資料の値)。公的に公開された値は存在しない。
b98cd90bb8b74bcd,JP,material,生コンクリート・モルタル,生コンクリート,１８－１８－２５（２０）,m3,pref_area,29,奈良県,4地区,,,,JPY,design_unit_price_ex_tax,publication_based_not_public,,,2026-10,2026-10-01,nara-shizai-r8-10,14,https://www.pref.nara.lg.jp/documents/8708/r0810nara_materialprice.pdf,restricted,a26e094afe5c,原本で『○＝刊行物単価使用』。県は規格だけを載せ、単価は載せていない(市販の物価資料の値)。公的に公開された値は存在しない。
4eb979f8d3ad62cc,JP,material,生コンクリート・モルタル,生コンクリート,１８－１８－２５（２０）,m3,pref_area,29,奈良県,5地区,,,,JPY,design_unit_price_ex_tax,published_restricted_not_copied,,,2026-10,2026-10-01,nara-shizai-r8-10,14,https://www.pref.nara.lg.jp/documents/8708/r0810nara_materialprice.pdf,restricted,a26e094afe5c,県が独自調査で値を載せている。利用条件が私的使用・引用のみのため値は写していない。原本を見ること。
4310890141e5260e,JP,material,生コンクリート・モルタル,生コンクリート,１８－１８－２５（２０）,m3,pref_area,29,奈良県,6地区,,,,JPY,design_unit_price_ex_tax,publication_based_not_public,,,2026-10,2026-10-01,nara-shizai-r8-10,14,https://www.pref.nara.lg.jp/documents/8708/r0810nara_materialprice.pdf,restricted,a26e094afe5c,原本で『○＝刊行物単価使用』。県は規格だけを載せ、単価は載せていない(市販の物価資料の値)。公的に公開された値は存在しない。
197876b6d491d520,JP,material,生コンクリート・モルタル,生コンクリート,１８－１８－２５（２０）,m3,pref_area,29,奈良県,7地区,,,,JPY,design_unit_price_ex_tax,published_restricted_not_copied,,,2026-10,2026-10-01,nara-shizai-r8-10,14,https://www.pref.nara.lg.jp/documents/8708/r0810nara_materialprice.pdf,restricted,a26e094afe5c,県が独自調査で値を載せている。利用条件が私的使用・引用のみのため値は写していない。原本を見ること。
b282d562237d4fd8,JP,material,生コンクリート・モルタル,生コンクリート,１８－１８－２５（２０）,m3,pref_area,29,奈良県,8地区,,,,JPY,design_unit_price_ex_tax,publication_based_not_public,,,2026-10,2026-10-01,nara-shizai-r8-10,14,https://www.pref.nara.lg.jp/documents/8708/r0810nara_materialprice.pdf,restricted,a26e094afe5c,原本で『○＝刊行物単価使用』。県は規格だけを載せ、単価は載せていない(市販の物価資料の値)。公的に公開された値は存在しない。
ce2d6d87a1bae044,JP,material,生コンクリート・モルタル,生コンクリート,１８－１８－２５（２０）,m3,pref_area,29,奈良県,9地区,,,,JPY,design_unit_price_ex_tax,publication_based_not_public,,,2026-10,2026-10-01,nara-shizai-r8-10,14,https://www.pref.nara.lg.jp/documents/8708/r0810nara_materialprice.pdf,restricted,a26e094afe5c,原本で『○＝刊行物単価使用』。県は規格だけを載せ、単価は載せていない(市販の物価資料の値)。公的に公開された値は存在しない。
b42fd180a9136205,JP,material,生コンクリート・モルタル,生コンクリート,１８－１８－２５（２０）,m3,pref_area,29,奈良県,10地区,,,,JPY,design_unit_price_ex_tax,publication_based_not_public,,,2026-10,2026-10-01,nara-shizai-r8-10,14,https://www.pref.nara.lg.jp/documents/8708/r0810nara_materialprice.pdf,restricted,a26e094afe5c,原本で『○＝刊行物単価使用』。県は規格だけを載せ、単価は載せていない(市販の物価資料の値)。公的に公開された値は存在しない。
6503534ee862255d,JP,material,生コンクリート・モルタル,生コンクリート,１８－１８－２５（２０）,m3,pref_area,29,奈良県,11地区,,,,JPY,design_unit_price_ex_tax,published_restricted_not_copied,,,2026-10,2026-10-01,nara-shizai-r8-10,14,https://www.pref.nara.lg.jp/documents/8708/r0810nara_materialprice.pdf,restricted,a26e094afe5c,県が独自調査で値を載せている。利用条件が私的使用・引用のみのため値は写していない。原本を見ること。
c1c4a9b1eb0be6c7,JP,material,生コンクリート・モルタル,生コンクリート,２１－１５－２５（２０）,m3,pref_area,29,奈良県,1地区,,,,JPY,design_unit_price_ex_tax,publication_based_not_public,,,2026-10,2026-10-01,nara-shizai-r8-10,14,https://www.pref.nara.lg.jp/documents/8708/r0810nara_materialprice.pdf,restricted,4b73c3134218,原本で『○＝刊行物単価使用』。県は規格だけを載せ、単価は載せていない(市販の物価資料の値)。公的に公開された値は存在しない。
2d4b8bb7d40f4e63,JP,material,生コンクリート・モルタル,生コンクリート,２１－１５－２５（２０）,m3,pref_area,29,奈良県,2地区,,,,JPY,design_unit_price_ex_tax,publication_based_not_public,,,2026-10,2026-10-01,nara-shizai-r8-10,14,https://www.pref.nara.lg.jp/documents/8708/r0810nara_materialprice.pdf,restricted,4b73c3134218,原本で『○＝刊行物単価使用』。県は規格だけを載せ、単価は載せていない(市販の物価資料の値)。公的に公開された値は存在しない。
3c8184272239ea4b,JP,material,生コンクリート・モルタル,生コンクリート,２１－１５－２５（２０）,m3,pref_area,29,奈良県,3地区,,,,JPY,design_unit_price_ex_tax,publication_based_not_public,,,2026-10,2026-10-01,nara-shizai-r8-10,14,https://www.pref.nara.lg.jp/documents/8708/r0810nara_materialprice.pdf,restricted,4b73c3134218,原本で『○＝刊行物単価使用』。県は規格だけを載せ、単価は載せていない(市販の物価資料の値)。公的に公開された値は存在しない。
e619d1a8135ef6cf,JP,material,生コンクリート・モルタル,生コンクリート,２１－１５－２５（２０）,m3,pref_area,29,奈良県,4地区,,,,JPY,design_unit_price_ex_tax,publication_based_not_public,,,2026-10,2026-10-01,nara-shizai-r8-10,14,https://www.pref.nara.lg.jp/documents/8708/r0810nara_materialprice.pdf,restricted,4b73c3134218,原本で『○＝刊行物単価使用』。県は規格だけを載せ、単価は載せていない(市販の物価資料の値)。公的に公開された値は存在しない。
0a250981bcb0331f,JP,material,生コンクリート・モルタル,生コンクリート,２１－１５－２５（２０）,m3,pref_area,29,奈良県,5地区,,,,JPY,design_unit_price_ex_tax,published_restricted_not_copied,,,2026-10,2026-10-01,nara-shizai-r8-10,14,https://www.pref.nara.lg.jp/documents/8708/r0810nara_materialprice.pdf,restricted,4b73c3134218,県が独自調査で値を載せている。利用条件が私的使用・引用のみのため値は写していない。原本を見ること。
75d27e97046e7fac,JP,material,生コンクリート・モルタル,生コンクリート,２１－１５－２５（２０）,m3,pref_area,29,奈良県,6地区,,,,JPY,design_unit_price_ex_tax,publication_based_not_public,,,2026-10,2026-10-01,nara-shizai-r8-10,14,https://www.pref.nara.lg.jp/documents/8708/r0810nara_materialprice.pdf,restricted,4b73c3134218,原本で『○＝刊行物単価使用』。県は規格だけを載せ、単価は載せていない(市販の物価資料の値)。公的に公開された値は存在しない。
899fbe809486b687,JP,material,生コンクリート・モルタル,生コンクリート,２１－１５－２５（２０）,m3,pref_area,29,奈良県,7地区,,,,JPY,design_unit_price_ex_tax,published_restricted_not_copied,,,2026-10,2026-10-01,nara-shizai-r8-10,14,https://www.pref.nara.lg.jp/documents/8708/r0810nara_materialprice.pdf,restricted,4b73c3134218,県が独自調査で値を載せている。利用条件が私的使用・引用のみのため値は写していない。原本を見ること。
64002f14a6dec734,JP,material,生コンクリート・モルタル,生コンクリート,２１－１５－２５（２０）,m3,pref_area,29,奈良県,8地区,,,,JPY,design_unit_price_ex_tax,publication_based_not_public,,,2026-10,2026-10-01,nara-shizai-r8-10,14,https://www.pref.nara.lg.jp/documents/8708/r0810nara_materialprice.pdf,restricted,4b73c3134218,原本で『○＝刊行物単価使用』。県は規格だけを載せ、単価は載せていない(市販の物価資料の値)。公的に公開された値は存在しない。
edd19f57530e866e,JP,material,生コンクリート・モルタル,生コンクリート,２１－１５－２５（２０）,m3,pref_area,29,奈良県,9地区,,,,JPY,design_unit_price_ex_tax,publication_based_not_public,,,2026-10,2026-10-01,nara-shizai-r8-10,14,https://www.pref.nara.lg.jp/documents/8708/r0810nara_materialprice.pdf,restricted,4b73c3134218,原本で『○＝刊行物単価使用』。県は規格だけを載せ、単価は載せていない(市販の物価資料の値)。公的に公開された値は存在しない。
cfc6d4eb4b27fdc1,JP,material,生コンクリート・モルタル,生コンクリート,２１－１５－２５（２０）,m3,pref_area,29,奈良県,10地区,,,,JPY,design_unit_price_ex_tax,publication_based_not_public,,,2026-10,2026-10-01,nara-shizai-r8-10,14,https://www.pref.nara.lg.jp/documents/8708/r0810nara_materialprice.pdf,restricted,4b73c3134218,原本で『○＝刊行物単価使用』。県は規格だけを載せ、単価は載せていない(市販の物価資料の値)。公的に公開された値は存在しない。
7d131fa51fa75302,JP,material,生コンクリート・モルタル,生コンクリート,２１－１５－２５（２０）,m3,pref_area,29,奈良県,11地区,,,,JPY,design_unit_price_ex_tax,published_restricted_not_copied,,,2026-10,2026-10-01,nara-shizai-r8-10,14,https://www.pref.nara.lg.jp/documents/8708/r0810nara_materialprice.pdf,restricted,4b73c3134218,県が独自調査で値を載せている。利用条件が私的使用・引用のみのため値は写していない。原本を見ること。
5aeb2a9b6495e9b6,JP,material,生コンクリート・モルタル,生コンクリート,２１－１８－２５（２０）,m3,pref_area,29,奈良県,1地区,,,,JPY,design_unit_price_ex_tax,publication_based_not_public,,,2026-10,2026-10-01,nara-shizai-r8-10,14,https://www.pref.nara.lg.jp/documents/8708/r0810nara_materialprice.pdf,restricted,53196cad57e3,原本で『○＝刊行物単価使用』。県は規格だけを載せ、単価は載せていない(市販の物価資料の値)。公的に公開された値は存在しない。
6281c5886d3f208b,JP,material,生コンクリート・モルタル,生コンクリート,２１－１８－２５（２０）,m3,pref_area,29,奈良県,2地区,,,,JPY,design_unit_price_ex_tax,publication_based_not_public,,,2026-10,2026-10-01,nara-shizai-r8-10,14,https://www.pref.nara.lg.jp/documents/8708/r0810nara_materialprice.pdf,restricted,53196cad57e3,原本で『○＝刊行物単価使用』。県は規格だけを載せ、単価は載せていない(市販の物価資料の値)。公的に公開された値は存在しない。
babc37e8abb83c70,JP,material,生コンクリート・モルタル,生コンクリート,２１－１８－２５（２０）,m3,pref_area,29,奈良県,3地区,,,,JPY,design_unit_price_ex_tax,publication_based_not_public,,,2026-10,2026-10-01,nara-shizai-r8-10,14,https://www.pref.nara.lg.jp/documents/8708/r0810nara_materialprice.pdf,restricted,53196cad57e3,原本で『○＝刊行物単価使用』。県は規格だけを載せ、単価は載せていない(市販の物価資料の値)。公的に公開された値は存在しない。
f65366dde5fdcec4,JP,material,生コンクリート・モルタル,生コンクリート,２１－１８－２５（２０）,m3,pref_area,29,奈良県,4地区,,,,JPY,design_unit_price_ex_tax,publication_based_not_public,,,2026-10,2026-10-01,nara-shizai-r8-10,14,https://www.pref.nara.lg.jp/documents/8708/r0810nara_materialprice.pdf,restricted,53196cad57e3,原本で『○＝刊行物単価使用』。県は規格だけを載せ、単価は載せていない(市販の物価資料の値)。公的に公開された値は存在しない。
aaa8006bf688af82,JP,material,生コンクリート・モルタル,生コンクリート,２１－１８－２５（２０）,m3,pref_area,29,奈良県,5地区,,,,JPY,design_unit_price_ex_tax,published_restricted_not_copied,,,2026-10,2026-10-01,nara-shizai-r8-10,14,https://www.pref.nara.lg.jp/documents/8708/r0810nara_materialprice.pdf,restricted,53196cad57e3,県が独自調査で値を載せている。利用条件が私的使用・引用のみのため値は写していない。原本を見ること。
550cd2904187a5f9,JP,material,生コンクリート・モルタル,生コンクリート,２１－１８－２５（２０）,m3,pref_area,29,奈良県,6地区,,,,JPY,design_unit_price_ex_tax,publication_based_not_public,,,2026-10,2026-10-01,nara-shizai-r8-10,14,https://www.pref.nara.lg.jp/documents/8708/r0810nara_materialprice.pdf,restricted,53196cad57e3,原本で『○＝刊行物単価使用』。県は規格だけを載せ、単価は載せていない(市販の物価資料の値)。公的に公開された値は存在しない。
3a686d0af457376c,JP,material,生コンクリート・モルタル,生コンクリート,２１－１８－２５（２０）,m3,pref_area,29,奈良県,7地区,,,,JPY,design_unit_price_ex_tax,published_restricted_not_copied,,,2026-10,2026-10-01,nara-shizai-r8-10,14,https://www.pref.nara.lg.jp/documents/8708/r0810nara_materialprice.pdf,restricted,53196cad57e3,県が独自調査で値を載せている。利用条件が私的使用・引用のみのため値は写していない。原本を見ること。
ee847754d9d1ef1e,JP,material,生コンクリート・モルタル,生コンクリート,２１－１８－２５（２０）,m3,pref_area,29,奈良県,8地区,,,,JPY,design_unit_price_ex_tax,publication_based_not_public,,,2026-10,2026-10-01,nara-shizai-r8-10,14,https://www.pref.nara.lg.jp/documents/8708/r0810nara_materialprice.pdf,restricted,53196cad57e3,原本で『○＝刊行物単価使用』。県は規格だけを載せ、単価は載せていない(市販の物価資料の値)。公的に公開された値は存在しない。
a328e95bea813316,JP,material,生コンクリート・モルタル,生コンクリート,２１－１８－２５（２０）,m3,pref_area,29,奈良県,9地区,,,,JPY,design_unit_price_ex_tax,publication_based_not_public,,,2026-10,2026-10-01,nara-shizai-r8-10,14,https://www.pref.nara.lg.jp/documents/8708/r0810nara_materialprice.pdf,restricted,53196cad57e3,原本で『○＝刊行物単価使用』。県は規格だけを載せ、単価は載せていない(市販の物価資料の値)。公的に公開された値は存在しない。
12f77016b48cc65f,JP,material,生コンクリート・モルタル,生コンクリート,２１－１８－２５（２０）,m3,pref_area,29,奈良県,10地区,,,,JPY,design_unit_price_ex_tax,publication_based_not_public,,,2026-10,2026-10-01,nara-shizai-r8-10,14,https://www.pref.nara.lg.jp/documents/8708/r0810nara_materialprice.pdf,restricted,53196cad57e3,原本で『○＝刊行物単価使用』。県は規格だけを載せ、単価は載せていない(市販の物価資料の値)。公的に公開された値は存在しない。
b2a77e34cbdf326a,JP,material,生コンクリート・モルタル,生コンクリート,２１－１８－２５（２０）,m3,pref_area,29,奈良県,11地区,,,,JPY,design_unit_price_ex_tax,published_restricted_not_copied,,,2026-10,2026-10-01,nara-shizai-r8-10,14,https://www.pref.nara.lg.jp/documents/8708/r0810nara_materialprice.pdf,restricted,53196cad57e3,県が独自調査で値を載せている。利用条件が私的使用・引用のみのため値は写していない。原本を見ること。
160f3739e54d34c9,JP,material,生コンクリート・モルタル,生コンクリート,２４－１２－２５（２０）,m3,pref_area,29,奈良県,1地区,,,,JPY,design_unit_price_ex_tax,publication_based_not_public,,,2026-10,2026-10-01,nara-shizai-r8-10,14,https://www.pref.nara.lg.jp/documents/8708/r0810nara_materialprice.pdf,restricted,5b9e4bb1bee9,原本で『○＝刊行物単価使用』。県は規格だけを載せ、単価は載せていない(市販の物価資料の値)。公的に公開された値は存在しない。
ebbbb5e7783f1c57,JP,material,生コンクリート・モルタル,生コンクリート,２４－１２－２５（２０）,m3,pref_area,29,奈良県,2地区,,,,JPY,design_unit_price_ex_tax,publication_based_not_public,,,2026-10,2026-10-01,nara-shizai-r8-10,14,https://www.pref.nara.lg.jp/documents/8708/r0810nara_materialprice.pdf,restricted,5b9e4bb1bee9,原本で『○＝刊行物単価使用』。県は規格だけを載せ、単価は載せていない(市販の物価資料の値)。公的に公開された値は存在しない。
3e545934e803d677,JP,material,生コンクリート・モルタル,生コンクリート,２４－１２－２５（２０）,m3,pref_area,29,奈良県,3地区,,,,JPY,design_unit_price_ex_tax,publication_based_not_public,,,2026-10,2026-10-01,nara-shizai-r8-10,14,https://www.pref.nara.lg.jp/documents/8708/r0810nara_materialprice.pdf,restricted,5b9e4bb1bee9,原本で『○＝刊行物単価使用』。県は規格だけを載せ、単価は載せていない(市販の物価資料の値)。公的に公開された値は存在しない。
ccaaa3de29608c39,JP,material,生コンクリート・モルタル,生コンクリート,２４－１２－２５（２０）,m3,pref_area,29,奈良県,4地区,,,,JPY,design_unit_price_ex_tax,publication_based_not_public,,,2026-10,2026-10-01,nara-shizai-r8-10,14,https://www.pref.nara.lg.jp/documents/8708/r0810nara_materialprice.pdf,restricted,5b9e4bb1bee9,原本で『○＝刊行物単価使用』。県は規格だけを載せ、単価は載せていない(市販の物価資料の値)。公的に公開された値は存在しない。
c3a898e5fbf03331,JP,material,生コンクリート・モルタル,生コンクリート,２４－１２－２５（２０）,m3,pref_area,29,奈良県,5地区,,,,JPY,design_unit_price_ex_tax,published_restricted_not_copied,,,2026-10,2026-10-01,nara-shizai-r8-10,14,https://www.pref.nara.lg.jp/documents/8708/r0810nara_materialprice.pdf,restricted,5b9e4bb1bee9,県が独自調査で値を載せている。利用条件が私的使用・引用のみのため値は写していない。原本を見ること。
53808aaeb0a7a02a,JP,material,生コンクリート・モルタル,生コンクリート,２４－１２－２５（２０）,m3,pref_area,29,奈良県,6地区,,,,JPY,design_unit_price_ex_tax,publication_based_not_public,,,2026-10,2026-10-01,nara-shizai-r8-10,14,https://www.pref.nara.lg.jp/documents/8708/r0810nara_materialprice.pdf,restricted,5b9e4bb1bee9,原本で『○＝刊行物単価使用』。県は規格だけを載せ、単価は載せていない(市販の物価資料の値)。公的に公開された値は存在しない。
df15f22e47ae76d1,JP,material,生コンクリート・モルタル,生コンクリート,２４－１２－２５（２０）,m3,pref_area,29,奈良県,7地区,,,,JPY,design_unit_price_ex_tax,published_restricted_not_copied,,,2026-10,2026-10-01,nara-shizai-r8-10,14,https://www.pref.nara.lg.jp/documents/8708/r0810nara_materialprice.pdf,restricted,5b9e4bb1bee9,県が独自調査で値を載せている。利用条件が私的使用・引用のみのため値は写していない。原本を見ること。
c828e380ad2290bd,JP,material,生コンクリート・モルタル,生コンクリート,２４－１２－２５（２０）,m3,pref_area,29,奈良県,8地区,,,,JPY,design_unit_price_ex_tax,publication_based_not_public,,,2026-10,2026-10-01,nara-shizai-r8-10,14,https://www.pref.nara.lg.jp/documents/8708/r0810nara_materialprice.pdf,restricted,5b9e4bb1bee9,原本で『○＝刊行物単価使用』。県は規格だけを載せ、単価は載せていない(市販の物価資料の値)。公的に公開された値は存在しない。
b9292f523f041574,JP,material,生コンクリート・モルタル,生コンクリート,２４－１２－２５（２０）,m3,pref_area,29,奈良県,9地区,,,,JPY,design_unit_price_ex_tax,publication_based_not_public,,,2026-10,2026-10-01,nara-shizai-r8-10,14,https://www.pref.nara.lg.jp/documents/8708/r0810nara_materialprice.pdf,restricted,5b9e4bb1bee9,原本で『○＝刊行物単価使用』。県は規格だけを載せ、単価は載せていない(市販の物価資料の値)。公的に公開された値は存在しない。
19d217bd933a7732,JP,material,生コンクリート・モルタル,生コンクリート,２４－１２－２５（２０）,m3,pref_area,29,奈良県,10地区,,,,JPY,design_unit_price_ex_tax,publication_based_not_public,,,2026-10,2026-10-01,nara-shizai-r8-10,14,https://www.pref.nara.lg.jp/documents/8708/r0810nara_materialprice.pdf,restricted,5b9e4bb1bee9,原本で『○＝刊行物単価使用』。県は規格だけを載せ、単価は載せていない(市販の物価資料の値)。公的に公開された値は存在しない。
bc579b11e852eeae,JP,material,生コンクリート・モルタル,生コンクリート,２４－１２－２５（２０）,m3,pref_area,29,奈良県,11地区,,,,JPY,design_unit_price_ex_tax,published_restricted_not_copied,,,2026-10,2026-10-01,nara-shizai-r8-10,14,https://www.pref.nara.lg.jp/documents/8708/r0810nara_materialprice.pdf,restricted,5b9e4bb1bee9,県が独自調査で値を載せている。利用条件が私的使用・引用のみのため値は写していない。原本を見ること。
2109add035ba8bf4,JP,material,生コンクリート・モルタル,生コンクリート,２４－１５－２５（２０）,m3,pref_area,29,奈良県,1地区,,,,JPY,design_unit_price_ex_tax,publication_based_not_public,,,2026-10,2026-10-01,nara-shizai-r8-10,14,https://www.pref.nara.lg.jp/documents/8708/r0810nara_materialprice.pdf,restricted,319cc822412d,原本で『○＝刊行物単価使用』。県は規格だけを載せ、単価は載せていない(市販の物価資料の値)。公的に公開された値は存在しない。
203741a74da66614,JP,material,生コンクリート・モルタル,生コンクリート,２４－１５－２５（２０）,m3,pref_area,29,奈良県,2地区,,,,JPY,design_unit_price_ex_tax,publication_based_not_public,,,2026-10,2026-10-01,nara-shizai-r8-10,14,https://www.pref.nara.lg.jp/documents/8708/r0810nara_materialprice.pdf,restricted,319cc822412d,原本で『○＝刊行物単価使用』。県は規格だけを載せ、単価は載せていない(市販の物価資料の値)。公的に公開された値は存在しない。
dcd6a4c17533c1f3,JP,material,生コンクリート・モルタル,生コンクリート,２４－１５－２５（２０）,m3,pref_area,29,奈良県,3地区,,,,JPY,design_unit_price_ex_tax,publication_based_not_public,,,2026-10,2026-10-01,nara-shizai-r8-10,14,https://www.pref.nara.lg.jp/documents/8708/r0810nara_materialprice.pdf,restricted,319cc822412d,原本で『○＝刊行物単価使用』。県は規格だけを載せ、単価は載せていない(市販の物価資料の値)。公的に公開された値は存在しない。
b997a199d0044b84,JP,material,生コンクリート・モルタル,生コンクリート,２４－１５－２５（２０）,m3,pref_area,29,奈良県,4地区,,,,JPY,design_unit_price_ex_tax,publication_based_not_public,,,2026-10,2026-10-01,nara-shizai-r8-10,14,https://www.pref.nara.lg.jp/documents/8708/r0810nara_materialprice.pdf,restricted,319cc822412d,原本で『○＝刊行物単価使用』。県は規格だけを載せ、単価は載せていない(市販の物価資料の値)。公的に公開された値は存在しない。
db53bd563f6fad7b,JP,material,生コンクリート・モルタル,生コンクリート,２４－１５－２５（２０）,m3,pref_area,29,奈良県,5地区,,,,JPY,design_unit_price_ex_tax,published_restricted_not_copied,,,2026-10,2026-10-01,nara-shizai-r8-10,14,https://www.pref.nara.lg.jp/documents/8708/r0810nara_materialprice.pdf,restricted,319cc822412d,県が独自調査で値を載せている。利用条件が私的使用・引用のみのため値は写していない。原本を見ること。
47a14bc966288bd4,JP,material,生コンクリート・モルタル,生コンクリート,２４－１５－２５（２０）,m3,pref_area,29,奈良県,6地区,,,,JPY,design_unit_price_ex_tax,publication_based_not_public,,,2026-10,2026-10-01,nara-shizai-r8-10,14,https://www.pref.nara.lg.jp/documents/8708/r0810nara_materialprice.pdf,restricted,319cc822412d,原本で『○＝刊行物単価使用』。県は規格だけを載せ、単価は載せていない(市販の物価資料の値)。公的に公開された値は存在しない。
075ae05c359ebaf7,JP,material,生コンクリート・モルタル,生コンクリート,２４－１５－２５（２０）,m3,pref_area,29,奈良県,7地区,,,,JPY,design_unit_price_ex_tax,published_restricted_not_copied,,,2026-10,2026-10-01,nara-shizai-r8-10,14,https://www.pref.nara.lg.jp/documents/8708/r0810nara_materialprice.pdf,restricted,319cc822412d,県が独自調査で値を載せている。利用条件が私的使用・引用のみのため値は写していない。原本を見ること。
9875de4845ab5cc8,JP,material,生コンクリート・モルタル,生コンクリート,２４－１５－２５（２０）,m3,pref_area,29,奈良県,8地区,,,,JPY,design_unit_price_ex_tax,publication_based_not_public,,,2026-10,2026-10-01,nara-shizai-r8-10,14,https://www.pref.nara.lg.jp/documents/8708/r0810nara_materialprice.pdf,restricted,319cc822412d,原本で『○＝刊行物単価使用』。県は規格だけを載せ、単価は載せていない(市販の物価資料の値)。公的に公開された値は存在しない。
a9ff6b919c02181f,JP,material,生コンクリート・モルタル,生コンクリート,２４－１５－２５（２０）,m3,pref_area,29,奈良県,9地区,,,,JPY,design_unit_price_ex_tax,publication_based_not_public,,,2026-10,2026-10-01,nara-shizai-r8-10,14,https://www.pref.nara.lg.jp/documents/8708/r0810nara_materialprice.pdf,restricted,319cc822412d,原本で『○＝刊行物単価使用』。県は規格だけを載せ、単価は載せていない(市販の物価資料の値)。公的に公開された値は存在しない。
5018d4831088e96f,JP,material,生コンクリート・モルタル,生コンクリート,２４－１５－２５（２０）,m3,pref_area,29,奈良県,10地区,,,,JPY,design_unit_price_ex_tax,publication_based_not_public,,,2026-10,2026-10-01,nara-shizai-r8-10,14,https://www.pref.nara.lg.jp/documents/8708/r0810nara_materialprice.pdf,restricted,319cc822412d,原本で『○＝刊行物単価使用』。県は規格だけを載せ、単価は載せていない(市販の物価資料の値)。公的に公開された値は存在しない。
fc9c011c6a17199a,JP,material,生コンクリート・モルタル,生コンクリート,２４－１５－２５（２０）,m3,pref_area,29,奈良県,11地区,,,,JPY,design_unit_price_ex_tax,published_restricted_not_copied,,,2026-10,2026-10-01,nara-shizai-r8-10,14,https://www.pref.nara.lg.jp/documents/8708/r0810nara_materialprice.pdf,restricted,319cc822412d,県が独自調査で値を載せている。利用条件が私的使用・引用のみのため値は写していない。原本を見ること。
4ea18f1088fbb9e9,JP,material,生コンクリート・モルタル,生コンクリート,２４－１８－２５（２０）,m3,pref_area,29,奈良県,1地区,,,,JPY,design_unit_price_ex_tax,publication_based_not_public,,,2026-10,2026-10-01,nara-shizai-r8-10,14,https://www.pref.nara.lg.jp/documents/8708/r0810nara_materialprice.pdf,restricted,857e1732bffe,原本で『○＝刊行物単価使用』。県は規格だけを載せ、単価は載せていない(市販の物価資料の値)。公的に公開された値は存在しない。
1182ad6a0a165def,JP,material,生コンクリート・モルタル,生コンクリート,２４－１８－２５（２０）,m3,pref_area,29,奈良県,2地区,,,,JPY,design_unit_price_ex_tax,publication_based_not_public,,,2026-10,2026-10-01,nara-shizai-r8-10,14,https://www.pref.nara.lg.jp/documents/8708/r0810nara_materialprice.pdf,restricted,857e1732bffe,原本で『○＝刊行物単価使用』。県は規格だけを載せ、単価は載せていない(市販の物価資料の値)。公的に公開された値は存在しない。
4e60a94beefb5312,JP,material,生コンクリート・モルタル,生コンクリート,２４－１８－２５（２０）,m3,pref_area,29,奈良県,3地区,,,,JPY,design_unit_price_ex_tax,publication_based_not_public,,,2026-10,2026-10-01,nara-shizai-r8-10,14,https://www.pref.nara.lg.jp/documents/8708/r0810nara_materialprice.pdf,restricted,857e1732bffe,原本で『○＝刊行物単価使用』。県は規格だけを載せ、単価は載せていない(市販の物価資料の値)。公的に公開された値は存在しない。
d092b4aa77a278e8,JP,material,生コンクリート・モルタル,生コンクリート,２４－１８－２５（２０）,m3,pref_area,29,奈良県,4地区,,,,JPY,design_unit_price_ex_tax,publication_based_not_public,,,2026-10,2026-10-01,nara-shizai-r8-10,14,https://www.pref.nara.lg.jp/documents/8708/r0810nara_materialprice.pdf,restricted,857e1732bffe,原本で『○＝刊行物単価使用』。県は規格だけを載せ、単価は載せていない(市販の物価資料の値)。公的に公開された値は存在しない。
26311034b1b77381,JP,material,生コンクリート・モルタル,生コンクリート,２４－１８－２５（２０）,m3,pref_area,29,奈良県,5地区,,,,JPY,design_unit_price_ex_tax,published_restricted_not_copied,,,2026-10,2026-10-01,nara-shizai-r8-10,14,https://www.pref.nara.lg.jp/documents/8708/r0810nara_materialprice.pdf,restricted,857e1732bffe,県が独自調査で値を載せている。利用条件が私的使用・引用のみのため値は写していない。原本を見ること。
91befc4ccbe496b2,JP,material,生コンクリート・モルタル,生コンクリート,２４－１８－２５（２０）,m3,pref_area,29,奈良県,6地区,,,,JPY,design_unit_price_ex_tax,publication_based_not_public,,,2026-10,2026-10-01,nara-shizai-r8-10,14,https://www.pref.nara.lg.jp/documents/8708/r0810nara_materialprice.pdf,restricted,857e1732bffe,原本で『○＝刊行物単価使用』。県は規格だけを載せ、単価は載せていない(市販の物価資料の値)。公的に公開された値は存在しない。
ce8d9628312e3d10,JP,material,生コンクリート・モルタル,生コンクリート,２４－１８－２５（２０）,m3,pref_area,29,奈良県,7地区,,,,JPY,design_unit_price_ex_tax,published_restricted_not_copied,,,2026-10,2026-10-01,nara-shizai-r8-10,14,https://www.pref.nara.lg.jp/documents/8708/r0810nara_materialprice.pdf,restricted,857e1732bffe,県が独自調査で値を載せている。利用条件が私的使用・引用のみのため値は写していない。原本を見ること。
0b48f72e615ec148,JP,material,生コンクリート・モルタル,生コンクリート,２４－１８－２５（２０）,m3,pref_area,29,奈良県,8地区,,,,JPY,design_unit_price_ex_tax,publication_based_not_public,,,2026-10,2026-10-01,nara-shizai-r8-10,14,https://www.pref.nara.lg.jp/documents/8708/r0810nara_materialprice.pdf,restricted,857e1732bffe,原本で『○＝刊行物単価使用』。県は規格だけを載せ、単価は載せていない(市販の物価資料の値)。公的に公開された値は存在しない。
bb1ed38c2b4b084b,JP,material,生コンクリート・モルタル,生コンクリート,２４－１８－２５（２０）,m3,pref_area,29,奈良県,9地区,,,,JPY,design_unit_price_ex_tax,publication_based_not_public,,,2026-10,2026-10-01,nara-shizai-r8-10,14,https://www.pref.nara.lg.jp/documents/8708/r0810nara_materialprice.pdf,restricted,857e1732bffe,原本で『○＝刊行物単価使用』。県は規格だけを載せ、単価は載せていない(市販の物価資料の値)。公的に公開された値は存在しない。
fc89616b1d7e52f4,JP,material,生コンクリート・モルタル,生コンクリート,２４－１８－２５（２０）,m3,pref_area,29,奈良県,10地区,,,,JPY,design_unit_price_ex_tax,publication_based_not_public,,,2026-10,2026-10-01,nara-shizai-r8-10,14,https://www.pref.nara.lg.jp/documents/8708/r0810nara_materialprice.pdf,restricted,857e1732bffe,原本で『○＝刊行物単価使用』。県は規格だけを載せ、単価は載せていない(市販の物価資料の値)。公的に公開された値は存在しない。
807a34e9c7ced3ce,JP,material,生コンクリート・モルタル,生コンクリート,２４－１８－２５（２０）,m3,pref_area,29,奈良県,11地区,,,,JPY,design_unit_price_ex_tax,published_restricted_not_copied,,,2026-10,2026-10-01,nara-shizai-r8-10,14,https://www.pref.nara.lg.jp/documents/8708/r0810nara_materialprice.pdf,restricted,857e1732bffe,県が独自調査で値を載せている。利用条件が私的使用・引用のみのため値は写していない。原本を見ること。
425e5d4636a36a16,JP,material,生コンクリート・モルタル,生コンクリート,２７－１５－２５（２０）,m3,pref_area,29,奈良県,1地区,,,,JPY,design_unit_price_ex_tax,publication_based_not_public,,,2026-10,2026-10-01,nara-shizai-r8-10,14,https://www.pref.nara.lg.jp/documents/8708/r0810nara_materialprice.pdf,restricted,9df3d341b005,原本で『○＝刊行物単価使用』。県は規格だけを載せ、単価は載せていない(市販の物価資料の値)。公的に公開された値は存在しない。
e6ba89c12cf4d9bf,JP,material,生コンクリート・モルタル,生コンクリート,２７－１５－２５（２０）,m3,pref_area,29,奈良県,2地区,,,,JPY,design_unit_price_ex_tax,publication_based_not_public,,,2026-10,2026-10-01,nara-shizai-r8-10,14,https://www.pref.nara.lg.jp/documents/8708/r0810nara_materialprice.pdf,restricted,9df3d341b005,原本で『○＝刊行物単価使用』。県は規格だけを載せ、単価は載せていない(市販の物価資料の値)。公的に公開された値は存在しない。
e65baa97da2f3936,JP,material,生コンクリート・モルタル,生コンクリート,２７－１５－２５（２０）,m3,pref_area,29,奈良県,3地区,,,,JPY,design_unit_price_ex_tax,publication_based_not_public,,,2026-10,2026-10-01,nara-shizai-r8-10,14,https://www.pref.nara.lg.jp/documents/8708/r0810nara_materialprice.pdf,restricted,9df3d341b005,原本で『○＝刊行物単価使用』。県は規格だけを載せ、単価は載せていない(市販の物価資料の値)。公的に公開された値は存在しない。
de20598715813fb6,JP,material,生コンクリート・モルタル,生コンクリート,２７－１５－２５（２０）,m3,pref_area,29,奈良県,4地区,,,,JPY,design_unit_price_ex_tax,publication_based_not_public,,,2026-10,2026-10-01,nara-shizai-r8-10,14,https://www.pref.nara.lg.jp/documents/8708/r0810nara_materialprice.pdf,restricted,9df3d341b005,原本で『○＝刊行物単価使用』。県は規格だけを載せ、単価は載せていない(市販の物価資料の値)。公的に公開された値は存在しない。
799de50efa80cfe0,JP,material,生コンクリート・モルタル,生コンクリート,２７－１５－２５（２０）,m3,pref_area,29,奈良県,5地区,,,,JPY,design_unit_price_ex_tax,published_restricted_not_copied,,,2026-10,2026-10-01,nara-shizai-r8-10,14,https://www.pref.nara.lg.jp/documents/8708/r0810nara_materialprice.pdf,restricted,9df3d341b005,県が独自調査で値を載せている。利用条件が私的使用・引用のみのため値は写していない。原本を見ること。
714bc1c7a98255a1,JP,material,生コンクリート・モルタル,生コンクリート,２７－１５－２５（２０）,m3,pref_area,29,奈良県,6地区,,,,JPY,design_unit_price_ex_tax,publication_based_not_public,,,2026-10,2026-10-01,nara-shizai-r8-10,14,https://www.pref.nara.lg.jp/documents/8708/r0810nara_materialprice.pdf,restricted,9df3d341b005,原本で『○＝刊行物単価使用』。県は規格だけを載せ、単価は載せていない(市販の物価資料の値)。公的に公開された値は存在しない。
c66d1f34287a15bd,JP,material,生コンクリート・モルタル,生コンクリート,２７－１５－２５（２０）,m3,pref_area,29,奈良県,7地区,,,,JPY,design_unit_price_ex_tax,published_restricted_not_copied,,,2026-10,2026-10-01,nara-shizai-r8-10,14,https://www.pref.nara.lg.jp/documents/8708/r0810nara_materialprice.pdf,restricted,9df3d341b005,県が独自調査で値を載せている。利用条件が私的使用・引用のみのため値は写していない。原本を見ること。
edd3fb9477cc645f,JP,material,生コンクリート・モルタル,生コンクリート,２７－１５－２５（２０）,m3,pref_area,29,奈良県,8地区,,,,JPY,design_unit_price_ex_tax,publication_based_not_public,,,2026-10,2026-10-01,nara-shizai-r8-10,14,https://www.pref.nara.lg.jp/documents/8708/r0810nara_materialprice.pdf,restricted,9df3d341b005,原本で『○＝刊行物単価使用』。県は規格だけを載せ、単価は載せていない(市販の物価資料の値)。公的に公開された値は存在しない。
ecfef7cef93b74ff,JP,material,生コンクリート・モルタル,生コンクリート,２７－１５－２５（２０）,m3,pref_area,29,奈良県,9地区,,,,JPY,design_unit_price_ex_tax,publication_based_not_public,,,2026-10,2026-10-01,nara-shizai-r8-10,14,https://www.pref.nara.lg.jp/documents/8708/r0810nara_materialprice.pdf,restricted,9df3d341b005,原本で『○＝刊行物単価使用』。県は規格だけを載せ、単価は載せていない(市販の物価資料の値)。公的に公開された値は存在しない。
02eb6b68568c43a5,JP,material,生コンクリート・モルタル,生コンクリート,２７－１５－２５（２０）,m3,pref_area,29,奈良県,10地区,,,,JPY,design_unit_price_ex_tax,publication_based_not_public,,,2026-10,2026-10-01,nara-shizai-r8-10,14,https://www.pref.nara.lg.jp/documents/8708/r0810nara_materialprice.pdf,restricted,9df3d341b005,原本で『○＝刊行物単価使用』。県は規格だけを載せ、単価は載せていない(市販の物価資料の値)。公的に公開された値は存在しない。
09256209d53dd343,JP,material,生コンクリート・モルタル,生コンクリート,２７－１５－２５（２０）,m3,pref_area,29,奈良県,11地区,,,,JPY,design_unit_price_ex_tax,published_restricted_not_copied,,,2026-10,2026-10-01,nara-shizai-r8-10,14,https://www.pref.nara.lg.jp/documents/8708/r0810nara_materialprice.pdf,restricted,9df3d341b005,県が独自調査で値を載せている。利用条件が私的使用・引用のみのため値は写していない。原本を見ること。
83a42602cc37882b,JP,material,生コンクリート・モルタル,生コンクリート,２７－１８－２５（２０）,m3,pref_area,29,奈良県,1地区,,,,JPY,design_unit_price_ex_tax,publication_based_not_public,,,2026-10,2026-10-01,nara-shizai-r8-10,14,https://www.pref.nara.lg.jp/documents/8708/r0810nara_materialprice.pdf,restricted,abf6eb60b3d9,原本で『○＝刊行物単価使用』。県は規格だけを載せ、単価は載せていない(市販の物価資料の値)。公的に公開された値は存在しない。
a16cd3c2cbb3c533,JP,material,生コンクリート・モルタル,生コンクリート,２７－１８－２５（２０）,m3,pref_area,29,奈良県,2地区,,,,JPY,design_unit_price_ex_tax,publication_based_not_public,,,2026-10,2026-10-01,nara-shizai-r8-10,14,https://www.pref.nara.lg.jp/documents/8708/r0810nara_materialprice.pdf,restricted,abf6eb60b3d9,原本で『○＝刊行物単価使用』。県は規格だけを載せ、単価は載せていない(市販の物価資料の値)。公的に公開された値は存在しない。
03484d29cc05e1b6,JP,material,生コンクリート・モルタル,生コンクリート,２７－１８－２５（２０）,m3,pref_area,29,奈良県,3地区,,,,JPY,design_unit_price_ex_tax,publication_based_not_public,,,2026-10,2026-10-01,nara-shizai-r8-10,14,https://www.pref.nara.lg.jp/documents/8708/r0810nara_materialprice.pdf,restricted,abf6eb60b3d9,原本で『○＝刊行物単価使用』。県は規格だけを載せ、単価は載せていない(市販の物価資料の値)。公的に公開された値は存在しない。
abb7d7ea2f578efd,JP,material,生コンクリート・モルタル,生コンクリート,２７－１８－２５（２０）,m3,pref_area,29,奈良県,4地区,,,,JPY,design_unit_price_ex_tax,publication_based_not_public,,,2026-10,2026-10-01,nara-shizai-r8-10,14,https://www.pref.nara.lg.jp/documents/8708/r0810nara_materialprice.pdf,restricted,abf6eb60b3d9,原本で『○＝刊行物単価使用』。県は規格だけを載せ、単価は載せていない(市販の物価資料の値)。公的に公開された値は存在しない。
871a9ce12a233419,JP,material,生コンクリート・モルタル,生コンクリート,２７－１８－２５（２０）,m3,pref_area,29,奈良県,5地区,,,,JPY,design_unit_price_ex_tax,published_restricted_not_copied,,,2026-10,2026-10-01,nara-shizai-r8-10,14,https://www.pref.nara.lg.jp/documents/8708/r0810nara_materialprice.pdf,restricted,abf6eb60b3d9,県が独自調査で値を載せている。利用条件が私的使用・引用のみのため値は写していない。原本を見ること。
cf70256af2197e71,JP,material,生コンクリート・モルタル,生コンクリート,２７－１８－２５（２０）,m3,pref_area,29,奈良県,6地区,,,,JPY,design_unit_price_ex_tax,publication_based_not_public,,,2026-10,2026-10-01,nara-shizai-r8-10,14,https://www.pref.nara.lg.jp/documents/8708/r0810nara_materialprice.pdf,restricted,abf6eb60b3d9,原本で『○＝刊行物単価使用』。県は規格だけを載せ、単価は載せていない(市販の物価資料の値)。公的に公開された値は存在しない。
9a53e10e92dc795a,JP,material,生コンクリート・モルタル,生コンクリート,２７－１８－２５（２０）,m3,pref_area,29,奈良県,7地区,,,,JPY,design_unit_price_ex_tax,published_restricted_not_copied,,,2026-10,2026-10-01,nara-shizai-r8-10,14,https://www.pref.nara.lg.jp/documents/8708/r0810nara_materialprice.pdf,restricted,abf6eb60b3d9,県が独自調査で値を載せている。利用条件が私的使用・引用のみのため値は写していない。原本を見ること。
5964a76dad2f6d90,JP,material,生コンクリート・モルタル,生コンクリート,２７－１８－２５（２０）,m3,pref_area,29,奈良県,8地区,,,,JPY,design_unit_price_ex_tax,publication_based_not_public,,,2026-10,2026-10-01,nara-shizai-r8-10,14,https://www.pref.nara.lg.jp/documents/8708/r0810nara_materialprice.pdf,restricted,abf6eb60b3d9,原本で『○＝刊行物単価使用』。県は規格だけを載せ、単価は載せていない(市販の物価資料の値)。公的に公開された値は存在しない。
a1786d635956277c,JP,material,生コンクリート・モルタル,生コンクリート,２７－１８－２５（２０）,m3,pref_area,29,奈良県,9地区,,,,JPY,design_unit_price_ex_tax,publication_based_not_public,,,2026-10,2026-10-01,nara-shizai-r8-10,14,https://www.pref.nara.lg.jp/documents/8708/r0810nara_materialprice.pdf,restricted,abf6eb60b3d9,原本で『○＝刊行物単価使用』。県は規格だけを載せ、単価は載せていない(市販の物価資料の値)。公的に公開された値は存在しない。
93ca994694be9bf5,JP,material,生コンクリート・モルタル,生コンクリート,２７－１８－２５（２０）,m3,pref_area,29,奈良県,10地区,,,,JPY,design_unit_price_ex_tax,publication_based_not_public,,,2026-10,2026-10-01,nara-shizai-r8-10,14,https://www.pref.nara.lg.jp/documents/8708/r0810nara_materialprice.pdf,restricted,abf6eb60b3d9,原本で『○＝刊行物単価使用』。県は規格だけを載せ、単価は載せていない(市販の物価資料の値)。公的に公開された値は存在しない。
ec7e427e730ee46f,JP,material,生コンクリート・モルタル,生コンクリート,２７－１８－２５（２０）,m3,pref_area,29,奈良県,11地区,,,,JPY,design_unit_price_ex_tax,published_restricted_not_copied,,,2026-10,2026-10-01,nara-shizai-r8-10,14,https://www.pref.nara.lg.jp/documents/8708/r0810nara_materialprice.pdf,restricted,abf6eb60b3d9,県が独自調査で値を載せている。利用条件が私的使用・引用のみのため値は写していない。原本を見ること。
3edc6e73362d07ad,JP,material,生コンクリート・モルタル,生コンクリート,１８－５－４０,m3,pref_area,29,奈良県,1地区,,,,JPY,design_unit_price_ex_tax,publication_based_not_public,,,2026-10,2026-10-01,nara-shizai-r8-10,14,https://www.pref.nara.lg.jp/documents/8708/r0810nara_materialprice.pdf,restricted,f12f38c0ab30,原本で『○＝刊行物単価使用』。県は規格だけを載せ、単価は載せていない(市販の物価資料の値)。公的に公開された値は存在しない。
1cb0a8102c9f7417,JP,material,生コンクリート・モルタル,生コンクリート,１８－５－４０,m3,pref_area,29,奈良県,2地区,,,,JPY,design_unit_price_ex_tax,publication_based_not_public,,,2026-10,2026-10-01,nara-shizai-r8-10,14,https://www.pref.nara.lg.jp/documents/8708/r0810nara_materialprice.pdf,restricted,f12f38c0ab30,原本で『○＝刊行物単価使用』。県は規格だけを載せ、単価は載せていない(市販の物価資料の値)。公的に公開された値は存在しない。
dd16ae17501c11dd,JP,material,生コンクリート・モルタル,生コンクリート,１８－５－４０,m3,pref_area,29,奈良県,3地区,,,,JPY,design_unit_price_ex_tax,publication_based_not_public,,,2026-10,2026-10-01,nara-shizai-r8-10,14,https://www.pref.nara.lg.jp/documents/8708/r0810nara_materialprice.pdf,restricted,f12f38c0ab30,原本で『○＝刊行物単価使用』。県は規格だけを載せ、単価は載せていない(市販の物価資料の値)。公的に公開された値は存在しない。
a41c512c8b8289f6,JP,material,生コンクリート・モルタル,生コンクリート,１８－５－４０,m3,pref_area,29,奈良県,4地区,,,,JPY,design_unit_price_ex_tax,publication_based_not_public,,,2026-10,2026-10-01,nara-shizai-r8-10,14,https://www.pref.nara.lg.jp/documents/8708/r0810nara_materialprice.pdf,restricted,f12f38c0ab30,原本で『○＝刊行物単価使用』。県は規格だけを載せ、単価は載せていない(市販の物価資料の値)。公的に公開された値は存在しない。
8a5941b23f3dc2aa,JP,material,生コンクリート・モルタル,生コンクリート,１８－５－４０,m3,pref_area,29,奈良県,5地区,,,,JPY,design_unit_price_ex_tax,published_restricted_not_copied,,,2026-10,2026-10-01,nara-shizai-r8-10,14,https://www.pref.nara.lg.jp/documents/8708/r0810nara_materialprice.pdf,restricted,f12f38c0ab30,県が独自調査で値を載せている。利用条件が私的使用・引用のみのため値は写していない。原本を見ること。
a61be4dd99920de2,JP,material,生コンクリート・モルタル,生コンクリート,１８－５－４０,m3,pref_area,29,奈良県,6地区,,,,JPY,design_unit_price_ex_tax,publication_based_not_public,,,2026-10,2026-10-01,nara-shizai-r8-10,14,https://www.pref.nara.lg.jp/documents/8708/r0810nara_materialprice.pdf,restricted,f12f38c0ab30,原本で『○＝刊行物単価使用』。県は規格だけを載せ、単価は載せていない(市販の物価資料の値)。公的に公開された値は存在しない。
aff1cbef445dfd0c,JP,material,生コンクリート・モルタル,生コンクリート,１８－５－４０,m3,pref_area,29,奈良県,7地区,,,,JPY,design_unit_price_ex_tax,published_restricted_not_copied,,,2026-10,2026-10-01,nara-shizai-r8-10,14,https://www.pref.nara.lg.jp/documents/8708/r0810nara_materialprice.pdf,restricted,f12f38c0ab30,県が独自調査で値を載せている。利用条件が私的使用・引用のみのため値は写していない。原本を見ること。
5a6f365459dd2731,JP,material,生コンクリート・モルタル,生コンクリート,１８－５－４０,m3,pref_area,29,奈良県,8地区,,,,JPY,design_unit_price_ex_tax,publication_based_not_public,,,2026-10,2026-10-01,nara-shizai-r8-10,14,https://www.pref.nara.lg.jp/documents/8708/r0810nara_materialprice.pdf,restricted,f12f38c0ab30,原本で『○＝刊行物単価使用』。県は規格だけを載せ、単価は載せていない(市販の物価資料の値)。公的に公開された値は存在しない。
63c63d5aaf7cd674,JP,material,生コンクリート・モルタル,生コンクリート,１８－５－４０,m3,pref_area,29,奈良県,9地区,,,,JPY,design_unit_price_ex_tax,publication_based_not_public,,,2026-10,2026-10-01,nara-shizai-r8-10,14,https://www.pref.nara.lg.jp/documents/8708/r0810nara_materialprice.pdf,restricted,f12f38c0ab30,原本で『○＝刊行物単価使用』。県は規格だけを載せ、単価は載せていない(市販の物価資料の値)。公的に公開された値は存在しない。
1537bd0f5d7e3767,JP,material,生コンクリート・モルタル,生コンクリート,１８－５－４０,m3,pref_area,29,奈良県,10地区,,,,JPY,design_unit_price_ex_tax,publication_based_not_public,,,2026-10,2026-10-01,nara-shizai-r8-10,14,https://www.pref.nara.lg.jp/documents/8708/r0810nara_materialprice.pdf,restricted,f12f38c0ab30,原本で『○＝刊行物単価使用』。県は規格だけを載せ、単価は載せていない(市販の物価資料の値)。公的に公開された値は存在しない。
fdf44927221e13d6,JP,material,生コンクリート・モルタル,生コンクリート,１８－５－４０,m3,pref_area,29,奈良県,11地区,,,,JPY,design_unit_price_ex_tax,published_restricted_not_copied,,,2026-10,2026-10-01,nara-shizai-r8-10,14,https://www.pref.nara.lg.jp/documents/8708/r0810nara_materialprice.pdf,restricted,f12f38c0ab30,県が独自調査で値を載せている。利用条件が私的使用・引用のみのため値は写していない。原本を見ること。
54f272a57afb245b,JP,material,生コンクリート・モルタル,生コンクリート,１８－８－２５（２０）,m3,pref_area,29,奈良県,1地区,,,,JPY,design_unit_price_ex_tax,publication_based_not_public,,,2026-10,2026-10-01,nara-shizai-r8-10,14,https://www.pref.nara.lg.jp/documents/8708/r0810nara_materialprice.pdf,restricted,205fb4e2a22c,原本で『○＝刊行物単価使用』。県は規格だけを載せ、単価は載せていない(市販の物価資料の値)。公的に公開された値は存在しない。
e5dc7de93e868a35,JP,material,生コンクリート・モルタル,生コンクリート,１８－８－２５（２０）,m3,pref_area,29,奈良県,2地区,,,,JPY,design_unit_price_ex_tax,publication_based_not_public,,,2026-10,2026-10-01,nara-shizai-r8-10,14,https://www.pref.nara.lg.jp/documents/8708/r0810nara_materialprice.pdf,restricted,205fb4e2a22c,原本で『○＝刊行物単価使用』。県は規格だけを載せ、単価は載せていない(市販の物価資料の値)。公的に公開された値は存在しない。
ee9bd9906d805d36,JP,material,生コンクリート・モルタル,生コンクリート,１８－８－２５（２０）,m3,pref_area,29,奈良県,3地区,,,,JPY,design_unit_price_ex_tax,publication_based_not_public,,,2026-10,2026-10-01,nara-shizai-r8-10,14,https://www.pref.nara.lg.jp/documents/8708/r0810nara_materialprice.pdf,restricted,205fb4e2a22c,原本で『○＝刊行物単価使用』。県は規格だけを載せ、単価は載せていない(市販の物価資料の値)。公的に公開された値は存在しない。
6af9e44bcc031629,JP,material,生コンクリート・モルタル,生コンクリート,１８－８－２５（２０）,m3,pref_area,29,奈良県,4地区,,,,JPY,design_unit_price_ex_tax,publication_based_not_public,,,2026-10,2026-10-01,nara-shizai-r8-10,14,https://www.pref.nara.lg.jp/documents/8708/r0810nara_materialprice.pdf,restricted,205fb4e2a22c,原本で『○＝刊行物単価使用』。県は規格だけを載せ、単価は載せていない(市販の物価資料の値)。公的に公開された値は存在しない。
15062bf2b190cb84,JP,material,生コンクリート・モルタル,生コンクリート,１８－８－２５（２０）,m3,pref_area,29,奈良県,5地区,,,,JPY,design_unit_price_ex_tax,published_restricted_not_copied,,,2026-10,2026-10-01,nara-shizai-r8-10,14,https://www.pref.nara.lg.jp/documents/8708/r0810nara_materialprice.pdf,restricted,205fb4e2a22c,県が独自調査で値を載せている。利用条件が私的使用・引用のみのため値は写していない。原本を見ること。
83b8162f2ee3aa7a,JP,material,生コンクリート・モルタル,生コンクリート,１８－８－２５（２０）,m3,pref_area,29,奈良県,6地区,,,,JPY,design_unit_price_ex_tax,publication_based_not_public,,,2026-10,2026-10-01,nara-shizai-r8-10,14,https://www.pref.nara.lg.jp/documents/8708/r0810nara_materialprice.pdf,restricted,205fb4e2a22c,原本で『○＝刊行物単価使用』。県は規格だけを載せ、単価は載せていない(市販の物価資料の値)。公的に公開された値は存在しない。
a100305f48f4a377,JP,material,生コンクリート・モルタル,生コンクリート,１８－８－２５（２０）,m3,pref_area,29,奈良県,7地区,,,,JPY,design_unit_price_ex_tax,published_restricted_not_copied,,,2026-10,2026-10-01,nara-shizai-r8-10,14,https://www.pref.nara.lg.jp/documents/8708/r0810nara_materialprice.pdf,restricted,205fb4e2a22c,県が独自調査で値を載せている。利用条件が私的使用・引用のみのため値は写していない。原本を見ること。
2f15f6b293efdeb5,JP,material,生コンクリート・モルタル,生コンクリート,１８－８－２５（２０）,m3,pref_area,29,奈良県,8地区,,,,JPY,design_unit_price_ex_tax,publication_based_not_public,,,2026-10,2026-10-01,nara-shizai-r8-10,14,https://www.pref.nara.lg.jp/documents/8708/r0810nara_materialprice.pdf,restricted,205fb4e2a22c,原本で『○＝刊行物単価使用』。県は規格だけを載せ、単価は載せていない(市販の物価資料の値)。公的に公開された値は存在しない。
cb778beade072333,JP,material,生コンクリート・モルタル,生コンクリート,１８－８－２５（２０）,m3,pref_area,29,奈良県,9地区,,,,JPY,design_unit_price_ex_tax,publication_based_not_public,,,2026-10,2026-10-01,nara-shizai-r8-10,14,https://www.pref.nara.lg.jp/documents/8708/r0810nara_materialprice.pdf,restricted,205fb4e2a22c,原本で『○＝刊行物単価使用』。県は規格だけを載せ、単価は載せていない(市販の物価資料の値)。公的に公開された値は存在しない。
2d1ff81a12d43058,JP,material,生コンクリート・モルタル,生コンクリート,１８－８－２５（２０）,m3,pref_area,29,奈良県,10地区,,,,JPY,design_unit_price_ex_tax,publication_based_not_public,,,2026-10,2026-10-01,nara-shizai-r8-10,14,https://www.pref.nara.lg.jp/documents/8708/r0810nara_materialprice.pdf,restricted,205fb4e2a22c,原本で『○＝刊行物単価使用』。県は規格だけを載せ、単価は載せていない(市販の物価資料の値)。公的に公開された値は存在しない。
73ca558289eebcfd,JP,material,生コンクリート・モルタル,生コンクリート,１８－８－２５（２０）,m3,pref_area,29,奈良県,11地区,,,,JPY,design_unit_price_ex_tax,published_restricted_not_copied,,,2026-10,2026-10-01,nara-shizai-r8-10,14,https://www.pref.nara.lg.jp/documents/8708/r0810nara_materialprice.pdf,restricted,205fb4e2a22c,県が独自調査で値を載せている。利用条件が私的使用・引用のみのため値は写していない。原本を見ること。
fafcfe1f077ae6ae,JP,material,生コンクリート・モルタル,生コンクリート,１８－８－４０,m3,pref_area,29,奈良県,1地区,,,,JPY,design_unit_price_ex_tax,publication_based_not_public,,,2026-10,2026-10-01,nara-shizai-r8-10,14,https://www.pref.nara.lg.jp/documents/8708/r0810nara_materialprice.pdf,restricted,a127d57ee7b5,原本で『○＝刊行物単価使用』。県は規格だけを載せ、単価は載せていない(市販の物価資料の値)。公的に公開された値は存在しない。
42eafe4f97be503c,JP,material,生コンクリート・モルタル,生コンクリート,１８－８－４０,m3,pref_area,29,奈良県,2地区,,,,JPY,design_unit_price_ex_tax,publication_based_not_public,,,2026-10,2026-10-01,nara-shizai-r8-10,14,https://www.pref.nara.lg.jp/documents/8708/r0810nara_materialprice.pdf,restricted,a127d57ee7b5,原本で『○＝刊行物単価使用』。県は規格だけを載せ、単価は載せていない(市販の物価資料の値)。公的に公開された値は存在しない。
bc5074d45be295ea,JP,material,生コンクリート・モルタル,生コンクリート,１８－８－４０,m3,pref_area,29,奈良県,3地区,,,,JPY,design_unit_price_ex_tax,publication_based_not_public,,,2026-10,2026-10-01,nara-shizai-r8-10,14,https://www.pref.nara.lg.jp/documents/8708/r0810nara_materialprice.pdf,restricted,a127d57ee7b5,原本で『○＝刊行物単価使用』。県は規格だけを載せ、単価は載せていない(市販の物価資料の値)。公的に公開された値は存在しない。
e74969d00bb26fdf,JP,material,生コンクリート・モルタル,生コンクリート,１８－８－４０,m3,pref_area,29,奈良県,4地区,,,,JPY,design_unit_price_ex_tax,publication_based_not_public,,,2026-10,2026-10-01,nara-shizai-r8-10,14,https://www.pref.nara.lg.jp/documents/8708/r0810nara_materialprice.pdf,restricted,a127d57ee7b5,原本で『○＝刊行物単価使用』。県は規格だけを載せ、単価は載せていない(市販の物価資料の値)。公的に公開された値は存在しない。
e2e2731cba07c149,JP,material,生コンクリート・モルタル,生コンクリート,１８－８－４０,m3,pref_area,29,奈良県,5地区,,,,JPY,design_unit_price_ex_tax,published_restricted_not_copied,,,2026-10,2026-10-01,nara-shizai-r8-10,14,https://www.pref.nara.lg.jp/documents/8708/r0810nara_materialprice.pdf,restricted,a127d57ee7b5,県が独自調査で値を載せている。利用条件が私的使用・引用のみのため値は写していない。原本を見ること。
1600288332438fdf,JP,material,生コンクリート・モルタル,生コンクリート,１８－８－４０,m3,pref_area,29,奈良県,6地区,,,,JPY,design_unit_price_ex_tax,publication_based_not_public,,,2026-10,2026-10-01,nara-shizai-r8-10,14,https://www.pref.nara.lg.jp/documents/8708/r0810nara_materialprice.pdf,restricted,a127d57ee7b5,原本で『○＝刊行物単価使用』。県は規格だけを載せ、単価は載せていない(市販の物価資料の値)。公的に公開された値は存在しない。
69028f6a78c46f60,JP,material,生コンクリート・モルタル,生コンクリート,１８－８－４０,m3,pref_area,29,奈良県,7地区,,,,JPY,design_unit_price_ex_tax,published_restricted_not_copied,,,2026-10,2026-10-01,nara-shizai-r8-10,14,https://www.pref.nara.lg.jp/documents/8708/r0810nara_materialprice.pdf,restricted,a127d57ee7b5,県が独自調査で値を載せている。利用条件が私的使用・引用のみのため値は写していない。原本を見ること。
21f52f8c27672e07,JP,material,生コンクリート・モルタル,生コンクリート,１８－８－４０,m3,pref_area,29,奈良県,8地区,,,,JPY,design_unit_price_ex_tax,publication_based_not_public,,,2026-10,2026-10-01,nara-shizai-r8-10,14,https://www.pref.nara.lg.jp/documents/8708/r0810nara_materialprice.pdf,restricted,a127d57ee7b5,原本で『○＝刊行物単価使用』。県は規格だけを載せ、単価は載せていない(市販の物価資料の値)。公的に公開された値は存在しない。
6935fa188ac28494,JP,material,生コンクリート・モルタル,生コンクリート,１８－８－４０,m3,pref_area,29,奈良県,9地区,,,,JPY,design_unit_price_ex_tax,publication_based_not_public,,,2026-10,2026-10-01,nara-shizai-r8-10,14,https://www.pref.nara.lg.jp/documents/8708/r0810nara_materialprice.pdf,restricted,a127d57ee7b5,原本で『○＝刊行物単価使用』。県は規格だけを載せ、単価は載せていない(市販の物価資料の値)。公的に公開された値は存在しない。
65e4238d08c0ca28,JP,material,生コンクリート・モルタル,生コンクリート,１８－８－４０,m3,pref_area,29,奈良県,10地区,,,,JPY,design_unit_price_ex_tax,publication_based_not_public,,,2026-10,2026-10-01,nara-shizai-r8-10,14,https://www.pref.nara.lg.jp/documents/8708/r0810nara_materialprice.pdf,restricted,a127d57ee7b5,原本で『○＝刊行物単価使用』。県は規格だけを載せ、単価は載せていない(市販の物価資料の値)。公的に公開された値は存在しない。
7e0577c328b73a7c,JP,material,生コンクリート・モルタル,生コンクリート,１８－８－４０,m3,pref_area,29,奈良県,11地区,,,,JPY,design_unit_price_ex_tax,published_restricted_not_copied,,,2026-10,2026-10-01,nara-shizai-r8-10,14,https://www.pref.nara.lg.jp/documents/8708/r0810nara_materialprice.pdf,restricted,a127d57ee7b5,県が独自調査で値を載せている。利用条件が私的使用・引用のみのため値は写していない。原本を見ること。
d493a29abb0375c6,JP,material,生コンクリート・モルタル,生コンクリート,１８－１２－２５（２０）,m3,pref_area,29,奈良県,1地区,,,,JPY,design_unit_price_ex_tax,publication_based_not_public,,,2026-10,2026-10-01,nara-shizai-r8-10,14,https://www.pref.nara.lg.jp/documents/8708/r0810nara_materialprice.pdf,restricted,c7752fd452cb,原本で『○＝刊行物単価使用』。県は規格だけを載せ、単価は載せていない(市販の物価資料の値)。公的に公開された値は存在しない。
6eaf0d464ffb62c1,JP,material,生コンクリート・モルタル,生コンクリート,１８－１２－２５（２０）,m3,pref_area,29,奈良県,2地区,,,,JPY,design_unit_price_ex_tax,publication_based_not_public,,,2026-10,2026-10-01,nara-shizai-r8-10,14,https://www.pref.nara.lg.jp/documents/8708/r0810nara_materialprice.pdf,restricted,c7752fd452cb,原本で『○＝刊行物単価使用』。県は規格だけを載せ、単価は載せていない(市販の物価資料の値)。公的に公開された値は存在しない。
01bef70ba6e54a3a,JP,material,生コンクリート・モルタル,生コンクリート,１８－１２－２５（２０）,m3,pref_area,29,奈良県,3地区,,,,JPY,design_unit_price_ex_tax,publication_based_not_public,,,2026-10,2026-10-01,nara-shizai-r8-10,14,https://www.pref.nara.lg.jp/documents/8708/r0810nara_materialprice.pdf,restricted,c7752fd452cb,原本で『○＝刊行物単価使用』。県は規格だけを載せ、単価は載せていない(市販の物価資料の値)。公的に公開された値は存在しない。
1fe45a4d01775873,JP,material,生コンクリート・モルタル,生コンクリート,１８－１２－２５（２０）,m3,pref_area,29,奈良県,4地区,,,,JPY,design_unit_price_ex_tax,publication_based_not_public,,,2026-10,2026-10-01,nara-shizai-r8-10,14,https://www.pref.nara.lg.jp/documents/8708/r0810nara_materialprice.pdf,restricted,c7752fd452cb,原本で『○＝刊行物単価使用』。県は規格だけを載せ、単価は載せていない(市販の物価資料の値)。公的に公開された値は存在しない。
28a92c3aa11aa867,JP,material,生コンクリート・モルタル,生コンクリート,１８－１２－２５（２０）,m3,pref_area,29,奈良県,5地区,,,,JPY,design_unit_price_ex_tax,published_restricted_not_copied,,,2026-10,2026-10-01,nara-shizai-r8-10,14,https://www.pref.nara.lg.jp/documents/8708/r0810nara_materialprice.pdf,restricted,c7752fd452cb,県が独自調査で値を載せている。利用条件が私的使用・引用のみのため値は写していない。原本を見ること。
436233ddb7bc8178,JP,material,生コンクリート・モルタル,生コンクリート,１８－１２－２５（２０）,m3,pref_area,29,奈良県,6地区,,,,JPY,design_unit_price_ex_tax,publication_based_not_public,,,2026-10,2026-10-01,nara-shizai-r8-10,14,https://www.pref.nara.lg.jp/documents/8708/r0810nara_materialprice.pdf,restricted,c7752fd452cb,原本で『○＝刊行物単価使用』。県は規格だけを載せ、単価は載せていない(市販の物価資料の値)。公的に公開された値は存在しない。
3ea9e36a4900e605,JP,material,生コンクリート・モルタル,生コンクリート,１８－１２－２５（２０）,m3,pref_area,29,奈良県,7地区,,,,JPY,design_unit_price_ex_tax,published_restricted_not_copied,,,2026-10,2026-10-01,nara-shizai-r8-10,14,https://www.pref.nara.lg.jp/documents/8708/r0810nara_materialprice.pdf,restricted,c7752fd452cb,県が独自調査で値を載せている。利用条件が私的使用・引用のみのため値は写していない。原本を見ること。
8bbb18e4ac00781e,JP,material,生コンクリート・モルタル,生コンクリート,１８－１２－２５（２０）,m3,pref_area,29,奈良県,8地区,,,,JPY,design_unit_price_ex_tax,publication_based_not_public,,,2026-10,2026-10-01,nara-shizai-r8-10,14,https://www.pref.nara.lg.jp/documents/8708/r0810nara_materialprice.pdf,restricted,c7752fd452cb,原本で『○＝刊行物単価使用』。県は規格だけを載せ、単価は載せていない(市販の物価資料の値)。公的に公開された値は存在しない。
af0e288d6f6efb9b,JP,material,生コンクリート・モルタル,生コンクリート,１８－１２－２５（２０）,m3,pref_area,29,奈良県,9地区,,,,JPY,design_unit_price_ex_tax,publication_based_not_public,,,2026-10,2026-10-01,nara-shizai-r8-10,14,https://www.pref.nara.lg.jp/documents/8708/r0810nara_materialprice.pdf,restricted,c7752fd452cb,原本で『○＝刊行物単価使用』。県は規格だけを載せ、単価は載せていない(市販の物価資料の値)。公的に公開された値は存在しない。
762f126708d6b8ac,JP,material,生コンクリート・モルタル,生コンクリート,１８－１２－２５（２０）,m3,pref_area,29,奈良県,10地区,,,,JPY,design_unit_price_ex_tax,publication_based_not_public,,,2026-10,2026-10-01,nara-shizai-r8-10,14,https://www.pref.nara.lg.jp/documents/8708/r0810nara_materialprice.pdf,restricted,c7752fd452cb,原本で『○＝刊行物単価使用』。県は規格だけを載せ、単価は載せていない(市販の物価資料の値)。公的に公開された値は存在しない。
4b48cea868946c6e,JP,material,生コンクリート・モルタル,生コンクリート,１８－１２－２５（２０）,m3,pref_area,29,奈良県,11地区,,,,JPY,design_unit_price_ex_tax,published_restricted_not_copied,,,2026-10,2026-10-01,nara-shizai-r8-10,14,https://www.pref.nara.lg.jp/documents/8708/r0810nara_materialprice.pdf,restricted,c7752fd452cb,県が独自調査で値を載せている。利用条件が私的使用・引用のみのため値は写していない。原本を見ること。
217532b184f49246,JP,material,生コンクリート・モルタル,生コンクリート,１８－１２－４０,m3,pref_area,29,奈良県,1地区,,,,JPY,design_unit_price_ex_tax,publication_based_not_public,,,2026-10,2026-10-01,nara-shizai-r8-10,14,https://www.pref.nara.lg.jp/documents/8708/r0810nara_materialprice.pdf,restricted,a0a2b7e37a63,原本で『○＝刊行物単価使用』。県は規格だけを載せ、単価は載せていない(市販の物価資料の値)。公的に公開された値は存在しない。
d669fdf51b06691b,JP,material,生コンクリート・モルタル,生コンクリート,１８－１２－４０,m3,pref_area,29,奈良県,2地区,,,,JPY,design_unit_price_ex_tax,publication_based_not_public,,,2026-10,2026-10-01,nara-shizai-r8-10,14,https://www.pref.nara.lg.jp/documents/8708/r0810nara_materialprice.pdf,restricted,a0a2b7e37a63,原本で『○＝刊行物単価使用』。県は規格だけを載せ、単価は載せていない(市販の物価資料の値)。公的に公開された値は存在しない。
9585aad118a702d9,JP,material,生コンクリート・モルタル,生コンクリート,１８－１２－４０,m3,pref_area,29,奈良県,3地区,,,,JPY,design_unit_price_ex_tax,publication_based_not_public,,,2026-10,2026-10-01,nara-shizai-r8-10,14,https://www.pref.nara.lg.jp/documents/8708/r0810nara_materialprice.pdf,restricted,a0a2b7e37a63,原本で『○＝刊行物単価使用』。県は規格だけを載せ、単価は載せていない(市販の物価資料の値)。公的に公開された値は存在しない。
21a50898a4bbeb69,JP,material,生コンクリート・モルタル,生コンクリート,１８－１２－４０,m3,pref_area,29,奈良県,4地区,,,,JPY,design_unit_price_ex_tax,publication_based_not_public,,,2026-10,2026-10-01,nara-shizai-r8-10,14,https://www.pref.nara.lg.jp/documents/8708/r0810nara_materialprice.pdf,restricted,a0a2b7e37a63,原本で『○＝刊行物単価使用』。県は規格だけを載せ、単価は載せていない(市販の物価資料の値)。公的に公開された値は存在しない。
a11f06abc3d01878,JP,material,生コンクリート・モルタル,生コンクリート,１８－１２－４０,m3,pref_area,29,奈良県,5地区,,,,JPY,design_unit_price_ex_tax,published_restricted_not_copied,,,2026-10,2026-10-01,nara-shizai-r8-10,14,https://www.pref.nara.lg.jp/documents/8708/r0810nara_materialprice.pdf,restricted,a0a2b7e37a63,県が独自調査で値を載せている。利用条件が私的使用・引用のみのため値は写していない。原本を見ること。
6b066131a6878d59,JP,material,生コンクリート・モルタル,生コンクリート,１８－１２－４０,m3,pref_area,29,奈良県,6地区,,,,JPY,design_unit_price_ex_tax,publication_based_not_public,,,2026-10,2026-10-01,nara-shizai-r8-10,14,https://www.pref.nara.lg.jp/documents/8708/r0810nara_materialprice.pdf,restricted,a0a2b7e37a63,原本で『○＝刊行物単価使用』。県は規格だけを載せ、単価は載せていない(市販の物価資料の値)。公的に公開された値は存在しない。
43f4bc65e77a0c1c,JP,material,生コンクリート・モルタル,生コンクリート,１８－１２－４０,m3,pref_area,29,奈良県,7地区,,,,JPY,design_unit_price_ex_tax,published_restricted_not_copied,,,2026-10,2026-10-01,nara-shizai-r8-10,14,https://www.pref.nara.lg.jp/documents/8708/r0810nara_materialprice.pdf,restricted,a0a2b7e37a63,県が独自調査で値を載せている。利用条件が私的使用・引用のみのため値は写していない。原本を見ること。
fbd1c9adb1fe027e,JP,material,生コンクリート・モルタル,生コンクリート,１８－１２－４０,m3,pref_area,29,奈良県,8地区,,,,JPY,design_unit_price_ex_tax,publication_based_not_public,,,2026-10,2026-10-01,nara-shizai-r8-10,14,https://www.pref.nara.lg.jp/documents/8708/r0810nara_materialprice.pdf,restricted,a0a2b7e37a63,原本で『○＝刊行物単価使用』。県は規格だけを載せ、単価は載せていない(市販の物価資料の値)。公的に公開された値は存在しない。
8d703620026bd5ef,JP,material,生コンクリート・モルタル,生コンクリート,１８－１２－４０,m3,pref_area,29,奈良県,9地区,,,,JPY,design_unit_price_ex_tax,publication_based_not_public,,,2026-10,2026-10-01,nara-shizai-r8-10,14,https://www.pref.nara.lg.jp/documents/8708/r0810nara_materialprice.pdf,restricted,a0a2b7e37a63,原本で『○＝刊行物単価使用』。県は規格だけを載せ、単価は載せていない(市販の物価資料の値)。公的に公開された値は存在しない。
e7664ed7080c4684,JP,material,生コンクリート・モルタル,生コンクリート,１８－１２－４０,m3,pref_area,29,奈良県,10地区,,,,JPY,design_unit_price_ex_tax,publication_based_not_public,,,2026-10,2026-10-01,nara-shizai-r8-10,14,https://www.pref.nara.lg.jp/documents/8708/r0810nara_materialprice.pdf,restricted,a0a2b7e37a63,原本で『○＝刊行物単価使用』。県は規格だけを載せ、単価は載せていない(市販の物価資料の値)。公的に公開された値は存在しない。
702549f8c462a788,JP,material,生コンクリート・モルタル,生コンクリート,１８－１２－４０,m3,pref_area,29,奈良県,11地区,,,,JPY,design_unit_price_ex_tax,published_restricted_not_copied,,,2026-10,2026-10-01,nara-shizai-r8-10,14,https://www.pref.nara.lg.jp/documents/8708/r0810nara_materialprice.pdf,restricted,a0a2b7e37a63,県が独自調査で値を載せている。利用条件が私的使用・引用のみのため値は写していない。原本を見ること。
8e435a7486f1b339,JP,material,生コンクリート・モルタル,生コンクリート,18-15-40-N (W/C=55%以下),m3,pref_area,29,奈良県,1地区,,,,JPY,design_unit_price_ex_tax,published_restricted_not_copied,,,2026-10,2026-10-01,nara-shizai-r8-10,14,https://www.pref.nara.lg.jp/documents/8708/r0810nara_materialprice.pdf,restricted,b5269a6925f8,県が独自調査で値を載せている。利用条件が私的使用・引用のみのため値は写していない。原本を見ること。
d792dd7307f783f0,JP,material,生コンクリート・モルタル,生コンクリート,18-15-40-N (W/C=55%以下),m3,pref_area,29,奈良県,2地区,,,,JPY,design_unit_price_ex_tax,published_restricted_not_copied,,,2026-10,2026-10-01,nara-shizai-r8-10,14,https://www.pref.nara.lg.jp/documents/8708/r0810nara_materialprice.pdf,restricted,b5269a6925f8,県が独自調査で値を載せている。利用条件が私的使用・引用のみのため値は写していない。原本を見ること。
ebf71e67d2ca7c45,JP,material,生コンクリート・モルタル,生コンクリート,18-15-40-N (W/C=55%以下),m3,pref_area,29,奈良県,3地区,,,,JPY,design_unit_price_ex_tax,published_restricted_not_copied,,,2026-10,2026-10-01,nara-shizai-r8-10,14,https://www.pref.nara.lg.jp/documents/8708/r0810nara_materialprice.pdf,restricted,b5269a6925f8,県が独自調査で値を載せている。利用条件が私的使用・引用のみのため値は写していない。原本を見ること。
b91ea47d37bceafd,JP,material,生コンクリート・モルタル,生コンクリート,18-15-40-N (W/C=55%以下),m3,pref_area,29,奈良県,4地区,,,,JPY,design_unit_price_ex_tax,published_restricted_not_copied,,,2026-10,2026-10-01,nara-shizai-r8-10,14,https://www.pref.nara.lg.jp/documents/8708/r0810nara_materialprice.pdf,restricted,b5269a6925f8,県が独自調査で値を載せている。利用条件が私的使用・引用のみのため値は写していない。原本を見ること。
03d7b7181e5fb65c,JP,material,生コンクリート・モルタル,生コンクリート,18-15-40-N (W/C=55%以下),m3,pref_area,29,奈良県,5地区,,,,JPY,design_unit_price_ex_tax,published_restricted_not_copied,,,2026-10,2026-10-01,nara-shizai-r8-10,14,https://www.pref.nara.lg.jp/documents/8708/r0810nara_materialprice.pdf,restricted,b5269a6925f8,県が独自調査で値を載せている。利用条件が私的使用・引用のみのため値は写していない。原本を見ること。
5caf5fbfb247d45b,JP,material,生コンクリート・モルタル,生コンクリート,18-15-40-N (W/C=55%以下),m3,pref_area,29,奈良県,6地区,,,,JPY,design_unit_price_ex_tax,published_restricted_not_copied,,,2026-10,2026-10-01,nara-shizai-r8-10,14,https://www.pref.nara.lg.jp/documents/8708/r0810nara_materialprice.pdf,restricted,b5269a6925f8,県が独自調査で値を載せている。利用条件が私的使用・引用のみのため値は写していない。原本を見ること。
32969dfc01eee816,JP,material,生コンクリート・モルタル,生コンクリート,18-15-40-N (W/C=55%以下),m3,pref_area,29,奈良県,7地区,,,,JPY,design_unit_price_ex_tax,published_restricted_not_copied,,,2026-10,2026-10-01,nara-shizai-r8-10,14,https://www.pref.nara.lg.jp/documents/8708/r0810nara_materialprice.pdf,restricted,b5269a6925f8,県が独自調査で値を載せている。利用条件が私的使用・引用のみのため値は写していない。原本を見ること。
3773a313a5369f31,JP,material,生コンクリート・モルタル,生コンクリート,18-15-40-N (W/C=55%以下),m3,pref_area,29,奈良県,8地区,,,,JPY,design_unit_price_ex_tax,published_restricted_not_copied,,,2026-10,2026-10-01,nara-shizai-r8-10,14,https://www.pref.nara.lg.jp/documents/8708/r0810nara_materialprice.pdf,restricted,b5269a6925f8,県が独自調査で値を載せている。利用条件が私的使用・引用のみのため値は写していない。原本を見ること。
b0d71ca633abae67,JP,material,生コンクリート・モルタル,生コンクリート,18-15-40-N (W/C=55%以下),m3,pref_area,29,奈良県,9地区,,,,JPY,design_unit_price_ex_tax,published_restricted_not_copied,,,2026-10,2026-10-01,nara-shizai-r8-10,14,https://www.pref.nara.lg.jp/documents/8708/r0810nara_materialprice.pdf,restricted,b5269a6925f8,県が独自調査で値を載せている。利用条件が私的使用・引用のみのため値は写していない。原本を見ること。
b4687700e44b6536,JP,material,生コンクリート・モルタル,生コンクリート,18-15-40-N (W/C=55%以下),m3,pref_area,29,奈良県,10地区,,,,JPY,design_unit_price_ex_tax,published_restricted_not_copied,,,2026-10,2026-10-01,nara-shizai-r8-10,14,https://www.pref.nara.lg.jp/documents/8708/r0810nara_materialprice.pdf,restricted,b5269a6925f8,県が独自調査で値を載せている。利用条件が私的使用・引用のみのため値は写していない。原本を見ること。
1fbb0fb449b36197,JP,material,生コンクリート・モルタル,生コンクリート,18-15-40-N (W/C=55%以下),m3,pref_area,29,奈良県,11地区,,,,JPY,design_unit_price_ex_tax,published_restricted_not_copied,,,2026-10,2026-10-01,nara-shizai-r8-10,14,https://www.pref.nara.lg.jp/documents/8708/r0810nara_materialprice.pdf,restricted,b5269a6925f8,県が独自調査で値を載せている。利用条件が私的使用・引用のみのため値は写していない。原本を見ること。
d5077fd25f6bdee4,JP,material,生コンクリート・モルタル,生コンクリート,１８－１５－４０ C=270以上,m3,pref_area,29,奈良県,1地区,,,,JPY,design_unit_price_ex_tax,publication_based_not_public,,,2026-10,2026-10-01,nara-shizai-r8-10,14,https://www.pref.nara.lg.jp/documents/8708/r0810nara_materialprice.pdf,restricted,7fd4147f10b6,原本で『○＝刊行物単価使用』。県は規格だけを載せ、単価は載せていない(市販の物価資料の値)。公的に公開された値は存在しない。
44341a8fa69b823b,JP,material,生コンクリート・モルタル,生コンクリート,１８－１５－４０ C=270以上,m3,pref_area,29,奈良県,2地区,,,,JPY,design_unit_price_ex_tax,publication_based_not_public,,,2026-10,2026-10-01,nara-shizai-r8-10,14,https://www.pref.nara.lg.jp/documents/8708/r0810nara_materialprice.pdf,restricted,7fd4147f10b6,原本で『○＝刊行物単価使用』。県は規格だけを載せ、単価は載せていない(市販の物価資料の値)。公的に公開された値は存在しない。
6160975e81638129,JP,material,生コンクリート・モルタル,生コンクリート,１８－１５－４０ C=270以上,m3,pref_area,29,奈良県,3地区,,,,JPY,design_unit_price_ex_tax,publication_based_not_public,,,2026-10,2026-10-01,nara-shizai-r8-10,14,https://www.pref.nara.lg.jp/documents/8708/r0810nara_materialprice.pdf,restricted,7fd4147f10b6,原本で『○＝刊行物単価使用』。県は規格だけを載せ、単価は載せていない(市販の物価資料の値)。公的に公開された値は存在しない。
ad6316724003f944,JP,material,生コンクリート・モルタル,生コンクリート,１８－１５－４０ C=270以上,m3,pref_area,29,奈良県,4地区,,,,JPY,design_unit_price_ex_tax,publication_based_not_public,,,2026-10,2026-10-01,nara-shizai-r8-10,14,https://www.pref.nara.lg.jp/documents/8708/r0810nara_materialprice.pdf,restricted,7fd4147f10b6,原本で『○＝刊行物単価使用』。県は規格だけを載せ、単価は載せていない(市販の物価資料の値)。公的に公開された値は存在しない。
0a6243bbcf0aa9b8,JP,material,生コンクリート・モルタル,生コンクリート,１８－１５－４０ C=270以上,m3,pref_area,29,奈良県,5地区,,,,JPY,design_unit_price_ex_tax,published_restricted_not_copied,,,2026-10,2026-10-01,nara-shizai-r8-10,14,https://www.pref.nara.lg.jp/documents/8708/r0810nara_materialprice.pdf,restricted,7fd4147f10b6,県が独自調査で値を載せている。利用条件が私的使用・引用のみのため値は写していない。原本を見ること。
4561ebd36620dea5,JP,material,生コンクリート・モルタル,生コンクリート,１８－１５－４０ C=270以上,m3,pref_area,29,奈良県,6地区,,,,JPY,design_unit_price_ex_tax,publication_based_not_public,,,2026-10,2026-10-01,nara-shizai-r8-10,14,https://www.pref.nara.lg.jp/documents/8708/r0810nara_materialprice.pdf,restricted,7fd4147f10b6,原本で『○＝刊行物単価使用』。県は規格だけを載せ、単価は載せていない(市販の物価資料の値)。公的に公開された値は存在しない。
8bf289efc85b1a1f,JP,material,生コンクリート・モルタル,生コンクリート,１８－１５－４０ C=270以上,m3,pref_area,29,奈良県,7地区,,,,JPY,design_unit_price_ex_tax,published_restricted_not_copied,,,2026-10,2026-10-01,nara-shizai-r8-10,14,https://www.pref.nara.lg.jp/documents/8708/r0810nara_materialprice.pdf,restricted,7fd4147f10b6,県が独自調査で値を載せている。利用条件が私的使用・引用のみのため値は写していない。原本を見ること。
c087c7a705f342b3,JP,material,生コンクリート・モルタル,生コンクリート,１８－１５－４０ C=270以上,m3,pref_area,29,奈良県,8地区,,,,JPY,design_unit_price_ex_tax,publication_based_not_public,,,2026-10,2026-10-01,nara-shizai-r8-10,14,https://www.pref.nara.lg.jp/documents/8708/r0810nara_materialprice.pdf,restricted,7fd4147f10b6,原本で『○＝刊行物単価使用』。県は規格だけを載せ、単価は載せていない(市販の物価資料の値)。公的に公開された値は存在しない。
9c9e187a0957aa8e,JP,material,生コンクリート・モルタル,生コンクリート,１８－１５－４０ C=270以上,m3,pref_area,29,奈良県,9地区,,,,JPY,design_unit_price_ex_tax,publication_based_not_public,,,2026-10,2026-10-01,nara-shizai-r8-10,14,https://www.pref.nara.lg.jp/documents/8708/r0810nara_materialprice.pdf,restricted,7fd4147f10b6,原本で『○＝刊行物単価使用』。県は規格だけを載せ、単価は載せていない(市販の物価資料の値)。公的に公開された値は存在しない。
7faa584fe9c95267,JP,material,生コンクリート・モルタル,生コンクリート,１８－１５－４０ C=270以上,m3,pref_area,29,奈良県,10地区,,,,JPY,design_unit_price_ex_tax,publication_based_not_public,,,2026-10,2026-10-01,nara-shizai-r8-10,14,https://www.pref.nara.lg.jp/documents/8708/r0810nara_materialprice.pdf,restricted,7fd4147f10b6,原本で『○＝刊行物単価使用』。県は規格だけを載せ、単価は載せていない(市販の物価資料の値)。公的に公開された値は存在しない。
d165f5e481d32d90,JP,material,生コンクリート・モルタル,生コンクリート,１８－１５－４０ C=270以上,m3,pref_area,29,奈良県,11地区,,,,JPY,design_unit_price_ex_tax,published_restricted_not_copied,,,2026-10,2026-10-01,nara-shizai-r8-10,14,https://www.pref.nara.lg.jp/documents/8708/r0810nara_materialprice.pdf,restricted,7fd4147f10b6,県が独自調査で値を載せている。利用条件が私的使用・引用のみのため値は写していない。原本を見ること。
506e567ad933629f,JP,material,生コンクリート・モルタル,生コンクリート,２１－５－４０,m3,pref_area,29,奈良県,1地区,,,,JPY,design_unit_price_ex_tax,published_restricted_not_copied,,,2026-10,2026-10-01,nara-shizai-r8-10,14,https://www.pref.nara.lg.jp/documents/8708/r0810nara_materialprice.pdf,restricted,d935f5461a1f,県が独自調査で値を載せている。利用条件が私的使用・引用のみのため値は写していない。原本を見ること。
aff774838de0216e,JP,material,生コンクリート・モルタル,生コンクリート,２１－５－４０,m3,pref_area,29,奈良県,2地区,,,,JPY,design_unit_price_ex_tax,published_restricted_not_copied,,,2026-10,2026-10-01,nara-shizai-r8-10,14,https://www.pref.nara.lg.jp/documents/8708/r0810nara_materialprice.pdf,restricted,d935f5461a1f,県が独自調査で値を載せている。利用条件が私的使用・引用のみのため値は写していない。原本を見ること。
a8da58ceee24958d,JP,material,生コンクリート・モルタル,生コンクリート,２１－５－４０,m3,pref_area,29,奈良県,3地区,,,,JPY,design_unit_price_ex_tax,published_restricted_not_copied,,,2026-10,2026-10-01,nara-shizai-r8-10,14,https://www.pref.nara.lg.jp/documents/8708/r0810nara_materialprice.pdf,restricted,d935f5461a1f,県が独自調査で値を載せている。利用条件が私的使用・引用のみのため値は写していない。原本を見ること。
3d2fbb4c5675c239,JP,material,生コンクリート・モルタル,生コンクリート,２１－５－４０,m3,pref_area,29,奈良県,4地区,,,,JPY,design_unit_price_ex_tax,published_restricted_not_copied,,,2026-10,2026-10-01,nara-shizai-r8-10,14,https://www.pref.nara.lg.jp/documents/8708/r0810nara_materialprice.pdf,restricted,d935f5461a1f,県が独自調査で値を載せている。利用条件が私的使用・引用のみのため値は写していない。原本を見ること。
befe09061e3b1c56,JP,material,生コンクリート・モルタル,生コンクリート,２１－５－４０,m3,pref_area,29,奈良県,5地区,,,,JPY,design_unit_price_ex_tax,published_restricted_not_copied,,,2026-10,2026-10-01,nara-shizai-r8-10,14,https://www.pref.nara.lg.jp/documents/8708/r0810nara_materialprice.pdf,restricted,d935f5461a1f,県が独自調査で値を載せている。利用条件が私的使用・引用のみのため値は写していない。原本を見ること。
d52c1c33e738109d,JP,material,生コンクリート・モルタル,生コンクリート,２１－５－４０,m3,pref_area,29,奈良県,6地区,,,,JPY,design_unit_price_ex_tax,published_restricted_not_copied,,,2026-10,2026-10-01,nara-shizai-r8-10,14,https://www.pref.nara.lg.jp/documents/8708/r0810nara_materialprice.pdf,restricted,d935f5461a1f,県が独自調査で値を載せている。利用条件が私的使用・引用のみのため値は写していない。原本を見ること。
e63e3c1b1dcbb717,JP,material,生コンクリート・モルタル,生コンクリート,２１－５－４０,m3,pref_area,29,奈良県,7地区,,,,JPY,design_unit_price_ex_tax,published_restricted_not_copied,,,2026-10,2026-10-01,nara-shizai-r8-10,14,https://www.pref.nara.lg.jp/documents/8708/r0810nara_materialprice.pdf,restricted,d935f5461a1f,県が独自調査で値を載せている。利用条件が私的使用・引用のみのため値は写していない。原本を見ること。
1491effa884912a1,JP,material,生コンクリート・モルタル,生コンクリート,２１－５－４０,m3,pref_area,29,奈良県,8地区,,,,JPY,design_unit_price_ex_tax,published_restricted_not_copied,,,2026-10,2026-10-01,nara-shizai-r8-10,14,https://www.pref.nara.lg.jp/documents/8708/r0810nara_materialprice.pdf,restricted,d935f5461a1f,県が独自調査で値を載せている。利用条件が私的使用・引用のみのため値は写していない。原本を見ること。
7845d6f9a69fa133,JP,material,生コンクリート・モルタル,生コンクリート,２１－５－４０,m3,pref_area,29,奈良県,9地区,,,,JPY,design_unit_price_ex_tax,published_restricted_not_copied,,,2026-10,2026-10-01,nara-shizai-r8-10,14,https://www.pref.nara.lg.jp/documents/8708/r0810nara_materialprice.pdf,restricted,d935f5461a1f,県が独自調査で値を載せている。利用条件が私的使用・引用のみのため値は写していない。原本を見ること。
1c5c92266c5a0714,JP,material,生コンクリート・モルタル,生コンクリート,２１－５－４０,m3,pref_area,29,奈良県,10地区,,,,JPY,design_unit_price_ex_tax,published_restricted_not_copied,,,2026-10,2026-10-01,nara-shizai-r8-10,14,https://www.pref.nara.lg.jp/documents/8708/r0810nara_materialprice.pdf,restricted,d935f5461a1f,県が独自調査で値を載せている。利用条件が私的使用・引用のみのため値は写していない。原本を見ること。
03ba5595579aa08f,JP,material,生コンクリート・モルタル,生コンクリート,２１－５－４０,m3,pref_area,29,奈良県,11地区,,,,JPY,design_unit_price_ex_tax,published_restricted_not_copied,,,2026-10,2026-10-01,nara-shizai-r8-10,14,https://www.pref.nara.lg.jp/documents/8708/r0810nara_materialprice.pdf,restricted,d935f5461a1f,県が独自調査で値を載せている。利用条件が私的使用・引用のみのため値は写していない。原本を見ること。
7c01a807289858b2,JP,material,生コンクリート・モルタル,生コンクリート,21- 5-40-N (W/C=60%以下),m3,pref_area,29,奈良県,1地区,,,,JPY,design_unit_price_ex_tax,publication_based_not_public,,,2026-10,2026-10-01,nara-shizai-r8-10,14,https://www.pref.nara.lg.jp/documents/8708/r0810nara_materialprice.pdf,restricted,8ad5020de4ce,原本で『○＝刊行物単価使用』。県は規格だけを載せ、単価は載せていない(市販の物価資料の値)。公的に公開された値は存在しない。
d9e3b6b366c240ab,JP,material,生コンクリート・モルタル,生コンクリート,21- 5-40-N (W/C=60%以下),m3,pref_area,29,奈良県,2地区,,,,JPY,design_unit_price_ex_tax,publication_based_not_public,,,2026-10,2026-10-01,nara-shizai-r8-10,14,https://www.pref.nara.lg.jp/documents/8708/r0810nara_materialprice.pdf,restricted,8ad5020de4ce,原本で『○＝刊行物単価使用』。県は規格だけを載せ、単価は載せていない(市販の物価資料の値)。公的に公開された値は存在しない。
250039f221055e68,JP,material,生コンクリート・モルタル,生コンクリート,21- 5-40-N (W/C=60%以下),m3,pref_area,29,奈良県,3地区,,,,JPY,design_unit_price_ex_tax,publication_based_not_public,,,2026-10,2026-10-01,nara-shizai-r8-10,14,https://www.pref.nara.lg.jp/documents/8708/r0810nara_materialprice.pdf,restricted,8ad5020de4ce,原本で『○＝刊行物単価使用』。県は規格だけを載せ、単価は載せていない(市販の物価資料の値)。公的に公開された値は存在しない。
1e66d568d5e92cab,JP,material,生コンクリート・モルタル,生コンクリート,21- 5-40-N (W/C=60%以下),m3,pref_area,29,奈良県,4地区,,,,JPY,design_unit_price_ex_tax,publication_based_not_public,,,2026-10,2026-10-01,nara-shizai-r8-10,14,https://www.pref.nara.lg.jp/documents/8708/r0810nara_materialprice.pdf,restricted,8ad5020de4ce,原本で『○＝刊行物単価使用』。県は規格だけを載せ、単価は載せていない(市販の物価資料の値)。公的に公開された値は存在しない。
671c0e514538e09a,JP,material,生コンクリート・モルタル,生コンクリート,21- 5-40-N (W/C=60%以下),m3,pref_area,29,奈良県,5地区,,,,JPY,design_unit_price_ex_tax,published_restricted_not_copied,,,2026-10,2026-10-01,nara-shizai-r8-10,14,https://www.pref.nara.lg.jp/documents/8708/r0810nara_materialprice.pdf,restricted,8ad5020de4ce,県が独自調査で値を載せている。利用条件が私的使用・引用のみのため値は写していない。原本を見ること。
b24cbb704cb75c2d,JP,material,生コンクリート・モルタル,生コンクリート,21- 5-40-N (W/C=60%以下),m3,pref_area,29,奈良県,6地区,,,,JPY,design_unit_price_ex_tax,publication_based_not_public,,,2026-10,2026-10-01,nara-shizai-r8-10,14,https://www.pref.nara.lg.jp/documents/8708/r0810nara_materialprice.pdf,restricted,8ad5020de4ce,原本で『○＝刊行物単価使用』。県は規格だけを載せ、単価は載せていない(市販の物価資料の値)。公的に公開された値は存在しない。
909c60a8f0703613,JP,material,生コンクリート・モルタル,生コンクリート,21- 5-40-N (W/C=60%以下),m3,pref_area,29,奈良県,7地区,,,,JPY,design_unit_price_ex_tax,published_restricted_not_copied,,,2026-10,2026-10-01,nara-shizai-r8-10,14,https://www.pref.nara.lg.jp/documents/8708/r0810nara_materialprice.pdf,restricted,8ad5020de4ce,県が独自調査で値を載せている。利用条件が私的使用・引用のみのため値は写していない。原本を見ること。
abdf93be2bb06321,JP,material,生コンクリート・モルタル,生コンクリート,21- 5-40-N (W/C=60%以下),m3,pref_area,29,奈良県,8地区,,,,JPY,design_unit_price_ex_tax,publication_based_not_public,,,2026-10,2026-10-01,nara-shizai-r8-10,14,https://www.pref.nara.lg.jp/documents/8708/r0810nara_materialprice.pdf,restricted,8ad5020de4ce,原本で『○＝刊行物単価使用』。県は規格だけを載せ、単価は載せていない(市販の物価資料の値)。公的に公開された値は存在しない。
281758e0b79bd6dc,JP,material,生コンクリート・モルタル,生コンクリート,21- 5-40-N (W/C=60%以下),m3,pref_area,29,奈良県,9地区,,,,JPY,design_unit_price_ex_tax,publication_based_not_public,,,2026-10,2026-10-01,nara-shizai-r8-10,14,https://www.pref.nara.lg.jp/documents/8708/r0810nara_materialprice.pdf,restricted,8ad5020de4ce,原本で『○＝刊行物単価使用』。県は規格だけを載せ、単価は載せていない(市販の物価資料の値)。公的に公開された値は存在しない。
342753194c218528,JP,material,生コンクリート・モルタル,生コンクリート,21- 5-40-N (W/C=60%以下),m3,pref_area,29,奈良県,10地区,,,,JPY,design_unit_price_ex_tax,publication_based_not_public,,,2026-10,2026-10-01,nara-shizai-r8-10,14,https://www.pref.nara.lg.jp/documents/8708/r0810nara_materialprice.pdf,restricted,8ad5020de4ce,原本で『○＝刊行物単価使用』。県は規格だけを載せ、単価は載せていない(市販の物価資料の値)。公的に公開された値は存在しない。
d6c7bcac774136e7,JP,material,生コンクリート・モルタル,生コンクリート,21- 5-40-N (W/C=60%以下),m3,pref_area,29,奈良県,11地区,,,,JPY,design_unit_price_ex_tax,published_restricted_not_copied,,,2026-10,2026-10-01,nara-shizai-r8-10,14,https://www.pref.nara.lg.jp/documents/8708/r0810nara_materialprice.pdf,restricted,8ad5020de4ce,県が独自調査で値を載せている。利用条件が私的使用・引用のみのため値は写していない。原本を見ること。
3f55f2f3f986a372,JP,material,生コンクリート・モルタル,生コンクリート,２１－８－２５（２０）,m3,pref_area,29,奈良県,1地区,,,,JPY,design_unit_price_ex_tax,published_restricted_not_copied,,,2026-10,2026-10-01,nara-shizai-r8-10,14,https://www.pref.nara.lg.jp/documents/8708/r0810nara_materialprice.pdf,restricted,482f8152d5c5,県が独自調査で値を載せている。利用条件が私的使用・引用のみのため値は写していない。原本を見ること。
7a51dafec8bc5cd0,JP,material,生コンクリート・モルタル,生コンクリート,２１－８－２５（２０）,m3,pref_area,29,奈良県,2地区,,,,JPY,design_unit_price_ex_tax,published_restricted_not_copied,,,2026-10,2026-10-01,nara-shizai-r8-10,14,https://www.pref.nara.lg.jp/documents/8708/r0810nara_materialprice.pdf,restricted,482f8152d5c5,県が独自調査で値を載せている。利用条件が私的使用・引用のみのため値は写していない。原本を見ること。
de5d2cf4b34f306b,JP,material,生コンクリート・モルタル,生コンクリート,２１－８－２５（２０）,m3,pref_area,29,奈良県,3地区,,,,JPY,design_unit_price_ex_tax,published_restricted_not_copied,,,2026-10,2026-10-01,nara-shizai-r8-10,14,https://www.pref.nara.lg.jp/documents/8708/r0810nara_materialprice.pdf,restricted,482f8152d5c5,県が独自調査で値を載せている。利用条件が私的使用・引用のみのため値は写していない。原本を見ること。
4b4466763713fdc8,JP,material,生コンクリート・モルタル,生コンクリート,２１－８－２５（２０）,m3,pref_area,29,奈良県,4地区,,,,JPY,design_unit_price_ex_tax,published_restricted_not_copied,,,2026-10,2026-10-01,nara-shizai-r8-10,14,https://www.pref.nara.lg.jp/documents/8708/r0810nara_materialprice.pdf,restricted,482f8152d5c5,県が独自調査で値を載せている。利用条件が私的使用・引用のみのため値は写していない。原本を見ること。
c795ba5e8e561f09,JP,material,生コンクリート・モルタル,生コンクリート,２１－８－２５（２０）,m3,pref_area,29,奈良県,5地区,,,,JPY,design_unit_price_ex_tax,published_restricted_not_copied,,,2026-10,2026-10-01,nara-shizai-r8-10,14,https://www.pref.nara.lg.jp/documents/8708/r0810nara_materialprice.pdf,restricted,482f8152d5c5,県が独自調査で値を載せている。利用条件が私的使用・引用のみのため値は写していない。原本を見ること。
a52643516fe88513,JP,material,生コンクリート・モルタル,生コンクリート,２１－８－２５（２０）,m3,pref_area,29,奈良県,6地区,,,,JPY,design_unit_price_ex_tax,published_restricted_not_copied,,,2026-10,2026-10-01,nara-shizai-r8-10,14,https://www.pref.nara.lg.jp/documents/8708/r0810nara_materialprice.pdf,restricted,482f8152d5c5,県が独自調査で値を載せている。利用条件が私的使用・引用のみのため値は写していない。原本を見ること。
c7bb3bfdfa9c8634,JP,material,生コンクリート・モルタル,生コンクリート,２１－８－２５（２０）,m3,pref_area,29,奈良県,7地区,,,,JPY,design_unit_price_ex_tax,published_restricted_not_copied,,,2026-10,2026-10-01,nara-shizai-r8-10,14,https://www.pref.nara.lg.jp/documents/8708/r0810nara_materialprice.pdf,restricted,482f8152d5c5,県が独自調査で値を載せている。利用条件が私的使用・引用のみのため値は写していない。原本を見ること。
1ee324ba70c68449,JP,material,生コンクリート・モルタル,生コンクリート,２１－８－２５（２０）,m3,pref_area,29,奈良県,8地区,,,,JPY,design_unit_price_ex_tax,published_restricted_not_copied,,,2026-10,2026-10-01,nara-shizai-r8-10,14,https://www.pref.nara.lg.jp/documents/8708/r0810nara_materialprice.pdf,restricted,482f8152d5c5,県が独自調査で値を載せている。利用条件が私的使用・引用のみのため値は写していない。原本を見ること。
a3d20af6990d8e0a,JP,material,生コンクリート・モルタル,生コンクリート,２１－８－２５（２０）,m3,pref_area,29,奈良県,9地区,,,,JPY,design_unit_price_ex_tax,published_restricted_not_copied,,,2026-10,2026-10-01,nara-shizai-r8-10,14,https://www.pref.nara.lg.jp/documents/8708/r0810nara_materialprice.pdf,restricted,482f8152d5c5,県が独自調査で値を載せている。利用条件が私的使用・引用のみのため値は写していない。原本を見ること。
4f896db3394fcf1e,JP,material,生コンクリート・モルタル,生コンクリート,２１－８－２５（２０）,m3,pref_area,29,奈良県,10地区,,,,JPY,design_unit_price_ex_tax,published_restricted_not_copied,,,2026-10,2026-10-01,nara-shizai-r8-10,14,https://www.pref.nara.lg.jp/documents/8708/r0810nara_materialprice.pdf,restricted,482f8152d5c5,県が独自調査で値を載せている。利用条件が私的使用・引用のみのため値は写していない。原本を見ること。
ed84c3b2698a55dd,JP,material,生コンクリート・モルタル,生コンクリート,２１－８－２５（２０）,m3,pref_area,29,奈良県,11地区,,,,JPY,design_unit_price_ex_tax,published_restricted_not_copied,,,2026-10,2026-10-01,nara-shizai-r8-10,14,https://www.pref.nara.lg.jp/documents/8708/r0810nara_materialprice.pdf,restricted,482f8152d5c5,県が独自調査で値を載せている。利用条件が私的使用・引用のみのため値は写していない。原本を見ること。
2d92cd1231490967,JP,material,生コンクリート・モルタル,生コンクリート,21- 8-25(20)-N (W/C=60%以下),m3,pref_area,29,奈良県,1地区,,,,JPY,design_unit_price_ex_tax,publication_based_not_public,,,2026-10,2026-10-01,nara-shizai-r8-10,14,https://www.pref.nara.lg.jp/documents/8708/r0810nara_materialprice.pdf,restricted,b5f41b5a3051,原本で『○＝刊行物単価使用』。県は規格だけを載せ、単価は載せていない(市販の物価資料の値)。公的に公開された値は存在しない。
b8c38945302bd019,JP,material,生コンクリート・モルタル,生コンクリート,21- 8-25(20)-N (W/C=60%以下),m3,pref_area,29,奈良県,2地区,,,,JPY,design_unit_price_ex_tax,publication_based_not_public,,,2026-10,2026-10-01,nara-shizai-r8-10,14,https://www.pref.nara.lg.jp/documents/8708/r0810nara_materialprice.pdf,restricted,b5f41b5a3051,原本で『○＝刊行物単価使用』。県は規格だけを載せ、単価は載せていない(市販の物価資料の値)。公的に公開された値は存在しない。
1df3e11ee8ca8099,JP,material,生コンクリート・モルタル,生コンクリート,21- 8-25(20)-N (W/C=60%以下),m3,pref_area,29,奈良県,3地区,,,,JPY,design_unit_price_ex_tax,publication_based_not_public,,,2026-10,2026-10-01,nara-shizai-r8-10,14,https://www.pref.nara.lg.jp/documents/8708/r0810nara_materialprice.pdf,restricted,b5f41b5a3051,原本で『○＝刊行物単価使用』。県は規格だけを載せ、単価は載せていない(市販の物価資料の値)。公的に公開された値は存在しない。
8ef1412b702336ac,JP,material,生コンクリート・モルタル,生コンクリート,21- 8-25(20)-N (W/C=60%以下),m3,pref_area,29,奈良県,4地区,,,,JPY,design_unit_price_ex_tax,publication_based_not_public,,,2026-10,2026-10-01,nara-shizai-r8-10,14,https://www.pref.nara.lg.jp/documents/8708/r0810nara_materialprice.pdf,restricted,b5f41b5a3051,原本で『○＝刊行物単価使用』。県は規格だけを載せ、単価は載せていない(市販の物価資料の値)。公的に公開された値は存在しない。
a2cf61f2a435edb2,JP,material,生コンクリート・モルタル,生コンクリート,21- 8-25(20)-N (W/C=60%以下),m3,pref_area,29,奈良県,5地区,,,,JPY,design_unit_price_ex_tax,published_restricted_not_copied,,,2026-10,2026-10-01,nara-shizai-r8-10,14,https://www.pref.nara.lg.jp/documents/8708/r0810nara_materialprice.pdf,restricted,b5f41b5a3051,県が独自調査で値を載せている。利用条件が私的使用・引用のみのため値は写していない。原本を見ること。
d05720e76707be78,JP,material,生コンクリート・モルタル,生コンクリート,21- 8-25(20)-N (W/C=60%以下),m3,pref_area,29,奈良県,6地区,,,,JPY,design_unit_price_ex_tax,publication_based_not_public,,,2026-10,2026-10-01,nara-shizai-r8-10,14,https://www.pref.nara.lg.jp/documents/8708/r0810nara_materialprice.pdf,restricted,b5f41b5a3051,原本で『○＝刊行物単価使用』。県は規格だけを載せ、単価は載せていない(市販の物価資料の値)。公的に公開された値は存在しない。
189696c4fa564202,JP,material,生コンクリート・モルタル,生コンクリート,21- 8-25(20)-N (W/C=60%以下),m3,pref_area,29,奈良県,7地区,,,,JPY,design_unit_price_ex_tax,published_restricted_not_copied,,,2026-10,2026-10-01,nara-shizai-r8-10,14,https://www.pref.nara.lg.jp/documents/8708/r0810nara_materialprice.pdf,restricted,b5f41b5a3051,県が独自調査で値を載せている。利用条件が私的使用・引用のみのため値は写していない。原本を見ること。
f08ab939cf6d4db6,JP,material,生コンクリート・モルタル,生コンクリート,21- 8-25(20)-N (W/C=60%以下),m3,pref_area,29,奈良県,8地区,,,,JPY,design_unit_price_ex_tax,publication_based_not_public,,,2026-10,2026-10-01,nara-shizai-r8-10,14,https://www.pref.nara.lg.jp/documents/8708/r0810nara_materialprice.pdf,restricted,b5f41b5a3051,原本で『○＝刊行物単価使用』。県は規格だけを載せ、単価は載せていない(市販の物価資料の値)。公的に公開された値は存在しない。
9c92d62ca97d6346,JP,material,生コンクリート・モルタル,生コンクリート,21- 8-25(20)-N (W/C=60%以下),m3,pref_area,29,奈良県,9地区,,,,JPY,design_unit_price_ex_tax,publication_based_not_public,,,2026-10,2026-10-01,nara-shizai-r8-10,14,https://www.pref.nara.lg.jp/documents/8708/r0810nara_materialprice.pdf,restricted,b5f41b5a3051,原本で『○＝刊行物単価使用』。県は規格だけを載せ、単価は載せていない(市販の物価資料の値)。公的に公開された値は存在しない。
b506d4d1826046e9,JP,material,生コンクリート・モルタル,生コンクリート,21- 8-25(20)-N (W/C=60%以下),m3,pref_area,29,奈良県,10地区,,,,JPY,design_unit_price_ex_tax,publication_based_not_public,,,2026-10,2026-10-01,nara-shizai-r8-10,14,https://www.pref.nara.lg.jp/documents/8708/r0810nara_materialprice.pdf,restricted,b5f41b5a3051,原本で『○＝刊行物単価使用』。県は規格だけを載せ、単価は載せていない(市販の物価資料の値)。公的に公開された値は存在しない。
5e29ed3e218cf12c,JP,material,生コンクリート・モルタル,生コンクリート,21- 8-25(20)-N (W/C=60%以下),m3,pref_area,29,奈良県,11地区,,,,JPY,design_unit_price_ex_tax,published_restricted_not_copied,,,2026-10,2026-10-01,nara-shizai-r8-10,14,https://www.pref.nara.lg.jp/documents/8708/r0810nara_materialprice.pdf,restricted,b5f41b5a3051,県が独自調査で値を載せている。利用条件が私的使用・引用のみのため値は写していない。原本を見ること。
86247f9344c42e93,JP,material,生コンクリート・モルタル,生コンクリート,２１－８－４０,m3,pref_area,29,奈良県,1地区,,,,JPY,design_unit_price_ex_tax,published_restricted_not_copied,,,2026-10,2026-10-01,nara-shizai-r8-10,14,https://www.pref.nara.lg.jp/documents/8708/r0810nara_materialprice.pdf,restricted,4437d43ce7c4,県が独自調査で値を載せている。利用条件が私的使用・引用のみのため値は写していない。原本を見ること。
407a027ba5bc87bf,JP,material,生コンクリート・モルタル,生コンクリート,２１－８－４０,m3,pref_area,29,奈良県,2地区,,,,JPY,design_unit_price_ex_tax,published_restricted_not_copied,,,2026-10,2026-10-01,nara-shizai-r8-10,14,https://www.pref.nara.lg.jp/documents/8708/r0810nara_materialprice.pdf,restricted,4437d43ce7c4,県が独自調査で値を載せている。利用条件が私的使用・引用のみのため値は写していない。原本を見ること。
aff1dabbca29483f,JP,material,生コンクリート・モルタル,生コンクリート,２１－８－４０,m3,pref_area,29,奈良県,3地区,,,,JPY,design_unit_price_ex_tax,published_restricted_not_copied,,,2026-10,2026-10-01,nara-shizai-r8-10,14,https://www.pref.nara.lg.jp/documents/8708/r0810nara_materialprice.pdf,restricted,4437d43ce7c4,県が独自調査で値を載せている。利用条件が私的使用・引用のみのため値は写していない。原本を見ること。
706a1ffb33fb2bad,JP,material,生コンクリート・モルタル,生コンクリート,２１－８－４０,m3,pref_area,29,奈良県,4地区,,,,JPY,design_unit_price_ex_tax,published_restricted_not_copied,,,2026-10,2026-10-01,nara-shizai-r8-10,14,https://www.pref.nara.lg.jp/documents/8708/r0810nara_materialprice.pdf,restricted,4437d43ce7c4,県が独自調査で値を載せている。利用条件が私的使用・引用のみのため値は写していない。原本を見ること。
fbe2e7d5870c167d,JP,material,生コンクリート・モルタル,生コンクリート,２１－８－４０,m3,pref_area,29,奈良県,5地区,,,,JPY,design_unit_price_ex_tax,published_restricted_not_copied,,,2026-10,2026-10-01,nara-shizai-r8-10,14,https://www.pref.nara.lg.jp/documents/8708/r0810nara_materialprice.pdf,restricted,4437d43ce7c4,県が独自調査で値を載せている。利用条件が私的使用・引用のみのため値は写していない。原本を見ること。
141e5781b4b4230e,JP,material,生コンクリート・モルタル,生コンクリート,２１－８－４０,m3,pref_area,29,奈良県,6地区,,,,JPY,design_unit_price_ex_tax,published_restricted_not_copied,,,2026-10,2026-10-01,nara-shizai-r8-10,14,https://www.pref.nara.lg.jp/documents/8708/r0810nara_materialprice.pdf,restricted,4437d43ce7c4,県が独自調査で値を載せている。利用条件が私的使用・引用のみのため値は写していない。原本を見ること。
6e17f5ff9d54d8af,JP,material,生コンクリート・モルタル,生コンクリート,２１－８－４０,m3,pref_area,29,奈良県,7地区,,,,JPY,design_unit_price_ex_tax,published_restricted_not_copied,,,2026-10,2026-10-01,nara-shizai-r8-10,14,https://www.pref.nara.lg.jp/documents/8708/r0810nara_materialprice.pdf,restricted,4437d43ce7c4,県が独自調査で値を載せている。利用条件が私的使用・引用のみのため値は写していない。原本を見ること。
173c6b3e09c6ace7,JP,material,生コンクリート・モルタル,生コンクリート,２１－８－４０,m3,pref_area,29,奈良県,8地区,,,,JPY,design_unit_price_ex_tax,published_restricted_not_copied,,,2026-10,2026-10-01,nara-shizai-r8-10,14,https://www.pref.nara.lg.jp/documents/8708/r0810nara_materialprice.pdf,restricted,4437d43ce7c4,県が独自調査で値を載せている。利用条件が私的使用・引用のみのため値は写していない。原本を見ること。
acc1cf8c361c8028,JP,material,生コンクリート・モルタル,生コンクリート,２１－８－４０,m3,pref_area,29,奈良県,9地区,,,,JPY,design_unit_price_ex_tax,published_restricted_not_copied,,,2026-10,2026-10-01,nara-shizai-r8-10,14,https://www.pref.nara.lg.jp/documents/8708/r0810nara_materialprice.pdf,restricted,4437d43ce7c4,県が独自調査で値を載せている。利用条件が私的使用・引用のみのため値は写していない。原本を見ること。
025530b9d86d0253,JP,material,生コンクリート・モルタル,生コンクリート,２１－８－４０,m3,pref_area,29,奈良県,10地区,,,,JPY,design_unit_price_ex_tax,published_restricted_not_copied,,,2026-10,2026-10-01,nara-shizai-r8-10,14,https://www.pref.nara.lg.jp/documents/8708/r0810nara_materialprice.pdf,restricted,4437d43ce7c4,県が独自調査で値を載せている。利用条件が私的使用・引用のみのため値は写していない。原本を見ること。
a38f4a40c4a81de1,JP,material,生コンクリート・モルタル,生コンクリート,２１－８－４０,m3,pref_area,29,奈良県,11地区,,,,JPY,design_unit_price_ex_tax,published_restricted_not_copied,,,2026-10,2026-10-01,nara-shizai-r8-10,14,https://www.pref.nara.lg.jp/documents/8708/r0810nara_materialprice.pdf,restricted,4437d43ce7c4,県が独自調査で値を載せている。利用条件が私的使用・引用のみのため値は写していない。原本を見ること。
c26a1c21900583c3,JP,material,生コンクリート・モルタル,生コンクリート,21- 8-40-N (W/C=60%以下),m3,pref_area,29,奈良県,1地区,,,,JPY,design_unit_price_ex_tax,publication_based_not_public,,,2026-10,2026-10-01,nara-shizai-r8-10,14,https://www.pref.nara.lg.jp/documents/8708/r0810nara_materialprice.pdf,restricted,654a5f252452,原本で『○＝刊行物単価使用』。県は規格だけを載せ、単価は載せていない(市販の物価資料の値)。公的に公開された値は存在しない。
15e6ebf588637266,JP,material,生コンクリート・モルタル,生コンクリート,21- 8-40-N (W/C=60%以下),m3,pref_area,29,奈良県,2地区,,,,JPY,design_unit_price_ex_tax,publication_based_not_public,,,2026-10,2026-10-01,nara-shizai-r8-10,14,https://www.pref.nara.lg.jp/documents/8708/r0810nara_materialprice.pdf,restricted,654a5f252452,原本で『○＝刊行物単価使用』。県は規格だけを載せ、単価は載せていない(市販の物価資料の値)。公的に公開された値は存在しない。
61da7e6757ac678a,JP,material,生コンクリート・モルタル,生コンクリート,21- 8-40-N (W/C=60%以下),m3,pref_area,29,奈良県,3地区,,,,JPY,design_unit_price_ex_tax,publication_based_not_public,,,2026-10,2026-10-01,nara-shizai-r8-10,14,https://www.pref.nara.lg.jp/documents/8708/r0810nara_materialprice.pdf,restricted,654a5f252452,原本で『○＝刊行物単価使用』。県は規格だけを載せ、単価は載せていない(市販の物価資料の値)。公的に公開された値は存在しない。
e2e277cfaf28c436,JP,material,生コンクリート・モルタル,生コンクリート,21- 8-40-N (W/C=60%以下),m3,pref_area,29,奈良県,4地区,,,,JPY,design_unit_price_ex_tax,publication_based_not_public,,,2026-10,2026-10-01,nara-shizai-r8-10,14,https://www.pref.nara.lg.jp/documents/8708/r0810nara_materialprice.pdf,restricted,654a5f252452,原本で『○＝刊行物単価使用』。県は規格だけを載せ、単価は載せていない(市販の物価資料の値)。公的に公開された値は存在しない。
550afadac050b285,JP,material,生コンクリート・モルタル,生コンクリート,21- 8-40-N (W/C=60%以下),m3,pref_area,29,奈良県,5地区,,,,JPY,design_unit_price_ex_tax,published_restricted_not_copied,,,2026-10,2026-10-01,nara-shizai-r8-10,14,https://www.pref.nara.lg.jp/documents/8708/r0810nara_materialprice.pdf,restricted,654a5f252452,県が独自調査で値を載せている。利用条件が私的使用・引用のみのため値は写していない。原本を見ること。
9f9d8bbc8a0808a5,JP,material,生コンクリート・モルタル,生コンクリート,21- 8-40-N (W/C=60%以下),m3,pref_area,29,奈良県,6地区,,,,JPY,design_unit_price_ex_tax,publication_based_not_public,,,2026-10,2026-10-01,nara-shizai-r8-10,14,https://www.pref.nara.lg.jp/documents/8708/r0810nara_materialprice.pdf,restricted,654a5f252452,原本で『○＝刊行物単価使用』。県は規格だけを載せ、単価は載せていない(市販の物価資料の値)。公的に公開された値は存在しない。
ee17ef3f17d527dd,JP,material,生コンクリート・モルタル,生コンクリート,21- 8-40-N (W/C=60%以下),m3,pref_area,29,奈良県,7地区,,,,JPY,design_unit_price_ex_tax,published_restricted_not_copied,,,2026-10,2026-10-01,nara-shizai-r8-10,14,https://www.pref.nara.lg.jp/documents/8708/r0810nara_materialprice.pdf,restricted,654a5f252452,県が独自調査で値を載せている。利用条件が私的使用・引用のみのため値は写していない。原本を見ること。
64f1a9f75ee127f0,JP,material,生コンクリート・モルタル,生コンクリート,21- 8-40-N (W/C=60%以下),m3,pref_area,29,奈良県,8地区,,,,JPY,design_unit_price_ex_tax,publication_based_not_public,,,2026-10,2026-10-01,nara-shizai-r8-10,14,https://www.pref.nara.lg.jp/documents/8708/r0810nara_materialprice.pdf,restricted,654a5f252452,原本で『○＝刊行物単価使用』。県は規格だけを載せ、単価は載せていない(市販の物価資料の値)。公的に公開された値は存在しない。
ec4e0e0135f0859a,JP,material,生コンクリート・モルタル,生コンクリート,21- 8-40-N (W/C=60%以下),m3,pref_area,29,奈良県,9地区,,,,JPY,design_unit_price_ex_tax,publication_based_not_public,,,2026-10,2026-10-01,nara-shizai-r8-10,14,https://www.pref.nara.lg.jp/documents/8708/r0810nara_materialprice.pdf,restricted,654a5f252452,原本で『○＝刊行物単価使用』。県は規格だけを載せ、単価は載せていない(市販の物価資料の値)。公的に公開された値は存在しない。
719674ec3e60e89e,JP,material,生コンクリート・モルタル,生コンクリート,21- 8-40-N (W/C=60%以下),m3,pref_area,29,奈良県,10地区,,,,JPY,design_unit_price_ex_tax,publication_based_not_public,,,2026-10,2026-10-01,nara-shizai-r8-10,14,https://www.pref.nara.lg.jp/documents/8708/r0810nara_materialprice.pdf,restricted,654a5f252452,原本で『○＝刊行物単価使用』。県は規格だけを載せ、単価は載せていない(市販の物価資料の値)。公的に公開された値は存在しない。
5c3aa289c4764698,JP,material,生コンクリート・モルタル,生コンクリート,21- 8-40-N (W/C=60%以下),m3,pref_area,29,奈良県,11地区,,,,JPY,design_unit_price_ex_tax,published_restricted_not_copied,,,2026-10,2026-10-01,nara-shizai-r8-10,14,https://www.pref.nara.lg.jp/documents/8708/r0810nara_materialprice.pdf,restricted,654a5f252452,県が独自調査で値を載せている。利用条件が私的使用・引用のみのため値は写していない。原本を見ること。
cf30974d957d05e3,JP,material,生コンクリート・モルタル,生コンクリート,２１－１２－４０,m3,pref_area,29,奈良県,1地区,,,,JPY,design_unit_price_ex_tax,published_restricted_not_copied,,,2026-10,2026-10-01,nara-shizai-r8-10,14,https://www.pref.nara.lg.jp/documents/8708/r0810nara_materialprice.pdf,restricted,8665bf049656,県が独自調査で値を載せている。利用条件が私的使用・引用のみのため値は写していない。原本を見ること。
7c0979c7d0c7a226,JP,material,生コンクリート・モルタル,生コンクリート,２１－１２－４０,m3,pref_area,29,奈良県,2地区,,,,JPY,design_unit_price_ex_tax,published_restricted_not_copied,,,2026-10,2026-10-01,nara-shizai-r8-10,14,https://www.pref.nara.lg.jp/documents/8708/r0810nara_materialprice.pdf,restricted,8665bf049656,県が独自調査で値を載せている。利用条件が私的使用・引用のみのため値は写していない。原本を見ること。
e991e01e4c9f8e43,JP,material,生コンクリート・モルタル,生コンクリート,２１－１２－４０,m3,pref_area,29,奈良県,3地区,,,,JPY,design_unit_price_ex_tax,published_restricted_not_copied,,,2026-10,2026-10-01,nara-shizai-r8-10,14,https://www.pref.nara.lg.jp/documents/8708/r0810nara_materialprice.pdf,restricted,8665bf049656,県が独自調査で値を載せている。利用条件が私的使用・引用のみのため値は写していない。原本を見ること。
52addfe03bcee2cb,JP,material,生コンクリート・モルタル,生コンクリート,２１－１２－４０,m3,pref_area,29,奈良県,4地区,,,,JPY,design_unit_price_ex_tax,published_restricted_not_copied,,,2026-10,2026-10-01,nara-shizai-r8-10,14,https://www.pref.nara.lg.jp/documents/8708/r0810nara_materialprice.pdf,restricted,8665bf049656,県が独自調査で値を載せている。利用条件が私的使用・引用のみのため値は写していない。原本を見ること。
e58e56f4e2d86d10,JP,material,生コンクリート・モルタル,生コンクリート,２１－１２－４０,m3,pref_area,29,奈良県,5地区,,,,JPY,design_unit_price_ex_tax,published_restricted_not_copied,,,2026-10,2026-10-01,nara-shizai-r8-10,14,https://www.pref.nara.lg.jp/documents/8708/r0810nara_materialprice.pdf,restricted,8665bf049656,県が独自調査で値を載せている。利用条件が私的使用・引用のみのため値は写していない。原本を見ること。
9bcbad86e4d14eb1,JP,material,生コンクリート・モルタル,生コンクリート,２１－１２－４０,m3,pref_area,29,奈良県,6地区,,,,JPY,design_unit_price_ex_tax,published_restricted_not_copied,,,2026-10,2026-10-01,nara-shizai-r8-10,14,https://www.pref.nara.lg.jp/documents/8708/r0810nara_materialprice.pdf,restricted,8665bf049656,県が独自調査で値を載せている。利用条件が私的使用・引用のみのため値は写していない。原本を見ること。
abbfe0add37db7f6,JP,material,生コンクリート・モルタル,生コンクリート,２１－１２－４０,m3,pref_area,29,奈良県,7地区,,,,JPY,design_unit_price_ex_tax,published_restricted_not_copied,,,2026-10,2026-10-01,nara-shizai-r8-10,14,https://www.pref.nara.lg.jp/documents/8708/r0810nara_materialprice.pdf,restricted,8665bf049656,県が独自調査で値を載せている。利用条件が私的使用・引用のみのため値は写していない。原本を見ること。
326a765ebb2710fd,JP,material,生コンクリート・モルタル,生コンクリート,２１－１２－４０,m3,pref_area,29,奈良県,8地区,,,,JPY,design_unit_price_ex_tax,published_restricted_not_copied,,,2026-10,2026-10-01,nara-shizai-r8-10,14,https://www.pref.nara.lg.jp/documents/8708/r0810nara_materialprice.pdf,restricted,8665bf049656,県が独自調査で値を載せている。利用条件が私的使用・引用のみのため値は写していない。原本を見ること。
4ffc1820ecdcf128,JP,material,生コンクリート・モルタル,生コンクリート,２１－１２－４０,m3,pref_area,29,奈良県,9地区,,,,JPY,design_unit_price_ex_tax,published_restricted_not_copied,,,2026-10,2026-10-01,nara-shizai-r8-10,14,https://www.pref.nara.lg.jp/documents/8708/r0810nara_materialprice.pdf,restricted,8665bf049656,県が独自調査で値を載せている。利用条件が私的使用・引用のみのため値は写していない。原本を見ること。
366004af51aec316,JP,material,生コンクリート・モルタル,生コンクリート,２１－１２－４０,m3,pref_area,29,奈良県,10地区,,,,JPY,design_unit_price_ex_tax,published_restricted_not_copied,,,2026-10,2026-10-01,nara-shizai-r8-10,14,https://www.pref.nara.lg.jp/documents/8708/r0810nara_materialprice.pdf,restricted,8665bf049656,県が独自調査で値を載せている。利用条件が私的使用・引用のみのため値は写していない。原本を見ること。
b7c7395953ea17a2,JP,material,生コンクリート・モルタル,生コンクリート,２１－１２－４０,m3,pref_area,29,奈良県,11地区,,,,JPY,design_unit_price_ex_tax,published_restricted_not_copied,,,2026-10,2026-10-01,nara-shizai-r8-10,14,https://www.pref.nara.lg.jp/documents/8708/r0810nara_materialprice.pdf,restricted,8665bf049656,県が独自調査で値を載せている。利用条件が私的使用・引用のみのため値は写していない。原本を見ること。
cd9f84badf4230ee,JP,material,生コンクリート・モルタル,生コンクリート,21-12-40-N (W/C=60%以下),m3,pref_area,29,奈良県,1地区,,,,JPY,design_unit_price_ex_tax,publication_based_not_public,,,2026-10,2026-10-01,nara-shizai-r8-10,14,https://www.pref.nara.lg.jp/documents/8708/r0810nara_materialprice.pdf,restricted,1549a1de44f1,原本で『○＝刊行物単価使用』。県は規格だけを載せ、単価は載せていない(市販の物価資料の値)。公的に公開された値は存在しない。
f828c00f8fa122f0,JP,material,生コンクリート・モルタル,生コンクリート,21-12-40-N (W/C=60%以下),m3,pref_area,29,奈良県,2地区,,,,JPY,design_unit_price_ex_tax,publication_based_not_public,,,2026-10,2026-10-01,nara-shizai-r8-10,14,https://www.pref.nara.lg.jp/documents/8708/r0810nara_materialprice.pdf,restricted,1549a1de44f1,原本で『○＝刊行物単価使用』。県は規格だけを載せ、単価は載せていない(市販の物価資料の値)。公的に公開された値は存在しない。
957555c372bab47f,JP,material,生コンクリート・モルタル,生コンクリート,21-12-40-N (W/C=60%以下),m3,pref_area,29,奈良県,3地区,,,,JPY,design_unit_price_ex_tax,publication_based_not_public,,,2026-10,2026-10-01,nara-shizai-r8-10,14,https://www.pref.nara.lg.jp/documents/8708/r0810nara_materialprice.pdf,restricted,1549a1de44f1,原本で『○＝刊行物単価使用』。県は規格だけを載せ、単価は載せていない(市販の物価資料の値)。公的に公開された値は存在しない。
141cc3ed766777c2,JP,material,生コンクリート・モルタル,生コンクリート,21-12-40-N (W/C=60%以下),m3,pref_area,29,奈良県,4地区,,,,JPY,design_unit_price_ex_tax,publication_based_not_public,,,2026-10,2026-10-01,nara-shizai-r8-10,14,https://www.pref.nara.lg.jp/documents/8708/r0810nara_materialprice.pdf,restricted,1549a1de44f1,原本で『○＝刊行物単価使用』。県は規格だけを載せ、単価は載せていない(市販の物価資料の値)。公的に公開された値は存在しない。
fe97c99135199a62,JP,material,生コンクリート・モルタル,生コンクリート,21-12-40-N (W/C=60%以下),m3,pref_area,29,奈良県,5地区,,,,JPY,design_unit_price_ex_tax,published_restricted_not_copied,,,2026-10,2026-10-01,nara-shizai-r8-10,14,https://www.pref.nara.lg.jp/documents/8708/r0810nara_materialprice.pdf,restricted,1549a1de44f1,県が独自調査で値を載せている。利用条件が私的使用・引用のみのため値は写していない。原本を見ること。
61364f4189b749ec,JP,material,生コンクリート・モルタル,生コンクリート,21-12-40-N (W/C=60%以下),m3,pref_area,29,奈良県,6地区,,,,JPY,design_unit_price_ex_tax,publication_based_not_public,,,2026-10,2026-10-01,nara-shizai-r8-10,14,https://www.pref.nara.lg.jp/documents/8708/r0810nara_materialprice.pdf,restricted,1549a1de44f1,原本で『○＝刊行物単価使用』。県は規格だけを載せ、単価は載せていない(市販の物価資料の値)。公的に公開された値は存在しない。
0c30034e40a7c747,JP,material,生コンクリート・モルタル,生コンクリート,21-12-40-N (W/C=60%以下),m3,pref_area,29,奈良県,7地区,,,,JPY,design_unit_price_ex_tax,published_restricted_not_copied,,,2026-10,2026-10-01,nara-shizai-r8-10,14,https://www.pref.nara.lg.jp/documents/8708/r0810nara_materialprice.pdf,restricted,1549a1de44f1,県が独自調査で値を載せている。利用条件が私的使用・引用のみのため値は写していない。原本を見ること。
0d71f1ee67e63ff2,JP,material,生コンクリート・モルタル,生コンクリート,21-12-40-N (W/C=60%以下),m3,pref_area,29,奈良県,8地区,,,,JPY,design_unit_price_ex_tax,publication_based_not_public,,,2026-10,2026-10-01,nara-shizai-r8-10,14,https://www.pref.nara.lg.jp/documents/8708/r0810nara_materialprice.pdf,restricted,1549a1de44f1,原本で『○＝刊行物単価使用』。県は規格だけを載せ、単価は載せていない(市販の物価資料の値)。公的に公開された値は存在しない。
d69409fc82acf058,JP,material,生コンクリート・モルタル,生コンクリート,21-12-40-N (W/C=60%以下),m3,pref_area,29,奈良県,9地区,,,,JPY,design_unit_price_ex_tax,publication_based_not_public,,,2026-10,2026-10-01,nara-shizai-r8-10,14,https://www.pref.nara.lg.jp/documents/8708/r0810nara_materialprice.pdf,restricted,1549a1de44f1,原本で『○＝刊行物単価使用』。県は規格だけを載せ、単価は載せていない(市販の物価資料の値)。公的に公開された値は存在しない。
1a7d26ac4c1b9bb4,JP,material,生コンクリート・モルタル,生コンクリート,21-12-40-N (W/C=60%以下),m3,pref_area,29,奈良県,10地区,,,,JPY,design_unit_price_ex_tax,publication_based_not_public,,,2026-10,2026-10-01,nara-shizai-r8-10,14,https://www.pref.nara.lg.jp/documents/8708/r0810nara_materialprice.pdf,restricted,1549a1de44f1,原本で『○＝刊行物単価使用』。県は規格だけを載せ、単価は載せていない(市販の物価資料の値)。公的に公開された値は存在しない。
588ef9ad43165288,JP,material,生コンクリート・モルタル,生コンクリート,21-12-40-N (W/C=60%以下),m3,pref_area,29,奈良県,11地区,,,,JPY,design_unit_price_ex_tax,published_restricted_not_copied,,,2026-10,2026-10-01,nara-shizai-r8-10,14,https://www.pref.nara.lg.jp/documents/8708/r0810nara_materialprice.pdf,restricted,1549a1de44f1,県が独自調査で値を載せている。利用条件が私的使用・引用のみのため値は写していない。原本を見ること。
09dc738b2b06c786,JP,material,生コンクリート・モルタル,生コンクリート,21-15-25(20)-N (W/C=55%以下),m3,pref_area,29,奈良県,1地区,,,,JPY,design_unit_price_ex_tax,published_restricted_not_copied,,,2026-10,2026-10-01,nara-shizai-r8-10,14,https://www.pref.nara.lg.jp/documents/8708/r0810nara_materialprice.pdf,restricted,c9cd44f51d5d,県が独自調査で値を載せている。利用条件が私的使用・引用のみのため値は写していない。原本を見ること。
39d551c4d6cf12ac,JP,material,生コンクリート・モルタル,生コンクリート,21-15-25(20)-N (W/C=55%以下),m3,pref_area,29,奈良県,2地区,,,,JPY,design_unit_price_ex_tax,published_restricted_not_copied,,,2026-10,2026-10-01,nara-shizai-r8-10,14,https://www.pref.nara.lg.jp/documents/8708/r0810nara_materialprice.pdf,restricted,c9cd44f51d5d,県が独自調査で値を載せている。利用条件が私的使用・引用のみのため値は写していない。原本を見ること。
8b79f91e39d4636b,JP,material,生コンクリート・モルタル,生コンクリート,21-15-25(20)-N (W/C=55%以下),m3,pref_area,29,奈良県,3地区,,,,JPY,design_unit_price_ex_tax,published_restricted_not_copied,,,2026-10,2026-10-01,nara-shizai-r8-10,14,https://www.pref.nara.lg.jp/documents/8708/r0810nara_materialprice.pdf,restricted,c9cd44f51d5d,県が独自調査で値を載せている。利用条件が私的使用・引用のみのため値は写していない。原本を見ること。
d8b6bcbb4c110246,JP,material,生コンクリート・モルタル,生コンクリート,21-15-25(20)-N (W/C=55%以下),m3,pref_area,29,奈良県,4地区,,,,JPY,design_unit_price_ex_tax,published_restricted_not_copied,,,2026-10,2026-10-01,nara-shizai-r8-10,14,https://www.pref.nara.lg.jp/documents/8708/r0810nara_materialprice.pdf,restricted,c9cd44f51d5d,県が独自調査で値を載せている。利用条件が私的使用・引用のみのため値は写していない。原本を見ること。
e87aaecd29757d59,JP,material,生コンクリート・モルタル,生コンクリート,21-15-25(20)-N (W/C=55%以下),m3,pref_area,29,奈良県,5地区,,,,JPY,design_unit_price_ex_tax,published_restricted_not_copied,,,2026-10,2026-10-01,nara-shizai-r8-10,14,https://www.pref.nara.lg.jp/documents/8708/r0810nara_materialprice.pdf,restricted,c9cd44f51d5d,県が独自調査で値を載せている。利用条件が私的使用・引用のみのため値は写していない。原本を見ること。
40ab179203cf0277,JP,material,生コンクリート・モルタル,生コンクリート,21-15-25(20)-N (W/C=55%以下),m3,pref_area,29,奈良県,6地区,,,,JPY,design_unit_price_ex_tax,published_restricted_not_copied,,,2026-10,2026-10-01,nara-shizai-r8-10,14,https://www.pref.nara.lg.jp/documents/8708/r0810nara_materialprice.pdf,restricted,c9cd44f51d5d,県が独自調査で値を載せている。利用条件が私的使用・引用のみのため値は写していない。原本を見ること。
be5ce8e65b40ff42,JP,material,生コンクリート・モルタル,生コンクリート,21-15-25(20)-N (W/C=55%以下),m3,pref_area,29,奈良県,7地区,,,,JPY,design_unit_price_ex_tax,published_restricted_not_copied,,,2026-10,2026-10-01,nara-shizai-r8-10,14,https://www.pref.nara.lg.jp/documents/8708/r0810nara_materialprice.pdf,restricted,c9cd44f51d5d,県が独自調査で値を載せている。利用条件が私的使用・引用のみのため値は写していない。原本を見ること。
22b229d25adea604,JP,material,生コンクリート・モルタル,生コンクリート,21-15-25(20)-N (W/C=55%以下),m3,pref_area,29,奈良県,8地区,,,,JPY,design_unit_price_ex_tax,published_restricted_not_copied,,,2026-10,2026-10-01,nara-shizai-r8-10,14,https://www.pref.nara.lg.jp/documents/8708/r0810nara_materialprice.pdf,restricted,c9cd44f51d5d,県が独自調査で値を載せている。利用条件が私的使用・引用のみのため値は写していない。原本を見ること。
131e1b4222fb6762,JP,material,生コンクリート・モルタル,生コンクリート,21-15-25(20)-N (W/C=55%以下),m3,pref_area,29,奈良県,9地区,,,,JPY,design_unit_price_ex_tax,published_restricted_not_copied,,,2026-10,2026-10-01,nara-shizai-r8-10,14,https://www.pref.nara.lg.jp/documents/8708/r0810nara_materialprice.pdf,restricted,c9cd44f51d5d,県が独自調査で値を載せている。利用条件が私的使用・引用のみのため値は写していない。原本を見ること。
d4439cfe70bb61e1,JP,material,生コンクリート・モルタル,生コンクリート,21-15-25(20)-N (W/C=55%以下),m3,pref_area,29,奈良県,10地区,,,,JPY,design_unit_price_ex_tax,published_restricted_not_copied,,,2026-10,2026-10-01,nara-shizai-r8-10,14,https://www.pref.nara.lg.jp/documents/8708/r0810nara_materialprice.pdf,restricted,c9cd44f51d5d,県が独自調査で値を載せている。利用条件が私的使用・引用のみのため値は写していない。原本を見ること。
4bacf82b88322df6,JP,material,生コンクリート・モルタル,生コンクリート,21-15-25(20)-N (W/C=55%以下),m3,pref_area,29,奈良県,11地区,,,,JPY,design_unit_price_ex_tax,published_restricted_not_copied,,,2026-10,2026-10-01,nara-shizai-r8-10,14,https://www.pref.nara.lg.jp/documents/8708/r0810nara_materialprice.pdf,restricted,c9cd44f51d5d,県が独自調査で値を載せている。利用条件が私的使用・引用のみのため値は写していない。原本を見ること。
e71a3a6215fd1f10,JP,material,生コンクリート・モルタル,生コンクリート,21-15-25(20)-N (W/C=60%以下),m3,pref_area,29,奈良県,1地区,,,,JPY,design_unit_price_ex_tax,publication_based_not_public,,,2026-10,2026-10-01,nara-shizai-r8-10,14,https://www.pref.nara.lg.jp/documents/8708/r0810nara_materialprice.pdf,restricted,8932efad6847,原本で『○＝刊行物単価使用』。県は規格だけを載せ、単価は載せていない(市販の物価資料の値)。公的に公開された値は存在しない。
4d51dead7ff2a3fd,JP,material,生コンクリート・モルタル,生コンクリート,21-15-25(20)-N (W/C=60%以下),m3,pref_area,29,奈良県,2地区,,,,JPY,design_unit_price_ex_tax,publication_based_not_public,,,2026-10,2026-10-01,nara-shizai-r8-10,14,https://www.pref.nara.lg.jp/documents/8708/r0810nara_materialprice.pdf,restricted,8932efad6847,原本で『○＝刊行物単価使用』。県は規格だけを載せ、単価は載せていない(市販の物価資料の値)。公的に公開された値は存在しない。
1d07d3886ccab50c,JP,material,生コンクリート・モルタル,生コンクリート,21-15-25(20)-N (W/C=60%以下),m3,pref_area,29,奈良県,3地区,,,,JPY,design_unit_price_ex_tax,publication_based_not_public,,,2026-10,2026-10-01,nara-shizai-r8-10,14,https://www.pref.nara.lg.jp/documents/8708/r0810nara_materialprice.pdf,restricted,8932efad6847,原本で『○＝刊行物単価使用』。県は規格だけを載せ、単価は載せていない(市販の物価資料の値)。公的に公開された値は存在しない。
7f4d984204b6cfe8,JP,material,生コンクリート・モルタル,生コンクリート,21-15-25(20)-N (W/C=60%以下),m3,pref_area,29,奈良県,4地区,,,,JPY,design_unit_price_ex_tax,publication_based_not_public,,,2026-10,2026-10-01,nara-shizai-r8-10,14,https://www.pref.nara.lg.jp/documents/8708/r0810nara_materialprice.pdf,restricted,8932efad6847,原本で『○＝刊行物単価使用』。県は規格だけを載せ、単価は載せていない(市販の物価資料の値)。公的に公開された値は存在しない。
ef6bd8a9bded900c,JP,material,生コンクリート・モルタル,生コンクリート,21-15-25(20)-N (W/C=60%以下),m3,pref_area,29,奈良県,5地区,,,,JPY,design_unit_price_ex_tax,published_restricted_not_copied,,,2026-10,2026-10-01,nara-shizai-r8-10,14,https://www.pref.nara.lg.jp/documents/8708/r0810nara_materialprice.pdf,restricted,8932efad6847,県が独自調査で値を載せている。利用条件が私的使用・引用のみのため値は写していない。原本を見ること。
2bd48cb173f1f3e6,JP,material,生コンクリート・モルタル,生コンクリート,21-15-25(20)-N (W/C=60%以下),m3,pref_area,29,奈良県,6地区,,,,JPY,design_unit_price_ex_tax,publication_based_not_public,,,2026-10,2026-10-01,nara-shizai-r8-10,14,https://www.pref.nara.lg.jp/documents/8708/r0810nara_materialprice.pdf,restricted,8932efad6847,原本で『○＝刊行物単価使用』。県は規格だけを載せ、単価は載せていない(市販の物価資料の値)。公的に公開された値は存在しない。
75463f0ce501bbb1,JP,material,生コンクリート・モルタル,生コンクリート,21-15-25(20)-N (W/C=60%以下),m3,pref_area,29,奈良県,7地区,,,,JPY,design_unit_price_ex_tax,published_restricted_not_copied,,,2026-10,2026-10-01,nara-shizai-r8-10,14,https://www.pref.nara.lg.jp/documents/8708/r0810nara_materialprice.pdf,restricted,8932efad6847,県が独自調査で値を載せている。利用条件が私的使用・引用のみのため値は写していない。原本を見ること。
16b2b1e001490e54,JP,material,生コンクリート・モルタル,生コンクリート,21-15-25(20)-N (W/C=60%以下),m3,pref_area,29,奈良県,8地区,,,,JPY,design_unit_price_ex_tax,publication_based_not_public,,,2026-10,2026-10-01,nara-shizai-r8-10,14,https://www.pref.nara.lg.jp/documents/8708/r0810nara_materialprice.pdf,restricted,8932efad6847,原本で『○＝刊行物単価使用』。県は規格だけを載せ、単価は載せていない(市販の物価資料の値)。公的に公開された値は存在しない。
6298c58e111cd22f,JP,material,生コンクリート・モルタル,生コンクリート,21-15-25(20)-N (W/C=60%以下),m3,pref_area,29,奈良県,9地区,,,,JPY,design_unit_price_ex_tax,publication_based_not_public,,,2026-10,2026-10-01,nara-shizai-r8-10,14,https://www.pref.nara.lg.jp/documents/8708/r0810nara_materialprice.pdf,restricted,8932efad6847,原本で『○＝刊行物単価使用』。県は規格だけを載せ、単価は載せていない(市販の物価資料の値)。公的に公開された値は存在しない。
5ec247d098e13fe5,JP,material,生コンクリート・モルタル,生コンクリート,21-15-25(20)-N (W/C=60%以下),m3,pref_area,29,奈良県,10地区,,,,JPY,design_unit_price_ex_tax,publication_based_not_public,,,2026-10,2026-10-01,nara-shizai-r8-10,14,https://www.pref.nara.lg.jp/documents/8708/r0810nara_materialprice.pdf,restricted,8932efad6847,原本で『○＝刊行物単価使用』。県は規格だけを載せ、単価は載せていない(市販の物価資料の値)。公的に公開された値は存在しない。
d56cd3eff240a272,JP,material,生コンクリート・モルタル,生コンクリート,21-15-25(20)-N (W/C=60%以下),m3,pref_area,29,奈良県,11地区,,,,JPY,design_unit_price_ex_tax,published_restricted_not_copied,,,2026-10,2026-10-01,nara-shizai-r8-10,14,https://www.pref.nara.lg.jp/documents/8708/r0810nara_materialprice.pdf,restricted,8932efad6847,県が独自調査で値を載せている。利用条件が私的使用・引用のみのため値は写していない。原本を見ること。
34fec8652dc00cb3,JP,material,生コンクリート・モルタル,生コンクリート,２４－８－２５（２０）,m3,pref_area,29,奈良県,1地区,,,,JPY,design_unit_price_ex_tax,publication_based_not_public,,,2026-10,2026-10-01,nara-shizai-r8-10,14,https://www.pref.nara.lg.jp/documents/8708/r0810nara_materialprice.pdf,restricted,c7034bd79cbd,原本で『○＝刊行物単価使用』。県は規格だけを載せ、単価は載せていない(市販の物価資料の値)。公的に公開された値は存在しない。
a42ff48fe119364a,JP,material,生コンクリート・モルタル,生コンクリート,２４－８－２５（２０）,m3,pref_area,29,奈良県,2地区,,,,JPY,design_unit_price_ex_tax,publication_based_not_public,,,2026-10,2026-10-01,nara-shizai-r8-10,14,https://www.pref.nara.lg.jp/documents/8708/r0810nara_materialprice.pdf,restricted,c7034bd79cbd,原本で『○＝刊行物単価使用』。県は規格だけを載せ、単価は載せていない(市販の物価資料の値)。公的に公開された値は存在しない。
0bbaf4580b7576da,JP,material,生コンクリート・モルタル,生コンクリート,２４－８－２５（２０）,m3,pref_area,29,奈良県,3地区,,,,JPY,design_unit_price_ex_tax,publication_based_not_public,,,2026-10,2026-10-01,nara-shizai-r8-10,14,https://www.pref.nara.lg.jp/documents/8708/r0810nara_materialprice.pdf,restricted,c7034bd79cbd,原本で『○＝刊行物単価使用』。県は規格だけを載せ、単価は載せていない(市販の物価資料の値)。公的に公開された値は存在しない。
ea556515edf9a5cd,JP,material,生コンクリート・モルタル,生コンクリート,２４－８－２５（２０）,m3,pref_area,29,奈良県,4地区,,,,JPY,design_unit_price_ex_tax,publication_based_not_public,,,2026-10,2026-10-01,nara-shizai-r8-10,14,https://www.pref.nara.lg.jp/documents/8708/r0810nara_materialprice.pdf,restricted,c7034bd79cbd,原本で『○＝刊行物単価使用』。県は規格だけを載せ、単価は載せていない(市販の物価資料の値)。公的に公開された値は存在しない。
29fd5767e75b5362,JP,material,生コンクリート・モルタル,生コンクリート,２４－８－２５（２０）,m3,pref_area,29,奈良県,5地区,,,,JPY,design_unit_price_ex_tax,published_restricted_not_copied,,,2026-10,2026-10-01,nara-shizai-r8-10,14,https://www.pref.nara.lg.jp/documents/8708/r0810nara_materialprice.pdf,restricted,c7034bd79cbd,県が独自調査で値を載せている。利用条件が私的使用・引用のみのため値は写していない。原本を見ること。
c88383a72f1ca77d,JP,material,生コンクリート・モルタル,生コンクリート,２４－８－２５（２０）,m3,pref_area,29,奈良県,6地区,,,,JPY,design_unit_price_ex_tax,publication_based_not_public,,,2026-10,2026-10-01,nara-shizai-r8-10,14,https://www.pref.nara.lg.jp/documents/8708/r0810nara_materialprice.pdf,restricted,c7034bd79cbd,原本で『○＝刊行物単価使用』。県は規格だけを載せ、単価は載せていない(市販の物価資料の値)。公的に公開された値は存在しない。
fe675ab3cb79b468,JP,material,生コンクリート・モルタル,生コンクリート,２４－８－２５（２０）,m3,pref_area,29,奈良県,7地区,,,,JPY,design_unit_price_ex_tax,published_restricted_not_copied,,,2026-10,2026-10-01,nara-shizai-r8-10,14,https://www.pref.nara.lg.jp/documents/8708/r0810nara_materialprice.pdf,restricted,c7034bd79cbd,県が独自調査で値を載せている。利用条件が私的使用・引用のみのため値は写していない。原本を見ること。
86b0b897d04da414,JP,material,生コンクリート・モルタル,生コンクリート,２４－８－２５（２０）,m3,pref_area,29,奈良県,8地区,,,,JPY,design_unit_price_ex_tax,publication_based_not_public,,,2026-10,2026-10-01,nara-shizai-r8-10,14,https://www.pref.nara.lg.jp/documents/8708/r0810nara_materialprice.pdf,restricted,c7034bd79cbd,原本で『○＝刊行物単価使用』。県は規格だけを載せ、単価は載せていない(市販の物価資料の値)。公的に公開された値は存在しない。
1e058849ebba6cac,JP,material,生コンクリート・モルタル,生コンクリート,２４－８－２５（２０）,m3,pref_area,29,奈良県,9地区,,,,JPY,design_unit_price_ex_tax,publication_based_not_public,,,2026-10,2026-10-01,nara-shizai-r8-10,14,https://www.pref.nara.lg.jp/documents/8708/r0810nara_materialprice.pdf,restricted,c7034bd79cbd,原本で『○＝刊行物単価使用』。県は規格だけを載せ、単価は載せていない(市販の物価資料の値)。公的に公開された値は存在しない。
56f116195bf19877,JP,material,生コンクリート・モルタル,生コンクリート,２４－８－２５（２０）,m3,pref_area,29,奈良県,10地区,,,,JPY,design_unit_price_ex_tax,publication_based_not_public,,,2026-10,2026-10-01,nara-shizai-r8-10,14,https://www.pref.nara.lg.jp/documents/8708/r0810nara_materialprice.pdf,restricted,c7034bd79cbd,原本で『○＝刊行物単価使用』。県は規格だけを載せ、単価は載せていない(市販の物価資料の値)。公的に公開された値は存在しない。
70b339e3f3a3ac09,JP,material,生コンクリート・モルタル,生コンクリート,２４－８－２５（２０）,m3,pref_area,29,奈良県,11地区,,,,JPY,design_unit_price_ex_tax,published_restricted_not_copied,,,2026-10,2026-10-01,nara-shizai-r8-10,14,https://www.pref.nara.lg.jp/documents/8708/r0810nara_materialprice.pdf,restricted,c7034bd79cbd,県が独自調査で値を載せている。利用条件が私的使用・引用のみのため値は写していない。原本を見ること。
1c5fcfcdfe81381d,JP,material,生コンクリート・モルタル,生コンクリート,２４－８－４０,m3,pref_area,29,奈良県,1地区,,,,JPY,design_unit_price_ex_tax,publication_based_not_public,,,2026-10,2026-10-01,nara-shizai-r8-10,14,https://www.pref.nara.lg.jp/documents/8708/r0810nara_materialprice.pdf,restricted,764185d9dd01,原本で『○＝刊行物単価使用』。県は規格だけを載せ、単価は載せていない(市販の物価資料の値)。公的に公開された値は存在しない。
6f3686c40f4f307a,JP,material,生コンクリート・モルタル,生コンクリート,２４－８－４０,m3,pref_area,29,奈良県,2地区,,,,JPY,design_unit_price_ex_tax,publication_based_not_public,,,2026-10,2026-10-01,nara-shizai-r8-10,14,https://www.pref.nara.lg.jp/documents/8708/r0810nara_materialprice.pdf,restricted,764185d9dd01,原本で『○＝刊行物単価使用』。県は規格だけを載せ、単価は載せていない(市販の物価資料の値)。公的に公開された値は存在しない。
3baf141590367522,JP,material,生コンクリート・モルタル,生コンクリート,２４－８－４０,m3,pref_area,29,奈良県,3地区,,,,JPY,design_unit_price_ex_tax,publication_based_not_public,,,2026-10,2026-10-01,nara-shizai-r8-10,14,https://www.pref.nara.lg.jp/documents/8708/r0810nara_materialprice.pdf,restricted,764185d9dd01,原本で『○＝刊行物単価使用』。県は規格だけを載せ、単価は載せていない(市販の物価資料の値)。公的に公開された値は存在しない。
f1219c9899db8535,JP,material,生コンクリート・モルタル,生コンクリート,２４－８－４０,m3,pref_area,29,奈良県,4地区,,,,JPY,design_unit_price_ex_tax,publication_based_not_public,,,2026-10,2026-10-01,nara-shizai-r8-10,14,https://www.pref.nara.lg.jp/documents/8708/r0810nara_materialprice.pdf,restricted,764185d9dd01,原本で『○＝刊行物単価使用』。県は規格だけを載せ、単価は載せていない(市販の物価資料の値)。公的に公開された値は存在しない。
08c837ad1cc8dd51,JP,material,生コンクリート・モルタル,生コンクリート,２４－８－４０,m3,pref_area,29,奈良県,5地区,,,,JPY,design_unit_price_ex_tax,published_restricted_not_copied,,,2026-10,2026-10-01,nara-shizai-r8-10,14,https://www.pref.nara.lg.jp/documents/8708/r0810nara_materialprice.pdf,restricted,764185d9dd01,県が独自調査で値を載せている。利用条件が私的使用・引用のみのため値は写していない。原本を見ること。
1ce393eb463fd1f1,JP,material,生コンクリート・モルタル,生コンクリート,２４－８－４０,m3,pref_area,29,奈良県,6地区,,,,JPY,design_unit_price_ex_tax,publication_based_not_public,,,2026-10,2026-10-01,nara-shizai-r8-10,14,https://www.pref.nara.lg.jp/documents/8708/r0810nara_materialprice.pdf,restricted,764185d9dd01,原本で『○＝刊行物単価使用』。県は規格だけを載せ、単価は載せていない(市販の物価資料の値)。公的に公開された値は存在しない。
4bff4e224dca315a,JP,material,生コンクリート・モルタル,生コンクリート,２４－８－４０,m3,pref_area,29,奈良県,7地区,,,,JPY,design_unit_price_ex_tax,published_restricted_not_copied,,,2026-10,2026-10-01,nara-shizai-r8-10,14,https://www.pref.nara.lg.jp/documents/8708/r0810nara_materialprice.pdf,restricted,764185d9dd01,県が独自調査で値を載せている。利用条件が私的使用・引用のみのため値は写していない。原本を見ること。
9eded0c60c815fb1,JP,material,生コンクリート・モルタル,生コンクリート,２４－８－４０,m3,pref_area,29,奈良県,8地区,,,,JPY,design_unit_price_ex_tax,publication_based_not_public,,,2026-10,2026-10-01,nara-shizai-r8-10,14,https://www.pref.nara.lg.jp/documents/8708/r0810nara_materialprice.pdf,restricted,764185d9dd01,原本で『○＝刊行物単価使用』。県は規格だけを載せ、単価は載せていない(市販の物価資料の値)。公的に公開された値は存在しない。
de2de6deaca00292,JP,material,生コンクリート・モルタル,生コンクリート,２４－８－４０,m3,pref_area,29,奈良県,9地区,,,,JPY,design_unit_price_ex_tax,publication_based_not_public,,,2026-10,2026-10-01,nara-shizai-r8-10,14,https://www.pref.nara.lg.jp/documents/8708/r0810nara_materialprice.pdf,restricted,764185d9dd01,原本で『○＝刊行物単価使用』。県は規格だけを載せ、単価は載せていない(市販の物価資料の値)。公的に公開された値は存在しない。
92da8e370b1286ec,JP,material,生コンクリート・モルタル,生コンクリート,２４－８－４０,m3,pref_area,29,奈良県,10地区,,,,JPY,design_unit_price_ex_tax,publication_based_not_public,,,2026-10,2026-10-01,nara-shizai-r8-10,14,https://www.pref.nara.lg.jp/documents/8708/r0810nara_materialprice.pdf,restricted,764185d9dd01,原本で『○＝刊行物単価使用』。県は規格だけを載せ、単価は載せていない(市販の物価資料の値)。公的に公開された値は存在しない。
e0fe86aa7a775a15,JP,material,生コンクリート・モルタル,生コンクリート,２４－８－４０,m3,pref_area,29,奈良県,11地区,,,,JPY,design_unit_price_ex_tax,published_restricted_not_copied,,,2026-10,2026-10-01,nara-shizai-r8-10,14,https://www.pref.nara.lg.jp/documents/8708/r0810nara_materialprice.pdf,restricted,764185d9dd01,県が独自調査で値を載せている。利用条件が私的使用・引用のみのため値は写していない。原本を見ること。
46b4e9e6cebfc753,JP,material,生コンクリート・モルタル,生コンクリート,２４－１２－４０,m3,pref_area,29,奈良県,1地区,,,,JPY,design_unit_price_ex_tax,publication_based_not_public,,,2026-10,2026-10-01,nara-shizai-r8-10,14,https://www.pref.nara.lg.jp/documents/8708/r0810nara_materialprice.pdf,restricted,9daef3d429f6,原本で『○＝刊行物単価使用』。県は規格だけを載せ、単価は載せていない(市販の物価資料の値)。公的に公開された値は存在しない。
e6bef70ec99f3ff6,JP,material,生コンクリート・モルタル,生コンクリート,２４－１２－４０,m3,pref_area,29,奈良県,2地区,,,,JPY,design_unit_price_ex_tax,publication_based_not_public,,,2026-10,2026-10-01,nara-shizai-r8-10,14,https://www.pref.nara.lg.jp/documents/8708/r0810nara_materialprice.pdf,restricted,9daef3d429f6,原本で『○＝刊行物単価使用』。県は規格だけを載せ、単価は載せていない(市販の物価資料の値)。公的に公開された値は存在しない。
c5977881ed36b2ad,JP,material,生コンクリート・モルタル,生コンクリート,２４－１２－４０,m3,pref_area,29,奈良県,3地区,,,,JPY,design_unit_price_ex_tax,publication_based_not_public,,,2026-10,2026-10-01,nara-shizai-r8-10,14,https://www.pref.nara.lg.jp/documents/8708/r0810nara_materialprice.pdf,restricted,9daef3d429f6,原本で『○＝刊行物単価使用』。県は規格だけを載せ、単価は載せていない(市販の物価資料の値)。公的に公開された値は存在しない。
002944b8fce8a0cb,JP,material,生コンクリート・モルタル,生コンクリート,２４－１２－４０,m3,pref_area,29,奈良県,4地区,,,,JPY,design_unit_price_ex_tax,publication_based_not_public,,,2026-10,2026-10-01,nara-shizai-r8-10,14,https://www.pref.nara.lg.jp/documents/8708/r0810nara_materialprice.pdf,restricted,9daef3d429f6,原本で『○＝刊行物単価使用』。県は規格だけを載せ、単価は載せていない(市販の物価資料の値)。公的に公開された値は存在しない。
157d65da550cc2f0,JP,material,生コンクリート・モルタル,生コンクリート,２４－１２－４０,m3,pref_area,29,奈良県,5地区,,,,JPY,design_unit_price_ex_tax,published_restricted_not_copied,,,2026-10,2026-10-01,nara-shizai-r8-10,14,https://www.pref.nara.lg.jp/documents/8708/r0810nara_materialprice.pdf,restricted,9daef3d429f6,県が独自調査で値を載せている。利用条件が私的使用・引用のみのため値は写していない。原本を見ること。
858d7812dfd98ca1,JP,material,生コンクリート・モルタル,生コンクリート,２４－１２－４０,m3,pref_area,29,奈良県,6地区,,,,JPY,design_unit_price_ex_tax,publication_based_not_public,,,2026-10,2026-10-01,nara-shizai-r8-10,14,https://www.pref.nara.lg.jp/documents/8708/r0810nara_materialprice.pdf,restricted,9daef3d429f6,原本で『○＝刊行物単価使用』。県は規格だけを載せ、単価は載せていない(市販の物価資料の値)。公的に公開された値は存在しない。
a1516ed2d162271a,JP,material,生コンクリート・モルタル,生コンクリート,２４－１２－４０,m3,pref_area,29,奈良県,7地区,,,,JPY,design_unit_price_ex_tax,published_restricted_not_copied,,,2026-10,2026-10-01,nara-shizai-r8-10,14,https://www.pref.nara.lg.jp/documents/8708/r0810nara_materialprice.pdf,restricted,9daef3d429f6,県が独自調査で値を載せている。利用条件が私的使用・引用のみのため値は写していない。原本を見ること。
b8cfa039024acad9,JP,material,生コンクリート・モルタル,生コンクリート,２４－１２－４０,m3,pref_area,29,奈良県,8地区,,,,JPY,design_unit_price_ex_tax,publication_based_not_public,,,2026-10,2026-10-01,nara-shizai-r8-10,14,https://www.pref.nara.lg.jp/documents/8708/r0810nara_materialprice.pdf,restricted,9daef3d429f6,原本で『○＝刊行物単価使用』。県は規格だけを載せ、単価は載せていない(市販の物価資料の値)。公的に公開された値は存在しない。
5f09e98528afd349,JP,material,生コンクリート・モルタル,生コンクリート,２４－１２－４０,m3,pref_area,29,奈良県,9地区,,,,JPY,design_unit_price_ex_tax,publication_based_not_public,,,2026-10,2026-10-01,nara-shizai-r8-10,14,https://www.pref.nara.lg.jp/documents/8708/r0810nara_materialprice.pdf,restricted,9daef3d429f6,原本で『○＝刊行物単価使用』。県は規格だけを載せ、単価は載せていない(市販の物価資料の値)。公的に公開された値は存在しない。
d664436f15aa60eb,JP,material,生コンクリート・モルタル,生コンクリート,２４－１２－４０,m3,pref_area,29,奈良県,10地区,,,,JPY,design_unit_price_ex_tax,publication_based_not_public,,,2026-10,2026-10-01,nara-shizai-r8-10,14,https://www.pref.nara.lg.jp/documents/8708/r0810nara_materialprice.pdf,restricted,9daef3d429f6,原本で『○＝刊行物単価使用』。県は規格だけを載せ、単価は載せていない(市販の物価資料の値)。公的に公開された値は存在しない。
753c7742c70b328b,JP,material,生コンクリート・モルタル,生コンクリート,２４－１２－４０,m3,pref_area,29,奈良県,11地区,,,,JPY,design_unit_price_ex_tax,published_restricted_not_copied,,,2026-10,2026-10-01,nara-shizai-r8-10,14,https://www.pref.nara.lg.jp/documents/8708/r0810nara_materialprice.pdf,restricted,9daef3d429f6,県が独自調査で値を載せている。利用条件が私的使用・引用のみのため値は写していない。原本を見ること。
53000a9bf82019d6,JP,material,生コンクリート・モルタル,生コンクリート,２７－５－４０,m3,pref_area,29,奈良県,1地区,,,,JPY,design_unit_price_ex_tax,publication_based_not_public,,,2026-10,2026-10-01,nara-shizai-r8-10,14,https://www.pref.nara.lg.jp/documents/8708/r0810nara_materialprice.pdf,restricted,f4e44eb1f70d,原本で『○＝刊行物単価使用』。県は規格だけを載せ、単価は載せていない(市販の物価資料の値)。公的に公開された値は存在しない。
b8019f0520bdb51f,JP,material,生コンクリート・モルタル,生コンクリート,２７－５－４０,m3,pref_area,29,奈良県,2地区,,,,JPY,design_unit_price_ex_tax,publication_based_not_public,,,2026-10,2026-10-01,nara-shizai-r8-10,14,https://www.pref.nara.lg.jp/documents/8708/r0810nara_materialprice.pdf,restricted,f4e44eb1f70d,原本で『○＝刊行物単価使用』。県は規格だけを載せ、単価は載せていない(市販の物価資料の値)。公的に公開された値は存在しない。
f9c4c8e6d0eaab9b,JP,material,生コンクリート・モルタル,生コンクリート,２７－５－４０,m3,pref_area,29,奈良県,3地区,,,,JPY,design_unit_price_ex_tax,publication_based_not_public,,,2026-10,2026-10-01,nara-shizai-r8-10,14,https://www.pref.nara.lg.jp/documents/8708/r0810nara_materialprice.pdf,restricted,f4e44eb1f70d,原本で『○＝刊行物単価使用』。県は規格だけを載せ、単価は載せていない(市販の物価資料の値)。公的に公開された値は存在しない。
411bbe99448683d3,JP,material,生コンクリート・モルタル,生コンクリート,２７－５－４０,m3,pref_area,29,奈良県,4地区,,,,JPY,design_unit_price_ex_tax,publication_based_not_public,,,2026-10,2026-10-01,nara-shizai-r8-10,14,https://www.pref.nara.lg.jp/documents/8708/r0810nara_materialprice.pdf,restricted,f4e44eb1f70d,原本で『○＝刊行物単価使用』。県は規格だけを載せ、単価は載せていない(市販の物価資料の値)。公的に公開された値は存在しない。
84c2d98d661c127e,JP,material,生コンクリート・モルタル,生コンクリート,２７－５－４０,m3,pref_area,29,奈良県,5地区,,,,JPY,design_unit_price_ex_tax,published_restricted_not_copied,,,2026-10,2026-10-01,nara-shizai-r8-10,14,https://www.pref.nara.lg.jp/documents/8708/r0810nara_materialprice.pdf,restricted,f4e44eb1f70d,県が独自調査で値を載せている。利用条件が私的使用・引用のみのため値は写していない。原本を見ること。
e2beff437a5125cb,JP,material,生コンクリート・モルタル,生コンクリート,２７－５－４０,m3,pref_area,29,奈良県,6地区,,,,JPY,design_unit_price_ex_tax,publication_based_not_public,,,2026-10,2026-10-01,nara-shizai-r8-10,14,https://www.pref.nara.lg.jp/documents/8708/r0810nara_materialprice.pdf,restricted,f4e44eb1f70d,原本で『○＝刊行物単価使用』。県は規格だけを載せ、単価は載せていない(市販の物価資料の値)。公的に公開された値は存在しない。
ed3992e33e078cd3,JP,material,生コンクリート・モルタル,生コンクリート,２７－５－４０,m3,pref_area,29,奈良県,7地区,,,,JPY,design_unit_price_ex_tax,published_restricted_not_copied,,,2026-10,2026-10-01,nara-shizai-r8-10,14,https://www.pref.nara.lg.jp/documents/8708/r0810nara_materialprice.pdf,restricted,f4e44eb1f70d,県が独自調査で値を載せている。利用条件が私的使用・引用のみのため値は写していない。原本を見ること。
ad2b32231ce2afb4,JP,material,生コンクリート・モルタル,生コンクリート,２７－５－４０,m3,pref_area,29,奈良県,8地区,,,,JPY,design_unit_price_ex_tax,publication_based_not_public,,,2026-10,2026-10-01,nara-shizai-r8-10,14,https://www.pref.nara.lg.jp/documents/8708/r0810nara_materialprice.pdf,restricted,f4e44eb1f70d,原本で『○＝刊行物単価使用』。県は規格だけを載せ、単価は載せていない(市販の物価資料の値)。公的に公開された値は存在しない。
bff4e0088b844765,JP,material,生コンクリート・モルタル,生コンクリート,２７－５－４０,m3,pref_area,29,奈良県,9地区,,,,JPY,design_unit_price_ex_tax,publication_based_not_public,,,2026-10,2026-10-01,nara-shizai-r8-10,14,https://www.pref.nara.lg.jp/documents/8708/r0810nara_materialprice.pdf,restricted,f4e44eb1f70d,原本で『○＝刊行物単価使用』。県は規格だけを載せ、単価は載せていない(市販の物価資料の値)。公的に公開された値は存在しない。
4b187f845dd0da0f,JP,material,生コンクリート・モルタル,生コンクリート,２７－５－４０,m3,pref_area,29,奈良県,10地区,,,,JPY,design_unit_price_ex_tax,publication_based_not_public,,,2026-10,2026-10-01,nara-shizai-r8-10,14,https://www.pref.nara.lg.jp/documents/8708/r0810nara_materialprice.pdf,restricted,f4e44eb1f70d,原本で『○＝刊行物単価使用』。県は規格だけを載せ、単価は載せていない(市販の物価資料の値)。公的に公開された値は存在しない。
ae34ef3000cacaaf,JP,material,生コンクリート・モルタル,生コンクリート,２７－５－４０,m3,pref_area,29,奈良県,11地区,,,,JPY,design_unit_price_ex_tax,published_restricted_not_copied,,,2026-10,2026-10-01,nara-shizai-r8-10,14,https://www.pref.nara.lg.jp/documents/8708/r0810nara_materialprice.pdf,restricted,f4e44eb1f70d,県が独自調査で値を載せている。利用条件が私的使用・引用のみのため値は写していない。原本を見ること。
50065d154a8120aa,JP,material,生コンクリート・モルタル,生コンクリート,２７－８－２５（２０）,m3,pref_area,29,奈良県,1地区,,,,JPY,design_unit_price_ex_tax,publication_based_not_public,,,2026-10,2026-10-01,nara-shizai-r8-10,14,https://www.pref.nara.lg.jp/documents/8708/r0810nara_materialprice.pdf,restricted,657cfbeea5e6,原本で『○＝刊行物単価使用』。県は規格だけを載せ、単価は載せていない(市販の物価資料の値)。公的に公開された値は存在しない。
ee9a7a710518c84e,JP,material,生コンクリート・モルタル,生コンクリート,２７－８－２５（２０）,m3,pref_area,29,奈良県,2地区,,,,JPY,design_unit_price_ex_tax,publication_based_not_public,,,2026-10,2026-10-01,nara-shizai-r8-10,14,https://www.pref.nara.lg.jp/documents/8708/r0810nara_materialprice.pdf,restricted,657cfbeea5e6,原本で『○＝刊行物単価使用』。県は規格だけを載せ、単価は載せていない(市販の物価資料の値)。公的に公開された値は存在しない。
2d2dda70421edbbb,JP,material,生コンクリート・モルタル,生コンクリート,２７－８－２５（２０）,m3,pref_area,29,奈良県,3地区,,,,JPY,design_unit_price_ex_tax,publication_based_not_public,,,2026-10,2026-10-01,nara-shizai-r8-10,14,https://www.pref.nara.lg.jp/documents/8708/r0810nara_materialprice.pdf,restricted,657cfbeea5e6,原本で『○＝刊行物単価使用』。県は規格だけを載せ、単価は載せていない(市販の物価資料の値)。公的に公開された値は存在しない。
67b756381f2ccc32,JP,material,生コンクリート・モルタル,生コンクリート,２７－８－２５（２０）,m3,pref_area,29,奈良県,4地区,,,,JPY,design_unit_price_ex_tax,publication_based_not_public,,,2026-10,2026-10-01,nara-shizai-r8-10,14,https://www.pref.nara.lg.jp/documents/8708/r0810nara_materialprice.pdf,restricted,657cfbeea5e6,原本で『○＝刊行物単価使用』。県は規格だけを載せ、単価は載せていない(市販の物価資料の値)。公的に公開された値は存在しない。
ee055761758f9056,JP,material,生コンクリート・モルタル,生コンクリート,２７－８－２５（２０）,m3,pref_area,29,奈良県,5地区,,,,JPY,design_unit_price_ex_tax,published_restricted_not_copied,,,2026-10,2026-10-01,nara-shizai-r8-10,14,https://www.pref.nara.lg.jp/documents/8708/r0810nara_materialprice.pdf,restricted,657cfbeea5e6,県が独自調査で値を載せている。利用条件が私的使用・引用のみのため値は写していない。原本を見ること。
9492779ca87981cd,JP,material,生コンクリート・モルタル,生コンクリート,２７－８－２５（２０）,m3,pref_area,29,奈良県,6地区,,,,JPY,design_unit_price_ex_tax,publication_based_not_public,,,2026-10,2026-10-01,nara-shizai-r8-10,14,https://www.pref.nara.lg.jp/documents/8708/r0810nara_materialprice.pdf,restricted,657cfbeea5e6,原本で『○＝刊行物単価使用』。県は規格だけを載せ、単価は載せていない(市販の物価資料の値)。公的に公開された値は存在しない。
65755cf2704bb47b,JP,material,生コンクリート・モルタル,生コンクリート,２７－８－２５（２０）,m3,pref_area,29,奈良県,7地区,,,,JPY,design_unit_price_ex_tax,published_restricted_not_copied,,,2026-10,2026-10-01,nara-shizai-r8-10,14,https://www.pref.nara.lg.jp/documents/8708/r0810nara_materialprice.pdf,restricted,657cfbeea5e6,県が独自調査で値を載せている。利用条件が私的使用・引用のみのため値は写していない。原本を見ること。
264ad767b682f36b,JP,material,生コンクリート・モルタル,生コンクリート,２７－８－２５（２０）,m3,pref_area,29,奈良県,8地区,,,,JPY,design_unit_price_ex_tax,publication_based_not_public,,,2026-10,2026-10-01,nara-shizai-r8-10,14,https://www.pref.nara.lg.jp/documents/8708/r0810nara_materialprice.pdf,restricted,657cfbeea5e6,原本で『○＝刊行物単価使用』。県は規格だけを載せ、単価は載せていない(市販の物価資料の値)。公的に公開された値は存在しない。
fbb56d6376ea93b4,JP,material,生コンクリート・モルタル,生コンクリート,２７－８－２５（２０）,m3,pref_area,29,奈良県,9地区,,,,JPY,design_unit_price_ex_tax,publication_based_not_public,,,2026-10,2026-10-01,nara-shizai-r8-10,14,https://www.pref.nara.lg.jp/documents/8708/r0810nara_materialprice.pdf,restricted,657cfbeea5e6,原本で『○＝刊行物単価使用』。県は規格だけを載せ、単価は載せていない(市販の物価資料の値)。公的に公開された値は存在しない。
06fb8cb5423de2e2,JP,material,生コンクリート・モルタル,生コンクリート,２７－８－２５（２０）,m3,pref_area,29,奈良県,10地区,,,,JPY,design_unit_price_ex_tax,publication_based_not_public,,,2026-10,2026-10-01,nara-shizai-r8-10,14,https://www.pref.nara.lg.jp/documents/8708/r0810nara_materialprice.pdf,restricted,657cfbeea5e6,原本で『○＝刊行物単価使用』。県は規格だけを載せ、単価は載せていない(市販の物価資料の値)。公的に公開された値は存在しない。
55ba02002c106d3c,JP,material,生コンクリート・モルタル,生コンクリート,２７－８－２５（２０）,m3,pref_area,29,奈良県,11地区,,,,JPY,design_unit_price_ex_tax,published_restricted_not_copied,,,2026-10,2026-10-01,nara-shizai-r8-10,14,https://www.pref.nara.lg.jp/documents/8708/r0810nara_materialprice.pdf,restricted,657cfbeea5e6,県が独自調査で値を載せている。利用条件が私的使用・引用のみのため値は写していない。原本を見ること。
f858a4b19821eafc,JP,material,生コンクリート・モルタル,生コンクリート,３０－８－２５（２０）,m3,pref_area,29,奈良県,1地区,,,,JPY,design_unit_price_ex_tax,publication_based_not_public,,,2026-10,2026-10-01,nara-shizai-r8-10,14,https://www.pref.nara.lg.jp/documents/8708/r0810nara_materialprice.pdf,restricted,584e4bdc5be9,原本で『○＝刊行物単価使用』。県は規格だけを載せ、単価は載せていない(市販の物価資料の値)。公的に公開された値は存在しない。
c557638ff7518b1e,JP,material,生コンクリート・モルタル,生コンクリート,３０－８－２５（２０）,m3,pref_area,29,奈良県,2地区,,,,JPY,design_unit_price_ex_tax,publication_based_not_public,,,2026-10,2026-10-01,nara-shizai-r8-10,14,https://www.pref.nara.lg.jp/documents/8708/r0810nara_materialprice.pdf,restricted,584e4bdc5be9,原本で『○＝刊行物単価使用』。県は規格だけを載せ、単価は載せていない(市販の物価資料の値)。公的に公開された値は存在しない。
68367c2fead15cf1,JP,material,生コンクリート・モルタル,生コンクリート,３０－８－２５（２０）,m3,pref_area,29,奈良県,3地区,,,,JPY,design_unit_price_ex_tax,publication_based_not_public,,,2026-10,2026-10-01,nara-shizai-r8-10,14,https://www.pref.nara.lg.jp/documents/8708/r0810nara_materialprice.pdf,restricted,584e4bdc5be9,原本で『○＝刊行物単価使用』。県は規格だけを載せ、単価は載せていない(市販の物価資料の値)。公的に公開された値は存在しない。
1a1f9f65f1e8dd75,JP,material,生コンクリート・モルタル,生コンクリート,３０－８－２５（２０）,m3,pref_area,29,奈良県,4地区,,,,JPY,design_unit_price_ex_tax,publication_based_not_public,,,2026-10,2026-10-01,nara-shizai-r8-10,14,https://www.pref.nara.lg.jp/documents/8708/r0810nara_materialprice.pdf,restricted,584e4bdc5be9,原本で『○＝刊行物単価使用』。県は規格だけを載せ、単価は載せていない(市販の物価資料の値)。公的に公開された値は存在しない。
a878f6825d7bfa48,JP,material,生コンクリート・モルタル,生コンクリート,３０－８－２５（２０）,m3,pref_area,29,奈良県,5地区,,,,JPY,design_unit_price_ex_tax,published_restricted_not_copied,,,2026-10,2026-10-01,nara-shizai-r8-10,14,https://www.pref.nara.lg.jp/documents/8708/r0810nara_materialprice.pdf,restricted,584e4bdc5be9,県が独自調査で値を載せている。利用条件が私的使用・引用のみのため値は写していない。原本を見ること。
13d942f7dc6e51d6,JP,material,生コンクリート・モルタル,生コンクリート,３０－８－２５（２０）,m3,pref_area,29,奈良県,6地区,,,,JPY,design_unit_price_ex_tax,publication_based_not_public,,,2026-10,2026-10-01,nara-shizai-r8-10,14,https://www.pref.nara.lg.jp/documents/8708/r0810nara_materialprice.pdf,restricted,584e4bdc5be9,原本で『○＝刊行物単価使用』。県は規格だけを載せ、単価は載せていない(市販の物価資料の値)。公的に公開された値は存在しない。
8173ee958ec818c5,JP,material,生コンクリート・モルタル,生コンクリート,３０－８－２５（２０）,m3,pref_area,29,奈良県,7地区,,,,JPY,design_unit_price_ex_tax,published_restricted_not_copied,,,2026-10,2026-10-01,nara-shizai-r8-10,14,https://www.pref.nara.lg.jp/documents/8708/r0810nara_materialprice.pdf,restricted,584e4bdc5be9,県が独自調査で値を載せている。利用条件が私的使用・引用のみのため値は写していない。原本を見ること。
efd0b5e30d34879e,JP,material,生コンクリート・モルタル,生コンクリート,３０－８－２５（２０）,m3,pref_area,29,奈良県,8地区,,,,JPY,design_unit_price_ex_tax,publication_based_not_public,,,2026-10,2026-10-01,nara-shizai-r8-10,14,https://www.pref.nara.lg.jp/documents/8708/r0810nara_materialprice.pdf,restricted,584e4bdc5be9,原本で『○＝刊行物単価使用』。県は規格だけを載せ、単価は載せていない(市販の物価資料の値)。公的に公開された値は存在しない。
0d4c222fd73acf5d,JP,material,生コンクリート・モルタル,生コンクリート,３０－８－２５（２０）,m3,pref_area,29,奈良県,9地区,,,,JPY,design_unit_price_ex_tax,publication_based_not_public,,,2026-10,2026-10-01,nara-shizai-r8-10,14,https://www.pref.nara.lg.jp/documents/8708/r0810nara_materialprice.pdf,restricted,584e4bdc5be9,原本で『○＝刊行物単価使用』。県は規格だけを載せ、単価は載せていない(市販の物価資料の値)。公的に公開された値は存在しない。
37bf53226a296b3a,JP,material,生コンクリート・モルタル,生コンクリート,３０－８－２５（２０）,m3,pref_area,29,奈良県,10地区,,,,JPY,design_unit_price_ex_tax,publication_based_not_public,,,2026-10,2026-10-01,nara-shizai-r8-10,14,https://www.pref.nara.lg.jp/documents/8708/r0810nara_materialprice.pdf,restricted,584e4bdc5be9,原本で『○＝刊行物単価使用』。県は規格だけを載せ、単価は載せていない(市販の物価資料の値)。公的に公開された値は存在しない。
a484edf3094c0d10,JP,material,生コンクリート・モルタル,生コンクリート,３０－８－２５（２０）,m3,pref_area,29,奈良県,11地区,,,,JPY,design_unit_price_ex_tax,published_restricted_not_copied,,,2026-10,2026-10-01,nara-shizai-r8-10,14,https://www.pref.nara.lg.jp/documents/8708/r0810nara_materialprice.pdf,restricted,584e4bdc5be9,県が独自調査で値を載せている。利用条件が私的使用・引用のみのため値は写していない。原本を見ること。
d11b5c0f970f13a3,JP,material,生コンクリート・モルタル,生コンクリート,30-15-25-N (W/C=55%以下),m3,pref_area,29,奈良県,1地区,,,,JPY,design_unit_price_ex_tax,published_restricted_not_copied,,,2026-10,2026-10-01,nara-shizai-r8-10,14,https://www.pref.nara.lg.jp/documents/8708/r0810nara_materialprice.pdf,restricted,799b7671c316,県が独自調査で値を載せている。利用条件が私的使用・引用のみのため値は写していない。原本を見ること。
24d0ffa4d2fee4e1,JP,material,生コンクリート・モルタル,生コンクリート,30-15-25-N (W/C=55%以下),m3,pref_area,29,奈良県,2地区,,,,JPY,design_unit_price_ex_tax,published_restricted_not_copied,,,2026-10,2026-10-01,nara-shizai-r8-10,14,https://www.pref.nara.lg.jp/documents/8708/r0810nara_materialprice.pdf,restricted,799b7671c316,県が独自調査で値を載せている。利用条件が私的使用・引用のみのため値は写していない。原本を見ること。
e39bed11cb86b76e,JP,material,生コンクリート・モルタル,生コンクリート,30-15-25-N (W/C=55%以下),m3,pref_area,29,奈良県,3地区,,,,JPY,design_unit_price_ex_tax,published_restricted_not_copied,,,2026-10,2026-10-01,nara-shizai-r8-10,14,https://www.pref.nara.lg.jp/documents/8708/r0810nara_materialprice.pdf,restricted,799b7671c316,県が独自調査で値を載せている。利用条件が私的使用・引用のみのため値は写していない。原本を見ること。
aebdb3d13a855567,JP,material,生コンクリート・モルタル,生コンクリート,30-15-25-N (W/C=55%以下),m3,pref_area,29,奈良県,4地区,,,,JPY,design_unit_price_ex_tax,published_restricted_not_copied,,,2026-10,2026-10-01,nara-shizai-r8-10,14,https://www.pref.nara.lg.jp/documents/8708/r0810nara_materialprice.pdf,restricted,799b7671c316,県が独自調査で値を載せている。利用条件が私的使用・引用のみのため値は写していない。原本を見ること。
1efdebfeaab921a1,JP,material,生コンクリート・モルタル,生コンクリート,30-15-25-N (W/C=55%以下),m3,pref_area,29,奈良県,5地区,,,,JPY,design_unit_price_ex_tax,published_restricted_not_copied,,,2026-10,2026-10-01,nara-shizai-r8-10,14,https://www.pref.nara.lg.jp/documents/8708/r0810nara_materialprice.pdf,restricted,799b7671c316,県が独自調査で値を載せている。利用条件が私的使用・引用のみのため値は写していない。原本を見ること。
8078d94f5fca1e12,JP,material,生コンクリート・モルタル,生コンクリート,30-15-25-N (W/C=55%以下),m3,pref_area,29,奈良県,6地区,,,,JPY,design_unit_price_ex_tax,published_restricted_not_copied,,,2026-10,2026-10-01,nara-shizai-r8-10,14,https://www.pref.nara.lg.jp/documents/8708/r0810nara_materialprice.pdf,restricted,799b7671c316,県が独自調査で値を載せている。利用条件が私的使用・引用のみのため値は写していない。原本を見ること。
70c526cac61bdbda,JP,material,生コンクリート・モルタル,生コンクリート,30-15-25-N (W/C=55%以下),m3,pref_area,29,奈良県,7地区,,,,JPY,design_unit_price_ex_tax,published_restricted_not_copied,,,2026-10,2026-10-01,nara-shizai-r8-10,14,https://www.pref.nara.lg.jp/documents/8708/r0810nara_materialprice.pdf,restricted,799b7671c316,県が独自調査で値を載せている。利用条件が私的使用・引用のみのため値は写していない。原本を見ること。
8c22375e8994edce,JP,material,生コンクリート・モルタル,生コンクリート,30-15-25-N (W/C=55%以下),m3,pref_area,29,奈良県,8地区,,,,JPY,design_unit_price_ex_tax,published_restricted_not_copied,,,2026-10,2026-10-01,nara-shizai-r8-10,14,https://www.pref.nara.lg.jp/documents/8708/r0810nara_materialprice.pdf,restricted,799b7671c316,県が独自調査で値を載せている。利用条件が私的使用・引用のみのため値は写していない。原本を見ること。
fe8db4082181d383,JP,material,生コンクリート・モルタル,生コンクリート,30-15-25-N (W/C=55%以下),m3,pref_area,29,奈良県,9地区,,,,JPY,design_unit_price_ex_tax,published_restricted_not_copied,,,2026-10,2026-10-01,nara-shizai-r8-10,14,https://www.pref.nara.lg.jp/documents/8708/r0810nara_materialprice.pdf,restricted,799b7671c316,県が独自調査で値を載せている。利用条件が私的使用・引用のみのため値は写していない。原本を見ること。
566d8f535e18fe18,JP,material,生コンクリート・モルタル,生コンクリート,30-15-25-N (W/C=55%以下),m3,pref_area,29,奈良県,10地区,,,,JPY,design_unit_price_ex_tax,published_restricted_not_copied,,,2026-10,2026-10-01,nara-shizai-r8-10,14,https://www.pref.nara.lg.jp/documents/8708/r0810nara_materialprice.pdf,restricted,799b7671c316,県が独自調査で値を載せている。利用条件が私的使用・引用のみのため値は写していない。原本を見ること。
24d4dc0a0a40a2d4,JP,material,生コンクリート・モルタル,生コンクリート,30-15-25-N (W/C=55%以下),m3,pref_area,29,奈良県,11地区,,,,JPY,design_unit_price_ex_tax,published_restricted_not_copied,,,2026-10,2026-10-01,nara-shizai-r8-10,14,https://www.pref.nara.lg.jp/documents/8708/r0810nara_materialprice.pdf,restricted,799b7671c316,県が独自調査で値を載せている。利用条件が私的使用・引用のみのため値は写していない。原本を見ること。
3c514df52d383a73,JP,material,生コンクリート・モルタル,生コンクリート,30-15-40-N (W/C=55%以下),m3,pref_area,29,奈良県,1地区,,,,JPY,design_unit_price_ex_tax,published_restricted_not_copied,,,2026-10,2026-10-01,nara-shizai-r8-10,14,https://www.pref.nara.lg.jp/documents/8708/r0810nara_materialprice.pdf,restricted,872fc59a09a0,県が独自調査で値を載せている。利用条件が私的使用・引用のみのため値は写していない。原本を見ること。
52502fc1cd70b728,JP,material,生コンクリート・モルタル,生コンクリート,30-15-40-N (W/C=55%以下),m3,pref_area,29,奈良県,2地区,,,,JPY,design_unit_price_ex_tax,published_restricted_not_copied,,,2026-10,2026-10-01,nara-shizai-r8-10,14,https://www.pref.nara.lg.jp/documents/8708/r0810nara_materialprice.pdf,restricted,872fc59a09a0,県が独自調査で値を載せている。利用条件が私的使用・引用のみのため値は写していない。原本を見ること。
a88873dd1c0abba6,JP,material,生コンクリート・モルタル,生コンクリート,30-15-40-N (W/C=55%以下),m3,pref_area,29,奈良県,3地区,,,,JPY,design_unit_price_ex_tax,published_restricted_not_copied,,,2026-10,2026-10-01,nara-shizai-r8-10,14,https://www.pref.nara.lg.jp/documents/8708/r0810nara_materialprice.pdf,restricted,872fc59a09a0,県が独自調査で値を載せている。利用条件が私的使用・引用のみのため値は写していない。原本を見ること。
d35e8f623284ea60,JP,material,生コンクリート・モルタル,生コンクリート,30-15-40-N (W/C=55%以下),m3,pref_area,29,奈良県,4地区,,,,JPY,design_unit_price_ex_tax,published_restricted_not_copied,,,2026-10,2026-10-01,nara-shizai-r8-10,14,https://www.pref.nara.lg.jp/documents/8708/r0810nara_materialprice.pdf,restricted,872fc59a09a0,県が独自調査で値を載せている。利用条件が私的使用・引用のみのため値は写していない。原本を見ること。
9a20f9ef1a2690b2,JP,material,生コンクリート・モルタル,生コンクリート,30-15-40-N (W/C=55%以下),m3,pref_area,29,奈良県,5地区,,,,JPY,design_unit_price_ex_tax,published_restricted_not_copied,,,2026-10,2026-10-01,nara-shizai-r8-10,14,https://www.pref.nara.lg.jp/documents/8708/r0810nara_materialprice.pdf,restricted,872fc59a09a0,県が独自調査で値を載せている。利用条件が私的使用・引用のみのため値は写していない。原本を見ること。
68b461cc6a03eb52,JP,material,生コンクリート・モルタル,生コンクリート,30-15-40-N (W/C=55%以下),m3,pref_area,29,奈良県,6地区,,,,JPY,design_unit_price_ex_tax,published_restricted_not_copied,,,2026-10,2026-10-01,nara-shizai-r8-10,14,https://www.pref.nara.lg.jp/documents/8708/r0810nara_materialprice.pdf,restricted,872fc59a09a0,県が独自調査で値を載せている。利用条件が私的使用・引用のみのため値は写していない。原本を見ること。
7e536534cc9cebe1,JP,material,生コンクリート・モルタル,生コンクリート,30-15-40-N (W/C=55%以下),m3,pref_area,29,奈良県,7地区,,,,JPY,design_unit_price_ex_tax,published_restricted_not_copied,,,2026-10,2026-10-01,nara-shizai-r8-10,14,https://www.pref.nara.lg.jp/documents/8708/r0810nara_materialprice.pdf,restricted,872fc59a09a0,県が独自調査で値を載せている。利用条件が私的使用・引用のみのため値は写していない。原本を見ること。
59b921498e61d334,JP,material,生コンクリート・モルタル,生コンクリート,30-15-40-N (W/C=55%以下),m3,pref_area,29,奈良県,8地区,,,,JPY,design_unit_price_ex_tax,published_restricted_not_copied,,,2026-10,2026-10-01,nara-shizai-r8-10,14,https://www.pref.nara.lg.jp/documents/8708/r0810nara_materialprice.pdf,restricted,872fc59a09a0,県が独自調査で値を載せている。利用条件が私的使用・引用のみのため値は写していない。原本を見ること。
a026efeec48c79a8,JP,material,生コンクリート・モルタル,生コンクリート,30-15-40-N (W/C=55%以下),m3,pref_area,29,奈良県,9地区,,,,JPY,design_unit_price_ex_tax,published_restricted_not_copied,,,2026-10,2026-10-01,nara-shizai-r8-10,14,https://www.pref.nara.lg.jp/documents/8708/r0810nara_materialprice.pdf,restricted,872fc59a09a0,県が独自調査で値を載せている。利用条件が私的使用・引用のみのため値は写していない。原本を見ること。
963de141dd7380e9,JP,material,生コンクリート・モルタル,生コンクリート,30-15-40-N (W/C=55%以下),m3,pref_area,29,奈良県,10地区,,,,JPY,design_unit_price_ex_tax,published_restricted_not_copied,,,2026-10,2026-10-01,nara-shizai-r8-10,14,https://www.pref.nara.lg.jp/documents/8708/r0810nara_materialprice.pdf,restricted,872fc59a09a0,県が独自調査で値を載せている。利用条件が私的使用・引用のみのため値は写していない。原本を見ること。
ea03012659cb77ca,JP,material,生コンクリート・モルタル,生コンクリート,30-15-40-N (W/C=55%以下),m3,pref_area,29,奈良県,11地区,,,,JPY,design_unit_price_ex_tax,published_restricted_not_copied,,,2026-10,2026-10-01,nara-shizai-r8-10,14,https://www.pref.nara.lg.jp/documents/8708/r0810nara_materialprice.pdf,restricted,872fc59a09a0,県が独自調査で値を載せている。利用条件が私的使用・引用のみのため値は写していない。原本を見ること。
57cc3c81836ba93a,JP,material,生コンクリート・モルタル,生コンクリート,３６－８－２５（２０）,m3,pref_area,29,奈良県,1地区,,,,JPY,design_unit_price_ex_tax,publication_based_not_public,,,2026-10,2026-10-01,nara-shizai-r8-10,14,https://www.pref.nara.lg.jp/documents/8708/r0810nara_materialprice.pdf,restricted,193e785636bd,原本で『○＝刊行物単価使用』。県は規格だけを載せ、単価は載せていない(市販の物価資料の値)。公的に公開された値は存在しない。
30d856173afbc8e2,JP,material,生コンクリート・モルタル,生コンクリート,３６－８－２５（２０）,m3,pref_area,29,奈良県,2地区,,,,JPY,design_unit_price_ex_tax,publication_based_not_public,,,2026-10,2026-10-01,nara-shizai-r8-10,14,https://www.pref.nara.lg.jp/documents/8708/r0810nara_materialprice.pdf,restricted,193e785636bd,原本で『○＝刊行物単価使用』。県は規格だけを載せ、単価は載せていない(市販の物価資料の値)。公的に公開された値は存在しない。
2028ddec08d4914d,JP,material,生コンクリート・モルタル,生コンクリート,３６－８－２５（２０）,m3,pref_area,29,奈良県,3地区,,,,JPY,design_unit_price_ex_tax,publication_based_not_public,,,2026-10,2026-10-01,nara-shizai-r8-10,14,https://www.pref.nara.lg.jp/documents/8708/r0810nara_materialprice.pdf,restricted,193e785636bd,原本で『○＝刊行物単価使用』。県は規格だけを載せ、単価は載せていない(市販の物価資料の値)。公的に公開された値は存在しない。
f5fe79d7d1a50e01,JP,material,生コンクリート・モルタル,生コンクリート,３６－８－２５（２０）,m3,pref_area,29,奈良県,4地区,,,,JPY,design_unit_price_ex_tax,publication_based_not_public,,,2026-10,2026-10-01,nara-shizai-r8-10,14,https://www.pref.nara.lg.jp/documents/8708/r0810nara_materialprice.pdf,restricted,193e785636bd,原本で『○＝刊行物単価使用』。県は規格だけを載せ、単価は載せていない(市販の物価資料の値)。公的に公開された値は存在しない。
12443d80d06b1397,JP,material,生コンクリート・モルタル,生コンクリート,３６－８－２５（２０）,m3,pref_area,29,奈良県,5地区,,,,JPY,design_unit_price_ex_tax,published_restricted_not_copied,,,2026-10,2026-10-01,nara-shizai-r8-10,14,https://www.pref.nara.lg.jp/documents/8708/r0810nara_materialprice.pdf,restricted,193e785636bd,県が独自調査で値を載せている。利用条件が私的使用・引用のみのため値は写していない。原本を見ること。
943d81f1ba185a50,JP,material,生コンクリート・モルタル,生コンクリート,３６－８－２５（２０）,m3,pref_area,29,奈良県,6地区,,,,JPY,design_unit_price_ex_tax,publication_based_not_public,,,2026-10,2026-10-01,nara-shizai-r8-10,14,https://www.pref.nara.lg.jp/documents/8708/r0810nara_materialprice.pdf,restricted,193e785636bd,原本で『○＝刊行物単価使用』。県は規格だけを載せ、単価は載せていない(市販の物価資料の値)。公的に公開された値は存在しない。
0b9717cfbf8c6d7d,JP,material,生コンクリート・モルタル,生コンクリート,３６－８－２５（２０）,m3,pref_area,29,奈良県,7地区,,,,JPY,design_unit_price_ex_tax,published_restricted_not_copied,,,2026-10,2026-10-01,nara-shizai-r8-10,14,https://www.pref.nara.lg.jp/documents/8708/r0810nara_materialprice.pdf,restricted,193e785636bd,県が独自調査で値を載せている。利用条件が私的使用・引用のみのため値は写していない。原本を見ること。
5cda2ddb8c06aa0e,JP,material,生コンクリート・モルタル,生コンクリート,３６－８－２５（２０）,m3,pref_area,29,奈良県,8地区,,,,JPY,design_unit_price_ex_tax,publication_based_not_public,,,2026-10,2026-10-01,nara-shizai-r8-10,14,https://www.pref.nara.lg.jp/documents/8708/r0810nara_materialprice.pdf,restricted,193e785636bd,原本で『○＝刊行物単価使用』。県は規格だけを載せ、単価は載せていない(市販の物価資料の値)。公的に公開された値は存在しない。
bb199ca514c5f71d,JP,material,生コンクリート・モルタル,生コンクリート,３６－８－２５（２０）,m3,pref_area,29,奈良県,9地区,,,,JPY,design_unit_price_ex_tax,publication_based_not_public,,,2026-10,2026-10-01,nara-shizai-r8-10,14,https://www.pref.nara.lg.jp/documents/8708/r0810nara_materialprice.pdf,restricted,193e785636bd,原本で『○＝刊行物単価使用』。県は規格だけを載せ、単価は載せていない(市販の物価資料の値)。公的に公開された値は存在しない。
86c2c883316a3cbc,JP,material,生コンクリート・モルタル,生コンクリート,３６－８－２５（２０）,m3,pref_area,29,奈良県,10地区,,,,JPY,design_unit_price_ex_tax,publication_based_not_public,,,2026-10,2026-10-01,nara-shizai-r8-10,14,https://www.pref.nara.lg.jp/documents/8708/r0810nara_materialprice.pdf,restricted,193e785636bd,原本で『○＝刊行物単価使用』。県は規格だけを載せ、単価は載せていない(市販の物価資料の値)。公的に公開された値は存在しない。
624be725c99c3cd8,JP,material,生コンクリート・モルタル,生コンクリート,３６－８－２５（２０）,m3,pref_area,29,奈良県,11地区,,,,JPY,design_unit_price_ex_tax,published_restricted_not_copied,,,2026-10,2026-10-01,nara-shizai-r8-10,14,https://www.pref.nara.lg.jp/documents/8708/r0810nara_materialprice.pdf,restricted,193e785636bd,県が独自調査で値を載せている。利用条件が私的使用・引用のみのため値は写していない。原本を見ること。
9012f7f59db823b0,JP,material,生コンクリート・モルタル,生コンクリート,４０－８－２５（２０）,m3,pref_area,29,奈良県,1地区,,,,JPY,design_unit_price_ex_tax,publication_based_not_public,,,2026-10,2026-10-01,nara-shizai-r8-10,14,https://www.pref.nara.lg.jp/documents/8708/r0810nara_materialprice.pdf,restricted,112927640be2,原本で『○＝刊行物単価使用』。県は規格だけを載せ、単価は載せていない(市販の物価資料の値)。公的に公開された値は存在しない。
83c1307f5f1a3e7e,JP,material,生コンクリート・モルタル,生コンクリート,４０－８－２５（２０）,m3,pref_area,29,奈良県,2地区,,,,JPY,design_unit_price_ex_tax,publication_based_not_public,,,2026-10,2026-10-01,nara-shizai-r8-10,14,https://www.pref.nara.lg.jp/documents/8708/r0810nara_materialprice.pdf,restricted,112927640be2,原本で『○＝刊行物単価使用』。県は規格だけを載せ、単価は載せていない(市販の物価資料の値)。公的に公開された値は存在しない。
3b5d92475e4ba535,JP,material,生コンクリート・モルタル,生コンクリート,４０－８－２５（２０）,m3,pref_area,29,奈良県,3地区,,,,JPY,design_unit_price_ex_tax,publication_based_not_public,,,2026-10,2026-10-01,nara-shizai-r8-10,14,https://www.pref.nara.lg.jp/documents/8708/r0810nara_materialprice.pdf,restricted,112927640be2,原本で『○＝刊行物単価使用』。県は規格だけを載せ、単価は載せていない(市販の物価資料の値)。公的に公開された値は存在しない。
6851212fc8d9c6af,JP,material,生コンクリート・モルタル,生コンクリート,４０－８－２５（２０）,m3,pref_area,29,奈良県,4地区,,,,JPY,design_unit_price_ex_tax,publication_based_not_public,,,2026-10,2026-10-01,nara-shizai-r8-10,14,https://www.pref.nara.lg.jp/documents/8708/r0810nara_materialprice.pdf,restricted,112927640be2,原本で『○＝刊行物単価使用』。県は規格だけを載せ、単価は載せていない(市販の物価資料の値)。公的に公開された値は存在しない。
302292fa8a5ed2fd,JP,material,生コンクリート・モルタル,生コンクリート,４０－８－２５（２０）,m3,pref_area,29,奈良県,5地区,,,,JPY,design_unit_price_ex_tax,published_restricted_not_copied,,,2026-10,2026-10-01,nara-shizai-r8-10,14,https://www.pref.nara.lg.jp/documents/8708/r0810nara_materialprice.pdf,restricted,112927640be2,県が独自調査で値を載せている。利用条件が私的使用・引用のみのため値は写していない。原本を見ること。
0ef5beb2e17abdc8,JP,material,生コンクリート・モルタル,生コンクリート,４０－８－２５（２０）,m3,pref_area,29,奈良県,6地区,,,,JPY,design_unit_price_ex_tax,publication_based_not_public,,,2026-10,2026-10-01,nara-shizai-r8-10,14,https://www.pref.nara.lg.jp/documents/8708/r0810nara_materialprice.pdf,restricted,112927640be2,原本で『○＝刊行物単価使用』。県は規格だけを載せ、単価は載せていない(市販の物価資料の値)。公的に公開された値は存在しない。
0b6c3ff83efbfac4,JP,material,生コンクリート・モルタル,生コンクリート,４０－８－２５（２０）,m3,pref_area,29,奈良県,7地区,,,,JPY,design_unit_price_ex_tax,published_restricted_not_copied,,,2026-10,2026-10-01,nara-shizai-r8-10,14,https://www.pref.nara.lg.jp/documents/8708/r0810nara_materialprice.pdf,restricted,112927640be2,県が独自調査で値を載せている。利用条件が私的使用・引用のみのため値は写していない。原本を見ること。
64426826d09a29a8,JP,material,生コンクリート・モルタル,生コンクリート,４０－８－２５（２０）,m3,pref_area,29,奈良県,8地区,,,,JPY,design_unit_price_ex_tax,publication_based_not_public,,,2026-10,2026-10-01,nara-shizai-r8-10,14,https://www.pref.nara.lg.jp/documents/8708/r0810nara_materialprice.pdf,restricted,112927640be2,原本で『○＝刊行物単価使用』。県は規格だけを載せ、単価は載せていない(市販の物価資料の値)。公的に公開された値は存在しない。
c9a2db463b2a15bf,JP,material,生コンクリート・モルタル,生コンクリート,４０－８－２５（２０）,m3,pref_area,29,奈良県,9地区,,,,JPY,design_unit_price_ex_tax,publication_based_not_public,,,2026-10,2026-10-01,nara-shizai-r8-10,14,https://www.pref.nara.lg.jp/documents/8708/r0810nara_materialprice.pdf,restricted,112927640be2,原本で『○＝刊行物単価使用』。県は規格だけを載せ、単価は載せていない(市販の物価資料の値)。公的に公開された値は存在しない。
92554f687802e9a3,JP,material,生コンクリート・モルタル,生コンクリート,４０－８－２５（２０）,m3,pref_area,29,奈良県,10地区,,,,JPY,design_unit_price_ex_tax,publication_based_not_public,,,2026-10,2026-10-01,nara-shizai-r8-10,14,https://www.pref.nara.lg.jp/documents/8708/r0810nara_materialprice.pdf,restricted,112927640be2,原本で『○＝刊行物単価使用』。県は規格だけを載せ、単価は載せていない(市販の物価資料の値)。公的に公開された値は存在しない。
09418d20d9ec3d75,JP,material,生コンクリート・モルタル,生コンクリート,４０－８－２５（２０）,m3,pref_area,29,奈良県,11地区,,,,JPY,design_unit_price_ex_tax,published_restricted_not_copied,,,2026-10,2026-10-01,nara-shizai-r8-10,14,https://www.pref.nara.lg.jp/documents/8708/r0810nara_materialprice.pdf,restricted,112927640be2,県が独自調査で値を載せている。利用条件が私的使用・引用のみのため値は写していない。原本を見ること。
547db8661d9674c8,JP,material,生コンクリート・モルタル,生コンクリート,曲げ４．５－２．５－４０,m3,pref_area,29,奈良県,1地区,,,,JPY,design_unit_price_ex_tax,not_set,,,2026-10,2026-10-01,nara-shizai-r8-10,14,https://www.pref.nara.lg.jp/documents/8708/r0810nara_materialprice.pdf,restricted,ca3ac6c8fc60,原本で空欄(取引事例が著しく少なく単価を設定していない)。
05925e78e593fd36,JP,material,生コンクリート・モルタル,生コンクリート,曲げ４．５－２．５－４０,m3,pref_area,29,奈良県,2地区,,,,JPY,design_unit_price_ex_tax,not_set,,,2026-10,2026-10-01,nara-shizai-r8-10,14,https://www.pref.nara.lg.jp/documents/8708/r0810nara_materialprice.pdf,restricted,ca3ac6c8fc60,原本で空欄(取引事例が著しく少なく単価を設定していない)。
e89e6a95dd6430e9,JP,material,生コンクリート・モルタル,生コンクリート,曲げ４．５－２．５－４０,m3,pref_area,29,奈良県,3地区,,,,JPY,design_unit_price_ex_tax,not_set,,,2026-10,2026-10-01,nara-shizai-r8-10,14,https://www.pref.nara.lg.jp/documents/8708/r0810nara_materialprice.pdf,restricted,ca3ac6c8fc60,原本で空欄(取引事例が著しく少なく単価を設定していない)。
5191f133a7ae2e5a,JP,material,生コンクリート・モルタル,生コンクリート,曲げ４．５－２．５－４０,m3,pref_area,29,奈良県,4地区,,,,JPY,design_unit_price_ex_tax,not_set,,,2026-10,2026-10-01,nara-shizai-r8-10,14,https://www.pref.nara.lg.jp/documents/8708/r0810nara_materialprice.pdf,restricted,ca3ac6c8fc60,原本で空欄(取引事例が著しく少なく単価を設定していない)。
711aa1774adab07e,JP,material,生コンクリート・モルタル,生コンクリート,曲げ４．５－２．５－４０,m3,pref_area,29,奈良県,5地区,,,,JPY,design_unit_price_ex_tax,published_restricted_not_copied,,,2026-10,2026-10-01,nara-shizai-r8-10,14,https://www.pref.nara.lg.jp/documents/8708/r0810nara_materialprice.pdf,restricted,ca3ac6c8fc60,県が独自調査で値を載せている。利用条件が私的使用・引用のみのため値は写していない。原本を見ること。
134a0b3fe8dc933a,JP,material,生コンクリート・モルタル,生コンクリート,曲げ４．５－２．５－４０,m3,pref_area,29,奈良県,6地区,,,,JPY,design_unit_price_ex_tax,not_set,,,2026-10,2026-10-01,nara-shizai-r8-10,14,https://www.pref.nara.lg.jp/documents/8708/r0810nara_materialprice.pdf,restricted,ca3ac6c8fc60,原本で空欄(取引事例が著しく少なく単価を設定していない)。
1ff1ad5fce21e9ef,JP,material,生コンクリート・モルタル,生コンクリート,曲げ４．５－２．５－４０,m3,pref_area,29,奈良県,7地区,,,,JPY,design_unit_price_ex_tax,published_restricted_not_copied,,,2026-10,2026-10-01,nara-shizai-r8-10,14,https://www.pref.nara.lg.jp/documents/8708/r0810nara_materialprice.pdf,restricted,ca3ac6c8fc60,県が独自調査で値を載せている。利用条件が私的使用・引用のみのため値は写していない。原本を見ること。
fb897799f12e29b9,JP,material,生コンクリート・モルタル,生コンクリート,曲げ４．５－２．５－４０,m3,pref_area,29,奈良県,8地区,,,,JPY,design_unit_price_ex_tax,not_set,,,2026-10,2026-10-01,nara-shizai-r8-10,14,https://www.pref.nara.lg.jp/documents/8708/r0810nara_materialprice.pdf,restricted,ca3ac6c8fc60,原本で空欄(取引事例が著しく少なく単価を設定していない)。
e0ed49281ceedb7a,JP,material,生コンクリート・モルタル,生コンクリート,曲げ４．５－２．５－４０,m3,pref_area,29,奈良県,9地区,,,,JPY,design_unit_price_ex_tax,not_set,,,2026-10,2026-10-01,nara-shizai-r8-10,14,https://www.pref.nara.lg.jp/documents/8708/r0810nara_materialprice.pdf,restricted,ca3ac6c8fc60,原本で空欄(取引事例が著しく少なく単価を設定していない)。
f1e60f5014c4b96a,JP,material,生コンクリート・モルタル,生コンクリート,曲げ４．５－２．５－４０,m3,pref_area,29,奈良県,10地区,,,,JPY,design_unit_price_ex_tax,not_set,,,2026-10,2026-10-01,nara-shizai-r8-10,14,https://www.pref.nara.lg.jp/documents/8708/r0810nara_materialprice.pdf,restricted,ca3ac6c8fc60,原本で空欄(取引事例が著しく少なく単価を設定していない)。
d4d9aa50b8ddf495,JP,material,生コンクリート・モルタル,生コンクリート,曲げ４．５－２．５－４０,m3,pref_area,29,奈良県,11地区,,,,JPY,design_unit_price_ex_tax,published_restricted_not_copied,,,2026-10,2026-10-01,nara-shizai-r8-10,14,https://www.pref.nara.lg.jp/documents/8708/r0810nara_materialprice.pdf,restricted,ca3ac6c8fc60,県が独自調査で値を載せている。利用条件が私的使用・引用のみのため値は写していない。原本を見ること。
ef235140eae6723d,JP,material,生コンクリート・モルタル,生コンクリート（高炉）,１８－１８－２５（２０）,m3,pref_area,29,奈良県,1地区,,,,JPY,design_unit_price_ex_tax,publication_based_not_public,,,2026-10,2026-10-01,nara-shizai-r8-10,14,https://www.pref.nara.lg.jp/documents/8708/r0810nara_materialprice.pdf,restricted,a26e094afe5c,原本で『○＝刊行物単価使用』。県は規格だけを載せ、単価は載せていない(市販の物価資料の値)。公的に公開された値は存在しない。
c46dd2cacae7863a,JP,material,生コンクリート・モルタル,生コンクリート（高炉）,１８－１８－２５（２０）,m3,pref_area,29,奈良県,2地区,,,,JPY,design_unit_price_ex_tax,publication_based_not_public,,,2026-10,2026-10-01,nara-shizai-r8-10,14,https://www.pref.nara.lg.jp/documents/8708/r0810nara_materialprice.pdf,restricted,a26e094afe5c,原本で『○＝刊行物単価使用』。県は規格だけを載せ、単価は載せていない(市販の物価資料の値)。公的に公開された値は存在しない。
a8a0314b8d2554d1,JP,material,生コンクリート・モルタル,生コンクリート（高炉）,１８－１８－２５（２０）,m3,pref_area,29,奈良県,3地区,,,,JPY,design_unit_price_ex_tax,publication_based_not_public,,,2026-10,2026-10-01,nara-shizai-r8-10,14,https://www.pref.nara.lg.jp/documents/8708/r0810nara_materialprice.pdf,restricted,a26e094afe5c,原本で『○＝刊行物単価使用』。県は規格だけを載せ、単価は載せていない(市販の物価資料の値)。公的に公開された値は存在しない。
1ed1de3f5da065c2,JP,material,生コンクリート・モルタル,生コンクリート（高炉）,１８－１８－２５（２０）,m3,pref_area,29,奈良県,4地区,,,,JPY,design_unit_price_ex_tax,publication_based_not_public,,,2026-10,2026-10-01,nara-shizai-r8-10,14,https://www.pref.nara.lg.jp/documents/8708/r0810nara_materialprice.pdf,restricted,a26e094afe5c,原本で『○＝刊行物単価使用』。県は規格だけを載せ、単価は載せていない(市販の物価資料の値)。公的に公開された値は存在しない。
ba7ca4d7e2ec37f6,JP,material,生コンクリート・モルタル,生コンクリート（高炉）,１８－１８－２５（２０）,m3,pref_area,29,奈良県,5地区,,,,JPY,design_unit_price_ex_tax,published_restricted_not_copied,,,2026-10,2026-10-01,nara-shizai-r8-10,14,https://www.pref.nara.lg.jp/documents/8708/r0810nara_materialprice.pdf,restricted,a26e094afe5c,県が独自調査で値を載せている。利用条件が私的使用・引用のみのため値は写していない。原本を見ること。
877486f74716f064,JP,material,生コンクリート・モルタル,生コンクリート（高炉）,１８－１８－２５（２０）,m3,pref_area,29,奈良県,6地区,,,,JPY,design_unit_price_ex_tax,publication_based_not_public,,,2026-10,2026-10-01,nara-shizai-r8-10,14,https://www.pref.nara.lg.jp/documents/8708/r0810nara_materialprice.pdf,restricted,a26e094afe5c,原本で『○＝刊行物単価使用』。県は規格だけを載せ、単価は載せていない(市販の物価資料の値)。公的に公開された値は存在しない。
dbe126e594b3e84b,JP,material,生コンクリート・モルタル,生コンクリート（高炉）,１８－１８－２５（２０）,m3,pref_area,29,奈良県,7地区,,,,JPY,design_unit_price_ex_tax,published_restricted_not_copied,,,2026-10,2026-10-01,nara-shizai-r8-10,14,https://www.pref.nara.lg.jp/documents/8708/r0810nara_materialprice.pdf,restricted,a26e094afe5c,県が独自調査で値を載せている。利用条件が私的使用・引用のみのため値は写していない。原本を見ること。
d35e2ba17a3bdd3a,JP,material,生コンクリート・モルタル,生コンクリート（高炉）,１８－１８－２５（２０）,m3,pref_area,29,奈良県,8地区,,,,JPY,design_unit_price_ex_tax,publication_based_not_public,,,2026-10,2026-10-01,nara-shizai-r8-10,14,https://www.pref.nara.lg.jp/documents/8708/r0810nara_materialprice.pdf,restricted,a26e094afe5c,原本で『○＝刊行物単価使用』。県は規格だけを載せ、単価は載せていない(市販の物価資料の値)。公的に公開された値は存在しない。
dfd7633663bce599,JP,material,生コンクリート・モルタル,生コンクリート（高炉）,１８－１８－２５（２０）,m3,pref_area,29,奈良県,9地区,,,,JPY,design_unit_price_ex_tax,publication_based_not_public,,,2026-10,2026-10-01,nara-shizai-r8-10,14,https://www.pref.nara.lg.jp/documents/8708/r0810nara_materialprice.pdf,restricted,a26e094afe5c,原本で『○＝刊行物単価使用』。県は規格だけを載せ、単価は載せていない(市販の物価資料の値)。公的に公開された値は存在しない。
dffd87f839ce0d6a,JP,material,生コンクリート・モルタル,生コンクリート（高炉）,１８－１８－２５（２０）,m3,pref_area,29,奈良県,10地区,,,,JPY,design_unit_price_ex_tax,publication_based_not_public,,,2026-10,2026-10-01,nara-shizai-r8-10,14,https://www.pref.nara.lg.jp/documents/8708/r0810nara_materialprice.pdf,restricted,a26e094afe5c,原本で『○＝刊行物単価使用』。県は規格だけを載せ、単価は載せていない(市販の物価資料の値)。公的に公開された値は存在しない。
a919588392877cb0,JP,material,生コンクリート・モルタル,生コンクリート（高炉）,１８－１８－２５（２０）,m3,pref_area,29,奈良県,11地区,,,,JPY,design_unit_price_ex_tax,published_restricted_not_copied,,,2026-10,2026-10-01,nara-shizai-r8-10,14,https://www.pref.nara.lg.jp/documents/8708/r0810nara_materialprice.pdf,restricted,a26e094afe5c,県が独自調査で値を載せている。利用条件が私的使用・引用のみのため値は写していない。原本を見ること。
0426e0886b4e2b87,JP,material,生コンクリート・モルタル,生コンクリート,１８－５－４０ 高炉,m3,pref_area,29,奈良県,1地区,,,,JPY,design_unit_price_ex_tax,publication_based_not_public,,,2026-10,2026-10-01,nara-shizai-r8-10,14,https://www.pref.nara.lg.jp/documents/8708/r0810nara_materialprice.pdf,restricted,1e6b6820cfe1,原本で『○＝刊行物単価使用』。県は規格だけを載せ、単価は載せていない(市販の物価資料の値)。公的に公開された値は存在しない。
34879d8ac3e6d490,JP,material,生コンクリート・モルタル,生コンクリート,１８－５－４０ 高炉,m3,pref_area,29,奈良県,2地区,,,,JPY,design_unit_price_ex_tax,publication_based_not_public,,,2026-10,2026-10-01,nara-shizai-r8-10,14,https://www.pref.nara.lg.jp/documents/8708/r0810nara_materialprice.pdf,restricted,1e6b6820cfe1,原本で『○＝刊行物単価使用』。県は規格だけを載せ、単価は載せていない(市販の物価資料の値)。公的に公開された値は存在しない。
132f326c72e1eaff,JP,material,生コンクリート・モルタル,生コンクリート,１８－５－４０ 高炉,m3,pref_area,29,奈良県,3地区,,,,JPY,design_unit_price_ex_tax,publication_based_not_public,,,2026-10,2026-10-01,nara-shizai-r8-10,14,https://www.pref.nara.lg.jp/documents/8708/r0810nara_materialprice.pdf,restricted,1e6b6820cfe1,原本で『○＝刊行物単価使用』。県は規格だけを載せ、単価は載せていない(市販の物価資料の値)。公的に公開された値は存在しない。
f1f5913c8355ebed,JP,material,生コンクリート・モルタル,生コンクリート,１８－５－４０ 高炉,m3,pref_area,29,奈良県,4地区,,,,JPY,design_unit_price_ex_tax,publication_based_not_public,,,2026-10,2026-10-01,nara-shizai-r8-10,14,https://www.pref.nara.lg.jp/documents/8708/r0810nara_materialprice.pdf,restricted,1e6b6820cfe1,原本で『○＝刊行物単価使用』。県は規格だけを載せ、単価は載せていない(市販の物価資料の値)。公的に公開された値は存在しない。
8215457845461fc7,JP,material,生コンクリート・モルタル,生コンクリート,１８－５－４０ 高炉,m3,pref_area,29,奈良県,5地区,,,,JPY,design_unit_price_ex_tax,published_restricted_not_copied,,,2026-10,2026-10-01,nara-shizai-r8-10,14,https://www.pref.nara.lg.jp/documents/8708/r0810nara_materialprice.pdf,restricted,1e6b6820cfe1,県が独自調査で値を載せている。利用条件が私的使用・引用のみのため値は写していない。原本を見ること。
8874e2c20a9c1cc7,JP,material,生コンクリート・モルタル,生コンクリート,１８－５－４０ 高炉,m3,pref_area,29,奈良県,6地区,,,,JPY,design_unit_price_ex_tax,publication_based_not_public,,,2026-10,2026-10-01,nara-shizai-r8-10,14,https://www.pref.nara.lg.jp/documents/8708/r0810nara_materialprice.pdf,restricted,1e6b6820cfe1,原本で『○＝刊行物単価使用』。県は規格だけを載せ、単価は載せていない(市販の物価資料の値)。公的に公開された値は存在しない。
a5feb38392fd6f0d,JP,material,生コンクリート・モルタル,生コンクリート,１８－５－４０ 高炉,m3,pref_area,29,奈良県,7地区,,,,JPY,design_unit_price_ex_tax,published_restricted_not_copied,,,2026-10,2026-10-01,nara-shizai-r8-10,14,https://www.pref.nara.lg.jp/documents/8708/r0810nara_materialprice.pdf,restricted,1e6b6820cfe1,県が独自調査で値を載せている。利用条件が私的使用・引用のみのため値は写していない。原本を見ること。
d54ce235e545620b,JP,material,生コンクリート・モルタル,生コンクリート,１８－５－４０ 高炉,m3,pref_area,29,奈良県,8地区,,,,JPY,design_unit_price_ex_tax,publication_based_not_public,,,2026-10,2026-10-01,nara-shizai-r8-10,14,https://www.pref.nara.lg.jp/documents/8708/r0810nara_materialprice.pdf,restricted,1e6b6820cfe1,原本で『○＝刊行物単価使用』。県は規格だけを載せ、単価は載せていない(市販の物価資料の値)。公的に公開された値は存在しない。
b3085ea34cd897f0,JP,material,生コンクリート・モルタル,生コンクリート,１８－５－４０ 高炉,m3,pref_area,29,奈良県,9地区,,,,JPY,design_unit_price_ex_tax,publication_based_not_public,,,2026-10,2026-10-01,nara-shizai-r8-10,14,https://www.pref.nara.lg.jp/documents/8708/r0810nara_materialprice.pdf,restricted,1e6b6820cfe1,原本で『○＝刊行物単価使用』。県は規格だけを載せ、単価は載せていない(市販の物価資料の値)。公的に公開された値は存在しない。
fd6e70350c0a3f0c,JP,material,生コンクリート・モルタル,生コンクリート,１８－５－４０ 高炉,m3,pref_area,29,奈良県,10地区,,,,JPY,design_unit_price_ex_tax,publication_based_not_public,,,2026-10,2026-10-01,nara-shizai-r8-10,14,https://www.pref.nara.lg.jp/documents/8708/r0810nara_materialprice.pdf,restricted,1e6b6820cfe1,原本で『○＝刊行物単価使用』。県は規格だけを載せ、単価は載せていない(市販の物価資料の値)。公的に公開された値は存在しない。
71866b38094b9757,JP,material,生コンクリート・モルタル,生コンクリート,１８－５－４０ 高炉,m3,pref_area,29,奈良県,11地区,,,,JPY,design_unit_price_ex_tax,published_restricted_not_copied,,,2026-10,2026-10-01,nara-shizai-r8-10,14,https://www.pref.nara.lg.jp/documents/8708/r0810nara_materialprice.pdf,restricted,1e6b6820cfe1,県が独自調査で値を載せている。利用条件が私的使用・引用のみのため値は写していない。原本を見ること。
624a6c6fdcf0b0e8,JP,material,生コンクリート・モルタル,生コンクリート,１８－８－２５（２０） 高炉,m3,pref_area,29,奈良県,1地区,,,,JPY,design_unit_price_ex_tax,publication_based_not_public,,,2026-10,2026-10-01,nara-shizai-r8-10,15,https://www.pref.nara.lg.jp/documents/8708/r0810nara_materialprice.pdf,restricted,7972baecc47d,原本で『○＝刊行物単価使用』。県は規格だけを載せ、単価は載せていない(市販の物価資料の値)。公的に公開された値は存在しない。
ba135d0ad4962d8f,JP,material,生コンクリート・モルタル,生コンクリート,１８－８－２５（２０） 高炉,m3,pref_area,29,奈良県,2地区,,,,JPY,design_unit_price_ex_tax,publication_based_not_public,,,2026-10,2026-10-01,nara-shizai-r8-10,15,https://www.pref.nara.lg.jp/documents/8708/r0810nara_materialprice.pdf,restricted,7972baecc47d,原本で『○＝刊行物単価使用』。県は規格だけを載せ、単価は載せていない(市販の物価資料の値)。公的に公開された値は存在しない。
3032cf7a46ace264,JP,material,生コンクリート・モルタル,生コンクリート,１８－８－２５（２０） 高炉,m3,pref_area,29,奈良県,3地区,,,,JPY,design_unit_price_ex_tax,publication_based_not_public,,,2026-10,2026-10-01,nara-shizai-r8-10,15,https://www.pref.nara.lg.jp/documents/8708/r0810nara_materialprice.pdf,restricted,7972baecc47d,原本で『○＝刊行物単価使用』。県は規格だけを載せ、単価は載せていない(市販の物価資料の値)。公的に公開された値は存在しない。
0f414944608cfa88,JP,material,生コンクリート・モルタル,生コンクリート,１８－８－２５（２０） 高炉,m3,pref_area,29,奈良県,4地区,,,,JPY,design_unit_price_ex_tax,publication_based_not_public,,,2026-10,2026-10-01,nara-shizai-r8-10,15,https://www.pref.nara.lg.jp/documents/8708/r0810nara_materialprice.pdf,restricted,7972baecc47d,原本で『○＝刊行物単価使用』。県は規格だけを載せ、単価は載せていない(市販の物価資料の値)。公的に公開された値は存在しない。
72c4adb466588557,JP,material,生コンクリート・モルタル,生コンクリート,１８－８－２５（２０） 高炉,m3,pref_area,29,奈良県,5地区,,,,JPY,design_unit_price_ex_tax,published_restricted_not_copied,,,2026-10,2026-10-01,nara-shizai-r8-10,15,https://www.pref.nara.lg.jp/documents/8708/r0810nara_materialprice.pdf,restricted,7972baecc47d,県が独自調査で値を載せている。利用条件が私的使用・引用のみのため値は写していない。原本を見ること。
b756cda7ea9665d1,JP,material,生コンクリート・モルタル,生コンクリート,１８－８－２５（２０） 高炉,m3,pref_area,29,奈良県,6地区,,,,JPY,design_unit_price_ex_tax,publication_based_not_public,,,2026-10,2026-10-01,nara-shizai-r8-10,15,https://www.pref.nara.lg.jp/documents/8708/r0810nara_materialprice.pdf,restricted,7972baecc47d,原本で『○＝刊行物単価使用』。県は規格だけを載せ、単価は載せていない(市販の物価資料の値)。公的に公開された値は存在しない。
c509865246dad37b,JP,material,生コンクリート・モルタル,生コンクリート,１８－８－２５（２０） 高炉,m3,pref_area,29,奈良県,7地区,,,,JPY,design_unit_price_ex_tax,published_restricted_not_copied,,,2026-10,2026-10-01,nara-shizai-r8-10,15,https://www.pref.nara.lg.jp/documents/8708/r0810nara_materialprice.pdf,restricted,7972baecc47d,県が独自調査で値を載せている。利用条件が私的使用・引用のみのため値は写していない。原本を見ること。
ab40b7f2b0ce2366,JP,material,生コンクリート・モルタル,生コンクリート,１８－８－２５（２０） 高炉,m3,pref_area,29,奈良県,8地区,,,,JPY,design_unit_price_ex_tax,publication_based_not_public,,,2026-10,2026-10-01,nara-shizai-r8-10,15,https://www.pref.nara.lg.jp/documents/8708/r0810nara_materialprice.pdf,restricted,7972baecc47d,原本で『○＝刊行物単価使用』。県は規格だけを載せ、単価は載せていない(市販の物価資料の値)。公的に公開された値は存在しない。
c0c9a9c058bb470f,JP,material,生コンクリート・モルタル,生コンクリート,１８－８－２５（２０） 高炉,m3,pref_area,29,奈良県,9地区,,,,JPY,design_unit_price_ex_tax,publication_based_not_public,,,2026-10,2026-10-01,nara-shizai-r8-10,15,https://www.pref.nara.lg.jp/documents/8708/r0810nara_materialprice.pdf,restricted,7972baecc47d,原本で『○＝刊行物単価使用』。県は規格だけを載せ、単価は載せていない(市販の物価資料の値)。公的に公開された値は存在しない。
ea2dbde9270e00fe,JP,material,生コンクリート・モルタル,生コンクリート,１８－８－２５（２０） 高炉,m3,pref_area,29,奈良県,10地区,,,,JPY,design_unit_price_ex_tax,publication_based_not_public,,,2026-10,2026-10-01,nara-shizai-r8-10,15,https://www.pref.nara.lg.jp/documents/8708/r0810nara_materialprice.pdf,restricted,7972baecc47d,原本で『○＝刊行物単価使用』。県は規格だけを載せ、単価は載せていない(市販の物価資料の値)。公的に公開された値は存在しない。
397573294e08f44a,JP,material,生コンクリート・モルタル,生コンクリート,１８－８－２５（２０） 高炉,m3,pref_area,29,奈良県,11地区,,,,JPY,design_unit_price_ex_tax,published_restricted_not_copied,,,2026-10,2026-10-01,nara-shizai-r8-10,15,https://www.pref.nara.lg.jp/documents/8708/r0810nara_materialprice.pdf,restricted,7972baecc47d,県が独自調査で値を載せている。利用条件が私的使用・引用のみのため値は写していない。原本を見ること。
437d14a8918987e0,JP,material,生コンクリート・モルタル,生コンクリート,１８－８－４０ 高炉,m3,pref_area,29,奈良県,1地区,,,,JPY,design_unit_price_ex_tax,publication_based_not_public,,,2026-10,2026-10-01,nara-shizai-r8-10,15,https://www.pref.nara.lg.jp/documents/8708/r0810nara_materialprice.pdf,restricted,6bed2bb1426c,原本で『○＝刊行物単価使用』。県は規格だけを載せ、単価は載せていない(市販の物価資料の値)。公的に公開された値は存在しない。
6e185d37dc0e2330,JP,material,生コンクリート・モルタル,生コンクリート,１８－８－４０ 高炉,m3,pref_area,29,奈良県,2地区,,,,JPY,design_unit_price_ex_tax,publication_based_not_public,,,2026-10,2026-10-01,nara-shizai-r8-10,15,https://www.pref.nara.lg.jp/documents/8708/r0810nara_materialprice.pdf,restricted,6bed2bb1426c,原本で『○＝刊行物単価使用』。県は規格だけを載せ、単価は載せていない(市販の物価資料の値)。公的に公開された値は存在しない。
6297f7f3553f311a,JP,material,生コンクリート・モルタル,生コンクリート,１８－８－４０ 高炉,m3,pref_area,29,奈良県,3地区,,,,JPY,design_unit_price_ex_tax,publication_based_not_public,,,2026-10,2026-10-01,nara-shizai-r8-10,15,https://www.pref.nara.lg.jp/documents/8708/r0810nara_materialprice.pdf,restricted,6bed2bb1426c,原本で『○＝刊行物単価使用』。県は規格だけを載せ、単価は載せていない(市販の物価資料の値)。公的に公開された値は存在しない。
7c0ae9fe8aae1596,JP,material,生コンクリート・モルタル,生コンクリート,１８－８－４０ 高炉,m3,pref_area,29,奈良県,4地区,,,,JPY,design_unit_price_ex_tax,publication_based_not_public,,,2026-10,2026-10-01,nara-shizai-r8-10,15,https://www.pref.nara.lg.jp/documents/8708/r0810nara_materialprice.pdf,restricted,6bed2bb1426c,原本で『○＝刊行物単価使用』。県は規格だけを載せ、単価は載せていない(市販の物価資料の値)。公的に公開された値は存在しない。
d70636f52fe64ac7,JP,material,生コンクリート・モルタル,生コンクリート,１８－８－４０ 高炉,m3,pref_area,29,奈良県,5地区,,,,JPY,design_unit_price_ex_tax,published_restricted_not_copied,,,2026-10,2026-10-01,nara-shizai-r8-10,15,https://www.pref.nara.lg.jp/documents/8708/r0810nara_materialprice.pdf,restricted,6bed2bb1426c,県が独自調査で値を載せている。利用条件が私的使用・引用のみのため値は写していない。原本を見ること。
c4fa0038c310eee2,JP,material,生コンクリート・モルタル,生コンクリート,１８－８－４０ 高炉,m3,pref_area,29,奈良県,6地区,,,,JPY,design_unit_price_ex_tax,publication_based_not_public,,,2026-10,2026-10-01,nara-shizai-r8-10,15,https://www.pref.nara.lg.jp/documents/8708/r0810nara_materialprice.pdf,restricted,6bed2bb1426c,原本で『○＝刊行物単価使用』。県は規格だけを載せ、単価は載せていない(市販の物価資料の値)。公的に公開された値は存在しない。
c73e7ae34c33d91b,JP,material,生コンクリート・モルタル,生コンクリート,１８－８－４０ 高炉,m3,pref_area,29,奈良県,7地区,,,,JPY,design_unit_price_ex_tax,published_restricted_not_copied,,,2026-10,2026-10-01,nara-shizai-r8-10,15,https://www.pref.nara.lg.jp/documents/8708/r0810nara_materialprice.pdf,restricted,6bed2bb1426c,県が独自調査で値を載せている。利用条件が私的使用・引用のみのため値は写していない。原本を見ること。
076692ffd2f36ae3,JP,material,生コンクリート・モルタル,生コンクリート,１８－８－４０ 高炉,m3,pref_area,29,奈良県,8地区,,,,JPY,design_unit_price_ex_tax,publication_based_not_public,,,2026-10,2026-10-01,nara-shizai-r8-10,15,https://www.pref.nara.lg.jp/documents/8708/r0810nara_materialprice.pdf,restricted,6bed2bb1426c,原本で『○＝刊行物単価使用』。県は規格だけを載せ、単価は載せていない(市販の物価資料の値)。公的に公開された値は存在しない。
7edddd4ef04a9424,JP,material,生コンクリート・モルタル,生コンクリート,１８－８－４０ 高炉,m3,pref_area,29,奈良県,9地区,,,,JPY,design_unit_price_ex_tax,publication_based_not_public,,,2026-10,2026-10-01,nara-shizai-r8-10,15,https://www.pref.nara.lg.jp/documents/8708/r0810nara_materialprice.pdf,restricted,6bed2bb1426c,原本で『○＝刊行物単価使用』。県は規格だけを載せ、単価は載せていない(市販の物価資料の値)。公的に公開された値は存在しない。
0c650e61e8ebd844,JP,material,生コンクリート・モルタル,生コンクリート,１８－８－４０ 高炉,m3,pref_area,29,奈良県,10地区,,,,JPY,design_unit_price_ex_tax,publication_based_not_public,,,2026-10,2026-10-01,nara-shizai-r8-10,15,https://www.pref.nara.lg.jp/documents/8708/r0810nara_materialprice.pdf,restricted,6bed2bb1426c,原本で『○＝刊行物単価使用』。県は規格だけを載せ、単価は載せていない(市販の物価資料の値)。公的に公開された値は存在しない。
1eca59c8107afaad,JP,material,生コンクリート・モルタル,生コンクリート,１８－８－４０ 高炉,m3,pref_area,29,奈良県,11地区,,,,JPY,design_unit_price_ex_tax,published_restricted_not_copied,,,2026-10,2026-10-01,nara-shizai-r8-10,15,https://www.pref.nara.lg.jp/documents/8708/r0810nara_materialprice.pdf,restricted,6bed2bb1426c,県が独自調査で値を載せている。利用条件が私的使用・引用のみのため値は写していない。原本を見ること。
8208df88a747efdb,JP,material,生コンクリート・モルタル,生コンクリート,１８－１２－４０高炉,m3,pref_area,29,奈良県,1地区,,,,JPY,design_unit_price_ex_tax,published_restricted_not_copied,,,2026-10,2026-10-01,nara-shizai-r8-10,15,https://www.pref.nara.lg.jp/documents/8708/r0810nara_materialprice.pdf,restricted,3ff46fcd663c,県が独自調査で値を載せている。利用条件が私的使用・引用のみのため値は写していない。原本を見ること。
b773075ce81ae6bc,JP,material,生コンクリート・モルタル,生コンクリート,１８－１２－４０高炉,m3,pref_area,29,奈良県,2地区,,,,JPY,design_unit_price_ex_tax,published_restricted_not_copied,,,2026-10,2026-10-01,nara-shizai-r8-10,15,https://www.pref.nara.lg.jp/documents/8708/r0810nara_materialprice.pdf,restricted,3ff46fcd663c,県が独自調査で値を載せている。利用条件が私的使用・引用のみのため値は写していない。原本を見ること。
38dc3b35a114ff96,JP,material,生コンクリート・モルタル,生コンクリート,１８－１２－４０高炉,m3,pref_area,29,奈良県,3地区,,,,JPY,design_unit_price_ex_tax,published_restricted_not_copied,,,2026-10,2026-10-01,nara-shizai-r8-10,15,https://www.pref.nara.lg.jp/documents/8708/r0810nara_materialprice.pdf,restricted,3ff46fcd663c,県が独自調査で値を載せている。利用条件が私的使用・引用のみのため値は写していない。原本を見ること。
6390945f3c019f39,JP,material,生コンクリート・モルタル,生コンクリート,１８－１２－４０高炉,m3,pref_area,29,奈良県,4地区,,,,JPY,design_unit_price_ex_tax,published_restricted_not_copied,,,2026-10,2026-10-01,nara-shizai-r8-10,15,https://www.pref.nara.lg.jp/documents/8708/r0810nara_materialprice.pdf,restricted,3ff46fcd663c,県が独自調査で値を載せている。利用条件が私的使用・引用のみのため値は写していない。原本を見ること。
2172cacddd6d7b72,JP,material,生コンクリート・モルタル,生コンクリート,１８－１２－４０高炉,m3,pref_area,29,奈良県,5地区,,,,JPY,design_unit_price_ex_tax,published_restricted_not_copied,,,2026-10,2026-10-01,nara-shizai-r8-10,15,https://www.pref.nara.lg.jp/documents/8708/r0810nara_materialprice.pdf,restricted,3ff46fcd663c,県が独自調査で値を載せている。利用条件が私的使用・引用のみのため値は写していない。原本を見ること。
493852ad0dd68745,JP,material,生コンクリート・モルタル,生コンクリート,１８－１２－４０高炉,m3,pref_area,29,奈良県,6地区,,,,JPY,design_unit_price_ex_tax,published_restricted_not_copied,,,2026-10,2026-10-01,nara-shizai-r8-10,15,https://www.pref.nara.lg.jp/documents/8708/r0810nara_materialprice.pdf,restricted,3ff46fcd663c,県が独自調査で値を載せている。利用条件が私的使用・引用のみのため値は写していない。原本を見ること。
b161883a12505a3c,JP,material,生コンクリート・モルタル,生コンクリート,１８－１２－４０高炉,m3,pref_area,29,奈良県,7地区,,,,JPY,design_unit_price_ex_tax,published_restricted_not_copied,,,2026-10,2026-10-01,nara-shizai-r8-10,15,https://www.pref.nara.lg.jp/documents/8708/r0810nara_materialprice.pdf,restricted,3ff46fcd663c,県が独自調査で値を載せている。利用条件が私的使用・引用のみのため値は写していない。原本を見ること。
df622f97fdeacd09,JP,material,生コンクリート・モルタル,生コンクリート,１８－１２－４０高炉,m3,pref_area,29,奈良県,8地区,,,,JPY,design_unit_price_ex_tax,published_restricted_not_copied,,,2026-10,2026-10-01,nara-shizai-r8-10,15,https://www.pref.nara.lg.jp/documents/8708/r0810nara_materialprice.pdf,restricted,3ff46fcd663c,県が独自調査で値を載せている。利用条件が私的使用・引用のみのため値は写していない。原本を見ること。
98a2bdee1b55815d,JP,material,生コンクリート・モルタル,生コンクリート,１８－１２－４０高炉,m3,pref_area,29,奈良県,9地区,,,,JPY,design_unit_price_ex_tax,published_restricted_not_copied,,,2026-10,2026-10-01,nara-shizai-r8-10,15,https://www.pref.nara.lg.jp/documents/8708/r0810nara_materialprice.pdf,restricted,3ff46fcd663c,県が独自調査で値を載せている。利用条件が私的使用・引用のみのため値は写していない。原本を見ること。
0ddbd29a4a483cbd,JP,material,生コンクリート・モルタル,生コンクリート,１８－１２－４０高炉,m3,pref_area,29,奈良県,10地区,,,,JPY,design_unit_price_ex_tax,published_restricted_not_copied,,,2026-10,2026-10-01,nara-shizai-r8-10,15,https://www.pref.nara.lg.jp/documents/8708/r0810nara_materialprice.pdf,restricted,3ff46fcd663c,県が独自調査で値を載せている。利用条件が私的使用・引用のみのため値は写していない。原本を見ること。
b751f6dbc7b039d0,JP,material,生コンクリート・モルタル,生コンクリート,１８－１２－４０高炉,m3,pref_area,29,奈良県,11地区,,,,JPY,design_unit_price_ex_tax,published_restricted_not_copied,,,2026-10,2026-10-01,nara-shizai-r8-10,15,https://www.pref.nara.lg.jp/documents/8708/r0810nara_materialprice.pdf,restricted,3ff46fcd663c,県が独自調査で値を載せている。利用条件が私的使用・引用のみのため値は写していない。原本を見ること。
42b37ab38faf653b,JP,material,生コンクリート・モルタル,生コンクリート（高炉）,18-15-25(20)-BB (W/C=60%以下),m3,pref_area,29,奈良県,1地区,,,,JPY,design_unit_price_ex_tax,publication_based_not_public,,,2026-10,2026-10-01,nara-shizai-r8-10,15,https://www.pref.nara.lg.jp/documents/8708/r0810nara_materialprice.pdf,restricted,68e91bc9a365,原本で『○＝刊行物単価使用』。県は規格だけを載せ、単価は載せていない(市販の物価資料の値)。公的に公開された値は存在しない。
932d8c045eaaf4ec,JP,material,生コンクリート・モルタル,生コンクリート（高炉）,18-15-25(20)-BB (W/C=60%以下),m3,pref_area,29,奈良県,2地区,,,,JPY,design_unit_price_ex_tax,publication_based_not_public,,,2026-10,2026-10-01,nara-shizai-r8-10,15,https://www.pref.nara.lg.jp/documents/8708/r0810nara_materialprice.pdf,restricted,68e91bc9a365,原本で『○＝刊行物単価使用』。県は規格だけを載せ、単価は載せていない(市販の物価資料の値)。公的に公開された値は存在しない。
5b283c67a892441e,JP,material,生コンクリート・モルタル,生コンクリート（高炉）,18-15-25(20)-BB (W/C=60%以下),m3,pref_area,29,奈良県,3地区,,,,JPY,design_unit_price_ex_tax,publication_based_not_public,,,2026-10,2026-10-01,nara-shizai-r8-10,15,https://www.pref.nara.lg.jp/documents/8708/r0810nara_materialprice.pdf,restricted,68e91bc9a365,原本で『○＝刊行物単価使用』。県は規格だけを載せ、単価は載せていない(市販の物価資料の値)。公的に公開された値は存在しない。
c1048459e77efbca,JP,material,生コンクリート・モルタル,生コンクリート（高炉）,18-15-25(20)-BB (W/C=60%以下),m3,pref_area,29,奈良県,4地区,,,,JPY,design_unit_price_ex_tax,publication_based_not_public,,,2026-10,2026-10-01,nara-shizai-r8-10,15,https://www.pref.nara.lg.jp/documents/8708/r0810nara_materialprice.pdf,restricted,68e91bc9a365,原本で『○＝刊行物単価使用』。県は規格だけを載せ、単価は載せていない(市販の物価資料の値)。公的に公開された値は存在しない。
377d9c85178a0cf9,JP,material,生コンクリート・モルタル,生コンクリート（高炉）,18-15-25(20)-BB (W/C=60%以下),m3,pref_area,29,奈良県,5地区,,,,JPY,design_unit_price_ex_tax,published_restricted_not_copied,,,2026-10,2026-10-01,nara-shizai-r8-10,15,https://www.pref.nara.lg.jp/documents/8708/r0810nara_materialprice.pdf,restricted,68e91bc9a365,県が独自調査で値を載せている。利用条件が私的使用・引用のみのため値は写していない。原本を見ること。
7262a0f4b56e498c,JP,material,生コンクリート・モルタル,生コンクリート（高炉）,18-15-25(20)-BB (W/C=60%以下),m3,pref_area,29,奈良県,6地区,,,,JPY,design_unit_price_ex_tax,publication_based_not_public,,,2026-10,2026-10-01,nara-shizai-r8-10,15,https://www.pref.nara.lg.jp/documents/8708/r0810nara_materialprice.pdf,restricted,68e91bc9a365,原本で『○＝刊行物単価使用』。県は規格だけを載せ、単価は載せていない(市販の物価資料の値)。公的に公開された値は存在しない。
0de2b21e86002536,JP,material,生コンクリート・モルタル,生コンクリート（高炉）,18-15-25(20)-BB (W/C=60%以下),m3,pref_area,29,奈良県,7地区,,,,JPY,design_unit_price_ex_tax,published_restricted_not_copied,,,2026-10,2026-10-01,nara-shizai-r8-10,15,https://www.pref.nara.lg.jp/documents/8708/r0810nara_materialprice.pdf,restricted,68e91bc9a365,県が独自調査で値を載せている。利用条件が私的使用・引用のみのため値は写していない。原本を見ること。
2ca2de13dc95a696,JP,material,生コンクリート・モルタル,生コンクリート（高炉）,18-15-25(20)-BB (W/C=60%以下),m3,pref_area,29,奈良県,8地区,,,,JPY,design_unit_price_ex_tax,publication_based_not_public,,,2026-10,2026-10-01,nara-shizai-r8-10,15,https://www.pref.nara.lg.jp/documents/8708/r0810nara_materialprice.pdf,restricted,68e91bc9a365,原本で『○＝刊行物単価使用』。県は規格だけを載せ、単価は載せていない(市販の物価資料の値)。公的に公開された値は存在しない。
5300e144c3681ae0,JP,material,生コンクリート・モルタル,生コンクリート（高炉）,18-15-25(20)-BB (W/C=60%以下),m3,pref_area,29,奈良県,9地区,,,,JPY,design_unit_price_ex_tax,publication_based_not_public,,,2026-10,2026-10-01,nara-shizai-r8-10,15,https://www.pref.nara.lg.jp/documents/8708/r0810nara_materialprice.pdf,restricted,68e91bc9a365,原本で『○＝刊行物単価使用』。県は規格だけを載せ、単価は載せていない(市販の物価資料の値)。公的に公開された値は存在しない。
ccd9d6f62f5eb066,JP,material,生コンクリート・モルタル,生コンクリート（高炉）,18-15-25(20)-BB (W/C=60%以下),m3,pref_area,29,奈良県,10地区,,,,JPY,design_unit_price_ex_tax,publication_based_not_public,,,2026-10,2026-10-01,nara-shizai-r8-10,15,https://www.pref.nara.lg.jp/documents/8708/r0810nara_materialprice.pdf,restricted,68e91bc9a365,原本で『○＝刊行物単価使用』。県は規格だけを載せ、単価は載せていない(市販の物価資料の値)。公的に公開された値は存在しない。
cf6e18a854f1564e,JP,material,生コンクリート・モルタル,生コンクリート（高炉）,18-15-25(20)-BB (W/C=60%以下),m3,pref_area,29,奈良県,11地区,,,,JPY,design_unit_price_ex_tax,published_restricted_not_copied,,,2026-10,2026-10-01,nara-shizai-r8-10,15,https://www.pref.nara.lg.jp/documents/8708/r0810nara_materialprice.pdf,restricted,68e91bc9a365,県が独自調査で値を載せている。利用条件が私的使用・引用のみのため値は写していない。原本を見ること。
093a13f4af14a94c,JP,material,生コンクリート・モルタル,生コンクリート（高炉）,18-15-40-BB (W/C=55%以下),m3,pref_area,29,奈良県,1地区,,,,JPY,design_unit_price_ex_tax,published_restricted_not_copied,,,2026-10,2026-10-01,nara-shizai-r8-10,15,https://www.pref.nara.lg.jp/documents/8708/r0810nara_materialprice.pdf,restricted,d2d4fd06911a,県が独自調査で値を載せている。利用条件が私的使用・引用のみのため値は写していない。原本を見ること。
9b3ac4d23fdfd4cb,JP,material,生コンクリート・モルタル,生コンクリート（高炉）,18-15-40-BB (W/C=55%以下),m3,pref_area,29,奈良県,2地区,,,,JPY,design_unit_price_ex_tax,published_restricted_not_copied,,,2026-10,2026-10-01,nara-shizai-r8-10,15,https://www.pref.nara.lg.jp/documents/8708/r0810nara_materialprice.pdf,restricted,d2d4fd06911a,県が独自調査で値を載せている。利用条件が私的使用・引用のみのため値は写していない。原本を見ること。
8aa83210a29259e1,JP,material,生コンクリート・モルタル,生コンクリート（高炉）,18-15-40-BB (W/C=55%以下),m3,pref_area,29,奈良県,3地区,,,,JPY,design_unit_price_ex_tax,published_restricted_not_copied,,,2026-10,2026-10-01,nara-shizai-r8-10,15,https://www.pref.nara.lg.jp/documents/8708/r0810nara_materialprice.pdf,restricted,d2d4fd06911a,県が独自調査で値を載せている。利用条件が私的使用・引用のみのため値は写していない。原本を見ること。
1b116e510cbb7d3a,JP,material,生コンクリート・モルタル,生コンクリート（高炉）,18-15-40-BB (W/C=55%以下),m3,pref_area,29,奈良県,4地区,,,,JPY,design_unit_price_ex_tax,published_restricted_not_copied,,,2026-10,2026-10-01,nara-shizai-r8-10,15,https://www.pref.nara.lg.jp/documents/8708/r0810nara_materialprice.pdf,restricted,d2d4fd06911a,県が独自調査で値を載せている。利用条件が私的使用・引用のみのため値は写していない。原本を見ること。
40e2397e6e51a511,JP,material,生コンクリート・モルタル,生コンクリート（高炉）,18-15-40-BB (W/C=55%以下),m3,pref_area,29,奈良県,5地区,,,,JPY,design_unit_price_ex_tax,published_restricted_not_copied,,,2026-10,2026-10-01,nara-shizai-r8-10,15,https://www.pref.nara.lg.jp/documents/8708/r0810nara_materialprice.pdf,restricted,d2d4fd06911a,県が独自調査で値を載せている。利用条件が私的使用・引用のみのため値は写していない。原本を見ること。
3bbc015d1ead8910,JP,material,生コンクリート・モルタル,生コンクリート（高炉）,18-15-40-BB (W/C=55%以下),m3,pref_area,29,奈良県,6地区,,,,JPY,design_unit_price_ex_tax,published_restricted_not_copied,,,2026-10,2026-10-01,nara-shizai-r8-10,15,https://www.pref.nara.lg.jp/documents/8708/r0810nara_materialprice.pdf,restricted,d2d4fd06911a,県が独自調査で値を載せている。利用条件が私的使用・引用のみのため値は写していない。原本を見ること。
74ddb06a78082612,JP,material,生コンクリート・モルタル,生コンクリート（高炉）,18-15-40-BB (W/C=55%以下),m3,pref_area,29,奈良県,7地区,,,,JPY,design_unit_price_ex_tax,published_restricted_not_copied,,,2026-10,2026-10-01,nara-shizai-r8-10,15,https://www.pref.nara.lg.jp/documents/8708/r0810nara_materialprice.pdf,restricted,d2d4fd06911a,県が独自調査で値を載せている。利用条件が私的使用・引用のみのため値は写していない。原本を見ること。
95c67fe24685ed43,JP,material,生コンクリート・モルタル,生コンクリート（高炉）,18-15-40-BB (W/C=55%以下),m3,pref_area,29,奈良県,8地区,,,,JPY,design_unit_price_ex_tax,published_restricted_not_copied,,,2026-10,2026-10-01,nara-shizai-r8-10,15,https://www.pref.nara.lg.jp/documents/8708/r0810nara_materialprice.pdf,restricted,d2d4fd06911a,県が独自調査で値を載せている。利用条件が私的使用・引用のみのため値は写していない。原本を見ること。
bb885e368826a799,JP,material,生コンクリート・モルタル,生コンクリート（高炉）,18-15-40-BB (W/C=55%以下),m3,pref_area,29,奈良県,9地区,,,,JPY,design_unit_price_ex_tax,published_restricted_not_copied,,,2026-10,2026-10-01,nara-shizai-r8-10,15,https://www.pref.nara.lg.jp/documents/8708/r0810nara_materialprice.pdf,restricted,d2d4fd06911a,県が独自調査で値を載せている。利用条件が私的使用・引用のみのため値は写していない。原本を見ること。
e16c75f6f7b7e8b6,JP,material,生コンクリート・モルタル,生コンクリート（高炉）,18-15-40-BB (W/C=55%以下),m3,pref_area,29,奈良県,10地区,,,,JPY,design_unit_price_ex_tax,published_restricted_not_copied,,,2026-10,2026-10-01,nara-shizai-r8-10,15,https://www.pref.nara.lg.jp/documents/8708/r0810nara_materialprice.pdf,restricted,d2d4fd06911a,県が独自調査で値を載せている。利用条件が私的使用・引用のみのため値は写していない。原本を見ること。
b7b5a688da744774,JP,material,生コンクリート・モルタル,生コンクリート（高炉）,18-15-40-BB (W/C=55%以下),m3,pref_area,29,奈良県,11地区,,,,JPY,design_unit_price_ex_tax,published_restricted_not_copied,,,2026-10,2026-10-01,nara-shizai-r8-10,15,https://www.pref.nara.lg.jp/documents/8708/r0810nara_materialprice.pdf,restricted,d2d4fd06911a,県が独自調査で値を載せている。利用条件が私的使用・引用のみのため値は写していない。原本を見ること。
e2219900ad3f681f,JP,material,生コンクリート・モルタル,生コンクリート,１８－１５－４０ C=270以上高炉,m3,pref_area,29,奈良県,1地区,,,,JPY,design_unit_price_ex_tax,publication_based_not_public,,,2026-10,2026-10-01,nara-shizai-r8-10,15,https://www.pref.nara.lg.jp/documents/8708/r0810nara_materialprice.pdf,restricted,0d1554577eaf,原本で『○＝刊行物単価使用』。県は規格だけを載せ、単価は載せていない(市販の物価資料の値)。公的に公開された値は存在しない。
2f46e20f5a429220,JP,material,生コンクリート・モルタル,生コンクリート,１８－１５－４０ C=270以上高炉,m3,pref_area,29,奈良県,2地区,,,,JPY,design_unit_price_ex_tax,publication_based_not_public,,,2026-10,2026-10-01,nara-shizai-r8-10,15,https://www.pref.nara.lg.jp/documents/8708/r0810nara_materialprice.pdf,restricted,0d1554577eaf,原本で『○＝刊行物単価使用』。県は規格だけを載せ、単価は載せていない(市販の物価資料の値)。公的に公開された値は存在しない。
4ecaec7dc79d9b9a,JP,material,生コンクリート・モルタル,生コンクリート,１８－１５－４０ C=270以上高炉,m3,pref_area,29,奈良県,3地区,,,,JPY,design_unit_price_ex_tax,publication_based_not_public,,,2026-10,2026-10-01,nara-shizai-r8-10,15,https://www.pref.nara.lg.jp/documents/8708/r0810nara_materialprice.pdf,restricted,0d1554577eaf,原本で『○＝刊行物単価使用』。県は規格だけを載せ、単価は載せていない(市販の物価資料の値)。公的に公開された値は存在しない。
78bed74a02c40b8b,JP,material,生コンクリート・モルタル,生コンクリート,１８－１５－４０ C=270以上高炉,m3,pref_area,29,奈良県,4地区,,,,JPY,design_unit_price_ex_tax,publication_based_not_public,,,2026-10,2026-10-01,nara-shizai-r8-10,15,https://www.pref.nara.lg.jp/documents/8708/r0810nara_materialprice.pdf,restricted,0d1554577eaf,原本で『○＝刊行物単価使用』。県は規格だけを載せ、単価は載せていない(市販の物価資料の値)。公的に公開された値は存在しない。
a3229e49c502b6ad,JP,material,生コンクリート・モルタル,生コンクリート,１８－１５－４０ C=270以上高炉,m3,pref_area,29,奈良県,5地区,,,,JPY,design_unit_price_ex_tax,published_restricted_not_copied,,,2026-10,2026-10-01,nara-shizai-r8-10,15,https://www.pref.nara.lg.jp/documents/8708/r0810nara_materialprice.pdf,restricted,0d1554577eaf,県が独自調査で値を載せている。利用条件が私的使用・引用のみのため値は写していない。原本を見ること。
54dfd3c7f9aaa360,JP,material,生コンクリート・モルタル,生コンクリート,１８－１５－４０ C=270以上高炉,m3,pref_area,29,奈良県,6地区,,,,JPY,design_unit_price_ex_tax,publication_based_not_public,,,2026-10,2026-10-01,nara-shizai-r8-10,15,https://www.pref.nara.lg.jp/documents/8708/r0810nara_materialprice.pdf,restricted,0d1554577eaf,原本で『○＝刊行物単価使用』。県は規格だけを載せ、単価は載せていない(市販の物価資料の値)。公的に公開された値は存在しない。
a03de54960375710,JP,material,生コンクリート・モルタル,生コンクリート,１８－１５－４０ C=270以上高炉,m3,pref_area,29,奈良県,7地区,,,,JPY,design_unit_price_ex_tax,published_restricted_not_copied,,,2026-10,2026-10-01,nara-shizai-r8-10,15,https://www.pref.nara.lg.jp/documents/8708/r0810nara_materialprice.pdf,restricted,0d1554577eaf,県が独自調査で値を載せている。利用条件が私的使用・引用のみのため値は写していない。原本を見ること。
ab421a11ddd41dc8,JP,material,生コンクリート・モルタル,生コンクリート,１８－１５－４０ C=270以上高炉,m3,pref_area,29,奈良県,8地区,,,,JPY,design_unit_price_ex_tax,publication_based_not_public,,,2026-10,2026-10-01,nara-shizai-r8-10,15,https://www.pref.nara.lg.jp/documents/8708/r0810nara_materialprice.pdf,restricted,0d1554577eaf,原本で『○＝刊行物単価使用』。県は規格だけを載せ、単価は載せていない(市販の物価資料の値)。公的に公開された値は存在しない。
a9ea32d0388ec420,JP,material,生コンクリート・モルタル,生コンクリート,１８－１５－４０ C=270以上高炉,m3,pref_area,29,奈良県,9地区,,,,JPY,design_unit_price_ex_tax,publication_based_not_public,,,2026-10,2026-10-01,nara-shizai-r8-10,15,https://www.pref.nara.lg.jp/documents/8708/r0810nara_materialprice.pdf,restricted,0d1554577eaf,原本で『○＝刊行物単価使用』。県は規格だけを載せ、単価は載せていない(市販の物価資料の値)。公的に公開された値は存在しない。
482ac3170bc1c94b,JP,material,生コンクリート・モルタル,生コンクリート,１８－１５－４０ C=270以上高炉,m3,pref_area,29,奈良県,10地区,,,,JPY,design_unit_price_ex_tax,publication_based_not_public,,,2026-10,2026-10-01,nara-shizai-r8-10,15,https://www.pref.nara.lg.jp/documents/8708/r0810nara_materialprice.pdf,restricted,0d1554577eaf,原本で『○＝刊行物単価使用』。県は規格だけを載せ、単価は載せていない(市販の物価資料の値)。公的に公開された値は存在しない。
a6081b83dc62a3dd,JP,material,生コンクリート・モルタル,生コンクリート,１８－１５－４０ C=270以上高炉,m3,pref_area,29,奈良県,11地区,,,,JPY,design_unit_price_ex_tax,published_restricted_not_copied,,,2026-10,2026-10-01,nara-shizai-r8-10,15,https://www.pref.nara.lg.jp/documents/8708/r0810nara_materialprice.pdf,restricted,0d1554577eaf,県が独自調査で値を載せている。利用条件が私的使用・引用のみのため値は写していない。原本を見ること。
f61db230b2ed2c31,JP,material,生コンクリート・モルタル,生コンクリート,２１－５－４０ 高炉,m3,pref_area,29,奈良県,1地区,,,,JPY,design_unit_price_ex_tax,published_restricted_not_copied,,,2026-10,2026-10-01,nara-shizai-r8-10,15,https://www.pref.nara.lg.jp/documents/8708/r0810nara_materialprice.pdf,restricted,83539ae309ca,県が独自調査で値を載せている。利用条件が私的使用・引用のみのため値は写していない。原本を見ること。
92ced93f7a151585,JP,material,生コンクリート・モルタル,生コンクリート,２１－５－４０ 高炉,m3,pref_area,29,奈良県,2地区,,,,JPY,design_unit_price_ex_tax,published_restricted_not_copied,,,2026-10,2026-10-01,nara-shizai-r8-10,15,https://www.pref.nara.lg.jp/documents/8708/r0810nara_materialprice.pdf,restricted,83539ae309ca,県が独自調査で値を載せている。利用条件が私的使用・引用のみのため値は写していない。原本を見ること。
11024bc2af635373,JP,material,生コンクリート・モルタル,生コンクリート,２１－５－４０ 高炉,m3,pref_area,29,奈良県,3地区,,,,JPY,design_unit_price_ex_tax,published_restricted_not_copied,,,2026-10,2026-10-01,nara-shizai-r8-10,15,https://www.pref.nara.lg.jp/documents/8708/r0810nara_materialprice.pdf,restricted,83539ae309ca,県が独自調査で値を載せている。利用条件が私的使用・引用のみのため値は写していない。原本を見ること。
86268b94c6289095,JP,material,生コンクリート・モルタル,生コンクリート,２１－５－４０ 高炉,m3,pref_area,29,奈良県,4地区,,,,JPY,design_unit_price_ex_tax,published_restricted_not_copied,,,2026-10,2026-10-01,nara-shizai-r8-10,15,https://www.pref.nara.lg.jp/documents/8708/r0810nara_materialprice.pdf,restricted,83539ae309ca,県が独自調査で値を載せている。利用条件が私的使用・引用のみのため値は写していない。原本を見ること。
f9dd69d4f53d352d,JP,material,生コンクリート・モルタル,生コンクリート,２１－５－４０ 高炉,m3,pref_area,29,奈良県,5地区,,,,JPY,design_unit_price_ex_tax,published_restricted_not_copied,,,2026-10,2026-10-01,nara-shizai-r8-10,15,https://www.pref.nara.lg.jp/documents/8708/r0810nara_materialprice.pdf,restricted,83539ae309ca,県が独自調査で値を載せている。利用条件が私的使用・引用のみのため値は写していない。原本を見ること。
aad3009557a71dca,JP,material,生コンクリート・モルタル,生コンクリート,２１－５－４０ 高炉,m3,pref_area,29,奈良県,6地区,,,,JPY,design_unit_price_ex_tax,published_restricted_not_copied,,,2026-10,2026-10-01,nara-shizai-r8-10,15,https://www.pref.nara.lg.jp/documents/8708/r0810nara_materialprice.pdf,restricted,83539ae309ca,県が独自調査で値を載せている。利用条件が私的使用・引用のみのため値は写していない。原本を見ること。
ec3e5aa8ade87065,JP,material,生コンクリート・モルタル,生コンクリート,２１－５－４０ 高炉,m3,pref_area,29,奈良県,7地区,,,,JPY,design_unit_price_ex_tax,published_restricted_not_copied,,,2026-10,2026-10-01,nara-shizai-r8-10,15,https://www.pref.nara.lg.jp/documents/8708/r0810nara_materialprice.pdf,restricted,83539ae309ca,県が独自調査で値を載せている。利用条件が私的使用・引用のみのため値は写していない。原本を見ること。
174b46b89d184e75,JP,material,生コンクリート・モルタル,生コンクリート,２１－５－４０ 高炉,m3,pref_area,29,奈良県,8地区,,,,JPY,design_unit_price_ex_tax,published_restricted_not_copied,,,2026-10,2026-10-01,nara-shizai-r8-10,15,https://www.pref.nara.lg.jp/documents/8708/r0810nara_materialprice.pdf,restricted,83539ae309ca,県が独自調査で値を載せている。利用条件が私的使用・引用のみのため値は写していない。原本を見ること。
e704363a5089bd89,JP,material,生コンクリート・モルタル,生コンクリート,２１－５－４０ 高炉,m3,pref_area,29,奈良県,9地区,,,,JPY,design_unit_price_ex_tax,published_restricted_not_copied,,,2026-10,2026-10-01,nara-shizai-r8-10,15,https://www.pref.nara.lg.jp/documents/8708/r0810nara_materialprice.pdf,restricted,83539ae309ca,県が独自調査で値を載せている。利用条件が私的使用・引用のみのため値は写していない。原本を見ること。
35fcb10fc6ca2e93,JP,material,生コンクリート・モルタル,生コンクリート,２１－５－４０ 高炉,m3,pref_area,29,奈良県,10地区,,,,JPY,design_unit_price_ex_tax,published_restricted_not_copied,,,2026-10,2026-10-01,nara-shizai-r8-10,15,https://www.pref.nara.lg.jp/documents/8708/r0810nara_materialprice.pdf,restricted,83539ae309ca,県が独自調査で値を載せている。利用条件が私的使用・引用のみのため値は写していない。原本を見ること。
1581d7e985a55bb8,JP,material,生コンクリート・モルタル,生コンクリート,２１－５－４０ 高炉,m3,pref_area,29,奈良県,11地区,,,,JPY,design_unit_price_ex_tax,published_restricted_not_copied,,,2026-10,2026-10-01,nara-shizai-r8-10,15,https://www.pref.nara.lg.jp/documents/8708/r0810nara_materialprice.pdf,restricted,83539ae309ca,県が独自調査で値を載せている。利用条件が私的使用・引用のみのため値は写していない。原本を見ること。
10feca00a84a54b8,JP,material,生コンクリート・モルタル,生コンクリート（高炉）,21- 5-40-BB (W/C=60%以下),m3,pref_area,29,奈良県,1地区,,,,JPY,design_unit_price_ex_tax,publication_based_not_public,,,2026-10,2026-10-01,nara-shizai-r8-10,15,https://www.pref.nara.lg.jp/documents/8708/r0810nara_materialprice.pdf,restricted,7a0313e3dbf0,原本で『○＝刊行物単価使用』。県は規格だけを載せ、単価は載せていない(市販の物価資料の値)。公的に公開された値は存在しない。
dbf2cf11dc6708e7,JP,material,生コンクリート・モルタル,生コンクリート（高炉）,21- 5-40-BB (W/C=60%以下),m3,pref_area,29,奈良県,2地区,,,,JPY,design_unit_price_ex_tax,publication_based_not_public,,,2026-10,2026-10-01,nara-shizai-r8-10,15,https://www.pref.nara.lg.jp/documents/8708/r0810nara_materialprice.pdf,restricted,7a0313e3dbf0,原本で『○＝刊行物単価使用』。県は規格だけを載せ、単価は載せていない(市販の物価資料の値)。公的に公開された値は存在しない。
a8b1234fcfcd134f,JP,material,生コンクリート・モルタル,生コンクリート（高炉）,21- 5-40-BB (W/C=60%以下),m3,pref_area,29,奈良県,3地区,,,,JPY,design_unit_price_ex_tax,publication_based_not_public,,,2026-10,2026-10-01,nara-shizai-r8-10,15,https://www.pref.nara.lg.jp/documents/8708/r0810nara_materialprice.pdf,restricted,7a0313e3dbf0,原本で『○＝刊行物単価使用』。県は規格だけを載せ、単価は載せていない(市販の物価資料の値)。公的に公開された値は存在しない。
d839858d91d70d40,JP,material,生コンクリート・モルタル,生コンクリート（高炉）,21- 5-40-BB (W/C=60%以下),m3,pref_area,29,奈良県,4地区,,,,JPY,design_unit_price_ex_tax,publication_based_not_public,,,2026-10,2026-10-01,nara-shizai-r8-10,15,https://www.pref.nara.lg.jp/documents/8708/r0810nara_materialprice.pdf,restricted,7a0313e3dbf0,原本で『○＝刊行物単価使用』。県は規格だけを載せ、単価は載せていない(市販の物価資料の値)。公的に公開された値は存在しない。
5838314a6ee64b86,JP,material,生コンクリート・モルタル,生コンクリート（高炉）,21- 5-40-BB (W/C=60%以下),m3,pref_area,29,奈良県,5地区,,,,JPY,design_unit_price_ex_tax,published_restricted_not_copied,,,2026-10,2026-10-01,nara-shizai-r8-10,15,https://www.pref.nara.lg.jp/documents/8708/r0810nara_materialprice.pdf,restricted,7a0313e3dbf0,県が独自調査で値を載せている。利用条件が私的使用・引用のみのため値は写していない。原本を見ること。
6fc79b1e04c1bd10,JP,material,生コンクリート・モルタル,生コンクリート（高炉）,21- 5-40-BB (W/C=60%以下),m3,pref_area,29,奈良県,6地区,,,,JPY,design_unit_price_ex_tax,publication_based_not_public,,,2026-10,2026-10-01,nara-shizai-r8-10,15,https://www.pref.nara.lg.jp/documents/8708/r0810nara_materialprice.pdf,restricted,7a0313e3dbf0,原本で『○＝刊行物単価使用』。県は規格だけを載せ、単価は載せていない(市販の物価資料の値)。公的に公開された値は存在しない。
46df07a71fc23adf,JP,material,生コンクリート・モルタル,生コンクリート（高炉）,21- 5-40-BB (W/C=60%以下),m3,pref_area,29,奈良県,7地区,,,,JPY,design_unit_price_ex_tax,published_restricted_not_copied,,,2026-10,2026-10-01,nara-shizai-r8-10,15,https://www.pref.nara.lg.jp/documents/8708/r0810nara_materialprice.pdf,restricted,7a0313e3dbf0,県が独自調査で値を載せている。利用条件が私的使用・引用のみのため値は写していない。原本を見ること。
65edcc53e396d720,JP,material,生コンクリート・モルタル,生コンクリート（高炉）,21- 5-40-BB (W/C=60%以下),m3,pref_area,29,奈良県,8地区,,,,JPY,design_unit_price_ex_tax,publication_based_not_public,,,2026-10,2026-10-01,nara-shizai-r8-10,15,https://www.pref.nara.lg.jp/documents/8708/r0810nara_materialprice.pdf,restricted,7a0313e3dbf0,原本で『○＝刊行物単価使用』。県は規格だけを載せ、単価は載せていない(市販の物価資料の値)。公的に公開された値は存在しない。
511a58f8e72e8e25,JP,material,生コンクリート・モルタル,生コンクリート（高炉）,21- 5-40-BB (W/C=60%以下),m3,pref_area,29,奈良県,9地区,,,,JPY,design_unit_price_ex_tax,publication_based_not_public,,,2026-10,2026-10-01,nara-shizai-r8-10,15,https://www.pref.nara.lg.jp/documents/8708/r0810nara_materialprice.pdf,restricted,7a0313e3dbf0,原本で『○＝刊行物単価使用』。県は規格だけを載せ、単価は載せていない(市販の物価資料の値)。公的に公開された値は存在しない。
18b42c6d3c359a3b,JP,material,生コンクリート・モルタル,生コンクリート（高炉）,21- 5-40-BB (W/C=60%以下),m3,pref_area,29,奈良県,10地区,,,,JPY,design_unit_price_ex_tax,publication_based_not_public,,,2026-10,2026-10-01,nara-shizai-r8-10,15,https://www.pref.nara.lg.jp/documents/8708/r0810nara_materialprice.pdf,restricted,7a0313e3dbf0,原本で『○＝刊行物単価使用』。県は規格だけを載せ、単価は載せていない(市販の物価資料の値)。公的に公開された値は存在しない。
6b1e5ca7f662842d,JP,material,生コンクリート・モルタル,生コンクリート（高炉）,21- 5-40-BB (W/C=60%以下),m3,pref_area,29,奈良県,11地区,,,,JPY,design_unit_price_ex_tax,published_restricted_not_copied,,,2026-10,2026-10-01,nara-shizai-r8-10,15,https://www.pref.nara.lg.jp/documents/8708/r0810nara_materialprice.pdf,restricted,7a0313e3dbf0,県が独自調査で値を載せている。利用条件が私的使用・引用のみのため値は写していない。原本を見ること。
456aa1811ddf14f7,JP,material,生コンクリート・モルタル,生コンクリート,２１－８－２５（２０） 高炉,m3,pref_area,29,奈良県,1地区,,,,JPY,design_unit_price_ex_tax,published_restricted_not_copied,,,2026-10,2026-10-01,nara-shizai-r8-10,15,https://www.pref.nara.lg.jp/documents/8708/r0810nara_materialprice.pdf,restricted,2fd4d099032e,県が独自調査で値を載せている。利用条件が私的使用・引用のみのため値は写していない。原本を見ること。
4ec44e4b382686d7,JP,material,生コンクリート・モルタル,生コンクリート,２１－８－２５（２０） 高炉,m3,pref_area,29,奈良県,2地区,,,,JPY,design_unit_price_ex_tax,published_restricted_not_copied,,,2026-10,2026-10-01,nara-shizai-r8-10,15,https://www.pref.nara.lg.jp/documents/8708/r0810nara_materialprice.pdf,restricted,2fd4d099032e,県が独自調査で値を載せている。利用条件が私的使用・引用のみのため値は写していない。原本を見ること。
fb9fd8d4fa284f5c,JP,material,生コンクリート・モルタル,生コンクリート,２１－８－２５（２０） 高炉,m3,pref_area,29,奈良県,3地区,,,,JPY,design_unit_price_ex_tax,published_restricted_not_copied,,,2026-10,2026-10-01,nara-shizai-r8-10,15,https://www.pref.nara.lg.jp/documents/8708/r0810nara_materialprice.pdf,restricted,2fd4d099032e,県が独自調査で値を載せている。利用条件が私的使用・引用のみのため値は写していない。原本を見ること。
7304fb0536ec7965,JP,material,生コンクリート・モルタル,生コンクリート,２１－８－２５（２０） 高炉,m3,pref_area,29,奈良県,4地区,,,,JPY,design_unit_price_ex_tax,published_restricted_not_copied,,,2026-10,2026-10-01,nara-shizai-r8-10,15,https://www.pref.nara.lg.jp/documents/8708/r0810nara_materialprice.pdf,restricted,2fd4d099032e,県が独自調査で値を載せている。利用条件が私的使用・引用のみのため値は写していない。原本を見ること。
f543c38ecfd6f236,JP,material,生コンクリート・モルタル,生コンクリート,２１－８－２５（２０） 高炉,m3,pref_area,29,奈良県,5地区,,,,JPY,design_unit_price_ex_tax,published_restricted_not_copied,,,2026-10,2026-10-01,nara-shizai-r8-10,15,https://www.pref.nara.lg.jp/documents/8708/r0810nara_materialprice.pdf,restricted,2fd4d099032e,県が独自調査で値を載せている。利用条件が私的使用・引用のみのため値は写していない。原本を見ること。
ff76c5d84834f88c,JP,material,生コンクリート・モルタル,生コンクリート,２１－８－２５（２０） 高炉,m3,pref_area,29,奈良県,6地区,,,,JPY,design_unit_price_ex_tax,published_restricted_not_copied,,,2026-10,2026-10-01,nara-shizai-r8-10,15,https://www.pref.nara.lg.jp/documents/8708/r0810nara_materialprice.pdf,restricted,2fd4d099032e,県が独自調査で値を載せている。利用条件が私的使用・引用のみのため値は写していない。原本を見ること。
3ed241463fcc04f9,JP,material,生コンクリート・モルタル,生コンクリート,２１－８－２５（２０） 高炉,m3,pref_area,29,奈良県,7地区,,,,JPY,design_unit_price_ex_tax,published_restricted_not_copied,,,2026-10,2026-10-01,nara-shizai-r8-10,15,https://www.pref.nara.lg.jp/documents/8708/r0810nara_materialprice.pdf,restricted,2fd4d099032e,県が独自調査で値を載せている。利用条件が私的使用・引用のみのため値は写していない。原本を見ること。
5ae78595ece032fe,JP,material,生コンクリート・モルタル,生コンクリート,２１－８－２５（２０） 高炉,m3,pref_area,29,奈良県,8地区,,,,JPY,design_unit_price_ex_tax,published_restricted_not_copied,,,2026-10,2026-10-01,nara-shizai-r8-10,15,https://www.pref.nara.lg.jp/documents/8708/r0810nara_materialprice.pdf,restricted,2fd4d099032e,県が独自調査で値を載せている。利用条件が私的使用・引用のみのため値は写していない。原本を見ること。
4b6519da2b336f6d,JP,material,生コンクリート・モルタル,生コンクリート,２１－８－２５（２０） 高炉,m3,pref_area,29,奈良県,9地区,,,,JPY,design_unit_price_ex_tax,published_restricted_not_copied,,,2026-10,2026-10-01,nara-shizai-r8-10,15,https://www.pref.nara.lg.jp/documents/8708/r0810nara_materialprice.pdf,restricted,2fd4d099032e,県が独自調査で値を載せている。利用条件が私的使用・引用のみのため値は写していない。原本を見ること。
5322c84a923ddaae,JP,material,生コンクリート・モルタル,生コンクリート,２１－８－２５（２０） 高炉,m3,pref_area,29,奈良県,10地区,,,,JPY,design_unit_price_ex_tax,published_restricted_not_copied,,,2026-10,2026-10-01,nara-shizai-r8-10,15,https://www.pref.nara.lg.jp/documents/8708/r0810nara_materialprice.pdf,restricted,2fd4d099032e,県が独自調査で値を載せている。利用条件が私的使用・引用のみのため値は写していない。原本を見ること。
2b52c7d16848741f,JP,material,生コンクリート・モルタル,生コンクリート,２１－８－２５（２０） 高炉,m3,pref_area,29,奈良県,11地区,,,,JPY,design_unit_price_ex_tax,published_restricted_not_copied,,,2026-10,2026-10-01,nara-shizai-r8-10,15,https://www.pref.nara.lg.jp/documents/8708/r0810nara_materialprice.pdf,restricted,2fd4d099032e,県が独自調査で値を載せている。利用条件が私的使用・引用のみのため値は写していない。原本を見ること。
8f9123fa372e8823,JP,material,生コンクリート・モルタル,生コンクリート（高炉）,21- 8-25(20)-BB (W/C=60%以下),m3,pref_area,29,奈良県,1地区,,,,JPY,design_unit_price_ex_tax,publication_based_not_public,,,2026-10,2026-10-01,nara-shizai-r8-10,15,https://www.pref.nara.lg.jp/documents/8708/r0810nara_materialprice.pdf,restricted,0985b7435419,原本で『○＝刊行物単価使用』。県は規格だけを載せ、単価は載せていない(市販の物価資料の値)。公的に公開された値は存在しない。
d7825749d0e72b71,JP,material,生コンクリート・モルタル,生コンクリート（高炉）,21- 8-25(20)-BB (W/C=60%以下),m3,pref_area,29,奈良県,2地区,,,,JPY,design_unit_price_ex_tax,publication_based_not_public,,,2026-10,2026-10-01,nara-shizai-r8-10,15,https://www.pref.nara.lg.jp/documents/8708/r0810nara_materialprice.pdf,restricted,0985b7435419,原本で『○＝刊行物単価使用』。県は規格だけを載せ、単価は載せていない(市販の物価資料の値)。公的に公開された値は存在しない。
0f438d9205ffc03b,JP,material,生コンクリート・モルタル,生コンクリート（高炉）,21- 8-25(20)-BB (W/C=60%以下),m3,pref_area,29,奈良県,3地区,,,,JPY,design_unit_price_ex_tax,publication_based_not_public,,,2026-10,2026-10-01,nara-shizai-r8-10,15,https://www.pref.nara.lg.jp/documents/8708/r0810nara_materialprice.pdf,restricted,0985b7435419,原本で『○＝刊行物単価使用』。県は規格だけを載せ、単価は載せていない(市販の物価資料の値)。公的に公開された値は存在しない。
a6d4764d4635c711,JP,material,生コンクリート・モルタル,生コンクリート（高炉）,21- 8-25(20)-BB (W/C=60%以下),m3,pref_area,29,奈良県,4地区,,,,JPY,design_unit_price_ex_tax,publication_based_not_public,,,2026-10,2026-10-01,nara-shizai-r8-10,15,https://www.pref.nara.lg.jp/documents/8708/r0810nara_materialprice.pdf,restricted,0985b7435419,原本で『○＝刊行物単価使用』。県は規格だけを載せ、単価は載せていない(市販の物価資料の値)。公的に公開された値は存在しない。
c8e866d02465f9da,JP,material,生コンクリート・モルタル,生コンクリート（高炉）,21- 8-25(20)-BB (W/C=60%以下),m3,pref_area,29,奈良県,5地区,,,,JPY,design_unit_price_ex_tax,published_restricted_not_copied,,,2026-10,2026-10-01,nara-shizai-r8-10,15,https://www.pref.nara.lg.jp/documents/8708/r0810nara_materialprice.pdf,restricted,0985b7435419,県が独自調査で値を載せている。利用条件が私的使用・引用のみのため値は写していない。原本を見ること。
1c8bef6d1fd5c6e0,JP,material,生コンクリート・モルタル,生コンクリート（高炉）,21- 8-25(20)-BB (W/C=60%以下),m3,pref_area,29,奈良県,6地区,,,,JPY,design_unit_price_ex_tax,publication_based_not_public,,,2026-10,2026-10-01,nara-shizai-r8-10,15,https://www.pref.nara.lg.jp/documents/8708/r0810nara_materialprice.pdf,restricted,0985b7435419,原本で『○＝刊行物単価使用』。県は規格だけを載せ、単価は載せていない(市販の物価資料の値)。公的に公開された値は存在しない。
8ec5c609519d1ae8,JP,material,生コンクリート・モルタル,生コンクリート（高炉）,21- 8-25(20)-BB (W/C=60%以下),m3,pref_area,29,奈良県,7地区,,,,JPY,design_unit_price_ex_tax,published_restricted_not_copied,,,2026-10,2026-10-01,nara-shizai-r8-10,15,https://www.pref.nara.lg.jp/documents/8708/r0810nara_materialprice.pdf,restricted,0985b7435419,県が独自調査で値を載せている。利用条件が私的使用・引用のみのため値は写していない。原本を見ること。
94597591126fd45a,JP,material,生コンクリート・モルタル,生コンクリート（高炉）,21- 8-25(20)-BB (W/C=60%以下),m3,pref_area,29,奈良県,8地区,,,,JPY,design_unit_price_ex_tax,publication_based_not_public,,,2026-10,2026-10-01,nara-shizai-r8-10,15,https://www.pref.nara.lg.jp/documents/8708/r0810nara_materialprice.pdf,restricted,0985b7435419,原本で『○＝刊行物単価使用』。県は規格だけを載せ、単価は載せていない(市販の物価資料の値)。公的に公開された値は存在しない。
384bac06ca8e8a72,JP,material,生コンクリート・モルタル,生コンクリート（高炉）,21- 8-25(20)-BB (W/C=60%以下),m3,pref_area,29,奈良県,9地区,,,,JPY,design_unit_price_ex_tax,publication_based_not_public,,,2026-10,2026-10-01,nara-shizai-r8-10,15,https://www.pref.nara.lg.jp/documents/8708/r0810nara_materialprice.pdf,restricted,0985b7435419,原本で『○＝刊行物単価使用』。県は規格だけを載せ、単価は載せていない(市販の物価資料の値)。公的に公開された値は存在しない。
d89df224dc23154d,JP,material,生コンクリート・モルタル,生コンクリート（高炉）,21- 8-25(20)-BB (W/C=60%以下),m3,pref_area,29,奈良県,10地区,,,,JPY,design_unit_price_ex_tax,publication_based_not_public,,,2026-10,2026-10-01,nara-shizai-r8-10,15,https://www.pref.nara.lg.jp/documents/8708/r0810nara_materialprice.pdf,restricted,0985b7435419,原本で『○＝刊行物単価使用』。県は規格だけを載せ、単価は載せていない(市販の物価資料の値)。公的に公開された値は存在しない。
f0ebd78a642bae8c,JP,material,生コンクリート・モルタル,生コンクリート（高炉）,21- 8-25(20)-BB (W/C=60%以下),m3,pref_area,29,奈良県,11地区,,,,JPY,design_unit_price_ex_tax,published_restricted_not_copied,,,2026-10,2026-10-01,nara-shizai-r8-10,15,https://www.pref.nara.lg.jp/documents/8708/r0810nara_materialprice.pdf,restricted,0985b7435419,県が独自調査で値を載せている。利用条件が私的使用・引用のみのため値は写していない。原本を見ること。
5337408906fe65a3,JP,material,生コンクリート・モルタル,生コンクリート,２１－８－４０ 高炉,m3,pref_area,29,奈良県,1地区,,,,JPY,design_unit_price_ex_tax,published_restricted_not_copied,,,2026-10,2026-10-01,nara-shizai-r8-10,15,https://www.pref.nara.lg.jp/documents/8708/r0810nara_materialprice.pdf,restricted,c3c017c7630d,県が独自調査で値を載せている。利用条件が私的使用・引用のみのため値は写していない。原本を見ること。
67ba2dcbc8fa72d0,JP,material,生コンクリート・モルタル,生コンクリート,２１－８－４０ 高炉,m3,pref_area,29,奈良県,2地区,,,,JPY,design_unit_price_ex_tax,published_restricted_not_copied,,,2026-10,2026-10-01,nara-shizai-r8-10,15,https://www.pref.nara.lg.jp/documents/8708/r0810nara_materialprice.pdf,restricted,c3c017c7630d,県が独自調査で値を載せている。利用条件が私的使用・引用のみのため値は写していない。原本を見ること。
3ddfbf066e03ee79,JP,material,生コンクリート・モルタル,生コンクリート,２１－８－４０ 高炉,m3,pref_area,29,奈良県,3地区,,,,JPY,design_unit_price_ex_tax,published_restricted_not_copied,,,2026-10,2026-10-01,nara-shizai-r8-10,15,https://www.pref.nara.lg.jp/documents/8708/r0810nara_materialprice.pdf,restricted,c3c017c7630d,県が独自調査で値を載せている。利用条件が私的使用・引用のみのため値は写していない。原本を見ること。
84276feb0030b808,JP,material,生コンクリート・モルタル,生コンクリート,２１－８－４０ 高炉,m3,pref_area,29,奈良県,4地区,,,,JPY,design_unit_price_ex_tax,published_restricted_not_copied,,,2026-10,2026-10-01,nara-shizai-r8-10,15,https://www.pref.nara.lg.jp/documents/8708/r0810nara_materialprice.pdf,restricted,c3c017c7630d,県が独自調査で値を載せている。利用条件が私的使用・引用のみのため値は写していない。原本を見ること。
596701758d4dfb0d,JP,material,生コンクリート・モルタル,生コンクリート,２１－８－４０ 高炉,m3,pref_area,29,奈良県,5地区,,,,JPY,design_unit_price_ex_tax,published_restricted_not_copied,,,2026-10,2026-10-01,nara-shizai-r8-10,15,https://www.pref.nara.lg.jp/documents/8708/r0810nara_materialprice.pdf,restricted,c3c017c7630d,県が独自調査で値を載せている。利用条件が私的使用・引用のみのため値は写していない。原本を見ること。
eceb305d988f574a,JP,material,生コンクリート・モルタル,生コンクリート,２１－８－４０ 高炉,m3,pref_area,29,奈良県,6地区,,,,JPY,design_unit_price_ex_tax,published_restricted_not_copied,,,2026-10,2026-10-01,nara-shizai-r8-10,15,https://www.pref.nara.lg.jp/documents/8708/r0810nara_materialprice.pdf,restricted,c3c017c7630d,県が独自調査で値を載せている。利用条件が私的使用・引用のみのため値は写していない。原本を見ること。
07fe7275cbd62841,JP,material,生コンクリート・モルタル,生コンクリート,２１－８－４０ 高炉,m3,pref_area,29,奈良県,7地区,,,,JPY,design_unit_price_ex_tax,published_restricted_not_copied,,,2026-10,2026-10-01,nara-shizai-r8-10,15,https://www.pref.nara.lg.jp/documents/8708/r0810nara_materialprice.pdf,restricted,c3c017c7630d,県が独自調査で値を載せている。利用条件が私的使用・引用のみのため値は写していない。原本を見ること。
8b25788598ffec42,JP,material,生コンクリート・モルタル,生コンクリート,２１－８－４０ 高炉,m3,pref_area,29,奈良県,8地区,,,,JPY,design_unit_price_ex_tax,published_restricted_not_copied,,,2026-10,2026-10-01,nara-shizai-r8-10,15,https://www.pref.nara.lg.jp/documents/8708/r0810nara_materialprice.pdf,restricted,c3c017c7630d,県が独自調査で値を載せている。利用条件が私的使用・引用のみのため値は写していない。原本を見ること。
fec1e470e2cabc79,JP,material,生コンクリート・モルタル,生コンクリート,２１－８－４０ 高炉,m3,pref_area,29,奈良県,9地区,,,,JPY,design_unit_price_ex_tax,published_restricted_not_copied,,,2026-10,2026-10-01,nara-shizai-r8-10,15,https://www.pref.nara.lg.jp/documents/8708/r0810nara_materialprice.pdf,restricted,c3c017c7630d,県が独自調査で値を載せている。利用条件が私的使用・引用のみのため値は写していない。原本を見ること。
aeb08d3f3a736b13,JP,material,生コンクリート・モルタル,生コンクリート,２１－８－４０ 高炉,m3,pref_area,29,奈良県,10地区,,,,JPY,design_unit_price_ex_tax,published_restricted_not_copied,,,2026-10,2026-10-01,nara-shizai-r8-10,15,https://www.pref.nara.lg.jp/documents/8708/r0810nara_materialprice.pdf,restricted,c3c017c7630d,県が独自調査で値を載せている。利用条件が私的使用・引用のみのため値は写していない。原本を見ること。
827e20d9ca8edf53,JP,material,生コンクリート・モルタル,生コンクリート,２１－８－４０ 高炉,m3,pref_area,29,奈良県,11地区,,,,JPY,design_unit_price_ex_tax,published_restricted_not_copied,,,2026-10,2026-10-01,nara-shizai-r8-10,15,https://www.pref.nara.lg.jp/documents/8708/r0810nara_materialprice.pdf,restricted,c3c017c7630d,県が独自調査で値を載せている。利用条件が私的使用・引用のみのため値は写していない。原本を見ること。
082e9e4daf64ee9d,JP,material,生コンクリート・モルタル,生コンクリート（高炉）,21- 8-40-BB (W/C=60%以下),m3,pref_area,29,奈良県,1地区,,,,JPY,design_unit_price_ex_tax,publication_based_not_public,,,2026-10,2026-10-01,nara-shizai-r8-10,15,https://www.pref.nara.lg.jp/documents/8708/r0810nara_materialprice.pdf,restricted,54a5ad5a356f,原本で『○＝刊行物単価使用』。県は規格だけを載せ、単価は載せていない(市販の物価資料の値)。公的に公開された値は存在しない。
91a94f9d65c4eb39,JP,material,生コンクリート・モルタル,生コンクリート（高炉）,21- 8-40-BB (W/C=60%以下),m3,pref_area,29,奈良県,2地区,,,,JPY,design_unit_price_ex_tax,publication_based_not_public,,,2026-10,2026-10-01,nara-shizai-r8-10,15,https://www.pref.nara.lg.jp/documents/8708/r0810nara_materialprice.pdf,restricted,54a5ad5a356f,原本で『○＝刊行物単価使用』。県は規格だけを載せ、単価は載せていない(市販の物価資料の値)。公的に公開された値は存在しない。
77f701951c99769f,JP,material,生コンクリート・モルタル,生コンクリート（高炉）,21- 8-40-BB (W/C=60%以下),m3,pref_area,29,奈良県,3地区,,,,JPY,design_unit_price_ex_tax,publication_based_not_public,,,2026-10,2026-10-01,nara-shizai-r8-10,15,https://www.pref.nara.lg.jp/documents/8708/r0810nara_materialprice.pdf,restricted,54a5ad5a356f,原本で『○＝刊行物単価使用』。県は規格だけを載せ、単価は載せていない(市販の物価資料の値)。公的に公開された値は存在しない。
de22d1bbd021817e,JP,material,生コンクリート・モルタル,生コンクリート（高炉）,21- 8-40-BB (W/C=60%以下),m3,pref_area,29,奈良県,4地区,,,,JPY,design_unit_price_ex_tax,publication_based_not_public,,,2026-10,2026-10-01,nara-shizai-r8-10,15,https://www.pref.nara.lg.jp/documents/8708/r0810nara_materialprice.pdf,restricted,54a5ad5a356f,原本で『○＝刊行物単価使用』。県は規格だけを載せ、単価は載せていない(市販の物価資料の値)。公的に公開された値は存在しない。
ac92aa936c2f78ea,JP,material,生コンクリート・モルタル,生コンクリート（高炉）,21- 8-40-BB (W/C=60%以下),m3,pref_area,29,奈良県,5地区,,,,JPY,design_unit_price_ex_tax,published_restricted_not_copied,,,2026-10,2026-10-01,nara-shizai-r8-10,15,https://www.pref.nara.lg.jp/documents/8708/r0810nara_materialprice.pdf,restricted,54a5ad5a356f,県が独自調査で値を載せている。利用条件が私的使用・引用のみのため値は写していない。原本を見ること。
ed4f8dbad73cc066,JP,material,生コンクリート・モルタル,生コンクリート（高炉）,21- 8-40-BB (W/C=60%以下),m3,pref_area,29,奈良県,6地区,,,,JPY,design_unit_price_ex_tax,publication_based_not_public,,,2026-10,2026-10-01,nara-shizai-r8-10,15,https://www.pref.nara.lg.jp/documents/8708/r0810nara_materialprice.pdf,restricted,54a5ad5a356f,原本で『○＝刊行物単価使用』。県は規格だけを載せ、単価は載せていない(市販の物価資料の値)。公的に公開された値は存在しない。
e492ae0265e89765,JP,material,生コンクリート・モルタル,生コンクリート（高炉）,21- 8-40-BB (W/C=60%以下),m3,pref_area,29,奈良県,7地区,,,,JPY,design_unit_price_ex_tax,published_restricted_not_copied,,,2026-10,2026-10-01,nara-shizai-r8-10,15,https://www.pref.nara.lg.jp/documents/8708/r0810nara_materialprice.pdf,restricted,54a5ad5a356f,県が独自調査で値を載せている。利用条件が私的使用・引用のみのため値は写していない。原本を見ること。
bf54008b9f1dcd88,JP,material,生コンクリート・モルタル,生コンクリート（高炉）,21- 8-40-BB (W/C=60%以下),m3,pref_area,29,奈良県,8地区,,,,JPY,design_unit_price_ex_tax,publication_based_not_public,,,2026-10,2026-10-01,nara-shizai-r8-10,15,https://www.pref.nara.lg.jp/documents/8708/r0810nara_materialprice.pdf,restricted,54a5ad5a356f,原本で『○＝刊行物単価使用』。県は規格だけを載せ、単価は載せていない(市販の物価資料の値)。公的に公開された値は存在しない。
624f325fb51e31bb,JP,material,生コンクリート・モルタル,生コンクリート（高炉）,21- 8-40-BB (W/C=60%以下),m3,pref_area,29,奈良県,9地区,,,,JPY,design_unit_price_ex_tax,publication_based_not_public,,,2026-10,2026-10-01,nara-shizai-r8-10,15,https://www.pref.nara.lg.jp/documents/8708/r0810nara_materialprice.pdf,restricted,54a5ad5a356f,原本で『○＝刊行物単価使用』。県は規格だけを載せ、単価は載せていない(市販の物価資料の値)。公的に公開された値は存在しない。
018b405564f854cf,JP,material,生コンクリート・モルタル,生コンクリート（高炉）,21- 8-40-BB (W/C=60%以下),m3,pref_area,29,奈良県,10地区,,,,JPY,design_unit_price_ex_tax,publication_based_not_public,,,2026-10,2026-10-01,nara-shizai-r8-10,15,https://www.pref.nara.lg.jp/documents/8708/r0810nara_materialprice.pdf,restricted,54a5ad5a356f,原本で『○＝刊行物単価使用』。県は規格だけを載せ、単価は載せていない(市販の物価資料の値)。公的に公開された値は存在しない。
1bce88345884b0ba,JP,material,生コンクリート・モルタル,生コンクリート（高炉）,21- 8-40-BB (W/C=60%以下),m3,pref_area,29,奈良県,11地区,,,,JPY,design_unit_price_ex_tax,published_restricted_not_copied,,,2026-10,2026-10-01,nara-shizai-r8-10,15,https://www.pref.nara.lg.jp/documents/8708/r0810nara_materialprice.pdf,restricted,54a5ad5a356f,県が独自調査で値を載せている。利用条件が私的使用・引用のみのため値は写していない。原本を見ること。
1aa28abcb2089060,JP,material,生コンクリート・モルタル,生コンクリート,２１－１２－２５（２０） 高炉,m3,pref_area,29,奈良県,1地区,,,,JPY,design_unit_price_ex_tax,published_restricted_not_copied,,,2026-10,2026-10-01,nara-shizai-r8-10,15,https://www.pref.nara.lg.jp/documents/8708/r0810nara_materialprice.pdf,restricted,f1ebc161f121,県が独自調査で値を載せている。利用条件が私的使用・引用のみのため値は写していない。原本を見ること。
3a80cfb760d3c15b,JP,material,生コンクリート・モルタル,生コンクリート,２１－１２－２５（２０） 高炉,m3,pref_area,29,奈良県,2地区,,,,JPY,design_unit_price_ex_tax,published_restricted_not_copied,,,2026-10,2026-10-01,nara-shizai-r8-10,15,https://www.pref.nara.lg.jp/documents/8708/r0810nara_materialprice.pdf,restricted,f1ebc161f121,県が独自調査で値を載せている。利用条件が私的使用・引用のみのため値は写していない。原本を見ること。
933ba8ac2ec21d7a,JP,material,生コンクリート・モルタル,生コンクリート,２１－１２－２５（２０） 高炉,m3,pref_area,29,奈良県,3地区,,,,JPY,design_unit_price_ex_tax,published_restricted_not_copied,,,2026-10,2026-10-01,nara-shizai-r8-10,15,https://www.pref.nara.lg.jp/documents/8708/r0810nara_materialprice.pdf,restricted,f1ebc161f121,県が独自調査で値を載せている。利用条件が私的使用・引用のみのため値は写していない。原本を見ること。
e26d18d66fdf15da,JP,material,生コンクリート・モルタル,生コンクリート,２１－１２－２５（２０） 高炉,m3,pref_area,29,奈良県,4地区,,,,JPY,design_unit_price_ex_tax,published_restricted_not_copied,,,2026-10,2026-10-01,nara-shizai-r8-10,15,https://www.pref.nara.lg.jp/documents/8708/r0810nara_materialprice.pdf,restricted,f1ebc161f121,県が独自調査で値を載せている。利用条件が私的使用・引用のみのため値は写していない。原本を見ること。
51fb40599ce4459b,JP,material,生コンクリート・モルタル,生コンクリート,２１－１２－２５（２０） 高炉,m3,pref_area,29,奈良県,5地区,,,,JPY,design_unit_price_ex_tax,published_restricted_not_copied,,,2026-10,2026-10-01,nara-shizai-r8-10,15,https://www.pref.nara.lg.jp/documents/8708/r0810nara_materialprice.pdf,restricted,f1ebc161f121,県が独自調査で値を載せている。利用条件が私的使用・引用のみのため値は写していない。原本を見ること。
055fcfed78b009c4,JP,material,生コンクリート・モルタル,生コンクリート,２１－１２－２５（２０） 高炉,m3,pref_area,29,奈良県,6地区,,,,JPY,design_unit_price_ex_tax,published_restricted_not_copied,,,2026-10,2026-10-01,nara-shizai-r8-10,15,https://www.pref.nara.lg.jp/documents/8708/r0810nara_materialprice.pdf,restricted,f1ebc161f121,県が独自調査で値を載せている。利用条件が私的使用・引用のみのため値は写していない。原本を見ること。
a73d3527b5df9819,JP,material,生コンクリート・モルタル,生コンクリート,２１－１２－２５（２０） 高炉,m3,pref_area,29,奈良県,7地区,,,,JPY,design_unit_price_ex_tax,published_restricted_not_copied,,,2026-10,2026-10-01,nara-shizai-r8-10,15,https://www.pref.nara.lg.jp/documents/8708/r0810nara_materialprice.pdf,restricted,f1ebc161f121,県が独自調査で値を載せている。利用条件が私的使用・引用のみのため値は写していない。原本を見ること。
d691a1842bd49da5,JP,material,生コンクリート・モルタル,生コンクリート,２１－１２－２５（２０） 高炉,m3,pref_area,29,奈良県,8地区,,,,JPY,design_unit_price_ex_tax,published_restricted_not_copied,,,2026-10,2026-10-01,nara-shizai-r8-10,15,https://www.pref.nara.lg.jp/documents/8708/r0810nara_materialprice.pdf,restricted,f1ebc161f121,県が独自調査で値を載せている。利用条件が私的使用・引用のみのため値は写していない。原本を見ること。
7b9da77d60e38e1c,JP,material,生コンクリート・モルタル,生コンクリート,２１－１２－２５（２０） 高炉,m3,pref_area,29,奈良県,9地区,,,,JPY,design_unit_price_ex_tax,published_restricted_not_copied,,,2026-10,2026-10-01,nara-shizai-r8-10,15,https://www.pref.nara.lg.jp/documents/8708/r0810nara_materialprice.pdf,restricted,f1ebc161f121,県が独自調査で値を載せている。利用条件が私的使用・引用のみのため値は写していない。原本を見ること。
8f7b0b4e25fdf81e,JP,material,生コンクリート・モルタル,生コンクリート,２１－１２－２５（２０） 高炉,m3,pref_area,29,奈良県,10地区,,,,JPY,design_unit_price_ex_tax,published_restricted_not_copied,,,2026-10,2026-10-01,nara-shizai-r8-10,15,https://www.pref.nara.lg.jp/documents/8708/r0810nara_materialprice.pdf,restricted,f1ebc161f121,県が独自調査で値を載せている。利用条件が私的使用・引用のみのため値は写していない。原本を見ること。
1d9f86bb0a490830,JP,material,生コンクリート・モルタル,生コンクリート,２１－１２－２５（２０） 高炉,m3,pref_area,29,奈良県,11地区,,,,JPY,design_unit_price_ex_tax,published_restricted_not_copied,,,2026-10,2026-10-01,nara-shizai-r8-10,15,https://www.pref.nara.lg.jp/documents/8708/r0810nara_materialprice.pdf,restricted,f1ebc161f121,県が独自調査で値を載せている。利用条件が私的使用・引用のみのため値は写していない。原本を見ること。
87daf8afc12ba504,JP,material,生コンクリート・モルタル,生コンクリート（高炉）,21-12-25(20) (W/C=60%以下),m3,pref_area,29,奈良県,1地区,,,,JPY,design_unit_price_ex_tax,publication_based_not_public,,,2026-10,2026-10-01,nara-shizai-r8-10,15,https://www.pref.nara.lg.jp/documents/8708/r0810nara_materialprice.pdf,restricted,3ba3463c61b5,原本で『○＝刊行物単価使用』。県は規格だけを載せ、単価は載せていない(市販の物価資料の値)。公的に公開された値は存在しない。
0488daa5c5d0a5e8,JP,material,生コンクリート・モルタル,生コンクリート（高炉）,21-12-25(20) (W/C=60%以下),m3,pref_area,29,奈良県,2地区,,,,JPY,design_unit_price_ex_tax,publication_based_not_public,,,2026-10,2026-10-01,nara-shizai-r8-10,15,https://www.pref.nara.lg.jp/documents/8708/r0810nara_materialprice.pdf,restricted,3ba3463c61b5,原本で『○＝刊行物単価使用』。県は規格だけを載せ、単価は載せていない(市販の物価資料の値)。公的に公開された値は存在しない。
c615b693e56ec516,JP,material,生コンクリート・モルタル,生コンクリート（高炉）,21-12-25(20) (W/C=60%以下),m3,pref_area,29,奈良県,3地区,,,,JPY,design_unit_price_ex_tax,publication_based_not_public,,,2026-10,2026-10-01,nara-shizai-r8-10,15,https://www.pref.nara.lg.jp/documents/8708/r0810nara_materialprice.pdf,restricted,3ba3463c61b5,原本で『○＝刊行物単価使用』。県は規格だけを載せ、単価は載せていない(市販の物価資料の値)。公的に公開された値は存在しない。
5daa7f4bb6da0ff3,JP,material,生コンクリート・モルタル,生コンクリート（高炉）,21-12-25(20) (W/C=60%以下),m3,pref_area,29,奈良県,4地区,,,,JPY,design_unit_price_ex_tax,publication_based_not_public,,,2026-10,2026-10-01,nara-shizai-r8-10,15,https://www.pref.nara.lg.jp/documents/8708/r0810nara_materialprice.pdf,restricted,3ba3463c61b5,原本で『○＝刊行物単価使用』。県は規格だけを載せ、単価は載せていない(市販の物価資料の値)。公的に公開された値は存在しない。
ce4a756104507352,JP,material,生コンクリート・モルタル,生コンクリート（高炉）,21-12-25(20) (W/C=60%以下),m3,pref_area,29,奈良県,5地区,,,,JPY,design_unit_price_ex_tax,published_restricted_not_copied,,,2026-10,2026-10-01,nara-shizai-r8-10,15,https://www.pref.nara.lg.jp/documents/8708/r0810nara_materialprice.pdf,restricted,3ba3463c61b5,県が独自調査で値を載せている。利用条件が私的使用・引用のみのため値は写していない。原本を見ること。
df7649ddab0df68b,JP,material,生コンクリート・モルタル,生コンクリート（高炉）,21-12-25(20) (W/C=60%以下),m3,pref_area,29,奈良県,6地区,,,,JPY,design_unit_price_ex_tax,publication_based_not_public,,,2026-10,2026-10-01,nara-shizai-r8-10,15,https://www.pref.nara.lg.jp/documents/8708/r0810nara_materialprice.pdf,restricted,3ba3463c61b5,原本で『○＝刊行物単価使用』。県は規格だけを載せ、単価は載せていない(市販の物価資料の値)。公的に公開された値は存在しない。
a658c912c02d96a1,JP,material,生コンクリート・モルタル,生コンクリート（高炉）,21-12-25(20) (W/C=60%以下),m3,pref_area,29,奈良県,7地区,,,,JPY,design_unit_price_ex_tax,published_restricted_not_copied,,,2026-10,2026-10-01,nara-shizai-r8-10,15,https://www.pref.nara.lg.jp/documents/8708/r0810nara_materialprice.pdf,restricted,3ba3463c61b5,県が独自調査で値を載せている。利用条件が私的使用・引用のみのため値は写していない。原本を見ること。
38e52bb9978f9b8a,JP,material,生コンクリート・モルタル,生コンクリート（高炉）,21-12-25(20) (W/C=60%以下),m3,pref_area,29,奈良県,8地区,,,,JPY,design_unit_price_ex_tax,publication_based_not_public,,,2026-10,2026-10-01,nara-shizai-r8-10,15,https://www.pref.nara.lg.jp/documents/8708/r0810nara_materialprice.pdf,restricted,3ba3463c61b5,原本で『○＝刊行物単価使用』。県は規格だけを載せ、単価は載せていない(市販の物価資料の値)。公的に公開された値は存在しない。
c1fa367deb6ce59b,JP,material,生コンクリート・モルタル,生コンクリート（高炉）,21-12-25(20) (W/C=60%以下),m3,pref_area,29,奈良県,9地区,,,,JPY,design_unit_price_ex_tax,publication_based_not_public,,,2026-10,2026-10-01,nara-shizai-r8-10,15,https://www.pref.nara.lg.jp/documents/8708/r0810nara_materialprice.pdf,restricted,3ba3463c61b5,原本で『○＝刊行物単価使用』。県は規格だけを載せ、単価は載せていない(市販の物価資料の値)。公的に公開された値は存在しない。
8717297f2dde131a,JP,material,生コンクリート・モルタル,生コンクリート（高炉）,21-12-25(20) (W/C=60%以下),m3,pref_area,29,奈良県,10地区,,,,JPY,design_unit_price_ex_tax,publication_based_not_public,,,2026-10,2026-10-01,nara-shizai-r8-10,15,https://www.pref.nara.lg.jp/documents/8708/r0810nara_materialprice.pdf,restricted,3ba3463c61b5,原本で『○＝刊行物単価使用』。県は規格だけを載せ、単価は載せていない(市販の物価資料の値)。公的に公開された値は存在しない。
984ee3eaf4c16175,JP,material,生コンクリート・モルタル,生コンクリート（高炉）,21-12-25(20) (W/C=60%以下),m3,pref_area,29,奈良県,11地区,,,,JPY,design_unit_price_ex_tax,published_restricted_not_copied,,,2026-10,2026-10-01,nara-shizai-r8-10,15,https://www.pref.nara.lg.jp/documents/8708/r0810nara_materialprice.pdf,restricted,3ba3463c61b5,県が独自調査で値を載せている。利用条件が私的使用・引用のみのため値は写していない。原本を見ること。
f76b1202406d632c,JP,material,生コンクリート・モルタル,生コンクリート,２１－１２－４０ 高炉,m3,pref_area,29,奈良県,1地区,,,,JPY,design_unit_price_ex_tax,published_restricted_not_copied,,,2026-10,2026-10-01,nara-shizai-r8-10,15,https://www.pref.nara.lg.jp/documents/8708/r0810nara_materialprice.pdf,restricted,64b47d0de931,県が独自調査で値を載せている。利用条件が私的使用・引用のみのため値は写していない。原本を見ること。
dd1cd38c153f1dbb,JP,material,生コンクリート・モルタル,生コンクリート,２１－１２－４０ 高炉,m3,pref_area,29,奈良県,2地区,,,,JPY,design_unit_price_ex_tax,published_restricted_not_copied,,,2026-10,2026-10-01,nara-shizai-r8-10,15,https://www.pref.nara.lg.jp/documents/8708/r0810nara_materialprice.pdf,restricted,64b47d0de931,県が独自調査で値を載せている。利用条件が私的使用・引用のみのため値は写していない。原本を見ること。
4e1041ed43a23a9a,JP,material,生コンクリート・モルタル,生コンクリート,２１－１２－４０ 高炉,m3,pref_area,29,奈良県,3地区,,,,JPY,design_unit_price_ex_tax,published_restricted_not_copied,,,2026-10,2026-10-01,nara-shizai-r8-10,15,https://www.pref.nara.lg.jp/documents/8708/r0810nara_materialprice.pdf,restricted,64b47d0de931,県が独自調査で値を載せている。利用条件が私的使用・引用のみのため値は写していない。原本を見ること。
93ea19595c800b72,JP,material,生コンクリート・モルタル,生コンクリート,２１－１２－４０ 高炉,m3,pref_area,29,奈良県,4地区,,,,JPY,design_unit_price_ex_tax,published_restricted_not_copied,,,2026-10,2026-10-01,nara-shizai-r8-10,15,https://www.pref.nara.lg.jp/documents/8708/r0810nara_materialprice.pdf,restricted,64b47d0de931,県が独自調査で値を載せている。利用条件が私的使用・引用のみのため値は写していない。原本を見ること。
0faf85a8d579a0f3,JP,material,生コンクリート・モルタル,生コンクリート,２１－１２－４０ 高炉,m3,pref_area,29,奈良県,5地区,,,,JPY,design_unit_price_ex_tax,published_restricted_not_copied,,,2026-10,2026-10-01,nara-shizai-r8-10,15,https://www.pref.nara.lg.jp/documents/8708/r0810nara_materialprice.pdf,restricted,64b47d0de931,県が独自調査で値を載せている。利用条件が私的使用・引用のみのため値は写していない。原本を見ること。
22a6386aeef09125,JP,material,生コンクリート・モルタル,生コンクリート,２１－１２－４０ 高炉,m3,pref_area,29,奈良県,6地区,,,,JPY,design_unit_price_ex_tax,published_restricted_not_copied,,,2026-10,2026-10-01,nara-shizai-r8-10,15,https://www.pref.nara.lg.jp/documents/8708/r0810nara_materialprice.pdf,restricted,64b47d0de931,県が独自調査で値を載せている。利用条件が私的使用・引用のみのため値は写していない。原本を見ること。
5f1c50114c0a9dd6,JP,material,生コンクリート・モルタル,生コンクリート,２１－１２－４０ 高炉,m3,pref_area,29,奈良県,7地区,,,,JPY,design_unit_price_ex_tax,published_restricted_not_copied,,,2026-10,2026-10-01,nara-shizai-r8-10,15,https://www.pref.nara.lg.jp/documents/8708/r0810nara_materialprice.pdf,restricted,64b47d0de931,県が独自調査で値を載せている。利用条件が私的使用・引用のみのため値は写していない。原本を見ること。
be1dd417bc03f08f,JP,material,生コンクリート・モルタル,生コンクリート,２１－１２－４０ 高炉,m3,pref_area,29,奈良県,8地区,,,,JPY,design_unit_price_ex_tax,published_restricted_not_copied,,,2026-10,2026-10-01,nara-shizai-r8-10,15,https://www.pref.nara.lg.jp/documents/8708/r0810nara_materialprice.pdf,restricted,64b47d0de931,県が独自調査で値を載せている。利用条件が私的使用・引用のみのため値は写していない。原本を見ること。
49f1c239720ce0f3,JP,material,生コンクリート・モルタル,生コンクリート,２１－１２－４０ 高炉,m3,pref_area,29,奈良県,9地区,,,,JPY,design_unit_price_ex_tax,published_restricted_not_copied,,,2026-10,2026-10-01,nara-shizai-r8-10,15,https://www.pref.nara.lg.jp/documents/8708/r0810nara_materialprice.pdf,restricted,64b47d0de931,県が独自調査で値を載せている。利用条件が私的使用・引用のみのため値は写していない。原本を見ること。
a41c54528f0a8387,JP,material,生コンクリート・モルタル,生コンクリート,２１－１２－４０ 高炉,m3,pref_area,29,奈良県,10地区,,,,JPY,design_unit_price_ex_tax,published_restricted_not_copied,,,2026-10,2026-10-01,nara-shizai-r8-10,15,https://www.pref.nara.lg.jp/documents/8708/r0810nara_materialprice.pdf,restricted,64b47d0de931,県が独自調査で値を載せている。利用条件が私的使用・引用のみのため値は写していない。原本を見ること。
ad411b218b706fd5,JP,material,生コンクリート・モルタル,生コンクリート,２１－１２－４０ 高炉,m3,pref_area,29,奈良県,11地区,,,,JPY,design_unit_price_ex_tax,published_restricted_not_copied,,,2026-10,2026-10-01,nara-shizai-r8-10,15,https://www.pref.nara.lg.jp/documents/8708/r0810nara_materialprice.pdf,restricted,64b47d0de931,県が独自調査で値を載せている。利用条件が私的使用・引用のみのため値は写していない。原本を見ること。
a8130875f7b26a29,JP,material,生コンクリート・モルタル,生コンクリート（高炉）,21-12-40 (W/C=60%以下),m3,pref_area,29,奈良県,1地区,,,,JPY,design_unit_price_ex_tax,publication_based_not_public,,,2026-10,2026-10-01,nara-shizai-r8-10,15,https://www.pref.nara.lg.jp/documents/8708/r0810nara_materialprice.pdf,restricted,183168f81477,原本で『○＝刊行物単価使用』。県は規格だけを載せ、単価は載せていない(市販の物価資料の値)。公的に公開された値は存在しない。
43b305f0ffb87bb2,JP,material,生コンクリート・モルタル,生コンクリート（高炉）,21-12-40 (W/C=60%以下),m3,pref_area,29,奈良県,2地区,,,,JPY,design_unit_price_ex_tax,publication_based_not_public,,,2026-10,2026-10-01,nara-shizai-r8-10,15,https://www.pref.nara.lg.jp/documents/8708/r0810nara_materialprice.pdf,restricted,183168f81477,原本で『○＝刊行物単価使用』。県は規格だけを載せ、単価は載せていない(市販の物価資料の値)。公的に公開された値は存在しない。
50c159f06bda6a7e,JP,material,生コンクリート・モルタル,生コンクリート（高炉）,21-12-40 (W/C=60%以下),m3,pref_area,29,奈良県,3地区,,,,JPY,design_unit_price_ex_tax,publication_based_not_public,,,2026-10,2026-10-01,nara-shizai-r8-10,15,https://www.pref.nara.lg.jp/documents/8708/r0810nara_materialprice.pdf,restricted,183168f81477,原本で『○＝刊行物単価使用』。県は規格だけを載せ、単価は載せていない(市販の物価資料の値)。公的に公開された値は存在しない。
285775bcdfe5f609,JP,material,生コンクリート・モルタル,生コンクリート（高炉）,21-12-40 (W/C=60%以下),m3,pref_area,29,奈良県,4地区,,,,JPY,design_unit_price_ex_tax,publication_based_not_public,,,2026-10,2026-10-01,nara-shizai-r8-10,15,https://www.pref.nara.lg.jp/documents/8708/r0810nara_materialprice.pdf,restricted,183168f81477,原本で『○＝刊行物単価使用』。県は規格だけを載せ、単価は載せていない(市販の物価資料の値)。公的に公開された値は存在しない。
683e1b46af176fa9,JP,material,生コンクリート・モルタル,生コンクリート（高炉）,21-12-40 (W/C=60%以下),m3,pref_area,29,奈良県,5地区,,,,JPY,design_unit_price_ex_tax,published_restricted_not_copied,,,2026-10,2026-10-01,nara-shizai-r8-10,15,https://www.pref.nara.lg.jp/documents/8708/r0810nara_materialprice.pdf,restricted,183168f81477,県が独自調査で値を載せている。利用条件が私的使用・引用のみのため値は写していない。原本を見ること。
7c119d748f2b7d00,JP,material,生コンクリート・モルタル,生コンクリート（高炉）,21-12-40 (W/C=60%以下),m3,pref_area,29,奈良県,6地区,,,,JPY,design_unit_price_ex_tax,publication_based_not_public,,,2026-10,2026-10-01,nara-shizai-r8-10,15,https://www.pref.nara.lg.jp/documents/8708/r0810nara_materialprice.pdf,restricted,183168f81477,原本で『○＝刊行物単価使用』。県は規格だけを載せ、単価は載せていない(市販の物価資料の値)。公的に公開された値は存在しない。
18860336939895b2,JP,material,生コンクリート・モルタル,生コンクリート（高炉）,21-12-40 (W/C=60%以下),m3,pref_area,29,奈良県,7地区,,,,JPY,design_unit_price_ex_tax,published_restricted_not_copied,,,2026-10,2026-10-01,nara-shizai-r8-10,15,https://www.pref.nara.lg.jp/documents/8708/r0810nara_materialprice.pdf,restricted,183168f81477,県が独自調査で値を載せている。利用条件が私的使用・引用のみのため値は写していない。原本を見ること。
2d190f028bc3c0bf,JP,material,生コンクリート・モルタル,生コンクリート（高炉）,21-12-40 (W/C=60%以下),m3,pref_area,29,奈良県,8地区,,,,JPY,design_unit_price_ex_tax,publication_based_not_public,,,2026-10,2026-10-01,nara-shizai-r8-10,15,https://www.pref.nara.lg.jp/documents/8708/r0810nara_materialprice.pdf,restricted,183168f81477,原本で『○＝刊行物単価使用』。県は規格だけを載せ、単価は載せていない(市販の物価資料の値)。公的に公開された値は存在しない。
7252fb95dc96c3f3,JP,material,生コンクリート・モルタル,生コンクリート（高炉）,21-12-40 (W/C=60%以下),m3,pref_area,29,奈良県,9地区,,,,JPY,design_unit_price_ex_tax,publication_based_not_public,,,2026-10,2026-10-01,nara-shizai-r8-10,15,https://www.pref.nara.lg.jp/documents/8708/r0810nara_materialprice.pdf,restricted,183168f81477,原本で『○＝刊行物単価使用』。県は規格だけを載せ、単価は載せていない(市販の物価資料の値)。公的に公開された値は存在しない。
d330d750810e6199,JP,material,生コンクリート・モルタル,生コンクリート（高炉）,21-12-40 (W/C=60%以下),m3,pref_area,29,奈良県,10地区,,,,JPY,design_unit_price_ex_tax,publication_based_not_public,,,2026-10,2026-10-01,nara-shizai-r8-10,15,https://www.pref.nara.lg.jp/documents/8708/r0810nara_materialprice.pdf,restricted,183168f81477,原本で『○＝刊行物単価使用』。県は規格だけを載せ、単価は載せていない(市販の物価資料の値)。公的に公開された値は存在しない。
06e0db5010e7b939,JP,material,生コンクリート・モルタル,生コンクリート（高炉）,21-12-40 (W/C=60%以下),m3,pref_area,29,奈良県,11地区,,,,JPY,design_unit_price_ex_tax,published_restricted_not_copied,,,2026-10,2026-10-01,nara-shizai-r8-10,15,https://www.pref.nara.lg.jp/documents/8708/r0810nara_materialprice.pdf,restricted,183168f81477,県が独自調査で値を載せている。利用条件が私的使用・引用のみのため値は写していない。原本を見ること。
9af9d06700259e73,JP,material,生コンクリート・モルタル,生コンクリート,２４－８－２５（２０） 高炉,m3,pref_area,29,奈良県,1地区,,,,JPY,design_unit_price_ex_tax,publication_based_not_public,,,2026-10,2026-10-01,nara-shizai-r8-10,15,https://www.pref.nara.lg.jp/documents/8708/r0810nara_materialprice.pdf,restricted,88d74c4ebd29,原本で『○＝刊行物単価使用』。県は規格だけを載せ、単価は載せていない(市販の物価資料の値)。公的に公開された値は存在しない。
c8dbb40c45118bbf,JP,material,生コンクリート・モルタル,生コンクリート,２４－８－２５（２０） 高炉,m3,pref_area,29,奈良県,2地区,,,,JPY,design_unit_price_ex_tax,publication_based_not_public,,,2026-10,2026-10-01,nara-shizai-r8-10,15,https://www.pref.nara.lg.jp/documents/8708/r0810nara_materialprice.pdf,restricted,88d74c4ebd29,原本で『○＝刊行物単価使用』。県は規格だけを載せ、単価は載せていない(市販の物価資料の値)。公的に公開された値は存在しない。
d43969a09874f573,JP,material,生コンクリート・モルタル,生コンクリート,２４－８－２５（２０） 高炉,m3,pref_area,29,奈良県,3地区,,,,JPY,design_unit_price_ex_tax,publication_based_not_public,,,2026-10,2026-10-01,nara-shizai-r8-10,15,https://www.pref.nara.lg.jp/documents/8708/r0810nara_materialprice.pdf,restricted,88d74c4ebd29,原本で『○＝刊行物単価使用』。県は規格だけを載せ、単価は載せていない(市販の物価資料の値)。公的に公開された値は存在しない。
35b0039b6d43a8ca,JP,material,生コンクリート・モルタル,生コンクリート,２４－８－２５（２０） 高炉,m3,pref_area,29,奈良県,4地区,,,,JPY,design_unit_price_ex_tax,publication_based_not_public,,,2026-10,2026-10-01,nara-shizai-r8-10,15,https://www.pref.nara.lg.jp/documents/8708/r0810nara_materialprice.pdf,restricted,88d74c4ebd29,原本で『○＝刊行物単価使用』。県は規格だけを載せ、単価は載せていない(市販の物価資料の値)。公的に公開された値は存在しない。
a1e01b7a08cd4ae7,JP,material,生コンクリート・モルタル,生コンクリート,２４－８－２５（２０） 高炉,m3,pref_area,29,奈良県,5地区,,,,JPY,design_unit_price_ex_tax,published_restricted_not_copied,,,2026-10,2026-10-01,nara-shizai-r8-10,15,https://www.pref.nara.lg.jp/documents/8708/r0810nara_materialprice.pdf,restricted,88d74c4ebd29,県が独自調査で値を載せている。利用条件が私的使用・引用のみのため値は写していない。原本を見ること。
6ae25da9b2a75a85,JP,material,生コンクリート・モルタル,生コンクリート,２４－８－２５（２０） 高炉,m3,pref_area,29,奈良県,6地区,,,,JPY,design_unit_price_ex_tax,publication_based_not_public,,,2026-10,2026-10-01,nara-shizai-r8-10,15,https://www.pref.nara.lg.jp/documents/8708/r0810nara_materialprice.pdf,restricted,88d74c4ebd29,原本で『○＝刊行物単価使用』。県は規格だけを載せ、単価は載せていない(市販の物価資料の値)。公的に公開された値は存在しない。
1e246518520d3122,JP,material,生コンクリート・モルタル,生コンクリート,２４－８－２５（２０） 高炉,m3,pref_area,29,奈良県,7地区,,,,JPY,design_unit_price_ex_tax,published_restricted_not_copied,,,2026-10,2026-10-01,nara-shizai-r8-10,15,https://www.pref.nara.lg.jp/documents/8708/r0810nara_materialprice.pdf,restricted,88d74c4ebd29,県が独自調査で値を載せている。利用条件が私的使用・引用のみのため値は写していない。原本を見ること。
e1b57e4743ee10b6,JP,material,生コンクリート・モルタル,生コンクリート,２４－８－２５（２０） 高炉,m3,pref_area,29,奈良県,8地区,,,,JPY,design_unit_price_ex_tax,publication_based_not_public,,,2026-10,2026-10-01,nara-shizai-r8-10,15,https://www.pref.nara.lg.jp/documents/8708/r0810nara_materialprice.pdf,restricted,88d74c4ebd29,原本で『○＝刊行物単価使用』。県は規格だけを載せ、単価は載せていない(市販の物価資料の値)。公的に公開された値は存在しない。
bcf011bb9cd8b0cb,JP,material,生コンクリート・モルタル,生コンクリート,２４－８－２５（２０） 高炉,m3,pref_area,29,奈良県,9地区,,,,JPY,design_unit_price_ex_tax,publication_based_not_public,,,2026-10,2026-10-01,nara-shizai-r8-10,15,https://www.pref.nara.lg.jp/documents/8708/r0810nara_materialprice.pdf,restricted,88d74c4ebd29,原本で『○＝刊行物単価使用』。県は規格だけを載せ、単価は載せていない(市販の物価資料の値)。公的に公開された値は存在しない。
495f2f76961ab304,JP,material,生コンクリート・モルタル,生コンクリート,２４－８－２５（２０） 高炉,m3,pref_area,29,奈良県,10地区,,,,JPY,design_unit_price_ex_tax,publication_based_not_public,,,2026-10,2026-10-01,nara-shizai-r8-10,15,https://www.pref.nara.lg.jp/documents/8708/r0810nara_materialprice.pdf,restricted,88d74c4ebd29,原本で『○＝刊行物単価使用』。県は規格だけを載せ、単価は載せていない(市販の物価資料の値)。公的に公開された値は存在しない。
f56baf60dc2e55b8,JP,material,生コンクリート・モルタル,生コンクリート,２４－８－２５（２０） 高炉,m3,pref_area,29,奈良県,11地区,,,,JPY,design_unit_price_ex_tax,published_restricted_not_copied,,,2026-10,2026-10-01,nara-shizai-r8-10,15,https://www.pref.nara.lg.jp/documents/8708/r0810nara_materialprice.pdf,restricted,88d74c4ebd29,県が独自調査で値を載せている。利用条件が私的使用・引用のみのため値は写していない。原本を見ること。
445d168dde9ea135,JP,material,生コンクリート・モルタル,生コンクリート,２４－１２－２５（２０） 高炉,m3,pref_area,29,奈良県,1地区,,,,JPY,design_unit_price_ex_tax,publication_based_not_public,,,2026-10,2026-10-01,nara-shizai-r8-10,15,https://www.pref.nara.lg.jp/documents/8708/r0810nara_materialprice.pdf,restricted,2449347fc81a,原本で『○＝刊行物単価使用』。県は規格だけを載せ、単価は載せていない(市販の物価資料の値)。公的に公開された値は存在しない。
86f5e44a02f2c589,JP,material,生コンクリート・モルタル,生コンクリート,２４－１２－２５（２０） 高炉,m3,pref_area,29,奈良県,2地区,,,,JPY,design_unit_price_ex_tax,publication_based_not_public,,,2026-10,2026-10-01,nara-shizai-r8-10,15,https://www.pref.nara.lg.jp/documents/8708/r0810nara_materialprice.pdf,restricted,2449347fc81a,原本で『○＝刊行物単価使用』。県は規格だけを載せ、単価は載せていない(市販の物価資料の値)。公的に公開された値は存在しない。
5cfd38951c5de6e9,JP,material,生コンクリート・モルタル,生コンクリート,２４－１２－２５（２０） 高炉,m3,pref_area,29,奈良県,3地区,,,,JPY,design_unit_price_ex_tax,publication_based_not_public,,,2026-10,2026-10-01,nara-shizai-r8-10,15,https://www.pref.nara.lg.jp/documents/8708/r0810nara_materialprice.pdf,restricted,2449347fc81a,原本で『○＝刊行物単価使用』。県は規格だけを載せ、単価は載せていない(市販の物価資料の値)。公的に公開された値は存在しない。
301413d0eee50b96,JP,material,生コンクリート・モルタル,生コンクリート,２４－１２－２５（２０） 高炉,m3,pref_area,29,奈良県,4地区,,,,JPY,design_unit_price_ex_tax,publication_based_not_public,,,2026-10,2026-10-01,nara-shizai-r8-10,15,https://www.pref.nara.lg.jp/documents/8708/r0810nara_materialprice.pdf,restricted,2449347fc81a,原本で『○＝刊行物単価使用』。県は規格だけを載せ、単価は載せていない(市販の物価資料の値)。公的に公開された値は存在しない。
b7ba9893eab8e23e,JP,material,生コンクリート・モルタル,生コンクリート,２４－１２－２５（２０） 高炉,m3,pref_area,29,奈良県,5地区,,,,JPY,design_unit_price_ex_tax,published_restricted_not_copied,,,2026-10,2026-10-01,nara-shizai-r8-10,15,https://www.pref.nara.lg.jp/documents/8708/r0810nara_materialprice.pdf,restricted,2449347fc81a,県が独自調査で値を載せている。利用条件が私的使用・引用のみのため値は写していない。原本を見ること。
8e31612fed3a4884,JP,material,生コンクリート・モルタル,生コンクリート,２４－１２－２５（２０） 高炉,m3,pref_area,29,奈良県,6地区,,,,JPY,design_unit_price_ex_tax,publication_based_not_public,,,2026-10,2026-10-01,nara-shizai-r8-10,15,https://www.pref.nara.lg.jp/documents/8708/r0810nara_materialprice.pdf,restricted,2449347fc81a,原本で『○＝刊行物単価使用』。県は規格だけを載せ、単価は載せていない(市販の物価資料の値)。公的に公開された値は存在しない。
e228f6f759cca2d2,JP,material,生コンクリート・モルタル,生コンクリート,２４－１２－２５（２０） 高炉,m3,pref_area,29,奈良県,7地区,,,,JPY,design_unit_price_ex_tax,published_restricted_not_copied,,,2026-10,2026-10-01,nara-shizai-r8-10,15,https://www.pref.nara.lg.jp/documents/8708/r0810nara_materialprice.pdf,restricted,2449347fc81a,県が独自調査で値を載せている。利用条件が私的使用・引用のみのため値は写していない。原本を見ること。
a32f2f4e71220f31,JP,material,生コンクリート・モルタル,生コンクリート,２４－１２－２５（２０） 高炉,m3,pref_area,29,奈良県,8地区,,,,JPY,design_unit_price_ex_tax,publication_based_not_public,,,2026-10,2026-10-01,nara-shizai-r8-10,15,https://www.pref.nara.lg.jp/documents/8708/r0810nara_materialprice.pdf,restricted,2449347fc81a,原本で『○＝刊行物単価使用』。県は規格だけを載せ、単価は載せていない(市販の物価資料の値)。公的に公開された値は存在しない。
2e7770e8fcc48045,JP,material,生コンクリート・モルタル,生コンクリート,２４－１２－２５（２０） 高炉,m3,pref_area,29,奈良県,9地区,,,,JPY,design_unit_price_ex_tax,publication_based_not_public,,,2026-10,2026-10-01,nara-shizai-r8-10,15,https://www.pref.nara.lg.jp/documents/8708/r0810nara_materialprice.pdf,restricted,2449347fc81a,原本で『○＝刊行物単価使用』。県は規格だけを載せ、単価は載せていない(市販の物価資料の値)。公的に公開された値は存在しない。
b506475c38e23d28,JP,material,生コンクリート・モルタル,生コンクリート,２４－１２－２５（２０） 高炉,m3,pref_area,29,奈良県,10地区,,,,JPY,design_unit_price_ex_tax,publication_based_not_public,,,2026-10,2026-10-01,nara-shizai-r8-10,15,https://www.pref.nara.lg.jp/documents/8708/r0810nara_materialprice.pdf,restricted,2449347fc81a,原本で『○＝刊行物単価使用』。県は規格だけを載せ、単価は載せていない(市販の物価資料の値)。公的に公開された値は存在しない。
65f770a96c0e730e,JP,material,生コンクリート・モルタル,生コンクリート,２４－１２－２５（２０） 高炉,m3,pref_area,29,奈良県,11地区,,,,JPY,design_unit_price_ex_tax,published_restricted_not_copied,,,2026-10,2026-10-01,nara-shizai-r8-10,15,https://www.pref.nara.lg.jp/documents/8708/r0810nara_materialprice.pdf,restricted,2449347fc81a,県が独自調査で値を載せている。利用条件が私的使用・引用のみのため値は写していない。原本を見ること。
7de48c2c2b5e71eb,JP,material,生コンクリート・モルタル,生コンクリート,２４－８－４０ 高炉,m3,pref_area,29,奈良県,1地区,,,,JPY,design_unit_price_ex_tax,publication_based_not_public,,,2026-10,2026-10-01,nara-shizai-r8-10,15,https://www.pref.nara.lg.jp/documents/8708/r0810nara_materialprice.pdf,restricted,fd3c9527cc1f,原本で『○＝刊行物単価使用』。県は規格だけを載せ、単価は載せていない(市販の物価資料の値)。公的に公開された値は存在しない。
b5db8a5956a66e66,JP,material,生コンクリート・モルタル,生コンクリート,２４－８－４０ 高炉,m3,pref_area,29,奈良県,2地区,,,,JPY,design_unit_price_ex_tax,publication_based_not_public,,,2026-10,2026-10-01,nara-shizai-r8-10,15,https://www.pref.nara.lg.jp/documents/8708/r0810nara_materialprice.pdf,restricted,fd3c9527cc1f,原本で『○＝刊行物単価使用』。県は規格だけを載せ、単価は載せていない(市販の物価資料の値)。公的に公開された値は存在しない。
83b186ab7fdeb30f,JP,material,生コンクリート・モルタル,生コンクリート,２４－８－４０ 高炉,m3,pref_area,29,奈良県,3地区,,,,JPY,design_unit_price_ex_tax,publication_based_not_public,,,2026-10,2026-10-01,nara-shizai-r8-10,15,https://www.pref.nara.lg.jp/documents/8708/r0810nara_materialprice.pdf,restricted,fd3c9527cc1f,原本で『○＝刊行物単価使用』。県は規格だけを載せ、単価は載せていない(市販の物価資料の値)。公的に公開された値は存在しない。
9d67bd9b8853076c,JP,material,生コンクリート・モルタル,生コンクリート,２４－８－４０ 高炉,m3,pref_area,29,奈良県,4地区,,,,JPY,design_unit_price_ex_tax,publication_based_not_public,,,2026-10,2026-10-01,nara-shizai-r8-10,15,https://www.pref.nara.lg.jp/documents/8708/r0810nara_materialprice.pdf,restricted,fd3c9527cc1f,原本で『○＝刊行物単価使用』。県は規格だけを載せ、単価は載せていない(市販の物価資料の値)。公的に公開された値は存在しない。
c5d6e61dc8ce2326,JP,material,生コンクリート・モルタル,生コンクリート,２４－８－４０ 高炉,m3,pref_area,29,奈良県,5地区,,,,JPY,design_unit_price_ex_tax,published_restricted_not_copied,,,2026-10,2026-10-01,nara-shizai-r8-10,15,https://www.pref.nara.lg.jp/documents/8708/r0810nara_materialprice.pdf,restricted,fd3c9527cc1f,県が独自調査で値を載せている。利用条件が私的使用・引用のみのため値は写していない。原本を見ること。
a6fa0b6756ad9f9e,JP,material,生コンクリート・モルタル,生コンクリート,２４－８－４０ 高炉,m3,pref_area,29,奈良県,6地区,,,,JPY,design_unit_price_ex_tax,publication_based_not_public,,,2026-10,2026-10-01,nara-shizai-r8-10,15,https://www.pref.nara.lg.jp/documents/8708/r0810nara_materialprice.pdf,restricted,fd3c9527cc1f,原本で『○＝刊行物単価使用』。県は規格だけを載せ、単価は載せていない(市販の物価資料の値)。公的に公開された値は存在しない。
1b3a6f88b44cd05f,JP,material,生コンクリート・モルタル,生コンクリート,２４－８－４０ 高炉,m3,pref_area,29,奈良県,7地区,,,,JPY,design_unit_price_ex_tax,published_restricted_not_copied,,,2026-10,2026-10-01,nara-shizai-r8-10,15,https://www.pref.nara.lg.jp/documents/8708/r0810nara_materialprice.pdf,restricted,fd3c9527cc1f,県が独自調査で値を載せている。利用条件が私的使用・引用のみのため値は写していない。原本を見ること。
b00b00a84220044a,JP,material,生コンクリート・モルタル,生コンクリート,２４－８－４０ 高炉,m3,pref_area,29,奈良県,8地区,,,,JPY,design_unit_price_ex_tax,publication_based_not_public,,,2026-10,2026-10-01,nara-shizai-r8-10,15,https://www.pref.nara.lg.jp/documents/8708/r0810nara_materialprice.pdf,restricted,fd3c9527cc1f,原本で『○＝刊行物単価使用』。県は規格だけを載せ、単価は載せていない(市販の物価資料の値)。公的に公開された値は存在しない。
2f744b8ad4229425,JP,material,生コンクリート・モルタル,生コンクリート,２４－８－４０ 高炉,m3,pref_area,29,奈良県,9地区,,,,JPY,design_unit_price_ex_tax,publication_based_not_public,,,2026-10,2026-10-01,nara-shizai-r8-10,15,https://www.pref.nara.lg.jp/documents/8708/r0810nara_materialprice.pdf,restricted,fd3c9527cc1f,原本で『○＝刊行物単価使用』。県は規格だけを載せ、単価は載せていない(市販の物価資料の値)。公的に公開された値は存在しない。
ff556b7d26e1d401,JP,material,生コンクリート・モルタル,生コンクリート,２４－８－４０ 高炉,m3,pref_area,29,奈良県,10地区,,,,JPY,design_unit_price_ex_tax,publication_based_not_public,,,2026-10,2026-10-01,nara-shizai-r8-10,15,https://www.pref.nara.lg.jp/documents/8708/r0810nara_materialprice.pdf,restricted,fd3c9527cc1f,原本で『○＝刊行物単価使用』。県は規格だけを載せ、単価は載せていない(市販の物価資料の値)。公的に公開された値は存在しない。
3340b4471e33c267,JP,material,生コンクリート・モルタル,生コンクリート,２４－８－４０ 高炉,m3,pref_area,29,奈良県,11地区,,,,JPY,design_unit_price_ex_tax,published_restricted_not_copied,,,2026-10,2026-10-01,nara-shizai-r8-10,15,https://www.pref.nara.lg.jp/documents/8708/r0810nara_materialprice.pdf,restricted,fd3c9527cc1f,県が独自調査で値を載せている。利用条件が私的使用・引用のみのため値は写していない。原本を見ること。
77f56c0f0a3d746a,JP,material,生コンクリート・モルタル,生コンクリート（高炉）,２４－１２－４０ 高炉,m3,pref_area,29,奈良県,1地区,,,,JPY,design_unit_price_ex_tax,publication_based_not_public,,,2026-10,2026-10-01,nara-shizai-r8-10,15,https://www.pref.nara.lg.jp/documents/8708/r0810nara_materialprice.pdf,restricted,95b61d3f217c,原本で『○＝刊行物単価使用』。県は規格だけを載せ、単価は載せていない(市販の物価資料の値)。公的に公開された値は存在しない。
7d80a48e81e2fcee,JP,material,生コンクリート・モルタル,生コンクリート（高炉）,２４－１２－４０ 高炉,m3,pref_area,29,奈良県,2地区,,,,JPY,design_unit_price_ex_tax,publication_based_not_public,,,2026-10,2026-10-01,nara-shizai-r8-10,15,https://www.pref.nara.lg.jp/documents/8708/r0810nara_materialprice.pdf,restricted,95b61d3f217c,原本で『○＝刊行物単価使用』。県は規格だけを載せ、単価は載せていない(市販の物価資料の値)。公的に公開された値は存在しない。
3cb94e418e892400,JP,material,生コンクリート・モルタル,生コンクリート（高炉）,２４－１２－４０ 高炉,m3,pref_area,29,奈良県,3地区,,,,JPY,design_unit_price_ex_tax,publication_based_not_public,,,2026-10,2026-10-01,nara-shizai-r8-10,15,https://www.pref.nara.lg.jp/documents/8708/r0810nara_materialprice.pdf,restricted,95b61d3f217c,原本で『○＝刊行物単価使用』。県は規格だけを載せ、単価は載せていない(市販の物価資料の値)。公的に公開された値は存在しない。
042404b0b968f2d4,JP,material,生コンクリート・モルタル,生コンクリート（高炉）,２４－１２－４０ 高炉,m3,pref_area,29,奈良県,4地区,,,,JPY,design_unit_price_ex_tax,publication_based_not_public,,,2026-10,2026-10-01,nara-shizai-r8-10,15,https://www.pref.nara.lg.jp/documents/8708/r0810nara_materialprice.pdf,restricted,95b61d3f217c,原本で『○＝刊行物単価使用』。県は規格だけを載せ、単価は載せていない(市販の物価資料の値)。公的に公開された値は存在しない。
704b2a5054f12580,JP,material,生コンクリート・モルタル,生コンクリート（高炉）,２４－１２－４０ 高炉,m3,pref_area,29,奈良県,5地区,,,,JPY,design_unit_price_ex_tax,published_restricted_not_copied,,,2026-10,2026-10-01,nara-shizai-r8-10,15,https://www.pref.nara.lg.jp/documents/8708/r0810nara_materialprice.pdf,restricted,95b61d3f217c,県が独自調査で値を載せている。利用条件が私的使用・引用のみのため値は写していない。原本を見ること。
a46165fcb3f7c8c2,JP,material,生コンクリート・モルタル,生コンクリート（高炉）,２４－１２－４０ 高炉,m3,pref_area,29,奈良県,6地区,,,,JPY,design_unit_price_ex_tax,publication_based_not_public,,,2026-10,2026-10-01,nara-shizai-r8-10,15,https://www.pref.nara.lg.jp/documents/8708/r0810nara_materialprice.pdf,restricted,95b61d3f217c,原本で『○＝刊行物単価使用』。県は規格だけを載せ、単価は載せていない(市販の物価資料の値)。公的に公開された値は存在しない。
973affc5a6ccc43d,JP,material,生コンクリート・モルタル,生コンクリート（高炉）,２４－１２－４０ 高炉,m3,pref_area,29,奈良県,7地区,,,,JPY,design_unit_price_ex_tax,published_restricted_not_copied,,,2026-10,2026-10-01,nara-shizai-r8-10,15,https://www.pref.nara.lg.jp/documents/8708/r0810nara_materialprice.pdf,restricted,95b61d3f217c,県が独自調査で値を載せている。利用条件が私的使用・引用のみのため値は写していない。原本を見ること。
2fa7e8c0ebfb83af,JP,material,生コンクリート・モルタル,生コンクリート（高炉）,２４－１２－４０ 高炉,m3,pref_area,29,奈良県,8地区,,,,JPY,design_unit_price_ex_tax,not_set,,,2026-10,2026-10-01,nara-shizai-r8-10,15,https://www.pref.nara.lg.jp/documents/8708/r0810nara_materialprice.pdf,restricted,95b61d3f217c,原本で空欄(取引事例が著しく少なく単価を設定していない)。
46b01b94b08ad116,JP,material,生コンクリート・モルタル,生コンクリート（高炉）,２４－１２－４０ 高炉,m3,pref_area,29,奈良県,9地区,,,,JPY,design_unit_price_ex_tax,publication_based_not_public,,,2026-10,2026-10-01,nara-shizai-r8-10,15,https://www.pref.nara.lg.jp/documents/8708/r0810nara_materialprice.pdf,restricted,95b61d3f217c,原本で『○＝刊行物単価使用』。県は規格だけを載せ、単価は載せていない(市販の物価資料の値)。公的に公開された値は存在しない。
7463be782d89e3d2,JP,material,生コンクリート・モルタル,生コンクリート（高炉）,２４－１２－４０ 高炉,m3,pref_area,29,奈良県,10地区,,,,JPY,design_unit_price_ex_tax,publication_based_not_public,,,2026-10,2026-10-01,nara-shizai-r8-10,15,https://www.pref.nara.lg.jp/documents/8708/r0810nara_materialprice.pdf,restricted,95b61d3f217c,原本で『○＝刊行物単価使用』。県は規格だけを載せ、単価は載せていない(市販の物価資料の値)。公的に公開された値は存在しない。
00870e491a7544a3,JP,material,生コンクリート・モルタル,生コンクリート（高炉）,２４－１２－４０ 高炉,m3,pref_area,29,奈良県,11地区,,,,JPY,design_unit_price_ex_tax,published_restricted_not_copied,,,2026-10,2026-10-01,nara-shizai-r8-10,15,https://www.pref.nara.lg.jp/documents/8708/r0810nara_materialprice.pdf,restricted,95b61d3f217c,県が独自調査で値を載せている。利用条件が私的使用・引用のみのため値は写していない。原本を見ること。
ca54f23349b97b2b,JP,material,生コンクリート・モルタル,生コンクリート,２４－１２－４０ 高炉,m3,pref_area,29,奈良県,1地区,,,,JPY,design_unit_price_ex_tax,publication_based_not_public,,,2026-10,2026-10-01,nara-shizai-r8-10,15,https://www.pref.nara.lg.jp/documents/8708/r0810nara_materialprice.pdf,restricted,95b61d3f217c,原本で『○＝刊行物単価使用』。県は規格だけを載せ、単価は載せていない(市販の物価資料の値)。公的に公開された値は存在しない。
ac6ff83b3b627d46,JP,material,生コンクリート・モルタル,生コンクリート,２４－１２－４０ 高炉,m3,pref_area,29,奈良県,2地区,,,,JPY,design_unit_price_ex_tax,publication_based_not_public,,,2026-10,2026-10-01,nara-shizai-r8-10,15,https://www.pref.nara.lg.jp/documents/8708/r0810nara_materialprice.pdf,restricted,95b61d3f217c,原本で『○＝刊行物単価使用』。県は規格だけを載せ、単価は載せていない(市販の物価資料の値)。公的に公開された値は存在しない。
a0ae87f148445100,JP,material,生コンクリート・モルタル,生コンクリート,２４－１２－４０ 高炉,m3,pref_area,29,奈良県,3地区,,,,JPY,design_unit_price_ex_tax,publication_based_not_public,,,2026-10,2026-10-01,nara-shizai-r8-10,15,https://www.pref.nara.lg.jp/documents/8708/r0810nara_materialprice.pdf,restricted,95b61d3f217c,原本で『○＝刊行物単価使用』。県は規格だけを載せ、単価は載せていない(市販の物価資料の値)。公的に公開された値は存在しない。
a726a60fdd8c6469,JP,material,生コンクリート・モルタル,生コンクリート,２４－１２－４０ 高炉,m3,pref_area,29,奈良県,4地区,,,,JPY,design_unit_price_ex_tax,publication_based_not_public,,,2026-10,2026-10-01,nara-shizai-r8-10,15,https://www.pref.nara.lg.jp/documents/8708/r0810nara_materialprice.pdf,restricted,95b61d3f217c,原本で『○＝刊行物単価使用』。県は規格だけを載せ、単価は載せていない(市販の物価資料の値)。公的に公開された値は存在しない。
2f4d4d7566d41110,JP,material,生コンクリート・モルタル,生コンクリート,２４－１２－４０ 高炉,m3,pref_area,29,奈良県,5地区,,,,JPY,design_unit_price_ex_tax,published_restricted_not_copied,,,2026-10,2026-10-01,nara-shizai-r8-10,15,https://www.pref.nara.lg.jp/documents/8708/r0810nara_materialprice.pdf,restricted,95b61d3f217c,県が独自調査で値を載せている。利用条件が私的使用・引用のみのため値は写していない。原本を見ること。
ba57ca766a2115f1,JP,material,生コンクリート・モルタル,生コンクリート,２４－１２－４０ 高炉,m3,pref_area,29,奈良県,6地区,,,,JPY,design_unit_price_ex_tax,publication_based_not_public,,,2026-10,2026-10-01,nara-shizai-r8-10,15,https://www.pref.nara.lg.jp/documents/8708/r0810nara_materialprice.pdf,restricted,95b61d3f217c,原本で『○＝刊行物単価使用』。県は規格だけを載せ、単価は載せていない(市販の物価資料の値)。公的に公開された値は存在しない。
5982655f1f8d8be2,JP,material,生コンクリート・モルタル,生コンクリート,２４－１２－４０ 高炉,m3,pref_area,29,奈良県,7地区,,,,JPY,design_unit_price_ex_tax,published_restricted_not_copied,,,2026-10,2026-10-01,nara-shizai-r8-10,15,https://www.pref.nara.lg.jp/documents/8708/r0810nara_materialprice.pdf,restricted,95b61d3f217c,県が独自調査で値を載せている。利用条件が私的使用・引用のみのため値は写していない。原本を見ること。
266a6a35ebcb4646,JP,material,生コンクリート・モルタル,生コンクリート,２４－１２－４０ 高炉,m3,pref_area,29,奈良県,8地区,,,,JPY,design_unit_price_ex_tax,not_set,,,2026-10,2026-10-01,nara-shizai-r8-10,15,https://www.pref.nara.lg.jp/documents/8708/r0810nara_materialprice.pdf,restricted,95b61d3f217c,原本で空欄(取引事例が著しく少なく単価を設定していない)。
ca0e262b9d1b89a5,JP,material,生コンクリート・モルタル,生コンクリート,２４－１２－４０ 高炉,m3,pref_area,29,奈良県,9地区,,,,JPY,design_unit_price_ex_tax,publication_based_not_public,,,2026-10,2026-10-01,nara-shizai-r8-10,15,https://www.pref.nara.lg.jp/documents/8708/r0810nara_materialprice.pdf,restricted,95b61d3f217c,原本で『○＝刊行物単価使用』。県は規格だけを載せ、単価は載せていない(市販の物価資料の値)。公的に公開された値は存在しない。
b5a4318cf4da50b8,JP,material,生コンクリート・モルタル,生コンクリート,２４－１２－４０ 高炉,m3,pref_area,29,奈良県,10地区,,,,JPY,design_unit_price_ex_tax,publication_based_not_public,,,2026-10,2026-10-01,nara-shizai-r8-10,15,https://www.pref.nara.lg.jp/documents/8708/r0810nara_materialprice.pdf,restricted,95b61d3f217c,原本で『○＝刊行物単価使用』。県は規格だけを載せ、単価は載せていない(市販の物価資料の値)。公的に公開された値は存在しない。
f1f62ba21a0005fb,JP,material,生コンクリート・モルタル,生コンクリート,２４－１２－４０ 高炉,m3,pref_area,29,奈良県,11地区,,,,JPY,design_unit_price_ex_tax,published_restricted_not_copied,,,2026-10,2026-10-01,nara-shizai-r8-10,15,https://www.pref.nara.lg.jp/documents/8708/r0810nara_materialprice.pdf,restricted,95b61d3f217c,県が独自調査で値を載せている。利用条件が私的使用・引用のみのため値は写していない。原本を見ること。
39da07e6a6c17dc7,JP,material,生コンクリート・モルタル,生コンクリート,２７－５－４０ 高炉,m3,pref_area,29,奈良県,1地区,,,,JPY,design_unit_price_ex_tax,publication_based_not_public,,,2026-10,2026-10-01,nara-shizai-r8-10,15,https://www.pref.nara.lg.jp/documents/8708/r0810nara_materialprice.pdf,restricted,3bcecdea58c1,原本で『○＝刊行物単価使用』。県は規格だけを載せ、単価は載せていない(市販の物価資料の値)。公的に公開された値は存在しない。
f5468dfbaaa14a9b,JP,material,生コンクリート・モルタル,生コンクリート,２７－５－４０ 高炉,m3,pref_area,29,奈良県,2地区,,,,JPY,design_unit_price_ex_tax,publication_based_not_public,,,2026-10,2026-10-01,nara-shizai-r8-10,15,https://www.pref.nara.lg.jp/documents/8708/r0810nara_materialprice.pdf,restricted,3bcecdea58c1,原本で『○＝刊行物単価使用』。県は規格だけを載せ、単価は載せていない(市販の物価資料の値)。公的に公開された値は存在しない。
5b4902acb7a42590,JP,material,生コンクリート・モルタル,生コンクリート,２７－５－４０ 高炉,m3,pref_area,29,奈良県,3地区,,,,JPY,design_unit_price_ex_tax,publication_based_not_public,,,2026-10,2026-10-01,nara-shizai-r8-10,15,https://www.pref.nara.lg.jp/documents/8708/r0810nara_materialprice.pdf,restricted,3bcecdea58c1,原本で『○＝刊行物単価使用』。県は規格だけを載せ、単価は載せていない(市販の物価資料の値)。公的に公開された値は存在しない。
90b85214ef1d6976,JP,material,生コンクリート・モルタル,生コンクリート,２７－５－４０ 高炉,m3,pref_area,29,奈良県,4地区,,,,JPY,design_unit_price_ex_tax,publication_based_not_public,,,2026-10,2026-10-01,nara-shizai-r8-10,15,https://www.pref.nara.lg.jp/documents/8708/r0810nara_materialprice.pdf,restricted,3bcecdea58c1,原本で『○＝刊行物単価使用』。県は規格だけを載せ、単価は載せていない(市販の物価資料の値)。公的に公開された値は存在しない。
5b3b351d02371bfd,JP,material,生コンクリート・モルタル,生コンクリート,２７－５－４０ 高炉,m3,pref_area,29,奈良県,5地区,,,,JPY,design_unit_price_ex_tax,published_restricted_not_copied,,,2026-10,2026-10-01,nara-shizai-r8-10,15,https://www.pref.nara.lg.jp/documents/8708/r0810nara_materialprice.pdf,restricted,3bcecdea58c1,県が独自調査で値を載せている。利用条件が私的使用・引用のみのため値は写していない。原本を見ること。
a205590be91ec270,JP,material,生コンクリート・モルタル,生コンクリート,２７－５－４０ 高炉,m3,pref_area,29,奈良県,6地区,,,,JPY,design_unit_price_ex_tax,publication_based_not_public,,,2026-10,2026-10-01,nara-shizai-r8-10,15,https://www.pref.nara.lg.jp/documents/8708/r0810nara_materialprice.pdf,restricted,3bcecdea58c1,原本で『○＝刊行物単価使用』。県は規格だけを載せ、単価は載せていない(市販の物価資料の値)。公的に公開された値は存在しない。
4764ccc51eb6d226,JP,material,生コンクリート・モルタル,生コンクリート,２７－５－４０ 高炉,m3,pref_area,29,奈良県,7地区,,,,JPY,design_unit_price_ex_tax,published_restricted_not_copied,,,2026-10,2026-10-01,nara-shizai-r8-10,15,https://www.pref.nara.lg.jp/documents/8708/r0810nara_materialprice.pdf,restricted,3bcecdea58c1,県が独自調査で値を載せている。利用条件が私的使用・引用のみのため値は写していない。原本を見ること。
d4a836012b6ed682,JP,material,生コンクリート・モルタル,生コンクリート,２７－５－４０ 高炉,m3,pref_area,29,奈良県,8地区,,,,JPY,design_unit_price_ex_tax,publication_based_not_public,,,2026-10,2026-10-01,nara-shizai-r8-10,15,https://www.pref.nara.lg.jp/documents/8708/r0810nara_materialprice.pdf,restricted,3bcecdea58c1,原本で『○＝刊行物単価使用』。県は規格だけを載せ、単価は載せていない(市販の物価資料の値)。公的に公開された値は存在しない。
832303f8470251f1,JP,material,生コンクリート・モルタル,生コンクリート,２７－５－４０ 高炉,m3,pref_area,29,奈良県,9地区,,,,JPY,design_unit_price_ex_tax,publication_based_not_public,,,2026-10,2026-10-01,nara-shizai-r8-10,15,https://www.pref.nara.lg.jp/documents/8708/r0810nara_materialprice.pdf,restricted,3bcecdea58c1,原本で『○＝刊行物単価使用』。県は規格だけを載せ、単価は載せていない(市販の物価資料の値)。公的に公開された値は存在しない。
3f9fcbe3b492976b,JP,material,生コンクリート・モルタル,生コンクリート,２７－５－４０ 高炉,m3,pref_area,29,奈良県,10地区,,,,JPY,design_unit_price_ex_tax,publication_based_not_public,,,2026-10,2026-10-01,nara-shizai-r8-10,15,https://www.pref.nara.lg.jp/documents/8708/r0810nara_materialprice.pdf,restricted,3bcecdea58c1,原本で『○＝刊行物単価使用』。県は規格だけを載せ、単価は載せていない(市販の物価資料の値)。公的に公開された値は存在しない。
dac5e840b1f1289a,JP,material,生コンクリート・モルタル,生コンクリート,２７－５－４０ 高炉,m3,pref_area,29,奈良県,11地区,,,,JPY,design_unit_price_ex_tax,published_restricted_not_copied,,,2026-10,2026-10-01,nara-shizai-r8-10,15,https://www.pref.nara.lg.jp/documents/8708/r0810nara_materialprice.pdf,restricted,3bcecdea58c1,県が独自調査で値を載せている。利用条件が私的使用・引用のみのため値は写していない。原本を見ること。
7c8cc16b66e50437,JP,material,生コンクリート・モルタル,生コンクリート（高炉）,30-15-40 (W/C=55%以下),m3,pref_area,29,奈良県,1地区,,,,JPY,design_unit_price_ex_tax,published_restricted_not_copied,,,2026-10,2026-10-01,nara-shizai-r8-10,15,https://www.pref.nara.lg.jp/documents/8708/r0810nara_materialprice.pdf,restricted,e6f47dda720a,県が独自調査で値を載せている。利用条件が私的使用・引用のみのため値は写していない。原本を見ること。
ef308e848569d576,JP,material,生コンクリート・モルタル,生コンクリート（高炉）,30-15-40 (W/C=55%以下),m3,pref_area,29,奈良県,2地区,,,,JPY,design_unit_price_ex_tax,published_restricted_not_copied,,,2026-10,2026-10-01,nara-shizai-r8-10,15,https://www.pref.nara.lg.jp/documents/8708/r0810nara_materialprice.pdf,restricted,e6f47dda720a,県が独自調査で値を載せている。利用条件が私的使用・引用のみのため値は写していない。原本を見ること。
a7b0dd2efc1b883f,JP,material,生コンクリート・モルタル,生コンクリート（高炉）,30-15-40 (W/C=55%以下),m3,pref_area,29,奈良県,3地区,,,,JPY,design_unit_price_ex_tax,published_restricted_not_copied,,,2026-10,2026-10-01,nara-shizai-r8-10,15,https://www.pref.nara.lg.jp/documents/8708/r0810nara_materialprice.pdf,restricted,e6f47dda720a,県が独自調査で値を載せている。利用条件が私的使用・引用のみのため値は写していない。原本を見ること。
112ef8872997ffc6,JP,material,生コンクリート・モルタル,生コンクリート（高炉）,30-15-40 (W/C=55%以下),m3,pref_area,29,奈良県,4地区,,,,JPY,design_unit_price_ex_tax,published_restricted_not_copied,,,2026-10,2026-10-01,nara-shizai-r8-10,15,https://www.pref.nara.lg.jp/documents/8708/r0810nara_materialprice.pdf,restricted,e6f47dda720a,県が独自調査で値を載せている。利用条件が私的使用・引用のみのため値は写していない。原本を見ること。
d485b771e136eb96,JP,material,生コンクリート・モルタル,生コンクリート（高炉）,30-15-40 (W/C=55%以下),m3,pref_area,29,奈良県,5地区,,,,JPY,design_unit_price_ex_tax,published_restricted_not_copied,,,2026-10,2026-10-01,nara-shizai-r8-10,15,https://www.pref.nara.lg.jp/documents/8708/r0810nara_materialprice.pdf,restricted,e6f47dda720a,県が独自調査で値を載せている。利用条件が私的使用・引用のみのため値は写していない。原本を見ること。
e44849f9bf136583,JP,material,生コンクリート・モルタル,生コンクリート（高炉）,30-15-40 (W/C=55%以下),m3,pref_area,29,奈良県,6地区,,,,JPY,design_unit_price_ex_tax,published_restricted_not_copied,,,2026-10,2026-10-01,nara-shizai-r8-10,15,https://www.pref.nara.lg.jp/documents/8708/r0810nara_materialprice.pdf,restricted,e6f47dda720a,県が独自調査で値を載せている。利用条件が私的使用・引用のみのため値は写していない。原本を見ること。
5249d5bdf3cbb711,JP,material,生コンクリート・モルタル,生コンクリート（高炉）,30-15-40 (W/C=55%以下),m3,pref_area,29,奈良県,7地区,,,,JPY,design_unit_price_ex_tax,published_restricted_not_copied,,,2026-10,2026-10-01,nara-shizai-r8-10,15,https://www.pref.nara.lg.jp/documents/8708/r0810nara_materialprice.pdf,restricted,e6f47dda720a,県が独自調査で値を載せている。利用条件が私的使用・引用のみのため値は写していない。原本を見ること。
bb682a7473976303,JP,material,生コンクリート・モルタル,生コンクリート（高炉）,30-15-40 (W/C=55%以下),m3,pref_area,29,奈良県,8地区,,,,JPY,design_unit_price_ex_tax,published_restricted_not_copied,,,2026-10,2026-10-01,nara-shizai-r8-10,15,https://www.pref.nara.lg.jp/documents/8708/r0810nara_materialprice.pdf,restricted,e6f47dda720a,県が独自調査で値を載せている。利用条件が私的使用・引用のみのため値は写していない。原本を見ること。
6938130eef31ae7f,JP,material,生コンクリート・モルタル,生コンクリート（高炉）,30-15-40 (W/C=55%以下),m3,pref_area,29,奈良県,9地区,,,,JPY,design_unit_price_ex_tax,published_restricted_not_copied,,,2026-10,2026-10-01,nara-shizai-r8-10,15,https://www.pref.nara.lg.jp/documents/8708/r0810nara_materialprice.pdf,restricted,e6f47dda720a,県が独自調査で値を載せている。利用条件が私的使用・引用のみのため値は写していない。原本を見ること。
b1f1512f69efd1a4,JP,material,生コンクリート・モルタル,生コンクリート（高炉）,30-15-40 (W/C=55%以下),m3,pref_area,29,奈良県,10地区,,,,JPY,design_unit_price_ex_tax,published_restricted_not_copied,,,2026-10,2026-10-01,nara-shizai-r8-10,15,https://www.pref.nara.lg.jp/documents/8708/r0810nara_materialprice.pdf,restricted,e6f47dda720a,県が独自調査で値を載せている。利用条件が私的使用・引用のみのため値は写していない。原本を見ること。
5e542311ec96aab4,JP,material,生コンクリート・モルタル,生コンクリート（高炉）,30-15-40 (W/C=55%以下),m3,pref_area,29,奈良県,11地区,,,,JPY,design_unit_price_ex_tax,published_restricted_not_copied,,,2026-10,2026-10-01,nara-shizai-r8-10,15,https://www.pref.nara.lg.jp/documents/8708/r0810nara_materialprice.pdf,restricted,e6f47dda720a,県が独自調査で値を載せている。利用条件が私的使用・引用のみのため値は写していない。原本を見ること。
08cdf5aebd6ec6b9,JP,material,生コンクリート・モルタル,生コンクリート,曲げ４．５－２．５－４０ 高炉,m3,pref_area,29,奈良県,1地区,,,,JPY,design_unit_price_ex_tax,not_set,,,2026-10,2026-10-01,nara-shizai-r8-10,15,https://www.pref.nara.lg.jp/documents/8708/r0810nara_materialprice.pdf,restricted,41a280e19ec4,原本で空欄(取引事例が著しく少なく単価を設定していない)。
83168b919ed405da,JP,material,生コンクリート・モルタル,生コンクリート,曲げ４．５－２．５－４０ 高炉,m3,pref_area,29,奈良県,2地区,,,,JPY,design_unit_price_ex_tax,not_set,,,2026-10,2026-10-01,nara-shizai-r8-10,15,https://www.pref.nara.lg.jp/documents/8708/r0810nara_materialprice.pdf,restricted,41a280e19ec4,原本で空欄(取引事例が著しく少なく単価を設定していない)。
b8f10f258f886831,JP,material,生コンクリート・モルタル,生コンクリート,曲げ４．５－２．５－４０ 高炉,m3,pref_area,29,奈良県,3地区,,,,JPY,design_unit_price_ex_tax,not_set,,,2026-10,2026-10-01,nara-shizai-r8-10,15,https://www.pref.nara.lg.jp/documents/8708/r0810nara_materialprice.pdf,restricted,41a280e19ec4,原本で空欄(取引事例が著しく少なく単価を設定していない)。
556bc14140d5765f,JP,material,生コンクリート・モルタル,生コンクリート,曲げ４．５－２．５－４０ 高炉,m3,pref_area,29,奈良県,4地区,,,,JPY,design_unit_price_ex_tax,not_set,,,2026-10,2026-10-01,nara-shizai-r8-10,15,https://www.pref.nara.lg.jp/documents/8708/r0810nara_materialprice.pdf,restricted,41a280e19ec4,原本で空欄(取引事例が著しく少なく単価を設定していない)。
7a8048ae1b46461f,JP,material,生コンクリート・モルタル,生コンクリート,曲げ４．５－２．５－４０ 高炉,m3,pref_area,29,奈良県,5地区,,,,JPY,design_unit_price_ex_tax,published_restricted_not_copied,,,2026-10,2026-10-01,nara-shizai-r8-10,15,https://www.pref.nara.lg.jp/documents/8708/r0810nara_materialprice.pdf,restricted,41a280e19ec4,県が独自調査で値を載せている。利用条件が私的使用・引用のみのため値は写していない。原本を見ること。
d192a0365a49d160,JP,material,生コンクリート・モルタル,生コンクリート,曲げ４．５－２．５－４０ 高炉,m3,pref_area,29,奈良県,6地区,,,,JPY,design_unit_price_ex_tax,not_set,,,2026-10,2026-10-01,nara-shizai-r8-10,15,https://www.pref.nara.lg.jp/documents/8708/r0810nara_materialprice.pdf,restricted,41a280e19ec4,原本で空欄(取引事例が著しく少なく単価を設定していない)。
82471bea094fa085,JP,material,生コンクリート・モルタル,生コンクリート,曲げ４．５－２．５－４０ 高炉,m3,pref_area,29,奈良県,7地区,,,,JPY,design_unit_price_ex_tax,published_restricted_not_copied,,,2026-10,2026-10-01,nara-shizai-r8-10,15,https://www.pref.nara.lg.jp/documents/8708/r0810nara_materialprice.pdf,restricted,41a280e19ec4,県が独自調査で値を載せている。利用条件が私的使用・引用のみのため値は写していない。原本を見ること。
ab3f3e7c328ab1f2,JP,material,生コンクリート・モルタル,生コンクリート,曲げ４．５－２．５－４０ 高炉,m3,pref_area,29,奈良県,8地区,,,,JPY,design_unit_price_ex_tax,not_set,,,2026-10,2026-10-01,nara-shizai-r8-10,15,https://www.pref.nara.lg.jp/documents/8708/r0810nara_materialprice.pdf,restricted,41a280e19ec4,原本で空欄(取引事例が著しく少なく単価を設定していない)。
51e16b91c182155a,JP,material,生コンクリート・モルタル,生コンクリート,曲げ４．５－２．５－４０ 高炉,m3,pref_area,29,奈良県,9地区,,,,JPY,design_unit_price_ex_tax,not_set,,,2026-10,2026-10-01,nara-shizai-r8-10,15,https://www.pref.nara.lg.jp/documents/8708/r0810nara_materialprice.pdf,restricted,41a280e19ec4,原本で空欄(取引事例が著しく少なく単価を設定していない)。
1a0e1c95d9a39d11,JP,material,生コンクリート・モルタル,生コンクリート,曲げ４．５－２．５－４０ 高炉,m3,pref_area,29,奈良県,10地区,,,,JPY,design_unit_price_ex_tax,not_set,,,2026-10,2026-10-01,nara-shizai-r8-10,15,https://www.pref.nara.lg.jp/documents/8708/r0810nara_materialprice.pdf,restricted,41a280e19ec4,原本で空欄(取引事例が著しく少なく単価を設定していない)。
4969968bcff9a884,JP,material,生コンクリート・モルタル,生コンクリート,曲げ４．５－２．５－４０ 高炉,m3,pref_area,29,奈良県,11地区,,,,JPY,design_unit_price_ex_tax,published_restricted_not_copied,,,2026-10,2026-10-01,nara-shizai-r8-10,15,https://www.pref.nara.lg.jp/documents/8708/r0810nara_materialprice.pdf,restricted,41a280e19ec4,県が独自調査で値を載せている。利用条件が私的使用・引用のみのため値は写していない。原本を見ること。
75c2aa1d1b6e46a2,JP,material,生コンクリート・モルタル,生コンクリート,２１－８－２５（２０） 早強,m3,pref_area,29,奈良県,1地区,,,,JPY,design_unit_price_ex_tax,published_restricted_not_copied,,,2026-10,2026-10-01,nara-shizai-r8-10,15,https://www.pref.nara.lg.jp/documents/8708/r0810nara_materialprice.pdf,restricted,f6a76bb1f548,県が独自調査で値を載せている。利用条件が私的使用・引用のみのため値は写していない。原本を見ること。
346a4f8b6767bd62,JP,material,生コンクリート・モルタル,生コンクリート,２１－８－２５（２０） 早強,m3,pref_area,29,奈良県,2地区,,,,JPY,design_unit_price_ex_tax,published_restricted_not_copied,,,2026-10,2026-10-01,nara-shizai-r8-10,15,https://www.pref.nara.lg.jp/documents/8708/r0810nara_materialprice.pdf,restricted,f6a76bb1f548,県が独自調査で値を載せている。利用条件が私的使用・引用のみのため値は写していない。原本を見ること。
d01df3555cc88719,JP,material,生コンクリート・モルタル,生コンクリート,２１－８－２５（２０） 早強,m3,pref_area,29,奈良県,3地区,,,,JPY,design_unit_price_ex_tax,published_restricted_not_copied,,,2026-10,2026-10-01,nara-shizai-r8-10,15,https://www.pref.nara.lg.jp/documents/8708/r0810nara_materialprice.pdf,restricted,f6a76bb1f548,県が独自調査で値を載せている。利用条件が私的使用・引用のみのため値は写していない。原本を見ること。
e7f2f4318c45f324,JP,material,生コンクリート・モルタル,生コンクリート,２１－８－２５（２０） 早強,m3,pref_area,29,奈良県,4地区,,,,JPY,design_unit_price_ex_tax,published_restricted_not_copied,,,2026-10,2026-10-01,nara-shizai-r8-10,15,https://www.pref.nara.lg.jp/documents/8708/r0810nara_materialprice.pdf,restricted,f6a76bb1f548,県が独自調査で値を載せている。利用条件が私的使用・引用のみのため値は写していない。原本を見ること。
25e0d48e1309e919,JP,material,生コンクリート・モルタル,生コンクリート,２１－８－２５（２０） 早強,m3,pref_area,29,奈良県,5地区,,,,JPY,design_unit_price_ex_tax,published_restricted_not_copied,,,2026-10,2026-10-01,nara-shizai-r8-10,15,https://www.pref.nara.lg.jp/documents/8708/r0810nara_materialprice.pdf,restricted,f6a76bb1f548,県が独自調査で値を載せている。利用条件が私的使用・引用のみのため値は写していない。原本を見ること。
c79bb175ac8f22d1,JP,material,生コンクリート・モルタル,生コンクリート,２１－８－２５（２０） 早強,m3,pref_area,29,奈良県,6地区,,,,JPY,design_unit_price_ex_tax,published_restricted_not_copied,,,2026-10,2026-10-01,nara-shizai-r8-10,15,https://www.pref.nara.lg.jp/documents/8708/r0810nara_materialprice.pdf,restricted,f6a76bb1f548,県が独自調査で値を載せている。利用条件が私的使用・引用のみのため値は写していない。原本を見ること。
5d04380a45af72ea,JP,material,生コンクリート・モルタル,生コンクリート,２１－８－２５（２０） 早強,m3,pref_area,29,奈良県,7地区,,,,JPY,design_unit_price_ex_tax,published_restricted_not_copied,,,2026-10,2026-10-01,nara-shizai-r8-10,15,https://www.pref.nara.lg.jp/documents/8708/r0810nara_materialprice.pdf,restricted,f6a76bb1f548,県が独自調査で値を載せている。利用条件が私的使用・引用のみのため値は写していない。原本を見ること。
a2448caa665c44be,JP,material,生コンクリート・モルタル,生コンクリート,２１－８－２５（２０） 早強,m3,pref_area,29,奈良県,8地区,,,,JPY,design_unit_price_ex_tax,published_restricted_not_copied,,,2026-10,2026-10-01,nara-shizai-r8-10,15,https://www.pref.nara.lg.jp/documents/8708/r0810nara_materialprice.pdf,restricted,f6a76bb1f548,県が独自調査で値を載せている。利用条件が私的使用・引用のみのため値は写していない。原本を見ること。
bfb1b9e97e4419db,JP,material,生コンクリート・モルタル,生コンクリート,２１－８－２５（２０） 早強,m3,pref_area,29,奈良県,9地区,,,,JPY,design_unit_price_ex_tax,published_restricted_not_copied,,,2026-10,2026-10-01,nara-shizai-r8-10,15,https://www.pref.nara.lg.jp/documents/8708/r0810nara_materialprice.pdf,restricted,f6a76bb1f548,県が独自調査で値を載せている。利用条件が私的使用・引用のみのため値は写していない。原本を見ること。
ae839373ffaab7c0,JP,material,生コンクリート・モルタル,生コンクリート,２１－８－２５（２０） 早強,m3,pref_area,29,奈良県,10地区,,,,JPY,design_unit_price_ex_tax,published_restricted_not_copied,,,2026-10,2026-10-01,nara-shizai-r8-10,15,https://www.pref.nara.lg.jp/documents/8708/r0810nara_materialprice.pdf,restricted,f6a76bb1f548,県が独自調査で値を載せている。利用条件が私的使用・引用のみのため値は写していない。原本を見ること。
6be00d6aa5d76d08,JP,material,生コンクリート・モルタル,生コンクリート,２１－８－２５（２０） 早強,m3,pref_area,29,奈良県,11地区,,,,JPY,design_unit_price_ex_tax,published_restricted_not_copied,,,2026-10,2026-10-01,nara-shizai-r8-10,15,https://www.pref.nara.lg.jp/documents/8708/r0810nara_materialprice.pdf,restricted,f6a76bb1f548,県が独自調査で値を載せている。利用条件が私的使用・引用のみのため値は写していない。原本を見ること。
cca4a711ba8e389e,JP,material,生コンクリート・モルタル,生コンクリート（早強）,21-8-25(20)-H (W/C=60%以下),m3,pref_area,29,奈良県,1地区,,,,JPY,design_unit_price_ex_tax,publication_based_not_public,,,2026-10,2026-10-01,nara-shizai-r8-10,15,https://www.pref.nara.lg.jp/documents/8708/r0810nara_materialprice.pdf,restricted,d295005f1641,原本で『○＝刊行物単価使用』。県は規格だけを載せ、単価は載せていない(市販の物価資料の値)。公的に公開された値は存在しない。
e2f53c6336b89ce5,JP,material,生コンクリート・モルタル,生コンクリート（早強）,21-8-25(20)-H (W/C=60%以下),m3,pref_area,29,奈良県,2地区,,,,JPY,design_unit_price_ex_tax,publication_based_not_public,,,2026-10,2026-10-01,nara-shizai-r8-10,15,https://www.pref.nara.lg.jp/documents/8708/r0810nara_materialprice.pdf,restricted,d295005f1641,原本で『○＝刊行物単価使用』。県は規格だけを載せ、単価は載せていない(市販の物価資料の値)。公的に公開された値は存在しない。
95e20717a116b5fe,JP,material,生コンクリート・モルタル,生コンクリート（早強）,21-8-25(20)-H (W/C=60%以下),m3,pref_area,29,奈良県,3地区,,,,JPY,design_unit_price_ex_tax,publication_based_not_public,,,2026-10,2026-10-01,nara-shizai-r8-10,15,https://www.pref.nara.lg.jp/documents/8708/r0810nara_materialprice.pdf,restricted,d295005f1641,原本で『○＝刊行物単価使用』。県は規格だけを載せ、単価は載せていない(市販の物価資料の値)。公的に公開された値は存在しない。
206193a44e94a3ec,JP,material,生コンクリート・モルタル,生コンクリート（早強）,21-8-25(20)-H (W/C=60%以下),m3,pref_area,29,奈良県,4地区,,,,JPY,design_unit_price_ex_tax,publication_based_not_public,,,2026-10,2026-10-01,nara-shizai-r8-10,15,https://www.pref.nara.lg.jp/documents/8708/r0810nara_materialprice.pdf,restricted,d295005f1641,原本で『○＝刊行物単価使用』。県は規格だけを載せ、単価は載せていない(市販の物価資料の値)。公的に公開された値は存在しない。
ee69f843adfbd40f,JP,material,生コンクリート・モルタル,生コンクリート（早強）,21-8-25(20)-H (W/C=60%以下),m3,pref_area,29,奈良県,5地区,,,,JPY,design_unit_price_ex_tax,published_restricted_not_copied,,,2026-10,2026-10-01,nara-shizai-r8-10,15,https://www.pref.nara.lg.jp/documents/8708/r0810nara_materialprice.pdf,restricted,d295005f1641,県が独自調査で値を載せている。利用条件が私的使用・引用のみのため値は写していない。原本を見ること。
3e07b39b57ce8164,JP,material,生コンクリート・モルタル,生コンクリート（早強）,21-8-25(20)-H (W/C=60%以下),m3,pref_area,29,奈良県,6地区,,,,JPY,design_unit_price_ex_tax,publication_based_not_public,,,2026-10,2026-10-01,nara-shizai-r8-10,15,https://www.pref.nara.lg.jp/documents/8708/r0810nara_materialprice.pdf,restricted,d295005f1641,原本で『○＝刊行物単価使用』。県は規格だけを載せ、単価は載せていない(市販の物価資料の値)。公的に公開された値は存在しない。
6543e1f7c82a82da,JP,material,生コンクリート・モルタル,生コンクリート（早強）,21-8-25(20)-H (W/C=60%以下),m3,pref_area,29,奈良県,7地区,,,,JPY,design_unit_price_ex_tax,published_restricted_not_copied,,,2026-10,2026-10-01,nara-shizai-r8-10,15,https://www.pref.nara.lg.jp/documents/8708/r0810nara_materialprice.pdf,restricted,d295005f1641,県が独自調査で値を載せている。利用条件が私的使用・引用のみのため値は写していない。原本を見ること。
983a54cd4c0870ee,JP,material,生コンクリート・モルタル,生コンクリート（早強）,21-8-25(20)-H (W/C=60%以下),m3,pref_area,29,奈良県,8地区,,,,JPY,design_unit_price_ex_tax,publication_based_not_public,,,2026-10,2026-10-01,nara-shizai-r8-10,15,https://www.pref.nara.lg.jp/documents/8708/r0810nara_materialprice.pdf,restricted,d295005f1641,原本で『○＝刊行物単価使用』。県は規格だけを載せ、単価は載せていない(市販の物価資料の値)。公的に公開された値は存在しない。
e6b08b46ac87fa4f,JP,material,生コンクリート・モルタル,生コンクリート（早強）,21-8-25(20)-H (W/C=60%以下),m3,pref_area,29,奈良県,9地区,,,,JPY,design_unit_price_ex_tax,publication_based_not_public,,,2026-10,2026-10-01,nara-shizai-r8-10,15,https://www.pref.nara.lg.jp/documents/8708/r0810nara_materialprice.pdf,restricted,d295005f1641,原本で『○＝刊行物単価使用』。県は規格だけを載せ、単価は載せていない(市販の物価資料の値)。公的に公開された値は存在しない。
5398961b1d4a6bf8,JP,material,生コンクリート・モルタル,生コンクリート（早強）,21-8-25(20)-H (W/C=60%以下),m3,pref_area,29,奈良県,10地区,,,,JPY,design_unit_price_ex_tax,publication_based_not_public,,,2026-10,2026-10-01,nara-shizai-r8-10,15,https://www.pref.nara.lg.jp/documents/8708/r0810nara_materialprice.pdf,restricted,d295005f1641,原本で『○＝刊行物単価使用』。県は規格だけを載せ、単価は載せていない(市販の物価資料の値)。公的に公開された値は存在しない。
e78c5131ecc244ae,JP,material,生コンクリート・モルタル,生コンクリート（早強）,21-8-25(20)-H (W/C=60%以下),m3,pref_area,29,奈良県,11地区,,,,JPY,design_unit_price_ex_tax,published_restricted_not_copied,,,2026-10,2026-10-01,nara-shizai-r8-10,15,https://www.pref.nara.lg.jp/documents/8708/r0810nara_materialprice.pdf,restricted,d295005f1641,県が独自調査で値を載せている。利用条件が私的使用・引用のみのため値は写していない。原本を見ること。
221ae967505e8939,JP,material,生コンクリート・モルタル,生コンクリート（早強）,21-8-40-H (W/C=55%以下),m3,pref_area,29,奈良県,1地区,,,,JPY,design_unit_price_ex_tax,published_restricted_not_copied,,,2026-10,2026-10-01,nara-shizai-r8-10,15,https://www.pref.nara.lg.jp/documents/8708/r0810nara_materialprice.pdf,restricted,f6c3e9d5985c,県が独自調査で値を載せている。利用条件が私的使用・引用のみのため値は写していない。原本を見ること。
43a638b05a5f0971,JP,material,生コンクリート・モルタル,生コンクリート（早強）,21-8-40-H (W/C=55%以下),m3,pref_area,29,奈良県,2地区,,,,JPY,design_unit_price_ex_tax,published_restricted_not_copied,,,2026-10,2026-10-01,nara-shizai-r8-10,15,https://www.pref.nara.lg.jp/documents/8708/r0810nara_materialprice.pdf,restricted,f6c3e9d5985c,県が独自調査で値を載せている。利用条件が私的使用・引用のみのため値は写していない。原本を見ること。
75d60bb65074f95f,JP,material,生コンクリート・モルタル,生コンクリート（早強）,21-8-40-H (W/C=55%以下),m3,pref_area,29,奈良県,3地区,,,,JPY,design_unit_price_ex_tax,published_restricted_not_copied,,,2026-10,2026-10-01,nara-shizai-r8-10,15,https://www.pref.nara.lg.jp/documents/8708/r0810nara_materialprice.pdf,restricted,f6c3e9d5985c,県が独自調査で値を載せている。利用条件が私的使用・引用のみのため値は写していない。原本を見ること。
9e7f285424ad09b5,JP,material,生コンクリート・モルタル,生コンクリート（早強）,21-8-40-H (W/C=55%以下),m3,pref_area,29,奈良県,4地区,,,,JPY,design_unit_price_ex_tax,published_restricted_not_copied,,,2026-10,2026-10-01,nara-shizai-r8-10,15,https://www.pref.nara.lg.jp/documents/8708/r0810nara_materialprice.pdf,restricted,f6c3e9d5985c,県が独自調査で値を載せている。利用条件が私的使用・引用のみのため値は写していない。原本を見ること。
87f14fc670fdcfe0,JP,material,生コンクリート・モルタル,生コンクリート（早強）,21-8-40-H (W/C=55%以下),m3,pref_area,29,奈良県,5地区,,,,JPY,design_unit_price_ex_tax,published_restricted_not_copied,,,2026-10,2026-10-01,nara-shizai-r8-10,15,https://www.pref.nara.lg.jp/documents/8708/r0810nara_materialprice.pdf,restricted,f6c3e9d5985c,県が独自調査で値を載せている。利用条件が私的使用・引用のみのため値は写していない。原本を見ること。
6d28f397dca911ce,JP,material,生コンクリート・モルタル,生コンクリート（早強）,21-8-40-H (W/C=55%以下),m3,pref_area,29,奈良県,6地区,,,,JPY,design_unit_price_ex_tax,published_restricted_not_copied,,,2026-10,2026-10-01,nara-shizai-r8-10,15,https://www.pref.nara.lg.jp/documents/8708/r0810nara_materialprice.pdf,restricted,f6c3e9d5985c,県が独自調査で値を載せている。利用条件が私的使用・引用のみのため値は写していない。原本を見ること。
08620e262a079ebc,JP,material,生コンクリート・モルタル,生コンクリート（早強）,21-8-40-H (W/C=55%以下),m3,pref_area,29,奈良県,7地区,,,,JPY,design_unit_price_ex_tax,published_restricted_not_copied,,,2026-10,2026-10-01,nara-shizai-r8-10,15,https://www.pref.nara.lg.jp/documents/8708/r0810nara_materialprice.pdf,restricted,f6c3e9d5985c,県が独自調査で値を載せている。利用条件が私的使用・引用のみのため値は写していない。原本を見ること。
066b9f3dfff8409e,JP,material,生コンクリート・モルタル,生コンクリート（早強）,21-8-40-H (W/C=55%以下),m3,pref_area,29,奈良県,8地区,,,,JPY,design_unit_price_ex_tax,published_restricted_not_copied,,,2026-10,2026-10-01,nara-shizai-r8-10,15,https://www.pref.nara.lg.jp/documents/8708/r0810nara_materialprice.pdf,restricted,f6c3e9d5985c,県が独自調査で値を載せている。利用条件が私的使用・引用のみのため値は写していない。原本を見ること。
deb4086cae6e5166,JP,material,生コンクリート・モルタル,生コンクリート（早強）,21-8-40-H (W/C=55%以下),m3,pref_area,29,奈良県,9地区,,,,JPY,design_unit_price_ex_tax,published_restricted_not_copied,,,2026-10,2026-10-01,nara-shizai-r8-10,15,https://www.pref.nara.lg.jp/documents/8708/r0810nara_materialprice.pdf,restricted,f6c3e9d5985c,県が独自調査で値を載せている。利用条件が私的使用・引用のみのため値は写していない。原本を見ること。
4277886fcb92c3da,JP,material,生コンクリート・モルタル,生コンクリート（早強）,21-8-40-H (W/C=55%以下),m3,pref_area,29,奈良県,10地区,,,,JPY,design_unit_price_ex_tax,published_restricted_not_copied,,,2026-10,2026-10-01,nara-shizai-r8-10,15,https://www.pref.nara.lg.jp/documents/8708/r0810nara_materialprice.pdf,restricted,f6c3e9d5985c,県が独自調査で値を載せている。利用条件が私的使用・引用のみのため値は写していない。原本を見ること。
8ac40497308c5405,JP,material,生コンクリート・モルタル,生コンクリート（早強）,21-8-40-H (W/C=55%以下),m3,pref_area,29,奈良県,11地区,,,,JPY,design_unit_price_ex_tax,published_restricted_not_copied,,,2026-10,2026-10-01,nara-shizai-r8-10,15,https://www.pref.nara.lg.jp/documents/8708/r0810nara_materialprice.pdf,restricted,f6c3e9d5985c,県が独自調査で値を載せている。利用条件が私的使用・引用のみのため値は写していない。原本を見ること。
0714aa18eabc2b97,JP,material,生コンクリート・モルタル,生コンクリート（早強）,21-8-40-H (W/C=60%以下),m3,pref_area,29,奈良県,1地区,,,,JPY,design_unit_price_ex_tax,published_restricted_not_copied,,,2026-10,2026-10-01,nara-shizai-r8-10,15,https://www.pref.nara.lg.jp/documents/8708/r0810nara_materialprice.pdf,restricted,20b863890ea9,県が独自調査で値を載せている。利用条件が私的使用・引用のみのため値は写していない。原本を見ること。
ec5ed60985173920,JP,material,生コンクリート・モルタル,生コンクリート（早強）,21-8-40-H (W/C=60%以下),m3,pref_area,29,奈良県,2地区,,,,JPY,design_unit_price_ex_tax,published_restricted_not_copied,,,2026-10,2026-10-01,nara-shizai-r8-10,15,https://www.pref.nara.lg.jp/documents/8708/r0810nara_materialprice.pdf,restricted,20b863890ea9,県が独自調査で値を載せている。利用条件が私的使用・引用のみのため値は写していない。原本を見ること。
654ad119307fcda5,JP,material,生コンクリート・モルタル,生コンクリート（早強）,21-8-40-H (W/C=60%以下),m3,pref_area,29,奈良県,3地区,,,,JPY,design_unit_price_ex_tax,published_restricted_not_copied,,,2026-10,2026-10-01,nara-shizai-r8-10,15,https://www.pref.nara.lg.jp/documents/8708/r0810nara_materialprice.pdf,restricted,20b863890ea9,県が独自調査で値を載せている。利用条件が私的使用・引用のみのため値は写していない。原本を見ること。
ae67624aca53e670,JP,material,生コンクリート・モルタル,生コンクリート（早強）,21-8-40-H (W/C=60%以下),m3,pref_area,29,奈良県,4地区,,,,JPY,design_unit_price_ex_tax,published_restricted_not_copied,,,2026-10,2026-10-01,nara-shizai-r8-10,15,https://www.pref.nara.lg.jp/documents/8708/r0810nara_materialprice.pdf,restricted,20b863890ea9,県が独自調査で値を載せている。利用条件が私的使用・引用のみのため値は写していない。原本を見ること。
4061f255e7ca8c7e,JP,material,生コンクリート・モルタル,生コンクリート（早強）,21-8-40-H (W/C=60%以下),m3,pref_area,29,奈良県,5地区,,,,JPY,design_unit_price_ex_tax,published_restricted_not_copied,,,2026-10,2026-10-01,nara-shizai-r8-10,15,https://www.pref.nara.lg.jp/documents/8708/r0810nara_materialprice.pdf,restricted,20b863890ea9,県が独自調査で値を載せている。利用条件が私的使用・引用のみのため値は写していない。原本を見ること。
f188f591bcb86746,JP,material,生コンクリート・モルタル,生コンクリート（早強）,21-8-40-H (W/C=60%以下),m3,pref_area,29,奈良県,6地区,,,,JPY,design_unit_price_ex_tax,published_restricted_not_copied,,,2026-10,2026-10-01,nara-shizai-r8-10,15,https://www.pref.nara.lg.jp/documents/8708/r0810nara_materialprice.pdf,restricted,20b863890ea9,県が独自調査で値を載せている。利用条件が私的使用・引用のみのため値は写していない。原本を見ること。
6a0b5888e865b514,JP,material,生コンクリート・モルタル,生コンクリート（早強）,21-8-40-H (W/C=60%以下),m3,pref_area,29,奈良県,7地区,,,,JPY,design_unit_price_ex_tax,published_restricted_not_copied,,,2026-10,2026-10-01,nara-shizai-r8-10,15,https://www.pref.nara.lg.jp/documents/8708/r0810nara_materialprice.pdf,restricted,20b863890ea9,県が独自調査で値を載せている。利用条件が私的使用・引用のみのため値は写していない。原本を見ること。
9521149cbe17f689,JP,material,生コンクリート・モルタル,生コンクリート（早強）,21-8-40-H (W/C=60%以下),m3,pref_area,29,奈良県,8地区,,,,JPY,design_unit_price_ex_tax,published_restricted_not_copied,,,2026-10,2026-10-01,nara-shizai-r8-10,15,https://www.pref.nara.lg.jp/documents/8708/r0810nara_materialprice.pdf,restricted,20b863890ea9,県が独自調査で値を載せている。利用条件が私的使用・引用のみのため値は写していない。原本を見ること。
55d656ee446a0676,JP,material,生コンクリート・モルタル,生コンクリート（早強）,21-8-40-H (W/C=60%以下),m3,pref_area,29,奈良県,9地区,,,,JPY,design_unit_price_ex_tax,published_restricted_not_copied,,,2026-10,2026-10-01,nara-shizai-r8-10,15,https://www.pref.nara.lg.jp/documents/8708/r0810nara_materialprice.pdf,restricted,20b863890ea9,県が独自調査で値を載せている。利用条件が私的使用・引用のみのため値は写していない。原本を見ること。
5dab935b9083d1a1,JP,material,生コンクリート・モルタル,生コンクリート（早強）,21-8-40-H (W/C=60%以下),m3,pref_area,29,奈良県,10地区,,,,JPY,design_unit_price_ex_tax,published_restricted_not_copied,,,2026-10,2026-10-01,nara-shizai-r8-10,15,https://www.pref.nara.lg.jp/documents/8708/r0810nara_materialprice.pdf,restricted,20b863890ea9,県が独自調査で値を載せている。利用条件が私的使用・引用のみのため値は写していない。原本を見ること。
330ad3ba45ed21cb,JP,material,生コンクリート・モルタル,生コンクリート（早強）,21-8-40-H (W/C=60%以下),m3,pref_area,29,奈良県,11地区,,,,JPY,design_unit_price_ex_tax,published_restricted_not_copied,,,2026-10,2026-10-01,nara-shizai-r8-10,15,https://www.pref.nara.lg.jp/documents/8708/r0810nara_materialprice.pdf,restricted,20b863890ea9,県が独自調査で値を載せている。利用条件が私的使用・引用のみのため値は写していない。原本を見ること。
7556673c0efc05f6,JP,material,生コンクリート・モルタル,生コンクリート,２４－８－２５（２０） 早強,m3,pref_area,29,奈良県,1地区,,,,JPY,design_unit_price_ex_tax,publication_based_not_public,,,2026-10,2026-10-01,nara-shizai-r8-10,15,https://www.pref.nara.lg.jp/documents/8708/r0810nara_materialprice.pdf,restricted,6bb79f67639f,原本で『○＝刊行物単価使用』。県は規格だけを載せ、単価は載せていない(市販の物価資料の値)。公的に公開された値は存在しない。
cff72bb33fa97644,JP,material,生コンクリート・モルタル,生コンクリート,２４－８－２５（２０） 早強,m3,pref_area,29,奈良県,2地区,,,,JPY,design_unit_price_ex_tax,publication_based_not_public,,,2026-10,2026-10-01,nara-shizai-r8-10,15,https://www.pref.nara.lg.jp/documents/8708/r0810nara_materialprice.pdf,restricted,6bb79f67639f,原本で『○＝刊行物単価使用』。県は規格だけを載せ、単価は載せていない(市販の物価資料の値)。公的に公開された値は存在しない。
d9ca29ca7d57ac70,JP,material,生コンクリート・モルタル,生コンクリート,２４－８－２５（２０） 早強,m3,pref_area,29,奈良県,3地区,,,,JPY,design_unit_price_ex_tax,publication_based_not_public,,,2026-10,2026-10-01,nara-shizai-r8-10,15,https://www.pref.nara.lg.jp/documents/8708/r0810nara_materialprice.pdf,restricted,6bb79f67639f,原本で『○＝刊行物単価使用』。県は規格だけを載せ、単価は載せていない(市販の物価資料の値)。公的に公開された値は存在しない。
4efda67cc066070e,JP,material,生コンクリート・モルタル,生コンクリート,２４－８－２５（２０） 早強,m3,pref_area,29,奈良県,4地区,,,,JPY,design_unit_price_ex_tax,publication_based_not_public,,,2026-10,2026-10-01,nara-shizai-r8-10,15,https://www.pref.nara.lg.jp/documents/8708/r0810nara_materialprice.pdf,restricted,6bb79f67639f,原本で『○＝刊行物単価使用』。県は規格だけを載せ、単価は載せていない(市販の物価資料の値)。公的に公開された値は存在しない。
243d4d28e3f4421e,JP,material,生コンクリート・モルタル,生コンクリート,２４－８－２５（２０） 早強,m3,pref_area,29,奈良県,5地区,,,,JPY,design_unit_price_ex_tax,published_restricted_not_copied,,,2026-10,2026-10-01,nara-shizai-r8-10,15,https://www.pref.nara.lg.jp/documents/8708/r0810nara_materialprice.pdf,restricted,6bb79f67639f,県が独自調査で値を載せている。利用条件が私的使用・引用のみのため値は写していない。原本を見ること。
57f7dee5285acd75,JP,material,生コンクリート・モルタル,生コンクリート,２４－８－２５（２０） 早強,m3,pref_area,29,奈良県,6地区,,,,JPY,design_unit_price_ex_tax,publication_based_not_public,,,2026-10,2026-10-01,nara-shizai-r8-10,15,https://www.pref.nara.lg.jp/documents/8708/r0810nara_materialprice.pdf,restricted,6bb79f67639f,原本で『○＝刊行物単価使用』。県は規格だけを載せ、単価は載せていない(市販の物価資料の値)。公的に公開された値は存在しない。
b8587304e3525992,JP,material,生コンクリート・モルタル,生コンクリート,２４－８－２５（２０） 早強,m3,pref_area,29,奈良県,7地区,,,,JPY,design_unit_price_ex_tax,published_restricted_not_copied,,,2026-10,2026-10-01,nara-shizai-r8-10,15,https://www.pref.nara.lg.jp/documents/8708/r0810nara_materialprice.pdf,restricted,6bb79f67639f,県が独自調査で値を載せている。利用条件が私的使用・引用のみのため値は写していない。原本を見ること。
1341cdc7f3391600,JP,material,生コンクリート・モルタル,生コンクリート,２４－８－２５（２０） 早強,m3,pref_area,29,奈良県,8地区,,,,JPY,design_unit_price_ex_tax,publication_based_not_public,,,2026-10,2026-10-01,nara-shizai-r8-10,15,https://www.pref.nara.lg.jp/documents/8708/r0810nara_materialprice.pdf,restricted,6bb79f67639f,原本で『○＝刊行物単価使用』。県は規格だけを載せ、単価は載せていない(市販の物価資料の値)。公的に公開された値は存在しない。
e5e4f55f7a8d0b80,JP,material,生コンクリート・モルタル,生コンクリート,２４－８－２５（２０） 早強,m3,pref_area,29,奈良県,9地区,,,,JPY,design_unit_price_ex_tax,publication_based_not_public,,,2026-10,2026-10-01,nara-shizai-r8-10,15,https://www.pref.nara.lg.jp/documents/8708/r0810nara_materialprice.pdf,restricted,6bb79f67639f,原本で『○＝刊行物単価使用』。県は規格だけを載せ、単価は載せていない(市販の物価資料の値)。公的に公開された値は存在しない。
b51938e49ba6aea7,JP,material,生コンクリート・モルタル,生コンクリート,２４－８－２５（２０） 早強,m3,pref_area,29,奈良県,10地区,,,,JPY,design_unit_price_ex_tax,publication_based_not_public,,,2026-10,2026-10-01,nara-shizai-r8-10,15,https://www.pref.nara.lg.jp/documents/8708/r0810nara_materialprice.pdf,restricted,6bb79f67639f,原本で『○＝刊行物単価使用』。県は規格だけを載せ、単価は載せていない(市販の物価資料の値)。公的に公開された値は存在しない。
fc42dcee085cb52b,JP,material,生コンクリート・モルタル,生コンクリート,２４－８－２５（２０） 早強,m3,pref_area,29,奈良県,11地区,,,,JPY,design_unit_price_ex_tax,published_restricted_not_copied,,,2026-10,2026-10-01,nara-shizai-r8-10,15,https://www.pref.nara.lg.jp/documents/8708/r0810nara_materialprice.pdf,restricted,6bb79f67639f,県が独自調査で値を載せている。利用条件が私的使用・引用のみのため値は写していない。原本を見ること。
1f67842efa27d801,JP,material,生コンクリート・モルタル,生コンクリート（早強）,２４－１２－２５（２０）,m3,pref_area,29,奈良県,1地区,,,,JPY,design_unit_price_ex_tax,published_restricted_not_copied,,,2026-10,2026-10-01,nara-shizai-r8-10,15,https://www.pref.nara.lg.jp/documents/8708/r0810nara_materialprice.pdf,restricted,5b9e4bb1bee9,県が独自調査で値を載せている。利用条件が私的使用・引用のみのため値は写していない。原本を見ること。
3ac666a2800d5fc1,JP,material,生コンクリート・モルタル,生コンクリート（早強）,２４－１２－２５（２０）,m3,pref_area,29,奈良県,2地区,,,,JPY,design_unit_price_ex_tax,published_restricted_not_copied,,,2026-10,2026-10-01,nara-shizai-r8-10,15,https://www.pref.nara.lg.jp/documents/8708/r0810nara_materialprice.pdf,restricted,5b9e4bb1bee9,県が独自調査で値を載せている。利用条件が私的使用・引用のみのため値は写していない。原本を見ること。
64257fe55ee5032d,JP,material,生コンクリート・モルタル,生コンクリート（早強）,２４－１２－２５（２０）,m3,pref_area,29,奈良県,3地区,,,,JPY,design_unit_price_ex_tax,published_restricted_not_copied,,,2026-10,2026-10-01,nara-shizai-r8-10,15,https://www.pref.nara.lg.jp/documents/8708/r0810nara_materialprice.pdf,restricted,5b9e4bb1bee9,県が独自調査で値を載せている。利用条件が私的使用・引用のみのため値は写していない。原本を見ること。
0f483826983d4e26,JP,material,生コンクリート・モルタル,生コンクリート（早強）,２４－１２－２５（２０）,m3,pref_area,29,奈良県,4地区,,,,JPY,design_unit_price_ex_tax,published_restricted_not_copied,,,2026-10,2026-10-01,nara-shizai-r8-10,15,https://www.pref.nara.lg.jp/documents/8708/r0810nara_materialprice.pdf,restricted,5b9e4bb1bee9,県が独自調査で値を載せている。利用条件が私的使用・引用のみのため値は写していない。原本を見ること。
4389769583ede6fa,JP,material,生コンクリート・モルタル,生コンクリート（早強）,２４－１２－２５（２０）,m3,pref_area,29,奈良県,5地区,,,,JPY,design_unit_price_ex_tax,published_restricted_not_copied,,,2026-10,2026-10-01,nara-shizai-r8-10,15,https://www.pref.nara.lg.jp/documents/8708/r0810nara_materialprice.pdf,restricted,5b9e4bb1bee9,県が独自調査で値を載せている。利用条件が私的使用・引用のみのため値は写していない。原本を見ること。
625bcd969208f08e,JP,material,生コンクリート・モルタル,生コンクリート（早強）,２４－１２－２５（２０）,m3,pref_area,29,奈良県,6地区,,,,JPY,design_unit_price_ex_tax,published_restricted_not_copied,,,2026-10,2026-10-01,nara-shizai-r8-10,15,https://www.pref.nara.lg.jp/documents/8708/r0810nara_materialprice.pdf,restricted,5b9e4bb1bee9,県が独自調査で値を載せている。利用条件が私的使用・引用のみのため値は写していない。原本を見ること。
929080e0a773055a,JP,material,生コンクリート・モルタル,生コンクリート（早強）,２４－１２－２５（２０）,m3,pref_area,29,奈良県,7地区,,,,JPY,design_unit_price_ex_tax,published_restricted_not_copied,,,2026-10,2026-10-01,nara-shizai-r8-10,15,https://www.pref.nara.lg.jp/documents/8708/r0810nara_materialprice.pdf,restricted,5b9e4bb1bee9,県が独自調査で値を載せている。利用条件が私的使用・引用のみのため値は写していない。原本を見ること。
f80580ca9530cfb2,JP,material,生コンクリート・モルタル,生コンクリート（早強）,２４－１２－２５（２０）,m3,pref_area,29,奈良県,8地区,,,,JPY,design_unit_price_ex_tax,published_restricted_not_copied,,,2026-10,2026-10-01,nara-shizai-r8-10,15,https://www.pref.nara.lg.jp/documents/8708/r0810nara_materialprice.pdf,restricted,5b9e4bb1bee9,県が独自調査で値を載せている。利用条件が私的使用・引用のみのため値は写していない。原本を見ること。
bcba23c656619f61,JP,material,生コンクリート・モルタル,生コンクリート（早強）,２４－１２－２５（２０）,m3,pref_area,29,奈良県,9地区,,,,JPY,design_unit_price_ex_tax,published_restricted_not_copied,,,2026-10,2026-10-01,nara-shizai-r8-10,15,https://www.pref.nara.lg.jp/documents/8708/r0810nara_materialprice.pdf,restricted,5b9e4bb1bee9,県が独自調査で値を載せている。利用条件が私的使用・引用のみのため値は写していない。原本を見ること。
1ce161487976eb97,JP,material,生コンクリート・モルタル,生コンクリート（早強）,２４－１２－２５（２０）,m3,pref_area,29,奈良県,10地区,,,,JPY,design_unit_price_ex_tax,published_restricted_not_copied,,,2026-10,2026-10-01,nara-shizai-r8-10,15,https://www.pref.nara.lg.jp/documents/8708/r0810nara_materialprice.pdf,restricted,5b9e4bb1bee9,県が独自調査で値を載せている。利用条件が私的使用・引用のみのため値は写していない。原本を見ること。
cd6644680794d518,JP,material,生コンクリート・モルタル,生コンクリート（早強）,２４－１２－２５（２０）,m3,pref_area,29,奈良県,11地区,,,,JPY,design_unit_price_ex_tax,published_restricted_not_copied,,,2026-10,2026-10-01,nara-shizai-r8-10,15,https://www.pref.nara.lg.jp/documents/8708/r0810nara_materialprice.pdf,restricted,5b9e4bb1bee9,県が独自調査で値を載せている。利用条件が私的使用・引用のみのため値は写していない。原本を見ること。
944ea4f1f128002e,JP,material,生コンクリート・モルタル,生コンクリート,３０－８－２５（２０） 早強,m3,pref_area,29,奈良県,1地区,,,,JPY,design_unit_price_ex_tax,publication_based_not_public,,,2026-10,2026-10-01,nara-shizai-r8-10,15,https://www.pref.nara.lg.jp/documents/8708/r0810nara_materialprice.pdf,restricted,26f5b9bc02b5,原本で『○＝刊行物単価使用』。県は規格だけを載せ、単価は載せていない(市販の物価資料の値)。公的に公開された値は存在しない。
ad393b541db293d4,JP,material,生コンクリート・モルタル,生コンクリート,３０－８－２５（２０） 早強,m3,pref_area,29,奈良県,2地区,,,,JPY,design_unit_price_ex_tax,publication_based_not_public,,,2026-10,2026-10-01,nara-shizai-r8-10,15,https://www.pref.nara.lg.jp/documents/8708/r0810nara_materialprice.pdf,restricted,26f5b9bc02b5,原本で『○＝刊行物単価使用』。県は規格だけを載せ、単価は載せていない(市販の物価資料の値)。公的に公開された値は存在しない。
2ea7af1dbfcafb63,JP,material,生コンクリート・モルタル,生コンクリート,３０－８－２５（２０） 早強,m3,pref_area,29,奈良県,3地区,,,,JPY,design_unit_price_ex_tax,publication_based_not_public,,,2026-10,2026-10-01,nara-shizai-r8-10,15,https://www.pref.nara.lg.jp/documents/8708/r0810nara_materialprice.pdf,restricted,26f5b9bc02b5,原本で『○＝刊行物単価使用』。県は規格だけを載せ、単価は載せていない(市販の物価資料の値)。公的に公開された値は存在しない。
ce201b031a39b7e4,JP,material,生コンクリート・モルタル,生コンクリート,３０－８－２５（２０） 早強,m3,pref_area,29,奈良県,4地区,,,,JPY,design_unit_price_ex_tax,publication_based_not_public,,,2026-10,2026-10-01,nara-shizai-r8-10,15,https://www.pref.nara.lg.jp/documents/8708/r0810nara_materialprice.pdf,restricted,26f5b9bc02b5,原本で『○＝刊行物単価使用』。県は規格だけを載せ、単価は載せていない(市販の物価資料の値)。公的に公開された値は存在しない。
1e7ac040b69dbdb6,JP,material,生コンクリート・モルタル,生コンクリート,３０－８－２５（２０） 早強,m3,pref_area,29,奈良県,5地区,,,,JPY,design_unit_price_ex_tax,published_restricted_not_copied,,,2026-10,2026-10-01,nara-shizai-r8-10,15,https://www.pref.nara.lg.jp/documents/8708/r0810nara_materialprice.pdf,restricted,26f5b9bc02b5,県が独自調査で値を載せている。利用条件が私的使用・引用のみのため値は写していない。原本を見ること。
1117755047241cba,JP,material,生コンクリート・モルタル,生コンクリート,３０－８－２５（２０） 早強,m3,pref_area,29,奈良県,6地区,,,,JPY,design_unit_price_ex_tax,publication_based_not_public,,,2026-10,2026-10-01,nara-shizai-r8-10,15,https://www.pref.nara.lg.jp/documents/8708/r0810nara_materialprice.pdf,restricted,26f5b9bc02b5,原本で『○＝刊行物単価使用』。県は規格だけを載せ、単価は載せていない(市販の物価資料の値)。公的に公開された値は存在しない。
8cf77568250274b8,JP,material,生コンクリート・モルタル,生コンクリート,３０－８－２５（２０） 早強,m3,pref_area,29,奈良県,7地区,,,,JPY,design_unit_price_ex_tax,published_restricted_not_copied,,,2026-10,2026-10-01,nara-shizai-r8-10,15,https://www.pref.nara.lg.jp/documents/8708/r0810nara_materialprice.pdf,restricted,26f5b9bc02b5,県が独自調査で値を載せている。利用条件が私的使用・引用のみのため値は写していない。原本を見ること。
c5b37fb36a41e577,JP,material,生コンクリート・モルタル,生コンクリート,３０－８－２５（２０） 早強,m3,pref_area,29,奈良県,8地区,,,,JPY,design_unit_price_ex_tax,publication_based_not_public,,,2026-10,2026-10-01,nara-shizai-r8-10,15,https://www.pref.nara.lg.jp/documents/8708/r0810nara_materialprice.pdf,restricted,26f5b9bc02b5,原本で『○＝刊行物単価使用』。県は規格だけを載せ、単価は載せていない(市販の物価資料の値)。公的に公開された値は存在しない。
d81a737bff51729b,JP,material,生コンクリート・モルタル,生コンクリート,３０－８－２５（２０） 早強,m3,pref_area,29,奈良県,9地区,,,,JPY,design_unit_price_ex_tax,publication_based_not_public,,,2026-10,2026-10-01,nara-shizai-r8-10,15,https://www.pref.nara.lg.jp/documents/8708/r0810nara_materialprice.pdf,restricted,26f5b9bc02b5,原本で『○＝刊行物単価使用』。県は規格だけを載せ、単価は載せていない(市販の物価資料の値)。公的に公開された値は存在しない。
9ac83afac4adef63,JP,material,生コンクリート・モルタル,生コンクリート,３０－８－２５（２０） 早強,m3,pref_area,29,奈良県,10地区,,,,JPY,design_unit_price_ex_tax,publication_based_not_public,,,2026-10,2026-10-01,nara-shizai-r8-10,15,https://www.pref.nara.lg.jp/documents/8708/r0810nara_materialprice.pdf,restricted,26f5b9bc02b5,原本で『○＝刊行物単価使用』。県は規格だけを載せ、単価は載せていない(市販の物価資料の値)。公的に公開された値は存在しない。
f71c2c4c64f7a81b,JP,material,生コンクリート・モルタル,生コンクリート,３０－８－２５（２０） 早強,m3,pref_area,29,奈良県,11地区,,,,JPY,design_unit_price_ex_tax,published_restricted_not_copied,,,2026-10,2026-10-01,nara-shizai-r8-10,15,https://www.pref.nara.lg.jp/documents/8708/r0810nara_materialprice.pdf,restricted,26f5b9bc02b5,県が独自調査で値を載せている。利用条件が私的使用・引用のみのため値は写していない。原本を見ること。
d9eba11881d6e696,JP,material,生コンクリート・モルタル,生コンクリート,３６－８－２５（２０）早強,m3,pref_area,29,奈良県,1地区,,,,JPY,design_unit_price_ex_tax,publication_based_not_public,,,2026-10,2026-10-01,nara-shizai-r8-10,15,https://www.pref.nara.lg.jp/documents/8708/r0810nara_materialprice.pdf,restricted,a57503261f32,原本で『○＝刊行物単価使用』。県は規格だけを載せ、単価は載せていない(市販の物価資料の値)。公的に公開された値は存在しない。
130d6397af4c7644,JP,material,生コンクリート・モルタル,生コンクリート,３６－８－２５（２０）早強,m3,pref_area,29,奈良県,2地区,,,,JPY,design_unit_price_ex_tax,publication_based_not_public,,,2026-10,2026-10-01,nara-shizai-r8-10,15,https://www.pref.nara.lg.jp/documents/8708/r0810nara_materialprice.pdf,restricted,a57503261f32,原本で『○＝刊行物単価使用』。県は規格だけを載せ、単価は載せていない(市販の物価資料の値)。公的に公開された値は存在しない。
426f3dcadb65300b,JP,material,生コンクリート・モルタル,生コンクリート,３６－８－２５（２０）早強,m3,pref_area,29,奈良県,3地区,,,,JPY,design_unit_price_ex_tax,publication_based_not_public,,,2026-10,2026-10-01,nara-shizai-r8-10,15,https://www.pref.nara.lg.jp/documents/8708/r0810nara_materialprice.pdf,restricted,a57503261f32,原本で『○＝刊行物単価使用』。県は規格だけを載せ、単価は載せていない(市販の物価資料の値)。公的に公開された値は存在しない。
8dd8120b7bf8f804,JP,material,生コンクリート・モルタル,生コンクリート,３６－８－２５（２０）早強,m3,pref_area,29,奈良県,4地区,,,,JPY,design_unit_price_ex_tax,publication_based_not_public,,,2026-10,2026-10-01,nara-shizai-r8-10,15,https://www.pref.nara.lg.jp/documents/8708/r0810nara_materialprice.pdf,restricted,a57503261f32,原本で『○＝刊行物単価使用』。県は規格だけを載せ、単価は載せていない(市販の物価資料の値)。公的に公開された値は存在しない。
0358e8b4cd494bb0,JP,material,生コンクリート・モルタル,生コンクリート,３６－８－２５（２０）早強,m3,pref_area,29,奈良県,5地区,,,,JPY,design_unit_price_ex_tax,published_restricted_not_copied,,,2026-10,2026-10-01,nara-shizai-r8-10,15,https://www.pref.nara.lg.jp/documents/8708/r0810nara_materialprice.pdf,restricted,a57503261f32,県が独自調査で値を載せている。利用条件が私的使用・引用のみのため値は写していない。原本を見ること。
5b49942887a0eff3,JP,material,生コンクリート・モルタル,生コンクリート,３６－８－２５（２０）早強,m3,pref_area,29,奈良県,6地区,,,,JPY,design_unit_price_ex_tax,publication_based_not_public,,,2026-10,2026-10-01,nara-shizai-r8-10,15,https://www.pref.nara.lg.jp/documents/8708/r0810nara_materialprice.pdf,restricted,a57503261f32,原本で『○＝刊行物単価使用』。県は規格だけを載せ、単価は載せていない(市販の物価資料の値)。公的に公開された値は存在しない。
b838283ef1dab92e,JP,material,生コンクリート・モルタル,生コンクリート,３６－８－２５（２０）早強,m3,pref_area,29,奈良県,7地区,,,,JPY,design_unit_price_ex_tax,published_restricted_not_copied,,,2026-10,2026-10-01,nara-shizai-r8-10,15,https://www.pref.nara.lg.jp/documents/8708/r0810nara_materialprice.pdf,restricted,a57503261f32,県が独自調査で値を載せている。利用条件が私的使用・引用のみのため値は写していない。原本を見ること。
de84379135198b15,JP,material,生コンクリート・モルタル,生コンクリート,３６－８－２５（２０）早強,m3,pref_area,29,奈良県,8地区,,,,JPY,design_unit_price_ex_tax,publication_based_not_public,,,2026-10,2026-10-01,nara-shizai-r8-10,15,https://www.pref.nara.lg.jp/documents/8708/r0810nara_materialprice.pdf,restricted,a57503261f32,原本で『○＝刊行物単価使用』。県は規格だけを載せ、単価は載せていない(市販の物価資料の値)。公的に公開された値は存在しない。
1fb710a67f6b7ad5,JP,material,生コンクリート・モルタル,生コンクリート,３６－８－２５（２０）早強,m3,pref_area,29,奈良県,9地区,,,,JPY,design_unit_price_ex_tax,publication_based_not_public,,,2026-10,2026-10-01,nara-shizai-r8-10,15,https://www.pref.nara.lg.jp/documents/8708/r0810nara_materialprice.pdf,restricted,a57503261f32,原本で『○＝刊行物単価使用』。県は規格だけを載せ、単価は載せていない(市販の物価資料の値)。公的に公開された値は存在しない。
548945c74a36b29b,JP,material,生コンクリート・モルタル,生コンクリート,３６－８－２５（２０）早強,m3,pref_area,29,奈良県,10地区,,,,JPY,design_unit_price_ex_tax,publication_based_not_public,,,2026-10,2026-10-01,nara-shizai-r8-10,15,https://www.pref.nara.lg.jp/documents/8708/r0810nara_materialprice.pdf,restricted,a57503261f32,原本で『○＝刊行物単価使用』。県は規格だけを載せ、単価は載せていない(市販の物価資料の値)。公的に公開された値は存在しない。
f2aaf510e3a09e0d,JP,material,生コンクリート・モルタル,生コンクリート,３６－８－２５（２０）早強,m3,pref_area,29,奈良県,11地区,,,,JPY,design_unit_price_ex_tax,published_restricted_not_copied,,,2026-10,2026-10-01,nara-shizai-r8-10,15,https://www.pref.nara.lg.jp/documents/8708/r0810nara_materialprice.pdf,restricted,a57503261f32,県が独自調査で値を載せている。利用条件が私的使用・引用のみのため値は写していない。原本を見ること。
c4b41e2e9ab9042f,JP,material,生コンクリート・モルタル,生コンクリート,４０－８－２５（２０） 早強,m3,pref_area,29,奈良県,1地区,,,,JPY,design_unit_price_ex_tax,publication_based_not_public,,,2026-10,2026-10-01,nara-shizai-r8-10,15,https://www.pref.nara.lg.jp/documents/8708/r0810nara_materialprice.pdf,restricted,37480063f114,原本で『○＝刊行物単価使用』。県は規格だけを載せ、単価は載せていない(市販の物価資料の値)。公的に公開された値は存在しない。
c9ac92d59bfb7a29,JP,material,生コンクリート・モルタル,生コンクリート,４０－８－２５（２０） 早強,m3,pref_area,29,奈良県,2地区,,,,JPY,design_unit_price_ex_tax,publication_based_not_public,,,2026-10,2026-10-01,nara-shizai-r8-10,15,https://www.pref.nara.lg.jp/documents/8708/r0810nara_materialprice.pdf,restricted,37480063f114,原本で『○＝刊行物単価使用』。県は規格だけを載せ、単価は載せていない(市販の物価資料の値)。公的に公開された値は存在しない。
2c569c28cc075533,JP,material,生コンクリート・モルタル,生コンクリート,４０－８－２５（２０） 早強,m3,pref_area,29,奈良県,3地区,,,,JPY,design_unit_price_ex_tax,publication_based_not_public,,,2026-10,2026-10-01,nara-shizai-r8-10,15,https://www.pref.nara.lg.jp/documents/8708/r0810nara_materialprice.pdf,restricted,37480063f114,原本で『○＝刊行物単価使用』。県は規格だけを載せ、単価は載せていない(市販の物価資料の値)。公的に公開された値は存在しない。
20167ac42c6c36e7,JP,material,生コンクリート・モルタル,生コンクリート,４０－８－２５（２０） 早強,m3,pref_area,29,奈良県,4地区,,,,JPY,design_unit_price_ex_tax,publication_based_not_public,,,2026-10,2026-10-01,nara-shizai-r8-10,15,https://www.pref.nara.lg.jp/documents/8708/r0810nara_materialprice.pdf,restricted,37480063f114,原本で『○＝刊行物単価使用』。県は規格だけを載せ、単価は載せていない(市販の物価資料の値)。公的に公開された値は存在しない。
e15244b027bc5b6c,JP,material,生コンクリート・モルタル,生コンクリート,４０－８－２５（２０） 早強,m3,pref_area,29,奈良県,5地区,,,,JPY,design_unit_price_ex_tax,published_restricted_not_copied,,,2026-10,2026-10-01,nara-shizai-r8-10,15,https://www.pref.nara.lg.jp/documents/8708/r0810nara_materialprice.pdf,restricted,37480063f114,県が独自調査で値を載せている。利用条件が私的使用・引用のみのため値は写していない。原本を見ること。
4ff66c3516899a92,JP,material,生コンクリート・モルタル,生コンクリート,４０－８－２５（２０） 早強,m3,pref_area,29,奈良県,6地区,,,,JPY,design_unit_price_ex_tax,publication_based_not_public,,,2026-10,2026-10-01,nara-shizai-r8-10,15,https://www.pref.nara.lg.jp/documents/8708/r0810nara_materialprice.pdf,restricted,37480063f114,原本で『○＝刊行物単価使用』。県は規格だけを載せ、単価は載せていない(市販の物価資料の値)。公的に公開された値は存在しない。
440accf398932335,JP,material,生コンクリート・モルタル,生コンクリート,４０－８－２５（２０） 早強,m3,pref_area,29,奈良県,7地区,,,,JPY,design_unit_price_ex_tax,published_restricted_not_copied,,,2026-10,2026-10-01,nara-shizai-r8-10,15,https://www.pref.nara.lg.jp/documents/8708/r0810nara_materialprice.pdf,restricted,37480063f114,県が独自調査で値を載せている。利用条件が私的使用・引用のみのため値は写していない。原本を見ること。
dfbaa4ae2ccc0eb8,JP,material,生コンクリート・モルタル,生コンクリート,４０－８－２５（２０） 早強,m3,pref_area,29,奈良県,8地区,,,,JPY,design_unit_price_ex_tax,not_set,,,2026-10,2026-10-01,nara-shizai-r8-10,15,https://www.pref.nara.lg.jp/documents/8708/r0810nara_materialprice.pdf,restricted,37480063f114,原本で空欄(取引事例が著しく少なく単価を設定していない)。
a28e0c1da9568667,JP,material,生コンクリート・モルタル,生コンクリート,４０－８－２５（２０） 早強,m3,pref_area,29,奈良県,9地区,,,,JPY,design_unit_price_ex_tax,publication_based_not_public,,,2026-10,2026-10-01,nara-shizai-r8-10,15,https://www.pref.nara.lg.jp/documents/8708/r0810nara_materialprice.pdf,restricted,37480063f114,原本で『○＝刊行物単価使用』。県は規格だけを載せ、単価は載せていない(市販の物価資料の値)。公的に公開された値は存在しない。
d79f25a87fb30087,JP,material,生コンクリート・モルタル,生コンクリート,４０－８－２５（２０） 早強,m3,pref_area,29,奈良県,10地区,,,,JPY,design_unit_price_ex_tax,publication_based_not_public,,,2026-10,2026-10-01,nara-shizai-r8-10,15,https://www.pref.nara.lg.jp/documents/8708/r0810nara_materialprice.pdf,restricted,37480063f114,原本で『○＝刊行物単価使用』。県は規格だけを載せ、単価は載せていない(市販の物価資料の値)。公的に公開された値は存在しない。
315a4665184e81dd,JP,material,生コンクリート・モルタル,生コンクリート,４０－８－２５（２０） 早強,m3,pref_area,29,奈良県,11地区,,,,JPY,design_unit_price_ex_tax,published_restricted_not_copied,,,2026-10,2026-10-01,nara-shizai-r8-10,15,https://www.pref.nara.lg.jp/documents/8708/r0810nara_materialprice.pdf,restricted,37480063f114,県が独自調査で値を載せている。利用条件が私的使用・引用のみのため値は写していない。原本を見ること。
8c63c0c51ce15318,JP,material,生コンクリート・モルタル,生コンクリート（早強）,２４－１２－４０,m3,pref_area,29,奈良県,1地区,,,,JPY,design_unit_price_ex_tax,publication_based_not_public,,,2026-10,2026-10-01,nara-shizai-r8-10,15,https://www.pref.nara.lg.jp/documents/8708/r0810nara_materialprice.pdf,restricted,9daef3d429f6,原本で『○＝刊行物単価使用』。県は規格だけを載せ、単価は載せていない(市販の物価資料の値)。公的に公開された値は存在しない。
1f774c127373252b,JP,material,生コンクリート・モルタル,生コンクリート（早強）,２４－１２－４０,m3,pref_area,29,奈良県,2地区,,,,JPY,design_unit_price_ex_tax,publication_based_not_public,,,2026-10,2026-10-01,nara-shizai-r8-10,15,https://www.pref.nara.lg.jp/documents/8708/r0810nara_materialprice.pdf,restricted,9daef3d429f6,原本で『○＝刊行物単価使用』。県は規格だけを載せ、単価は載せていない(市販の物価資料の値)。公的に公開された値は存在しない。
e595c747ceb41519,JP,material,生コンクリート・モルタル,生コンクリート（早強）,２４－１２－４０,m3,pref_area,29,奈良県,3地区,,,,JPY,design_unit_price_ex_tax,publication_based_not_public,,,2026-10,2026-10-01,nara-shizai-r8-10,15,https://www.pref.nara.lg.jp/documents/8708/r0810nara_materialprice.pdf,restricted,9daef3d429f6,原本で『○＝刊行物単価使用』。県は規格だけを載せ、単価は載せていない(市販の物価資料の値)。公的に公開された値は存在しない。
b045ddffca066282,JP,material,生コンクリート・モルタル,生コンクリート（早強）,２４－１２－４０,m3,pref_area,29,奈良県,4地区,,,,JPY,design_unit_price_ex_tax,publication_based_not_public,,,2026-10,2026-10-01,nara-shizai-r8-10,15,https://www.pref.nara.lg.jp/documents/8708/r0810nara_materialprice.pdf,restricted,9daef3d429f6,原本で『○＝刊行物単価使用』。県は規格だけを載せ、単価は載せていない(市販の物価資料の値)。公的に公開された値は存在しない。
ea77d49e4b8444dd,JP,material,生コンクリート・モルタル,生コンクリート（早強）,２４－１２－４０,m3,pref_area,29,奈良県,5地区,,,,JPY,design_unit_price_ex_tax,published_restricted_not_copied,,,2026-10,2026-10-01,nara-shizai-r8-10,15,https://www.pref.nara.lg.jp/documents/8708/r0810nara_materialprice.pdf,restricted,9daef3d429f6,県が独自調査で値を載せている。利用条件が私的使用・引用のみのため値は写していない。原本を見ること。
8482bf9447026f64,JP,material,生コンクリート・モルタル,生コンクリート（早強）,２４－１２－４０,m3,pref_area,29,奈良県,6地区,,,,JPY,design_unit_price_ex_tax,publication_based_not_public,,,2026-10,2026-10-01,nara-shizai-r8-10,15,https://www.pref.nara.lg.jp/documents/8708/r0810nara_materialprice.pdf,restricted,9daef3d429f6,原本で『○＝刊行物単価使用』。県は規格だけを載せ、単価は載せていない(市販の物価資料の値)。公的に公開された値は存在しない。
3c5d2f1f51301dfc,JP,material,生コンクリート・モルタル,生コンクリート（早強）,２４－１２－４０,m3,pref_area,29,奈良県,7地区,,,,JPY,design_unit_price_ex_tax,published_restricted_not_copied,,,2026-10,2026-10-01,nara-shizai-r8-10,15,https://www.pref.nara.lg.jp/documents/8708/r0810nara_materialprice.pdf,restricted,9daef3d429f6,県が独自調査で値を載せている。利用条件が私的使用・引用のみのため値は写していない。原本を見ること。
d3e49833372faa1e,JP,material,生コンクリート・モルタル,生コンクリート（早強）,２４－１２－４０,m3,pref_area,29,奈良県,8地区,,,,JPY,design_unit_price_ex_tax,publication_based_not_public,,,2026-10,2026-10-01,nara-shizai-r8-10,15,https://www.pref.nara.lg.jp/documents/8708/r0810nara_materialprice.pdf,restricted,9daef3d429f6,原本で『○＝刊行物単価使用』。県は規格だけを載せ、単価は載せていない(市販の物価資料の値)。公的に公開された値は存在しない。
92913ac9edd349c2,JP,material,生コンクリート・モルタル,生コンクリート（早強）,２４－１２－４０,m3,pref_area,29,奈良県,9地区,,,,JPY,design_unit_price_ex_tax,publication_based_not_public,,,2026-10,2026-10-01,nara-shizai-r8-10,15,https://www.pref.nara.lg.jp/documents/8708/r0810nara_materialprice.pdf,restricted,9daef3d429f6,原本で『○＝刊行物単価使用』。県は規格だけを載せ、単価は載せていない(市販の物価資料の値)。公的に公開された値は存在しない。
61c0aedb54704e0c,JP,material,生コンクリート・モルタル,生コンクリート（早強）,２４－１２－４０,m3,pref_area,29,奈良県,10地区,,,,JPY,design_unit_price_ex_tax,publication_based_not_public,,,2026-10,2026-10-01,nara-shizai-r8-10,15,https://www.pref.nara.lg.jp/documents/8708/r0810nara_materialprice.pdf,restricted,9daef3d429f6,原本で『○＝刊行物単価使用』。県は規格だけを載せ、単価は載せていない(市販の物価資料の値)。公的に公開された値は存在しない。
ad91cf9f62899df5,JP,material,生コンクリート・モルタル,生コンクリート（早強）,２４－１２－４０,m3,pref_area,29,奈良県,11地区,,,,JPY,design_unit_price_ex_tax,published_restricted_not_copied,,,2026-10,2026-10-01,nara-shizai-r8-10,15,https://www.pref.nara.lg.jp/documents/8708/r0810nara_materialprice.pdf,restricted,9daef3d429f6,県が独自調査で値を載せている。利用条件が私的使用・引用のみのため値は写していない。原本を見ること。
249fc632a0d709c3,JP,material,生コンクリート・モルタル,生コンクリート,普通(小型車) １８－８－２５（２０）,m3,pref_area,29,奈良県,1地区,,,,JPY,design_unit_price_ex_tax,publication_based_not_public,,,2026-10,2026-10-01,nara-shizai-r8-10,15,https://www.pref.nara.lg.jp/documents/8708/r0810nara_materialprice.pdf,restricted,cabdeac31e1a,原本で『○＝刊行物単価使用』。県は規格だけを載せ、単価は載せていない(市販の物価資料の値)。公的に公開された値は存在しない。
9f1455838c134207,JP,material,生コンクリート・モルタル,生コンクリート,普通(小型車) １８－８－２５（２０）,m3,pref_area,29,奈良県,2地区,,,,JPY,design_unit_price_ex_tax,publication_based_not_public,,,2026-10,2026-10-01,nara-shizai-r8-10,15,https://www.pref.nara.lg.jp/documents/8708/r0810nara_materialprice.pdf,restricted,cabdeac31e1a,原本で『○＝刊行物単価使用』。県は規格だけを載せ、単価は載せていない(市販の物価資料の値)。公的に公開された値は存在しない。
155474364f55f4ca,JP,material,生コンクリート・モルタル,生コンクリート,普通(小型車) １８－８－２５（２０）,m3,pref_area,29,奈良県,3地区,,,,JPY,design_unit_price_ex_tax,publication_based_not_public,,,2026-10,2026-10-01,nara-shizai-r8-10,15,https://www.pref.nara.lg.jp/documents/8708/r0810nara_materialprice.pdf,restricted,cabdeac31e1a,原本で『○＝刊行物単価使用』。県は規格だけを載せ、単価は載せていない(市販の物価資料の値)。公的に公開された値は存在しない。
b9f9b19fa1070c7e,JP,material,生コンクリート・モルタル,生コンクリート,普通(小型車) １８－８－２５（２０）,m3,pref_area,29,奈良県,4地区,,,,JPY,design_unit_price_ex_tax,publication_based_not_public,,,2026-10,2026-10-01,nara-shizai-r8-10,15,https://www.pref.nara.lg.jp/documents/8708/r0810nara_materialprice.pdf,restricted,cabdeac31e1a,原本で『○＝刊行物単価使用』。県は規格だけを載せ、単価は載せていない(市販の物価資料の値)。公的に公開された値は存在しない。
526223503efed805,JP,material,生コンクリート・モルタル,生コンクリート,普通(小型車) １８－８－２５（２０）,m3,pref_area,29,奈良県,5地区,,,,JPY,design_unit_price_ex_tax,published_restricted_not_copied,,,2026-10,2026-10-01,nara-shizai-r8-10,15,https://www.pref.nara.lg.jp/documents/8708/r0810nara_materialprice.pdf,restricted,cabdeac31e1a,県が独自調査で値を載せている。利用条件が私的使用・引用のみのため値は写していない。原本を見ること。
29c18417de384839,JP,material,生コンクリート・モルタル,生コンクリート,普通(小型車) １８－８－２５（２０）,m3,pref_area,29,奈良県,6地区,,,,JPY,design_unit_price_ex_tax,publication_based_not_public,,,2026-10,2026-10-01,nara-shizai-r8-10,15,https://www.pref.nara.lg.jp/documents/8708/r0810nara_materialprice.pdf,restricted,cabdeac31e1a,原本で『○＝刊行物単価使用』。県は規格だけを載せ、単価は載せていない(市販の物価資料の値)。公的に公開された値は存在しない。
b43548c92819f710,JP,material,生コンクリート・モルタル,生コンクリート,普通(小型車) １８－８－２５（２０）,m3,pref_area,29,奈良県,7地区,,,,JPY,design_unit_price_ex_tax,published_restricted_not_copied,,,2026-10,2026-10-01,nara-shizai-r8-10,15,https://www.pref.nara.lg.jp/documents/8708/r0810nara_materialprice.pdf,restricted,cabdeac31e1a,県が独自調査で値を載せている。利用条件が私的使用・引用のみのため値は写していない。原本を見ること。
7e3756fd7a6fc821,JP,material,生コンクリート・モルタル,生コンクリート,普通(小型車) １８－８－２５（２０）,m3,pref_area,29,奈良県,8地区,,,,JPY,design_unit_price_ex_tax,publication_based_not_public,,,2026-10,2026-10-01,nara-shizai-r8-10,15,https://www.pref.nara.lg.jp/documents/8708/r0810nara_materialprice.pdf,restricted,cabdeac31e1a,原本で『○＝刊行物単価使用』。県は規格だけを載せ、単価は載せていない(市販の物価資料の値)。公的に公開された値は存在しない。
df8779548216b905,JP,material,生コンクリート・モルタル,生コンクリート,普通(小型車) １８－８－２５（２０）,m3,pref_area,29,奈良県,9地区,,,,JPY,design_unit_price_ex_tax,publication_based_not_public,,,2026-10,2026-10-01,nara-shizai-r8-10,15,https://www.pref.nara.lg.jp/documents/8708/r0810nara_materialprice.pdf,restricted,cabdeac31e1a,原本で『○＝刊行物単価使用』。県は規格だけを載せ、単価は載せていない(市販の物価資料の値)。公的に公開された値は存在しない。
9bb759677faeaac6,JP,material,生コンクリート・モルタル,生コンクリート,普通(小型車) １８－８－２５（２０）,m3,pref_area,29,奈良県,10地区,,,,JPY,design_unit_price_ex_tax,publication_based_not_public,,,2026-10,2026-10-01,nara-shizai-r8-10,15,https://www.pref.nara.lg.jp/documents/8708/r0810nara_materialprice.pdf,restricted,cabdeac31e1a,原本で『○＝刊行物単価使用』。県は規格だけを載せ、単価は載せていない(市販の物価資料の値)。公的に公開された値は存在しない。
49387773e319cd2e,JP,material,生コンクリート・モルタル,生コンクリート,普通(小型車) １８－８－２５（２０）,m3,pref_area,29,奈良県,11地区,,,,JPY,design_unit_price_ex_tax,published_restricted_not_copied,,,2026-10,2026-10-01,nara-shizai-r8-10,15,https://www.pref.nara.lg.jp/documents/8708/r0810nara_materialprice.pdf,restricted,cabdeac31e1a,県が独自調査で値を載せている。利用条件が私的使用・引用のみのため値は写していない。原本を見ること。
d3f0b9a61be51eb5,JP,material,生コンクリート・モルタル,生コンクリート,普通(小型車) １８－１２－２５（２０）,m3,pref_area,29,奈良県,1地区,,,,JPY,design_unit_price_ex_tax,publication_based_not_public,,,2026-10,2026-10-01,nara-shizai-r8-10,15,https://www.pref.nara.lg.jp/documents/8708/r0810nara_materialprice.pdf,restricted,8ae105a67462,原本で『○＝刊行物単価使用』。県は規格だけを載せ、単価は載せていない(市販の物価資料の値)。公的に公開された値は存在しない。
3d7d8a1a21c1368a,JP,material,生コンクリート・モルタル,生コンクリート,普通(小型車) １８－１２－２５（２０）,m3,pref_area,29,奈良県,2地区,,,,JPY,design_unit_price_ex_tax,publication_based_not_public,,,2026-10,2026-10-01,nara-shizai-r8-10,15,https://www.pref.nara.lg.jp/documents/8708/r0810nara_materialprice.pdf,restricted,8ae105a67462,原本で『○＝刊行物単価使用』。県は規格だけを載せ、単価は載せていない(市販の物価資料の値)。公的に公開された値は存在しない。
80e6db1c0e1399b4,JP,material,生コンクリート・モルタル,生コンクリート,普通(小型車) １８－１２－２５（２０）,m3,pref_area,29,奈良県,3地区,,,,JPY,design_unit_price_ex_tax,publication_based_not_public,,,2026-10,2026-10-01,nara-shizai-r8-10,15,https://www.pref.nara.lg.jp/documents/8708/r0810nara_materialprice.pdf,restricted,8ae105a67462,原本で『○＝刊行物単価使用』。県は規格だけを載せ、単価は載せていない(市販の物価資料の値)。公的に公開された値は存在しない。
0d3966a262c209b9,JP,material,生コンクリート・モルタル,生コンクリート,普通(小型車) １８－１２－２５（２０）,m3,pref_area,29,奈良県,4地区,,,,JPY,design_unit_price_ex_tax,publication_based_not_public,,,2026-10,2026-10-01,nara-shizai-r8-10,15,https://www.pref.nara.lg.jp/documents/8708/r0810nara_materialprice.pdf,restricted,8ae105a67462,原本で『○＝刊行物単価使用』。県は規格だけを載せ、単価は載せていない(市販の物価資料の値)。公的に公開された値は存在しない。
3339dda31c4874c8,JP,material,生コンクリート・モルタル,生コンクリート,普通(小型車) １８－１２－２５（２０）,m3,pref_area,29,奈良県,5地区,,,,JPY,design_unit_price_ex_tax,published_restricted_not_copied,,,2026-10,2026-10-01,nara-shizai-r8-10,15,https://www.pref.nara.lg.jp/documents/8708/r0810nara_materialprice.pdf,restricted,8ae105a67462,県が独自調査で値を載せている。利用条件が私的使用・引用のみのため値は写していない。原本を見ること。
be946bed50d78781,JP,material,生コンクリート・モルタル,生コンクリート,普通(小型車) １８－１２－２５（２０）,m3,pref_area,29,奈良県,6地区,,,,JPY,design_unit_price_ex_tax,publication_based_not_public,,,2026-10,2026-10-01,nara-shizai-r8-10,15,https://www.pref.nara.lg.jp/documents/8708/r0810nara_materialprice.pdf,restricted,8ae105a67462,原本で『○＝刊行物単価使用』。県は規格だけを載せ、単価は載せていない(市販の物価資料の値)。公的に公開された値は存在しない。
dfce79c78c625506,JP,material,生コンクリート・モルタル,生コンクリート,普通(小型車) １８－１２－２５（２０）,m3,pref_area,29,奈良県,7地区,,,,JPY,design_unit_price_ex_tax,published_restricted_not_copied,,,2026-10,2026-10-01,nara-shizai-r8-10,15,https://www.pref.nara.lg.jp/documents/8708/r0810nara_materialprice.pdf,restricted,8ae105a67462,県が独自調査で値を載せている。利用条件が私的使用・引用のみのため値は写していない。原本を見ること。
a2925285dab7fbed,JP,material,生コンクリート・モルタル,生コンクリート,普通(小型車) １８－１２－２５（２０）,m3,pref_area,29,奈良県,8地区,,,,JPY,design_unit_price_ex_tax,publication_based_not_public,,,2026-10,2026-10-01,nara-shizai-r8-10,15,https://www.pref.nara.lg.jp/documents/8708/r0810nara_materialprice.pdf,restricted,8ae105a67462,原本で『○＝刊行物単価使用』。県は規格だけを載せ、単価は載せていない(市販の物価資料の値)。公的に公開された値は存在しない。
607457879e95a264,JP,material,生コンクリート・モルタル,生コンクリート,普通(小型車) １８－１２－２５（２０）,m3,pref_area,29,奈良県,9地区,,,,JPY,design_unit_price_ex_tax,publication_based_not_public,,,2026-10,2026-10-01,nara-shizai-r8-10,15,https://www.pref.nara.lg.jp/documents/8708/r0810nara_materialprice.pdf,restricted,8ae105a67462,原本で『○＝刊行物単価使用』。県は規格だけを載せ、単価は載せていない(市販の物価資料の値)。公的に公開された値は存在しない。
e69c760fc456c953,JP,material,生コンクリート・モルタル,生コンクリート,普通(小型車) １８－１２－２５（２０）,m3,pref_area,29,奈良県,10地区,,,,JPY,design_unit_price_ex_tax,publication_based_not_public,,,2026-10,2026-10-01,nara-shizai-r8-10,15,https://www.pref.nara.lg.jp/documents/8708/r0810nara_materialprice.pdf,restricted,8ae105a67462,原本で『○＝刊行物単価使用』。県は規格だけを載せ、単価は載せていない(市販の物価資料の値)。公的に公開された値は存在しない。
03bb6de72aecf594,JP,material,生コンクリート・モルタル,生コンクリート,普通(小型車) １８－１２－２５（２０）,m3,pref_area,29,奈良県,11地区,,,,JPY,design_unit_price_ex_tax,published_restricted_not_copied,,,2026-10,2026-10-01,nara-shizai-r8-10,15,https://www.pref.nara.lg.jp/documents/8708/r0810nara_materialprice.pdf,restricted,8ae105a67462,県が独自調査で値を載せている。利用条件が私的使用・引用のみのため値は写していない。原本を見ること。
89a0de70647f0ea3,JP,material,生コンクリート・モルタル,生コンクリート,普通(小型車) １８－１５－２５（２０）,m3,pref_area,29,奈良県,1地区,,,,JPY,design_unit_price_ex_tax,publication_based_not_public,,,2026-10,2026-10-01,nara-shizai-r8-10,15,https://www.pref.nara.lg.jp/documents/8708/r0810nara_materialprice.pdf,restricted,61a1c86884ca,原本で『○＝刊行物単価使用』。県は規格だけを載せ、単価は載せていない(市販の物価資料の値)。公的に公開された値は存在しない。
86dd76161efae77f,JP,material,生コンクリート・モルタル,生コンクリート,普通(小型車) １８－１５－２５（２０）,m3,pref_area,29,奈良県,2地区,,,,JPY,design_unit_price_ex_tax,publication_based_not_public,,,2026-10,2026-10-01,nara-shizai-r8-10,15,https://www.pref.nara.lg.jp/documents/8708/r0810nara_materialprice.pdf,restricted,61a1c86884ca,原本で『○＝刊行物単価使用』。県は規格だけを載せ、単価は載せていない(市販の物価資料の値)。公的に公開された値は存在しない。
262ab865f92d9825,JP,material,生コンクリート・モルタル,生コンクリート,普通(小型車) １８－１５－２５（２０）,m3,pref_area,29,奈良県,3地区,,,,JPY,design_unit_price_ex_tax,publication_based_not_public,,,2026-10,2026-10-01,nara-shizai-r8-10,15,https://www.pref.nara.lg.jp/documents/8708/r0810nara_materialprice.pdf,restricted,61a1c86884ca,原本で『○＝刊行物単価使用』。県は規格だけを載せ、単価は載せていない(市販の物価資料の値)。公的に公開された値は存在しない。
845f1d92961bcc09,JP,material,生コンクリート・モルタル,生コンクリート,普通(小型車) １８－１５－２５（２０）,m3,pref_area,29,奈良県,4地区,,,,JPY,design_unit_price_ex_tax,publication_based_not_public,,,2026-10,2026-10-01,nara-shizai-r8-10,15,https://www.pref.nara.lg.jp/documents/8708/r0810nara_materialprice.pdf,restricted,61a1c86884ca,原本で『○＝刊行物単価使用』。県は規格だけを載せ、単価は載せていない(市販の物価資料の値)。公的に公開された値は存在しない。
3ce9f6ba4ab5bd06,JP,material,生コンクリート・モルタル,生コンクリート,普通(小型車) １８－１５－２５（２０）,m3,pref_area,29,奈良県,5地区,,,,JPY,design_unit_price_ex_tax,published_restricted_not_copied,,,2026-10,2026-10-01,nara-shizai-r8-10,15,https://www.pref.nara.lg.jp/documents/8708/r0810nara_materialprice.pdf,restricted,61a1c86884ca,県が独自調査で値を載せている。利用条件が私的使用・引用のみのため値は写していない。原本を見ること。
1c599441723c3568,JP,material,生コンクリート・モルタル,生コンクリート,普通(小型車) １８－１５－２５（２０）,m3,pref_area,29,奈良県,6地区,,,,JPY,design_unit_price_ex_tax,publication_based_not_public,,,2026-10,2026-10-01,nara-shizai-r8-10,15,https://www.pref.nara.lg.jp/documents/8708/r0810nara_materialprice.pdf,restricted,61a1c86884ca,原本で『○＝刊行物単価使用』。県は規格だけを載せ、単価は載せていない(市販の物価資料の値)。公的に公開された値は存在しない。
768a8a5881a2abf9,JP,material,生コンクリート・モルタル,生コンクリート,普通(小型車) １８－１５－２５（２０）,m3,pref_area,29,奈良県,7地区,,,,JPY,design_unit_price_ex_tax,published_restricted_not_copied,,,2026-10,2026-10-01,nara-shizai-r8-10,15,https://www.pref.nara.lg.jp/documents/8708/r0810nara_materialprice.pdf,restricted,61a1c86884ca,県が独自調査で値を載せている。利用条件が私的使用・引用のみのため値は写していない。原本を見ること。
61dad639423955b3,JP,material,生コンクリート・モルタル,生コンクリート,普通(小型車) １８－１５－２５（２０）,m3,pref_area,29,奈良県,8地区,,,,JPY,design_unit_price_ex_tax,publication_based_not_public,,,2026-10,2026-10-01,nara-shizai-r8-10,15,https://www.pref.nara.lg.jp/documents/8708/r0810nara_materialprice.pdf,restricted,61a1c86884ca,原本で『○＝刊行物単価使用』。県は規格だけを載せ、単価は載せていない(市販の物価資料の値)。公的に公開された値は存在しない。
bd990a3e62bd2476,JP,material,生コンクリート・モルタル,生コンクリート,普通(小型車) １８－１５－２５（２０）,m3,pref_area,29,奈良県,9地区,,,,JPY,design_unit_price_ex_tax,publication_based_not_public,,,2026-10,2026-10-01,nara-shizai-r8-10,15,https://www.pref.nara.lg.jp/documents/8708/r0810nara_materialprice.pdf,restricted,61a1c86884ca,原本で『○＝刊行物単価使用』。県は規格だけを載せ、単価は載せていない(市販の物価資料の値)。公的に公開された値は存在しない。
3d32e8b270de2028,JP,material,生コンクリート・モルタル,生コンクリート,普通(小型車) １８－１５－２５（２０）,m3,pref_area,29,奈良県,10地区,,,,JPY,design_unit_price_ex_tax,publication_based_not_public,,,2026-10,2026-10-01,nara-shizai-r8-10,15,https://www.pref.nara.lg.jp/documents/8708/r0810nara_materialprice.pdf,restricted,61a1c86884ca,原本で『○＝刊行物単価使用』。県は規格だけを載せ、単価は載せていない(市販の物価資料の値)。公的に公開された値は存在しない。
805b2b6ba1ba83c4,JP,material,生コンクリート・モルタル,生コンクリート,普通(小型車) １８－１５－２５（２０）,m3,pref_area,29,奈良県,11地区,,,,JPY,design_unit_price_ex_tax,published_restricted_not_copied,,,2026-10,2026-10-01,nara-shizai-r8-10,15,https://www.pref.nara.lg.jp/documents/8708/r0810nara_materialprice.pdf,restricted,61a1c86884ca,県が独自調査で値を載せている。利用条件が私的使用・引用のみのため値は写していない。原本を見ること。
9cd34a0456de0340,JP,material,生コンクリート・モルタル,生コンクリート,普通(小型車) １８－１８－２５（２０）,m3,pref_area,29,奈良県,1地区,,,,JPY,design_unit_price_ex_tax,publication_based_not_public,,,2026-10,2026-10-01,nara-shizai-r8-10,15,https://www.pref.nara.lg.jp/documents/8708/r0810nara_materialprice.pdf,restricted,d91c15aba2fa,原本で『○＝刊行物単価使用』。県は規格だけを載せ、単価は載せていない(市販の物価資料の値)。公的に公開された値は存在しない。
5edc110260a28087,JP,material,生コンクリート・モルタル,生コンクリート,普通(小型車) １８－１８－２５（２０）,m3,pref_area,29,奈良県,2地区,,,,JPY,design_unit_price_ex_tax,publication_based_not_public,,,2026-10,2026-10-01,nara-shizai-r8-10,15,https://www.pref.nara.lg.jp/documents/8708/r0810nara_materialprice.pdf,restricted,d91c15aba2fa,原本で『○＝刊行物単価使用』。県は規格だけを載せ、単価は載せていない(市販の物価資料の値)。公的に公開された値は存在しない。
06e283126fe0127f,JP,material,生コンクリート・モルタル,生コンクリート,普通(小型車) １８－１８－２５（２０）,m3,pref_area,29,奈良県,3地区,,,,JPY,design_unit_price_ex_tax,publication_based_not_public,,,2026-10,2026-10-01,nara-shizai-r8-10,15,https://www.pref.nara.lg.jp/documents/8708/r0810nara_materialprice.pdf,restricted,d91c15aba2fa,原本で『○＝刊行物単価使用』。県は規格だけを載せ、単価は載せていない(市販の物価資料の値)。公的に公開された値は存在しない。
1898b698fb67e590,JP,material,生コンクリート・モルタル,生コンクリート,普通(小型車) １８－１８－２５（２０）,m3,pref_area,29,奈良県,4地区,,,,JPY,design_unit_price_ex_tax,publication_based_not_public,,,2026-10,2026-10-01,nara-shizai-r8-10,15,https://www.pref.nara.lg.jp/documents/8708/r0810nara_materialprice.pdf,restricted,d91c15aba2fa,原本で『○＝刊行物単価使用』。県は規格だけを載せ、単価は載せていない(市販の物価資料の値)。公的に公開された値は存在しない。
1179667e214e378f,JP,material,生コンクリート・モルタル,生コンクリート,普通(小型車) １８－１８－２５（２０）,m3,pref_area,29,奈良県,5地区,,,,JPY,design_unit_price_ex_tax,published_restricted_not_copied,,,2026-10,2026-10-01,nara-shizai-r8-10,15,https://www.pref.nara.lg.jp/documents/8708/r0810nara_materialprice.pdf,restricted,d91c15aba2fa,県が独自調査で値を載せている。利用条件が私的使用・引用のみのため値は写していない。原本を見ること。
340fc6fd1ad848e2,JP,material,生コンクリート・モルタル,生コンクリート,普通(小型車) １８－１８－２５（２０）,m3,pref_area,29,奈良県,6地区,,,,JPY,design_unit_price_ex_tax,publication_based_not_public,,,2026-10,2026-10-01,nara-shizai-r8-10,15,https://www.pref.nara.lg.jp/documents/8708/r0810nara_materialprice.pdf,restricted,d91c15aba2fa,原本で『○＝刊行物単価使用』。県は規格だけを載せ、単価は載せていない(市販の物価資料の値)。公的に公開された値は存在しない。
ccb313705ad75b57,JP,material,生コンクリート・モルタル,生コンクリート,普通(小型車) １８－１８－２５（２０）,m3,pref_area,29,奈良県,7地区,,,,JPY,design_unit_price_ex_tax,published_restricted_not_copied,,,2026-10,2026-10-01,nara-shizai-r8-10,15,https://www.pref.nara.lg.jp/documents/8708/r0810nara_materialprice.pdf,restricted,d91c15aba2fa,県が独自調査で値を載せている。利用条件が私的使用・引用のみのため値は写していない。原本を見ること。
d481d73630e94d6d,JP,material,生コンクリート・モルタル,生コンクリート,普通(小型車) １８－１８－２５（２０）,m3,pref_area,29,奈良県,8地区,,,,JPY,design_unit_price_ex_tax,publication_based_not_public,,,2026-10,2026-10-01,nara-shizai-r8-10,15,https://www.pref.nara.lg.jp/documents/8708/r0810nara_materialprice.pdf,restricted,d91c15aba2fa,原本で『○＝刊行物単価使用』。県は規格だけを載せ、単価は載せていない(市販の物価資料の値)。公的に公開された値は存在しない。
163e020c7d88e523,JP,material,生コンクリート・モルタル,生コンクリート,普通(小型車) １８－１８－２５（２０）,m3,pref_area,29,奈良県,9地区,,,,JPY,design_unit_price_ex_tax,publication_based_not_public,,,2026-10,2026-10-01,nara-shizai-r8-10,15,https://www.pref.nara.lg.jp/documents/8708/r0810nara_materialprice.pdf,restricted,d91c15aba2fa,原本で『○＝刊行物単価使用』。県は規格だけを載せ、単価は載せていない(市販の物価資料の値)。公的に公開された値は存在しない。
88949895e591f6e9,JP,material,生コンクリート・モルタル,生コンクリート,普通(小型車) １８－１８－２５（２０）,m3,pref_area,29,奈良県,10地区,,,,JPY,design_unit_price_ex_tax,publication_based_not_public,,,2026-10,2026-10-01,nara-shizai-r8-10,15,https://www.pref.nara.lg.jp/documents/8708/r0810nara_materialprice.pdf,restricted,d91c15aba2fa,原本で『○＝刊行物単価使用』。県は規格だけを載せ、単価は載せていない(市販の物価資料の値)。公的に公開された値は存在しない。
4f897dd26978e76d,JP,material,生コンクリート・モルタル,生コンクリート,普通(小型車) １８－１８－２５（２０）,m3,pref_area,29,奈良県,11地区,,,,JPY,design_unit_price_ex_tax,published_restricted_not_copied,,,2026-10,2026-10-01,nara-shizai-r8-10,15,https://www.pref.nara.lg.jp/documents/8708/r0810nara_materialprice.pdf,restricted,d91c15aba2fa,県が独自調査で値を載せている。利用条件が私的使用・引用のみのため値は写していない。原本を見ること。
c67d4c1ff6befd27,JP,material,生コンクリート・モルタル,生コンクリート,普通(小型車) ２１－８－２５（２０）,m3,pref_area,29,奈良県,1地区,,,,JPY,design_unit_price_ex_tax,published_restricted_not_copied,,,2026-10,2026-10-01,nara-shizai-r8-10,15,https://www.pref.nara.lg.jp/documents/8708/r0810nara_materialprice.pdf,restricted,b16221adcd13,県が独自調査で値を載せている。利用条件が私的使用・引用のみのため値は写していない。原本を見ること。
b1fa95e851b8a9a9,JP,material,生コンクリート・モルタル,生コンクリート,普通(小型車) ２１－８－２５（２０）,m3,pref_area,29,奈良県,2地区,,,,JPY,design_unit_price_ex_tax,published_restricted_not_copied,,,2026-10,2026-10-01,nara-shizai-r8-10,15,https://www.pref.nara.lg.jp/documents/8708/r0810nara_materialprice.pdf,restricted,b16221adcd13,県が独自調査で値を載せている。利用条件が私的使用・引用のみのため値は写していない。原本を見ること。
7dc21fc3f5b000ef,JP,material,生コンクリート・モルタル,生コンクリート,普通(小型車) ２１－８－２５（２０）,m3,pref_area,29,奈良県,3地区,,,,JPY,design_unit_price_ex_tax,published_restricted_not_copied,,,2026-10,2026-10-01,nara-shizai-r8-10,15,https://www.pref.nara.lg.jp/documents/8708/r0810nara_materialprice.pdf,restricted,b16221adcd13,県が独自調査で値を載せている。利用条件が私的使用・引用のみのため値は写していない。原本を見ること。
e350757b28797883,JP,material,生コンクリート・モルタル,生コンクリート,普通(小型車) ２１－８－２５（２０）,m3,pref_area,29,奈良県,4地区,,,,JPY,design_unit_price_ex_tax,published_restricted_not_copied,,,2026-10,2026-10-01,nara-shizai-r8-10,15,https://www.pref.nara.lg.jp/documents/8708/r0810nara_materialprice.pdf,restricted,b16221adcd13,県が独自調査で値を載せている。利用条件が私的使用・引用のみのため値は写していない。原本を見ること。
66fd07a7550196f4,JP,material,生コンクリート・モルタル,生コンクリート,普通(小型車) ２１－８－２５（２０）,m3,pref_area,29,奈良県,5地区,,,,JPY,design_unit_price_ex_tax,published_restricted_not_copied,,,2026-10,2026-10-01,nara-shizai-r8-10,15,https://www.pref.nara.lg.jp/documents/8708/r0810nara_materialprice.pdf,restricted,b16221adcd13,県が独自調査で値を載せている。利用条件が私的使用・引用のみのため値は写していない。原本を見ること。
5dd1ec0a5274571e,JP,material,生コンクリート・モルタル,生コンクリート,普通(小型車) ２１－８－２５（２０）,m3,pref_area,29,奈良県,6地区,,,,JPY,design_unit_price_ex_tax,published_restricted_not_copied,,,2026-10,2026-10-01,nara-shizai-r8-10,15,https://www.pref.nara.lg.jp/documents/8708/r0810nara_materialprice.pdf,restricted,b16221adcd13,県が独自調査で値を載せている。利用条件が私的使用・引用のみのため値は写していない。原本を見ること。
1b5696a302f4a6fb,JP,material,生コンクリート・モルタル,生コンクリート,普通(小型車) ２１－８－２５（２０）,m3,pref_area,29,奈良県,7地区,,,,JPY,design_unit_price_ex_tax,published_restricted_not_copied,,,2026-10,2026-10-01,nara-shizai-r8-10,15,https://www.pref.nara.lg.jp/documents/8708/r0810nara_materialprice.pdf,restricted,b16221adcd13,県が独自調査で値を載せている。利用条件が私的使用・引用のみのため値は写していない。原本を見ること。
2b23430f7b793f10,JP,material,生コンクリート・モルタル,生コンクリート,普通(小型車) ２１－８－２５（２０）,m3,pref_area,29,奈良県,8地区,,,,JPY,design_unit_price_ex_tax,published_restricted_not_copied,,,2026-10,2026-10-01,nara-shizai-r8-10,15,https://www.pref.nara.lg.jp/documents/8708/r0810nara_materialprice.pdf,restricted,b16221adcd13,県が独自調査で値を載せている。利用条件が私的使用・引用のみのため値は写していない。原本を見ること。
f741920d1abe6edf,JP,material,生コンクリート・モルタル,生コンクリート,普通(小型車) ２１－８－２５（２０）,m3,pref_area,29,奈良県,9地区,,,,JPY,design_unit_price_ex_tax,published_restricted_not_copied,,,2026-10,2026-10-01,nara-shizai-r8-10,15,https://www.pref.nara.lg.jp/documents/8708/r0810nara_materialprice.pdf,restricted,b16221adcd13,県が独自調査で値を載せている。利用条件が私的使用・引用のみのため値は写していない。原本を見ること。
7ac55cb143388b34,JP,material,生コンクリート・モルタル,生コンクリート,普通(小型車) ２１－８－２５（２０）,m3,pref_area,29,奈良県,10地区,,,,JPY,design_unit_price_ex_tax,published_restricted_not_copied,,,2026-10,2026-10-01,nara-shizai-r8-10,15,https://www.pref.nara.lg.jp/documents/8708/r0810nara_materialprice.pdf,restricted,b16221adcd13,県が独自調査で値を載せている。利用条件が私的使用・引用のみのため値は写していない。原本を見ること。
8ba707ee9c50e41e,JP,material,生コンクリート・モルタル,生コンクリート,普通(小型車) ２１－８－２５（２０）,m3,pref_area,29,奈良県,11地区,,,,JPY,design_unit_price_ex_tax,published_restricted_not_copied,,,2026-10,2026-10-01,nara-shizai-r8-10,15,https://www.pref.nara.lg.jp/documents/8708/r0810nara_materialprice.pdf,restricted,b16221adcd13,県が独自調査で値を載せている。利用条件が私的使用・引用のみのため値は写していない。原本を見ること。
f49ce0b81de662aa,JP,material,生コンクリート・モルタル,生コンクリート,普通(小型車) ２１－１５－２５（２０）,m3,pref_area,29,奈良県,1地区,,,,JPY,design_unit_price_ex_tax,publication_based_not_public,,,2026-10,2026-10-01,nara-shizai-r8-10,15,https://www.pref.nara.lg.jp/documents/8708/r0810nara_materialprice.pdf,restricted,40339a3408fd,原本で『○＝刊行物単価使用』。県は規格だけを載せ、単価は載せていない(市販の物価資料の値)。公的に公開された値は存在しない。
58e7068ba0124179,JP,material,生コンクリート・モルタル,生コンクリート,普通(小型車) ２１－１５－２５（２０）,m3,pref_area,29,奈良県,2地区,,,,JPY,design_unit_price_ex_tax,publication_based_not_public,,,2026-10,2026-10-01,nara-shizai-r8-10,15,https://www.pref.nara.lg.jp/documents/8708/r0810nara_materialprice.pdf,restricted,40339a3408fd,原本で『○＝刊行物単価使用』。県は規格だけを載せ、単価は載せていない(市販の物価資料の値)。公的に公開された値は存在しない。
efc07c02878ac8dd,JP,material,生コンクリート・モルタル,生コンクリート,普通(小型車) ２１－１５－２５（２０）,m3,pref_area,29,奈良県,3地区,,,,JPY,design_unit_price_ex_tax,publication_based_not_public,,,2026-10,2026-10-01,nara-shizai-r8-10,15,https://www.pref.nara.lg.jp/documents/8708/r0810nara_materialprice.pdf,restricted,40339a3408fd,原本で『○＝刊行物単価使用』。県は規格だけを載せ、単価は載せていない(市販の物価資料の値)。公的に公開された値は存在しない。
a5bc1623c75b3da7,JP,material,生コンクリート・モルタル,生コンクリート,普通(小型車) ２１－１５－２５（２０）,m3,pref_area,29,奈良県,4地区,,,,JPY,design_unit_price_ex_tax,publication_based_not_public,,,2026-10,2026-10-01,nara-shizai-r8-10,15,https://www.pref.nara.lg.jp/documents/8708/r0810nara_materialprice.pdf,restricted,40339a3408fd,原本で『○＝刊行物単価使用』。県は規格だけを載せ、単価は載せていない(市販の物価資料の値)。公的に公開された値は存在しない。
958e26c3dcc14489,JP,material,生コンクリート・モルタル,生コンクリート,普通(小型車) ２１－１５－２５（２０）,m3,pref_area,29,奈良県,5地区,,,,JPY,design_unit_price_ex_tax,published_restricted_not_copied,,,2026-10,2026-10-01,nara-shizai-r8-10,15,https://www.pref.nara.lg.jp/documents/8708/r0810nara_materialprice.pdf,restricted,40339a3408fd,県が独自調査で値を載せている。利用条件が私的使用・引用のみのため値は写していない。原本を見ること。
0691ca3e4b0b5dcd,JP,material,生コンクリート・モルタル,生コンクリート,普通(小型車) ２１－１５－２５（２０）,m3,pref_area,29,奈良県,6地区,,,,JPY,design_unit_price_ex_tax,publication_based_not_public,,,2026-10,2026-10-01,nara-shizai-r8-10,15,https://www.pref.nara.lg.jp/documents/8708/r0810nara_materialprice.pdf,restricted,40339a3408fd,原本で『○＝刊行物単価使用』。県は規格だけを載せ、単価は載せていない(市販の物価資料の値)。公的に公開された値は存在しない。
9895a0e12cac256b,JP,material,生コンクリート・モルタル,生コンクリート,普通(小型車) ２１－１５－２５（２０）,m3,pref_area,29,奈良県,7地区,,,,JPY,design_unit_price_ex_tax,published_restricted_not_copied,,,2026-10,2026-10-01,nara-shizai-r8-10,15,https://www.pref.nara.lg.jp/documents/8708/r0810nara_materialprice.pdf,restricted,40339a3408fd,県が独自調査で値を載せている。利用条件が私的使用・引用のみのため値は写していない。原本を見ること。
5f95b7568c51e91e,JP,material,生コンクリート・モルタル,生コンクリート,普通(小型車) ２１－１５－２５（２０）,m3,pref_area,29,奈良県,8地区,,,,JPY,design_unit_price_ex_tax,publication_based_not_public,,,2026-10,2026-10-01,nara-shizai-r8-10,15,https://www.pref.nara.lg.jp/documents/8708/r0810nara_materialprice.pdf,restricted,40339a3408fd,原本で『○＝刊行物単価使用』。県は規格だけを載せ、単価は載せていない(市販の物価資料の値)。公的に公開された値は存在しない。
47a42a86fef491f0,JP,material,生コンクリート・モルタル,生コンクリート,普通(小型車) ２１－１５－２５（２０）,m3,pref_area,29,奈良県,9地区,,,,JPY,design_unit_price_ex_tax,publication_based_not_public,,,2026-10,2026-10-01,nara-shizai-r8-10,15,https://www.pref.nara.lg.jp/documents/8708/r0810nara_materialprice.pdf,restricted,40339a3408fd,原本で『○＝刊行物単価使用』。県は規格だけを載せ、単価は載せていない(市販の物価資料の値)。公的に公開された値は存在しない。
2518847ed592a0bd,JP,material,生コンクリート・モルタル,生コンクリート,普通(小型車) ２１－１５－２５（２０）,m3,pref_area,29,奈良県,10地区,,,,JPY,design_unit_price_ex_tax,publication_based_not_public,,,2026-10,2026-10-01,nara-shizai-r8-10,15,https://www.pref.nara.lg.jp/documents/8708/r0810nara_materialprice.pdf,restricted,40339a3408fd,原本で『○＝刊行物単価使用』。県は規格だけを載せ、単価は載せていない(市販の物価資料の値)。公的に公開された値は存在しない。
b1b83ca6f86c8eb5,JP,material,生コンクリート・モルタル,生コンクリート,普通(小型車) ２１－１５－２５（２０）,m3,pref_area,29,奈良県,11地区,,,,JPY,design_unit_price_ex_tax,published_restricted_not_copied,,,2026-10,2026-10-01,nara-shizai-r8-10,15,https://www.pref.nara.lg.jp/documents/8708/r0810nara_materialprice.pdf,restricted,40339a3408fd,県が独自調査で値を載せている。利用条件が私的使用・引用のみのため値は写していない。原本を見ること。
7beb2e77658ba0ed,JP,material,生コンクリート・モルタル,生コンクリート,普通(小型車) ２１－１８－２５（２０）,m3,pref_area,29,奈良県,1地区,,,,JPY,design_unit_price_ex_tax,publication_based_not_public,,,2026-10,2026-10-01,nara-shizai-r8-10,16,https://www.pref.nara.lg.jp/documents/8708/r0810nara_materialprice.pdf,restricted,11f962d2f850,原本で『○＝刊行物単価使用』。県は規格だけを載せ、単価は載せていない(市販の物価資料の値)。公的に公開された値は存在しない。
1be4637b38dcf5e1,JP,material,生コンクリート・モルタル,生コンクリート,普通(小型車) ２１－１８－２５（２０）,m3,pref_area,29,奈良県,2地区,,,,JPY,design_unit_price_ex_tax,publication_based_not_public,,,2026-10,2026-10-01,nara-shizai-r8-10,16,https://www.pref.nara.lg.jp/documents/8708/r0810nara_materialprice.pdf,restricted,11f962d2f850,原本で『○＝刊行物単価使用』。県は規格だけを載せ、単価は載せていない(市販の物価資料の値)。公的に公開された値は存在しない。
d6c93052642a324d,JP,material,生コンクリート・モルタル,生コンクリート,普通(小型車) ２１－１８－２５（２０）,m3,pref_area,29,奈良県,3地区,,,,JPY,design_unit_price_ex_tax,publication_based_not_public,,,2026-10,2026-10-01,nara-shizai-r8-10,16,https://www.pref.nara.lg.jp/documents/8708/r0810nara_materialprice.pdf,restricted,11f962d2f850,原本で『○＝刊行物単価使用』。県は規格だけを載せ、単価は載せていない(市販の物価資料の値)。公的に公開された値は存在しない。
3652e870d303ebc3,JP,material,生コンクリート・モルタル,生コンクリート,普通(小型車) ２１－１８－２５（２０）,m3,pref_area,29,奈良県,4地区,,,,JPY,design_unit_price_ex_tax,publication_based_not_public,,,2026-10,2026-10-01,nara-shizai-r8-10,16,https://www.pref.nara.lg.jp/documents/8708/r0810nara_materialprice.pdf,restricted,11f962d2f850,原本で『○＝刊行物単価使用』。県は規格だけを載せ、単価は載せていない(市販の物価資料の値)。公的に公開された値は存在しない。
c7805bd67c45d77b,JP,material,生コンクリート・モルタル,生コンクリート,普通(小型車) ２１－１８－２５（２０）,m3,pref_area,29,奈良県,5地区,,,,JPY,design_unit_price_ex_tax,published_restricted_not_copied,,,2026-10,2026-10-01,nara-shizai-r8-10,16,https://www.pref.nara.lg.jp/documents/8708/r0810nara_materialprice.pdf,restricted,11f962d2f850,県が独自調査で値を載せている。利用条件が私的使用・引用のみのため値は写していない。原本を見ること。
32b5b0f4168b9e43,JP,material,生コンクリート・モルタル,生コンクリート,普通(小型車) ２１－１８－２５（２０）,m3,pref_area,29,奈良県,6地区,,,,JPY,design_unit_price_ex_tax,publication_based_not_public,,,2026-10,2026-10-01,nara-shizai-r8-10,16,https://www.pref.nara.lg.jp/documents/8708/r0810nara_materialprice.pdf,restricted,11f962d2f850,原本で『○＝刊行物単価使用』。県は規格だけを載せ、単価は載せていない(市販の物価資料の値)。公的に公開された値は存在しない。
c14e28304336dd78,JP,material,生コンクリート・モルタル,生コンクリート,普通(小型車) ２１－１８－２５（２０）,m3,pref_area,29,奈良県,7地区,,,,JPY,design_unit_price_ex_tax,published_restricted_not_copied,,,2026-10,2026-10-01,nara-shizai-r8-10,16,https://www.pref.nara.lg.jp/documents/8708/r0810nara_materialprice.pdf,restricted,11f962d2f850,県が独自調査で値を載せている。利用条件が私的使用・引用のみのため値は写していない。原本を見ること。
a9c6786498bba249,JP,material,生コンクリート・モルタル,生コンクリート,普通(小型車) ２１－１８－２５（２０）,m3,pref_area,29,奈良県,8地区,,,,JPY,design_unit_price_ex_tax,publication_based_not_public,,,2026-10,2026-10-01,nara-shizai-r8-10,16,https://www.pref.nara.lg.jp/documents/8708/r0810nara_materialprice.pdf,restricted,11f962d2f850,原本で『○＝刊行物単価使用』。県は規格だけを載せ、単価は載せていない(市販の物価資料の値)。公的に公開された値は存在しない。
96122e48dd1cd4be,JP,material,生コンクリート・モルタル,生コンクリート,普通(小型車) ２１－１８－２５（２０）,m3,pref_area,29,奈良県,9地区,,,,JPY,design_unit_price_ex_tax,publication_based_not_public,,,2026-10,2026-10-01,nara-shizai-r8-10,16,https://www.pref.nara.lg.jp/documents/8708/r0810nara_materialprice.pdf,restricted,11f962d2f850,原本で『○＝刊行物単価使用』。県は規格だけを載せ、単価は載せていない(市販の物価資料の値)。公的に公開された値は存在しない。
1c360f97bc3b53e4,JP,material,生コンクリート・モルタル,生コンクリート,普通(小型車) ２１－１８－２５（２０）,m3,pref_area,29,奈良県,10地区,,,,JPY,design_unit_price_ex_tax,publication_based_not_public,,,2026-10,2026-10-01,nara-shizai-r8-10,16,https://www.pref.nara.lg.jp/documents/8708/r0810nara_materialprice.pdf,restricted,11f962d2f850,原本で『○＝刊行物単価使用』。県は規格だけを載せ、単価は載せていない(市販の物価資料の値)。公的に公開された値は存在しない。
e57a315d5ca96dfd,JP,material,生コンクリート・モルタル,生コンクリート,普通(小型車) ２１－１８－２５（２０）,m3,pref_area,29,奈良県,11地区,,,,JPY,design_unit_price_ex_tax,published_restricted_not_copied,,,2026-10,2026-10-01,nara-shizai-r8-10,16,https://www.pref.nara.lg.jp/documents/8708/r0810nara_materialprice.pdf,restricted,11f962d2f850,県が独自調査で値を載せている。利用条件が私的使用・引用のみのため値は写していない。原本を見ること。
e38d965c5cd713ce,JP,material,生コンクリート・モルタル,生コンクリート,普通(小型車) ２４－８－２５（２０）,m3,pref_area,29,奈良県,1地区,,,,JPY,design_unit_price_ex_tax,publication_based_not_public,,,2026-10,2026-10-01,nara-shizai-r8-10,16,https://www.pref.nara.lg.jp/documents/8708/r0810nara_materialprice.pdf,restricted,5dfc925a0830,原本で『○＝刊行物単価使用』。県は規格だけを載せ、単価は載せていない(市販の物価資料の値)。公的に公開された値は存在しない。
a44e24ea1452237a,JP,material,生コンクリート・モルタル,生コンクリート,普通(小型車) ２４－８－２５（２０）,m3,pref_area,29,奈良県,2地区,,,,JPY,design_unit_price_ex_tax,publication_based_not_public,,,2026-10,2026-10-01,nara-shizai-r8-10,16,https://www.pref.nara.lg.jp/documents/8708/r0810nara_materialprice.pdf,restricted,5dfc925a0830,原本で『○＝刊行物単価使用』。県は規格だけを載せ、単価は載せていない(市販の物価資料の値)。公的に公開された値は存在しない。
9ba324b60428b287,JP,material,生コンクリート・モルタル,生コンクリート,普通(小型車) ２４－８－２５（２０）,m3,pref_area,29,奈良県,3地区,,,,JPY,design_unit_price_ex_tax,publication_based_not_public,,,2026-10,2026-10-01,nara-shizai-r8-10,16,https://www.pref.nara.lg.jp/documents/8708/r0810nara_materialprice.pdf,restricted,5dfc925a0830,原本で『○＝刊行物単価使用』。県は規格だけを載せ、単価は載せていない(市販の物価資料の値)。公的に公開された値は存在しない。
6b9f185ec80c7bc9,JP,material,生コンクリート・モルタル,生コンクリート,普通(小型車) ２４－８－２５（２０）,m3,pref_area,29,奈良県,4地区,,,,JPY,design_unit_price_ex_tax,publication_based_not_public,,,2026-10,2026-10-01,nara-shizai-r8-10,16,https://www.pref.nara.lg.jp/documents/8708/r0810nara_materialprice.pdf,restricted,5dfc925a0830,原本で『○＝刊行物単価使用』。県は規格だけを載せ、単価は載せていない(市販の物価資料の値)。公的に公開された値は存在しない。
011afb7422de4ee4,JP,material,生コンクリート・モルタル,生コンクリート,普通(小型車) ２４－８－２５（２０）,m3,pref_area,29,奈良県,5地区,,,,JPY,design_unit_price_ex_tax,published_restricted_not_copied,,,2026-10,2026-10-01,nara-shizai-r8-10,16,https://www.pref.nara.lg.jp/documents/8708/r0810nara_materialprice.pdf,restricted,5dfc925a0830,県が独自調査で値を載せている。利用条件が私的使用・引用のみのため値は写していない。原本を見ること。
c4620be4bf44f566,JP,material,生コンクリート・モルタル,生コンクリート,普通(小型車) ２４－８－２５（２０）,m3,pref_area,29,奈良県,6地区,,,,JPY,design_unit_price_ex_tax,publication_based_not_public,,,2026-10,2026-10-01,nara-shizai-r8-10,16,https://www.pref.nara.lg.jp/documents/8708/r0810nara_materialprice.pdf,restricted,5dfc925a0830,原本で『○＝刊行物単価使用』。県は規格だけを載せ、単価は載せていない(市販の物価資料の値)。公的に公開された値は存在しない。
9e93b39349c70860,JP,material,生コンクリート・モルタル,生コンクリート,普通(小型車) ２４－８－２５（２０）,m3,pref_area,29,奈良県,7地区,,,,JPY,design_unit_price_ex_tax,published_restricted_not_copied,,,2026-10,2026-10-01,nara-shizai-r8-10,16,https://www.pref.nara.lg.jp/documents/8708/r0810nara_materialprice.pdf,restricted,5dfc925a0830,県が独自調査で値を載せている。利用条件が私的使用・引用のみのため値は写していない。原本を見ること。
b19ef65ce4bafc80,JP,material,生コンクリート・モルタル,生コンクリート,普通(小型車) ２４－８－２５（２０）,m3,pref_area,29,奈良県,8地区,,,,JPY,design_unit_price_ex_tax,publication_based_not_public,,,2026-10,2026-10-01,nara-shizai-r8-10,16,https://www.pref.nara.lg.jp/documents/8708/r0810nara_materialprice.pdf,restricted,5dfc925a0830,原本で『○＝刊行物単価使用』。県は規格だけを載せ、単価は載せていない(市販の物価資料の値)。公的に公開された値は存在しない。
eb5db61ab3ec0444,JP,material,生コンクリート・モルタル,生コンクリート,普通(小型車) ２４－８－２５（２０）,m3,pref_area,29,奈良県,9地区,,,,JPY,design_unit_price_ex_tax,publication_based_not_public,,,2026-10,2026-10-01,nara-shizai-r8-10,16,https://www.pref.nara.lg.jp/documents/8708/r0810nara_materialprice.pdf,restricted,5dfc925a0830,原本で『○＝刊行物単価使用』。県は規格だけを載せ、単価は載せていない(市販の物価資料の値)。公的に公開された値は存在しない。
3266d5bde709ef59,JP,material,生コンクリート・モルタル,生コンクリート,普通(小型車) ２４－８－２５（２０）,m3,pref_area,29,奈良県,10地区,,,,JPY,design_unit_price_ex_tax,publication_based_not_public,,,2026-10,2026-10-01,nara-shizai-r8-10,16,https://www.pref.nara.lg.jp/documents/8708/r0810nara_materialprice.pdf,restricted,5dfc925a0830,原本で『○＝刊行物単価使用』。県は規格だけを載せ、単価は載せていない(市販の物価資料の値)。公的に公開された値は存在しない。
4f56f1b72bab08a0,JP,material,生コンクリート・モルタル,生コンクリート,普通(小型車) ２４－８－２５（２０）,m3,pref_area,29,奈良県,11地区,,,,JPY,design_unit_price_ex_tax,published_restricted_not_copied,,,2026-10,2026-10-01,nara-shizai-r8-10,16,https://www.pref.nara.lg.jp/documents/8708/r0810nara_materialprice.pdf,restricted,5dfc925a0830,県が独自調査で値を載せている。利用条件が私的使用・引用のみのため値は写していない。原本を見ること。
069c39ff033c21a6,JP,material,生コンクリート・モルタル,生コンクリート,普通(小型車) ２７－８－２５（２０）,m3,pref_area,29,奈良県,1地区,,,,JPY,design_unit_price_ex_tax,publication_based_not_public,,,2026-10,2026-10-01,nara-shizai-r8-10,16,https://www.pref.nara.lg.jp/documents/8708/r0810nara_materialprice.pdf,restricted,c09c8af3d46f,原本で『○＝刊行物単価使用』。県は規格だけを載せ、単価は載せていない(市販の物価資料の値)。公的に公開された値は存在しない。
4a03d4ad5edc9259,JP,material,生コンクリート・モルタル,生コンクリート,普通(小型車) ２７－８－２５（２０）,m3,pref_area,29,奈良県,2地区,,,,JPY,design_unit_price_ex_tax,publication_based_not_public,,,2026-10,2026-10-01,nara-shizai-r8-10,16,https://www.pref.nara.lg.jp/documents/8708/r0810nara_materialprice.pdf,restricted,c09c8af3d46f,原本で『○＝刊行物単価使用』。県は規格だけを載せ、単価は載せていない(市販の物価資料の値)。公的に公開された値は存在しない。
cb89859197b40289,JP,material,生コンクリート・モルタル,生コンクリート,普通(小型車) ２７－８－２５（２０）,m3,pref_area,29,奈良県,3地区,,,,JPY,design_unit_price_ex_tax,publication_based_not_public,,,2026-10,2026-10-01,nara-shizai-r8-10,16,https://www.pref.nara.lg.jp/documents/8708/r0810nara_materialprice.pdf,restricted,c09c8af3d46f,原本で『○＝刊行物単価使用』。県は規格だけを載せ、単価は載せていない(市販の物価資料の値)。公的に公開された値は存在しない。
ac55d6be8810efe2,JP,material,生コンクリート・モルタル,生コンクリート,普通(小型車) ２７－８－２５（２０）,m3,pref_area,29,奈良県,4地区,,,,JPY,design_unit_price_ex_tax,publication_based_not_public,,,2026-10,2026-10-01,nara-shizai-r8-10,16,https://www.pref.nara.lg.jp/documents/8708/r0810nara_materialprice.pdf,restricted,c09c8af3d46f,原本で『○＝刊行物単価使用』。県は規格だけを載せ、単価は載せていない(市販の物価資料の値)。公的に公開された値は存在しない。
60d2fd84400a5ee7,JP,material,生コンクリート・モルタル,生コンクリート,普通(小型車) ２７－８－２５（２０）,m3,pref_area,29,奈良県,5地区,,,,JPY,design_unit_price_ex_tax,published_restricted_not_copied,,,2026-10,2026-10-01,nara-shizai-r8-10,16,https://www.pref.nara.lg.jp/documents/8708/r0810nara_materialprice.pdf,restricted,c09c8af3d46f,県が独自調査で値を載せている。利用条件が私的使用・引用のみのため値は写していない。原本を見ること。
590bd58a7615562b,JP,material,生コンクリート・モルタル,生コンクリート,普通(小型車) ２７－８－２５（２０）,m3,pref_area,29,奈良県,6地区,,,,JPY,design_unit_price_ex_tax,publication_based_not_public,,,2026-10,2026-10-01,nara-shizai-r8-10,16,https://www.pref.nara.lg.jp/documents/8708/r0810nara_materialprice.pdf,restricted,c09c8af3d46f,原本で『○＝刊行物単価使用』。県は規格だけを載せ、単価は載せていない(市販の物価資料の値)。公的に公開された値は存在しない。
90601abc9b8c3cbe,JP,material,生コンクリート・モルタル,生コンクリート,普通(小型車) ２７－８－２５（２０）,m3,pref_area,29,奈良県,7地区,,,,JPY,design_unit_price_ex_tax,published_restricted_not_copied,,,2026-10,2026-10-01,nara-shizai-r8-10,16,https://www.pref.nara.lg.jp/documents/8708/r0810nara_materialprice.pdf,restricted,c09c8af3d46f,県が独自調査で値を載せている。利用条件が私的使用・引用のみのため値は写していない。原本を見ること。
0ab53b6d16bd2446,JP,material,生コンクリート・モルタル,生コンクリート,普通(小型車) ２７－８－２５（２０）,m3,pref_area,29,奈良県,8地区,,,,JPY,design_unit_price_ex_tax,publication_based_not_public,,,2026-10,2026-10-01,nara-shizai-r8-10,16,https://www.pref.nara.lg.jp/documents/8708/r0810nara_materialprice.pdf,restricted,c09c8af3d46f,原本で『○＝刊行物単価使用』。県は規格だけを載せ、単価は載せていない(市販の物価資料の値)。公的に公開された値は存在しない。
a2481b4f5418fd65,JP,material,生コンクリート・モルタル,生コンクリート,普通(小型車) ２７－８－２５（２０）,m3,pref_area,29,奈良県,9地区,,,,JPY,design_unit_price_ex_tax,publication_based_not_public,,,2026-10,2026-10-01,nara-shizai-r8-10,16,https://www.pref.nara.lg.jp/documents/8708/r0810nara_materialprice.pdf,restricted,c09c8af3d46f,原本で『○＝刊行物単価使用』。県は規格だけを載せ、単価は載せていない(市販の物価資料の値)。公的に公開された値は存在しない。
dcaa2c12c4e7d63e,JP,material,生コンクリート・モルタル,生コンクリート,普通(小型車) ２７－８－２５（２０）,m3,pref_area,29,奈良県,10地区,,,,JPY,design_unit_price_ex_tax,publication_based_not_public,,,2026-10,2026-10-01,nara-shizai-r8-10,16,https://www.pref.nara.lg.jp/documents/8708/r0810nara_materialprice.pdf,restricted,c09c8af3d46f,原本で『○＝刊行物単価使用』。県は規格だけを載せ、単価は載せていない(市販の物価資料の値)。公的に公開された値は存在しない。
576a67b7c6952e76,JP,material,生コンクリート・モルタル,生コンクリート,普通(小型車) ２７－８－２５（２０）,m3,pref_area,29,奈良県,11地区,,,,JPY,design_unit_price_ex_tax,published_restricted_not_copied,,,2026-10,2026-10-01,nara-shizai-r8-10,16,https://www.pref.nara.lg.jp/documents/8708/r0810nara_materialprice.pdf,restricted,c09c8af3d46f,県が独自調査で値を載せている。利用条件が私的使用・引用のみのため値は写していない。原本を見ること。
5a4e22945b736e43,JP,material,生コンクリート・モルタル,生コンクリート,普通(小型車) ３０－８－２５（２０）,m3,pref_area,29,奈良県,1地区,,,,JPY,design_unit_price_ex_tax,publication_based_not_public,,,2026-10,2026-10-01,nara-shizai-r8-10,16,https://www.pref.nara.lg.jp/documents/8708/r0810nara_materialprice.pdf,restricted,5d7a8b71dcb1,原本で『○＝刊行物単価使用』。県は規格だけを載せ、単価は載せていない(市販の物価資料の値)。公的に公開された値は存在しない。
6059ae2b87e3098d,JP,material,生コンクリート・モルタル,生コンクリート,普通(小型車) ３０－８－２５（２０）,m3,pref_area,29,奈良県,2地区,,,,JPY,design_unit_price_ex_tax,publication_based_not_public,,,2026-10,2026-10-01,nara-shizai-r8-10,16,https://www.pref.nara.lg.jp/documents/8708/r0810nara_materialprice.pdf,restricted,5d7a8b71dcb1,原本で『○＝刊行物単価使用』。県は規格だけを載せ、単価は載せていない(市販の物価資料の値)。公的に公開された値は存在しない。
011e0793dede03d9,JP,material,生コンクリート・モルタル,生コンクリート,普通(小型車) ３０－８－２５（２０）,m3,pref_area,29,奈良県,3地区,,,,JPY,design_unit_price_ex_tax,publication_based_not_public,,,2026-10,2026-10-01,nara-shizai-r8-10,16,https://www.pref.nara.lg.jp/documents/8708/r0810nara_materialprice.pdf,restricted,5d7a8b71dcb1,原本で『○＝刊行物単価使用』。県は規格だけを載せ、単価は載せていない(市販の物価資料の値)。公的に公開された値は存在しない。
6a0c7d7b678426ed,JP,material,生コンクリート・モルタル,生コンクリート,普通(小型車) ３０－８－２５（２０）,m3,pref_area,29,奈良県,4地区,,,,JPY,design_unit_price_ex_tax,publication_based_not_public,,,2026-10,2026-10-01,nara-shizai-r8-10,16,https://www.pref.nara.lg.jp/documents/8708/r0810nara_materialprice.pdf,restricted,5d7a8b71dcb1,原本で『○＝刊行物単価使用』。県は規格だけを載せ、単価は載せていない(市販の物価資料の値)。公的に公開された値は存在しない。
693e0c3f74dd5230,JP,material,生コンクリート・モルタル,生コンクリート,普通(小型車) ３０－８－２５（２０）,m3,pref_area,29,奈良県,5地区,,,,JPY,design_unit_price_ex_tax,published_restricted_not_copied,,,2026-10,2026-10-01,nara-shizai-r8-10,16,https://www.pref.nara.lg.jp/documents/8708/r0810nara_materialprice.pdf,restricted,5d7a8b71dcb1,県が独自調査で値を載せている。利用条件が私的使用・引用のみのため値は写していない。原本を見ること。
0ead81ff3a7d9f73,JP,material,生コンクリート・モルタル,生コンクリート,普通(小型車) ３０－８－２５（２０）,m3,pref_area,29,奈良県,6地区,,,,JPY,design_unit_price_ex_tax,publication_based_not_public,,,2026-10,2026-10-01,nara-shizai-r8-10,16,https://www.pref.nara.lg.jp/documents/8708/r0810nara_materialprice.pdf,restricted,5d7a8b71dcb1,原本で『○＝刊行物単価使用』。県は規格だけを載せ、単価は載せていない(市販の物価資料の値)。公的に公開された値は存在しない。
617bfab981cc680c,JP,material,生コンクリート・モルタル,生コンクリート,普通(小型車) ３０－８－２５（２０）,m3,pref_area,29,奈良県,7地区,,,,JPY,design_unit_price_ex_tax,published_restricted_not_copied,,,2026-10,2026-10-01,nara-shizai-r8-10,16,https://www.pref.nara.lg.jp/documents/8708/r0810nara_materialprice.pdf,restricted,5d7a8b71dcb1,県が独自調査で値を載せている。利用条件が私的使用・引用のみのため値は写していない。原本を見ること。
5552778590f94db6,JP,material,生コンクリート・モルタル,生コンクリート,普通(小型車) ３０－８－２５（２０）,m3,pref_area,29,奈良県,8地区,,,,JPY,design_unit_price_ex_tax,publication_based_not_public,,,2026-10,2026-10-01,nara-shizai-r8-10,16,https://www.pref.nara.lg.jp/documents/8708/r0810nara_materialprice.pdf,restricted,5d7a8b71dcb1,原本で『○＝刊行物単価使用』。県は規格だけを載せ、単価は載せていない(市販の物価資料の値)。公的に公開された値は存在しない。
e6fa5fb308b282b2,JP,material,生コンクリート・モルタル,生コンクリート,普通(小型車) ３０－８－２５（２０）,m3,pref_area,29,奈良県,9地区,,,,JPY,design_unit_price_ex_tax,publication_based_not_public,,,2026-10,2026-10-01,nara-shizai-r8-10,16,https://www.pref.nara.lg.jp/documents/8708/r0810nara_materialprice.pdf,restricted,5d7a8b71dcb1,原本で『○＝刊行物単価使用』。県は規格だけを載せ、単価は載せていない(市販の物価資料の値)。公的に公開された値は存在しない。
ed8c79ef5e1ae7b7,JP,material,生コンクリート・モルタル,生コンクリート,普通(小型車) ３０－８－２５（２０）,m3,pref_area,29,奈良県,10地区,,,,JPY,design_unit_price_ex_tax,publication_based_not_public,,,2026-10,2026-10-01,nara-shizai-r8-10,16,https://www.pref.nara.lg.jp/documents/8708/r0810nara_materialprice.pdf,restricted,5d7a8b71dcb1,原本で『○＝刊行物単価使用』。県は規格だけを載せ、単価は載せていない(市販の物価資料の値)。公的に公開された値は存在しない。
87bc89a8dedeeb7e,JP,material,生コンクリート・モルタル,生コンクリート,普通(小型車) ３０－８－２５（２０）,m3,pref_area,29,奈良県,11地区,,,,JPY,design_unit_price_ex_tax,published_restricted_not_copied,,,2026-10,2026-10-01,nara-shizai-r8-10,16,https://www.pref.nara.lg.jp/documents/8708/r0810nara_materialprice.pdf,restricted,5d7a8b71dcb1,県が独自調査で値を載せている。利用条件が私的使用・引用のみのため値は写していない。原本を見ること。
587f8ac33aca7980,JP,material,生コンクリート・モルタル,生コンクリート,普通(小型車) ３６－８－２５（２０）,m3,pref_area,29,奈良県,1地区,,,,JPY,design_unit_price_ex_tax,publication_based_not_public,,,2026-10,2026-10-01,nara-shizai-r8-10,16,https://www.pref.nara.lg.jp/documents/8708/r0810nara_materialprice.pdf,restricted,8cea3a955b3d,原本で『○＝刊行物単価使用』。県は規格だけを載せ、単価は載せていない(市販の物価資料の値)。公的に公開された値は存在しない。
cead9900f0819704,JP,material,生コンクリート・モルタル,生コンクリート,普通(小型車) ３６－８－２５（２０）,m3,pref_area,29,奈良県,2地区,,,,JPY,design_unit_price_ex_tax,publication_based_not_public,,,2026-10,2026-10-01,nara-shizai-r8-10,16,https://www.pref.nara.lg.jp/documents/8708/r0810nara_materialprice.pdf,restricted,8cea3a955b3d,原本で『○＝刊行物単価使用』。県は規格だけを載せ、単価は載せていない(市販の物価資料の値)。公的に公開された値は存在しない。
3355b16cfc16aaa8,JP,material,生コンクリート・モルタル,生コンクリート,普通(小型車) ３６－８－２５（２０）,m3,pref_area,29,奈良県,3地区,,,,JPY,design_unit_price_ex_tax,publication_based_not_public,,,2026-10,2026-10-01,nara-shizai-r8-10,16,https://www.pref.nara.lg.jp/documents/8708/r0810nara_materialprice.pdf,restricted,8cea3a955b3d,原本で『○＝刊行物単価使用』。県は規格だけを載せ、単価は載せていない(市販の物価資料の値)。公的に公開された値は存在しない。
5723d99f99347994,JP,material,生コンクリート・モルタル,生コンクリート,普通(小型車) ３６－８－２５（２０）,m3,pref_area,29,奈良県,4地区,,,,JPY,design_unit_price_ex_tax,publication_based_not_public,,,2026-10,2026-10-01,nara-shizai-r8-10,16,https://www.pref.nara.lg.jp/documents/8708/r0810nara_materialprice.pdf,restricted,8cea3a955b3d,原本で『○＝刊行物単価使用』。県は規格だけを載せ、単価は載せていない(市販の物価資料の値)。公的に公開された値は存在しない。
89dec25fd4e9f385,JP,material,生コンクリート・モルタル,生コンクリート,普通(小型車) ３６－８－２５（２０）,m3,pref_area,29,奈良県,5地区,,,,JPY,design_unit_price_ex_tax,published_restricted_not_copied,,,2026-10,2026-10-01,nara-shizai-r8-10,16,https://www.pref.nara.lg.jp/documents/8708/r0810nara_materialprice.pdf,restricted,8cea3a955b3d,県が独自調査で値を載せている。利用条件が私的使用・引用のみのため値は写していない。原本を見ること。
ca01a85b8a46878b,JP,material,生コンクリート・モルタル,生コンクリート,普通(小型車) ３６－８－２５（２０）,m3,pref_area,29,奈良県,6地区,,,,JPY,design_unit_price_ex_tax,publication_based_not_public,,,2026-10,2026-10-01,nara-shizai-r8-10,16,https://www.pref.nara.lg.jp/documents/8708/r0810nara_materialprice.pdf,restricted,8cea3a955b3d,原本で『○＝刊行物単価使用』。県は規格だけを載せ、単価は載せていない(市販の物価資料の値)。公的に公開された値は存在しない。
0ff46996a39531f2,JP,material,生コンクリート・モルタル,生コンクリート,普通(小型車) ３６－８－２５（２０）,m3,pref_area,29,奈良県,7地区,,,,JPY,design_unit_price_ex_tax,published_restricted_not_copied,,,2026-10,2026-10-01,nara-shizai-r8-10,16,https://www.pref.nara.lg.jp/documents/8708/r0810nara_materialprice.pdf,restricted,8cea3a955b3d,県が独自調査で値を載せている。利用条件が私的使用・引用のみのため値は写していない。原本を見ること。
e5effcc6312b87d1,JP,material,生コンクリート・モルタル,生コンクリート,普通(小型車) ３６－８－２５（２０）,m3,pref_area,29,奈良県,8地区,,,,JPY,design_unit_price_ex_tax,publication_based_not_public,,,2026-10,2026-10-01,nara-shizai-r8-10,16,https://www.pref.nara.lg.jp/documents/8708/r0810nara_materialprice.pdf,restricted,8cea3a955b3d,原本で『○＝刊行物単価使用』。県は規格だけを載せ、単価は載せていない(市販の物価資料の値)。公的に公開された値は存在しない。
6e26d7ce51dba92e,JP,material,生コンクリート・モルタル,生コンクリート,普通(小型車) ３６－８－２５（２０）,m3,pref_area,29,奈良県,9地区,,,,JPY,design_unit_price_ex_tax,publication_based_not_public,,,2026-10,2026-10-01,nara-shizai-r8-10,16,https://www.pref.nara.lg.jp/documents/8708/r0810nara_materialprice.pdf,restricted,8cea3a955b3d,原本で『○＝刊行物単価使用』。県は規格だけを載せ、単価は載せていない(市販の物価資料の値)。公的に公開された値は存在しない。
33300d99100d7356,JP,material,生コンクリート・モルタル,生コンクリート,普通(小型車) ３６－８－２５（２０）,m3,pref_area,29,奈良県,10地区,,,,JPY,design_unit_price_ex_tax,publication_based_not_public,,,2026-10,2026-10-01,nara-shizai-r8-10,16,https://www.pref.nara.lg.jp/documents/8708/r0810nara_materialprice.pdf,restricted,8cea3a955b3d,原本で『○＝刊行物単価使用』。県は規格だけを載せ、単価は載せていない(市販の物価資料の値)。公的に公開された値は存在しない。
827adc44ce4b9e67,JP,material,生コンクリート・モルタル,生コンクリート,普通(小型車) ３６－８－２５（２０）,m3,pref_area,29,奈良県,11地区,,,,JPY,design_unit_price_ex_tax,published_restricted_not_copied,,,2026-10,2026-10-01,nara-shizai-r8-10,16,https://www.pref.nara.lg.jp/documents/8708/r0810nara_materialprice.pdf,restricted,8cea3a955b3d,県が独自調査で値を載せている。利用条件が私的使用・引用のみのため値は写していない。原本を見ること。
6c4c58daf3e4d49d,JP,material,生コンクリート・モルタル,生コンクリート,普通(小型車) ４０－８－２５（２０）,m3,pref_area,29,奈良県,1地区,,,,JPY,design_unit_price_ex_tax,publication_based_not_public,,,2026-10,2026-10-01,nara-shizai-r8-10,16,https://www.pref.nara.lg.jp/documents/8708/r0810nara_materialprice.pdf,restricted,eaa44d65842f,原本で『○＝刊行物単価使用』。県は規格だけを載せ、単価は載せていない(市販の物価資料の値)。公的に公開された値は存在しない。
74741508d407d0e4,JP,material,生コンクリート・モルタル,生コンクリート,普通(小型車) ４０－８－２５（２０）,m3,pref_area,29,奈良県,2地区,,,,JPY,design_unit_price_ex_tax,publication_based_not_public,,,2026-10,2026-10-01,nara-shizai-r8-10,16,https://www.pref.nara.lg.jp/documents/8708/r0810nara_materialprice.pdf,restricted,eaa44d65842f,原本で『○＝刊行物単価使用』。県は規格だけを載せ、単価は載せていない(市販の物価資料の値)。公的に公開された値は存在しない。
d44ef5605becfb00,JP,material,生コンクリート・モルタル,生コンクリート,普通(小型車) ４０－８－２５（２０）,m3,pref_area,29,奈良県,3地区,,,,JPY,design_unit_price_ex_tax,publication_based_not_public,,,2026-10,2026-10-01,nara-shizai-r8-10,16,https://www.pref.nara.lg.jp/documents/8708/r0810nara_materialprice.pdf,restricted,eaa44d65842f,原本で『○＝刊行物単価使用』。県は規格だけを載せ、単価は載せていない(市販の物価資料の値)。公的に公開された値は存在しない。
53bb6ecfb85deab0,JP,material,生コンクリート・モルタル,生コンクリート,普通(小型車) ４０－８－２５（２０）,m3,pref_area,29,奈良県,4地区,,,,JPY,design_unit_price_ex_tax,publication_based_not_public,,,2026-10,2026-10-01,nara-shizai-r8-10,16,https://www.pref.nara.lg.jp/documents/8708/r0810nara_materialprice.pdf,restricted,eaa44d65842f,原本で『○＝刊行物単価使用』。県は規格だけを載せ、単価は載せていない(市販の物価資料の値)。公的に公開された値は存在しない。
bf4fe5233a0e49a7,JP,material,生コンクリート・モルタル,生コンクリート,普通(小型車) ４０－８－２５（２０）,m3,pref_area,29,奈良県,5地区,,,,JPY,design_unit_price_ex_tax,published_restricted_not_copied,,,2026-10,2026-10-01,nara-shizai-r8-10,16,https://www.pref.nara.lg.jp/documents/8708/r0810nara_materialprice.pdf,restricted,eaa44d65842f,県が独自調査で値を載せている。利用条件が私的使用・引用のみのため値は写していない。原本を見ること。
e399e9a9289b6a41,JP,material,生コンクリート・モルタル,生コンクリート,普通(小型車) ４０－８－２５（２０）,m3,pref_area,29,奈良県,6地区,,,,JPY,design_unit_price_ex_tax,publication_based_not_public,,,2026-10,2026-10-01,nara-shizai-r8-10,16,https://www.pref.nara.lg.jp/documents/8708/r0810nara_materialprice.pdf,restricted,eaa44d65842f,原本で『○＝刊行物単価使用』。県は規格だけを載せ、単価は載せていない(市販の物価資料の値)。公的に公開された値は存在しない。
32ea8189b305fe75,JP,material,生コンクリート・モルタル,生コンクリート,普通(小型車) ４０－８－２５（２０）,m3,pref_area,29,奈良県,7地区,,,,JPY,design_unit_price_ex_tax,published_restricted_not_copied,,,2026-10,2026-10-01,nara-shizai-r8-10,16,https://www.pref.nara.lg.jp/documents/8708/r0810nara_materialprice.pdf,restricted,eaa44d65842f,県が独自調査で値を載せている。利用条件が私的使用・引用のみのため値は写していない。原本を見ること。
ed0197ec6cef7196,JP,material,生コンクリート・モルタル,生コンクリート,普通(小型車) ４０－８－２５（２０）,m3,pref_area,29,奈良県,8地区,,,,JPY,design_unit_price_ex_tax,publication_based_not_public,,,2026-10,2026-10-01,nara-shizai-r8-10,16,https://www.pref.nara.lg.jp/documents/8708/r0810nara_materialprice.pdf,restricted,eaa44d65842f,原本で『○＝刊行物単価使用』。県は規格だけを載せ、単価は載せていない(市販の物価資料の値)。公的に公開された値は存在しない。
594d83fccf077184,JP,material,生コンクリート・モルタル,生コンクリート,普通(小型車) ４０－８－２５（２０）,m3,pref_area,29,奈良県,9地区,,,,JPY,design_unit_price_ex_tax,publication_based_not_public,,,2026-10,2026-10-01,nara-shizai-r8-10,16,https://www.pref.nara.lg.jp/documents/8708/r0810nara_materialprice.pdf,restricted,eaa44d65842f,原本で『○＝刊行物単価使用』。県は規格だけを載せ、単価は載せていない(市販の物価資料の値)。公的に公開された値は存在しない。
44d06eab001c1311,JP,material,生コンクリート・モルタル,生コンクリート,普通(小型車) ４０－８－２５（２０）,m3,pref_area,29,奈良県,10地区,,,,JPY,design_unit_price_ex_tax,publication_based_not_public,,,2026-10,2026-10-01,nara-shizai-r8-10,16,https://www.pref.nara.lg.jp/documents/8708/r0810nara_materialprice.pdf,restricted,eaa44d65842f,原本で『○＝刊行物単価使用』。県は規格だけを載せ、単価は載せていない(市販の物価資料の値)。公的に公開された値は存在しない。
7f406df62981844a,JP,material,生コンクリート・モルタル,生コンクリート,普通(小型車) ４０－８－２５（２０）,m3,pref_area,29,奈良県,11地区,,,,JPY,design_unit_price_ex_tax,published_restricted_not_copied,,,2026-10,2026-10-01,nara-shizai-r8-10,16,https://www.pref.nara.lg.jp/documents/8708/r0810nara_materialprice.pdf,restricted,eaa44d65842f,県が独自調査で値を載せている。利用条件が私的使用・引用のみのため値は写していない。原本を見ること。
409077d79732c7fc,JP,material,生コンクリート・モルタル,生コンクリート,普通(小型車) １８－５－４０,m3,pref_area,29,奈良県,1地区,,,,JPY,design_unit_price_ex_tax,publication_based_not_public,,,2026-10,2026-10-01,nara-shizai-r8-10,16,https://www.pref.nara.lg.jp/documents/8708/r0810nara_materialprice.pdf,restricted,a33795d1a529,原本で『○＝刊行物単価使用』。県は規格だけを載せ、単価は載せていない(市販の物価資料の値)。公的に公開された値は存在しない。
6f72522b60f163f4,JP,material,生コンクリート・モルタル,生コンクリート,普通(小型車) １８－５－４０,m3,pref_area,29,奈良県,2地区,,,,JPY,design_unit_price_ex_tax,publication_based_not_public,,,2026-10,2026-10-01,nara-shizai-r8-10,16,https://www.pref.nara.lg.jp/documents/8708/r0810nara_materialprice.pdf,restricted,a33795d1a529,原本で『○＝刊行物単価使用』。県は規格だけを載せ、単価は載せていない(市販の物価資料の値)。公的に公開された値は存在しない。
ef0f068164cdc773,JP,material,生コンクリート・モルタル,生コンクリート,普通(小型車) １８－５－４０,m3,pref_area,29,奈良県,3地区,,,,JPY,design_unit_price_ex_tax,publication_based_not_public,,,2026-10,2026-10-01,nara-shizai-r8-10,16,https://www.pref.nara.lg.jp/documents/8708/r0810nara_materialprice.pdf,restricted,a33795d1a529,原本で『○＝刊行物単価使用』。県は規格だけを載せ、単価は載せていない(市販の物価資料の値)。公的に公開された値は存在しない。
15b676e52fb50c21,JP,material,生コンクリート・モルタル,生コンクリート,普通(小型車) １８－５－４０,m3,pref_area,29,奈良県,4地区,,,,JPY,design_unit_price_ex_tax,publication_based_not_public,,,2026-10,2026-10-01,nara-shizai-r8-10,16,https://www.pref.nara.lg.jp/documents/8708/r0810nara_materialprice.pdf,restricted,a33795d1a529,原本で『○＝刊行物単価使用』。県は規格だけを載せ、単価は載せていない(市販の物価資料の値)。公的に公開された値は存在しない。
f479ea774262fde5,JP,material,生コンクリート・モルタル,生コンクリート,普通(小型車) １８－５－４０,m3,pref_area,29,奈良県,5地区,,,,JPY,design_unit_price_ex_tax,published_restricted_not_copied,,,2026-10,2026-10-01,nara-shizai-r8-10,16,https://www.pref.nara.lg.jp/documents/8708/r0810nara_materialprice.pdf,restricted,a33795d1a529,県が独自調査で値を載せている。利用条件が私的使用・引用のみのため値は写していない。原本を見ること。
9b876bee5fd2a9fa,JP,material,生コンクリート・モルタル,生コンクリート,普通(小型車) １８－５－４０,m3,pref_area,29,奈良県,6地区,,,,JPY,design_unit_price_ex_tax,publication_based_not_public,,,2026-10,2026-10-01,nara-shizai-r8-10,16,https://www.pref.nara.lg.jp/documents/8708/r0810nara_materialprice.pdf,restricted,a33795d1a529,原本で『○＝刊行物単価使用』。県は規格だけを載せ、単価は載せていない(市販の物価資料の値)。公的に公開された値は存在しない。
612993d5834beded,JP,material,生コンクリート・モルタル,生コンクリート,普通(小型車) １８－５－４０,m3,pref_area,29,奈良県,7地区,,,,JPY,design_unit_price_ex_tax,published_restricted_not_copied,,,2026-10,2026-10-01,nara-shizai-r8-10,16,https://www.pref.nara.lg.jp/documents/8708/r0810nara_materialprice.pdf,restricted,a33795d1a529,県が独自調査で値を載せている。利用条件が私的使用・引用のみのため値は写していない。原本を見ること。
6cf526d79bda0430,JP,material,生コンクリート・モルタル,生コンクリート,普通(小型車) １８－５－４０,m3,pref_area,29,奈良県,8地区,,,,JPY,design_unit_price_ex_tax,publication_based_not_public,,,2026-10,2026-10-01,nara-shizai-r8-10,16,https://www.pref.nara.lg.jp/documents/8708/r0810nara_materialprice.pdf,restricted,a33795d1a529,原本で『○＝刊行物単価使用』。県は規格だけを載せ、単価は載せていない(市販の物価資料の値)。公的に公開された値は存在しない。
99ab4e6a29421363,JP,material,生コンクリート・モルタル,生コンクリート,普通(小型車) １８－５－４０,m3,pref_area,29,奈良県,9地区,,,,JPY,design_unit_price_ex_tax,publication_based_not_public,,,2026-10,2026-10-01,nara-shizai-r8-10,16,https://www.pref.nara.lg.jp/documents/8708/r0810nara_materialprice.pdf,restricted,a33795d1a529,原本で『○＝刊行物単価使用』。県は規格だけを載せ、単価は載せていない(市販の物価資料の値)。公的に公開された値は存在しない。
2902491685f5bc30,JP,material,生コンクリート・モルタル,生コンクリート,普通(小型車) １８－５－４０,m3,pref_area,29,奈良県,10地区,,,,JPY,design_unit_price_ex_tax,publication_based_not_public,,,2026-10,2026-10-01,nara-shizai-r8-10,16,https://www.pref.nara.lg.jp/documents/8708/r0810nara_materialprice.pdf,restricted,a33795d1a529,原本で『○＝刊行物単価使用』。県は規格だけを載せ、単価は載せていない(市販の物価資料の値)。公的に公開された値は存在しない。
c8530ff19eeb21e2,JP,material,生コンクリート・モルタル,生コンクリート,普通(小型車) １８－５－４０,m3,pref_area,29,奈良県,11地区,,,,JPY,design_unit_price_ex_tax,published_restricted_not_copied,,,2026-10,2026-10-01,nara-shizai-r8-10,16,https://www.pref.nara.lg.jp/documents/8708/r0810nara_materialprice.pdf,restricted,a33795d1a529,県が独自調査で値を載せている。利用条件が私的使用・引用のみのため値は写していない。原本を見ること。
c6d3bc8f6fb9bb20,JP,material,生コンクリート・モルタル,生コンクリート,普通(小型車) １８－８－４０,m3,pref_area,29,奈良県,1地区,,,,JPY,design_unit_price_ex_tax,publication_based_not_public,,,2026-10,2026-10-01,nara-shizai-r8-10,16,https://www.pref.nara.lg.jp/documents/8708/r0810nara_materialprice.pdf,restricted,5700531b9eac,原本で『○＝刊行物単価使用』。県は規格だけを載せ、単価は載せていない(市販の物価資料の値)。公的に公開された値は存在しない。
c263eb4cd590c8ed,JP,material,生コンクリート・モルタル,生コンクリート,普通(小型車) １８－８－４０,m3,pref_area,29,奈良県,2地区,,,,JPY,design_unit_price_ex_tax,publication_based_not_public,,,2026-10,2026-10-01,nara-shizai-r8-10,16,https://www.pref.nara.lg.jp/documents/8708/r0810nara_materialprice.pdf,restricted,5700531b9eac,原本で『○＝刊行物単価使用』。県は規格だけを載せ、単価は載せていない(市販の物価資料の値)。公的に公開された値は存在しない。
2eedfa500ccc27d3,JP,material,生コンクリート・モルタル,生コンクリート,普通(小型車) １８－８－４０,m3,pref_area,29,奈良県,3地区,,,,JPY,design_unit_price_ex_tax,publication_based_not_public,,,2026-10,2026-10-01,nara-shizai-r8-10,16,https://www.pref.nara.lg.jp/documents/8708/r0810nara_materialprice.pdf,restricted,5700531b9eac,原本で『○＝刊行物単価使用』。県は規格だけを載せ、単価は載せていない(市販の物価資料の値)。公的に公開された値は存在しない。
025871f13e487c5b,JP,material,生コンクリート・モルタル,生コンクリート,普通(小型車) １８－８－４０,m3,pref_area,29,奈良県,4地区,,,,JPY,design_unit_price_ex_tax,publication_based_not_public,,,2026-10,2026-10-01,nara-shizai-r8-10,16,https://www.pref.nara.lg.jp/documents/8708/r0810nara_materialprice.pdf,restricted,5700531b9eac,原本で『○＝刊行物単価使用』。県は規格だけを載せ、単価は載せていない(市販の物価資料の値)。公的に公開された値は存在しない。
cc77b726be85aaf9,JP,material,生コンクリート・モルタル,生コンクリート,普通(小型車) １８－８－４０,m3,pref_area,29,奈良県,5地区,,,,JPY,design_unit_price_ex_tax,published_restricted_not_copied,,,2026-10,2026-10-01,nara-shizai-r8-10,16,https://www.pref.nara.lg.jp/documents/8708/r0810nara_materialprice.pdf,restricted,5700531b9eac,県が独自調査で値を載せている。利用条件が私的使用・引用のみのため値は写していない。原本を見ること。
7f07286ba190454d,JP,material,生コンクリート・モルタル,生コンクリート,普通(小型車) １８－８－４０,m3,pref_area,29,奈良県,6地区,,,,JPY,design_unit_price_ex_tax,publication_based_not_public,,,2026-10,2026-10-01,nara-shizai-r8-10,16,https://www.pref.nara.lg.jp/documents/8708/r0810nara_materialprice.pdf,restricted,5700531b9eac,原本で『○＝刊行物単価使用』。県は規格だけを載せ、単価は載せていない(市販の物価資料の値)。公的に公開された値は存在しない。
46526e8f3246f1e4,JP,material,生コンクリート・モルタル,生コンクリート,普通(小型車) １８－８－４０,m3,pref_area,29,奈良県,7地区,,,,JPY,design_unit_price_ex_tax,published_restricted_not_copied,,,2026-10,2026-10-01,nara-shizai-r8-10,16,https://www.pref.nara.lg.jp/documents/8708/r0810nara_materialprice.pdf,restricted,5700531b9eac,県が独自調査で値を載せている。利用条件が私的使用・引用のみのため値は写していない。原本を見ること。
dd3ddd9f86bb8c20,JP,material,生コンクリート・モルタル,生コンクリート,普通(小型車) １８－８－４０,m3,pref_area,29,奈良県,8地区,,,,JPY,design_unit_price_ex_tax,publication_based_not_public,,,2026-10,2026-10-01,nara-shizai-r8-10,16,https://www.pref.nara.lg.jp/documents/8708/r0810nara_materialprice.pdf,restricted,5700531b9eac,原本で『○＝刊行物単価使用』。県は規格だけを載せ、単価は載せていない(市販の物価資料の値)。公的に公開された値は存在しない。
28647b946d18642f,JP,material,生コンクリート・モルタル,生コンクリート,普通(小型車) １８－８－４０,m3,pref_area,29,奈良県,9地区,,,,JPY,design_unit_price_ex_tax,publication_based_not_public,,,2026-10,2026-10-01,nara-shizai-r8-10,16,https://www.pref.nara.lg.jp/documents/8708/r0810nara_materialprice.pdf,restricted,5700531b9eac,原本で『○＝刊行物単価使用』。県は規格だけを載せ、単価は載せていない(市販の物価資料の値)。公的に公開された値は存在しない。
1318b17de0d74253,JP,material,生コンクリート・モルタル,生コンクリート,普通(小型車) １８－８－４０,m3,pref_area,29,奈良県,10地区,,,,JPY,design_unit_price_ex_tax,publication_based_not_public,,,2026-10,2026-10-01,nara-shizai-r8-10,16,https://www.pref.nara.lg.jp/documents/8708/r0810nara_materialprice.pdf,restricted,5700531b9eac,原本で『○＝刊行物単価使用』。県は規格だけを載せ、単価は載せていない(市販の物価資料の値)。公的に公開された値は存在しない。
8383e7641b315417,JP,material,生コンクリート・モルタル,生コンクリート,普通(小型車) １８－８－４０,m3,pref_area,29,奈良県,11地区,,,,JPY,design_unit_price_ex_tax,published_restricted_not_copied,,,2026-10,2026-10-01,nara-shizai-r8-10,16,https://www.pref.nara.lg.jp/documents/8708/r0810nara_materialprice.pdf,restricted,5700531b9eac,県が独自調査で値を載せている。利用条件が私的使用・引用のみのため値は写していない。原本を見ること。
11cdbd18996e78cc,JP,material,生コンクリート・モルタル,生コンクリート,普通(小型車) １８－１２－４０,m3,pref_area,29,奈良県,1地区,,,,JPY,design_unit_price_ex_tax,publication_based_not_public,,,2026-10,2026-10-01,nara-shizai-r8-10,16,https://www.pref.nara.lg.jp/documents/8708/r0810nara_materialprice.pdf,restricted,0b63752f7807,原本で『○＝刊行物単価使用』。県は規格だけを載せ、単価は載せていない(市販の物価資料の値)。公的に公開された値は存在しない。
afcd3d276c7ea9fc,JP,material,生コンクリート・モルタル,生コンクリート,普通(小型車) １８－１２－４０,m3,pref_area,29,奈良県,2地区,,,,JPY,design_unit_price_ex_tax,publication_based_not_public,,,2026-10,2026-10-01,nara-shizai-r8-10,16,https://www.pref.nara.lg.jp/documents/8708/r0810nara_materialprice.pdf,restricted,0b63752f7807,原本で『○＝刊行物単価使用』。県は規格だけを載せ、単価は載せていない(市販の物価資料の値)。公的に公開された値は存在しない。
d46cb6768bc34309,JP,material,生コンクリート・モルタル,生コンクリート,普通(小型車) １８－１２－４０,m3,pref_area,29,奈良県,3地区,,,,JPY,design_unit_price_ex_tax,publication_based_not_public,,,2026-10,2026-10-01,nara-shizai-r8-10,16,https://www.pref.nara.lg.jp/documents/8708/r0810nara_materialprice.pdf,restricted,0b63752f7807,原本で『○＝刊行物単価使用』。県は規格だけを載せ、単価は載せていない(市販の物価資料の値)。公的に公開された値は存在しない。
f4bcffcea3ff6a15,JP,material,生コンクリート・モルタル,生コンクリート,普通(小型車) １８－１２－４０,m3,pref_area,29,奈良県,4地区,,,,JPY,design_unit_price_ex_tax,publication_based_not_public,,,2026-10,2026-10-01,nara-shizai-r8-10,16,https://www.pref.nara.lg.jp/documents/8708/r0810nara_materialprice.pdf,restricted,0b63752f7807,原本で『○＝刊行物単価使用』。県は規格だけを載せ、単価は載せていない(市販の物価資料の値)。公的に公開された値は存在しない。
8c985de4f7be7033,JP,material,生コンクリート・モルタル,生コンクリート,普通(小型車) １８－１２－４０,m3,pref_area,29,奈良県,5地区,,,,JPY,design_unit_price_ex_tax,published_restricted_not_copied,,,2026-10,2026-10-01,nara-shizai-r8-10,16,https://www.pref.nara.lg.jp/documents/8708/r0810nara_materialprice.pdf,restricted,0b63752f7807,県が独自調査で値を載せている。利用条件が私的使用・引用のみのため値は写していない。原本を見ること。
d78aad871ce1b4f8,JP,material,生コンクリート・モルタル,生コンクリート,普通(小型車) １８－１２－４０,m3,pref_area,29,奈良県,6地区,,,,JPY,design_unit_price_ex_tax,publication_based_not_public,,,2026-10,2026-10-01,nara-shizai-r8-10,16,https://www.pref.nara.lg.jp/documents/8708/r0810nara_materialprice.pdf,restricted,0b63752f7807,原本で『○＝刊行物単価使用』。県は規格だけを載せ、単価は載せていない(市販の物価資料の値)。公的に公開された値は存在しない。
652a214e42de604e,JP,material,生コンクリート・モルタル,生コンクリート,普通(小型車) １８－１２－４０,m3,pref_area,29,奈良県,7地区,,,,JPY,design_unit_price_ex_tax,published_restricted_not_copied,,,2026-10,2026-10-01,nara-shizai-r8-10,16,https://www.pref.nara.lg.jp/documents/8708/r0810nara_materialprice.pdf,restricted,0b63752f7807,県が独自調査で値を載せている。利用条件が私的使用・引用のみのため値は写していない。原本を見ること。
1c9f55493d65c726,JP,material,生コンクリート・モルタル,生コンクリート,普通(小型車) １８－１２－４０,m3,pref_area,29,奈良県,8地区,,,,JPY,design_unit_price_ex_tax,publication_based_not_public,,,2026-10,2026-10-01,nara-shizai-r8-10,16,https://www.pref.nara.lg.jp/documents/8708/r0810nara_materialprice.pdf,restricted,0b63752f7807,原本で『○＝刊行物単価使用』。県は規格だけを載せ、単価は載せていない(市販の物価資料の値)。公的に公開された値は存在しない。
f2613df6516a2562,JP,material,生コンクリート・モルタル,生コンクリート,普通(小型車) １８－１２－４０,m3,pref_area,29,奈良県,9地区,,,,JPY,design_unit_price_ex_tax,publication_based_not_public,,,2026-10,2026-10-01,nara-shizai-r8-10,16,https://www.pref.nara.lg.jp/documents/8708/r0810nara_materialprice.pdf,restricted,0b63752f7807,原本で『○＝刊行物単価使用』。県は規格だけを載せ、単価は載せていない(市販の物価資料の値)。公的に公開された値は存在しない。
1ca7e2f234028ee0,JP,material,生コンクリート・モルタル,生コンクリート,普通(小型車) １８－１２－４０,m3,pref_area,29,奈良県,10地区,,,,JPY,design_unit_price_ex_tax,publication_based_not_public,,,2026-10,2026-10-01,nara-shizai-r8-10,16,https://www.pref.nara.lg.jp/documents/8708/r0810nara_materialprice.pdf,restricted,0b63752f7807,原本で『○＝刊行物単価使用』。県は規格だけを載せ、単価は載せていない(市販の物価資料の値)。公的に公開された値は存在しない。
bdde00731c9d1f37,JP,material,生コンクリート・モルタル,生コンクリート,普通(小型車) １８－１２－４０,m3,pref_area,29,奈良県,11地区,,,,JPY,design_unit_price_ex_tax,published_restricted_not_copied,,,2026-10,2026-10-01,nara-shizai-r8-10,16,https://www.pref.nara.lg.jp/documents/8708/r0810nara_materialprice.pdf,restricted,0b63752f7807,県が独自調査で値を載せている。利用条件が私的使用・引用のみのため値は写していない。原本を見ること。
0ab047200cd0231f,JP,material,生コンクリート・モルタル,生コンクリート,普通(小型車) ２１－５－４０,m3,pref_area,29,奈良県,1地区,,,,JPY,design_unit_price_ex_tax,published_restricted_not_copied,,,2026-10,2026-10-01,nara-shizai-r8-10,16,https://www.pref.nara.lg.jp/documents/8708/r0810nara_materialprice.pdf,restricted,0e0455b760e8,県が独自調査で値を載せている。利用条件が私的使用・引用のみのため値は写していない。原本を見ること。
b23913735ca9b074,JP,material,生コンクリート・モルタル,生コンクリート,普通(小型車) ２１－５－４０,m3,pref_area,29,奈良県,2地区,,,,JPY,design_unit_price_ex_tax,published_restricted_not_copied,,,2026-10,2026-10-01,nara-shizai-r8-10,16,https://www.pref.nara.lg.jp/documents/8708/r0810nara_materialprice.pdf,restricted,0e0455b760e8,県が独自調査で値を載せている。利用条件が私的使用・引用のみのため値は写していない。原本を見ること。
3bb7ea960373f715,JP,material,生コンクリート・モルタル,生コンクリート,普通(小型車) ２１－５－４０,m3,pref_area,29,奈良県,3地区,,,,JPY,design_unit_price_ex_tax,published_restricted_not_copied,,,2026-10,2026-10-01,nara-shizai-r8-10,16,https://www.pref.nara.lg.jp/documents/8708/r0810nara_materialprice.pdf,restricted,0e0455b760e8,県が独自調査で値を載せている。利用条件が私的使用・引用のみのため値は写していない。原本を見ること。
43667443e4f236e0,JP,material,生コンクリート・モルタル,生コンクリート,普通(小型車) ２１－５－４０,m3,pref_area,29,奈良県,4地区,,,,JPY,design_unit_price_ex_tax,published_restricted_not_copied,,,2026-10,2026-10-01,nara-shizai-r8-10,16,https://www.pref.nara.lg.jp/documents/8708/r0810nara_materialprice.pdf,restricted,0e0455b760e8,県が独自調査で値を載せている。利用条件が私的使用・引用のみのため値は写していない。原本を見ること。
f384ff747b52e5d1,JP,material,生コンクリート・モルタル,生コンクリート,普通(小型車) ２１－５－４０,m3,pref_area,29,奈良県,5地区,,,,JPY,design_unit_price_ex_tax,published_restricted_not_copied,,,2026-10,2026-10-01,nara-shizai-r8-10,16,https://www.pref.nara.lg.jp/documents/8708/r0810nara_materialprice.pdf,restricted,0e0455b760e8,県が独自調査で値を載せている。利用条件が私的使用・引用のみのため値は写していない。原本を見ること。
0263d7b04b6af545,JP,material,生コンクリート・モルタル,生コンクリート,普通(小型車) ２１－５－４０,m3,pref_area,29,奈良県,6地区,,,,JPY,design_unit_price_ex_tax,published_restricted_not_copied,,,2026-10,2026-10-01,nara-shizai-r8-10,16,https://www.pref.nara.lg.jp/documents/8708/r0810nara_materialprice.pdf,restricted,0e0455b760e8,県が独自調査で値を載せている。利用条件が私的使用・引用のみのため値は写していない。原本を見ること。
255107a015cf9757,JP,material,生コンクリート・モルタル,生コンクリート,普通(小型車) ２１－５－４０,m3,pref_area,29,奈良県,7地区,,,,JPY,design_unit_price_ex_tax,published_restricted_not_copied,,,2026-10,2026-10-01,nara-shizai-r8-10,16,https://www.pref.nara.lg.jp/documents/8708/r0810nara_materialprice.pdf,restricted,0e0455b760e8,県が独自調査で値を載せている。利用条件が私的使用・引用のみのため値は写していない。原本を見ること。
624556fecea80b78,JP,material,生コンクリート・モルタル,生コンクリート,普通(小型車) ２１－５－４０,m3,pref_area,29,奈良県,8地区,,,,JPY,design_unit_price_ex_tax,published_restricted_not_copied,,,2026-10,2026-10-01,nara-shizai-r8-10,16,https://www.pref.nara.lg.jp/documents/8708/r0810nara_materialprice.pdf,restricted,0e0455b760e8,県が独自調査で値を載せている。利用条件が私的使用・引用のみのため値は写していない。原本を見ること。
62c8f34637da3e65,JP,material,生コンクリート・モルタル,生コンクリート,普通(小型車) ２１－５－４０,m3,pref_area,29,奈良県,9地区,,,,JPY,design_unit_price_ex_tax,published_restricted_not_copied,,,2026-10,2026-10-01,nara-shizai-r8-10,16,https://www.pref.nara.lg.jp/documents/8708/r0810nara_materialprice.pdf,restricted,0e0455b760e8,県が独自調査で値を載せている。利用条件が私的使用・引用のみのため値は写していない。原本を見ること。
7b4de01f215ee841,JP,material,生コンクリート・モルタル,生コンクリート,普通(小型車) ２１－５－４０,m3,pref_area,29,奈良県,10地区,,,,JPY,design_unit_price_ex_tax,published_restricted_not_copied,,,2026-10,2026-10-01,nara-shizai-r8-10,16,https://www.pref.nara.lg.jp/documents/8708/r0810nara_materialprice.pdf,restricted,0e0455b760e8,県が独自調査で値を載せている。利用条件が私的使用・引用のみのため値は写していない。原本を見ること。
1bd0d66b45d474b4,JP,material,生コンクリート・モルタル,生コンクリート,普通(小型車) ２１－５－４０,m3,pref_area,29,奈良県,11地区,,,,JPY,design_unit_price_ex_tax,published_restricted_not_copied,,,2026-10,2026-10-01,nara-shizai-r8-10,16,https://www.pref.nara.lg.jp/documents/8708/r0810nara_materialprice.pdf,restricted,0e0455b760e8,県が独自調査で値を載せている。利用条件が私的使用・引用のみのため値は写していない。原本を見ること。
35152e2c8a499b4c,JP,material,生コンクリート・モルタル,生コンクリート,普通(小型車) ２１－８－４０,m3,pref_area,29,奈良県,1地区,,,,JPY,design_unit_price_ex_tax,published_restricted_not_copied,,,2026-10,2026-10-01,nara-shizai-r8-10,16,https://www.pref.nara.lg.jp/documents/8708/r0810nara_materialprice.pdf,restricted,55ebbc36001c,県が独自調査で値を載せている。利用条件が私的使用・引用のみのため値は写していない。原本を見ること。
a2f4ad9a107fe74c,JP,material,生コンクリート・モルタル,生コンクリート,普通(小型車) ２１－８－４０,m3,pref_area,29,奈良県,2地区,,,,JPY,design_unit_price_ex_tax,published_restricted_not_copied,,,2026-10,2026-10-01,nara-shizai-r8-10,16,https://www.pref.nara.lg.jp/documents/8708/r0810nara_materialprice.pdf,restricted,55ebbc36001c,県が独自調査で値を載せている。利用条件が私的使用・引用のみのため値は写していない。原本を見ること。
0e18a43ee987c416,JP,material,生コンクリート・モルタル,生コンクリート,普通(小型車) ２１－８－４０,m3,pref_area,29,奈良県,3地区,,,,JPY,design_unit_price_ex_tax,published_restricted_not_copied,,,2026-10,2026-10-01,nara-shizai-r8-10,16,https://www.pref.nara.lg.jp/documents/8708/r0810nara_materialprice.pdf,restricted,55ebbc36001c,県が独自調査で値を載せている。利用条件が私的使用・引用のみのため値は写していない。原本を見ること。
d900082c5cbedea5,JP,material,生コンクリート・モルタル,生コンクリート,普通(小型車) ２１－８－４０,m3,pref_area,29,奈良県,4地区,,,,JPY,design_unit_price_ex_tax,published_restricted_not_copied,,,2026-10,2026-10-01,nara-shizai-r8-10,16,https://www.pref.nara.lg.jp/documents/8708/r0810nara_materialprice.pdf,restricted,55ebbc36001c,県が独自調査で値を載せている。利用条件が私的使用・引用のみのため値は写していない。原本を見ること。
507e7d237094c2a3,JP,material,生コンクリート・モルタル,生コンクリート,普通(小型車) ２１－８－４０,m3,pref_area,29,奈良県,5地区,,,,JPY,design_unit_price_ex_tax,published_restricted_not_copied,,,2026-10,2026-10-01,nara-shizai-r8-10,16,https://www.pref.nara.lg.jp/documents/8708/r0810nara_materialprice.pdf,restricted,55ebbc36001c,県が独自調査で値を載せている。利用条件が私的使用・引用のみのため値は写していない。原本を見ること。
42aa9807cf17d1f6,JP,material,生コンクリート・モルタル,生コンクリート,普通(小型車) ２１－８－４０,m3,pref_area,29,奈良県,6地区,,,,JPY,design_unit_price_ex_tax,published_restricted_not_copied,,,2026-10,2026-10-01,nara-shizai-r8-10,16,https://www.pref.nara.lg.jp/documents/8708/r0810nara_materialprice.pdf,restricted,55ebbc36001c,県が独自調査で値を載せている。利用条件が私的使用・引用のみのため値は写していない。原本を見ること。
ccb523db032e3953,JP,material,生コンクリート・モルタル,生コンクリート,普通(小型車) ２１－８－４０,m3,pref_area,29,奈良県,7地区,,,,JPY,design_unit_price_ex_tax,published_restricted_not_copied,,,2026-10,2026-10-01,nara-shizai-r8-10,16,https://www.pref.nara.lg.jp/documents/8708/r0810nara_materialprice.pdf,restricted,55ebbc36001c,県が独自調査で値を載せている。利用条件が私的使用・引用のみのため値は写していない。原本を見ること。
eaf1aa0b131ac15f,JP,material,生コンクリート・モルタル,生コンクリート,普通(小型車) ２１－８－４０,m3,pref_area,29,奈良県,8地区,,,,JPY,design_unit_price_ex_tax,published_restricted_not_copied,,,2026-10,2026-10-01,nara-shizai-r8-10,16,https://www.pref.nara.lg.jp/documents/8708/r0810nara_materialprice.pdf,restricted,55ebbc36001c,県が独自調査で値を載せている。利用条件が私的使用・引用のみのため値は写していない。原本を見ること。
6a6625a67fb48b4a,JP,material,生コンクリート・モルタル,生コンクリート,普通(小型車) ２１－８－４０,m3,pref_area,29,奈良県,9地区,,,,JPY,design_unit_price_ex_tax,published_restricted_not_copied,,,2026-10,2026-10-01,nara-shizai-r8-10,16,https://www.pref.nara.lg.jp/documents/8708/r0810nara_materialprice.pdf,restricted,55ebbc36001c,県が独自調査で値を載せている。利用条件が私的使用・引用のみのため値は写していない。原本を見ること。
dbf3b1d90b947b80,JP,material,生コンクリート・モルタル,生コンクリート,普通(小型車) ２１－８－４０,m3,pref_area,29,奈良県,10地区,,,,JPY,design_unit_price_ex_tax,published_restricted_not_copied,,,2026-10,2026-10-01,nara-shizai-r8-10,16,https://www.pref.nara.lg.jp/documents/8708/r0810nara_materialprice.pdf,restricted,55ebbc36001c,県が独自調査で値を載せている。利用条件が私的使用・引用のみのため値は写していない。原本を見ること。
8b182f4411aae2e2,JP,material,生コンクリート・モルタル,生コンクリート,普通(小型車) ２１－８－４０,m3,pref_area,29,奈良県,11地区,,,,JPY,design_unit_price_ex_tax,published_restricted_not_copied,,,2026-10,2026-10-01,nara-shizai-r8-10,16,https://www.pref.nara.lg.jp/documents/8708/r0810nara_materialprice.pdf,restricted,55ebbc36001c,県が独自調査で値を載せている。利用条件が私的使用・引用のみのため値は写していない。原本を見ること。
36e42f0743101d3b,JP,material,生コンクリート・モルタル,生コンクリート,普通(小型車) ２１－１２－４０,m3,pref_area,29,奈良県,1地区,,,,JPY,design_unit_price_ex_tax,published_restricted_not_copied,,,2026-10,2026-10-01,nara-shizai-r8-10,16,https://www.pref.nara.lg.jp/documents/8708/r0810nara_materialprice.pdf,restricted,60688902ed26,県が独自調査で値を載せている。利用条件が私的使用・引用のみのため値は写していない。原本を見ること。
99cd50460e93cb00,JP,material,生コンクリート・モルタル,生コンクリート,普通(小型車) ２１－１２－４０,m3,pref_area,29,奈良県,2地区,,,,JPY,design_unit_price_ex_tax,published_restricted_not_copied,,,2026-10,2026-10-01,nara-shizai-r8-10,16,https://www.pref.nara.lg.jp/documents/8708/r0810nara_materialprice.pdf,restricted,60688902ed26,県が独自調査で値を載せている。利用条件が私的使用・引用のみのため値は写していない。原本を見ること。
0095ee6a1f11a725,JP,material,生コンクリート・モルタル,生コンクリート,普通(小型車) ２１－１２－４０,m3,pref_area,29,奈良県,3地区,,,,JPY,design_unit_price_ex_tax,published_restricted_not_copied,,,2026-10,2026-10-01,nara-shizai-r8-10,16,https://www.pref.nara.lg.jp/documents/8708/r0810nara_materialprice.pdf,restricted,60688902ed26,県が独自調査で値を載せている。利用条件が私的使用・引用のみのため値は写していない。原本を見ること。
58101b64897db078,JP,material,生コンクリート・モルタル,生コンクリート,普通(小型車) ２１－１２－４０,m3,pref_area,29,奈良県,4地区,,,,JPY,design_unit_price_ex_tax,published_restricted_not_copied,,,2026-10,2026-10-01,nara-shizai-r8-10,16,https://www.pref.nara.lg.jp/documents/8708/r0810nara_materialprice.pdf,restricted,60688902ed26,県が独自調査で値を載せている。利用条件が私的使用・引用のみのため値は写していない。原本を見ること。
de31f29cdca15b76,JP,material,生コンクリート・モルタル,生コンクリート,普通(小型車) ２１－１２－４０,m3,pref_area,29,奈良県,5地区,,,,JPY,design_unit_price_ex_tax,published_restricted_not_copied,,,2026-10,2026-10-01,nara-shizai-r8-10,16,https://www.pref.nara.lg.jp/documents/8708/r0810nara_materialprice.pdf,restricted,60688902ed26,県が独自調査で値を載せている。利用条件が私的使用・引用のみのため値は写していない。原本を見ること。
aec6fe74ea1e3a9b,JP,material,生コンクリート・モルタル,生コンクリート,普通(小型車) ２１－１２－４０,m3,pref_area,29,奈良県,6地区,,,,JPY,design_unit_price_ex_tax,published_restricted_not_copied,,,2026-10,2026-10-01,nara-shizai-r8-10,16,https://www.pref.nara.lg.jp/documents/8708/r0810nara_materialprice.pdf,restricted,60688902ed26,県が独自調査で値を載せている。利用条件が私的使用・引用のみのため値は写していない。原本を見ること。
cc04049fe8461fc9,JP,material,生コンクリート・モルタル,生コンクリート,普通(小型車) ２１－１２－４０,m3,pref_area,29,奈良県,7地区,,,,JPY,design_unit_price_ex_tax,published_restricted_not_copied,,,2026-10,2026-10-01,nara-shizai-r8-10,16,https://www.pref.nara.lg.jp/documents/8708/r0810nara_materialprice.pdf,restricted,60688902ed26,県が独自調査で値を載せている。利用条件が私的使用・引用のみのため値は写していない。原本を見ること。
24d479a677ed0c0b,JP,material,生コンクリート・モルタル,生コンクリート,普通(小型車) ２１－１２－４０,m3,pref_area,29,奈良県,8地区,,,,JPY,design_unit_price_ex_tax,published_restricted_not_copied,,,2026-10,2026-10-01,nara-shizai-r8-10,16,https://www.pref.nara.lg.jp/documents/8708/r0810nara_materialprice.pdf,restricted,60688902ed26,県が独自調査で値を載せている。利用条件が私的使用・引用のみのため値は写していない。原本を見ること。
bd563887fc0ba99f,JP,material,生コンクリート・モルタル,生コンクリート,普通(小型車) ２１－１２－４０,m3,pref_area,29,奈良県,9地区,,,,JPY,design_unit_price_ex_tax,published_restricted_not_copied,,,2026-10,2026-10-01,nara-shizai-r8-10,16,https://www.pref.nara.lg.jp/documents/8708/r0810nara_materialprice.pdf,restricted,60688902ed26,県が独自調査で値を載せている。利用条件が私的使用・引用のみのため値は写していない。原本を見ること。
5350bf1aaaeafecd,JP,material,生コンクリート・モルタル,生コンクリート,普通(小型車) ２１－１２－４０,m3,pref_area,29,奈良県,10地区,,,,JPY,design_unit_price_ex_tax,published_restricted_not_copied,,,2026-10,2026-10-01,nara-shizai-r8-10,16,https://www.pref.nara.lg.jp/documents/8708/r0810nara_materialprice.pdf,restricted,60688902ed26,県が独自調査で値を載せている。利用条件が私的使用・引用のみのため値は写していない。原本を見ること。
6cc7fd524740eb48,JP,material,生コンクリート・モルタル,生コンクリート,普通(小型車) ２１－１２－４０,m3,pref_area,29,奈良県,11地区,,,,JPY,design_unit_price_ex_tax,published_restricted_not_copied,,,2026-10,2026-10-01,nara-shizai-r8-10,16,https://www.pref.nara.lg.jp/documents/8708/r0810nara_materialprice.pdf,restricted,60688902ed26,県が独自調査で値を載せている。利用条件が私的使用・引用のみのため値は写していない。原本を見ること。
bbf78e449e0b92e0,JP,material,生コンクリート・モルタル,生コンクリート,普通(小型車) ２４－８－４０,m3,pref_area,29,奈良県,1地区,,,,JPY,design_unit_price_ex_tax,publication_based_not_public,,,2026-10,2026-10-01,nara-shizai-r8-10,16,https://www.pref.nara.lg.jp/documents/8708/r0810nara_materialprice.pdf,restricted,d48facc25d13,原本で『○＝刊行物単価使用』。県は規格だけを載せ、単価は載せていない(市販の物価資料の値)。公的に公開された値は存在しない。
be8d037ae5be278d,JP,material,生コンクリート・モルタル,生コンクリート,普通(小型車) ２４－８－４０,m3,pref_area,29,奈良県,2地区,,,,JPY,design_unit_price_ex_tax,publication_based_not_public,,,2026-10,2026-10-01,nara-shizai-r8-10,16,https://www.pref.nara.lg.jp/documents/8708/r0810nara_materialprice.pdf,restricted,d48facc25d13,原本で『○＝刊行物単価使用』。県は規格だけを載せ、単価は載せていない(市販の物価資料の値)。公的に公開された値は存在しない。
58e0a1d4d4aa48d6,JP,material,生コンクリート・モルタル,生コンクリート,普通(小型車) ２４－８－４０,m3,pref_area,29,奈良県,3地区,,,,JPY,design_unit_price_ex_tax,publication_based_not_public,,,2026-10,2026-10-01,nara-shizai-r8-10,16,https://www.pref.nara.lg.jp/documents/8708/r0810nara_materialprice.pdf,restricted,d48facc25d13,原本で『○＝刊行物単価使用』。県は規格だけを載せ、単価は載せていない(市販の物価資料の値)。公的に公開された値は存在しない。
946e52d9d432920d,JP,material,生コンクリート・モルタル,生コンクリート,普通(小型車) ２４－８－４０,m3,pref_area,29,奈良県,4地区,,,,JPY,design_unit_price_ex_tax,publication_based_not_public,,,2026-10,2026-10-01,nara-shizai-r8-10,16,https://www.pref.nara.lg.jp/documents/8708/r0810nara_materialprice.pdf,restricted,d48facc25d13,原本で『○＝刊行物単価使用』。県は規格だけを載せ、単価は載せていない(市販の物価資料の値)。公的に公開された値は存在しない。
3216b378f71991a5,JP,material,生コンクリート・モルタル,生コンクリート,普通(小型車) ２４－８－４０,m3,pref_area,29,奈良県,5地区,,,,JPY,design_unit_price_ex_tax,published_restricted_not_copied,,,2026-10,2026-10-01,nara-shizai-r8-10,16,https://www.pref.nara.lg.jp/documents/8708/r0810nara_materialprice.pdf,restricted,d48facc25d13,県が独自調査で値を載せている。利用条件が私的使用・引用のみのため値は写していない。原本を見ること。
328e391e6f0a14b8,JP,material,生コンクリート・モルタル,生コンクリート,普通(小型車) ２４－８－４０,m3,pref_area,29,奈良県,6地区,,,,JPY,design_unit_price_ex_tax,publication_based_not_public,,,2026-10,2026-10-01,nara-shizai-r8-10,16,https://www.pref.nara.lg.jp/documents/8708/r0810nara_materialprice.pdf,restricted,d48facc25d13,原本で『○＝刊行物単価使用』。県は規格だけを載せ、単価は載せていない(市販の物価資料の値)。公的に公開された値は存在しない。
71d64a03d6760544,JP,material,生コンクリート・モルタル,生コンクリート,普通(小型車) ２４－８－４０,m3,pref_area,29,奈良県,7地区,,,,JPY,design_unit_price_ex_tax,published_restricted_not_copied,,,2026-10,2026-10-01,nara-shizai-r8-10,16,https://www.pref.nara.lg.jp/documents/8708/r0810nara_materialprice.pdf,restricted,d48facc25d13,県が独自調査で値を載せている。利用条件が私的使用・引用のみのため値は写していない。原本を見ること。
64d1c1422216017d,JP,material,生コンクリート・モルタル,生コンクリート,普通(小型車) ２４－８－４０,m3,pref_area,29,奈良県,8地区,,,,JPY,design_unit_price_ex_tax,publication_based_not_public,,,2026-10,2026-10-01,nara-shizai-r8-10,16,https://www.pref.nara.lg.jp/documents/8708/r0810nara_materialprice.pdf,restricted,d48facc25d13,原本で『○＝刊行物単価使用』。県は規格だけを載せ、単価は載せていない(市販の物価資料の値)。公的に公開された値は存在しない。
f5714162be3cdf9f,JP,material,生コンクリート・モルタル,生コンクリート,普通(小型車) ２４－８－４０,m3,pref_area,29,奈良県,9地区,,,,JPY,design_unit_price_ex_tax,publication_based_not_public,,,2026-10,2026-10-01,nara-shizai-r8-10,16,https://www.pref.nara.lg.jp/documents/8708/r0810nara_materialprice.pdf,restricted,d48facc25d13,原本で『○＝刊行物単価使用』。県は規格だけを載せ、単価は載せていない(市販の物価資料の値)。公的に公開された値は存在しない。
0117eb2bf060a624,JP,material,生コンクリート・モルタル,生コンクリート,普通(小型車) ２４－８－４０,m3,pref_area,29,奈良県,10地区,,,,JPY,design_unit_price_ex_tax,publication_based_not_public,,,2026-10,2026-10-01,nara-shizai-r8-10,16,https://www.pref.nara.lg.jp/documents/8708/r0810nara_materialprice.pdf,restricted,d48facc25d13,原本で『○＝刊行物単価使用』。県は規格だけを載せ、単価は載せていない(市販の物価資料の値)。公的に公開された値は存在しない。
26e4ef0418da9431,JP,material,生コンクリート・モルタル,生コンクリート,普通(小型車) ２４－８－４０,m3,pref_area,29,奈良県,11地区,,,,JPY,design_unit_price_ex_tax,published_restricted_not_copied,,,2026-10,2026-10-01,nara-shizai-r8-10,16,https://www.pref.nara.lg.jp/documents/8708/r0810nara_materialprice.pdf,restricted,d48facc25d13,県が独自調査で値を載せている。利用条件が私的使用・引用のみのため値は写していない。原本を見ること。
0ce228d64db48536,JP,material,生コンクリート・モルタル,生コンクリート,普通(小型車) ２４－１２－４０,m3,pref_area,29,奈良県,1地区,,,,JPY,design_unit_price_ex_tax,publication_based_not_public,,,2026-10,2026-10-01,nara-shizai-r8-10,16,https://www.pref.nara.lg.jp/documents/8708/r0810nara_materialprice.pdf,restricted,23625a806f3c,原本で『○＝刊行物単価使用』。県は規格だけを載せ、単価は載せていない(市販の物価資料の値)。公的に公開された値は存在しない。
529baf3c73bd0a59,JP,material,生コンクリート・モルタル,生コンクリート,普通(小型車) ２４－１２－４０,m3,pref_area,29,奈良県,2地区,,,,JPY,design_unit_price_ex_tax,publication_based_not_public,,,2026-10,2026-10-01,nara-shizai-r8-10,16,https://www.pref.nara.lg.jp/documents/8708/r0810nara_materialprice.pdf,restricted,23625a806f3c,原本で『○＝刊行物単価使用』。県は規格だけを載せ、単価は載せていない(市販の物価資料の値)。公的に公開された値は存在しない。
a1cb274de5fc6737,JP,material,生コンクリート・モルタル,生コンクリート,普通(小型車) ２４－１２－４０,m3,pref_area,29,奈良県,3地区,,,,JPY,design_unit_price_ex_tax,publication_based_not_public,,,2026-10,2026-10-01,nara-shizai-r8-10,16,https://www.pref.nara.lg.jp/documents/8708/r0810nara_materialprice.pdf,restricted,23625a806f3c,原本で『○＝刊行物単価使用』。県は規格だけを載せ、単価は載せていない(市販の物価資料の値)。公的に公開された値は存在しない。
c677ba6bc60aa152,JP,material,生コンクリート・モルタル,生コンクリート,普通(小型車) ２４－１２－４０,m3,pref_area,29,奈良県,4地区,,,,JPY,design_unit_price_ex_tax,publication_based_not_public,,,2026-10,2026-10-01,nara-shizai-r8-10,16,https://www.pref.nara.lg.jp/documents/8708/r0810nara_materialprice.pdf,restricted,23625a806f3c,原本で『○＝刊行物単価使用』。県は規格だけを載せ、単価は載せていない(市販の物価資料の値)。公的に公開された値は存在しない。
0df1c5e34aa1a22d,JP,material,生コンクリート・モルタル,生コンクリート,普通(小型車) ２４－１２－４０,m3,pref_area,29,奈良県,5地区,,,,JPY,design_unit_price_ex_tax,published_restricted_not_copied,,,2026-10,2026-10-01,nara-shizai-r8-10,16,https://www.pref.nara.lg.jp/documents/8708/r0810nara_materialprice.pdf,restricted,23625a806f3c,県が独自調査で値を載せている。利用条件が私的使用・引用のみのため値は写していない。原本を見ること。
c4f1c1673190cbe4,JP,material,生コンクリート・モルタル,生コンクリート,普通(小型車) ２４－１２－４０,m3,pref_area,29,奈良県,6地区,,,,JPY,design_unit_price_ex_tax,publication_based_not_public,,,2026-10,2026-10-01,nara-shizai-r8-10,16,https://www.pref.nara.lg.jp/documents/8708/r0810nara_materialprice.pdf,restricted,23625a806f3c,原本で『○＝刊行物単価使用』。県は規格だけを載せ、単価は載せていない(市販の物価資料の値)。公的に公開された値は存在しない。
c6a3dcd98a55d6ef,JP,material,生コンクリート・モルタル,生コンクリート,普通(小型車) ２４－１２－４０,m3,pref_area,29,奈良県,7地区,,,,JPY,design_unit_price_ex_tax,published_restricted_not_copied,,,2026-10,2026-10-01,nara-shizai-r8-10,16,https://www.pref.nara.lg.jp/documents/8708/r0810nara_materialprice.pdf,restricted,23625a806f3c,県が独自調査で値を載せている。利用条件が私的使用・引用のみのため値は写していない。原本を見ること。
bfd517a5a4e4cf8a,JP,material,生コンクリート・モルタル,生コンクリート,普通(小型車) ２４－１２－４０,m3,pref_area,29,奈良県,8地区,,,,JPY,design_unit_price_ex_tax,publication_based_not_public,,,2026-10,2026-10-01,nara-shizai-r8-10,16,https://www.pref.nara.lg.jp/documents/8708/r0810nara_materialprice.pdf,restricted,23625a806f3c,原本で『○＝刊行物単価使用』。県は規格だけを載せ、単価は載せていない(市販の物価資料の値)。公的に公開された値は存在しない。
eb017d72d6f69c58,JP,material,生コンクリート・モルタル,生コンクリート,普通(小型車) ２４－１２－４０,m3,pref_area,29,奈良県,9地区,,,,JPY,design_unit_price_ex_tax,publication_based_not_public,,,2026-10,2026-10-01,nara-shizai-r8-10,16,https://www.pref.nara.lg.jp/documents/8708/r0810nara_materialprice.pdf,restricted,23625a806f3c,原本で『○＝刊行物単価使用』。県は規格だけを載せ、単価は載せていない(市販の物価資料の値)。公的に公開された値は存在しない。
ce2aaaf486f9eaee,JP,material,生コンクリート・モルタル,生コンクリート,普通(小型車) ２４－１２－４０,m3,pref_area,29,奈良県,10地区,,,,JPY,design_unit_price_ex_tax,publication_based_not_public,,,2026-10,2026-10-01,nara-shizai-r8-10,16,https://www.pref.nara.lg.jp/documents/8708/r0810nara_materialprice.pdf,restricted,23625a806f3c,原本で『○＝刊行物単価使用』。県は規格だけを載せ、単価は載せていない(市販の物価資料の値)。公的に公開された値は存在しない。
cbe301eb8b635095,JP,material,生コンクリート・モルタル,生コンクリート,普通(小型車) ２４－１２－４０,m3,pref_area,29,奈良県,11地区,,,,JPY,design_unit_price_ex_tax,published_restricted_not_copied,,,2026-10,2026-10-01,nara-shizai-r8-10,16,https://www.pref.nara.lg.jp/documents/8708/r0810nara_materialprice.pdf,restricted,23625a806f3c,県が独自調査で値を載せている。利用条件が私的使用・引用のみのため値は写していない。原本を見ること。
a01f80b8942d351b,JP,material,生コンクリート・モルタル,生コンクリート,普通(小型車) ２７－５－４０,m3,pref_area,29,奈良県,1地区,,,,JPY,design_unit_price_ex_tax,publication_based_not_public,,,2026-10,2026-10-01,nara-shizai-r8-10,16,https://www.pref.nara.lg.jp/documents/8708/r0810nara_materialprice.pdf,restricted,72f022336bac,原本で『○＝刊行物単価使用』。県は規格だけを載せ、単価は載せていない(市販の物価資料の値)。公的に公開された値は存在しない。
34de2f374a2268cb,JP,material,生コンクリート・モルタル,生コンクリート,普通(小型車) ２７－５－４０,m3,pref_area,29,奈良県,2地区,,,,JPY,design_unit_price_ex_tax,publication_based_not_public,,,2026-10,2026-10-01,nara-shizai-r8-10,16,https://www.pref.nara.lg.jp/documents/8708/r0810nara_materialprice.pdf,restricted,72f022336bac,原本で『○＝刊行物単価使用』。県は規格だけを載せ、単価は載せていない(市販の物価資料の値)。公的に公開された値は存在しない。
9d1bd7028729c477,JP,material,生コンクリート・モルタル,生コンクリート,普通(小型車) ２７－５－４０,m3,pref_area,29,奈良県,3地区,,,,JPY,design_unit_price_ex_tax,publication_based_not_public,,,2026-10,2026-10-01,nara-shizai-r8-10,16,https://www.pref.nara.lg.jp/documents/8708/r0810nara_materialprice.pdf,restricted,72f022336bac,原本で『○＝刊行物単価使用』。県は規格だけを載せ、単価は載せていない(市販の物価資料の値)。公的に公開された値は存在しない。
305ed6deb16bb573,JP,material,生コンクリート・モルタル,生コンクリート,普通(小型車) ２７－５－４０,m3,pref_area,29,奈良県,4地区,,,,JPY,design_unit_price_ex_tax,publication_based_not_public,,,2026-10,2026-10-01,nara-shizai-r8-10,16,https://www.pref.nara.lg.jp/documents/8708/r0810nara_materialprice.pdf,restricted,72f022336bac,原本で『○＝刊行物単価使用』。県は規格だけを載せ、単価は載せていない(市販の物価資料の値)。公的に公開された値は存在しない。
8a84184324d0dc98,JP,material,生コンクリート・モルタル,生コンクリート,普通(小型車) ２７－５－４０,m3,pref_area,29,奈良県,5地区,,,,JPY,design_unit_price_ex_tax,published_restricted_not_copied,,,2026-10,2026-10-01,nara-shizai-r8-10,16,https://www.pref.nara.lg.jp/documents/8708/r0810nara_materialprice.pdf,restricted,72f022336bac,県が独自調査で値を載せている。利用条件が私的使用・引用のみのため値は写していない。原本を見ること。
dcaadfadfd0e0600,JP,material,生コンクリート・モルタル,生コンクリート,普通(小型車) ２７－５－４０,m3,pref_area,29,奈良県,6地区,,,,JPY,design_unit_price_ex_tax,publication_based_not_public,,,2026-10,2026-10-01,nara-shizai-r8-10,16,https://www.pref.nara.lg.jp/documents/8708/r0810nara_materialprice.pdf,restricted,72f022336bac,原本で『○＝刊行物単価使用』。県は規格だけを載せ、単価は載せていない(市販の物価資料の値)。公的に公開された値は存在しない。
1cbc88cb112a21f9,JP,material,生コンクリート・モルタル,生コンクリート,普通(小型車) ２７－５－４０,m3,pref_area,29,奈良県,7地区,,,,JPY,design_unit_price_ex_tax,published_restricted_not_copied,,,2026-10,2026-10-01,nara-shizai-r8-10,16,https://www.pref.nara.lg.jp/documents/8708/r0810nara_materialprice.pdf,restricted,72f022336bac,県が独自調査で値を載せている。利用条件が私的使用・引用のみのため値は写していない。原本を見ること。
27fa9261ee1ee76c,JP,material,生コンクリート・モルタル,生コンクリート,普通(小型車) ２７－５－４０,m3,pref_area,29,奈良県,8地区,,,,JPY,design_unit_price_ex_tax,publication_based_not_public,,,2026-10,2026-10-01,nara-shizai-r8-10,16,https://www.pref.nara.lg.jp/documents/8708/r0810nara_materialprice.pdf,restricted,72f022336bac,原本で『○＝刊行物単価使用』。県は規格だけを載せ、単価は載せていない(市販の物価資料の値)。公的に公開された値は存在しない。
4e161ea4607d65ff,JP,material,生コンクリート・モルタル,生コンクリート,普通(小型車) ２７－５－４０,m3,pref_area,29,奈良県,9地区,,,,JPY,design_unit_price_ex_tax,publication_based_not_public,,,2026-10,2026-10-01,nara-shizai-r8-10,16,https://www.pref.nara.lg.jp/documents/8708/r0810nara_materialprice.pdf,restricted,72f022336bac,原本で『○＝刊行物単価使用』。県は規格だけを載せ、単価は載せていない(市販の物価資料の値)。公的に公開された値は存在しない。
03a82ccebeb72be7,JP,material,生コンクリート・モルタル,生コンクリート,普通(小型車) ２７－５－４０,m3,pref_area,29,奈良県,10地区,,,,JPY,design_unit_price_ex_tax,publication_based_not_public,,,2026-10,2026-10-01,nara-shizai-r8-10,16,https://www.pref.nara.lg.jp/documents/8708/r0810nara_materialprice.pdf,restricted,72f022336bac,原本で『○＝刊行物単価使用』。県は規格だけを載せ、単価は載せていない(市販の物価資料の値)。公的に公開された値は存在しない。
37f0b1d5225ee439,JP,material,生コンクリート・モルタル,生コンクリート,普通(小型車) ２７－５－４０,m3,pref_area,29,奈良県,11地区,,,,JPY,design_unit_price_ex_tax,published_restricted_not_copied,,,2026-10,2026-10-01,nara-shizai-r8-10,16,https://www.pref.nara.lg.jp/documents/8708/r0810nara_materialprice.pdf,restricted,72f022336bac,県が独自調査で値を載せている。利用条件が私的使用・引用のみのため値は写していない。原本を見ること。
967d43781b0186bc,JP,material,生コンクリート・モルタル,生コンクリート,普通(小型車) 曲げ４．５－２．５－４０,m3,pref_area,29,奈良県,1地区,,,,JPY,design_unit_price_ex_tax,not_set,,,2026-10,2026-10-01,nara-shizai-r8-10,16,https://www.pref.nara.lg.jp/documents/8708/r0810nara_materialprice.pdf,restricted,2ec1f9618aac,原本で空欄(取引事例が著しく少なく単価を設定していない)。
b26d904463a20014,JP,material,生コンクリート・モルタル,生コンクリート,普通(小型車) 曲げ４．５－２．５－４０,m3,pref_area,29,奈良県,2地区,,,,JPY,design_unit_price_ex_tax,not_set,,,2026-10,2026-10-01,nara-shizai-r8-10,16,https://www.pref.nara.lg.jp/documents/8708/r0810nara_materialprice.pdf,restricted,2ec1f9618aac,原本で空欄(取引事例が著しく少なく単価を設定していない)。
b9ca559853404f0e,JP,material,生コンクリート・モルタル,生コンクリート,普通(小型車) 曲げ４．５－２．５－４０,m3,pref_area,29,奈良県,3地区,,,,JPY,design_unit_price_ex_tax,not_set,,,2026-10,2026-10-01,nara-shizai-r8-10,16,https://www.pref.nara.lg.jp/documents/8708/r0810nara_materialprice.pdf,restricted,2ec1f9618aac,原本で空欄(取引事例が著しく少なく単価を設定していない)。
77542eb28987ba1c,JP,material,生コンクリート・モルタル,生コンクリート,普通(小型車) 曲げ４．５－２．５－４０,m3,pref_area,29,奈良県,4地区,,,,JPY,design_unit_price_ex_tax,not_set,,,2026-10,2026-10-01,nara-shizai-r8-10,16,https://www.pref.nara.lg.jp/documents/8708/r0810nara_materialprice.pdf,restricted,2ec1f9618aac,原本で空欄(取引事例が著しく少なく単価を設定していない)。
d5b14b428eeb91d4,JP,material,生コンクリート・モルタル,生コンクリート,普通(小型車) 曲げ４．５－２．５－４０,m3,pref_area,29,奈良県,5地区,,,,JPY,design_unit_price_ex_tax,published_restricted_not_copied,,,2026-10,2026-10-01,nara-shizai-r8-10,16,https://www.pref.nara.lg.jp/documents/8708/r0810nara_materialprice.pdf,restricted,2ec1f9618aac,県が独自調査で値を載せている。利用条件が私的使用・引用のみのため値は写していない。原本を見ること。
3a28bb02c3b1b240,JP,material,生コンクリート・モルタル,生コンクリート,普通(小型車) 曲げ４．５－２．５－４０,m3,pref_area,29,奈良県,6地区,,,,JPY,design_unit_price_ex_tax,not_set,,,2026-10,2026-10-01,nara-shizai-r8-10,16,https://www.pref.nara.lg.jp/documents/8708/r0810nara_materialprice.pdf,restricted,2ec1f9618aac,原本で空欄(取引事例が著しく少なく単価を設定していない)。
cab776d31500aa2f,JP,material,生コンクリート・モルタル,生コンクリート,普通(小型車) 曲げ４．５－２．５－４０,m3,pref_area,29,奈良県,7地区,,,,JPY,design_unit_price_ex_tax,published_restricted_not_copied,,,2026-10,2026-10-01,nara-shizai-r8-10,16,https://www.pref.nara.lg.jp/documents/8708/r0810nara_materialprice.pdf,restricted,2ec1f9618aac,県が独自調査で値を載せている。利用条件が私的使用・引用のみのため値は写していない。原本を見ること。
b40dd7dea9768326,JP,material,生コンクリート・モルタル,生コンクリート,普通(小型車) 曲げ４．５－２．５－４０,m3,pref_area,29,奈良県,8地区,,,,JPY,design_unit_price_ex_tax,not_set,,,2026-10,2026-10-01,nara-shizai-r8-10,16,https://www.pref.nara.lg.jp/documents/8708/r0810nara_materialprice.pdf,restricted,2ec1f9618aac,原本で空欄(取引事例が著しく少なく単価を設定していない)。
61a7e2f3b3fe2233,JP,material,生コンクリート・モルタル,生コンクリート,普通(小型車) 曲げ４．５－２．５－４０,m3,pref_area,29,奈良県,9地区,,,,JPY,design_unit_price_ex_tax,not_set,,,2026-10,2026-10-01,nara-shizai-r8-10,16,https://www.pref.nara.lg.jp/documents/8708/r0810nara_materialprice.pdf,restricted,2ec1f9618aac,原本で空欄(取引事例が著しく少なく単価を設定していない)。
47e578e4eb01df68,JP,material,生コンクリート・モルタル,生コンクリート,普通(小型車) 曲げ４．５－２．５－４０,m3,pref_area,29,奈良県,10地区,,,,JPY,design_unit_price_ex_tax,not_set,,,2026-10,2026-10-01,nara-shizai-r8-10,16,https://www.pref.nara.lg.jp/documents/8708/r0810nara_materialprice.pdf,restricted,2ec1f9618aac,原本で空欄(取引事例が著しく少なく単価を設定していない)。
c129399536bbfef2,JP,material,生コンクリート・モルタル,生コンクリート,普通(小型車) 曲げ４．５－２．５－４０,m3,pref_area,29,奈良県,11地区,,,,JPY,design_unit_price_ex_tax,published_restricted_not_copied,,,2026-10,2026-10-01,nara-shizai-r8-10,16,https://www.pref.nara.lg.jp/documents/8708/r0810nara_materialprice.pdf,restricted,2ec1f9618aac,県が独自調査で値を載せている。利用条件が私的使用・引用のみのため値は写していない。原本を見ること。
a97af55e7481f4f8,JP,material,生コンクリート・モルタル,生コンクリート,普通(小型車) １８－１５－４０ C=270以上,m3,pref_area,29,奈良県,1地区,,,,JPY,design_unit_price_ex_tax,publication_based_not_public,,,2026-10,2026-10-01,nara-shizai-r8-10,16,https://www.pref.nara.lg.jp/documents/8708/r0810nara_materialprice.pdf,restricted,5d856b4f08c6,原本で『○＝刊行物単価使用』。県は規格だけを載せ、単価は載せていない(市販の物価資料の値)。公的に公開された値は存在しない。
8fdf3ad7517b6689,JP,material,生コンクリート・モルタル,生コンクリート,普通(小型車) １８－１５－４０ C=270以上,m3,pref_area,29,奈良県,2地区,,,,JPY,design_unit_price_ex_tax,publication_based_not_public,,,2026-10,2026-10-01,nara-shizai-r8-10,16,https://www.pref.nara.lg.jp/documents/8708/r0810nara_materialprice.pdf,restricted,5d856b4f08c6,原本で『○＝刊行物単価使用』。県は規格だけを載せ、単価は載せていない(市販の物価資料の値)。公的に公開された値は存在しない。
090fa73cc99a50d8,JP,material,生コンクリート・モルタル,生コンクリート,普通(小型車) １８－１５－４０ C=270以上,m3,pref_area,29,奈良県,3地区,,,,JPY,design_unit_price_ex_tax,publication_based_not_public,,,2026-10,2026-10-01,nara-shizai-r8-10,16,https://www.pref.nara.lg.jp/documents/8708/r0810nara_materialprice.pdf,restricted,5d856b4f08c6,原本で『○＝刊行物単価使用』。県は規格だけを載せ、単価は載せていない(市販の物価資料の値)。公的に公開された値は存在しない。
f5e6bc7729eed1c3,JP,material,生コンクリート・モルタル,生コンクリート,普通(小型車) １８－１５－４０ C=270以上,m3,pref_area,29,奈良県,4地区,,,,JPY,design_unit_price_ex_tax,publication_based_not_public,,,2026-10,2026-10-01,nara-shizai-r8-10,16,https://www.pref.nara.lg.jp/documents/8708/r0810nara_materialprice.pdf,restricted,5d856b4f08c6,原本で『○＝刊行物単価使用』。県は規格だけを載せ、単価は載せていない(市販の物価資料の値)。公的に公開された値は存在しない。
1093c85744ff9932,JP,material,生コンクリート・モルタル,生コンクリート,普通(小型車) １８－１５－４０ C=270以上,m3,pref_area,29,奈良県,5地区,,,,JPY,design_unit_price_ex_tax,published_restricted_not_copied,,,2026-10,2026-10-01,nara-shizai-r8-10,16,https://www.pref.nara.lg.jp/documents/8708/r0810nara_materialprice.pdf,restricted,5d856b4f08c6,県が独自調査で値を載せている。利用条件が私的使用・引用のみのため値は写していない。原本を見ること。
ac6411a2c77b42f3,JP,material,生コンクリート・モルタル,生コンクリート,普通(小型車) １８－１５－４０ C=270以上,m3,pref_area,29,奈良県,6地区,,,,JPY,design_unit_price_ex_tax,publication_based_not_public,,,2026-10,2026-10-01,nara-shizai-r8-10,16,https://www.pref.nara.lg.jp/documents/8708/r0810nara_materialprice.pdf,restricted,5d856b4f08c6,原本で『○＝刊行物単価使用』。県は規格だけを載せ、単価は載せていない(市販の物価資料の値)。公的に公開された値は存在しない。
20b318883267944c,JP,material,生コンクリート・モルタル,生コンクリート,普通(小型車) １８－１５－４０ C=270以上,m3,pref_area,29,奈良県,7地区,,,,JPY,design_unit_price_ex_tax,published_restricted_not_copied,,,2026-10,2026-10-01,nara-shizai-r8-10,16,https://www.pref.nara.lg.jp/documents/8708/r0810nara_materialprice.pdf,restricted,5d856b4f08c6,県が独自調査で値を載せている。利用条件が私的使用・引用のみのため値は写していない。原本を見ること。
79bb35c8beca039a,JP,material,生コンクリート・モルタル,生コンクリート,普通(小型車) １８－１５－４０ C=270以上,m3,pref_area,29,奈良県,8地区,,,,JPY,design_unit_price_ex_tax,publication_based_not_public,,,2026-10,2026-10-01,nara-shizai-r8-10,16,https://www.pref.nara.lg.jp/documents/8708/r0810nara_materialprice.pdf,restricted,5d856b4f08c6,原本で『○＝刊行物単価使用』。県は規格だけを載せ、単価は載せていない(市販の物価資料の値)。公的に公開された値は存在しない。
be0ea327b897b00b,JP,material,生コンクリート・モルタル,生コンクリート,普通(小型車) １８－１５－４０ C=270以上,m3,pref_area,29,奈良県,9地区,,,,JPY,design_unit_price_ex_tax,publication_based_not_public,,,2026-10,2026-10-01,nara-shizai-r8-10,16,https://www.pref.nara.lg.jp/documents/8708/r0810nara_materialprice.pdf,restricted,5d856b4f08c6,原本で『○＝刊行物単価使用』。県は規格だけを載せ、単価は載せていない(市販の物価資料の値)。公的に公開された値は存在しない。
9589d71d1c4a822f,JP,material,生コンクリート・モルタル,生コンクリート,普通(小型車) １８－１５－４０ C=270以上,m3,pref_area,29,奈良県,10地区,,,,JPY,design_unit_price_ex_tax,publication_based_not_public,,,2026-10,2026-10-01,nara-shizai-r8-10,16,https://www.pref.nara.lg.jp/documents/8708/r0810nara_materialprice.pdf,restricted,5d856b4f08c6,原本で『○＝刊行物単価使用』。県は規格だけを載せ、単価は載せていない(市販の物価資料の値)。公的に公開された値は存在しない。
5c94e0e18dd8b515,JP,material,生コンクリート・モルタル,生コンクリート,普通(小型車) １８－１５－４０ C=270以上,m3,pref_area,29,奈良県,11地区,,,,JPY,design_unit_price_ex_tax,published_restricted_not_copied,,,2026-10,2026-10-01,nara-shizai-r8-10,16,https://www.pref.nara.lg.jp/documents/8708/r0810nara_materialprice.pdf,restricted,5d856b4f08c6,県が独自調査で値を載せている。利用条件が私的使用・引用のみのため値は写していない。原本を見ること。
2262621b593f235a,JP,material,生コンクリート・モルタル,生コンクリート,普通(小型車) ２４－１２－２５（２０）,m3,pref_area,29,奈良県,1地区,,,,JPY,design_unit_price_ex_tax,publication_based_not_public,,,2026-10,2026-10-01,nara-shizai-r8-10,16,https://www.pref.nara.lg.jp/documents/8708/r0810nara_materialprice.pdf,restricted,e3f68248312e,原本で『○＝刊行物単価使用』。県は規格だけを載せ、単価は載せていない(市販の物価資料の値)。公的に公開された値は存在しない。
e1037468141fae84,JP,material,生コンクリート・モルタル,生コンクリート,普通(小型車) ２４－１２－２５（２０）,m3,pref_area,29,奈良県,2地区,,,,JPY,design_unit_price_ex_tax,publication_based_not_public,,,2026-10,2026-10-01,nara-shizai-r8-10,16,https://www.pref.nara.lg.jp/documents/8708/r0810nara_materialprice.pdf,restricted,e3f68248312e,原本で『○＝刊行物単価使用』。県は規格だけを載せ、単価は載せていない(市販の物価資料の値)。公的に公開された値は存在しない。
c29f7957d98ccb6d,JP,material,生コンクリート・モルタル,生コンクリート,普通(小型車) ２４－１２－２５（２０）,m3,pref_area,29,奈良県,3地区,,,,JPY,design_unit_price_ex_tax,publication_based_not_public,,,2026-10,2026-10-01,nara-shizai-r8-10,16,https://www.pref.nara.lg.jp/documents/8708/r0810nara_materialprice.pdf,restricted,e3f68248312e,原本で『○＝刊行物単価使用』。県は規格だけを載せ、単価は載せていない(市販の物価資料の値)。公的に公開された値は存在しない。
4e1f2588dc8ef0cd,JP,material,生コンクリート・モルタル,生コンクリート,普通(小型車) ２４－１２－２５（２０）,m3,pref_area,29,奈良県,4地区,,,,JPY,design_unit_price_ex_tax,publication_based_not_public,,,2026-10,2026-10-01,nara-shizai-r8-10,16,https://www.pref.nara.lg.jp/documents/8708/r0810nara_materialprice.pdf,restricted,e3f68248312e,原本で『○＝刊行物単価使用』。県は規格だけを載せ、単価は載せていない(市販の物価資料の値)。公的に公開された値は存在しない。
9e5edc5ff20e9628,JP,material,生コンクリート・モルタル,生コンクリート,普通(小型車) ２４－１２－２５（２０）,m3,pref_area,29,奈良県,5地区,,,,JPY,design_unit_price_ex_tax,published_restricted_not_copied,,,2026-10,2026-10-01,nara-shizai-r8-10,16,https://www.pref.nara.lg.jp/documents/8708/r0810nara_materialprice.pdf,restricted,e3f68248312e,県が独自調査で値を載せている。利用条件が私的使用・引用のみのため値は写していない。原本を見ること。
de001aaf4b4a52bd,JP,material,生コンクリート・モルタル,生コンクリート,普通(小型車) ２４－１２－２５（２０）,m3,pref_area,29,奈良県,6地区,,,,JPY,design_unit_price_ex_tax,publication_based_not_public,,,2026-10,2026-10-01,nara-shizai-r8-10,16,https://www.pref.nara.lg.jp/documents/8708/r0810nara_materialprice.pdf,restricted,e3f68248312e,原本で『○＝刊行物単価使用』。県は規格だけを載せ、単価は載せていない(市販の物価資料の値)。公的に公開された値は存在しない。
c5b5b8ae329f035e,JP,material,生コンクリート・モルタル,生コンクリート,普通(小型車) ２４－１２－２５（２０）,m3,pref_area,29,奈良県,7地区,,,,JPY,design_unit_price_ex_tax,published_restricted_not_copied,,,2026-10,2026-10-01,nara-shizai-r8-10,16,https://www.pref.nara.lg.jp/documents/8708/r0810nara_materialprice.pdf,restricted,e3f68248312e,県が独自調査で値を載せている。利用条件が私的使用・引用のみのため値は写していない。原本を見ること。
14022005714f7a02,JP,material,生コンクリート・モルタル,生コンクリート,普通(小型車) ２４－１２－２５（２０）,m3,pref_area,29,奈良県,8地区,,,,JPY,design_unit_price_ex_tax,publication_based_not_public,,,2026-10,2026-10-01,nara-shizai-r8-10,16,https://www.pref.nara.lg.jp/documents/8708/r0810nara_materialprice.pdf,restricted,e3f68248312e,原本で『○＝刊行物単価使用』。県は規格だけを載せ、単価は載せていない(市販の物価資料の値)。公的に公開された値は存在しない。
fafd6debba2f07c4,JP,material,生コンクリート・モルタル,生コンクリート,普通(小型車) ２４－１２－２５（２０）,m3,pref_area,29,奈良県,9地区,,,,JPY,design_unit_price_ex_tax,publication_based_not_public,,,2026-10,2026-10-01,nara-shizai-r8-10,16,https://www.pref.nara.lg.jp/documents/8708/r0810nara_materialprice.pdf,restricted,e3f68248312e,原本で『○＝刊行物単価使用』。県は規格だけを載せ、単価は載せていない(市販の物価資料の値)。公的に公開された値は存在しない。
f6b811d64221220f,JP,material,生コンクリート・モルタル,生コンクリート,普通(小型車) ２４－１２－２５（２０）,m3,pref_area,29,奈良県,10地区,,,,JPY,design_unit_price_ex_tax,publication_based_not_public,,,2026-10,2026-10-01,nara-shizai-r8-10,16,https://www.pref.nara.lg.jp/documents/8708/r0810nara_materialprice.pdf,restricted,e3f68248312e,原本で『○＝刊行物単価使用』。県は規格だけを載せ、単価は載せていない(市販の物価資料の値)。公的に公開された値は存在しない。
a02f268533e1a4dd,JP,material,生コンクリート・モルタル,生コンクリート,普通(小型車) ２４－１２－２５（２０）,m3,pref_area,29,奈良県,11地区,,,,JPY,design_unit_price_ex_tax,published_restricted_not_copied,,,2026-10,2026-10-01,nara-shizai-r8-10,16,https://www.pref.nara.lg.jp/documents/8708/r0810nara_materialprice.pdf,restricted,e3f68248312e,県が独自調査で値を載せている。利用条件が私的使用・引用のみのため値は写していない。原本を見ること。
aa7b051df3233c69,JP,material,生コンクリート・モルタル,生コンクリート,普通(小型車) ２４－１５－２５（２０）,m3,pref_area,29,奈良県,1地区,,,,JPY,design_unit_price_ex_tax,publication_based_not_public,,,2026-10,2026-10-01,nara-shizai-r8-10,16,https://www.pref.nara.lg.jp/documents/8708/r0810nara_materialprice.pdf,restricted,927a311222df,原本で『○＝刊行物単価使用』。県は規格だけを載せ、単価は載せていない(市販の物価資料の値)。公的に公開された値は存在しない。
3c2e269b02d5f187,JP,material,生コンクリート・モルタル,生コンクリート,普通(小型車) ２４－１５－２５（２０）,m3,pref_area,29,奈良県,2地区,,,,JPY,design_unit_price_ex_tax,publication_based_not_public,,,2026-10,2026-10-01,nara-shizai-r8-10,16,https://www.pref.nara.lg.jp/documents/8708/r0810nara_materialprice.pdf,restricted,927a311222df,原本で『○＝刊行物単価使用』。県は規格だけを載せ、単価は載せていない(市販の物価資料の値)。公的に公開された値は存在しない。
6e3dae458dbd0924,JP,material,生コンクリート・モルタル,生コンクリート,普通(小型車) ２４－１５－２５（２０）,m3,pref_area,29,奈良県,3地区,,,,JPY,design_unit_price_ex_tax,publication_based_not_public,,,2026-10,2026-10-01,nara-shizai-r8-10,16,https://www.pref.nara.lg.jp/documents/8708/r0810nara_materialprice.pdf,restricted,927a311222df,原本で『○＝刊行物単価使用』。県は規格だけを載せ、単価は載せていない(市販の物価資料の値)。公的に公開された値は存在しない。
adab10843d5f3571,JP,material,生コンクリート・モルタル,生コンクリート,普通(小型車) ２４－１５－２５（２０）,m3,pref_area,29,奈良県,4地区,,,,JPY,design_unit_price_ex_tax,publication_based_not_public,,,2026-10,2026-10-01,nara-shizai-r8-10,16,https://www.pref.nara.lg.jp/documents/8708/r0810nara_materialprice.pdf,restricted,927a311222df,原本で『○＝刊行物単価使用』。県は規格だけを載せ、単価は載せていない(市販の物価資料の値)。公的に公開された値は存在しない。
5896b0c94e64fa40,JP,material,生コンクリート・モルタル,生コンクリート,普通(小型車) ２４－１５－２５（２０）,m3,pref_area,29,奈良県,5地区,,,,JPY,design_unit_price_ex_tax,published_restricted_not_copied,,,2026-10,2026-10-01,nara-shizai-r8-10,16,https://www.pref.nara.lg.jp/documents/8708/r0810nara_materialprice.pdf,restricted,927a311222df,県が独自調査で値を載せている。利用条件が私的使用・引用のみのため値は写していない。原本を見ること。
3b3629c18c89dbe4,JP,material,生コンクリート・モルタル,生コンクリート,普通(小型車) ２４－１５－２５（２０）,m3,pref_area,29,奈良県,6地区,,,,JPY,design_unit_price_ex_tax,publication_based_not_public,,,2026-10,2026-10-01,nara-shizai-r8-10,16,https://www.pref.nara.lg.jp/documents/8708/r0810nara_materialprice.pdf,restricted,927a311222df,原本で『○＝刊行物単価使用』。県は規格だけを載せ、単価は載せていない(市販の物価資料の値)。公的に公開された値は存在しない。
46942446885e1139,JP,material,生コンクリート・モルタル,生コンクリート,普通(小型車) ２４－１５－２５（２０）,m3,pref_area,29,奈良県,7地区,,,,JPY,design_unit_price_ex_tax,published_restricted_not_copied,,,2026-10,2026-10-01,nara-shizai-r8-10,16,https://www.pref.nara.lg.jp/documents/8708/r0810nara_materialprice.pdf,restricted,927a311222df,県が独自調査で値を載せている。利用条件が私的使用・引用のみのため値は写していない。原本を見ること。
4b0b4df189fdf4ae,JP,material,生コンクリート・モルタル,生コンクリート,普通(小型車) ２４－１５－２５（２０）,m3,pref_area,29,奈良県,8地区,,,,JPY,design_unit_price_ex_tax,publication_based_not_public,,,2026-10,2026-10-01,nara-shizai-r8-10,16,https://www.pref.nara.lg.jp/documents/8708/r0810nara_materialprice.pdf,restricted,927a311222df,原本で『○＝刊行物単価使用』。県は規格だけを載せ、単価は載せていない(市販の物価資料の値)。公的に公開された値は存在しない。
3790f10e26f4bb34,JP,material,生コンクリート・モルタル,生コンクリート,普通(小型車) ２４－１５－２５（２０）,m3,pref_area,29,奈良県,9地区,,,,JPY,design_unit_price_ex_tax,publication_based_not_public,,,2026-10,2026-10-01,nara-shizai-r8-10,16,https://www.pref.nara.lg.jp/documents/8708/r0810nara_materialprice.pdf,restricted,927a311222df,原本で『○＝刊行物単価使用』。県は規格だけを載せ、単価は載せていない(市販の物価資料の値)。公的に公開された値は存在しない。
bf47b7885c199321,JP,material,生コンクリート・モルタル,生コンクリート,普通(小型車) ２４－１５－２５（２０）,m3,pref_area,29,奈良県,10地区,,,,JPY,design_unit_price_ex_tax,publication_based_not_public,,,2026-10,2026-10-01,nara-shizai-r8-10,16,https://www.pref.nara.lg.jp/documents/8708/r0810nara_materialprice.pdf,restricted,927a311222df,原本で『○＝刊行物単価使用』。県は規格だけを載せ、単価は載せていない(市販の物価資料の値)。公的に公開された値は存在しない。
aa47ccd30ecd977a,JP,material,生コンクリート・モルタル,生コンクリート,普通(小型車) ２４－１５－２５（２０）,m3,pref_area,29,奈良県,11地区,,,,JPY,design_unit_price_ex_tax,published_restricted_not_copied,,,2026-10,2026-10-01,nara-shizai-r8-10,16,https://www.pref.nara.lg.jp/documents/8708/r0810nara_materialprice.pdf,restricted,927a311222df,県が独自調査で値を載せている。利用条件が私的使用・引用のみのため値は写していない。原本を見ること。
6356e75d11fea390,JP,material,生コンクリート・モルタル,生コンクリート,普通(小型車) ２４－１８－２５（２０）,m3,pref_area,29,奈良県,1地区,,,,JPY,design_unit_price_ex_tax,publication_based_not_public,,,2026-10,2026-10-01,nara-shizai-r8-10,16,https://www.pref.nara.lg.jp/documents/8708/r0810nara_materialprice.pdf,restricted,c6e0660e2ce1,原本で『○＝刊行物単価使用』。県は規格だけを載せ、単価は載せていない(市販の物価資料の値)。公的に公開された値は存在しない。
26376b88919d5a54,JP,material,生コンクリート・モルタル,生コンクリート,普通(小型車) ２４－１８－２５（２０）,m3,pref_area,29,奈良県,2地区,,,,JPY,design_unit_price_ex_tax,publication_based_not_public,,,2026-10,2026-10-01,nara-shizai-r8-10,16,https://www.pref.nara.lg.jp/documents/8708/r0810nara_materialprice.pdf,restricted,c6e0660e2ce1,原本で『○＝刊行物単価使用』。県は規格だけを載せ、単価は載せていない(市販の物価資料の値)。公的に公開された値は存在しない。
8430a9670de0e1fc,JP,material,生コンクリート・モルタル,生コンクリート,普通(小型車) ２４－１８－２５（２０）,m3,pref_area,29,奈良県,3地区,,,,JPY,design_unit_price_ex_tax,publication_based_not_public,,,2026-10,2026-10-01,nara-shizai-r8-10,16,https://www.pref.nara.lg.jp/documents/8708/r0810nara_materialprice.pdf,restricted,c6e0660e2ce1,原本で『○＝刊行物単価使用』。県は規格だけを載せ、単価は載せていない(市販の物価資料の値)。公的に公開された値は存在しない。
dd3d9ca203a1c65f,JP,material,生コンクリート・モルタル,生コンクリート,普通(小型車) ２４－１８－２５（２０）,m3,pref_area,29,奈良県,4地区,,,,JPY,design_unit_price_ex_tax,publication_based_not_public,,,2026-10,2026-10-01,nara-shizai-r8-10,16,https://www.pref.nara.lg.jp/documents/8708/r0810nara_materialprice.pdf,restricted,c6e0660e2ce1,原本で『○＝刊行物単価使用』。県は規格だけを載せ、単価は載せていない(市販の物価資料の値)。公的に公開された値は存在しない。
68472367463a784a,JP,material,生コンクリート・モルタル,生コンクリート,普通(小型車) ２４－１８－２５（２０）,m3,pref_area,29,奈良県,5地区,,,,JPY,design_unit_price_ex_tax,published_restricted_not_copied,,,2026-10,2026-10-01,nara-shizai-r8-10,16,https://www.pref.nara.lg.jp/documents/8708/r0810nara_materialprice.pdf,restricted,c6e0660e2ce1,県が独自調査で値を載せている。利用条件が私的使用・引用のみのため値は写していない。原本を見ること。
631216dd25b19804,JP,material,生コンクリート・モルタル,生コンクリート,普通(小型車) ２４－１８－２５（２０）,m3,pref_area,29,奈良県,6地区,,,,JPY,design_unit_price_ex_tax,publication_based_not_public,,,2026-10,2026-10-01,nara-shizai-r8-10,16,https://www.pref.nara.lg.jp/documents/8708/r0810nara_materialprice.pdf,restricted,c6e0660e2ce1,原本で『○＝刊行物単価使用』。県は規格だけを載せ、単価は載せていない(市販の物価資料の値)。公的に公開された値は存在しない。
9e5eb5d11179c292,JP,material,生コンクリート・モルタル,生コンクリート,普通(小型車) ２４－１８－２５（２０）,m3,pref_area,29,奈良県,7地区,,,,JPY,design_unit_price_ex_tax,published_restricted_not_copied,,,2026-10,2026-10-01,nara-shizai-r8-10,16,https://www.pref.nara.lg.jp/documents/8708/r0810nara_materialprice.pdf,restricted,c6e0660e2ce1,県が独自調査で値を載せている。利用条件が私的使用・引用のみのため値は写していない。原本を見ること。
94e06f60eef2a41b,JP,material,生コンクリート・モルタル,生コンクリート,普通(小型車) ２４－１８－２５（２０）,m3,pref_area,29,奈良県,8地区,,,,JPY,design_unit_price_ex_tax,publication_based_not_public,,,2026-10,2026-10-01,nara-shizai-r8-10,16,https://www.pref.nara.lg.jp/documents/8708/r0810nara_materialprice.pdf,restricted,c6e0660e2ce1,原本で『○＝刊行物単価使用』。県は規格だけを載せ、単価は載せていない(市販の物価資料の値)。公的に公開された値は存在しない。
888af9e972acb14d,JP,material,生コンクリート・モルタル,生コンクリート,普通(小型車) ２４－１８－２５（２０）,m3,pref_area,29,奈良県,9地区,,,,JPY,design_unit_price_ex_tax,publication_based_not_public,,,2026-10,2026-10-01,nara-shizai-r8-10,16,https://www.pref.nara.lg.jp/documents/8708/r0810nara_materialprice.pdf,restricted,c6e0660e2ce1,原本で『○＝刊行物単価使用』。県は規格だけを載せ、単価は載せていない(市販の物価資料の値)。公的に公開された値は存在しない。
5f73eedc1c1b5a67,JP,material,生コンクリート・モルタル,生コンクリート,普通(小型車) ２４－１８－２５（２０）,m3,pref_area,29,奈良県,10地区,,,,JPY,design_unit_price_ex_tax,publication_based_not_public,,,2026-10,2026-10-01,nara-shizai-r8-10,16,https://www.pref.nara.lg.jp/documents/8708/r0810nara_materialprice.pdf,restricted,c6e0660e2ce1,原本で『○＝刊行物単価使用』。県は規格だけを載せ、単価は載せていない(市販の物価資料の値)。公的に公開された値は存在しない。
c39d9a262a20dffe,JP,material,生コンクリート・モルタル,生コンクリート,普通(小型車) ２４－１８－２５（２０）,m3,pref_area,29,奈良県,11地区,,,,JPY,design_unit_price_ex_tax,published_restricted_not_copied,,,2026-10,2026-10-01,nara-shizai-r8-10,16,https://www.pref.nara.lg.jp/documents/8708/r0810nara_materialprice.pdf,restricted,c6e0660e2ce1,県が独自調査で値を載せている。利用条件が私的使用・引用のみのため値は写していない。原本を見ること。
698c75e2e8fa4043,JP,material,生コンクリート・モルタル,生コンクリート,普通(小型車) ２７－１５－２５（２０）,m3,pref_area,29,奈良県,1地区,,,,JPY,design_unit_price_ex_tax,publication_based_not_public,,,2026-10,2026-10-01,nara-shizai-r8-10,16,https://www.pref.nara.lg.jp/documents/8708/r0810nara_materialprice.pdf,restricted,b16c05328093,原本で『○＝刊行物単価使用』。県は規格だけを載せ、単価は載せていない(市販の物価資料の値)。公的に公開された値は存在しない。
6ae8ace169d017a5,JP,material,生コンクリート・モルタル,生コンクリート,普通(小型車) ２７－１５－２５（２０）,m3,pref_area,29,奈良県,2地区,,,,JPY,design_unit_price_ex_tax,publication_based_not_public,,,2026-10,2026-10-01,nara-shizai-r8-10,16,https://www.pref.nara.lg.jp/documents/8708/r0810nara_materialprice.pdf,restricted,b16c05328093,原本で『○＝刊行物単価使用』。県は規格だけを載せ、単価は載せていない(市販の物価資料の値)。公的に公開された値は存在しない。
8a836f418d77e9ab,JP,material,生コンクリート・モルタル,生コンクリート,普通(小型車) ２７－１５－２５（２０）,m3,pref_area,29,奈良県,3地区,,,,JPY,design_unit_price_ex_tax,publication_based_not_public,,,2026-10,2026-10-01,nara-shizai-r8-10,16,https://www.pref.nara.lg.jp/documents/8708/r0810nara_materialprice.pdf,restricted,b16c05328093,原本で『○＝刊行物単価使用』。県は規格だけを載せ、単価は載せていない(市販の物価資料の値)。公的に公開された値は存在しない。
58ce796421f22fe6,JP,material,生コンクリート・モルタル,生コンクリート,普通(小型車) ２７－１５－２５（２０）,m3,pref_area,29,奈良県,4地区,,,,JPY,design_unit_price_ex_tax,publication_based_not_public,,,2026-10,2026-10-01,nara-shizai-r8-10,16,https://www.pref.nara.lg.jp/documents/8708/r0810nara_materialprice.pdf,restricted,b16c05328093,原本で『○＝刊行物単価使用』。県は規格だけを載せ、単価は載せていない(市販の物価資料の値)。公的に公開された値は存在しない。
3f9ecd9d2ac13713,JP,material,生コンクリート・モルタル,生コンクリート,普通(小型車) ２７－１５－２５（２０）,m3,pref_area,29,奈良県,5地区,,,,JPY,design_unit_price_ex_tax,published_restricted_not_copied,,,2026-10,2026-10-01,nara-shizai-r8-10,16,https://www.pref.nara.lg.jp/documents/8708/r0810nara_materialprice.pdf,restricted,b16c05328093,県が独自調査で値を載せている。利用条件が私的使用・引用のみのため値は写していない。原本を見ること。
89e06ecc4118baf3,JP,material,生コンクリート・モルタル,生コンクリート,普通(小型車) ２７－１５－２５（２０）,m3,pref_area,29,奈良県,6地区,,,,JPY,design_unit_price_ex_tax,publication_based_not_public,,,2026-10,2026-10-01,nara-shizai-r8-10,16,https://www.pref.nara.lg.jp/documents/8708/r0810nara_materialprice.pdf,restricted,b16c05328093,原本で『○＝刊行物単価使用』。県は規格だけを載せ、単価は載せていない(市販の物価資料の値)。公的に公開された値は存在しない。
f50bb0f05eba0170,JP,material,生コンクリート・モルタル,生コンクリート,普通(小型車) ２７－１５－２５（２０）,m3,pref_area,29,奈良県,7地区,,,,JPY,design_unit_price_ex_tax,published_restricted_not_copied,,,2026-10,2026-10-01,nara-shizai-r8-10,16,https://www.pref.nara.lg.jp/documents/8708/r0810nara_materialprice.pdf,restricted,b16c05328093,県が独自調査で値を載せている。利用条件が私的使用・引用のみのため値は写していない。原本を見ること。
12630d2d29b68091,JP,material,生コンクリート・モルタル,生コンクリート,普通(小型車) ２７－１５－２５（２０）,m3,pref_area,29,奈良県,8地区,,,,JPY,design_unit_price_ex_tax,publication_based_not_public,,,2026-10,2026-10-01,nara-shizai-r8-10,16,https://www.pref.nara.lg.jp/documents/8708/r0810nara_materialprice.pdf,restricted,b16c05328093,原本で『○＝刊行物単価使用』。県は規格だけを載せ、単価は載せていない(市販の物価資料の値)。公的に公開された値は存在しない。
6c506be3f7c5f920,JP,material,生コンクリート・モルタル,生コンクリート,普通(小型車) ２７－１５－２５（２０）,m3,pref_area,29,奈良県,9地区,,,,JPY,design_unit_price_ex_tax,publication_based_not_public,,,2026-10,2026-10-01,nara-shizai-r8-10,16,https://www.pref.nara.lg.jp/documents/8708/r0810nara_materialprice.pdf,restricted,b16c05328093,原本で『○＝刊行物単価使用』。県は規格だけを載せ、単価は載せていない(市販の物価資料の値)。公的に公開された値は存在しない。
2e1ee4d6efdb70f6,JP,material,生コンクリート・モルタル,生コンクリート,普通(小型車) ２７－１５－２５（２０）,m3,pref_area,29,奈良県,10地区,,,,JPY,design_unit_price_ex_tax,publication_based_not_public,,,2026-10,2026-10-01,nara-shizai-r8-10,16,https://www.pref.nara.lg.jp/documents/8708/r0810nara_materialprice.pdf,restricted,b16c05328093,原本で『○＝刊行物単価使用』。県は規格だけを載せ、単価は載せていない(市販の物価資料の値)。公的に公開された値は存在しない。
d2b754fb3fe92240,JP,material,生コンクリート・モルタル,生コンクリート,普通(小型車) ２７－１５－２５（２０）,m3,pref_area,29,奈良県,11地区,,,,JPY,design_unit_price_ex_tax,published_restricted_not_copied,,,2026-10,2026-10-01,nara-shizai-r8-10,16,https://www.pref.nara.lg.jp/documents/8708/r0810nara_materialprice.pdf,restricted,b16c05328093,県が独自調査で値を載せている。利用条件が私的使用・引用のみのため値は写していない。原本を見ること。
7e157794469be233,JP,material,生コンクリート・モルタル,生コンクリート,普通(小型車) ２７－１８－２５（２０）,m3,pref_area,29,奈良県,1地区,,,,JPY,design_unit_price_ex_tax,publication_based_not_public,,,2026-10,2026-10-01,nara-shizai-r8-10,16,https://www.pref.nara.lg.jp/documents/8708/r0810nara_materialprice.pdf,restricted,c5e299a9b28b,原本で『○＝刊行物単価使用』。県は規格だけを載せ、単価は載せていない(市販の物価資料の値)。公的に公開された値は存在しない。
3e24f521753c4118,JP,material,生コンクリート・モルタル,生コンクリート,普通(小型車) ２７－１８－２５（２０）,m3,pref_area,29,奈良県,2地区,,,,JPY,design_unit_price_ex_tax,publication_based_not_public,,,2026-10,2026-10-01,nara-shizai-r8-10,16,https://www.pref.nara.lg.jp/documents/8708/r0810nara_materialprice.pdf,restricted,c5e299a9b28b,原本で『○＝刊行物単価使用』。県は規格だけを載せ、単価は載せていない(市販の物価資料の値)。公的に公開された値は存在しない。
6b85133769d70865,JP,material,生コンクリート・モルタル,生コンクリート,普通(小型車) ２７－１８－２５（２０）,m3,pref_area,29,奈良県,3地区,,,,JPY,design_unit_price_ex_tax,publication_based_not_public,,,2026-10,2026-10-01,nara-shizai-r8-10,16,https://www.pref.nara.lg.jp/documents/8708/r0810nara_materialprice.pdf,restricted,c5e299a9b28b,原本で『○＝刊行物単価使用』。県は規格だけを載せ、単価は載せていない(市販の物価資料の値)。公的に公開された値は存在しない。
3c240b217c8630d8,JP,material,生コンクリート・モルタル,生コンクリート,普通(小型車) ２７－１８－２５（２０）,m3,pref_area,29,奈良県,4地区,,,,JPY,design_unit_price_ex_tax,publication_based_not_public,,,2026-10,2026-10-01,nara-shizai-r8-10,16,https://www.pref.nara.lg.jp/documents/8708/r0810nara_materialprice.pdf,restricted,c5e299a9b28b,原本で『○＝刊行物単価使用』。県は規格だけを載せ、単価は載せていない(市販の物価資料の値)。公的に公開された値は存在しない。
f35245adde8c8d76,JP,material,生コンクリート・モルタル,生コンクリート,普通(小型車) ２７－１８－２５（２０）,m3,pref_area,29,奈良県,5地区,,,,JPY,design_unit_price_ex_tax,published_restricted_not_copied,,,2026-10,2026-10-01,nara-shizai-r8-10,16,https://www.pref.nara.lg.jp/documents/8708/r0810nara_materialprice.pdf,restricted,c5e299a9b28b,県が独自調査で値を載せている。利用条件が私的使用・引用のみのため値は写していない。原本を見ること。
6afcd540becf39bd,JP,material,生コンクリート・モルタル,生コンクリート,普通(小型車) ２７－１８－２５（２０）,m3,pref_area,29,奈良県,6地区,,,,JPY,design_unit_price_ex_tax,publication_based_not_public,,,2026-10,2026-10-01,nara-shizai-r8-10,16,https://www.pref.nara.lg.jp/documents/8708/r0810nara_materialprice.pdf,restricted,c5e299a9b28b,原本で『○＝刊行物単価使用』。県は規格だけを載せ、単価は載せていない(市販の物価資料の値)。公的に公開された値は存在しない。
6dbcdd5dfcbbf82f,JP,material,生コンクリート・モルタル,生コンクリート,普通(小型車) ２７－１８－２５（２０）,m3,pref_area,29,奈良県,7地区,,,,JPY,design_unit_price_ex_tax,published_restricted_not_copied,,,2026-10,2026-10-01,nara-shizai-r8-10,16,https://www.pref.nara.lg.jp/documents/8708/r0810nara_materialprice.pdf,restricted,c5e299a9b28b,県が独自調査で値を載せている。利用条件が私的使用・引用のみのため値は写していない。原本を見ること。
366b41688835bb01,JP,material,生コンクリート・モルタル,生コンクリート,普通(小型車) ２７－１８－２５（２０）,m3,pref_area,29,奈良県,8地区,,,,JPY,design_unit_price_ex_tax,publication_based_not_public,,,2026-10,2026-10-01,nara-shizai-r8-10,16,https://www.pref.nara.lg.jp/documents/8708/r0810nara_materialprice.pdf,restricted,c5e299a9b28b,原本で『○＝刊行物単価使用』。県は規格だけを載せ、単価は載せていない(市販の物価資料の値)。公的に公開された値は存在しない。
e2a37d1b64c6b85b,JP,material,生コンクリート・モルタル,生コンクリート,普通(小型車) ２７－１８－２５（２０）,m3,pref_area,29,奈良県,9地区,,,,JPY,design_unit_price_ex_tax,publication_based_not_public,,,2026-10,2026-10-01,nara-shizai-r8-10,16,https://www.pref.nara.lg.jp/documents/8708/r0810nara_materialprice.pdf,restricted,c5e299a9b28b,原本で『○＝刊行物単価使用』。県は規格だけを載せ、単価は載せていない(市販の物価資料の値)。公的に公開された値は存在しない。
8458a5b40c1616a1,JP,material,生コンクリート・モルタル,生コンクリート,普通(小型車) ２７－１８－２５（２０）,m3,pref_area,29,奈良県,10地区,,,,JPY,design_unit_price_ex_tax,publication_based_not_public,,,2026-10,2026-10-01,nara-shizai-r8-10,16,https://www.pref.nara.lg.jp/documents/8708/r0810nara_materialprice.pdf,restricted,c5e299a9b28b,原本で『○＝刊行物単価使用』。県は規格だけを載せ、単価は載せていない(市販の物価資料の値)。公的に公開された値は存在しない。
def3d2003d90ed53,JP,material,生コンクリート・モルタル,生コンクリート,普通(小型車) ２７－１８－２５（２０）,m3,pref_area,29,奈良県,11地区,,,,JPY,design_unit_price_ex_tax,published_restricted_not_copied,,,2026-10,2026-10-01,nara-shizai-r8-10,16,https://www.pref.nara.lg.jp/documents/8708/r0810nara_materialprice.pdf,restricted,c5e299a9b28b,県が独自調査で値を載せている。利用条件が私的使用・引用のみのため値は写していない。原本を見ること。
88d82e2ff6d246e9,JP,material,生コンクリート・モルタル,生コンクリート,普通(小型車) 18-15-40-N (W/C=55%以下),m3,pref_area,29,奈良県,1地区,,,,JPY,design_unit_price_ex_tax,published_restricted_not_copied,,,2026-10,2026-10-01,nara-shizai-r8-10,16,https://www.pref.nara.lg.jp/documents/8708/r0810nara_materialprice.pdf,restricted,7ce544246bee,県が独自調査で値を載せている。利用条件が私的使用・引用のみのため値は写していない。原本を見ること。
1739e8d32267a025,JP,material,生コンクリート・モルタル,生コンクリート,普通(小型車) 18-15-40-N (W/C=55%以下),m3,pref_area,29,奈良県,2地区,,,,JPY,design_unit_price_ex_tax,published_restricted_not_copied,,,2026-10,2026-10-01,nara-shizai-r8-10,16,https://www.pref.nara.lg.jp/documents/8708/r0810nara_materialprice.pdf,restricted,7ce544246bee,県が独自調査で値を載せている。利用条件が私的使用・引用のみのため値は写していない。原本を見ること。
2e5f0fab03c16987,JP,material,生コンクリート・モルタル,生コンクリート,普通(小型車) 18-15-40-N (W/C=55%以下),m3,pref_area,29,奈良県,3地区,,,,JPY,design_unit_price_ex_tax,published_restricted_not_copied,,,2026-10,2026-10-01,nara-shizai-r8-10,16,https://www.pref.nara.lg.jp/documents/8708/r0810nara_materialprice.pdf,restricted,7ce544246bee,県が独自調査で値を載せている。利用条件が私的使用・引用のみのため値は写していない。原本を見ること。
655307c97f7f469d,JP,material,生コンクリート・モルタル,生コンクリート,普通(小型車) 18-15-40-N (W/C=55%以下),m3,pref_area,29,奈良県,4地区,,,,JPY,design_unit_price_ex_tax,published_restricted_not_copied,,,2026-10,2026-10-01,nara-shizai-r8-10,16,https://www.pref.nara.lg.jp/documents/8708/r0810nara_materialprice.pdf,restricted,7ce544246bee,県が独自調査で値を載せている。利用条件が私的使用・引用のみのため値は写していない。原本を見ること。
d86f27ae2a8bfd95,JP,material,生コンクリート・モルタル,生コンクリート,普通(小型車) 18-15-40-N (W/C=55%以下),m3,pref_area,29,奈良県,5地区,,,,JPY,design_unit_price_ex_tax,published_restricted_not_copied,,,2026-10,2026-10-01,nara-shizai-r8-10,16,https://www.pref.nara.lg.jp/documents/8708/r0810nara_materialprice.pdf,restricted,7ce544246bee,県が独自調査で値を載せている。利用条件が私的使用・引用のみのため値は写していない。原本を見ること。
04921cd246d4a412,JP,material,生コンクリート・モルタル,生コンクリート,普通(小型車) 18-15-40-N (W/C=55%以下),m3,pref_area,29,奈良県,6地区,,,,JPY,design_unit_price_ex_tax,published_restricted_not_copied,,,2026-10,2026-10-01,nara-shizai-r8-10,16,https://www.pref.nara.lg.jp/documents/8708/r0810nara_materialprice.pdf,restricted,7ce544246bee,県が独自調査で値を載せている。利用条件が私的使用・引用のみのため値は写していない。原本を見ること。
a96934a733ee488c,JP,material,生コンクリート・モルタル,生コンクリート,普通(小型車) 18-15-40-N (W/C=55%以下),m3,pref_area,29,奈良県,7地区,,,,JPY,design_unit_price_ex_tax,published_restricted_not_copied,,,2026-10,2026-10-01,nara-shizai-r8-10,16,https://www.pref.nara.lg.jp/documents/8708/r0810nara_materialprice.pdf,restricted,7ce544246bee,県が独自調査で値を載せている。利用条件が私的使用・引用のみのため値は写していない。原本を見ること。
809bcd94a2eb6b62,JP,material,生コンクリート・モルタル,生コンクリート,普通(小型車) 18-15-40-N (W/C=55%以下),m3,pref_area,29,奈良県,8地区,,,,JPY,design_unit_price_ex_tax,published_restricted_not_copied,,,2026-10,2026-10-01,nara-shizai-r8-10,16,https://www.pref.nara.lg.jp/documents/8708/r0810nara_materialprice.pdf,restricted,7ce544246bee,県が独自調査で値を載せている。利用条件が私的使用・引用のみのため値は写していない。原本を見ること。
c15df89839938c10,JP,material,生コンクリート・モルタル,生コンクリート,普通(小型車) 18-15-40-N (W/C=55%以下),m3,pref_area,29,奈良県,9地区,,,,JPY,design_unit_price_ex_tax,published_restricted_not_copied,,,2026-10,2026-10-01,nara-shizai-r8-10,16,https://www.pref.nara.lg.jp/documents/8708/r0810nara_materialprice.pdf,restricted,7ce544246bee,県が独自調査で値を載せている。利用条件が私的使用・引用のみのため値は写していない。原本を見ること。
763ecc333befdf60,JP,material,生コンクリート・モルタル,生コンクリート,普通(小型車) 18-15-40-N (W/C=55%以下),m3,pref_area,29,奈良県,10地区,,,,JPY,design_unit_price_ex_tax,published_restricted_not_copied,,,2026-10,2026-10-01,nara-shizai-r8-10,16,https://www.pref.nara.lg.jp/documents/8708/r0810nara_materialprice.pdf,restricted,7ce544246bee,県が独自調査で値を載せている。利用条件が私的使用・引用のみのため値は写していない。原本を見ること。
463d9dbdff8e3319,JP,material,生コンクリート・モルタル,生コンクリート,普通(小型車) 18-15-40-N (W/C=55%以下),m3,pref_area,29,奈良県,11地区,,,,JPY,design_unit_price_ex_tax,published_restricted_not_copied,,,2026-10,2026-10-01,nara-shizai-r8-10,16,https://www.pref.nara.lg.jp/documents/8708/r0810nara_materialprice.pdf,restricted,7ce544246bee,県が独自調査で値を載せている。利用条件が私的使用・引用のみのため値は写していない。原本を見ること。
c1f8ffd3fe18f783,JP,material,生コンクリート・モルタル,生コンクリート,普通(小型車) 21- 5-40-N (W/C=60%以下),m3,pref_area,29,奈良県,1地区,,,,JPY,design_unit_price_ex_tax,publication_based_not_public,,,2026-10,2026-10-01,nara-shizai-r8-10,16,https://www.pref.nara.lg.jp/documents/8708/r0810nara_materialprice.pdf,restricted,f951ef062788,原本で『○＝刊行物単価使用』。県は規格だけを載せ、単価は載せていない(市販の物価資料の値)。公的に公開された値は存在しない。
305fa1d315708f00,JP,material,生コンクリート・モルタル,生コンクリート,普通(小型車) 21- 5-40-N (W/C=60%以下),m3,pref_area,29,奈良県,2地区,,,,JPY,design_unit_price_ex_tax,publication_based_not_public,,,2026-10,2026-10-01,nara-shizai-r8-10,16,https://www.pref.nara.lg.jp/documents/8708/r0810nara_materialprice.pdf,restricted,f951ef062788,原本で『○＝刊行物単価使用』。県は規格だけを載せ、単価は載せていない(市販の物価資料の値)。公的に公開された値は存在しない。
5ba686b4afe0934b,JP,material,生コンクリート・モルタル,生コンクリート,普通(小型車) 21- 5-40-N (W/C=60%以下),m3,pref_area,29,奈良県,3地区,,,,JPY,design_unit_price_ex_tax,publication_based_not_public,,,2026-10,2026-10-01,nara-shizai-r8-10,16,https://www.pref.nara.lg.jp/documents/8708/r0810nara_materialprice.pdf,restricted,f951ef062788,原本で『○＝刊行物単価使用』。県は規格だけを載せ、単価は載せていない(市販の物価資料の値)。公的に公開された値は存在しない。
e45833411157e794,JP,material,生コンクリート・モルタル,生コンクリート,普通(小型車) 21- 5-40-N (W/C=60%以下),m3,pref_area,29,奈良県,4地区,,,,JPY,design_unit_price_ex_tax,publication_based_not_public,,,2026-10,2026-10-01,nara-shizai-r8-10,16,https://www.pref.nara.lg.jp/documents/8708/r0810nara_materialprice.pdf,restricted,f951ef062788,原本で『○＝刊行物単価使用』。県は規格だけを載せ、単価は載せていない(市販の物価資料の値)。公的に公開された値は存在しない。
51be1ae574dfe42e,JP,material,生コンクリート・モルタル,生コンクリート,普通(小型車) 21- 5-40-N (W/C=60%以下),m3,pref_area,29,奈良県,5地区,,,,JPY,design_unit_price_ex_tax,published_restricted_not_copied,,,2026-10,2026-10-01,nara-shizai-r8-10,16,https://www.pref.nara.lg.jp/documents/8708/r0810nara_materialprice.pdf,restricted,f951ef062788,県が独自調査で値を載せている。利用条件が私的使用・引用のみのため値は写していない。原本を見ること。
22b884a1830b9be2,JP,material,生コンクリート・モルタル,生コンクリート,普通(小型車) 21- 5-40-N (W/C=60%以下),m3,pref_area,29,奈良県,6地区,,,,JPY,design_unit_price_ex_tax,publication_based_not_public,,,2026-10,2026-10-01,nara-shizai-r8-10,16,https://www.pref.nara.lg.jp/documents/8708/r0810nara_materialprice.pdf,restricted,f951ef062788,原本で『○＝刊行物単価使用』。県は規格だけを載せ、単価は載せていない(市販の物価資料の値)。公的に公開された値は存在しない。
c5415724a7861076,JP,material,生コンクリート・モルタル,生コンクリート,普通(小型車) 21- 5-40-N (W/C=60%以下),m3,pref_area,29,奈良県,7地区,,,,JPY,design_unit_price_ex_tax,published_restricted_not_copied,,,2026-10,2026-10-01,nara-shizai-r8-10,16,https://www.pref.nara.lg.jp/documents/8708/r0810nara_materialprice.pdf,restricted,f951ef062788,県が独自調査で値を載せている。利用条件が私的使用・引用のみのため値は写していない。原本を見ること。
8fe2e35270448e93,JP,material,生コンクリート・モルタル,生コンクリート,普通(小型車) 21- 5-40-N (W/C=60%以下),m3,pref_area,29,奈良県,8地区,,,,JPY,design_unit_price_ex_tax,publication_based_not_public,,,2026-10,2026-10-01,nara-shizai-r8-10,16,https://www.pref.nara.lg.jp/documents/8708/r0810nara_materialprice.pdf,restricted,f951ef062788,原本で『○＝刊行物単価使用』。県は規格だけを載せ、単価は載せていない(市販の物価資料の値)。公的に公開された値は存在しない。
58e00c599a87c2df,JP,material,生コンクリート・モルタル,生コンクリート,普通(小型車) 21- 5-40-N (W/C=60%以下),m3,pref_area,29,奈良県,9地区,,,,JPY,design_unit_price_ex_tax,publication_based_not_public,,,2026-10,2026-10-01,nara-shizai-r8-10,16,https://www.pref.nara.lg.jp/documents/8708/r0810nara_materialprice.pdf,restricted,f951ef062788,原本で『○＝刊行物単価使用』。県は規格だけを載せ、単価は載せていない(市販の物価資料の値)。公的に公開された値は存在しない。
3d5a960d1cae7193,JP,material,生コンクリート・モルタル,生コンクリート,普通(小型車) 21- 5-40-N (W/C=60%以下),m3,pref_area,29,奈良県,10地区,,,,JPY,design_unit_price_ex_tax,publication_based_not_public,,,2026-10,2026-10-01,nara-shizai-r8-10,16,https://www.pref.nara.lg.jp/documents/8708/r0810nara_materialprice.pdf,restricted,f951ef062788,原本で『○＝刊行物単価使用』。県は規格だけを載せ、単価は載せていない(市販の物価資料の値)。公的に公開された値は存在しない。
a9a798f54377d0f5,JP,material,生コンクリート・モルタル,生コンクリート,普通(小型車) 21- 5-40-N (W/C=60%以下),m3,pref_area,29,奈良県,11地区,,,,JPY,design_unit_price_ex_tax,published_restricted_not_copied,,,2026-10,2026-10-01,nara-shizai-r8-10,16,https://www.pref.nara.lg.jp/documents/8708/r0810nara_materialprice.pdf,restricted,f951ef062788,県が独自調査で値を載せている。利用条件が私的使用・引用のみのため値は写していない。原本を見ること。
8314c1a4cf735785,JP,material,生コンクリート・モルタル,生コンクリート,普通(小型車) 21- 8-25(20)-N (W/C=60%以下),m3,pref_area,29,奈良県,1地区,,,,JPY,design_unit_price_ex_tax,publication_based_not_public,,,2026-10,2026-10-01,nara-shizai-r8-10,16,https://www.pref.nara.lg.jp/documents/8708/r0810nara_materialprice.pdf,restricted,ac58ddb9e66a,原本で『○＝刊行物単価使用』。県は規格だけを載せ、単価は載せていない(市販の物価資料の値)。公的に公開された値は存在しない。
77bf3f9cf3400899,JP,material,生コンクリート・モルタル,生コンクリート,普通(小型車) 21- 8-25(20)-N (W/C=60%以下),m3,pref_area,29,奈良県,2地区,,,,JPY,design_unit_price_ex_tax,publication_based_not_public,,,2026-10,2026-10-01,nara-shizai-r8-10,16,https://www.pref.nara.lg.jp/documents/8708/r0810nara_materialprice.pdf,restricted,ac58ddb9e66a,原本で『○＝刊行物単価使用』。県は規格だけを載せ、単価は載せていない(市販の物価資料の値)。公的に公開された値は存在しない。
45caaa1522ec2c70,JP,material,生コンクリート・モルタル,生コンクリート,普通(小型車) 21- 8-25(20)-N (W/C=60%以下),m3,pref_area,29,奈良県,3地区,,,,JPY,design_unit_price_ex_tax,publication_based_not_public,,,2026-10,2026-10-01,nara-shizai-r8-10,16,https://www.pref.nara.lg.jp/documents/8708/r0810nara_materialprice.pdf,restricted,ac58ddb9e66a,原本で『○＝刊行物単価使用』。県は規格だけを載せ、単価は載せていない(市販の物価資料の値)。公的に公開された値は存在しない。
bc1d69c16af0be3a,JP,material,生コンクリート・モルタル,生コンクリート,普通(小型車) 21- 8-25(20)-N (W/C=60%以下),m3,pref_area,29,奈良県,4地区,,,,JPY,design_unit_price_ex_tax,publication_based_not_public,,,2026-10,2026-10-01,nara-shizai-r8-10,16,https://www.pref.nara.lg.jp/documents/8708/r0810nara_materialprice.pdf,restricted,ac58ddb9e66a,原本で『○＝刊行物単価使用』。県は規格だけを載せ、単価は載せていない(市販の物価資料の値)。公的に公開された値は存在しない。
6a09a50f505e98d2,JP,material,生コンクリート・モルタル,生コンクリート,普通(小型車) 21- 8-25(20)-N (W/C=60%以下),m3,pref_area,29,奈良県,5地区,,,,JPY,design_unit_price_ex_tax,published_restricted_not_copied,,,2026-10,2026-10-01,nara-shizai-r8-10,16,https://www.pref.nara.lg.jp/documents/8708/r0810nara_materialprice.pdf,restricted,ac58ddb9e66a,県が独自調査で値を載せている。利用条件が私的使用・引用のみのため値は写していない。原本を見ること。
4e463efae20e3226,JP,material,生コンクリート・モルタル,生コンクリート,普通(小型車) 21- 8-25(20)-N (W/C=60%以下),m3,pref_area,29,奈良県,6地区,,,,JPY,design_unit_price_ex_tax,publication_based_not_public,,,2026-10,2026-10-01,nara-shizai-r8-10,16,https://www.pref.nara.lg.jp/documents/8708/r0810nara_materialprice.pdf,restricted,ac58ddb9e66a,原本で『○＝刊行物単価使用』。県は規格だけを載せ、単価は載せていない(市販の物価資料の値)。公的に公開された値は存在しない。
519a34f35eb8d511,JP,material,生コンクリート・モルタル,生コンクリート,普通(小型車) 21- 8-25(20)-N (W/C=60%以下),m3,pref_area,29,奈良県,7地区,,,,JPY,design_unit_price_ex_tax,published_restricted_not_copied,,,2026-10,2026-10-01,nara-shizai-r8-10,16,https://www.pref.nara.lg.jp/documents/8708/r0810nara_materialprice.pdf,restricted,ac58ddb9e66a,県が独自調査で値を載せている。利用条件が私的使用・引用のみのため値は写していない。原本を見ること。
6b2253b19f8d0bec,JP,material,生コンクリート・モルタル,生コンクリート,普通(小型車) 21- 8-25(20)-N (W/C=60%以下),m3,pref_area,29,奈良県,8地区,,,,JPY,design_unit_price_ex_tax,publication_based_not_public,,,2026-10,2026-10-01,nara-shizai-r8-10,16,https://www.pref.nara.lg.jp/documents/8708/r0810nara_materialprice.pdf,restricted,ac58ddb9e66a,原本で『○＝刊行物単価使用』。県は規格だけを載せ、単価は載せていない(市販の物価資料の値)。公的に公開された値は存在しない。
38fad7b5723ff82d,JP,material,生コンクリート・モルタル,生コンクリート,普通(小型車) 21- 8-25(20)-N (W/C=60%以下),m3,pref_area,29,奈良県,9地区,,,,JPY,design_unit_price_ex_tax,publication_based_not_public,,,2026-10,2026-10-01,nara-shizai-r8-10,16,https://www.pref.nara.lg.jp/documents/8708/r0810nara_materialprice.pdf,restricted,ac58ddb9e66a,原本で『○＝刊行物単価使用』。県は規格だけを載せ、単価は載せていない(市販の物価資料の値)。公的に公開された値は存在しない。
b98cca8f7cbde86b,JP,material,生コンクリート・モルタル,生コンクリート,普通(小型車) 21- 8-25(20)-N (W/C=60%以下),m3,pref_area,29,奈良県,10地区,,,,JPY,design_unit_price_ex_tax,publication_based_not_public,,,2026-10,2026-10-01,nara-shizai-r8-10,16,https://www.pref.nara.lg.jp/documents/8708/r0810nara_materialprice.pdf,restricted,ac58ddb9e66a,原本で『○＝刊行物単価使用』。県は規格だけを載せ、単価は載せていない(市販の物価資料の値)。公的に公開された値は存在しない。
094076529d52f339,JP,material,生コンクリート・モルタル,生コンクリート,普通(小型車) 21- 8-25(20)-N (W/C=60%以下),m3,pref_area,29,奈良県,11地区,,,,JPY,design_unit_price_ex_tax,published_restricted_not_copied,,,2026-10,2026-10-01,nara-shizai-r8-10,16,https://www.pref.nara.lg.jp/documents/8708/r0810nara_materialprice.pdf,restricted,ac58ddb9e66a,県が独自調査で値を載せている。利用条件が私的使用・引用のみのため値は写していない。原本を見ること。
dbfe50ad346d7396,JP,material,生コンクリート・モルタル,生コンクリート,普通(小型車) 21- 8-40-N (W/C=60%以下),m3,pref_area,29,奈良県,1地区,,,,JPY,design_unit_price_ex_tax,publication_based_not_public,,,2026-10,2026-10-01,nara-shizai-r8-10,16,https://www.pref.nara.lg.jp/documents/8708/r0810nara_materialprice.pdf,restricted,f27b5e5de064,原本で『○＝刊行物単価使用』。県は規格だけを載せ、単価は載せていない(市販の物価資料の値)。公的に公開された値は存在しない。
e6c1e603f9e860e2,JP,material,生コンクリート・モルタル,生コンクリート,普通(小型車) 21- 8-40-N (W/C=60%以下),m3,pref_area,29,奈良県,2地区,,,,JPY,design_unit_price_ex_tax,publication_based_not_public,,,2026-10,2026-10-01,nara-shizai-r8-10,16,https://www.pref.nara.lg.jp/documents/8708/r0810nara_materialprice.pdf,restricted,f27b5e5de064,原本で『○＝刊行物単価使用』。県は規格だけを載せ、単価は載せていない(市販の物価資料の値)。公的に公開された値は存在しない。
3efbb03427f2f511,JP,material,生コンクリート・モルタル,生コンクリート,普通(小型車) 21- 8-40-N (W/C=60%以下),m3,pref_area,29,奈良県,3地区,,,,JPY,design_unit_price_ex_tax,publication_based_not_public,,,2026-10,2026-10-01,nara-shizai-r8-10,16,https://www.pref.nara.lg.jp/documents/8708/r0810nara_materialprice.pdf,restricted,f27b5e5de064,原本で『○＝刊行物単価使用』。県は規格だけを載せ、単価は載せていない(市販の物価資料の値)。公的に公開された値は存在しない。
3d1674ab3b9aa87d,JP,material,生コンクリート・モルタル,生コンクリート,普通(小型車) 21- 8-40-N (W/C=60%以下),m3,pref_area,29,奈良県,4地区,,,,JPY,design_unit_price_ex_tax,publication_based_not_public,,,2026-10,2026-10-01,nara-shizai-r8-10,16,https://www.pref.nara.lg.jp/documents/8708/r0810nara_materialprice.pdf,restricted,f27b5e5de064,原本で『○＝刊行物単価使用』。県は規格だけを載せ、単価は載せていない(市販の物価資料の値)。公的に公開された値は存在しない。
0b85e9bc7162a441,JP,material,生コンクリート・モルタル,生コンクリート,普通(小型車) 21- 8-40-N (W/C=60%以下),m3,pref_area,29,奈良県,5地区,,,,JPY,design_unit_price_ex_tax,published_restricted_not_copied,,,2026-10,2026-10-01,nara-shizai-r8-10,16,https://www.pref.nara.lg.jp/documents/8708/r0810nara_materialprice.pdf,restricted,f27b5e5de064,県が独自調査で値を載せている。利用条件が私的使用・引用のみのため値は写していない。原本を見ること。
d24f88b0619554c9,JP,material,生コンクリート・モルタル,生コンクリート,普通(小型車) 21- 8-40-N (W/C=60%以下),m3,pref_area,29,奈良県,6地区,,,,JPY,design_unit_price_ex_tax,publication_based_not_public,,,2026-10,2026-10-01,nara-shizai-r8-10,16,https://www.pref.nara.lg.jp/documents/8708/r0810nara_materialprice.pdf,restricted,f27b5e5de064,原本で『○＝刊行物単価使用』。県は規格だけを載せ、単価は載せていない(市販の物価資料の値)。公的に公開された値は存在しない。
677db57f8d0df82d,JP,material,生コンクリート・モルタル,生コンクリート,普通(小型車) 21- 8-40-N (W/C=60%以下),m3,pref_area,29,奈良県,7地区,,,,JPY,design_unit_price_ex_tax,published_restricted_not_copied,,,2026-10,2026-10-01,nara-shizai-r8-10,16,https://www.pref.nara.lg.jp/documents/8708/r0810nara_materialprice.pdf,restricted,f27b5e5de064,県が独自調査で値を載せている。利用条件が私的使用・引用のみのため値は写していない。原本を見ること。
a01190ac7e1d741c,JP,material,生コンクリート・モルタル,生コンクリート,普通(小型車) 21- 8-40-N (W/C=60%以下),m3,pref_area,29,奈良県,8地区,,,,JPY,design_unit_price_ex_tax,publication_based_not_public,,,2026-10,2026-10-01,nara-shizai-r8-10,16,https://www.pref.nara.lg.jp/documents/8708/r0810nara_materialprice.pdf,restricted,f27b5e5de064,原本で『○＝刊行物単価使用』。県は規格だけを載せ、単価は載せていない(市販の物価資料の値)。公的に公開された値は存在しない。
f659bb98c9017791,JP,material,生コンクリート・モルタル,生コンクリート,普通(小型車) 21- 8-40-N (W/C=60%以下),m3,pref_area,29,奈良県,9地区,,,,JPY,design_unit_price_ex_tax,publication_based_not_public,,,2026-10,2026-10-01,nara-shizai-r8-10,16,https://www.pref.nara.lg.jp/documents/8708/r0810nara_materialprice.pdf,restricted,f27b5e5de064,原本で『○＝刊行物単価使用』。県は規格だけを載せ、単価は載せていない(市販の物価資料の値)。公的に公開された値は存在しない。
4f3f03d0d9ec5b6b,JP,material,生コンクリート・モルタル,生コンクリート,普通(小型車) 21- 8-40-N (W/C=60%以下),m3,pref_area,29,奈良県,10地区,,,,JPY,design_unit_price_ex_tax,publication_based_not_public,,,2026-10,2026-10-01,nara-shizai-r8-10,16,https://www.pref.nara.lg.jp/documents/8708/r0810nara_materialprice.pdf,restricted,f27b5e5de064,原本で『○＝刊行物単価使用』。県は規格だけを載せ、単価は載せていない(市販の物価資料の値)。公的に公開された値は存在しない。
0a3f5c4a378aa034,JP,material,生コンクリート・モルタル,生コンクリート,普通(小型車) 21- 8-40-N (W/C=60%以下),m3,pref_area,29,奈良県,11地区,,,,JPY,design_unit_price_ex_tax,published_restricted_not_copied,,,2026-10,2026-10-01,nara-shizai-r8-10,16,https://www.pref.nara.lg.jp/documents/8708/r0810nara_materialprice.pdf,restricted,f27b5e5de064,県が独自調査で値を載せている。利用条件が私的使用・引用のみのため値は写していない。原本を見ること。
2b0f42251b712594,JP,material,生コンクリート・モルタル,生コンクリート,普通(小型車) 21-12-40-N (W/C=60%以下),m3,pref_area,29,奈良県,1地区,,,,JPY,design_unit_price_ex_tax,publication_based_not_public,,,2026-10,2026-10-01,nara-shizai-r8-10,16,https://www.pref.nara.lg.jp/documents/8708/r0810nara_materialprice.pdf,restricted,a037fe701a80,原本で『○＝刊行物単価使用』。県は規格だけを載せ、単価は載せていない(市販の物価資料の値)。公的に公開された値は存在しない。
bb2b59047d512cc1,JP,material,生コンクリート・モルタル,生コンクリート,普通(小型車) 21-12-40-N (W/C=60%以下),m3,pref_area,29,奈良県,2地区,,,,JPY,design_unit_price_ex_tax,publication_based_not_public,,,2026-10,2026-10-01,nara-shizai-r8-10,16,https://www.pref.nara.lg.jp/documents/8708/r0810nara_materialprice.pdf,restricted,a037fe701a80,原本で『○＝刊行物単価使用』。県は規格だけを載せ、単価は載せていない(市販の物価資料の値)。公的に公開された値は存在しない。
31b7f5138e71da9b,JP,material,生コンクリート・モルタル,生コンクリート,普通(小型車) 21-12-40-N (W/C=60%以下),m3,pref_area,29,奈良県,3地区,,,,JPY,design_unit_price_ex_tax,publication_based_not_public,,,2026-10,2026-10-01,nara-shizai-r8-10,16,https://www.pref.nara.lg.jp/documents/8708/r0810nara_materialprice.pdf,restricted,a037fe701a80,原本で『○＝刊行物単価使用』。県は規格だけを載せ、単価は載せていない(市販の物価資料の値)。公的に公開された値は存在しない。
6ad9e61e4020c71f,JP,material,生コンクリート・モルタル,生コンクリート,普通(小型車) 21-12-40-N (W/C=60%以下),m3,pref_area,29,奈良県,4地区,,,,JPY,design_unit_price_ex_tax,publication_based_not_public,,,2026-10,2026-10-01,nara-shizai-r8-10,16,https://www.pref.nara.lg.jp/documents/8708/r0810nara_materialprice.pdf,restricted,a037fe701a80,原本で『○＝刊行物単価使用』。県は規格だけを載せ、単価は載せていない(市販の物価資料の値)。公的に公開された値は存在しない。
039bd617bca2a22d,JP,material,生コンクリート・モルタル,生コンクリート,普通(小型車) 21-12-40-N (W/C=60%以下),m3,pref_area,29,奈良県,5地区,,,,JPY,design_unit_price_ex_tax,published_restricted_not_copied,,,2026-10,2026-10-01,nara-shizai-r8-10,16,https://www.pref.nara.lg.jp/documents/8708/r0810nara_materialprice.pdf,restricted,a037fe701a80,県が独自調査で値を載せている。利用条件が私的使用・引用のみのため値は写していない。原本を見ること。
3f7e282604435d52,JP,material,生コンクリート・モルタル,生コンクリート,普通(小型車) 21-12-40-N (W/C=60%以下),m3,pref_area,29,奈良県,6地区,,,,JPY,design_unit_price_ex_tax,publication_based_not_public,,,2026-10,2026-10-01,nara-shizai-r8-10,16,https://www.pref.nara.lg.jp/documents/8708/r0810nara_materialprice.pdf,restricted,a037fe701a80,原本で『○＝刊行物単価使用』。県は規格だけを載せ、単価は載せていない(市販の物価資料の値)。公的に公開された値は存在しない。
1cd97ae705a68c44,JP,material,生コンクリート・モルタル,生コンクリート,普通(小型車) 21-12-40-N (W/C=60%以下),m3,pref_area,29,奈良県,7地区,,,,JPY,design_unit_price_ex_tax,published_restricted_not_copied,,,2026-10,2026-10-01,nara-shizai-r8-10,16,https://www.pref.nara.lg.jp/documents/8708/r0810nara_materialprice.pdf,restricted,a037fe701a80,県が独自調査で値を載せている。利用条件が私的使用・引用のみのため値は写していない。原本を見ること。
db3a95814199e232,JP,material,生コンクリート・モルタル,生コンクリート,普通(小型車) 21-12-40-N (W/C=60%以下),m3,pref_area,29,奈良県,8地区,,,,JPY,design_unit_price_ex_tax,publication_based_not_public,,,2026-10,2026-10-01,nara-shizai-r8-10,16,https://www.pref.nara.lg.jp/documents/8708/r0810nara_materialprice.pdf,restricted,a037fe701a80,原本で『○＝刊行物単価使用』。県は規格だけを載せ、単価は載せていない(市販の物価資料の値)。公的に公開された値は存在しない。
a6183d89593e8ce8,JP,material,生コンクリート・モルタル,生コンクリート,普通(小型車) 21-12-40-N (W/C=60%以下),m3,pref_area,29,奈良県,9地区,,,,JPY,design_unit_price_ex_tax,publication_based_not_public,,,2026-10,2026-10-01,nara-shizai-r8-10,16,https://www.pref.nara.lg.jp/documents/8708/r0810nara_materialprice.pdf,restricted,a037fe701a80,原本で『○＝刊行物単価使用』。県は規格だけを載せ、単価は載せていない(市販の物価資料の値)。公的に公開された値は存在しない。
feb9e5c14f0ca277,JP,material,生コンクリート・モルタル,生コンクリート,普通(小型車) 21-12-40-N (W/C=60%以下),m3,pref_area,29,奈良県,10地区,,,,JPY,design_unit_price_ex_tax,publication_based_not_public,,,2026-10,2026-10-01,nara-shizai-r8-10,16,https://www.pref.nara.lg.jp/documents/8708/r0810nara_materialprice.pdf,restricted,a037fe701a80,原本で『○＝刊行物単価使用』。県は規格だけを載せ、単価は載せていない(市販の物価資料の値)。公的に公開された値は存在しない。
e13477da4ab872e3,JP,material,生コンクリート・モルタル,生コンクリート,普通(小型車) 21-12-40-N (W/C=60%以下),m3,pref_area,29,奈良県,11地区,,,,JPY,design_unit_price_ex_tax,published_restricted_not_copied,,,2026-10,2026-10-01,nara-shizai-r8-10,16,https://www.pref.nara.lg.jp/documents/8708/r0810nara_materialprice.pdf,restricted,a037fe701a80,県が独自調査で値を載せている。利用条件が私的使用・引用のみのため値は写していない。原本を見ること。
005155430bb45040,JP,material,生コンクリート・モルタル,生コンクリート,普通(小型車) 21-15-25(20)-N (W/C=60%以下),m3,pref_area,29,奈良県,1地区,,,,JPY,design_unit_price_ex_tax,publication_based_not_public,,,2026-10,2026-10-01,nara-shizai-r8-10,16,https://www.pref.nara.lg.jp/documents/8708/r0810nara_materialprice.pdf,restricted,28b90f686168,原本で『○＝刊行物単価使用』。県は規格だけを載せ、単価は載せていない(市販の物価資料の値)。公的に公開された値は存在しない。
a660001db823c3f4,JP,material,生コンクリート・モルタル,生コンクリート,普通(小型車) 21-15-25(20)-N (W/C=60%以下),m3,pref_area,29,奈良県,2地区,,,,JPY,design_unit_price_ex_tax,publication_based_not_public,,,2026-10,2026-10-01,nara-shizai-r8-10,16,https://www.pref.nara.lg.jp/documents/8708/r0810nara_materialprice.pdf,restricted,28b90f686168,原本で『○＝刊行物単価使用』。県は規格だけを載せ、単価は載せていない(市販の物価資料の値)。公的に公開された値は存在しない。
667d8d7d486cc5a9,JP,material,生コンクリート・モルタル,生コンクリート,普通(小型車) 21-15-25(20)-N (W/C=60%以下),m3,pref_area,29,奈良県,3地区,,,,JPY,design_unit_price_ex_tax,publication_based_not_public,,,2026-10,2026-10-01,nara-shizai-r8-10,16,https://www.pref.nara.lg.jp/documents/8708/r0810nara_materialprice.pdf,restricted,28b90f686168,原本で『○＝刊行物単価使用』。県は規格だけを載せ、単価は載せていない(市販の物価資料の値)。公的に公開された値は存在しない。
1dd74bc796767aaa,JP,material,生コンクリート・モルタル,生コンクリート,普通(小型車) 21-15-25(20)-N (W/C=60%以下),m3,pref_area,29,奈良県,4地区,,,,JPY,design_unit_price_ex_tax,publication_based_not_public,,,2026-10,2026-10-01,nara-shizai-r8-10,16,https://www.pref.nara.lg.jp/documents/8708/r0810nara_materialprice.pdf,restricted,28b90f686168,原本で『○＝刊行物単価使用』。県は規格だけを載せ、単価は載せていない(市販の物価資料の値)。公的に公開された値は存在しない。
8889be41e24b962e,JP,material,生コンクリート・モルタル,生コンクリート,普通(小型車) 21-15-25(20)-N (W/C=60%以下),m3,pref_area,29,奈良県,5地区,,,,JPY,design_unit_price_ex_tax,published_restricted_not_copied,,,2026-10,2026-10-01,nara-shizai-r8-10,16,https://www.pref.nara.lg.jp/documents/8708/r0810nara_materialprice.pdf,restricted,28b90f686168,県が独自調査で値を載せている。利用条件が私的使用・引用のみのため値は写していない。原本を見ること。
89a00308896b59a2,JP,material,生コンクリート・モルタル,生コンクリート,普通(小型車) 21-15-25(20)-N (W/C=60%以下),m3,pref_area,29,奈良県,6地区,,,,JPY,design_unit_price_ex_tax,publication_based_not_public,,,2026-10,2026-10-01,nara-shizai-r8-10,16,https://www.pref.nara.lg.jp/documents/8708/r0810nara_materialprice.pdf,restricted,28b90f686168,原本で『○＝刊行物単価使用』。県は規格だけを載せ、単価は載せていない(市販の物価資料の値)。公的に公開された値は存在しない。
1c7ff44fd880b042,JP,material,生コンクリート・モルタル,生コンクリート,普通(小型車) 21-15-25(20)-N (W/C=60%以下),m3,pref_area,29,奈良県,7地区,,,,JPY,design_unit_price_ex_tax,published_restricted_not_copied,,,2026-10,2026-10-01,nara-shizai-r8-10,16,https://www.pref.nara.lg.jp/documents/8708/r0810nara_materialprice.pdf,restricted,28b90f686168,県が独自調査で値を載せている。利用条件が私的使用・引用のみのため値は写していない。原本を見ること。
5940c620310ee71c,JP,material,生コンクリート・モルタル,生コンクリート,普通(小型車) 21-15-25(20)-N (W/C=60%以下),m3,pref_area,29,奈良県,8地区,,,,JPY,design_unit_price_ex_tax,publication_based_not_public,,,2026-10,2026-10-01,nara-shizai-r8-10,16,https://www.pref.nara.lg.jp/documents/8708/r0810nara_materialprice.pdf,restricted,28b90f686168,原本で『○＝刊行物単価使用』。県は規格だけを載せ、単価は載せていない(市販の物価資料の値)。公的に公開された値は存在しない。
502c3d4e84646098,JP,material,生コンクリート・モルタル,生コンクリート,普通(小型車) 21-15-25(20)-N (W/C=60%以下),m3,pref_area,29,奈良県,9地区,,,,JPY,design_unit_price_ex_tax,publication_based_not_public,,,2026-10,2026-10-01,nara-shizai-r8-10,16,https://www.pref.nara.lg.jp/documents/8708/r0810nara_materialprice.pdf,restricted,28b90f686168,原本で『○＝刊行物単価使用』。県は規格だけを載せ、単価は載せていない(市販の物価資料の値)。公的に公開された値は存在しない。
0eafb00da58ec3bb,JP,material,生コンクリート・モルタル,生コンクリート,普通(小型車) 21-15-25(20)-N (W/C=60%以下),m3,pref_area,29,奈良県,10地区,,,,JPY,design_unit_price_ex_tax,publication_based_not_public,,,2026-10,2026-10-01,nara-shizai-r8-10,16,https://www.pref.nara.lg.jp/documents/8708/r0810nara_materialprice.pdf,restricted,28b90f686168,原本で『○＝刊行物単価使用』。県は規格だけを載せ、単価は載せていない(市販の物価資料の値)。公的に公開された値は存在しない。
bc6511d9c8a3af7c,JP,material,生コンクリート・モルタル,生コンクリート,普通(小型車) 21-15-25(20)-N (W/C=60%以下),m3,pref_area,29,奈良県,11地区,,,,JPY,design_unit_price_ex_tax,published_restricted_not_copied,,,2026-10,2026-10-01,nara-shizai-r8-10,16,https://www.pref.nara.lg.jp/documents/8708/r0810nara_materialprice.pdf,restricted,28b90f686168,県が独自調査で値を載せている。利用条件が私的使用・引用のみのため値は写していない。原本を見ること。
8cf21bd5e6fd387b,JP,material,生コンクリート・モルタル,生コンクリート,普通(小型車) 30-15-25-N (W/C=55%以下),m3,pref_area,29,奈良県,1地区,,,,JPY,design_unit_price_ex_tax,published_restricted_not_copied,,,2026-10,2026-10-01,nara-shizai-r8-10,16,https://www.pref.nara.lg.jp/documents/8708/r0810nara_materialprice.pdf,restricted,7282514d9680,県が独自調査で値を載せている。利用条件が私的使用・引用のみのため値は写していない。原本を見ること。
3e8b2bcf1f66112c,JP,material,生コンクリート・モルタル,生コンクリート,普通(小型車) 30-15-25-N (W/C=55%以下),m3,pref_area,29,奈良県,2地区,,,,JPY,design_unit_price_ex_tax,published_restricted_not_copied,,,2026-10,2026-10-01,nara-shizai-r8-10,16,https://www.pref.nara.lg.jp/documents/8708/r0810nara_materialprice.pdf,restricted,7282514d9680,県が独自調査で値を載せている。利用条件が私的使用・引用のみのため値は写していない。原本を見ること。
e2ed76d2a8daf765,JP,material,生コンクリート・モルタル,生コンクリート,普通(小型車) 30-15-25-N (W/C=55%以下),m3,pref_area,29,奈良県,3地区,,,,JPY,design_unit_price_ex_tax,published_restricted_not_copied,,,2026-10,2026-10-01,nara-shizai-r8-10,16,https://www.pref.nara.lg.jp/documents/8708/r0810nara_materialprice.pdf,restricted,7282514d9680,県が独自調査で値を載せている。利用条件が私的使用・引用のみのため値は写していない。原本を見ること。
88f5577ea77c7fb9,JP,material,生コンクリート・モルタル,生コンクリート,普通(小型車) 30-15-25-N (W/C=55%以下),m3,pref_area,29,奈良県,4地区,,,,JPY,design_unit_price_ex_tax,published_restricted_not_copied,,,2026-10,2026-10-01,nara-shizai-r8-10,16,https://www.pref.nara.lg.jp/documents/8708/r0810nara_materialprice.pdf,restricted,7282514d9680,県が独自調査で値を載せている。利用条件が私的使用・引用のみのため値は写していない。原本を見ること。
a45bf19a7a8c7d69,JP,material,生コンクリート・モルタル,生コンクリート,普通(小型車) 30-15-25-N (W/C=55%以下),m3,pref_area,29,奈良県,5地区,,,,JPY,design_unit_price_ex_tax,published_restricted_not_copied,,,2026-10,2026-10-01,nara-shizai-r8-10,16,https://www.pref.nara.lg.jp/documents/8708/r0810nara_materialprice.pdf,restricted,7282514d9680,県が独自調査で値を載せている。利用条件が私的使用・引用のみのため値は写していない。原本を見ること。
e2cc5bbd0f7957b1,JP,material,生コンクリート・モルタル,生コンクリート,普通(小型車) 30-15-25-N (W/C=55%以下),m3,pref_area,29,奈良県,6地区,,,,JPY,design_unit_price_ex_tax,published_restricted_not_copied,,,2026-10,2026-10-01,nara-shizai-r8-10,16,https://www.pref.nara.lg.jp/documents/8708/r0810nara_materialprice.pdf,restricted,7282514d9680,県が独自調査で値を載せている。利用条件が私的使用・引用のみのため値は写していない。原本を見ること。
73a1fb1bd374830e,JP,material,生コンクリート・モルタル,生コンクリート,普通(小型車) 30-15-25-N (W/C=55%以下),m3,pref_area,29,奈良県,7地区,,,,JPY,design_unit_price_ex_tax,published_restricted_not_copied,,,2026-10,2026-10-01,nara-shizai-r8-10,16,https://www.pref.nara.lg.jp/documents/8708/r0810nara_materialprice.pdf,restricted,7282514d9680,県が独自調査で値を載せている。利用条件が私的使用・引用のみのため値は写していない。原本を見ること。
5fbdb9e352590efd,JP,material,生コンクリート・モルタル,生コンクリート,普通(小型車) 30-15-25-N (W/C=55%以下),m3,pref_area,29,奈良県,8地区,,,,JPY,design_unit_price_ex_tax,published_restricted_not_copied,,,2026-10,2026-10-01,nara-shizai-r8-10,16,https://www.pref.nara.lg.jp/documents/8708/r0810nara_materialprice.pdf,restricted,7282514d9680,県が独自調査で値を載せている。利用条件が私的使用・引用のみのため値は写していない。原本を見ること。
5f7aed98ca0983fd,JP,material,生コンクリート・モルタル,生コンクリート,普通(小型車) 30-15-25-N (W/C=55%以下),m3,pref_area,29,奈良県,9地区,,,,JPY,design_unit_price_ex_tax,published_restricted_not_copied,,,2026-10,2026-10-01,nara-shizai-r8-10,16,https://www.pref.nara.lg.jp/documents/8708/r0810nara_materialprice.pdf,restricted,7282514d9680,県が独自調査で値を載せている。利用条件が私的使用・引用のみのため値は写していない。原本を見ること。
49c2b3935426a917,JP,material,生コンクリート・モルタル,生コンクリート,普通(小型車) 30-15-25-N (W/C=55%以下),m3,pref_area,29,奈良県,10地区,,,,JPY,design_unit_price_ex_tax,published_restricted_not_copied,,,2026-10,2026-10-01,nara-shizai-r8-10,16,https://www.pref.nara.lg.jp/documents/8708/r0810nara_materialprice.pdf,restricted,7282514d9680,県が独自調査で値を載せている。利用条件が私的使用・引用のみのため値は写していない。原本を見ること。
40b11c2c2f0b13be,JP,material,生コンクリート・モルタル,生コンクリート,普通(小型車) 30-15-25-N (W/C=55%以下),m3,pref_area,29,奈良県,11地区,,,,JPY,design_unit_price_ex_tax,published_restricted_not_copied,,,2026-10,2026-10-01,nara-shizai-r8-10,16,https://www.pref.nara.lg.jp/documents/8708/r0810nara_materialprice.pdf,restricted,7282514d9680,県が独自調査で値を載せている。利用条件が私的使用・引用のみのため値は写していない。原本を見ること。
eb19781fbef4046f,JP,material,生コンクリート・モルタル,生コンクリート,普通(小型車) 30-15-40-N (W/C=55%以下),m3,pref_area,29,奈良県,1地区,,,,JPY,design_unit_price_ex_tax,published_restricted_not_copied,,,2026-10,2026-10-01,nara-shizai-r8-10,16,https://www.pref.nara.lg.jp/documents/8708/r0810nara_materialprice.pdf,restricted,87dca859e87d,県が独自調査で値を載せている。利用条件が私的使用・引用のみのため値は写していない。原本を見ること。
a672b45796166097,JP,material,生コンクリート・モルタル,生コンクリート,普通(小型車) 30-15-40-N (W/C=55%以下),m3,pref_area,29,奈良県,2地区,,,,JPY,design_unit_price_ex_tax,published_restricted_not_copied,,,2026-10,2026-10-01,nara-shizai-r8-10,16,https://www.pref.nara.lg.jp/documents/8708/r0810nara_materialprice.pdf,restricted,87dca859e87d,県が独自調査で値を載せている。利用条件が私的使用・引用のみのため値は写していない。原本を見ること。
b0e72da52693467a,JP,material,生コンクリート・モルタル,生コンクリート,普通(小型車) 30-15-40-N (W/C=55%以下),m3,pref_area,29,奈良県,3地区,,,,JPY,design_unit_price_ex_tax,published_restricted_not_copied,,,2026-10,2026-10-01,nara-shizai-r8-10,16,https://www.pref.nara.lg.jp/documents/8708/r0810nara_materialprice.pdf,restricted,87dca859e87d,県が独自調査で値を載せている。利用条件が私的使用・引用のみのため値は写していない。原本を見ること。
a8abb25c08e0bf43,JP,material,生コンクリート・モルタル,生コンクリート,普通(小型車) 30-15-40-N (W/C=55%以下),m3,pref_area,29,奈良県,4地区,,,,JPY,design_unit_price_ex_tax,published_restricted_not_copied,,,2026-10,2026-10-01,nara-shizai-r8-10,16,https://www.pref.nara.lg.jp/documents/8708/r0810nara_materialprice.pdf,restricted,87dca859e87d,県が独自調査で値を載せている。利用条件が私的使用・引用のみのため値は写していない。原本を見ること。
16d6eb146c4ff142,JP,material,生コンクリート・モルタル,生コンクリート,普通(小型車) 30-15-40-N (W/C=55%以下),m3,pref_area,29,奈良県,5地区,,,,JPY,design_unit_price_ex_tax,published_restricted_not_copied,,,2026-10,2026-10-01,nara-shizai-r8-10,16,https://www.pref.nara.lg.jp/documents/8708/r0810nara_materialprice.pdf,restricted,87dca859e87d,県が独自調査で値を載せている。利用条件が私的使用・引用のみのため値は写していない。原本を見ること。
a7de62b91dba41c3,JP,material,生コンクリート・モルタル,生コンクリート,普通(小型車) 30-15-40-N (W/C=55%以下),m3,pref_area,29,奈良県,6地区,,,,JPY,design_unit_price_ex_tax,published_restricted_not_copied,,,2026-10,2026-10-01,nara-shizai-r8-10,16,https://www.pref.nara.lg.jp/documents/8708/r0810nara_materialprice.pdf,restricted,87dca859e87d,県が独自調査で値を載せている。利用条件が私的使用・引用のみのため値は写していない。原本を見ること。
659836e79bd9f030,JP,material,生コンクリート・モルタル,生コンクリート,普通(小型車) 30-15-40-N (W/C=55%以下),m3,pref_area,29,奈良県,7地区,,,,JPY,design_unit_price_ex_tax,published_restricted_not_copied,,,2026-10,2026-10-01,nara-shizai-r8-10,16,https://www.pref.nara.lg.jp/documents/8708/r0810nara_materialprice.pdf,restricted,87dca859e87d,県が独自調査で値を載せている。利用条件が私的使用・引用のみのため値は写していない。原本を見ること。
92073749947fb327,JP,material,生コンクリート・モルタル,生コンクリート,普通(小型車) 30-15-40-N (W/C=55%以下),m3,pref_area,29,奈良県,8地区,,,,JPY,design_unit_price_ex_tax,published_restricted_not_copied,,,2026-10,2026-10-01,nara-shizai-r8-10,16,https://www.pref.nara.lg.jp/documents/8708/r0810nara_materialprice.pdf,restricted,87dca859e87d,県が独自調査で値を載せている。利用条件が私的使用・引用のみのため値は写していない。原本を見ること。
440eb2f8f1725bbb,JP,material,生コンクリート・モルタル,生コンクリート,普通(小型車) 30-15-40-N (W/C=55%以下),m3,pref_area,29,奈良県,9地区,,,,JPY,design_unit_price_ex_tax,published_restricted_not_copied,,,2026-10,2026-10-01,nara-shizai-r8-10,16,https://www.pref.nara.lg.jp/documents/8708/r0810nara_materialprice.pdf,restricted,87dca859e87d,県が独自調査で値を載せている。利用条件が私的使用・引用のみのため値は写していない。原本を見ること。
b4c00de9d136220a,JP,material,生コンクリート・モルタル,生コンクリート,普通(小型車) 30-15-40-N (W/C=55%以下),m3,pref_area,29,奈良県,10地区,,,,JPY,design_unit_price_ex_tax,published_restricted_not_copied,,,2026-10,2026-10-01,nara-shizai-r8-10,16,https://www.pref.nara.lg.jp/documents/8708/r0810nara_materialprice.pdf,restricted,87dca859e87d,県が独自調査で値を載せている。利用条件が私的使用・引用のみのため値は写していない。原本を見ること。
927ea54a0b0dc452,JP,material,生コンクリート・モルタル,生コンクリート,普通(小型車) 30-15-40-N (W/C=55%以下),m3,pref_area,29,奈良県,11地区,,,,JPY,design_unit_price_ex_tax,published_restricted_not_copied,,,2026-10,2026-10-01,nara-shizai-r8-10,16,https://www.pref.nara.lg.jp/documents/8708/r0810nara_materialprice.pdf,restricted,87dca859e87d,県が独自調査で値を載せている。利用条件が私的使用・引用のみのため値は写していない。原本を見ること。
9f0a3fd8c8bff06d,JP,material,生コンクリート・モルタル,生コンクリート,高炉(小型車) １８－８－２５（２０）,m3,pref_area,29,奈良県,1地区,,,,JPY,design_unit_price_ex_tax,publication_based_not_public,,,2026-10,2026-10-01,nara-shizai-r8-10,16,https://www.pref.nara.lg.jp/documents/8708/r0810nara_materialprice.pdf,restricted,858390795d8a,原本で『○＝刊行物単価使用』。県は規格だけを載せ、単価は載せていない(市販の物価資料の値)。公的に公開された値は存在しない。
34f20dfdae06dfa9,JP,material,生コンクリート・モルタル,生コンクリート,高炉(小型車) １８－８－２５（２０）,m3,pref_area,29,奈良県,2地区,,,,JPY,design_unit_price_ex_tax,publication_based_not_public,,,2026-10,2026-10-01,nara-shizai-r8-10,16,https://www.pref.nara.lg.jp/documents/8708/r0810nara_materialprice.pdf,restricted,858390795d8a,原本で『○＝刊行物単価使用』。県は規格だけを載せ、単価は載せていない(市販の物価資料の値)。公的に公開された値は存在しない。
fbd2514c2a04dbae,JP,material,生コンクリート・モルタル,生コンクリート,高炉(小型車) １８－８－２５（２０）,m3,pref_area,29,奈良県,3地区,,,,JPY,design_unit_price_ex_tax,publication_based_not_public,,,2026-10,2026-10-01,nara-shizai-r8-10,16,https://www.pref.nara.lg.jp/documents/8708/r0810nara_materialprice.pdf,restricted,858390795d8a,原本で『○＝刊行物単価使用』。県は規格だけを載せ、単価は載せていない(市販の物価資料の値)。公的に公開された値は存在しない。
06d649e55a4fa6f5,JP,material,生コンクリート・モルタル,生コンクリート,高炉(小型車) １８－８－２５（２０）,m3,pref_area,29,奈良県,4地区,,,,JPY,design_unit_price_ex_tax,publication_based_not_public,,,2026-10,2026-10-01,nara-shizai-r8-10,16,https://www.pref.nara.lg.jp/documents/8708/r0810nara_materialprice.pdf,restricted,858390795d8a,原本で『○＝刊行物単価使用』。県は規格だけを載せ、単価は載せていない(市販の物価資料の値)。公的に公開された値は存在しない。
a430b68f13b86404,JP,material,生コンクリート・モルタル,生コンクリート,高炉(小型車) １８－８－２５（２０）,m3,pref_area,29,奈良県,5地区,,,,JPY,design_unit_price_ex_tax,published_restricted_not_copied,,,2026-10,2026-10-01,nara-shizai-r8-10,16,https://www.pref.nara.lg.jp/documents/8708/r0810nara_materialprice.pdf,restricted,858390795d8a,県が独自調査で値を載せている。利用条件が私的使用・引用のみのため値は写していない。原本を見ること。
a0298bb943e58dbb,JP,material,生コンクリート・モルタル,生コンクリート,高炉(小型車) １８－８－２５（２０）,m3,pref_area,29,奈良県,6地区,,,,JPY,design_unit_price_ex_tax,publication_based_not_public,,,2026-10,2026-10-01,nara-shizai-r8-10,16,https://www.pref.nara.lg.jp/documents/8708/r0810nara_materialprice.pdf,restricted,858390795d8a,原本で『○＝刊行物単価使用』。県は規格だけを載せ、単価は載せていない(市販の物価資料の値)。公的に公開された値は存在しない。
0522620aec061392,JP,material,生コンクリート・モルタル,生コンクリート,高炉(小型車) １８－８－２５（２０）,m3,pref_area,29,奈良県,7地区,,,,JPY,design_unit_price_ex_tax,published_restricted_not_copied,,,2026-10,2026-10-01,nara-shizai-r8-10,16,https://www.pref.nara.lg.jp/documents/8708/r0810nara_materialprice.pdf,restricted,858390795d8a,県が独自調査で値を載せている。利用条件が私的使用・引用のみのため値は写していない。原本を見ること。
67584aeb7db839b9,JP,material,生コンクリート・モルタル,生コンクリート,高炉(小型車) １８－８－２５（２０）,m3,pref_area,29,奈良県,8地区,,,,JPY,design_unit_price_ex_tax,publication_based_not_public,,,2026-10,2026-10-01,nara-shizai-r8-10,16,https://www.pref.nara.lg.jp/documents/8708/r0810nara_materialprice.pdf,restricted,858390795d8a,原本で『○＝刊行物単価使用』。県は規格だけを載せ、単価は載せていない(市販の物価資料の値)。公的に公開された値は存在しない。
e875cbb3bc63b37a,JP,material,生コンクリート・モルタル,生コンクリート,高炉(小型車) １８－８－２５（２０）,m3,pref_area,29,奈良県,9地区,,,,JPY,design_unit_price_ex_tax,publication_based_not_public,,,2026-10,2026-10-01,nara-shizai-r8-10,16,https://www.pref.nara.lg.jp/documents/8708/r0810nara_materialprice.pdf,restricted,858390795d8a,原本で『○＝刊行物単価使用』。県は規格だけを載せ、単価は載せていない(市販の物価資料の値)。公的に公開された値は存在しない。
492f7b015d6b1495,JP,material,生コンクリート・モルタル,生コンクリート,高炉(小型車) １８－８－２５（２０）,m3,pref_area,29,奈良県,10地区,,,,JPY,design_unit_price_ex_tax,publication_based_not_public,,,2026-10,2026-10-01,nara-shizai-r8-10,16,https://www.pref.nara.lg.jp/documents/8708/r0810nara_materialprice.pdf,restricted,858390795d8a,原本で『○＝刊行物単価使用』。県は規格だけを載せ、単価は載せていない(市販の物価資料の値)。公的に公開された値は存在しない。
172ea0703a037a80,JP,material,生コンクリート・モルタル,生コンクリート,高炉(小型車) １８－８－２５（２０）,m3,pref_area,29,奈良県,11地区,,,,JPY,design_unit_price_ex_tax,published_restricted_not_copied,,,2026-10,2026-10-01,nara-shizai-r8-10,16,https://www.pref.nara.lg.jp/documents/8708/r0810nara_materialprice.pdf,restricted,858390795d8a,県が独自調査で値を載せている。利用条件が私的使用・引用のみのため値は写していない。原本を見ること。
6ad8ba78a5a58469,JP,material,生コンクリート・モルタル,生コンクリート,高炉(小型車) ２１－８－２５（２０）,m3,pref_area,29,奈良県,1地区,,,,JPY,design_unit_price_ex_tax,published_restricted_not_copied,,,2026-10,2026-10-01,nara-shizai-r8-10,16,https://www.pref.nara.lg.jp/documents/8708/r0810nara_materialprice.pdf,restricted,34b6ec4054be,県が独自調査で値を載せている。利用条件が私的使用・引用のみのため値は写していない。原本を見ること。
028a2e497ec5a42e,JP,material,生コンクリート・モルタル,生コンクリート,高炉(小型車) ２１－８－２５（２０）,m3,pref_area,29,奈良県,2地区,,,,JPY,design_unit_price_ex_tax,published_restricted_not_copied,,,2026-10,2026-10-01,nara-shizai-r8-10,16,https://www.pref.nara.lg.jp/documents/8708/r0810nara_materialprice.pdf,restricted,34b6ec4054be,県が独自調査で値を載せている。利用条件が私的使用・引用のみのため値は写していない。原本を見ること。
383bc06bda5c36d9,JP,material,生コンクリート・モルタル,生コンクリート,高炉(小型車) ２１－８－２５（２０）,m3,pref_area,29,奈良県,3地区,,,,JPY,design_unit_price_ex_tax,published_restricted_not_copied,,,2026-10,2026-10-01,nara-shizai-r8-10,16,https://www.pref.nara.lg.jp/documents/8708/r0810nara_materialprice.pdf,restricted,34b6ec4054be,県が独自調査で値を載せている。利用条件が私的使用・引用のみのため値は写していない。原本を見ること。
f895572c09986908,JP,material,生コンクリート・モルタル,生コンクリート,高炉(小型車) ２１－８－２５（２０）,m3,pref_area,29,奈良県,4地区,,,,JPY,design_unit_price_ex_tax,published_restricted_not_copied,,,2026-10,2026-10-01,nara-shizai-r8-10,16,https://www.pref.nara.lg.jp/documents/8708/r0810nara_materialprice.pdf,restricted,34b6ec4054be,県が独自調査で値を載せている。利用条件が私的使用・引用のみのため値は写していない。原本を見ること。
11137b90fcca6487,JP,material,生コンクリート・モルタル,生コンクリート,高炉(小型車) ２１－８－２５（２０）,m3,pref_area,29,奈良県,5地区,,,,JPY,design_unit_price_ex_tax,published_restricted_not_copied,,,2026-10,2026-10-01,nara-shizai-r8-10,16,https://www.pref.nara.lg.jp/documents/8708/r0810nara_materialprice.pdf,restricted,34b6ec4054be,県が独自調査で値を載せている。利用条件が私的使用・引用のみのため値は写していない。原本を見ること。
a99431cf5303490f,JP,material,生コンクリート・モルタル,生コンクリート,高炉(小型車) ２１－８－２５（２０）,m3,pref_area,29,奈良県,6地区,,,,JPY,design_unit_price_ex_tax,published_restricted_not_copied,,,2026-10,2026-10-01,nara-shizai-r8-10,16,https://www.pref.nara.lg.jp/documents/8708/r0810nara_materialprice.pdf,restricted,34b6ec4054be,県が独自調査で値を載せている。利用条件が私的使用・引用のみのため値は写していない。原本を見ること。
b795aa0ad6ad2138,JP,material,生コンクリート・モルタル,生コンクリート,高炉(小型車) ２１－８－２５（２０）,m3,pref_area,29,奈良県,7地区,,,,JPY,design_unit_price_ex_tax,published_restricted_not_copied,,,2026-10,2026-10-01,nara-shizai-r8-10,16,https://www.pref.nara.lg.jp/documents/8708/r0810nara_materialprice.pdf,restricted,34b6ec4054be,県が独自調査で値を載せている。利用条件が私的使用・引用のみのため値は写していない。原本を見ること。
ef0b536b87127965,JP,material,生コンクリート・モルタル,生コンクリート,高炉(小型車) ２１－８－２５（２０）,m3,pref_area,29,奈良県,8地区,,,,JPY,design_unit_price_ex_tax,published_restricted_not_copied,,,2026-10,2026-10-01,nara-shizai-r8-10,16,https://www.pref.nara.lg.jp/documents/8708/r0810nara_materialprice.pdf,restricted,34b6ec4054be,県が独自調査で値を載せている。利用条件が私的使用・引用のみのため値は写していない。原本を見ること。
bc5a736bb2d04a89,JP,material,生コンクリート・モルタル,生コンクリート,高炉(小型車) ２１－８－２５（２０）,m3,pref_area,29,奈良県,9地区,,,,JPY,design_unit_price_ex_tax,published_restricted_not_copied,,,2026-10,2026-10-01,nara-shizai-r8-10,16,https://www.pref.nara.lg.jp/documents/8708/r0810nara_materialprice.pdf,restricted,34b6ec4054be,県が独自調査で値を載せている。利用条件が私的使用・引用のみのため値は写していない。原本を見ること。
d8789a3247fea6bd,JP,material,生コンクリート・モルタル,生コンクリート,高炉(小型車) ２１－８－２５（２０）,m3,pref_area,29,奈良県,10地区,,,,JPY,design_unit_price_ex_tax,published_restricted_not_copied,,,2026-10,2026-10-01,nara-shizai-r8-10,16,https://www.pref.nara.lg.jp/documents/8708/r0810nara_materialprice.pdf,restricted,34b6ec4054be,県が独自調査で値を載せている。利用条件が私的使用・引用のみのため値は写していない。原本を見ること。
575ebdf84e503455,JP,material,生コンクリート・モルタル,生コンクリート,高炉(小型車) ２１－８－２５（２０）,m3,pref_area,29,奈良県,11地区,,,,JPY,design_unit_price_ex_tax,published_restricted_not_copied,,,2026-10,2026-10-01,nara-shizai-r8-10,16,https://www.pref.nara.lg.jp/documents/8708/r0810nara_materialprice.pdf,restricted,34b6ec4054be,県が独自調査で値を載せている。利用条件が私的使用・引用のみのため値は写していない。原本を見ること。
4e2fb6e75c17376b,JP,material,生コンクリート・モルタル,生コンクリート,高炉(小型車) ２１－１２－２５（２０）,m3,pref_area,29,奈良県,1地区,,,,JPY,design_unit_price_ex_tax,published_restricted_not_copied,,,2026-10,2026-10-01,nara-shizai-r8-10,16,https://www.pref.nara.lg.jp/documents/8708/r0810nara_materialprice.pdf,restricted,e513bb3ac2ce,県が独自調査で値を載せている。利用条件が私的使用・引用のみのため値は写していない。原本を見ること。
19fd7bdccef8450b,JP,material,生コンクリート・モルタル,生コンクリート,高炉(小型車) ２１－１２－２５（２０）,m3,pref_area,29,奈良県,2地区,,,,JPY,design_unit_price_ex_tax,published_restricted_not_copied,,,2026-10,2026-10-01,nara-shizai-r8-10,16,https://www.pref.nara.lg.jp/documents/8708/r0810nara_materialprice.pdf,restricted,e513bb3ac2ce,県が独自調査で値を載せている。利用条件が私的使用・引用のみのため値は写していない。原本を見ること。
e026234a716c7a1c,JP,material,生コンクリート・モルタル,生コンクリート,高炉(小型車) ２１－１２－２５（２０）,m3,pref_area,29,奈良県,3地区,,,,JPY,design_unit_price_ex_tax,published_restricted_not_copied,,,2026-10,2026-10-01,nara-shizai-r8-10,16,https://www.pref.nara.lg.jp/documents/8708/r0810nara_materialprice.pdf,restricted,e513bb3ac2ce,県が独自調査で値を載せている。利用条件が私的使用・引用のみのため値は写していない。原本を見ること。
049976a50ad60309,JP,material,生コンクリート・モルタル,生コンクリート,高炉(小型車) ２１－１２－２５（２０）,m3,pref_area,29,奈良県,4地区,,,,JPY,design_unit_price_ex_tax,published_restricted_not_copied,,,2026-10,2026-10-01,nara-shizai-r8-10,16,https://www.pref.nara.lg.jp/documents/8708/r0810nara_materialprice.pdf,restricted,e513bb3ac2ce,県が独自調査で値を載せている。利用条件が私的使用・引用のみのため値は写していない。原本を見ること。
c661f79be10199ba,JP,material,生コンクリート・モルタル,生コンクリート,高炉(小型車) ２１－１２－２５（２０）,m3,pref_area,29,奈良県,5地区,,,,JPY,design_unit_price_ex_tax,published_restricted_not_copied,,,2026-10,2026-10-01,nara-shizai-r8-10,16,https://www.pref.nara.lg.jp/documents/8708/r0810nara_materialprice.pdf,restricted,e513bb3ac2ce,県が独自調査で値を載せている。利用条件が私的使用・引用のみのため値は写していない。原本を見ること。
06f38d89aab92193,JP,material,生コンクリート・モルタル,生コンクリート,高炉(小型車) ２１－１２－２５（２０）,m3,pref_area,29,奈良県,6地区,,,,JPY,design_unit_price_ex_tax,published_restricted_not_copied,,,2026-10,2026-10-01,nara-shizai-r8-10,16,https://www.pref.nara.lg.jp/documents/8708/r0810nara_materialprice.pdf,restricted,e513bb3ac2ce,県が独自調査で値を載せている。利用条件が私的使用・引用のみのため値は写していない。原本を見ること。
181ca10b59256163,JP,material,生コンクリート・モルタル,生コンクリート,高炉(小型車) ２１－１２－２５（２０）,m3,pref_area,29,奈良県,7地区,,,,JPY,design_unit_price_ex_tax,published_restricted_not_copied,,,2026-10,2026-10-01,nara-shizai-r8-10,16,https://www.pref.nara.lg.jp/documents/8708/r0810nara_materialprice.pdf,restricted,e513bb3ac2ce,県が独自調査で値を載せている。利用条件が私的使用・引用のみのため値は写していない。原本を見ること。
92d2dfdd7f02f727,JP,material,生コンクリート・モルタル,生コンクリート,高炉(小型車) ２１－１２－２５（２０）,m3,pref_area,29,奈良県,8地区,,,,JPY,design_unit_price_ex_tax,published_restricted_not_copied,,,2026-10,2026-10-01,nara-shizai-r8-10,16,https://www.pref.nara.lg.jp/documents/8708/r0810nara_materialprice.pdf,restricted,e513bb3ac2ce,県が独自調査で値を載せている。利用条件が私的使用・引用のみのため値は写していない。原本を見ること。
fe2625b346506c32,JP,material,生コンクリート・モルタル,生コンクリート,高炉(小型車) ２１－１２－２５（２０）,m3,pref_area,29,奈良県,9地区,,,,JPY,design_unit_price_ex_tax,published_restricted_not_copied,,,2026-10,2026-10-01,nara-shizai-r8-10,16,https://www.pref.nara.lg.jp/documents/8708/r0810nara_materialprice.pdf,restricted,e513bb3ac2ce,県が独自調査で値を載せている。利用条件が私的使用・引用のみのため値は写していない。原本を見ること。
e68f8cdbce6585cd,JP,material,生コンクリート・モルタル,生コンクリート,高炉(小型車) ２１－１２－２５（２０）,m3,pref_area,29,奈良県,10地区,,,,JPY,design_unit_price_ex_tax,published_restricted_not_copied,,,2026-10,2026-10-01,nara-shizai-r8-10,16,https://www.pref.nara.lg.jp/documents/8708/r0810nara_materialprice.pdf,restricted,e513bb3ac2ce,県が独自調査で値を載せている。利用条件が私的使用・引用のみのため値は写していない。原本を見ること。
e3a078ff8d958c04,JP,material,生コンクリート・モルタル,生コンクリート,高炉(小型車) ２１－１２－２５（２０）,m3,pref_area,29,奈良県,11地区,,,,JPY,design_unit_price_ex_tax,published_restricted_not_copied,,,2026-10,2026-10-01,nara-shizai-r8-10,16,https://www.pref.nara.lg.jp/documents/8708/r0810nara_materialprice.pdf,restricted,e513bb3ac2ce,県が独自調査で値を載せている。利用条件が私的使用・引用のみのため値は写していない。原本を見ること。
a55fc2243cf3cef9,JP,material,生コンクリート・モルタル,生コンクリート,高炉(小型車) ２４－８－２５（２０）,m3,pref_area,29,奈良県,1地区,,,,JPY,design_unit_price_ex_tax,publication_based_not_public,,,2026-10,2026-10-01,nara-shizai-r8-10,16,https://www.pref.nara.lg.jp/documents/8708/r0810nara_materialprice.pdf,restricted,e7d31cd96909,原本で『○＝刊行物単価使用』。県は規格だけを載せ、単価は載せていない(市販の物価資料の値)。公的に公開された値は存在しない。
22938d15de8cc629,JP,material,生コンクリート・モルタル,生コンクリート,高炉(小型車) ２４－８－２５（２０）,m3,pref_area,29,奈良県,2地区,,,,JPY,design_unit_price_ex_tax,publication_based_not_public,,,2026-10,2026-10-01,nara-shizai-r8-10,16,https://www.pref.nara.lg.jp/documents/8708/r0810nara_materialprice.pdf,restricted,e7d31cd96909,原本で『○＝刊行物単価使用』。県は規格だけを載せ、単価は載せていない(市販の物価資料の値)。公的に公開された値は存在しない。
d7be9f63d44257a1,JP,material,生コンクリート・モルタル,生コンクリート,高炉(小型車) ２４－８－２５（２０）,m3,pref_area,29,奈良県,3地区,,,,JPY,design_unit_price_ex_tax,publication_based_not_public,,,2026-10,2026-10-01,nara-shizai-r8-10,16,https://www.pref.nara.lg.jp/documents/8708/r0810nara_materialprice.pdf,restricted,e7d31cd96909,原本で『○＝刊行物単価使用』。県は規格だけを載せ、単価は載せていない(市販の物価資料の値)。公的に公開された値は存在しない。
3004a3438dd5904d,JP,material,生コンクリート・モルタル,生コンクリート,高炉(小型車) ２４－８－２５（２０）,m3,pref_area,29,奈良県,4地区,,,,JPY,design_unit_price_ex_tax,publication_based_not_public,,,2026-10,2026-10-01,nara-shizai-r8-10,16,https://www.pref.nara.lg.jp/documents/8708/r0810nara_materialprice.pdf,restricted,e7d31cd96909,原本で『○＝刊行物単価使用』。県は規格だけを載せ、単価は載せていない(市販の物価資料の値)。公的に公開された値は存在しない。
dc51982fa5da65cc,JP,material,生コンクリート・モルタル,生コンクリート,高炉(小型車) ２４－８－２５（２０）,m3,pref_area,29,奈良県,5地区,,,,JPY,design_unit_price_ex_tax,published_restricted_not_copied,,,2026-10,2026-10-01,nara-shizai-r8-10,16,https://www.pref.nara.lg.jp/documents/8708/r0810nara_materialprice.pdf,restricted,e7d31cd96909,県が独自調査で値を載せている。利用条件が私的使用・引用のみのため値は写していない。原本を見ること。
0aae7dc232875444,JP,material,生コンクリート・モルタル,生コンクリート,高炉(小型車) ２４－８－２５（２０）,m3,pref_area,29,奈良県,6地区,,,,JPY,design_unit_price_ex_tax,publication_based_not_public,,,2026-10,2026-10-01,nara-shizai-r8-10,16,https://www.pref.nara.lg.jp/documents/8708/r0810nara_materialprice.pdf,restricted,e7d31cd96909,原本で『○＝刊行物単価使用』。県は規格だけを載せ、単価は載せていない(市販の物価資料の値)。公的に公開された値は存在しない。
b2d0017e720848fb,JP,material,生コンクリート・モルタル,生コンクリート,高炉(小型車) ２４－８－２５（２０）,m3,pref_area,29,奈良県,7地区,,,,JPY,design_unit_price_ex_tax,published_restricted_not_copied,,,2026-10,2026-10-01,nara-shizai-r8-10,16,https://www.pref.nara.lg.jp/documents/8708/r0810nara_materialprice.pdf,restricted,e7d31cd96909,県が独自調査で値を載せている。利用条件が私的使用・引用のみのため値は写していない。原本を見ること。
5888e5f16eef4cc2,JP,material,生コンクリート・モルタル,生コンクリート,高炉(小型車) ２４－８－２５（２０）,m3,pref_area,29,奈良県,8地区,,,,JPY,design_unit_price_ex_tax,publication_based_not_public,,,2026-10,2026-10-01,nara-shizai-r8-10,16,https://www.pref.nara.lg.jp/documents/8708/r0810nara_materialprice.pdf,restricted,e7d31cd96909,原本で『○＝刊行物単価使用』。県は規格だけを載せ、単価は載せていない(市販の物価資料の値)。公的に公開された値は存在しない。
33a6ad1751fc80d7,JP,material,生コンクリート・モルタル,生コンクリート,高炉(小型車) ２４－８－２５（２０）,m3,pref_area,29,奈良県,9地区,,,,JPY,design_unit_price_ex_tax,publication_based_not_public,,,2026-10,2026-10-01,nara-shizai-r8-10,16,https://www.pref.nara.lg.jp/documents/8708/r0810nara_materialprice.pdf,restricted,e7d31cd96909,原本で『○＝刊行物単価使用』。県は規格だけを載せ、単価は載せていない(市販の物価資料の値)。公的に公開された値は存在しない。
049fb3ed9970a5ac,JP,material,生コンクリート・モルタル,生コンクリート,高炉(小型車) ２４－８－２５（２０）,m3,pref_area,29,奈良県,10地区,,,,JPY,design_unit_price_ex_tax,publication_based_not_public,,,2026-10,2026-10-01,nara-shizai-r8-10,16,https://www.pref.nara.lg.jp/documents/8708/r0810nara_materialprice.pdf,restricted,e7d31cd96909,原本で『○＝刊行物単価使用』。県は規格だけを載せ、単価は載せていない(市販の物価資料の値)。公的に公開された値は存在しない。
bbb85ea8f849dabf,JP,material,生コンクリート・モルタル,生コンクリート,高炉(小型車) ２４－８－２５（２０）,m3,pref_area,29,奈良県,11地区,,,,JPY,design_unit_price_ex_tax,published_restricted_not_copied,,,2026-10,2026-10-01,nara-shizai-r8-10,16,https://www.pref.nara.lg.jp/documents/8708/r0810nara_materialprice.pdf,restricted,e7d31cd96909,県が独自調査で値を載せている。利用条件が私的使用・引用のみのため値は写していない。原本を見ること。
00b45ab04c9b48e6,JP,material,生コンクリート・モルタル,生コンクリート,高炉(小型車) ２４－１２－２５（２０）,m3,pref_area,29,奈良県,1地区,,,,JPY,design_unit_price_ex_tax,publication_based_not_public,,,2026-10,2026-10-01,nara-shizai-r8-10,16,https://www.pref.nara.lg.jp/documents/8708/r0810nara_materialprice.pdf,restricted,043857ac328c,原本で『○＝刊行物単価使用』。県は規格だけを載せ、単価は載せていない(市販の物価資料の値)。公的に公開された値は存在しない。
414c167610b647ee,JP,material,生コンクリート・モルタル,生コンクリート,高炉(小型車) ２４－１２－２５（２０）,m3,pref_area,29,奈良県,2地区,,,,JPY,design_unit_price_ex_tax,publication_based_not_public,,,2026-10,2026-10-01,nara-shizai-r8-10,16,https://www.pref.nara.lg.jp/documents/8708/r0810nara_materialprice.pdf,restricted,043857ac328c,原本で『○＝刊行物単価使用』。県は規格だけを載せ、単価は載せていない(市販の物価資料の値)。公的に公開された値は存在しない。
2f0add416f1733d8,JP,material,生コンクリート・モルタル,生コンクリート,高炉(小型車) ２４－１２－２５（２０）,m3,pref_area,29,奈良県,3地区,,,,JPY,design_unit_price_ex_tax,publication_based_not_public,,,2026-10,2026-10-01,nara-shizai-r8-10,16,https://www.pref.nara.lg.jp/documents/8708/r0810nara_materialprice.pdf,restricted,043857ac328c,原本で『○＝刊行物単価使用』。県は規格だけを載せ、単価は載せていない(市販の物価資料の値)。公的に公開された値は存在しない。
2c2356f10b626b1b,JP,material,生コンクリート・モルタル,生コンクリート,高炉(小型車) ２４－１２－２５（２０）,m3,pref_area,29,奈良県,4地区,,,,JPY,design_unit_price_ex_tax,publication_based_not_public,,,2026-10,2026-10-01,nara-shizai-r8-10,16,https://www.pref.nara.lg.jp/documents/8708/r0810nara_materialprice.pdf,restricted,043857ac328c,原本で『○＝刊行物単価使用』。県は規格だけを載せ、単価は載せていない(市販の物価資料の値)。公的に公開された値は存在しない。
a1afd71978ed4b09,JP,material,生コンクリート・モルタル,生コンクリート,高炉(小型車) ２４－１２－２５（２０）,m3,pref_area,29,奈良県,5地区,,,,JPY,design_unit_price_ex_tax,published_restricted_not_copied,,,2026-10,2026-10-01,nara-shizai-r8-10,16,https://www.pref.nara.lg.jp/documents/8708/r0810nara_materialprice.pdf,restricted,043857ac328c,県が独自調査で値を載せている。利用条件が私的使用・引用のみのため値は写していない。原本を見ること。
561afd43bb6a5abc,JP,material,生コンクリート・モルタル,生コンクリート,高炉(小型車) ２４－１２－２５（２０）,m3,pref_area,29,奈良県,6地区,,,,JPY,design_unit_price_ex_tax,publication_based_not_public,,,2026-10,2026-10-01,nara-shizai-r8-10,16,https://www.pref.nara.lg.jp/documents/8708/r0810nara_materialprice.pdf,restricted,043857ac328c,原本で『○＝刊行物単価使用』。県は規格だけを載せ、単価は載せていない(市販の物価資料の値)。公的に公開された値は存在しない。
28d566f573fa65a3,JP,material,生コンクリート・モルタル,生コンクリート,高炉(小型車) ２４－１２－２５（２０）,m3,pref_area,29,奈良県,7地区,,,,JPY,design_unit_price_ex_tax,published_restricted_not_copied,,,2026-10,2026-10-01,nara-shizai-r8-10,16,https://www.pref.nara.lg.jp/documents/8708/r0810nara_materialprice.pdf,restricted,043857ac328c,県が独自調査で値を載せている。利用条件が私的使用・引用のみのため値は写していない。原本を見ること。
86c60d67331ead10,JP,material,生コンクリート・モルタル,生コンクリート,高炉(小型車) ２４－１２－２５（２０）,m3,pref_area,29,奈良県,8地区,,,,JPY,design_unit_price_ex_tax,publication_based_not_public,,,2026-10,2026-10-01,nara-shizai-r8-10,16,https://www.pref.nara.lg.jp/documents/8708/r0810nara_materialprice.pdf,restricted,043857ac328c,原本で『○＝刊行物単価使用』。県は規格だけを載せ、単価は載せていない(市販の物価資料の値)。公的に公開された値は存在しない。
a27cbd3f18a3a6b6,JP,material,生コンクリート・モルタル,生コンクリート,高炉(小型車) ２４－１２－２５（２０）,m3,pref_area,29,奈良県,9地区,,,,JPY,design_unit_price_ex_tax,publication_based_not_public,,,2026-10,2026-10-01,nara-shizai-r8-10,16,https://www.pref.nara.lg.jp/documents/8708/r0810nara_materialprice.pdf,restricted,043857ac328c,原本で『○＝刊行物単価使用』。県は規格だけを載せ、単価は載せていない(市販の物価資料の値)。公的に公開された値は存在しない。
3b749b11df6651d1,JP,material,生コンクリート・モルタル,生コンクリート,高炉(小型車) ２４－１２－２５（２０）,m3,pref_area,29,奈良県,10地区,,,,JPY,design_unit_price_ex_tax,publication_based_not_public,,,2026-10,2026-10-01,nara-shizai-r8-10,16,https://www.pref.nara.lg.jp/documents/8708/r0810nara_materialprice.pdf,restricted,043857ac328c,原本で『○＝刊行物単価使用』。県は規格だけを載せ、単価は載せていない(市販の物価資料の値)。公的に公開された値は存在しない。
fb785cb7bfea6a55,JP,material,生コンクリート・モルタル,生コンクリート,高炉(小型車) ２４－１２－２５（２０）,m3,pref_area,29,奈良県,11地区,,,,JPY,design_unit_price_ex_tax,published_restricted_not_copied,,,2026-10,2026-10-01,nara-shizai-r8-10,16,https://www.pref.nara.lg.jp/documents/8708/r0810nara_materialprice.pdf,restricted,043857ac328c,県が独自調査で値を載せている。利用条件が私的使用・引用のみのため値は写していない。原本を見ること。
5d372fe72040888f,JP,material,生コンクリート・モルタル,生コンクリート,高炉(小型車) １８－５－４０,m3,pref_area,29,奈良県,1地区,,,,JPY,design_unit_price_ex_tax,publication_based_not_public,,,2026-10,2026-10-01,nara-shizai-r8-10,16,https://www.pref.nara.lg.jp/documents/8708/r0810nara_materialprice.pdf,restricted,db930c6471da,原本で『○＝刊行物単価使用』。県は規格だけを載せ、単価は載せていない(市販の物価資料の値)。公的に公開された値は存在しない。
b454b8a9b6b5d797,JP,material,生コンクリート・モルタル,生コンクリート,高炉(小型車) １８－５－４０,m3,pref_area,29,奈良県,2地区,,,,JPY,design_unit_price_ex_tax,publication_based_not_public,,,2026-10,2026-10-01,nara-shizai-r8-10,16,https://www.pref.nara.lg.jp/documents/8708/r0810nara_materialprice.pdf,restricted,db930c6471da,原本で『○＝刊行物単価使用』。県は規格だけを載せ、単価は載せていない(市販の物価資料の値)。公的に公開された値は存在しない。
23d463ec576cc48c,JP,material,生コンクリート・モルタル,生コンクリート,高炉(小型車) １８－５－４０,m3,pref_area,29,奈良県,3地区,,,,JPY,design_unit_price_ex_tax,publication_based_not_public,,,2026-10,2026-10-01,nara-shizai-r8-10,16,https://www.pref.nara.lg.jp/documents/8708/r0810nara_materialprice.pdf,restricted,db930c6471da,原本で『○＝刊行物単価使用』。県は規格だけを載せ、単価は載せていない(市販の物価資料の値)。公的に公開された値は存在しない。
af6942794d14ff21,JP,material,生コンクリート・モルタル,生コンクリート,高炉(小型車) １８－５－４０,m3,pref_area,29,奈良県,4地区,,,,JPY,design_unit_price_ex_tax,publication_based_not_public,,,2026-10,2026-10-01,nara-shizai-r8-10,16,https://www.pref.nara.lg.jp/documents/8708/r0810nara_materialprice.pdf,restricted,db930c6471da,原本で『○＝刊行物単価使用』。県は規格だけを載せ、単価は載せていない(市販の物価資料の値)。公的に公開された値は存在しない。
88f277e18e96c95f,JP,material,生コンクリート・モルタル,生コンクリート,高炉(小型車) １８－５－４０,m3,pref_area,29,奈良県,5地区,,,,JPY,design_unit_price_ex_tax,published_restricted_not_copied,,,2026-10,2026-10-01,nara-shizai-r8-10,16,https://www.pref.nara.lg.jp/documents/8708/r0810nara_materialprice.pdf,restricted,db930c6471da,県が独自調査で値を載せている。利用条件が私的使用・引用のみのため値は写していない。原本を見ること。
872a3964e2e3d78b,JP,material,生コンクリート・モルタル,生コンクリート,高炉(小型車) １８－５－４０,m3,pref_area,29,奈良県,6地区,,,,JPY,design_unit_price_ex_tax,publication_based_not_public,,,2026-10,2026-10-01,nara-shizai-r8-10,16,https://www.pref.nara.lg.jp/documents/8708/r0810nara_materialprice.pdf,restricted,db930c6471da,原本で『○＝刊行物単価使用』。県は規格だけを載せ、単価は載せていない(市販の物価資料の値)。公的に公開された値は存在しない。
feff0e2c90d9440d,JP,material,生コンクリート・モルタル,生コンクリート,高炉(小型車) １８－５－４０,m3,pref_area,29,奈良県,7地区,,,,JPY,design_unit_price_ex_tax,published_restricted_not_copied,,,2026-10,2026-10-01,nara-shizai-r8-10,16,https://www.pref.nara.lg.jp/documents/8708/r0810nara_materialprice.pdf,restricted,db930c6471da,県が独自調査で値を載せている。利用条件が私的使用・引用のみのため値は写していない。原本を見ること。
6765106e38c909e2,JP,material,生コンクリート・モルタル,生コンクリート,高炉(小型車) １８－５－４０,m3,pref_area,29,奈良県,8地区,,,,JPY,design_unit_price_ex_tax,publication_based_not_public,,,2026-10,2026-10-01,nara-shizai-r8-10,16,https://www.pref.nara.lg.jp/documents/8708/r0810nara_materialprice.pdf,restricted,db930c6471da,原本で『○＝刊行物単価使用』。県は規格だけを載せ、単価は載せていない(市販の物価資料の値)。公的に公開された値は存在しない。
75950fc93643f953,JP,material,生コンクリート・モルタル,生コンクリート,高炉(小型車) １８－５－４０,m3,pref_area,29,奈良県,9地区,,,,JPY,design_unit_price_ex_tax,publication_based_not_public,,,2026-10,2026-10-01,nara-shizai-r8-10,16,https://www.pref.nara.lg.jp/documents/8708/r0810nara_materialprice.pdf,restricted,db930c6471da,原本で『○＝刊行物単価使用』。県は規格だけを載せ、単価は載せていない(市販の物価資料の値)。公的に公開された値は存在しない。
7838a904013fbafd,JP,material,生コンクリート・モルタル,生コンクリート,高炉(小型車) １８－５－４０,m3,pref_area,29,奈良県,10地区,,,,JPY,design_unit_price_ex_tax,publication_based_not_public,,,2026-10,2026-10-01,nara-shizai-r8-10,16,https://www.pref.nara.lg.jp/documents/8708/r0810nara_materialprice.pdf,restricted,db930c6471da,原本で『○＝刊行物単価使用』。県は規格だけを載せ、単価は載せていない(市販の物価資料の値)。公的に公開された値は存在しない。
c816d228cb50560b,JP,material,生コンクリート・モルタル,生コンクリート,高炉(小型車) １８－５－４０,m3,pref_area,29,奈良県,11地区,,,,JPY,design_unit_price_ex_tax,published_restricted_not_copied,,,2026-10,2026-10-01,nara-shizai-r8-10,16,https://www.pref.nara.lg.jp/documents/8708/r0810nara_materialprice.pdf,restricted,db930c6471da,県が独自調査で値を載せている。利用条件が私的使用・引用のみのため値は写していない。原本を見ること。
d50f86caa73c7659,JP,material,生コンクリート・モルタル,生コンクリート,高炉(小型車) １８－８－４０,m3,pref_area,29,奈良県,1地区,,,,JPY,design_unit_price_ex_tax,publication_based_not_public,,,2026-10,2026-10-01,nara-shizai-r8-10,16,https://www.pref.nara.lg.jp/documents/8708/r0810nara_materialprice.pdf,restricted,783c798bbd4a,原本で『○＝刊行物単価使用』。県は規格だけを載せ、単価は載せていない(市販の物価資料の値)。公的に公開された値は存在しない。
ed4815b09ccfa677,JP,material,生コンクリート・モルタル,生コンクリート,高炉(小型車) １８－８－４０,m3,pref_area,29,奈良県,2地区,,,,JPY,design_unit_price_ex_tax,publication_based_not_public,,,2026-10,2026-10-01,nara-shizai-r8-10,16,https://www.pref.nara.lg.jp/documents/8708/r0810nara_materialprice.pdf,restricted,783c798bbd4a,原本で『○＝刊行物単価使用』。県は規格だけを載せ、単価は載せていない(市販の物価資料の値)。公的に公開された値は存在しない。
3df46535818b7215,JP,material,生コンクリート・モルタル,生コンクリート,高炉(小型車) １８－８－４０,m3,pref_area,29,奈良県,3地区,,,,JPY,design_unit_price_ex_tax,publication_based_not_public,,,2026-10,2026-10-01,nara-shizai-r8-10,16,https://www.pref.nara.lg.jp/documents/8708/r0810nara_materialprice.pdf,restricted,783c798bbd4a,原本で『○＝刊行物単価使用』。県は規格だけを載せ、単価は載せていない(市販の物価資料の値)。公的に公開された値は存在しない。
a67f2647e74d0e67,JP,material,生コンクリート・モルタル,生コンクリート,高炉(小型車) １８－８－４０,m3,pref_area,29,奈良県,4地区,,,,JPY,design_unit_price_ex_tax,publication_based_not_public,,,2026-10,2026-10-01,nara-shizai-r8-10,16,https://www.pref.nara.lg.jp/documents/8708/r0810nara_materialprice.pdf,restricted,783c798bbd4a,原本で『○＝刊行物単価使用』。県は規格だけを載せ、単価は載せていない(市販の物価資料の値)。公的に公開された値は存在しない。
37fba54537a3fef4,JP,material,生コンクリート・モルタル,生コンクリート,高炉(小型車) １８－８－４０,m3,pref_area,29,奈良県,5地区,,,,JPY,design_unit_price_ex_tax,published_restricted_not_copied,,,2026-10,2026-10-01,nara-shizai-r8-10,16,https://www.pref.nara.lg.jp/documents/8708/r0810nara_materialprice.pdf,restricted,783c798bbd4a,県が独自調査で値を載せている。利用条件が私的使用・引用のみのため値は写していない。原本を見ること。
12940e2a68cc968b,JP,material,生コンクリート・モルタル,生コンクリート,高炉(小型車) １８－８－４０,m3,pref_area,29,奈良県,6地区,,,,JPY,design_unit_price_ex_tax,publication_based_not_public,,,2026-10,2026-10-01,nara-shizai-r8-10,16,https://www.pref.nara.lg.jp/documents/8708/r0810nara_materialprice.pdf,restricted,783c798bbd4a,原本で『○＝刊行物単価使用』。県は規格だけを載せ、単価は載せていない(市販の物価資料の値)。公的に公開された値は存在しない。
c9bd2af134260748,JP,material,生コンクリート・モルタル,生コンクリート,高炉(小型車) １８－８－４０,m3,pref_area,29,奈良県,7地区,,,,JPY,design_unit_price_ex_tax,published_restricted_not_copied,,,2026-10,2026-10-01,nara-shizai-r8-10,16,https://www.pref.nara.lg.jp/documents/8708/r0810nara_materialprice.pdf,restricted,783c798bbd4a,県が独自調査で値を載せている。利用条件が私的使用・引用のみのため値は写していない。原本を見ること。
d6852989ea16016e,JP,material,生コンクリート・モルタル,生コンクリート,高炉(小型車) １８－８－４０,m3,pref_area,29,奈良県,8地区,,,,JPY,design_unit_price_ex_tax,publication_based_not_public,,,2026-10,2026-10-01,nara-shizai-r8-10,16,https://www.pref.nara.lg.jp/documents/8708/r0810nara_materialprice.pdf,restricted,783c798bbd4a,原本で『○＝刊行物単価使用』。県は規格だけを載せ、単価は載せていない(市販の物価資料の値)。公的に公開された値は存在しない。
b078f25ffab449c9,JP,material,生コンクリート・モルタル,生コンクリート,高炉(小型車) １８－８－４０,m3,pref_area,29,奈良県,9地区,,,,JPY,design_unit_price_ex_tax,publication_based_not_public,,,2026-10,2026-10-01,nara-shizai-r8-10,16,https://www.pref.nara.lg.jp/documents/8708/r0810nara_materialprice.pdf,restricted,783c798bbd4a,原本で『○＝刊行物単価使用』。県は規格だけを載せ、単価は載せていない(市販の物価資料の値)。公的に公開された値は存在しない。
5326f8184c0a25dc,JP,material,生コンクリート・モルタル,生コンクリート,高炉(小型車) １８－８－４０,m3,pref_area,29,奈良県,10地区,,,,JPY,design_unit_price_ex_tax,publication_based_not_public,,,2026-10,2026-10-01,nara-shizai-r8-10,16,https://www.pref.nara.lg.jp/documents/8708/r0810nara_materialprice.pdf,restricted,783c798bbd4a,原本で『○＝刊行物単価使用』。県は規格だけを載せ、単価は載せていない(市販の物価資料の値)。公的に公開された値は存在しない。
67a2b6e6acef9fe2,JP,material,生コンクリート・モルタル,生コンクリート,高炉(小型車) １８－８－４０,m3,pref_area,29,奈良県,11地区,,,,JPY,design_unit_price_ex_tax,published_restricted_not_copied,,,2026-10,2026-10-01,nara-shizai-r8-10,16,https://www.pref.nara.lg.jp/documents/8708/r0810nara_materialprice.pdf,restricted,783c798bbd4a,県が独自調査で値を載せている。利用条件が私的使用・引用のみのため値は写していない。原本を見ること。
bbe07f01427c65bf,JP,material,生コンクリート・モルタル,生コンクリート,高炉(小型車) １８－１２－４０,m3,pref_area,29,奈良県,1地区,,,,JPY,design_unit_price_ex_tax,published_restricted_not_copied,,,2026-10,2026-10-01,nara-shizai-r8-10,16,https://www.pref.nara.lg.jp/documents/8708/r0810nara_materialprice.pdf,restricted,f1d1c610160c,県が独自調査で値を載せている。利用条件が私的使用・引用のみのため値は写していない。原本を見ること。
143fbc609e45b214,JP,material,生コンクリート・モルタル,生コンクリート,高炉(小型車) １８－１２－４０,m3,pref_area,29,奈良県,2地区,,,,JPY,design_unit_price_ex_tax,published_restricted_not_copied,,,2026-10,2026-10-01,nara-shizai-r8-10,16,https://www.pref.nara.lg.jp/documents/8708/r0810nara_materialprice.pdf,restricted,f1d1c610160c,県が独自調査で値を載せている。利用条件が私的使用・引用のみのため値は写していない。原本を見ること。
eb5ffe9a238859f6,JP,material,生コンクリート・モルタル,生コンクリート,高炉(小型車) １８－１２－４０,m3,pref_area,29,奈良県,3地区,,,,JPY,design_unit_price_ex_tax,published_restricted_not_copied,,,2026-10,2026-10-01,nara-shizai-r8-10,16,https://www.pref.nara.lg.jp/documents/8708/r0810nara_materialprice.pdf,restricted,f1d1c610160c,県が独自調査で値を載せている。利用条件が私的使用・引用のみのため値は写していない。原本を見ること。
03e4e6f089f3ca3c,JP,material,生コンクリート・モルタル,生コンクリート,高炉(小型車) １８－１２－４０,m3,pref_area,29,奈良県,4地区,,,,JPY,design_unit_price_ex_tax,published_restricted_not_copied,,,2026-10,2026-10-01,nara-shizai-r8-10,16,https://www.pref.nara.lg.jp/documents/8708/r0810nara_materialprice.pdf,restricted,f1d1c610160c,県が独自調査で値を載せている。利用条件が私的使用・引用のみのため値は写していない。原本を見ること。
0f3e7e823b3d8866,JP,material,生コンクリート・モルタル,生コンクリート,高炉(小型車) １８－１２－４０,m3,pref_area,29,奈良県,5地区,,,,JPY,design_unit_price_ex_tax,published_restricted_not_copied,,,2026-10,2026-10-01,nara-shizai-r8-10,16,https://www.pref.nara.lg.jp/documents/8708/r0810nara_materialprice.pdf,restricted,f1d1c610160c,県が独自調査で値を載せている。利用条件が私的使用・引用のみのため値は写していない。原本を見ること。
94518102798f57b7,JP,material,生コンクリート・モルタル,生コンクリート,高炉(小型車) １８－１２－４０,m3,pref_area,29,奈良県,6地区,,,,JPY,design_unit_price_ex_tax,published_restricted_not_copied,,,2026-10,2026-10-01,nara-shizai-r8-10,16,https://www.pref.nara.lg.jp/documents/8708/r0810nara_materialprice.pdf,restricted,f1d1c610160c,県が独自調査で値を載せている。利用条件が私的使用・引用のみのため値は写していない。原本を見ること。
152f8c9bb0af7b20,JP,material,生コンクリート・モルタル,生コンクリート,高炉(小型車) １８－１２－４０,m3,pref_area,29,奈良県,7地区,,,,JPY,design_unit_price_ex_tax,published_restricted_not_copied,,,2026-10,2026-10-01,nara-shizai-r8-10,16,https://www.pref.nara.lg.jp/documents/8708/r0810nara_materialprice.pdf,restricted,f1d1c610160c,県が独自調査で値を載せている。利用条件が私的使用・引用のみのため値は写していない。原本を見ること。
343add78d076de3b,JP,material,生コンクリート・モルタル,生コンクリート,高炉(小型車) １８－１２－４０,m3,pref_area,29,奈良県,8地区,,,,JPY,design_unit_price_ex_tax,published_restricted_not_copied,,,2026-10,2026-10-01,nara-shizai-r8-10,16,https://www.pref.nara.lg.jp/documents/8708/r0810nara_materialprice.pdf,restricted,f1d1c610160c,県が独自調査で値を載せている。利用条件が私的使用・引用のみのため値は写していない。原本を見ること。
5ed882761273a52b,JP,material,生コンクリート・モルタル,生コンクリート,高炉(小型車) １８－１２－４０,m3,pref_area,29,奈良県,9地区,,,,JPY,design_unit_price_ex_tax,published_restricted_not_copied,,,2026-10,2026-10-01,nara-shizai-r8-10,16,https://www.pref.nara.lg.jp/documents/8708/r0810nara_materialprice.pdf,restricted,f1d1c610160c,県が独自調査で値を載せている。利用条件が私的使用・引用のみのため値は写していない。原本を見ること。
24bce939a7384a9f,JP,material,生コンクリート・モルタル,生コンクリート,高炉(小型車) １８－１２－４０,m3,pref_area,29,奈良県,10地区,,,,JPY,design_unit_price_ex_tax,published_restricted_not_copied,,,2026-10,2026-10-01,nara-shizai-r8-10,16,https://www.pref.nara.lg.jp/documents/8708/r0810nara_materialprice.pdf,restricted,f1d1c610160c,県が独自調査で値を載せている。利用条件が私的使用・引用のみのため値は写していない。原本を見ること。
b2cabfd88f08f9f9,JP,material,生コンクリート・モルタル,生コンクリート,高炉(小型車) １８－１２－４０,m3,pref_area,29,奈良県,11地区,,,,JPY,design_unit_price_ex_tax,published_restricted_not_copied,,,2026-10,2026-10-01,nara-shizai-r8-10,16,https://www.pref.nara.lg.jp/documents/8708/r0810nara_materialprice.pdf,restricted,f1d1c610160c,県が独自調査で値を載せている。利用条件が私的使用・引用のみのため値は写していない。原本を見ること。
679a8bf44d4f0d04,JP,material,生コンクリート・モルタル,生コンクリート,高炉(小型車) ２１－５－４０,m3,pref_area,29,奈良県,1地区,,,,JPY,design_unit_price_ex_tax,published_restricted_not_copied,,,2026-10,2026-10-01,nara-shizai-r8-10,16,https://www.pref.nara.lg.jp/documents/8708/r0810nara_materialprice.pdf,restricted,76c8710ea35f,県が独自調査で値を載せている。利用条件が私的使用・引用のみのため値は写していない。原本を見ること。
6bb962aa47e374df,JP,material,生コンクリート・モルタル,生コンクリート,高炉(小型車) ２１－５－４０,m3,pref_area,29,奈良県,2地区,,,,JPY,design_unit_price_ex_tax,published_restricted_not_copied,,,2026-10,2026-10-01,nara-shizai-r8-10,16,https://www.pref.nara.lg.jp/documents/8708/r0810nara_materialprice.pdf,restricted,76c8710ea35f,県が独自調査で値を載せている。利用条件が私的使用・引用のみのため値は写していない。原本を見ること。
f53990ee64515f81,JP,material,生コンクリート・モルタル,生コンクリート,高炉(小型車) ２１－５－４０,m3,pref_area,29,奈良県,3地区,,,,JPY,design_unit_price_ex_tax,published_restricted_not_copied,,,2026-10,2026-10-01,nara-shizai-r8-10,16,https://www.pref.nara.lg.jp/documents/8708/r0810nara_materialprice.pdf,restricted,76c8710ea35f,県が独自調査で値を載せている。利用条件が私的使用・引用のみのため値は写していない。原本を見ること。
61fd4ab4e9295cd3,JP,material,生コンクリート・モルタル,生コンクリート,高炉(小型車) ２１－５－４０,m3,pref_area,29,奈良県,4地区,,,,JPY,design_unit_price_ex_tax,published_restricted_not_copied,,,2026-10,2026-10-01,nara-shizai-r8-10,16,https://www.pref.nara.lg.jp/documents/8708/r0810nara_materialprice.pdf,restricted,76c8710ea35f,県が独自調査で値を載せている。利用条件が私的使用・引用のみのため値は写していない。原本を見ること。
e731aebdfce45b90,JP,material,生コンクリート・モルタル,生コンクリート,高炉(小型車) ２１－５－４０,m3,pref_area,29,奈良県,5地区,,,,JPY,design_unit_price_ex_tax,published_restricted_not_copied,,,2026-10,2026-10-01,nara-shizai-r8-10,16,https://www.pref.nara.lg.jp/documents/8708/r0810nara_materialprice.pdf,restricted,76c8710ea35f,県が独自調査で値を載せている。利用条件が私的使用・引用のみのため値は写していない。原本を見ること。
ddb07cf6068f4786,JP,material,生コンクリート・モルタル,生コンクリート,高炉(小型車) ２１－５－４０,m3,pref_area,29,奈良県,6地区,,,,JPY,design_unit_price_ex_tax,published_restricted_not_copied,,,2026-10,2026-10-01,nara-shizai-r8-10,16,https://www.pref.nara.lg.jp/documents/8708/r0810nara_materialprice.pdf,restricted,76c8710ea35f,県が独自調査で値を載せている。利用条件が私的使用・引用のみのため値は写していない。原本を見ること。
135b969c7f5108fc,JP,material,生コンクリート・モルタル,生コンクリート,高炉(小型車) ２１－５－４０,m3,pref_area,29,奈良県,7地区,,,,JPY,design_unit_price_ex_tax,published_restricted_not_copied,,,2026-10,2026-10-01,nara-shizai-r8-10,16,https://www.pref.nara.lg.jp/documents/8708/r0810nara_materialprice.pdf,restricted,76c8710ea35f,県が独自調査で値を載せている。利用条件が私的使用・引用のみのため値は写していない。原本を見ること。
265b39a4e96c7f58,JP,material,生コンクリート・モルタル,生コンクリート,高炉(小型車) ２１－５－４０,m3,pref_area,29,奈良県,8地区,,,,JPY,design_unit_price_ex_tax,published_restricted_not_copied,,,2026-10,2026-10-01,nara-shizai-r8-10,16,https://www.pref.nara.lg.jp/documents/8708/r0810nara_materialprice.pdf,restricted,76c8710ea35f,県が独自調査で値を載せている。利用条件が私的使用・引用のみのため値は写していない。原本を見ること。
f9ded8bf733b24d7,JP,material,生コンクリート・モルタル,生コンクリート,高炉(小型車) ２１－５－４０,m3,pref_area,29,奈良県,9地区,,,,JPY,design_unit_price_ex_tax,published_restricted_not_copied,,,2026-10,2026-10-01,nara-shizai-r8-10,16,https://www.pref.nara.lg.jp/documents/8708/r0810nara_materialprice.pdf,restricted,76c8710ea35f,県が独自調査で値を載せている。利用条件が私的使用・引用のみのため値は写していない。原本を見ること。
73eb06b130bab422,JP,material,生コンクリート・モルタル,生コンクリート,高炉(小型車) ２１－５－４０,m3,pref_area,29,奈良県,10地区,,,,JPY,design_unit_price_ex_tax,published_restricted_not_copied,,,2026-10,2026-10-01,nara-shizai-r8-10,16,https://www.pref.nara.lg.jp/documents/8708/r0810nara_materialprice.pdf,restricted,76c8710ea35f,県が独自調査で値を載せている。利用条件が私的使用・引用のみのため値は写していない。原本を見ること。
888907289129fd13,JP,material,生コンクリート・モルタル,生コンクリート,高炉(小型車) ２１－５－４０,m3,pref_area,29,奈良県,11地区,,,,JPY,design_unit_price_ex_tax,published_restricted_not_copied,,,2026-10,2026-10-01,nara-shizai-r8-10,16,https://www.pref.nara.lg.jp/documents/8708/r0810nara_materialprice.pdf,restricted,76c8710ea35f,県が独自調査で値を載せている。利用条件が私的使用・引用のみのため値は写していない。原本を見ること。
b22c841e6410e0c6,JP,material,生コンクリート・モルタル,生コンクリート,高炉(小型車) ２１－８－４０,m3,pref_area,29,奈良県,1地区,,,,JPY,design_unit_price_ex_tax,published_restricted_not_copied,,,2026-10,2026-10-01,nara-shizai-r8-10,16,https://www.pref.nara.lg.jp/documents/8708/r0810nara_materialprice.pdf,restricted,828af00ae1ba,県が独自調査で値を載せている。利用条件が私的使用・引用のみのため値は写していない。原本を見ること。
7ee471253fbcddfc,JP,material,生コンクリート・モルタル,生コンクリート,高炉(小型車) ２１－８－４０,m3,pref_area,29,奈良県,2地区,,,,JPY,design_unit_price_ex_tax,published_restricted_not_copied,,,2026-10,2026-10-01,nara-shizai-r8-10,16,https://www.pref.nara.lg.jp/documents/8708/r0810nara_materialprice.pdf,restricted,828af00ae1ba,県が独自調査で値を載せている。利用条件が私的使用・引用のみのため値は写していない。原本を見ること。
59cdf860a11c0607,JP,material,生コンクリート・モルタル,生コンクリート,高炉(小型車) ２１－８－４０,m3,pref_area,29,奈良県,3地区,,,,JPY,design_unit_price_ex_tax,published_restricted_not_copied,,,2026-10,2026-10-01,nara-shizai-r8-10,16,https://www.pref.nara.lg.jp/documents/8708/r0810nara_materialprice.pdf,restricted,828af00ae1ba,県が独自調査で値を載せている。利用条件が私的使用・引用のみのため値は写していない。原本を見ること。
9b0ca84e5f8a123e,JP,material,生コンクリート・モルタル,生コンクリート,高炉(小型車) ２１－８－４０,m3,pref_area,29,奈良県,4地区,,,,JPY,design_unit_price_ex_tax,published_restricted_not_copied,,,2026-10,2026-10-01,nara-shizai-r8-10,16,https://www.pref.nara.lg.jp/documents/8708/r0810nara_materialprice.pdf,restricted,828af00ae1ba,県が独自調査で値を載せている。利用条件が私的使用・引用のみのため値は写していない。原本を見ること。
b4835c6ee7dd1a12,JP,material,生コンクリート・モルタル,生コンクリート,高炉(小型車) ２１－８－４０,m3,pref_area,29,奈良県,5地区,,,,JPY,design_unit_price_ex_tax,published_restricted_not_copied,,,2026-10,2026-10-01,nara-shizai-r8-10,16,https://www.pref.nara.lg.jp/documents/8708/r0810nara_materialprice.pdf,restricted,828af00ae1ba,県が独自調査で値を載せている。利用条件が私的使用・引用のみのため値は写していない。原本を見ること。
2925564c330378f3,JP,material,生コンクリート・モルタル,生コンクリート,高炉(小型車) ２１－８－４０,m3,pref_area,29,奈良県,6地区,,,,JPY,design_unit_price_ex_tax,published_restricted_not_copied,,,2026-10,2026-10-01,nara-shizai-r8-10,16,https://www.pref.nara.lg.jp/documents/8708/r0810nara_materialprice.pdf,restricted,828af00ae1ba,県が独自調査で値を載せている。利用条件が私的使用・引用のみのため値は写していない。原本を見ること。
a0006211f0e38c78,JP,material,生コンクリート・モルタル,生コンクリート,高炉(小型車) ２１－８－４０,m3,pref_area,29,奈良県,7地区,,,,JPY,design_unit_price_ex_tax,published_restricted_not_copied,,,2026-10,2026-10-01,nara-shizai-r8-10,16,https://www.pref.nara.lg.jp/documents/8708/r0810nara_materialprice.pdf,restricted,828af00ae1ba,県が独自調査で値を載せている。利用条件が私的使用・引用のみのため値は写していない。原本を見ること。
b74315337f3c351c,JP,material,生コンクリート・モルタル,生コンクリート,高炉(小型車) ２１－８－４０,m3,pref_area,29,奈良県,8地区,,,,JPY,design_unit_price_ex_tax,published_restricted_not_copied,,,2026-10,2026-10-01,nara-shizai-r8-10,16,https://www.pref.nara.lg.jp/documents/8708/r0810nara_materialprice.pdf,restricted,828af00ae1ba,県が独自調査で値を載せている。利用条件が私的使用・引用のみのため値は写していない。原本を見ること。
6722451ce27d0bad,JP,material,生コンクリート・モルタル,生コンクリート,高炉(小型車) ２１－８－４０,m3,pref_area,29,奈良県,9地区,,,,JPY,design_unit_price_ex_tax,published_restricted_not_copied,,,2026-10,2026-10-01,nara-shizai-r8-10,16,https://www.pref.nara.lg.jp/documents/8708/r0810nara_materialprice.pdf,restricted,828af00ae1ba,県が独自調査で値を載せている。利用条件が私的使用・引用のみのため値は写していない。原本を見ること。
6694fbe73e0b02b2,JP,material,生コンクリート・モルタル,生コンクリート,高炉(小型車) ２１－８－４０,m3,pref_area,29,奈良県,10地区,,,,JPY,design_unit_price_ex_tax,published_restricted_not_copied,,,2026-10,2026-10-01,nara-shizai-r8-10,16,https://www.pref.nara.lg.jp/documents/8708/r0810nara_materialprice.pdf,restricted,828af00ae1ba,県が独自調査で値を載せている。利用条件が私的使用・引用のみのため値は写していない。原本を見ること。
5cefe3bfb43c6567,JP,material,生コンクリート・モルタル,生コンクリート,高炉(小型車) ２１－８－４０,m3,pref_area,29,奈良県,11地区,,,,JPY,design_unit_price_ex_tax,published_restricted_not_copied,,,2026-10,2026-10-01,nara-shizai-r8-10,16,https://www.pref.nara.lg.jp/documents/8708/r0810nara_materialprice.pdf,restricted,828af00ae1ba,県が独自調査で値を載せている。利用条件が私的使用・引用のみのため値は写していない。原本を見ること。
eccc6358ecc62746,JP,material,生コンクリート・モルタル,生コンクリート,高炉(小型車) ２１－１２－４０,m3,pref_area,29,奈良県,1地区,,,,JPY,design_unit_price_ex_tax,published_restricted_not_copied,,,2026-10,2026-10-01,nara-shizai-r8-10,17,https://www.pref.nara.lg.jp/documents/8708/r0810nara_materialprice.pdf,restricted,c40fc4380c48,県が独自調査で値を載せている。利用条件が私的使用・引用のみのため値は写していない。原本を見ること。
9e7abb78f5f11524,JP,material,生コンクリート・モルタル,生コンクリート,高炉(小型車) ２１－１２－４０,m3,pref_area,29,奈良県,2地区,,,,JPY,design_unit_price_ex_tax,published_restricted_not_copied,,,2026-10,2026-10-01,nara-shizai-r8-10,17,https://www.pref.nara.lg.jp/documents/8708/r0810nara_materialprice.pdf,restricted,c40fc4380c48,県が独自調査で値を載せている。利用条件が私的使用・引用のみのため値は写していない。原本を見ること。
7ca8c7d8a3aa0fcc,JP,material,生コンクリート・モルタル,生コンクリート,高炉(小型車) ２１－１２－４０,m3,pref_area,29,奈良県,3地区,,,,JPY,design_unit_price_ex_tax,published_restricted_not_copied,,,2026-10,2026-10-01,nara-shizai-r8-10,17,https://www.pref.nara.lg.jp/documents/8708/r0810nara_materialprice.pdf,restricted,c40fc4380c48,県が独自調査で値を載せている。利用条件が私的使用・引用のみのため値は写していない。原本を見ること。
6faee6b7165c2fe4,JP,material,生コンクリート・モルタル,生コンクリート,高炉(小型車) ２１－１２－４０,m3,pref_area,29,奈良県,4地区,,,,JPY,design_unit_price_ex_tax,published_restricted_not_copied,,,2026-10,2026-10-01,nara-shizai-r8-10,17,https://www.pref.nara.lg.jp/documents/8708/r0810nara_materialprice.pdf,restricted,c40fc4380c48,県が独自調査で値を載せている。利用条件が私的使用・引用のみのため値は写していない。原本を見ること。
d51e7e45375485c7,JP,material,生コンクリート・モルタル,生コンクリート,高炉(小型車) ２１－１２－４０,m3,pref_area,29,奈良県,5地区,,,,JPY,design_unit_price_ex_tax,published_restricted_not_copied,,,2026-10,2026-10-01,nara-shizai-r8-10,17,https://www.pref.nara.lg.jp/documents/8708/r0810nara_materialprice.pdf,restricted,c40fc4380c48,県が独自調査で値を載せている。利用条件が私的使用・引用のみのため値は写していない。原本を見ること。
a84817d8a81febc8,JP,material,生コンクリート・モルタル,生コンクリート,高炉(小型車) ２１－１２－４０,m3,pref_area,29,奈良県,6地区,,,,JPY,design_unit_price_ex_tax,published_restricted_not_copied,,,2026-10,2026-10-01,nara-shizai-r8-10,17,https://www.pref.nara.lg.jp/documents/8708/r0810nara_materialprice.pdf,restricted,c40fc4380c48,県が独自調査で値を載せている。利用条件が私的使用・引用のみのため値は写していない。原本を見ること。
a517f5f3b2f19dbf,JP,material,生コンクリート・モルタル,生コンクリート,高炉(小型車) ２１－１２－４０,m3,pref_area,29,奈良県,7地区,,,,JPY,design_unit_price_ex_tax,published_restricted_not_copied,,,2026-10,2026-10-01,nara-shizai-r8-10,17,https://www.pref.nara.lg.jp/documents/8708/r0810nara_materialprice.pdf,restricted,c40fc4380c48,県が独自調査で値を載せている。利用条件が私的使用・引用のみのため値は写していない。原本を見ること。
f22edbc157df2ab9,JP,material,生コンクリート・モルタル,生コンクリート,高炉(小型車) ２１－１２－４０,m3,pref_area,29,奈良県,8地区,,,,JPY,design_unit_price_ex_tax,published_restricted_not_copied,,,2026-10,2026-10-01,nara-shizai-r8-10,17,https://www.pref.nara.lg.jp/documents/8708/r0810nara_materialprice.pdf,restricted,c40fc4380c48,県が独自調査で値を載せている。利用条件が私的使用・引用のみのため値は写していない。原本を見ること。
fbd3cd4dacbd9eca,JP,material,生コンクリート・モルタル,生コンクリート,高炉(小型車) ２１－１２－４０,m3,pref_area,29,奈良県,9地区,,,,JPY,design_unit_price_ex_tax,published_restricted_not_copied,,,2026-10,2026-10-01,nara-shizai-r8-10,17,https://www.pref.nara.lg.jp/documents/8708/r0810nara_materialprice.pdf,restricted,c40fc4380c48,県が独自調査で値を載せている。利用条件が私的使用・引用のみのため値は写していない。原本を見ること。
ea8c6befc643ace0,JP,material,生コンクリート・モルタル,生コンクリート,高炉(小型車) ２１－１２－４０,m3,pref_area,29,奈良県,10地区,,,,JPY,design_unit_price_ex_tax,published_restricted_not_copied,,,2026-10,2026-10-01,nara-shizai-r8-10,17,https://www.pref.nara.lg.jp/documents/8708/r0810nara_materialprice.pdf,restricted,c40fc4380c48,県が独自調査で値を載せている。利用条件が私的使用・引用のみのため値は写していない。原本を見ること。
db6950a6412bef08,JP,material,生コンクリート・モルタル,生コンクリート,高炉(小型車) ２１－１２－４０,m3,pref_area,29,奈良県,11地区,,,,JPY,design_unit_price_ex_tax,published_restricted_not_copied,,,2026-10,2026-10-01,nara-shizai-r8-10,17,https://www.pref.nara.lg.jp/documents/8708/r0810nara_materialprice.pdf,restricted,c40fc4380c48,県が独自調査で値を載せている。利用条件が私的使用・引用のみのため値は写していない。原本を見ること。
9f9a88c07cc4971b,JP,material,生コンクリート・モルタル,生コンクリート,高炉(小型車) ２４－８－４０,m3,pref_area,29,奈良県,1地区,,,,JPY,design_unit_price_ex_tax,publication_based_not_public,,,2026-10,2026-10-01,nara-shizai-r8-10,17,https://www.pref.nara.lg.jp/documents/8708/r0810nara_materialprice.pdf,restricted,16b7aae9595b,原本で『○＝刊行物単価使用』。県は規格だけを載せ、単価は載せていない(市販の物価資料の値)。公的に公開された値は存在しない。
bab4463edca0f130,JP,material,生コンクリート・モルタル,生コンクリート,高炉(小型車) ２４－８－４０,m3,pref_area,29,奈良県,2地区,,,,JPY,design_unit_price_ex_tax,publication_based_not_public,,,2026-10,2026-10-01,nara-shizai-r8-10,17,https://www.pref.nara.lg.jp/documents/8708/r0810nara_materialprice.pdf,restricted,16b7aae9595b,原本で『○＝刊行物単価使用』。県は規格だけを載せ、単価は載せていない(市販の物価資料の値)。公的に公開された値は存在しない。
906a1e26774c619c,JP,material,生コンクリート・モルタル,生コンクリート,高炉(小型車) ２４－８－４０,m3,pref_area,29,奈良県,3地区,,,,JPY,design_unit_price_ex_tax,publication_based_not_public,,,2026-10,2026-10-01,nara-shizai-r8-10,17,https://www.pref.nara.lg.jp/documents/8708/r0810nara_materialprice.pdf,restricted,16b7aae9595b,原本で『○＝刊行物単価使用』。県は規格だけを載せ、単価は載せていない(市販の物価資料の値)。公的に公開された値は存在しない。
79858e57ffc41411,JP,material,生コンクリート・モルタル,生コンクリート,高炉(小型車) ２４－８－４０,m3,pref_area,29,奈良県,4地区,,,,JPY,design_unit_price_ex_tax,publication_based_not_public,,,2026-10,2026-10-01,nara-shizai-r8-10,17,https://www.pref.nara.lg.jp/documents/8708/r0810nara_materialprice.pdf,restricted,16b7aae9595b,原本で『○＝刊行物単価使用』。県は規格だけを載せ、単価は載せていない(市販の物価資料の値)。公的に公開された値は存在しない。
eae30bae8c45aaf1,JP,material,生コンクリート・モルタル,生コンクリート,高炉(小型車) ２４－８－４０,m3,pref_area,29,奈良県,5地区,,,,JPY,design_unit_price_ex_tax,published_restricted_not_copied,,,2026-10,2026-10-01,nara-shizai-r8-10,17,https://www.pref.nara.lg.jp/documents/8708/r0810nara_materialprice.pdf,restricted,16b7aae9595b,県が独自調査で値を載せている。利用条件が私的使用・引用のみのため値は写していない。原本を見ること。
4bd751b32e32b23b,JP,material,生コンクリート・モルタル,生コンクリート,高炉(小型車) ２４－８－４０,m3,pref_area,29,奈良県,6地区,,,,JPY,design_unit_price_ex_tax,publication_based_not_public,,,2026-10,2026-10-01,nara-shizai-r8-10,17,https://www.pref.nara.lg.jp/documents/8708/r0810nara_materialprice.pdf,restricted,16b7aae9595b,原本で『○＝刊行物単価使用』。県は規格だけを載せ、単価は載せていない(市販の物価資料の値)。公的に公開された値は存在しない。
b58ac8ff988e8b75,JP,material,生コンクリート・モルタル,生コンクリート,高炉(小型車) ２４－８－４０,m3,pref_area,29,奈良県,7地区,,,,JPY,design_unit_price_ex_tax,published_restricted_not_copied,,,2026-10,2026-10-01,nara-shizai-r8-10,17,https://www.pref.nara.lg.jp/documents/8708/r0810nara_materialprice.pdf,restricted,16b7aae9595b,県が独自調査で値を載せている。利用条件が私的使用・引用のみのため値は写していない。原本を見ること。
f6890bf0f0eacd60,JP,material,生コンクリート・モルタル,生コンクリート,高炉(小型車) ２４－８－４０,m3,pref_area,29,奈良県,8地区,,,,JPY,design_unit_price_ex_tax,publication_based_not_public,,,2026-10,2026-10-01,nara-shizai-r8-10,17,https://www.pref.nara.lg.jp/documents/8708/r0810nara_materialprice.pdf,restricted,16b7aae9595b,原本で『○＝刊行物単価使用』。県は規格だけを載せ、単価は載せていない(市販の物価資料の値)。公的に公開された値は存在しない。
0509fe8bd368d871,JP,material,生コンクリート・モルタル,生コンクリート,高炉(小型車) ２４－８－４０,m3,pref_area,29,奈良県,9地区,,,,JPY,design_unit_price_ex_tax,publication_based_not_public,,,2026-10,2026-10-01,nara-shizai-r8-10,17,https://www.pref.nara.lg.jp/documents/8708/r0810nara_materialprice.pdf,restricted,16b7aae9595b,原本で『○＝刊行物単価使用』。県は規格だけを載せ、単価は載せていない(市販の物価資料の値)。公的に公開された値は存在しない。
3585c65a13efe6bd,JP,material,生コンクリート・モルタル,生コンクリート,高炉(小型車) ２４－８－４０,m3,pref_area,29,奈良県,10地区,,,,JPY,design_unit_price_ex_tax,publication_based_not_public,,,2026-10,2026-10-01,nara-shizai-r8-10,17,https://www.pref.nara.lg.jp/documents/8708/r0810nara_materialprice.pdf,restricted,16b7aae9595b,原本で『○＝刊行物単価使用』。県は規格だけを載せ、単価は載せていない(市販の物価資料の値)。公的に公開された値は存在しない。
376529c445191b32,JP,material,生コンクリート・モルタル,生コンクリート,高炉(小型車) ２４－８－４０,m3,pref_area,29,奈良県,11地区,,,,JPY,design_unit_price_ex_tax,published_restricted_not_copied,,,2026-10,2026-10-01,nara-shizai-r8-10,17,https://www.pref.nara.lg.jp/documents/8708/r0810nara_materialprice.pdf,restricted,16b7aae9595b,県が独自調査で値を載せている。利用条件が私的使用・引用のみのため値は写していない。原本を見ること。
69462fcd33dbc83f,JP,material,生コンクリート・モルタル,生コンクリート,高炉(小型車) ２４－１２－４０,m3,pref_area,29,奈良県,1地区,,,,JPY,design_unit_price_ex_tax,publication_based_not_public,,,2026-10,2026-10-01,nara-shizai-r8-10,17,https://www.pref.nara.lg.jp/documents/8708/r0810nara_materialprice.pdf,restricted,a6301b7f03fe,原本で『○＝刊行物単価使用』。県は規格だけを載せ、単価は載せていない(市販の物価資料の値)。公的に公開された値は存在しない。
91f29e869581b58a,JP,material,生コンクリート・モルタル,生コンクリート,高炉(小型車) ２４－１２－４０,m3,pref_area,29,奈良県,2地区,,,,JPY,design_unit_price_ex_tax,publication_based_not_public,,,2026-10,2026-10-01,nara-shizai-r8-10,17,https://www.pref.nara.lg.jp/documents/8708/r0810nara_materialprice.pdf,restricted,a6301b7f03fe,原本で『○＝刊行物単価使用』。県は規格だけを載せ、単価は載せていない(市販の物価資料の値)。公的に公開された値は存在しない。
cbde1e51aeff6ec8,JP,material,生コンクリート・モルタル,生コンクリート,高炉(小型車) ２４－１２－４０,m3,pref_area,29,奈良県,3地区,,,,JPY,design_unit_price_ex_tax,publication_based_not_public,,,2026-10,2026-10-01,nara-shizai-r8-10,17,https://www.pref.nara.lg.jp/documents/8708/r0810nara_materialprice.pdf,restricted,a6301b7f03fe,原本で『○＝刊行物単価使用』。県は規格だけを載せ、単価は載せていない(市販の物価資料の値)。公的に公開された値は存在しない。
35cb3e7c90ca9d80,JP,material,生コンクリート・モルタル,生コンクリート,高炉(小型車) ２４－１２－４０,m3,pref_area,29,奈良県,4地区,,,,JPY,design_unit_price_ex_tax,publication_based_not_public,,,2026-10,2026-10-01,nara-shizai-r8-10,17,https://www.pref.nara.lg.jp/documents/8708/r0810nara_materialprice.pdf,restricted,a6301b7f03fe,原本で『○＝刊行物単価使用』。県は規格だけを載せ、単価は載せていない(市販の物価資料の値)。公的に公開された値は存在しない。
098c52d092a2ecfe,JP,material,生コンクリート・モルタル,生コンクリート,高炉(小型車) ２４－１２－４０,m3,pref_area,29,奈良県,5地区,,,,JPY,design_unit_price_ex_tax,published_restricted_not_copied,,,2026-10,2026-10-01,nara-shizai-r8-10,17,https://www.pref.nara.lg.jp/documents/8708/r0810nara_materialprice.pdf,restricted,a6301b7f03fe,県が独自調査で値を載せている。利用条件が私的使用・引用のみのため値は写していない。原本を見ること。
b4adce6db1c38424,JP,material,生コンクリート・モルタル,生コンクリート,高炉(小型車) ２４－１２－４０,m3,pref_area,29,奈良県,6地区,,,,JPY,design_unit_price_ex_tax,publication_based_not_public,,,2026-10,2026-10-01,nara-shizai-r8-10,17,https://www.pref.nara.lg.jp/documents/8708/r0810nara_materialprice.pdf,restricted,a6301b7f03fe,原本で『○＝刊行物単価使用』。県は規格だけを載せ、単価は載せていない(市販の物価資料の値)。公的に公開された値は存在しない。
a46d7204581851c1,JP,material,生コンクリート・モルタル,生コンクリート,高炉(小型車) ２４－１２－４０,m3,pref_area,29,奈良県,7地区,,,,JPY,design_unit_price_ex_tax,published_restricted_not_copied,,,2026-10,2026-10-01,nara-shizai-r8-10,17,https://www.pref.nara.lg.jp/documents/8708/r0810nara_materialprice.pdf,restricted,a6301b7f03fe,県が独自調査で値を載せている。利用条件が私的使用・引用のみのため値は写していない。原本を見ること。
f06e353bf900dc20,JP,material,生コンクリート・モルタル,生コンクリート,高炉(小型車) ２４－１２－４０,m3,pref_area,29,奈良県,8地区,,,,JPY,design_unit_price_ex_tax,not_set,,,2026-10,2026-10-01,nara-shizai-r8-10,17,https://www.pref.nara.lg.jp/documents/8708/r0810nara_materialprice.pdf,restricted,a6301b7f03fe,原本で空欄(取引事例が著しく少なく単価を設定していない)。
3544e06eae7797a4,JP,material,生コンクリート・モルタル,生コンクリート,高炉(小型車) ２４－１２－４０,m3,pref_area,29,奈良県,9地区,,,,JPY,design_unit_price_ex_tax,publication_based_not_public,,,2026-10,2026-10-01,nara-shizai-r8-10,17,https://www.pref.nara.lg.jp/documents/8708/r0810nara_materialprice.pdf,restricted,a6301b7f03fe,原本で『○＝刊行物単価使用』。県は規格だけを載せ、単価は載せていない(市販の物価資料の値)。公的に公開された値は存在しない。
8bf0053934b4c42a,JP,material,生コンクリート・モルタル,生コンクリート,高炉(小型車) ２４－１２－４０,m3,pref_area,29,奈良県,10地区,,,,JPY,design_unit_price_ex_tax,publication_based_not_public,,,2026-10,2026-10-01,nara-shizai-r8-10,17,https://www.pref.nara.lg.jp/documents/8708/r0810nara_materialprice.pdf,restricted,a6301b7f03fe,原本で『○＝刊行物単価使用』。県は規格だけを載せ、単価は載せていない(市販の物価資料の値)。公的に公開された値は存在しない。
b9bb2c3853a934f5,JP,material,生コンクリート・モルタル,生コンクリート,高炉(小型車) ２４－１２－４０,m3,pref_area,29,奈良県,11地区,,,,JPY,design_unit_price_ex_tax,published_restricted_not_copied,,,2026-10,2026-10-01,nara-shizai-r8-10,17,https://www.pref.nara.lg.jp/documents/8708/r0810nara_materialprice.pdf,restricted,a6301b7f03fe,県が独自調査で値を載せている。利用条件が私的使用・引用のみのため値は写していない。原本を見ること。
bbf5dae8412093c8,JP,material,生コンクリート・モルタル,生コンクリート,高炉(小型車) ２７－５－４０,m3,pref_area,29,奈良県,1地区,,,,JPY,design_unit_price_ex_tax,publication_based_not_public,,,2026-10,2026-10-01,nara-shizai-r8-10,17,https://www.pref.nara.lg.jp/documents/8708/r0810nara_materialprice.pdf,restricted,511b273a22fa,原本で『○＝刊行物単価使用』。県は規格だけを載せ、単価は載せていない(市販の物価資料の値)。公的に公開された値は存在しない。
23fd77c4388c412d,JP,material,生コンクリート・モルタル,生コンクリート,高炉(小型車) ２７－５－４０,m3,pref_area,29,奈良県,2地区,,,,JPY,design_unit_price_ex_tax,publication_based_not_public,,,2026-10,2026-10-01,nara-shizai-r8-10,17,https://www.pref.nara.lg.jp/documents/8708/r0810nara_materialprice.pdf,restricted,511b273a22fa,原本で『○＝刊行物単価使用』。県は規格だけを載せ、単価は載せていない(市販の物価資料の値)。公的に公開された値は存在しない。
8ed2585fd283f08f,JP,material,生コンクリート・モルタル,生コンクリート,高炉(小型車) ２７－５－４０,m3,pref_area,29,奈良県,3地区,,,,JPY,design_unit_price_ex_tax,publication_based_not_public,,,2026-10,2026-10-01,nara-shizai-r8-10,17,https://www.pref.nara.lg.jp/documents/8708/r0810nara_materialprice.pdf,restricted,511b273a22fa,原本で『○＝刊行物単価使用』。県は規格だけを載せ、単価は載せていない(市販の物価資料の値)。公的に公開された値は存在しない。
51409f88898119d0,JP,material,生コンクリート・モルタル,生コンクリート,高炉(小型車) ２７－５－４０,m3,pref_area,29,奈良県,4地区,,,,JPY,design_unit_price_ex_tax,publication_based_not_public,,,2026-10,2026-10-01,nara-shizai-r8-10,17,https://www.pref.nara.lg.jp/documents/8708/r0810nara_materialprice.pdf,restricted,511b273a22fa,原本で『○＝刊行物単価使用』。県は規格だけを載せ、単価は載せていない(市販の物価資料の値)。公的に公開された値は存在しない。
bcf29a1761d37613,JP,material,生コンクリート・モルタル,生コンクリート,高炉(小型車) ２７－５－４０,m3,pref_area,29,奈良県,5地区,,,,JPY,design_unit_price_ex_tax,published_restricted_not_copied,,,2026-10,2026-10-01,nara-shizai-r8-10,17,https://www.pref.nara.lg.jp/documents/8708/r0810nara_materialprice.pdf,restricted,511b273a22fa,県が独自調査で値を載せている。利用条件が私的使用・引用のみのため値は写していない。原本を見ること。
92c4bea780d9ba31,JP,material,生コンクリート・モルタル,生コンクリート,高炉(小型車) ２７－５－４０,m3,pref_area,29,奈良県,6地区,,,,JPY,design_unit_price_ex_tax,publication_based_not_public,,,2026-10,2026-10-01,nara-shizai-r8-10,17,https://www.pref.nara.lg.jp/documents/8708/r0810nara_materialprice.pdf,restricted,511b273a22fa,原本で『○＝刊行物単価使用』。県は規格だけを載せ、単価は載せていない(市販の物価資料の値)。公的に公開された値は存在しない。
322f71c984481641,JP,material,生コンクリート・モルタル,生コンクリート,高炉(小型車) ２７－５－４０,m3,pref_area,29,奈良県,7地区,,,,JPY,design_unit_price_ex_tax,published_restricted_not_copied,,,2026-10,2026-10-01,nara-shizai-r8-10,17,https://www.pref.nara.lg.jp/documents/8708/r0810nara_materialprice.pdf,restricted,511b273a22fa,県が独自調査で値を載せている。利用条件が私的使用・引用のみのため値は写していない。原本を見ること。
8588ff37f82ea245,JP,material,生コンクリート・モルタル,生コンクリート,高炉(小型車) ２７－５－４０,m3,pref_area,29,奈良県,8地区,,,,JPY,design_unit_price_ex_tax,publication_based_not_public,,,2026-10,2026-10-01,nara-shizai-r8-10,17,https://www.pref.nara.lg.jp/documents/8708/r0810nara_materialprice.pdf,restricted,511b273a22fa,原本で『○＝刊行物単価使用』。県は規格だけを載せ、単価は載せていない(市販の物価資料の値)。公的に公開された値は存在しない。
6c64a04fd52347dd,JP,material,生コンクリート・モルタル,生コンクリート,高炉(小型車) ２７－５－４０,m3,pref_area,29,奈良県,9地区,,,,JPY,design_unit_price_ex_tax,publication_based_not_public,,,2026-10,2026-10-01,nara-shizai-r8-10,17,https://www.pref.nara.lg.jp/documents/8708/r0810nara_materialprice.pdf,restricted,511b273a22fa,原本で『○＝刊行物単価使用』。県は規格だけを載せ、単価は載せていない(市販の物価資料の値)。公的に公開された値は存在しない。
6658d31ea49ef796,JP,material,生コンクリート・モルタル,生コンクリート,高炉(小型車) ２７－５－４０,m3,pref_area,29,奈良県,10地区,,,,JPY,design_unit_price_ex_tax,publication_based_not_public,,,2026-10,2026-10-01,nara-shizai-r8-10,17,https://www.pref.nara.lg.jp/documents/8708/r0810nara_materialprice.pdf,restricted,511b273a22fa,原本で『○＝刊行物単価使用』。県は規格だけを載せ、単価は載せていない(市販の物価資料の値)。公的に公開された値は存在しない。
ccddba79364c2b96,JP,material,生コンクリート・モルタル,生コンクリート,高炉(小型車) ２７－５－４０,m3,pref_area,29,奈良県,11地区,,,,JPY,design_unit_price_ex_tax,published_restricted_not_copied,,,2026-10,2026-10-01,nara-shizai-r8-10,17,https://www.pref.nara.lg.jp/documents/8708/r0810nara_materialprice.pdf,restricted,511b273a22fa,県が独自調査で値を載せている。利用条件が私的使用・引用のみのため値は写していない。原本を見ること。
651ce36db5fdc953,JP,material,生コンクリート・モルタル,生コンクリート,高炉(小型車) 曲げ４．５－２．５－４０,m3,pref_area,29,奈良県,1地区,,,,JPY,design_unit_price_ex_tax,not_set,,,2026-10,2026-10-01,nara-shizai-r8-10,17,https://www.pref.nara.lg.jp/documents/8708/r0810nara_materialprice.pdf,restricted,d4e6128adc1f,原本で空欄(取引事例が著しく少なく単価を設定していない)。
44dbb38528f9180f,JP,material,生コンクリート・モルタル,生コンクリート,高炉(小型車) 曲げ４．５－２．５－４０,m3,pref_area,29,奈良県,2地区,,,,JPY,design_unit_price_ex_tax,not_set,,,2026-10,2026-10-01,nara-shizai-r8-10,17,https://www.pref.nara.lg.jp/documents/8708/r0810nara_materialprice.pdf,restricted,d4e6128adc1f,原本で空欄(取引事例が著しく少なく単価を設定していない)。
1bf38de8366f5f77,JP,material,生コンクリート・モルタル,生コンクリート,高炉(小型車) 曲げ４．５－２．５－４０,m3,pref_area,29,奈良県,3地区,,,,JPY,design_unit_price_ex_tax,not_set,,,2026-10,2026-10-01,nara-shizai-r8-10,17,https://www.pref.nara.lg.jp/documents/8708/r0810nara_materialprice.pdf,restricted,d4e6128adc1f,原本で空欄(取引事例が著しく少なく単価を設定していない)。
60c141d525af249a,JP,material,生コンクリート・モルタル,生コンクリート,高炉(小型車) 曲げ４．５－２．５－４０,m3,pref_area,29,奈良県,4地区,,,,JPY,design_unit_price_ex_tax,not_set,,,2026-10,2026-10-01,nara-shizai-r8-10,17,https://www.pref.nara.lg.jp/documents/8708/r0810nara_materialprice.pdf,restricted,d4e6128adc1f,原本で空欄(取引事例が著しく少なく単価を設定していない)。
ce2e57fb9e3030c1,JP,material,生コンクリート・モルタル,生コンクリート,高炉(小型車) 曲げ４．５－２．５－４０,m3,pref_area,29,奈良県,5地区,,,,JPY,design_unit_price_ex_tax,published_restricted_not_copied,,,2026-10,2026-10-01,nara-shizai-r8-10,17,https://www.pref.nara.lg.jp/documents/8708/r0810nara_materialprice.pdf,restricted,d4e6128adc1f,県が独自調査で値を載せている。利用条件が私的使用・引用のみのため値は写していない。原本を見ること。
b1f876c36e98fe79,JP,material,生コンクリート・モルタル,生コンクリート,高炉(小型車) 曲げ４．５－２．５－４０,m3,pref_area,29,奈良県,6地区,,,,JPY,design_unit_price_ex_tax,not_set,,,2026-10,2026-10-01,nara-shizai-r8-10,17,https://www.pref.nara.lg.jp/documents/8708/r0810nara_materialprice.pdf,restricted,d4e6128adc1f,原本で空欄(取引事例が著しく少なく単価を設定していない)。
8bf073e80a65623f,JP,material,生コンクリート・モルタル,生コンクリート,高炉(小型車) 曲げ４．５－２．５－４０,m3,pref_area,29,奈良県,7地区,,,,JPY,design_unit_price_ex_tax,published_restricted_not_copied,,,2026-10,2026-10-01,nara-shizai-r8-10,17,https://www.pref.nara.lg.jp/documents/8708/r0810nara_materialprice.pdf,restricted,d4e6128adc1f,県が独自調査で値を載せている。利用条件が私的使用・引用のみのため値は写していない。原本を見ること。
b2114d919f5530f8,JP,material,生コンクリート・モルタル,生コンクリート,高炉(小型車) 曲げ４．５－２．５－４０,m3,pref_area,29,奈良県,8地区,,,,JPY,design_unit_price_ex_tax,not_set,,,2026-10,2026-10-01,nara-shizai-r8-10,17,https://www.pref.nara.lg.jp/documents/8708/r0810nara_materialprice.pdf,restricted,d4e6128adc1f,原本で空欄(取引事例が著しく少なく単価を設定していない)。
5addbdd1a0865f09,JP,material,生コンクリート・モルタル,生コンクリート,高炉(小型車) 曲げ４．５－２．５－４０,m3,pref_area,29,奈良県,9地区,,,,JPY,design_unit_price_ex_tax,not_set,,,2026-10,2026-10-01,nara-shizai-r8-10,17,https://www.pref.nara.lg.jp/documents/8708/r0810nara_materialprice.pdf,restricted,d4e6128adc1f,原本で空欄(取引事例が著しく少なく単価を設定していない)。
225ad9db45337a4c,JP,material,生コンクリート・モルタル,生コンクリート,高炉(小型車) 曲げ４．５－２．５－４０,m3,pref_area,29,奈良県,10地区,,,,JPY,design_unit_price_ex_tax,not_set,,,2026-10,2026-10-01,nara-shizai-r8-10,17,https://www.pref.nara.lg.jp/documents/8708/r0810nara_materialprice.pdf,restricted,d4e6128adc1f,原本で空欄(取引事例が著しく少なく単価を設定していない)。
5b44207637cd148c,JP,material,生コンクリート・モルタル,生コンクリート,高炉(小型車) 曲げ４．５－２．５－４０,m3,pref_area,29,奈良県,11地区,,,,JPY,design_unit_price_ex_tax,published_restricted_not_copied,,,2026-10,2026-10-01,nara-shizai-r8-10,17,https://www.pref.nara.lg.jp/documents/8708/r0810nara_materialprice.pdf,restricted,d4e6128adc1f,県が独自調査で値を載せている。利用条件が私的使用・引用のみのため値は写していない。原本を見ること。
3bdb17702f3dffab,JP,material,生コンクリート・モルタル,生コンクリート,高炉(小型車) １８－１５－４０ C=270以上,m3,pref_area,29,奈良県,1地区,,,,JPY,design_unit_price_ex_tax,publication_based_not_public,,,2026-10,2026-10-01,nara-shizai-r8-10,17,https://www.pref.nara.lg.jp/documents/8708/r0810nara_materialprice.pdf,restricted,b708540fcaa7,原本で『○＝刊行物単価使用』。県は規格だけを載せ、単価は載せていない(市販の物価資料の値)。公的に公開された値は存在しない。
9dd55d6132e8f70b,JP,material,生コンクリート・モルタル,生コンクリート,高炉(小型車) １８－１５－４０ C=270以上,m3,pref_area,29,奈良県,2地区,,,,JPY,design_unit_price_ex_tax,publication_based_not_public,,,2026-10,2026-10-01,nara-shizai-r8-10,17,https://www.pref.nara.lg.jp/documents/8708/r0810nara_materialprice.pdf,restricted,b708540fcaa7,原本で『○＝刊行物単価使用』。県は規格だけを載せ、単価は載せていない(市販の物価資料の値)。公的に公開された値は存在しない。
91d15c4785ced46e,JP,material,生コンクリート・モルタル,生コンクリート,高炉(小型車) １８－１５－４０ C=270以上,m3,pref_area,29,奈良県,3地区,,,,JPY,design_unit_price_ex_tax,publication_based_not_public,,,2026-10,2026-10-01,nara-shizai-r8-10,17,https://www.pref.nara.lg.jp/documents/8708/r0810nara_materialprice.pdf,restricted,b708540fcaa7,原本で『○＝刊行物単価使用』。県は規格だけを載せ、単価は載せていない(市販の物価資料の値)。公的に公開された値は存在しない。
91e620f90ab37332,JP,material,生コンクリート・モルタル,生コンクリート,高炉(小型車) １８－１５－４０ C=270以上,m3,pref_area,29,奈良県,4地区,,,,JPY,design_unit_price_ex_tax,publication_based_not_public,,,2026-10,2026-10-01,nara-shizai-r8-10,17,https://www.pref.nara.lg.jp/documents/8708/r0810nara_materialprice.pdf,restricted,b708540fcaa7,原本で『○＝刊行物単価使用』。県は規格だけを載せ、単価は載せていない(市販の物価資料の値)。公的に公開された値は存在しない。
d0fa519cef58352a,JP,material,生コンクリート・モルタル,生コンクリート,高炉(小型車) １８－１５－４０ C=270以上,m3,pref_area,29,奈良県,5地区,,,,JPY,design_unit_price_ex_tax,published_restricted_not_copied,,,2026-10,2026-10-01,nara-shizai-r8-10,17,https://www.pref.nara.lg.jp/documents/8708/r0810nara_materialprice.pdf,restricted,b708540fcaa7,県が独自調査で値を載せている。利用条件が私的使用・引用のみのため値は写していない。原本を見ること。
67b225da50768317,JP,material,生コンクリート・モルタル,生コンクリート,高炉(小型車) １８－１５－４０ C=270以上,m3,pref_area,29,奈良県,6地区,,,,JPY,design_unit_price_ex_tax,publication_based_not_public,,,2026-10,2026-10-01,nara-shizai-r8-10,17,https://www.pref.nara.lg.jp/documents/8708/r0810nara_materialprice.pdf,restricted,b708540fcaa7,原本で『○＝刊行物単価使用』。県は規格だけを載せ、単価は載せていない(市販の物価資料の値)。公的に公開された値は存在しない。
dceb1a0640ae5ff7,JP,material,生コンクリート・モルタル,生コンクリート,高炉(小型車) １８－１５－４０ C=270以上,m3,pref_area,29,奈良県,7地区,,,,JPY,design_unit_price_ex_tax,published_restricted_not_copied,,,2026-10,2026-10-01,nara-shizai-r8-10,17,https://www.pref.nara.lg.jp/documents/8708/r0810nara_materialprice.pdf,restricted,b708540fcaa7,県が独自調査で値を載せている。利用条件が私的使用・引用のみのため値は写していない。原本を見ること。
866650c83a12223e,JP,material,生コンクリート・モルタル,生コンクリート,高炉(小型車) １８－１５－４０ C=270以上,m3,pref_area,29,奈良県,8地区,,,,JPY,design_unit_price_ex_tax,publication_based_not_public,,,2026-10,2026-10-01,nara-shizai-r8-10,17,https://www.pref.nara.lg.jp/documents/8708/r0810nara_materialprice.pdf,restricted,b708540fcaa7,原本で『○＝刊行物単価使用』。県は規格だけを載せ、単価は載せていない(市販の物価資料の値)。公的に公開された値は存在しない。
dab516d2c3fe0c7c,JP,material,生コンクリート・モルタル,生コンクリート,高炉(小型車) １８－１５－４０ C=270以上,m3,pref_area,29,奈良県,9地区,,,,JPY,design_unit_price_ex_tax,publication_based_not_public,,,2026-10,2026-10-01,nara-shizai-r8-10,17,https://www.pref.nara.lg.jp/documents/8708/r0810nara_materialprice.pdf,restricted,b708540fcaa7,原本で『○＝刊行物単価使用』。県は規格だけを載せ、単価は載せていない(市販の物価資料の値)。公的に公開された値は存在しない。
c96e317f45c30af4,JP,material,生コンクリート・モルタル,生コンクリート,高炉(小型車) １８－１５－４０ C=270以上,m3,pref_area,29,奈良県,10地区,,,,JPY,design_unit_price_ex_tax,publication_based_not_public,,,2026-10,2026-10-01,nara-shizai-r8-10,17,https://www.pref.nara.lg.jp/documents/8708/r0810nara_materialprice.pdf,restricted,b708540fcaa7,原本で『○＝刊行物単価使用』。県は規格だけを載せ、単価は載せていない(市販の物価資料の値)。公的に公開された値は存在しない。
08c162a15fa0ffab,JP,material,生コンクリート・モルタル,生コンクリート,高炉(小型車) １８－１５－４０ C=270以上,m3,pref_area,29,奈良県,11地区,,,,JPY,design_unit_price_ex_tax,published_restricted_not_copied,,,2026-10,2026-10-01,nara-shizai-r8-10,17,https://www.pref.nara.lg.jp/documents/8708/r0810nara_materialprice.pdf,restricted,b708540fcaa7,県が独自調査で値を載せている。利用条件が私的使用・引用のみのため値は写していない。原本を見ること。
9db3533517b572fd,JP,material,生コンクリート・モルタル,生コンクリート,高炉(小型車) １８－１８－２５（２０）,m3,pref_area,29,奈良県,1地区,,,,JPY,design_unit_price_ex_tax,publication_based_not_public,,,2026-10,2026-10-01,nara-shizai-r8-10,17,https://www.pref.nara.lg.jp/documents/8708/r0810nara_materialprice.pdf,restricted,1def726bb58d,原本で『○＝刊行物単価使用』。県は規格だけを載せ、単価は載せていない(市販の物価資料の値)。公的に公開された値は存在しない。
fbebf52f51ebcc15,JP,material,生コンクリート・モルタル,生コンクリート,高炉(小型車) １８－１８－２５（２０）,m3,pref_area,29,奈良県,2地区,,,,JPY,design_unit_price_ex_tax,publication_based_not_public,,,2026-10,2026-10-01,nara-shizai-r8-10,17,https://www.pref.nara.lg.jp/documents/8708/r0810nara_materialprice.pdf,restricted,1def726bb58d,原本で『○＝刊行物単価使用』。県は規格だけを載せ、単価は載せていない(市販の物価資料の値)。公的に公開された値は存在しない。
65ac1274a9b44307,JP,material,生コンクリート・モルタル,生コンクリート,高炉(小型車) １８－１８－２５（２０）,m3,pref_area,29,奈良県,3地区,,,,JPY,design_unit_price_ex_tax,publication_based_not_public,,,2026-10,2026-10-01,nara-shizai-r8-10,17,https://www.pref.nara.lg.jp/documents/8708/r0810nara_materialprice.pdf,restricted,1def726bb58d,原本で『○＝刊行物単価使用』。県は規格だけを載せ、単価は載せていない(市販の物価資料の値)。公的に公開された値は存在しない。
81b19e0b4bf70c3b,JP,material,生コンクリート・モルタル,生コンクリート,高炉(小型車) １８－１８－２５（２０）,m3,pref_area,29,奈良県,4地区,,,,JPY,design_unit_price_ex_tax,publication_based_not_public,,,2026-10,2026-10-01,nara-shizai-r8-10,17,https://www.pref.nara.lg.jp/documents/8708/r0810nara_materialprice.pdf,restricted,1def726bb58d,原本で『○＝刊行物単価使用』。県は規格だけを載せ、単価は載せていない(市販の物価資料の値)。公的に公開された値は存在しない。
489acfdb2f55cee5,JP,material,生コンクリート・モルタル,生コンクリート,高炉(小型車) １８－１８－２５（２０）,m3,pref_area,29,奈良県,5地区,,,,JPY,design_unit_price_ex_tax,published_restricted_not_copied,,,2026-10,2026-10-01,nara-shizai-r8-10,17,https://www.pref.nara.lg.jp/documents/8708/r0810nara_materialprice.pdf,restricted,1def726bb58d,県が独自調査で値を載せている。利用条件が私的使用・引用のみのため値は写していない。原本を見ること。
824d71deeebb2978,JP,material,生コンクリート・モルタル,生コンクリート,高炉(小型車) １８－１８－２５（２０）,m3,pref_area,29,奈良県,6地区,,,,JPY,design_unit_price_ex_tax,publication_based_not_public,,,2026-10,2026-10-01,nara-shizai-r8-10,17,https://www.pref.nara.lg.jp/documents/8708/r0810nara_materialprice.pdf,restricted,1def726bb58d,原本で『○＝刊行物単価使用』。県は規格だけを載せ、単価は載せていない(市販の物価資料の値)。公的に公開された値は存在しない。
69abe1861ae2c0b7,JP,material,生コンクリート・モルタル,生コンクリート,高炉(小型車) １８－１８－２５（２０）,m3,pref_area,29,奈良県,7地区,,,,JPY,design_unit_price_ex_tax,published_restricted_not_copied,,,2026-10,2026-10-01,nara-shizai-r8-10,17,https://www.pref.nara.lg.jp/documents/8708/r0810nara_materialprice.pdf,restricted,1def726bb58d,県が独自調査で値を載せている。利用条件が私的使用・引用のみのため値は写していない。原本を見ること。
9e392982b45433f5,JP,material,生コンクリート・モルタル,生コンクリート,高炉(小型車) １８－１８－２５（２０）,m3,pref_area,29,奈良県,8地区,,,,JPY,design_unit_price_ex_tax,publication_based_not_public,,,2026-10,2026-10-01,nara-shizai-r8-10,17,https://www.pref.nara.lg.jp/documents/8708/r0810nara_materialprice.pdf,restricted,1def726bb58d,原本で『○＝刊行物単価使用』。県は規格だけを載せ、単価は載せていない(市販の物価資料の値)。公的に公開された値は存在しない。
c75531a7d2858477,JP,material,生コンクリート・モルタル,生コンクリート,高炉(小型車) １８－１８－２５（２０）,m3,pref_area,29,奈良県,9地区,,,,JPY,design_unit_price_ex_tax,publication_based_not_public,,,2026-10,2026-10-01,nara-shizai-r8-10,17,https://www.pref.nara.lg.jp/documents/8708/r0810nara_materialprice.pdf,restricted,1def726bb58d,原本で『○＝刊行物単価使用』。県は規格だけを載せ、単価は載せていない(市販の物価資料の値)。公的に公開された値は存在しない。
5d202b62f6c7774d,JP,material,生コンクリート・モルタル,生コンクリート,高炉(小型車) １８－１８－２５（２０）,m3,pref_area,29,奈良県,10地区,,,,JPY,design_unit_price_ex_tax,publication_based_not_public,,,2026-10,2026-10-01,nara-shizai-r8-10,17,https://www.pref.nara.lg.jp/documents/8708/r0810nara_materialprice.pdf,restricted,1def726bb58d,原本で『○＝刊行物単価使用』。県は規格だけを載せ、単価は載せていない(市販の物価資料の値)。公的に公開された値は存在しない。
1d7ef10a71d8ace2,JP,material,生コンクリート・モルタル,生コンクリート,高炉(小型車) １８－１８－２５（２０）,m3,pref_area,29,奈良県,11地区,,,,JPY,design_unit_price_ex_tax,published_restricted_not_copied,,,2026-10,2026-10-01,nara-shizai-r8-10,17,https://www.pref.nara.lg.jp/documents/8708/r0810nara_materialprice.pdf,restricted,1def726bb58d,県が独自調査で値を載せている。利用条件が私的使用・引用のみのため値は写していない。原本を見ること。
14c4d4100daa1c88,JP,material,生コンクリート・モルタル,生コンクリート,高炉(小型車) 18-15-25(20)-BB (W/C=60%以下),m3,pref_area,29,奈良県,1地区,,,,JPY,design_unit_price_ex_tax,publication_based_not_public,,,2026-10,2026-10-01,nara-shizai-r8-10,17,https://www.pref.nara.lg.jp/documents/8708/r0810nara_materialprice.pdf,restricted,27c401b5a061,原本で『○＝刊行物単価使用』。県は規格だけを載せ、単価は載せていない(市販の物価資料の値)。公的に公開された値は存在しない。
3ed3129d663e9129,JP,material,生コンクリート・モルタル,生コンクリート,高炉(小型車) 18-15-25(20)-BB (W/C=60%以下),m3,pref_area,29,奈良県,2地区,,,,JPY,design_unit_price_ex_tax,publication_based_not_public,,,2026-10,2026-10-01,nara-shizai-r8-10,17,https://www.pref.nara.lg.jp/documents/8708/r0810nara_materialprice.pdf,restricted,27c401b5a061,原本で『○＝刊行物単価使用』。県は規格だけを載せ、単価は載せていない(市販の物価資料の値)。公的に公開された値は存在しない。
ea79735c0112764b,JP,material,生コンクリート・モルタル,生コンクリート,高炉(小型車) 18-15-25(20)-BB (W/C=60%以下),m3,pref_area,29,奈良県,3地区,,,,JPY,design_unit_price_ex_tax,publication_based_not_public,,,2026-10,2026-10-01,nara-shizai-r8-10,17,https://www.pref.nara.lg.jp/documents/8708/r0810nara_materialprice.pdf,restricted,27c401b5a061,原本で『○＝刊行物単価使用』。県は規格だけを載せ、単価は載せていない(市販の物価資料の値)。公的に公開された値は存在しない。
d80ea4cc3da2f0c0,JP,material,生コンクリート・モルタル,生コンクリート,高炉(小型車) 18-15-25(20)-BB (W/C=60%以下),m3,pref_area,29,奈良県,4地区,,,,JPY,design_unit_price_ex_tax,publication_based_not_public,,,2026-10,2026-10-01,nara-shizai-r8-10,17,https://www.pref.nara.lg.jp/documents/8708/r0810nara_materialprice.pdf,restricted,27c401b5a061,原本で『○＝刊行物単価使用』。県は規格だけを載せ、単価は載せていない(市販の物価資料の値)。公的に公開された値は存在しない。
e9cd8fd07892049b,JP,material,生コンクリート・モルタル,生コンクリート,高炉(小型車) 18-15-25(20)-BB (W/C=60%以下),m3,pref_area,29,奈良県,5地区,,,,JPY,design_unit_price_ex_tax,published_restricted_not_copied,,,2026-10,2026-10-01,nara-shizai-r8-10,17,https://www.pref.nara.lg.jp/documents/8708/r0810nara_materialprice.pdf,restricted,27c401b5a061,県が独自調査で値を載せている。利用条件が私的使用・引用のみのため値は写していない。原本を見ること。
d9d226743edf83e8,JP,material,生コンクリート・モルタル,生コンクリート,高炉(小型車) 18-15-25(20)-BB (W/C=60%以下),m3,pref_area,29,奈良県,6地区,,,,JPY,design_unit_price_ex_tax,publication_based_not_public,,,2026-10,2026-10-01,nara-shizai-r8-10,17,https://www.pref.nara.lg.jp/documents/8708/r0810nara_materialprice.pdf,restricted,27c401b5a061,原本で『○＝刊行物単価使用』。県は規格だけを載せ、単価は載せていない(市販の物価資料の値)。公的に公開された値は存在しない。
48be951319a8db8f,JP,material,生コンクリート・モルタル,生コンクリート,高炉(小型車) 18-15-25(20)-BB (W/C=60%以下),m3,pref_area,29,奈良県,7地区,,,,JPY,design_unit_price_ex_tax,published_restricted_not_copied,,,2026-10,2026-10-01,nara-shizai-r8-10,17,https://www.pref.nara.lg.jp/documents/8708/r0810nara_materialprice.pdf,restricted,27c401b5a061,県が独自調査で値を載せている。利用条件が私的使用・引用のみのため値は写していない。原本を見ること。
58ae6600d7a35ef5,JP,material,生コンクリート・モルタル,生コンクリート,高炉(小型車) 18-15-25(20)-BB (W/C=60%以下),m3,pref_area,29,奈良県,8地区,,,,JPY,design_unit_price_ex_tax,publication_based_not_public,,,2026-10,2026-10-01,nara-shizai-r8-10,17,https://www.pref.nara.lg.jp/documents/8708/r0810nara_materialprice.pdf,restricted,27c401b5a061,原本で『○＝刊行物単価使用』。県は規格だけを載せ、単価は載せていない(市販の物価資料の値)。公的に公開された値は存在しない。
2674b3a5ed2f97c7,JP,material,生コンクリート・モルタル,生コンクリート,高炉(小型車) 18-15-25(20)-BB (W/C=60%以下),m3,pref_area,29,奈良県,9地区,,,,JPY,design_unit_price_ex_tax,publication_based_not_public,,,2026-10,2026-10-01,nara-shizai-r8-10,17,https://www.pref.nara.lg.jp/documents/8708/r0810nara_materialprice.pdf,restricted,27c401b5a061,原本で『○＝刊行物単価使用』。県は規格だけを載せ、単価は載せていない(市販の物価資料の値)。公的に公開された値は存在しない。
28236221d094bd85,JP,material,生コンクリート・モルタル,生コンクリート,高炉(小型車) 18-15-25(20)-BB (W/C=60%以下),m3,pref_area,29,奈良県,10地区,,,,JPY,design_unit_price_ex_tax,publication_based_not_public,,,2026-10,2026-10-01,nara-shizai-r8-10,17,https://www.pref.nara.lg.jp/documents/8708/r0810nara_materialprice.pdf,restricted,27c401b5a061,原本で『○＝刊行物単価使用』。県は規格だけを載せ、単価は載せていない(市販の物価資料の値)。公的に公開された値は存在しない。
c599d6eab467d8c1,JP,material,生コンクリート・モルタル,生コンクリート,高炉(小型車) 18-15-25(20)-BB (W/C=60%以下),m3,pref_area,29,奈良県,11地区,,,,JPY,design_unit_price_ex_tax,published_restricted_not_copied,,,2026-10,2026-10-01,nara-shizai-r8-10,17,https://www.pref.nara.lg.jp/documents/8708/r0810nara_materialprice.pdf,restricted,27c401b5a061,県が独自調査で値を載せている。利用条件が私的使用・引用のみのため値は写していない。原本を見ること。
2222e82dcfddb3f8,JP,material,生コンクリート・モルタル,生コンクリート,高炉(小型車) 18-15-40-BB (W/C=55%以下),m3,pref_area,29,奈良県,1地区,,,,JPY,design_unit_price_ex_tax,published_restricted_not_copied,,,2026-10,2026-10-01,nara-shizai-r8-10,17,https://www.pref.nara.lg.jp/documents/8708/r0810nara_materialprice.pdf,restricted,16fea85da7c3,県が独自調査で値を載せている。利用条件が私的使用・引用のみのため値は写していない。原本を見ること。
ef1c1c1b50c65138,JP,material,生コンクリート・モルタル,生コンクリート,高炉(小型車) 18-15-40-BB (W/C=55%以下),m3,pref_area,29,奈良県,2地区,,,,JPY,design_unit_price_ex_tax,published_restricted_not_copied,,,2026-10,2026-10-01,nara-shizai-r8-10,17,https://www.pref.nara.lg.jp/documents/8708/r0810nara_materialprice.pdf,restricted,16fea85da7c3,県が独自調査で値を載せている。利用条件が私的使用・引用のみのため値は写していない。原本を見ること。
f6c5ca05d52002d4,JP,material,生コンクリート・モルタル,生コンクリート,高炉(小型車) 18-15-40-BB (W/C=55%以下),m3,pref_area,29,奈良県,3地区,,,,JPY,design_unit_price_ex_tax,published_restricted_not_copied,,,2026-10,2026-10-01,nara-shizai-r8-10,17,https://www.pref.nara.lg.jp/documents/8708/r0810nara_materialprice.pdf,restricted,16fea85da7c3,県が独自調査で値を載せている。利用条件が私的使用・引用のみのため値は写していない。原本を見ること。
e3fda24aaa29a6d1,JP,material,生コンクリート・モルタル,生コンクリート,高炉(小型車) 18-15-40-BB (W/C=55%以下),m3,pref_area,29,奈良県,4地区,,,,JPY,design_unit_price_ex_tax,published_restricted_not_copied,,,2026-10,2026-10-01,nara-shizai-r8-10,17,https://www.pref.nara.lg.jp/documents/8708/r0810nara_materialprice.pdf,restricted,16fea85da7c3,県が独自調査で値を載せている。利用条件が私的使用・引用のみのため値は写していない。原本を見ること。
9306307f67c68dc1,JP,material,生コンクリート・モルタル,生コンクリート,高炉(小型車) 18-15-40-BB (W/C=55%以下),m3,pref_area,29,奈良県,5地区,,,,JPY,design_unit_price_ex_tax,published_restricted_not_copied,,,2026-10,2026-10-01,nara-shizai-r8-10,17,https://www.pref.nara.lg.jp/documents/8708/r0810nara_materialprice.pdf,restricted,16fea85da7c3,県が独自調査で値を載せている。利用条件が私的使用・引用のみのため値は写していない。原本を見ること。
60509259cacaf56d,JP,material,生コンクリート・モルタル,生コンクリート,高炉(小型車) 18-15-40-BB (W/C=55%以下),m3,pref_area,29,奈良県,6地区,,,,JPY,design_unit_price_ex_tax,published_restricted_not_copied,,,2026-10,2026-10-01,nara-shizai-r8-10,17,https://www.pref.nara.lg.jp/documents/8708/r0810nara_materialprice.pdf,restricted,16fea85da7c3,県が独自調査で値を載せている。利用条件が私的使用・引用のみのため値は写していない。原本を見ること。
fdf669f888f37fd8,JP,material,生コンクリート・モルタル,生コンクリート,高炉(小型車) 18-15-40-BB (W/C=55%以下),m3,pref_area,29,奈良県,7地区,,,,JPY,design_unit_price_ex_tax,published_restricted_not_copied,,,2026-10,2026-10-01,nara-shizai-r8-10,17,https://www.pref.nara.lg.jp/documents/8708/r0810nara_materialprice.pdf,restricted,16fea85da7c3,県が独自調査で値を載せている。利用条件が私的使用・引用のみのため値は写していない。原本を見ること。
82a8420fd2cd3c17,JP,material,生コンクリート・モルタル,生コンクリート,高炉(小型車) 18-15-40-BB (W/C=55%以下),m3,pref_area,29,奈良県,8地区,,,,JPY,design_unit_price_ex_tax,published_restricted_not_copied,,,2026-10,2026-10-01,nara-shizai-r8-10,17,https://www.pref.nara.lg.jp/documents/8708/r0810nara_materialprice.pdf,restricted,16fea85da7c3,県が独自調査で値を載せている。利用条件が私的使用・引用のみのため値は写していない。原本を見ること。
7ceb3678bcc17ad1,JP,material,生コンクリート・モルタル,生コンクリート,高炉(小型車) 18-15-40-BB (W/C=55%以下),m3,pref_area,29,奈良県,9地区,,,,JPY,design_unit_price_ex_tax,published_restricted_not_copied,,,2026-10,2026-10-01,nara-shizai-r8-10,17,https://www.pref.nara.lg.jp/documents/8708/r0810nara_materialprice.pdf,restricted,16fea85da7c3,県が独自調査で値を載せている。利用条件が私的使用・引用のみのため値は写していない。原本を見ること。
961240efa1d96dc8,JP,material,生コンクリート・モルタル,生コンクリート,高炉(小型車) 18-15-40-BB (W/C=55%以下),m3,pref_area,29,奈良県,10地区,,,,JPY,design_unit_price_ex_tax,published_restricted_not_copied,,,2026-10,2026-10-01,nara-shizai-r8-10,17,https://www.pref.nara.lg.jp/documents/8708/r0810nara_materialprice.pdf,restricted,16fea85da7c3,県が独自調査で値を載せている。利用条件が私的使用・引用のみのため値は写していない。原本を見ること。
cf1035d3c4b20e23,JP,material,生コンクリート・モルタル,生コンクリート,高炉(小型車) 18-15-40-BB (W/C=55%以下),m3,pref_area,29,奈良県,11地区,,,,JPY,design_unit_price_ex_tax,published_restricted_not_copied,,,2026-10,2026-10-01,nara-shizai-r8-10,17,https://www.pref.nara.lg.jp/documents/8708/r0810nara_materialprice.pdf,restricted,16fea85da7c3,県が独自調査で値を載せている。利用条件が私的使用・引用のみのため値は写していない。原本を見ること。
b761bdf94de4410b,JP,material,生コンクリート・モルタル,生コンクリート,高炉(小型車) 21- 5-40-BB (W/C=60%以下),m3,pref_area,29,奈良県,1地区,,,,JPY,design_unit_price_ex_tax,publication_based_not_public,,,2026-10,2026-10-01,nara-shizai-r8-10,17,https://www.pref.nara.lg.jp/documents/8708/r0810nara_materialprice.pdf,restricted,b417b93ad3f3,原本で『○＝刊行物単価使用』。県は規格だけを載せ、単価は載せていない(市販の物価資料の値)。公的に公開された値は存在しない。
d167fb1ef9185c30,JP,material,生コンクリート・モルタル,生コンクリート,高炉(小型車) 21- 5-40-BB (W/C=60%以下),m3,pref_area,29,奈良県,2地区,,,,JPY,design_unit_price_ex_tax,publication_based_not_public,,,2026-10,2026-10-01,nara-shizai-r8-10,17,https://www.pref.nara.lg.jp/documents/8708/r0810nara_materialprice.pdf,restricted,b417b93ad3f3,原本で『○＝刊行物単価使用』。県は規格だけを載せ、単価は載せていない(市販の物価資料の値)。公的に公開された値は存在しない。
cd678127c9e9b447,JP,material,生コンクリート・モルタル,生コンクリート,高炉(小型車) 21- 5-40-BB (W/C=60%以下),m3,pref_area,29,奈良県,3地区,,,,JPY,design_unit_price_ex_tax,publication_based_not_public,,,2026-10,2026-10-01,nara-shizai-r8-10,17,https://www.pref.nara.lg.jp/documents/8708/r0810nara_materialprice.pdf,restricted,b417b93ad3f3,原本で『○＝刊行物単価使用』。県は規格だけを載せ、単価は載せていない(市販の物価資料の値)。公的に公開された値は存在しない。
dbca4f590b6afca6,JP,material,生コンクリート・モルタル,生コンクリート,高炉(小型車) 21- 5-40-BB (W/C=60%以下),m3,pref_area,29,奈良県,4地区,,,,JPY,design_unit_price_ex_tax,publication_based_not_public,,,2026-10,2026-10-01,nara-shizai-r8-10,17,https://www.pref.nara.lg.jp/documents/8708/r0810nara_materialprice.pdf,restricted,b417b93ad3f3,原本で『○＝刊行物単価使用』。県は規格だけを載せ、単価は載せていない(市販の物価資料の値)。公的に公開された値は存在しない。
553c1826e2fc7029,JP,material,生コンクリート・モルタル,生コンクリート,高炉(小型車) 21- 5-40-BB (W/C=60%以下),m3,pref_area,29,奈良県,5地区,,,,JPY,design_unit_price_ex_tax,published_restricted_not_copied,,,2026-10,2026-10-01,nara-shizai-r8-10,17,https://www.pref.nara.lg.jp/documents/8708/r0810nara_materialprice.pdf,restricted,b417b93ad3f3,県が独自調査で値を載せている。利用条件が私的使用・引用のみのため値は写していない。原本を見ること。
9f358b6bfc777a73,JP,material,生コンクリート・モルタル,生コンクリート,高炉(小型車) 21- 5-40-BB (W/C=60%以下),m3,pref_area,29,奈良県,6地区,,,,JPY,design_unit_price_ex_tax,publication_based_not_public,,,2026-10,2026-10-01,nara-shizai-r8-10,17,https://www.pref.nara.lg.jp/documents/8708/r0810nara_materialprice.pdf,restricted,b417b93ad3f3,原本で『○＝刊行物単価使用』。県は規格だけを載せ、単価は載せていない(市販の物価資料の値)。公的に公開された値は存在しない。
ef8a91ae7c0ccab0,JP,material,生コンクリート・モルタル,生コンクリート,高炉(小型車) 21- 5-40-BB (W/C=60%以下),m3,pref_area,29,奈良県,7地区,,,,JPY,design_unit_price_ex_tax,published_restricted_not_copied,,,2026-10,2026-10-01,nara-shizai-r8-10,17,https://www.pref.nara.lg.jp/documents/8708/r0810nara_materialprice.pdf,restricted,b417b93ad3f3,県が独自調査で値を載せている。利用条件が私的使用・引用のみのため値は写していない。原本を見ること。
3a638eece497c0b5,JP,material,生コンクリート・モルタル,生コンクリート,高炉(小型車) 21- 5-40-BB (W/C=60%以下),m3,pref_area,29,奈良県,8地区,,,,JPY,design_unit_price_ex_tax,publication_based_not_public,,,2026-10,2026-10-01,nara-shizai-r8-10,17,https://www.pref.nara.lg.jp/documents/8708/r0810nara_materialprice.pdf,restricted,b417b93ad3f3,原本で『○＝刊行物単価使用』。県は規格だけを載せ、単価は載せていない(市販の物価資料の値)。公的に公開された値は存在しない。
71c6a2379d015870,JP,material,生コンクリート・モルタル,生コンクリート,高炉(小型車) 21- 5-40-BB (W/C=60%以下),m3,pref_area,29,奈良県,9地区,,,,JPY,design_unit_price_ex_tax,publication_based_not_public,,,2026-10,2026-10-01,nara-shizai-r8-10,17,https://www.pref.nara.lg.jp/documents/8708/r0810nara_materialprice.pdf,restricted,b417b93ad3f3,原本で『○＝刊行物単価使用』。県は規格だけを載せ、単価は載せていない(市販の物価資料の値)。公的に公開された値は存在しない。
4923da7ec2161923,JP,material,生コンクリート・モルタル,生コンクリート,高炉(小型車) 21- 5-40-BB (W/C=60%以下),m3,pref_area,29,奈良県,10地区,,,,JPY,design_unit_price_ex_tax,publication_based_not_public,,,2026-10,2026-10-01,nara-shizai-r8-10,17,https://www.pref.nara.lg.jp/documents/8708/r0810nara_materialprice.pdf,restricted,b417b93ad3f3,原本で『○＝刊行物単価使用』。県は規格だけを載せ、単価は載せていない(市販の物価資料の値)。公的に公開された値は存在しない。
02c8534c3f0e388b,JP,material,生コンクリート・モルタル,生コンクリート,高炉(小型車) 21- 5-40-BB (W/C=60%以下),m3,pref_area,29,奈良県,11地区,,,,JPY,design_unit_price_ex_tax,published_restricted_not_copied,,,2026-10,2026-10-01,nara-shizai-r8-10,17,https://www.pref.nara.lg.jp/documents/8708/r0810nara_materialprice.pdf,restricted,b417b93ad3f3,県が独自調査で値を載せている。利用条件が私的使用・引用のみのため値は写していない。原本を見ること。
ce50362d546cc743,JP,material,生コンクリート・モルタル,生コンクリート,高炉(小型車) 21- 8-25(20)-BB (W/C=60%以下),m3,pref_area,29,奈良県,1地区,,,,JPY,design_unit_price_ex_tax,publication_based_not_public,,,2026-10,2026-10-01,nara-shizai-r8-10,17,https://www.pref.nara.lg.jp/documents/8708/r0810nara_materialprice.pdf,restricted,89a35c93f6b1,原本で『○＝刊行物単価使用』。県は規格だけを載せ、単価は載せていない(市販の物価資料の値)。公的に公開された値は存在しない。
7dcdfb80b9ba0559,JP,material,生コンクリート・モルタル,生コンクリート,高炉(小型車) 21- 8-25(20)-BB (W/C=60%以下),m3,pref_area,29,奈良県,2地区,,,,JPY,design_unit_price_ex_tax,publication_based_not_public,,,2026-10,2026-10-01,nara-shizai-r8-10,17,https://www.pref.nara.lg.jp/documents/8708/r0810nara_materialprice.pdf,restricted,89a35c93f6b1,原本で『○＝刊行物単価使用』。県は規格だけを載せ、単価は載せていない(市販の物価資料の値)。公的に公開された値は存在しない。
a84bc47625ff24e2,JP,material,生コンクリート・モルタル,生コンクリート,高炉(小型車) 21- 8-25(20)-BB (W/C=60%以下),m3,pref_area,29,奈良県,3地区,,,,JPY,design_unit_price_ex_tax,publication_based_not_public,,,2026-10,2026-10-01,nara-shizai-r8-10,17,https://www.pref.nara.lg.jp/documents/8708/r0810nara_materialprice.pdf,restricted,89a35c93f6b1,原本で『○＝刊行物単価使用』。県は規格だけを載せ、単価は載せていない(市販の物価資料の値)。公的に公開された値は存在しない。
0ae34d76f18fb79d,JP,material,生コンクリート・モルタル,生コンクリート,高炉(小型車) 21- 8-25(20)-BB (W/C=60%以下),m3,pref_area,29,奈良県,4地区,,,,JPY,design_unit_price_ex_tax,publication_based_not_public,,,2026-10,2026-10-01,nara-shizai-r8-10,17,https://www.pref.nara.lg.jp/documents/8708/r0810nara_materialprice.pdf,restricted,89a35c93f6b1,原本で『○＝刊行物単価使用』。県は規格だけを載せ、単価は載せていない(市販の物価資料の値)。公的に公開された値は存在しない。
883c2854d19e9985,JP,material,生コンクリート・モルタル,生コンクリート,高炉(小型車) 21- 8-25(20)-BB (W/C=60%以下),m3,pref_area,29,奈良県,5地区,,,,JPY,design_unit_price_ex_tax,published_restricted_not_copied,,,2026-10,2026-10-01,nara-shizai-r8-10,17,https://www.pref.nara.lg.jp/documents/8708/r0810nara_materialprice.pdf,restricted,89a35c93f6b1,県が独自調査で値を載せている。利用条件が私的使用・引用のみのため値は写していない。原本を見ること。
42b5fed250e52c6a,JP,material,生コンクリート・モルタル,生コンクリート,高炉(小型車) 21- 8-25(20)-BB (W/C=60%以下),m3,pref_area,29,奈良県,6地区,,,,JPY,design_unit_price_ex_tax,publication_based_not_public,,,2026-10,2026-10-01,nara-shizai-r8-10,17,https://www.pref.nara.lg.jp/documents/8708/r0810nara_materialprice.pdf,restricted,89a35c93f6b1,原本で『○＝刊行物単価使用』。県は規格だけを載せ、単価は載せていない(市販の物価資料の値)。公的に公開された値は存在しない。
856696fc3962eeb7,JP,material,生コンクリート・モルタル,生コンクリート,高炉(小型車) 21- 8-25(20)-BB (W/C=60%以下),m3,pref_area,29,奈良県,7地区,,,,JPY,design_unit_price_ex_tax,published_restricted_not_copied,,,2026-10,2026-10-01,nara-shizai-r8-10,17,https://www.pref.nara.lg.jp/documents/8708/r0810nara_materialprice.pdf,restricted,89a35c93f6b1,県が独自調査で値を載せている。利用条件が私的使用・引用のみのため値は写していない。原本を見ること。
928b86ce619b21e6,JP,material,生コンクリート・モルタル,生コンクリート,高炉(小型車) 21- 8-25(20)-BB (W/C=60%以下),m3,pref_area,29,奈良県,8地区,,,,JPY,design_unit_price_ex_tax,publication_based_not_public,,,2026-10,2026-10-01,nara-shizai-r8-10,17,https://www.pref.nara.lg.jp/documents/8708/r0810nara_materialprice.pdf,restricted,89a35c93f6b1,原本で『○＝刊行物単価使用』。県は規格だけを載せ、単価は載せていない(市販の物価資料の値)。公的に公開された値は存在しない。
69c50bb002ff5e77,JP,material,生コンクリート・モルタル,生コンクリート,高炉(小型車) 21- 8-25(20)-BB (W/C=60%以下),m3,pref_area,29,奈良県,9地区,,,,JPY,design_unit_price_ex_tax,publication_based_not_public,,,2026-10,2026-10-01,nara-shizai-r8-10,17,https://www.pref.nara.lg.jp/documents/8708/r0810nara_materialprice.pdf,restricted,89a35c93f6b1,原本で『○＝刊行物単価使用』。県は規格だけを載せ、単価は載せていない(市販の物価資料の値)。公的に公開された値は存在しない。
499ca66450fe187f,JP,material,生コンクリート・モルタル,生コンクリート,高炉(小型車) 21- 8-25(20)-BB (W/C=60%以下),m3,pref_area,29,奈良県,10地区,,,,JPY,design_unit_price_ex_tax,publication_based_not_public,,,2026-10,2026-10-01,nara-shizai-r8-10,17,https://www.pref.nara.lg.jp/documents/8708/r0810nara_materialprice.pdf,restricted,89a35c93f6b1,原本で『○＝刊行物単価使用』。県は規格だけを載せ、単価は載せていない(市販の物価資料の値)。公的に公開された値は存在しない。
e1bc42d7603b84d3,JP,material,生コンクリート・モルタル,生コンクリート,高炉(小型車) 21- 8-25(20)-BB (W/C=60%以下),m3,pref_area,29,奈良県,11地区,,,,JPY,design_unit_price_ex_tax,published_restricted_not_copied,,,2026-10,2026-10-01,nara-shizai-r8-10,17,https://www.pref.nara.lg.jp/documents/8708/r0810nara_materialprice.pdf,restricted,89a35c93f6b1,県が独自調査で値を載せている。利用条件が私的使用・引用のみのため値は写していない。原本を見ること。
5ffc21284dd6048d,JP,material,生コンクリート・モルタル,生コンクリート,高炉(小型車) 21- 8-40-BB (W/C=60%以下),m3,pref_area,29,奈良県,1地区,,,,JPY,design_unit_price_ex_tax,publication_based_not_public,,,2026-10,2026-10-01,nara-shizai-r8-10,17,https://www.pref.nara.lg.jp/documents/8708/r0810nara_materialprice.pdf,restricted,088a947fb87b,原本で『○＝刊行物単価使用』。県は規格だけを載せ、単価は載せていない(市販の物価資料の値)。公的に公開された値は存在しない。
557387a068c255dc,JP,material,生コンクリート・モルタル,生コンクリート,高炉(小型車) 21- 8-40-BB (W/C=60%以下),m3,pref_area,29,奈良県,2地区,,,,JPY,design_unit_price_ex_tax,publication_based_not_public,,,2026-10,2026-10-01,nara-shizai-r8-10,17,https://www.pref.nara.lg.jp/documents/8708/r0810nara_materialprice.pdf,restricted,088a947fb87b,原本で『○＝刊行物単価使用』。県は規格だけを載せ、単価は載せていない(市販の物価資料の値)。公的に公開された値は存在しない。
7573e6b232e8e466,JP,material,生コンクリート・モルタル,生コンクリート,高炉(小型車) 21- 8-40-BB (W/C=60%以下),m3,pref_area,29,奈良県,3地区,,,,JPY,design_unit_price_ex_tax,publication_based_not_public,,,2026-10,2026-10-01,nara-shizai-r8-10,17,https://www.pref.nara.lg.jp/documents/8708/r0810nara_materialprice.pdf,restricted,088a947fb87b,原本で『○＝刊行物単価使用』。県は規格だけを載せ、単価は載せていない(市販の物価資料の値)。公的に公開された値は存在しない。
e058befdbbafa58b,JP,material,生コンクリート・モルタル,生コンクリート,高炉(小型車) 21- 8-40-BB (W/C=60%以下),m3,pref_area,29,奈良県,4地区,,,,JPY,design_unit_price_ex_tax,publication_based_not_public,,,2026-10,2026-10-01,nara-shizai-r8-10,17,https://www.pref.nara.lg.jp/documents/8708/r0810nara_materialprice.pdf,restricted,088a947fb87b,原本で『○＝刊行物単価使用』。県は規格だけを載せ、単価は載せていない(市販の物価資料の値)。公的に公開された値は存在しない。
f1d4266a6d650bed,JP,material,生コンクリート・モルタル,生コンクリート,高炉(小型車) 21- 8-40-BB (W/C=60%以下),m3,pref_area,29,奈良県,5地区,,,,JPY,design_unit_price_ex_tax,published_restricted_not_copied,,,2026-10,2026-10-01,nara-shizai-r8-10,17,https://www.pref.nara.lg.jp/documents/8708/r0810nara_materialprice.pdf,restricted,088a947fb87b,県が独自調査で値を載せている。利用条件が私的使用・引用のみのため値は写していない。原本を見ること。
8162bf270dc34b36,JP,material,生コンクリート・モルタル,生コンクリート,高炉(小型車) 21- 8-40-BB (W/C=60%以下),m3,pref_area,29,奈良県,6地区,,,,JPY,design_unit_price_ex_tax,publication_based_not_public,,,2026-10,2026-10-01,nara-shizai-r8-10,17,https://www.pref.nara.lg.jp/documents/8708/r0810nara_materialprice.pdf,restricted,088a947fb87b,原本で『○＝刊行物単価使用』。県は規格だけを載せ、単価は載せていない(市販の物価資料の値)。公的に公開された値は存在しない。
41c97c07cb961a22,JP,material,生コンクリート・モルタル,生コンクリート,高炉(小型車) 21- 8-40-BB (W/C=60%以下),m3,pref_area,29,奈良県,7地区,,,,JPY,design_unit_price_ex_tax,published_restricted_not_copied,,,2026-10,2026-10-01,nara-shizai-r8-10,17,https://www.pref.nara.lg.jp/documents/8708/r0810nara_materialprice.pdf,restricted,088a947fb87b,県が独自調査で値を載せている。利用条件が私的使用・引用のみのため値は写していない。原本を見ること。
ed5f7e71ca00b678,JP,material,生コンクリート・モルタル,生コンクリート,高炉(小型車) 21- 8-40-BB (W/C=60%以下),m3,pref_area,29,奈良県,8地区,,,,JPY,design_unit_price_ex_tax,publication_based_not_public,,,2026-10,2026-10-01,nara-shizai-r8-10,17,https://www.pref.nara.lg.jp/documents/8708/r0810nara_materialprice.pdf,restricted,088a947fb87b,原本で『○＝刊行物単価使用』。県は規格だけを載せ、単価は載せていない(市販の物価資料の値)。公的に公開された値は存在しない。
527459ae9545adac,JP,material,生コンクリート・モルタル,生コンクリート,高炉(小型車) 21- 8-40-BB (W/C=60%以下),m3,pref_area,29,奈良県,9地区,,,,JPY,design_unit_price_ex_tax,publication_based_not_public,,,2026-10,2026-10-01,nara-shizai-r8-10,17,https://www.pref.nara.lg.jp/documents/8708/r0810nara_materialprice.pdf,restricted,088a947fb87b,原本で『○＝刊行物単価使用』。県は規格だけを載せ、単価は載せていない(市販の物価資料の値)。公的に公開された値は存在しない。
dd80d6ba021440b4,JP,material,生コンクリート・モルタル,生コンクリート,高炉(小型車) 21- 8-40-BB (W/C=60%以下),m3,pref_area,29,奈良県,10地区,,,,JPY,design_unit_price_ex_tax,publication_based_not_public,,,2026-10,2026-10-01,nara-shizai-r8-10,17,https://www.pref.nara.lg.jp/documents/8708/r0810nara_materialprice.pdf,restricted,088a947fb87b,原本で『○＝刊行物単価使用』。県は規格だけを載せ、単価は載せていない(市販の物価資料の値)。公的に公開された値は存在しない。
a41ecb1c46a8b859,JP,material,生コンクリート・モルタル,生コンクリート,高炉(小型車) 21- 8-40-BB (W/C=60%以下),m3,pref_area,29,奈良県,11地区,,,,JPY,design_unit_price_ex_tax,published_restricted_not_copied,,,2026-10,2026-10-01,nara-shizai-r8-10,17,https://www.pref.nara.lg.jp/documents/8708/r0810nara_materialprice.pdf,restricted,088a947fb87b,県が独自調査で値を載せている。利用条件が私的使用・引用のみのため値は写していない。原本を見ること。
f27cf94ce29a41cf,JP,material,生コンクリート・モルタル,生コンクリート,高炉(小型車) 21-12-25(20) (W/C=60%以下),m3,pref_area,29,奈良県,1地区,,,,JPY,design_unit_price_ex_tax,publication_based_not_public,,,2026-10,2026-10-01,nara-shizai-r8-10,17,https://www.pref.nara.lg.jp/documents/8708/r0810nara_materialprice.pdf,restricted,59c4211c4934,原本で『○＝刊行物単価使用』。県は規格だけを載せ、単価は載せていない(市販の物価資料の値)。公的に公開された値は存在しない。
7bf285c4088dc915,JP,material,生コンクリート・モルタル,生コンクリート,高炉(小型車) 21-12-25(20) (W/C=60%以下),m3,pref_area,29,奈良県,2地区,,,,JPY,design_unit_price_ex_tax,publication_based_not_public,,,2026-10,2026-10-01,nara-shizai-r8-10,17,https://www.pref.nara.lg.jp/documents/8708/r0810nara_materialprice.pdf,restricted,59c4211c4934,原本で『○＝刊行物単価使用』。県は規格だけを載せ、単価は載せていない(市販の物価資料の値)。公的に公開された値は存在しない。
2e52ee529afcf9be,JP,material,生コンクリート・モルタル,生コンクリート,高炉(小型車) 21-12-25(20) (W/C=60%以下),m3,pref_area,29,奈良県,3地区,,,,JPY,design_unit_price_ex_tax,publication_based_not_public,,,2026-10,2026-10-01,nara-shizai-r8-10,17,https://www.pref.nara.lg.jp/documents/8708/r0810nara_materialprice.pdf,restricted,59c4211c4934,原本で『○＝刊行物単価使用』。県は規格だけを載せ、単価は載せていない(市販の物価資料の値)。公的に公開された値は存在しない。
8d49429114526995,JP,material,生コンクリート・モルタル,生コンクリート,高炉(小型車) 21-12-25(20) (W/C=60%以下),m3,pref_area,29,奈良県,4地区,,,,JPY,design_unit_price_ex_tax,publication_based_not_public,,,2026-10,2026-10-01,nara-shizai-r8-10,17,https://www.pref.nara.lg.jp/documents/8708/r0810nara_materialprice.pdf,restricted,59c4211c4934,原本で『○＝刊行物単価使用』。県は規格だけを載せ、単価は載せていない(市販の物価資料の値)。公的に公開された値は存在しない。
546482bfd1346fef,JP,material,生コンクリート・モルタル,生コンクリート,高炉(小型車) 21-12-25(20) (W/C=60%以下),m3,pref_area,29,奈良県,5地区,,,,JPY,design_unit_price_ex_tax,published_restricted_not_copied,,,2026-10,2026-10-01,nara-shizai-r8-10,17,https://www.pref.nara.lg.jp/documents/8708/r0810nara_materialprice.pdf,restricted,59c4211c4934,県が独自調査で値を載せている。利用条件が私的使用・引用のみのため値は写していない。原本を見ること。
f2a2f6d8dd49c3a8,JP,material,生コンクリート・モルタル,生コンクリート,高炉(小型車) 21-12-25(20) (W/C=60%以下),m3,pref_area,29,奈良県,6地区,,,,JPY,design_unit_price_ex_tax,publication_based_not_public,,,2026-10,2026-10-01,nara-shizai-r8-10,17,https://www.pref.nara.lg.jp/documents/8708/r0810nara_materialprice.pdf,restricted,59c4211c4934,原本で『○＝刊行物単価使用』。県は規格だけを載せ、単価は載せていない(市販の物価資料の値)。公的に公開された値は存在しない。
c80f9f327e9ccad2,JP,material,生コンクリート・モルタル,生コンクリート,高炉(小型車) 21-12-25(20) (W/C=60%以下),m3,pref_area,29,奈良県,7地区,,,,JPY,design_unit_price_ex_tax,published_restricted_not_copied,,,2026-10,2026-10-01,nara-shizai-r8-10,17,https://www.pref.nara.lg.jp/documents/8708/r0810nara_materialprice.pdf,restricted,59c4211c4934,県が独自調査で値を載せている。利用条件が私的使用・引用のみのため値は写していない。原本を見ること。
7a9d3d574505051b,JP,material,生コンクリート・モルタル,生コンクリート,高炉(小型車) 21-12-25(20) (W/C=60%以下),m3,pref_area,29,奈良県,8地区,,,,JPY,design_unit_price_ex_tax,publication_based_not_public,,,2026-10,2026-10-01,nara-shizai-r8-10,17,https://www.pref.nara.lg.jp/documents/8708/r0810nara_materialprice.pdf,restricted,59c4211c4934,原本で『○＝刊行物単価使用』。県は規格だけを載せ、単価は載せていない(市販の物価資料の値)。公的に公開された値は存在しない。
bd6b7a6e0fb3bf70,JP,material,生コンクリート・モルタル,生コンクリート,高炉(小型車) 21-12-25(20) (W/C=60%以下),m3,pref_area,29,奈良県,9地区,,,,JPY,design_unit_price_ex_tax,publication_based_not_public,,,2026-10,2026-10-01,nara-shizai-r8-10,17,https://www.pref.nara.lg.jp/documents/8708/r0810nara_materialprice.pdf,restricted,59c4211c4934,原本で『○＝刊行物単価使用』。県は規格だけを載せ、単価は載せていない(市販の物価資料の値)。公的に公開された値は存在しない。
7089503f5438bdae,JP,material,生コンクリート・モルタル,生コンクリート,高炉(小型車) 21-12-25(20) (W/C=60%以下),m3,pref_area,29,奈良県,10地区,,,,JPY,design_unit_price_ex_tax,publication_based_not_public,,,2026-10,2026-10-01,nara-shizai-r8-10,17,https://www.pref.nara.lg.jp/documents/8708/r0810nara_materialprice.pdf,restricted,59c4211c4934,原本で『○＝刊行物単価使用』。県は規格だけを載せ、単価は載せていない(市販の物価資料の値)。公的に公開された値は存在しない。
881d9da3d22eae6c,JP,material,生コンクリート・モルタル,生コンクリート,高炉(小型車) 21-12-25(20) (W/C=60%以下),m3,pref_area,29,奈良県,11地区,,,,JPY,design_unit_price_ex_tax,published_restricted_not_copied,,,2026-10,2026-10-01,nara-shizai-r8-10,17,https://www.pref.nara.lg.jp/documents/8708/r0810nara_materialprice.pdf,restricted,59c4211c4934,県が独自調査で値を載せている。利用条件が私的使用・引用のみのため値は写していない。原本を見ること。
f836dbc66f3f28a6,JP,material,生コンクリート・モルタル,生コンクリート,高炉(小型車) 21-12-40 (W/C=60%以下),m3,pref_area,29,奈良県,1地区,,,,JPY,design_unit_price_ex_tax,publication_based_not_public,,,2026-10,2026-10-01,nara-shizai-r8-10,17,https://www.pref.nara.lg.jp/documents/8708/r0810nara_materialprice.pdf,restricted,c702f3955f89,原本で『○＝刊行物単価使用』。県は規格だけを載せ、単価は載せていない(市販の物価資料の値)。公的に公開された値は存在しない。
9f8b4a476a8f3736,JP,material,生コンクリート・モルタル,生コンクリート,高炉(小型車) 21-12-40 (W/C=60%以下),m3,pref_area,29,奈良県,2地区,,,,JPY,design_unit_price_ex_tax,publication_based_not_public,,,2026-10,2026-10-01,nara-shizai-r8-10,17,https://www.pref.nara.lg.jp/documents/8708/r0810nara_materialprice.pdf,restricted,c702f3955f89,原本で『○＝刊行物単価使用』。県は規格だけを載せ、単価は載せていない(市販の物価資料の値)。公的に公開された値は存在しない。
3492864e89b02183,JP,material,生コンクリート・モルタル,生コンクリート,高炉(小型車) 21-12-40 (W/C=60%以下),m3,pref_area,29,奈良県,3地区,,,,JPY,design_unit_price_ex_tax,publication_based_not_public,,,2026-10,2026-10-01,nara-shizai-r8-10,17,https://www.pref.nara.lg.jp/documents/8708/r0810nara_materialprice.pdf,restricted,c702f3955f89,原本で『○＝刊行物単価使用』。県は規格だけを載せ、単価は載せていない(市販の物価資料の値)。公的に公開された値は存在しない。
ab79123a60d4be68,JP,material,生コンクリート・モルタル,生コンクリート,高炉(小型車) 21-12-40 (W/C=60%以下),m3,pref_area,29,奈良県,4地区,,,,JPY,design_unit_price_ex_tax,publication_based_not_public,,,2026-10,2026-10-01,nara-shizai-r8-10,17,https://www.pref.nara.lg.jp/documents/8708/r0810nara_materialprice.pdf,restricted,c702f3955f89,原本で『○＝刊行物単価使用』。県は規格だけを載せ、単価は載せていない(市販の物価資料の値)。公的に公開された値は存在しない。
c906e173e3c30662,JP,material,生コンクリート・モルタル,生コンクリート,高炉(小型車) 21-12-40 (W/C=60%以下),m3,pref_area,29,奈良県,5地区,,,,JPY,design_unit_price_ex_tax,published_restricted_not_copied,,,2026-10,2026-10-01,nara-shizai-r8-10,17,https://www.pref.nara.lg.jp/documents/8708/r0810nara_materialprice.pdf,restricted,c702f3955f89,県が独自調査で値を載せている。利用条件が私的使用・引用のみのため値は写していない。原本を見ること。
d25d57f4181f7ac9,JP,material,生コンクリート・モルタル,生コンクリート,高炉(小型車) 21-12-40 (W/C=60%以下),m3,pref_area,29,奈良県,6地区,,,,JPY,design_unit_price_ex_tax,publication_based_not_public,,,2026-10,2026-10-01,nara-shizai-r8-10,17,https://www.pref.nara.lg.jp/documents/8708/r0810nara_materialprice.pdf,restricted,c702f3955f89,原本で『○＝刊行物単価使用』。県は規格だけを載せ、単価は載せていない(市販の物価資料の値)。公的に公開された値は存在しない。
a16255dd0bf6b91b,JP,material,生コンクリート・モルタル,生コンクリート,高炉(小型車) 21-12-40 (W/C=60%以下),m3,pref_area,29,奈良県,7地区,,,,JPY,design_unit_price_ex_tax,published_restricted_not_copied,,,2026-10,2026-10-01,nara-shizai-r8-10,17,https://www.pref.nara.lg.jp/documents/8708/r0810nara_materialprice.pdf,restricted,c702f3955f89,県が独自調査で値を載せている。利用条件が私的使用・引用のみのため値は写していない。原本を見ること。
4d9112fda6972f04,JP,material,生コンクリート・モルタル,生コンクリート,高炉(小型車) 21-12-40 (W/C=60%以下),m3,pref_area,29,奈良県,8地区,,,,JPY,design_unit_price_ex_tax,publication_based_not_public,,,2026-10,2026-10-01,nara-shizai-r8-10,17,https://www.pref.nara.lg.jp/documents/8708/r0810nara_materialprice.pdf,restricted,c702f3955f89,原本で『○＝刊行物単価使用』。県は規格だけを載せ、単価は載せていない(市販の物価資料の値)。公的に公開された値は存在しない。
b5a0e546815c1cb0,JP,material,生コンクリート・モルタル,生コンクリート,高炉(小型車) 21-12-40 (W/C=60%以下),m3,pref_area,29,奈良県,9地区,,,,JPY,design_unit_price_ex_tax,publication_based_not_public,,,2026-10,2026-10-01,nara-shizai-r8-10,17,https://www.pref.nara.lg.jp/documents/8708/r0810nara_materialprice.pdf,restricted,c702f3955f89,原本で『○＝刊行物単価使用』。県は規格だけを載せ、単価は載せていない(市販の物価資料の値)。公的に公開された値は存在しない。
1c1d303afe6daf8c,JP,material,生コンクリート・モルタル,生コンクリート,高炉(小型車) 21-12-40 (W/C=60%以下),m3,pref_area,29,奈良県,10地区,,,,JPY,design_unit_price_ex_tax,publication_based_not_public,,,2026-10,2026-10-01,nara-shizai-r8-10,17,https://www.pref.nara.lg.jp/documents/8708/r0810nara_materialprice.pdf,restricted,c702f3955f89,原本で『○＝刊行物単価使用』。県は規格だけを載せ、単価は載せていない(市販の物価資料の値)。公的に公開された値は存在しない。
7e78b23a0f03d5ce,JP,material,生コンクリート・モルタル,生コンクリート,高炉(小型車) 21-12-40 (W/C=60%以下),m3,pref_area,29,奈良県,11地区,,,,JPY,design_unit_price_ex_tax,published_restricted_not_copied,,,2026-10,2026-10-01,nara-shizai-r8-10,17,https://www.pref.nara.lg.jp/documents/8708/r0810nara_materialprice.pdf,restricted,c702f3955f89,県が独自調査で値を載せている。利用条件が私的使用・引用のみのため値は写していない。原本を見ること。
7702ff07058d324e,JP,material,生コンクリート・モルタル,生コンクリート,高炉(小型車) 30-15-40 (W/C=55%以下),m3,pref_area,29,奈良県,1地区,,,,JPY,design_unit_price_ex_tax,published_restricted_not_copied,,,2026-10,2026-10-01,nara-shizai-r8-10,17,https://www.pref.nara.lg.jp/documents/8708/r0810nara_materialprice.pdf,restricted,eede749a2502,県が独自調査で値を載せている。利用条件が私的使用・引用のみのため値は写していない。原本を見ること。
50af791716b952e4,JP,material,生コンクリート・モルタル,生コンクリート,高炉(小型車) 30-15-40 (W/C=55%以下),m3,pref_area,29,奈良県,2地区,,,,JPY,design_unit_price_ex_tax,published_restricted_not_copied,,,2026-10,2026-10-01,nara-shizai-r8-10,17,https://www.pref.nara.lg.jp/documents/8708/r0810nara_materialprice.pdf,restricted,eede749a2502,県が独自調査で値を載せている。利用条件が私的使用・引用のみのため値は写していない。原本を見ること。
a525f4b58c929c74,JP,material,生コンクリート・モルタル,生コンクリート,高炉(小型車) 30-15-40 (W/C=55%以下),m3,pref_area,29,奈良県,3地区,,,,JPY,design_unit_price_ex_tax,published_restricted_not_copied,,,2026-10,2026-10-01,nara-shizai-r8-10,17,https://www.pref.nara.lg.jp/documents/8708/r0810nara_materialprice.pdf,restricted,eede749a2502,県が独自調査で値を載せている。利用条件が私的使用・引用のみのため値は写していない。原本を見ること。
9b78cf5d3ce8d3fc,JP,material,生コンクリート・モルタル,生コンクリート,高炉(小型車) 30-15-40 (W/C=55%以下),m3,pref_area,29,奈良県,4地区,,,,JPY,design_unit_price_ex_tax,published_restricted_not_copied,,,2026-10,2026-10-01,nara-shizai-r8-10,17,https://www.pref.nara.lg.jp/documents/8708/r0810nara_materialprice.pdf,restricted,eede749a2502,県が独自調査で値を載せている。利用条件が私的使用・引用のみのため値は写していない。原本を見ること。
43b995c5030535ed,JP,material,生コンクリート・モルタル,生コンクリート,高炉(小型車) 30-15-40 (W/C=55%以下),m3,pref_area,29,奈良県,5地区,,,,JPY,design_unit_price_ex_tax,published_restricted_not_copied,,,2026-10,2026-10-01,nara-shizai-r8-10,17,https://www.pref.nara.lg.jp/documents/8708/r0810nara_materialprice.pdf,restricted,eede749a2502,県が独自調査で値を載せている。利用条件が私的使用・引用のみのため値は写していない。原本を見ること。
04eabf4190dfaace,JP,material,生コンクリート・モルタル,生コンクリート,高炉(小型車) 30-15-40 (W/C=55%以下),m3,pref_area,29,奈良県,6地区,,,,JPY,design_unit_price_ex_tax,published_restricted_not_copied,,,2026-10,2026-10-01,nara-shizai-r8-10,17,https://www.pref.nara.lg.jp/documents/8708/r0810nara_materialprice.pdf,restricted,eede749a2502,県が独自調査で値を載せている。利用条件が私的使用・引用のみのため値は写していない。原本を見ること。
4e39ee51fa203a11,JP,material,生コンクリート・モルタル,生コンクリート,高炉(小型車) 30-15-40 (W/C=55%以下),m3,pref_area,29,奈良県,7地区,,,,JPY,design_unit_price_ex_tax,published_restricted_not_copied,,,2026-10,2026-10-01,nara-shizai-r8-10,17,https://www.pref.nara.lg.jp/documents/8708/r0810nara_materialprice.pdf,restricted,eede749a2502,県が独自調査で値を載せている。利用条件が私的使用・引用のみのため値は写していない。原本を見ること。
c5700b67b181b81b,JP,material,生コンクリート・モルタル,生コンクリート,高炉(小型車) 30-15-40 (W/C=55%以下),m3,pref_area,29,奈良県,8地区,,,,JPY,design_unit_price_ex_tax,published_restricted_not_copied,,,2026-10,2026-10-01,nara-shizai-r8-10,17,https://www.pref.nara.lg.jp/documents/8708/r0810nara_materialprice.pdf,restricted,eede749a2502,県が独自調査で値を載せている。利用条件が私的使用・引用のみのため値は写していない。原本を見ること。
a9d6a7168bb5803a,JP,material,生コンクリート・モルタル,生コンクリート,高炉(小型車) 30-15-40 (W/C=55%以下),m3,pref_area,29,奈良県,9地区,,,,JPY,design_unit_price_ex_tax,published_restricted_not_copied,,,2026-10,2026-10-01,nara-shizai-r8-10,17,https://www.pref.nara.lg.jp/documents/8708/r0810nara_materialprice.pdf,restricted,eede749a2502,県が独自調査で値を載せている。利用条件が私的使用・引用のみのため値は写していない。原本を見ること。
85076e5386da4173,JP,material,生コンクリート・モルタル,生コンクリート,高炉(小型車) 30-15-40 (W/C=55%以下),m3,pref_area,29,奈良県,10地区,,,,JPY,design_unit_price_ex_tax,published_restricted_not_copied,,,2026-10,2026-10-01,nara-shizai-r8-10,17,https://www.pref.nara.lg.jp/documents/8708/r0810nara_materialprice.pdf,restricted,eede749a2502,県が独自調査で値を載せている。利用条件が私的使用・引用のみのため値は写していない。原本を見ること。
6a1250d0de2411ba,JP,material,生コンクリート・モルタル,生コンクリート,高炉(小型車) 30-15-40 (W/C=55%以下),m3,pref_area,29,奈良県,11地区,,,,JPY,design_unit_price_ex_tax,published_restricted_not_copied,,,2026-10,2026-10-01,nara-shizai-r8-10,17,https://www.pref.nara.lg.jp/documents/8708/r0810nara_materialprice.pdf,restricted,eede749a2502,県が独自調査で値を載せている。利用条件が私的使用・引用のみのため値は写していない。原本を見ること。
ef7b24f0a99f17c3,JP,material,生コンクリート・モルタル,生コンクリート,早強(小型車) ２１－８－２５（２０）,m3,pref_area,29,奈良県,1地区,,,,JPY,design_unit_price_ex_tax,published_restricted_not_copied,,,2026-10,2026-10-01,nara-shizai-r8-10,17,https://www.pref.nara.lg.jp/documents/8708/r0810nara_materialprice.pdf,restricted,2957c2fb4b1f,県が独自調査で値を載せている。利用条件が私的使用・引用のみのため値は写していない。原本を見ること。
5b04ab8ac63bc172,JP,material,生コンクリート・モルタル,生コンクリート,早強(小型車) ２１－８－２５（２０）,m3,pref_area,29,奈良県,2地区,,,,JPY,design_unit_price_ex_tax,published_restricted_not_copied,,,2026-10,2026-10-01,nara-shizai-r8-10,17,https://www.pref.nara.lg.jp/documents/8708/r0810nara_materialprice.pdf,restricted,2957c2fb4b1f,県が独自調査で値を載せている。利用条件が私的使用・引用のみのため値は写していない。原本を見ること。
fab64cf5bce6f9f7,JP,material,生コンクリート・モルタル,生コンクリート,早強(小型車) ２１－８－２５（２０）,m3,pref_area,29,奈良県,3地区,,,,JPY,design_unit_price_ex_tax,published_restricted_not_copied,,,2026-10,2026-10-01,nara-shizai-r8-10,17,https://www.pref.nara.lg.jp/documents/8708/r0810nara_materialprice.pdf,restricted,2957c2fb4b1f,県が独自調査で値を載せている。利用条件が私的使用・引用のみのため値は写していない。原本を見ること。
91c907f823ee57d2,JP,material,生コンクリート・モルタル,生コンクリート,早強(小型車) ２１－８－２５（２０）,m3,pref_area,29,奈良県,4地区,,,,JPY,design_unit_price_ex_tax,published_restricted_not_copied,,,2026-10,2026-10-01,nara-shizai-r8-10,17,https://www.pref.nara.lg.jp/documents/8708/r0810nara_materialprice.pdf,restricted,2957c2fb4b1f,県が独自調査で値を載せている。利用条件が私的使用・引用のみのため値は写していない。原本を見ること。
310c118b8cb10b11,JP,material,生コンクリート・モルタル,生コンクリート,早強(小型車) ２１－８－２５（２０）,m3,pref_area,29,奈良県,5地区,,,,JPY,design_unit_price_ex_tax,published_restricted_not_copied,,,2026-10,2026-10-01,nara-shizai-r8-10,17,https://www.pref.nara.lg.jp/documents/8708/r0810nara_materialprice.pdf,restricted,2957c2fb4b1f,県が独自調査で値を載せている。利用条件が私的使用・引用のみのため値は写していない。原本を見ること。
30cab80ea8d0a987,JP,material,生コンクリート・モルタル,生コンクリート,早強(小型車) ２１－８－２５（２０）,m3,pref_area,29,奈良県,6地区,,,,JPY,design_unit_price_ex_tax,published_restricted_not_copied,,,2026-10,2026-10-01,nara-shizai-r8-10,17,https://www.pref.nara.lg.jp/documents/8708/r0810nara_materialprice.pdf,restricted,2957c2fb4b1f,県が独自調査で値を載せている。利用条件が私的使用・引用のみのため値は写していない。原本を見ること。
1741344cdbde6374,JP,material,生コンクリート・モルタル,生コンクリート,早強(小型車) ２１－８－２５（２０）,m3,pref_area,29,奈良県,7地区,,,,JPY,design_unit_price_ex_tax,published_restricted_not_copied,,,2026-10,2026-10-01,nara-shizai-r8-10,17,https://www.pref.nara.lg.jp/documents/8708/r0810nara_materialprice.pdf,restricted,2957c2fb4b1f,県が独自調査で値を載せている。利用条件が私的使用・引用のみのため値は写していない。原本を見ること。
50c3ae4362312a3c,JP,material,生コンクリート・モルタル,生コンクリート,早強(小型車) ２１－８－２５（２０）,m3,pref_area,29,奈良県,8地区,,,,JPY,design_unit_price_ex_tax,published_restricted_not_copied,,,2026-10,2026-10-01,nara-shizai-r8-10,17,https://www.pref.nara.lg.jp/documents/8708/r0810nara_materialprice.pdf,restricted,2957c2fb4b1f,県が独自調査で値を載せている。利用条件が私的使用・引用のみのため値は写していない。原本を見ること。
6e40ba5169de01d5,JP,material,生コンクリート・モルタル,生コンクリート,早強(小型車) ２１－８－２５（２０）,m3,pref_area,29,奈良県,9地区,,,,JPY,design_unit_price_ex_tax,published_restricted_not_copied,,,2026-10,2026-10-01,nara-shizai-r8-10,17,https://www.pref.nara.lg.jp/documents/8708/r0810nara_materialprice.pdf,restricted,2957c2fb4b1f,県が独自調査で値を載せている。利用条件が私的使用・引用のみのため値は写していない。原本を見ること。
29a4db5c5ad5df84,JP,material,生コンクリート・モルタル,生コンクリート,早強(小型車) ２１－８－２５（２０）,m3,pref_area,29,奈良県,10地区,,,,JPY,design_unit_price_ex_tax,published_restricted_not_copied,,,2026-10,2026-10-01,nara-shizai-r8-10,17,https://www.pref.nara.lg.jp/documents/8708/r0810nara_materialprice.pdf,restricted,2957c2fb4b1f,県が独自調査で値を載せている。利用条件が私的使用・引用のみのため値は写していない。原本を見ること。
f0221320da0eff33,JP,material,生コンクリート・モルタル,生コンクリート,早強(小型車) ２１－８－２５（２０）,m3,pref_area,29,奈良県,11地区,,,,JPY,design_unit_price_ex_tax,published_restricted_not_copied,,,2026-10,2026-10-01,nara-shizai-r8-10,17,https://www.pref.nara.lg.jp/documents/8708/r0810nara_materialprice.pdf,restricted,2957c2fb4b1f,県が独自調査で値を載せている。利用条件が私的使用・引用のみのため値は写していない。原本を見ること。
ddebd41f80515438,JP,material,生コンクリート・モルタル,生コンクリート,早強(小型車) ２４－８－２５（２０）,m3,pref_area,29,奈良県,1地区,,,,JPY,design_unit_price_ex_tax,publication_based_not_public,,,2026-10,2026-10-01,nara-shizai-r8-10,17,https://www.pref.nara.lg.jp/documents/8708/r0810nara_materialprice.pdf,restricted,dc3282d319b4,原本で『○＝刊行物単価使用』。県は規格だけを載せ、単価は載せていない(市販の物価資料の値)。公的に公開された値は存在しない。
87b5f99faa888372,JP,material,生コンクリート・モルタル,生コンクリート,早強(小型車) ２４－８－２５（２０）,m3,pref_area,29,奈良県,2地区,,,,JPY,design_unit_price_ex_tax,publication_based_not_public,,,2026-10,2026-10-01,nara-shizai-r8-10,17,https://www.pref.nara.lg.jp/documents/8708/r0810nara_materialprice.pdf,restricted,dc3282d319b4,原本で『○＝刊行物単価使用』。県は規格だけを載せ、単価は載せていない(市販の物価資料の値)。公的に公開された値は存在しない。
8e240b7fa25fbe81,JP,material,生コンクリート・モルタル,生コンクリート,早強(小型車) ２４－８－２５（２０）,m3,pref_area,29,奈良県,3地区,,,,JPY,design_unit_price_ex_tax,publication_based_not_public,,,2026-10,2026-10-01,nara-shizai-r8-10,17,https://www.pref.nara.lg.jp/documents/8708/r0810nara_materialprice.pdf,restricted,dc3282d319b4,原本で『○＝刊行物単価使用』。県は規格だけを載せ、単価は載せていない(市販の物価資料の値)。公的に公開された値は存在しない。
ae2030c9f087f97d,JP,material,生コンクリート・モルタル,生コンクリート,早強(小型車) ２４－８－２５（２０）,m3,pref_area,29,奈良県,4地区,,,,JPY,design_unit_price_ex_tax,publication_based_not_public,,,2026-10,2026-10-01,nara-shizai-r8-10,17,https://www.pref.nara.lg.jp/documents/8708/r0810nara_materialprice.pdf,restricted,dc3282d319b4,原本で『○＝刊行物単価使用』。県は規格だけを載せ、単価は載せていない(市販の物価資料の値)。公的に公開された値は存在しない。
bea3091a45a9d836,JP,material,生コンクリート・モルタル,生コンクリート,早強(小型車) ２４－８－２５（２０）,m3,pref_area,29,奈良県,5地区,,,,JPY,design_unit_price_ex_tax,published_restricted_not_copied,,,2026-10,2026-10-01,nara-shizai-r8-10,17,https://www.pref.nara.lg.jp/documents/8708/r0810nara_materialprice.pdf,restricted,dc3282d319b4,県が独自調査で値を載せている。利用条件が私的使用・引用のみのため値は写していない。原本を見ること。
7a094f31567dbbcf,JP,material,生コンクリート・モルタル,生コンクリート,早強(小型車) ２４－８－２５（２０）,m3,pref_area,29,奈良県,6地区,,,,JPY,design_unit_price_ex_tax,publication_based_not_public,,,2026-10,2026-10-01,nara-shizai-r8-10,17,https://www.pref.nara.lg.jp/documents/8708/r0810nara_materialprice.pdf,restricted,dc3282d319b4,原本で『○＝刊行物単価使用』。県は規格だけを載せ、単価は載せていない(市販の物価資料の値)。公的に公開された値は存在しない。
6caf8e166c37cf1c,JP,material,生コンクリート・モルタル,生コンクリート,早強(小型車) ２４－８－２５（２０）,m3,pref_area,29,奈良県,7地区,,,,JPY,design_unit_price_ex_tax,published_restricted_not_copied,,,2026-10,2026-10-01,nara-shizai-r8-10,17,https://www.pref.nara.lg.jp/documents/8708/r0810nara_materialprice.pdf,restricted,dc3282d319b4,県が独自調査で値を載せている。利用条件が私的使用・引用のみのため値は写していない。原本を見ること。
b64bebb0b218ea20,JP,material,生コンクリート・モルタル,生コンクリート,早強(小型車) ２４－８－２５（２０）,m3,pref_area,29,奈良県,8地区,,,,JPY,design_unit_price_ex_tax,publication_based_not_public,,,2026-10,2026-10-01,nara-shizai-r8-10,17,https://www.pref.nara.lg.jp/documents/8708/r0810nara_materialprice.pdf,restricted,dc3282d319b4,原本で『○＝刊行物単価使用』。県は規格だけを載せ、単価は載せていない(市販の物価資料の値)。公的に公開された値は存在しない。
c51671c83f3fb468,JP,material,生コンクリート・モルタル,生コンクリート,早強(小型車) ２４－８－２５（２０）,m3,pref_area,29,奈良県,9地区,,,,JPY,design_unit_price_ex_tax,publication_based_not_public,,,2026-10,2026-10-01,nara-shizai-r8-10,17,https://www.pref.nara.lg.jp/documents/8708/r0810nara_materialprice.pdf,restricted,dc3282d319b4,原本で『○＝刊行物単価使用』。県は規格だけを載せ、単価は載せていない(市販の物価資料の値)。公的に公開された値は存在しない。
c56531b2bf4ac3e9,JP,material,生コンクリート・モルタル,生コンクリート,早強(小型車) ２４－８－２５（２０）,m3,pref_area,29,奈良県,10地区,,,,JPY,design_unit_price_ex_tax,publication_based_not_public,,,2026-10,2026-10-01,nara-shizai-r8-10,17,https://www.pref.nara.lg.jp/documents/8708/r0810nara_materialprice.pdf,restricted,dc3282d319b4,原本で『○＝刊行物単価使用』。県は規格だけを載せ、単価は載せていない(市販の物価資料の値)。公的に公開された値は存在しない。
278e093fc66228e5,JP,material,生コンクリート・モルタル,生コンクリート,早強(小型車) ２４－８－２５（２０）,m3,pref_area,29,奈良県,11地区,,,,JPY,design_unit_price_ex_tax,published_restricted_not_copied,,,2026-10,2026-10-01,nara-shizai-r8-10,17,https://www.pref.nara.lg.jp/documents/8708/r0810nara_materialprice.pdf,restricted,dc3282d319b4,県が独自調査で値を載せている。利用条件が私的使用・引用のみのため値は写していない。原本を見ること。
d964399f7d0945e8,JP,material,生コンクリート・モルタル,生コンクリート,早強(小型車) ３０－８－２５（２０）,m3,pref_area,29,奈良県,1地区,,,,JPY,design_unit_price_ex_tax,publication_based_not_public,,,2026-10,2026-10-01,nara-shizai-r8-10,17,https://www.pref.nara.lg.jp/documents/8708/r0810nara_materialprice.pdf,restricted,78a45624b2b3,原本で『○＝刊行物単価使用』。県は規格だけを載せ、単価は載せていない(市販の物価資料の値)。公的に公開された値は存在しない。
9f90c36e2e149ec7,JP,material,生コンクリート・モルタル,生コンクリート,早強(小型車) ３０－８－２５（２０）,m3,pref_area,29,奈良県,2地区,,,,JPY,design_unit_price_ex_tax,publication_based_not_public,,,2026-10,2026-10-01,nara-shizai-r8-10,17,https://www.pref.nara.lg.jp/documents/8708/r0810nara_materialprice.pdf,restricted,78a45624b2b3,原本で『○＝刊行物単価使用』。県は規格だけを載せ、単価は載せていない(市販の物価資料の値)。公的に公開された値は存在しない。
411fbba5f420dcbc,JP,material,生コンクリート・モルタル,生コンクリート,早強(小型車) ３０－８－２５（２０）,m3,pref_area,29,奈良県,3地区,,,,JPY,design_unit_price_ex_tax,publication_based_not_public,,,2026-10,2026-10-01,nara-shizai-r8-10,17,https://www.pref.nara.lg.jp/documents/8708/r0810nara_materialprice.pdf,restricted,78a45624b2b3,原本で『○＝刊行物単価使用』。県は規格だけを載せ、単価は載せていない(市販の物価資料の値)。公的に公開された値は存在しない。
d27e095fb2fac0fa,JP,material,生コンクリート・モルタル,生コンクリート,早強(小型車) ３０－８－２５（２０）,m3,pref_area,29,奈良県,4地区,,,,JPY,design_unit_price_ex_tax,publication_based_not_public,,,2026-10,2026-10-01,nara-shizai-r8-10,17,https://www.pref.nara.lg.jp/documents/8708/r0810nara_materialprice.pdf,restricted,78a45624b2b3,原本で『○＝刊行物単価使用』。県は規格だけを載せ、単価は載せていない(市販の物価資料の値)。公的に公開された値は存在しない。
5bcca3fc99710aa9,JP,material,生コンクリート・モルタル,生コンクリート,早強(小型車) ３０－８－２５（２０）,m3,pref_area,29,奈良県,5地区,,,,JPY,design_unit_price_ex_tax,published_restricted_not_copied,,,2026-10,2026-10-01,nara-shizai-r8-10,17,https://www.pref.nara.lg.jp/documents/8708/r0810nara_materialprice.pdf,restricted,78a45624b2b3,県が独自調査で値を載せている。利用条件が私的使用・引用のみのため値は写していない。原本を見ること。
cc237eefbec3b36a,JP,material,生コンクリート・モルタル,生コンクリート,早強(小型車) ３０－８－２５（２０）,m3,pref_area,29,奈良県,6地区,,,,JPY,design_unit_price_ex_tax,publication_based_not_public,,,2026-10,2026-10-01,nara-shizai-r8-10,17,https://www.pref.nara.lg.jp/documents/8708/r0810nara_materialprice.pdf,restricted,78a45624b2b3,原本で『○＝刊行物単価使用』。県は規格だけを載せ、単価は載せていない(市販の物価資料の値)。公的に公開された値は存在しない。
30300f4d2b5ec695,JP,material,生コンクリート・モルタル,生コンクリート,早強(小型車) ３０－８－２５（２０）,m3,pref_area,29,奈良県,7地区,,,,JPY,design_unit_price_ex_tax,published_restricted_not_copied,,,2026-10,2026-10-01,nara-shizai-r8-10,17,https://www.pref.nara.lg.jp/documents/8708/r0810nara_materialprice.pdf,restricted,78a45624b2b3,県が独自調査で値を載せている。利用条件が私的使用・引用のみのため値は写していない。原本を見ること。
ebf2cd4f4863bc92,JP,material,生コンクリート・モルタル,生コンクリート,早強(小型車) ３０－８－２５（２０）,m3,pref_area,29,奈良県,8地区,,,,JPY,design_unit_price_ex_tax,publication_based_not_public,,,2026-10,2026-10-01,nara-shizai-r8-10,17,https://www.pref.nara.lg.jp/documents/8708/r0810nara_materialprice.pdf,restricted,78a45624b2b3,原本で『○＝刊行物単価使用』。県は規格だけを載せ、単価は載せていない(市販の物価資料の値)。公的に公開された値は存在しない。
3010439b083c39ce,JP,material,生コンクリート・モルタル,生コンクリート,早強(小型車) ３０－８－２５（２０）,m3,pref_area,29,奈良県,9地区,,,,JPY,design_unit_price_ex_tax,publication_based_not_public,,,2026-10,2026-10-01,nara-shizai-r8-10,17,https://www.pref.nara.lg.jp/documents/8708/r0810nara_materialprice.pdf,restricted,78a45624b2b3,原本で『○＝刊行物単価使用』。県は規格だけを載せ、単価は載せていない(市販の物価資料の値)。公的に公開された値は存在しない。
f3c780ef5b80a496,JP,material,生コンクリート・モルタル,生コンクリート,早強(小型車) ３０－８－２５（２０）,m3,pref_area,29,奈良県,10地区,,,,JPY,design_unit_price_ex_tax,publication_based_not_public,,,2026-10,2026-10-01,nara-shizai-r8-10,17,https://www.pref.nara.lg.jp/documents/8708/r0810nara_materialprice.pdf,restricted,78a45624b2b3,原本で『○＝刊行物単価使用』。県は規格だけを載せ、単価は載せていない(市販の物価資料の値)。公的に公開された値は存在しない。
c235b2fab79a4de6,JP,material,生コンクリート・モルタル,生コンクリート,早強(小型車) ３０－８－２５（２０）,m3,pref_area,29,奈良県,11地区,,,,JPY,design_unit_price_ex_tax,published_restricted_not_copied,,,2026-10,2026-10-01,nara-shizai-r8-10,17,https://www.pref.nara.lg.jp/documents/8708/r0810nara_materialprice.pdf,restricted,78a45624b2b3,県が独自調査で値を載せている。利用条件が私的使用・引用のみのため値は写していない。原本を見ること。
822f80cfb12a686a,JP,material,生コンクリート・モルタル,生コンクリート,早強(小型車) ３６－８－２５（２０）,m3,pref_area,29,奈良県,1地区,,,,JPY,design_unit_price_ex_tax,publication_based_not_public,,,2026-10,2026-10-01,nara-shizai-r8-10,17,https://www.pref.nara.lg.jp/documents/8708/r0810nara_materialprice.pdf,restricted,b774e5f0bda2,原本で『○＝刊行物単価使用』。県は規格だけを載せ、単価は載せていない(市販の物価資料の値)。公的に公開された値は存在しない。
d7abc2cac389fcfb,JP,material,生コンクリート・モルタル,生コンクリート,早強(小型車) ３６－８－２５（２０）,m3,pref_area,29,奈良県,2地区,,,,JPY,design_unit_price_ex_tax,publication_based_not_public,,,2026-10,2026-10-01,nara-shizai-r8-10,17,https://www.pref.nara.lg.jp/documents/8708/r0810nara_materialprice.pdf,restricted,b774e5f0bda2,原本で『○＝刊行物単価使用』。県は規格だけを載せ、単価は載せていない(市販の物価資料の値)。公的に公開された値は存在しない。
2299287f749f94f5,JP,material,生コンクリート・モルタル,生コンクリート,早強(小型車) ３６－８－２５（２０）,m3,pref_area,29,奈良県,3地区,,,,JPY,design_unit_price_ex_tax,publication_based_not_public,,,2026-10,2026-10-01,nara-shizai-r8-10,17,https://www.pref.nara.lg.jp/documents/8708/r0810nara_materialprice.pdf,restricted,b774e5f0bda2,原本で『○＝刊行物単価使用』。県は規格だけを載せ、単価は載せていない(市販の物価資料の値)。公的に公開された値は存在しない。
59ecf67e13128067,JP,material,生コンクリート・モルタル,生コンクリート,早強(小型車) ３６－８－２５（２０）,m3,pref_area,29,奈良県,4地区,,,,JPY,design_unit_price_ex_tax,publication_based_not_public,,,2026-10,2026-10-01,nara-shizai-r8-10,17,https://www.pref.nara.lg.jp/documents/8708/r0810nara_materialprice.pdf,restricted,b774e5f0bda2,原本で『○＝刊行物単価使用』。県は規格だけを載せ、単価は載せていない(市販の物価資料の値)。公的に公開された値は存在しない。
4d6a0ecb17a874eb,JP,material,生コンクリート・モルタル,生コンクリート,早強(小型車) ３６－８－２５（２０）,m3,pref_area,29,奈良県,5地区,,,,JPY,design_unit_price_ex_tax,published_restricted_not_copied,,,2026-10,2026-10-01,nara-shizai-r8-10,17,https://www.pref.nara.lg.jp/documents/8708/r0810nara_materialprice.pdf,restricted,b774e5f0bda2,県が独自調査で値を載せている。利用条件が私的使用・引用のみのため値は写していない。原本を見ること。
498ebc4aa1072d49,JP,material,生コンクリート・モルタル,生コンクリート,早強(小型車) ３６－８－２５（２０）,m3,pref_area,29,奈良県,6地区,,,,JPY,design_unit_price_ex_tax,publication_based_not_public,,,2026-10,2026-10-01,nara-shizai-r8-10,17,https://www.pref.nara.lg.jp/documents/8708/r0810nara_materialprice.pdf,restricted,b774e5f0bda2,原本で『○＝刊行物単価使用』。県は規格だけを載せ、単価は載せていない(市販の物価資料の値)。公的に公開された値は存在しない。
44919c4bef98a9c5,JP,material,生コンクリート・モルタル,生コンクリート,早強(小型車) ３６－８－２５（２０）,m3,pref_area,29,奈良県,7地区,,,,JPY,design_unit_price_ex_tax,published_restricted_not_copied,,,2026-10,2026-10-01,nara-shizai-r8-10,17,https://www.pref.nara.lg.jp/documents/8708/r0810nara_materialprice.pdf,restricted,b774e5f0bda2,県が独自調査で値を載せている。利用条件が私的使用・引用のみのため値は写していない。原本を見ること。
873e9e9184706b64,JP,material,生コンクリート・モルタル,生コンクリート,早強(小型車) ３６－８－２５（２０）,m3,pref_area,29,奈良県,8地区,,,,JPY,design_unit_price_ex_tax,publication_based_not_public,,,2026-10,2026-10-01,nara-shizai-r8-10,17,https://www.pref.nara.lg.jp/documents/8708/r0810nara_materialprice.pdf,restricted,b774e5f0bda2,原本で『○＝刊行物単価使用』。県は規格だけを載せ、単価は載せていない(市販の物価資料の値)。公的に公開された値は存在しない。
4855a6ca147dd961,JP,material,生コンクリート・モルタル,生コンクリート,早強(小型車) ３６－８－２５（２０）,m3,pref_area,29,奈良県,9地区,,,,JPY,design_unit_price_ex_tax,publication_based_not_public,,,2026-10,2026-10-01,nara-shizai-r8-10,17,https://www.pref.nara.lg.jp/documents/8708/r0810nara_materialprice.pdf,restricted,b774e5f0bda2,原本で『○＝刊行物単価使用』。県は規格だけを載せ、単価は載せていない(市販の物価資料の値)。公的に公開された値は存在しない。
9adf8493e01eee57,JP,material,生コンクリート・モルタル,生コンクリート,早強(小型車) ３６－８－２５（２０）,m3,pref_area,29,奈良県,10地区,,,,JPY,design_unit_price_ex_tax,publication_based_not_public,,,2026-10,2026-10-01,nara-shizai-r8-10,17,https://www.pref.nara.lg.jp/documents/8708/r0810nara_materialprice.pdf,restricted,b774e5f0bda2,原本で『○＝刊行物単価使用』。県は規格だけを載せ、単価は載せていない(市販の物価資料の値)。公的に公開された値は存在しない。
0d1bfa5ea51a3a17,JP,material,生コンクリート・モルタル,生コンクリート,早強(小型車) ３６－８－２５（２０）,m3,pref_area,29,奈良県,11地区,,,,JPY,design_unit_price_ex_tax,published_restricted_not_copied,,,2026-10,2026-10-01,nara-shizai-r8-10,17,https://www.pref.nara.lg.jp/documents/8708/r0810nara_materialprice.pdf,restricted,b774e5f0bda2,県が独自調査で値を載せている。利用条件が私的使用・引用のみのため値は写していない。原本を見ること。
fac5490b184dcf12,JP,material,生コンクリート・モルタル,生コンクリート,早強(小型車) ４０－８－２５（２０）,m3,pref_area,29,奈良県,1地区,,,,JPY,design_unit_price_ex_tax,publication_based_not_public,,,2026-10,2026-10-01,nara-shizai-r8-10,17,https://www.pref.nara.lg.jp/documents/8708/r0810nara_materialprice.pdf,restricted,7101198ae703,原本で『○＝刊行物単価使用』。県は規格だけを載せ、単価は載せていない(市販の物価資料の値)。公的に公開された値は存在しない。
f108a40cd46df56e,JP,material,生コンクリート・モルタル,生コンクリート,早強(小型車) ４０－８－２５（２０）,m3,pref_area,29,奈良県,2地区,,,,JPY,design_unit_price_ex_tax,publication_based_not_public,,,2026-10,2026-10-01,nara-shizai-r8-10,17,https://www.pref.nara.lg.jp/documents/8708/r0810nara_materialprice.pdf,restricted,7101198ae703,原本で『○＝刊行物単価使用』。県は規格だけを載せ、単価は載せていない(市販の物価資料の値)。公的に公開された値は存在しない。
c9a59955575493da,JP,material,生コンクリート・モルタル,生コンクリート,早強(小型車) ４０－８－２５（２０）,m3,pref_area,29,奈良県,3地区,,,,JPY,design_unit_price_ex_tax,publication_based_not_public,,,2026-10,2026-10-01,nara-shizai-r8-10,17,https://www.pref.nara.lg.jp/documents/8708/r0810nara_materialprice.pdf,restricted,7101198ae703,原本で『○＝刊行物単価使用』。県は規格だけを載せ、単価は載せていない(市販の物価資料の値)。公的に公開された値は存在しない。
6a42553568c622ac,JP,material,生コンクリート・モルタル,生コンクリート,早強(小型車) ４０－８－２５（２０）,m3,pref_area,29,奈良県,4地区,,,,JPY,design_unit_price_ex_tax,publication_based_not_public,,,2026-10,2026-10-01,nara-shizai-r8-10,17,https://www.pref.nara.lg.jp/documents/8708/r0810nara_materialprice.pdf,restricted,7101198ae703,原本で『○＝刊行物単価使用』。県は規格だけを載せ、単価は載せていない(市販の物価資料の値)。公的に公開された値は存在しない。
13d3aec222da93ff,JP,material,生コンクリート・モルタル,生コンクリート,早強(小型車) ４０－８－２５（２０）,m3,pref_area,29,奈良県,5地区,,,,JPY,design_unit_price_ex_tax,published_restricted_not_copied,,,2026-10,2026-10-01,nara-shizai-r8-10,17,https://www.pref.nara.lg.jp/documents/8708/r0810nara_materialprice.pdf,restricted,7101198ae703,県が独自調査で値を載せている。利用条件が私的使用・引用のみのため値は写していない。原本を見ること。
ac9e6f6ca3be39c9,JP,material,生コンクリート・モルタル,生コンクリート,早強(小型車) ４０－８－２５（２０）,m3,pref_area,29,奈良県,6地区,,,,JPY,design_unit_price_ex_tax,publication_based_not_public,,,2026-10,2026-10-01,nara-shizai-r8-10,17,https://www.pref.nara.lg.jp/documents/8708/r0810nara_materialprice.pdf,restricted,7101198ae703,原本で『○＝刊行物単価使用』。県は規格だけを載せ、単価は載せていない(市販の物価資料の値)。公的に公開された値は存在しない。
e7ef8c177b5e7b9d,JP,material,生コンクリート・モルタル,生コンクリート,早強(小型車) ４０－８－２５（２０）,m3,pref_area,29,奈良県,7地区,,,,JPY,design_unit_price_ex_tax,published_restricted_not_copied,,,2026-10,2026-10-01,nara-shizai-r8-10,17,https://www.pref.nara.lg.jp/documents/8708/r0810nara_materialprice.pdf,restricted,7101198ae703,県が独自調査で値を載せている。利用条件が私的使用・引用のみのため値は写していない。原本を見ること。
e91a067c5da63ebe,JP,material,生コンクリート・モルタル,生コンクリート,早強(小型車) ４０－８－２５（２０）,m3,pref_area,29,奈良県,8地区,,,,JPY,design_unit_price_ex_tax,not_set,,,2026-10,2026-10-01,nara-shizai-r8-10,17,https://www.pref.nara.lg.jp/documents/8708/r0810nara_materialprice.pdf,restricted,7101198ae703,原本で空欄(取引事例が著しく少なく単価を設定していない)。
ce18afd3596d5211,JP,material,生コンクリート・モルタル,生コンクリート,早強(小型車) ４０－８－２５（２０）,m3,pref_area,29,奈良県,9地区,,,,JPY,design_unit_price_ex_tax,publication_based_not_public,,,2026-10,2026-10-01,nara-shizai-r8-10,17,https://www.pref.nara.lg.jp/documents/8708/r0810nara_materialprice.pdf,restricted,7101198ae703,原本で『○＝刊行物単価使用』。県は規格だけを載せ、単価は載せていない(市販の物価資料の値)。公的に公開された値は存在しない。
ce7d018801def4ef,JP,material,生コンクリート・モルタル,生コンクリート,早強(小型車) ４０－８－２５（２０）,m3,pref_area,29,奈良県,10地区,,,,JPY,design_unit_price_ex_tax,publication_based_not_public,,,2026-10,2026-10-01,nara-shizai-r8-10,17,https://www.pref.nara.lg.jp/documents/8708/r0810nara_materialprice.pdf,restricted,7101198ae703,原本で『○＝刊行物単価使用』。県は規格だけを載せ、単価は載せていない(市販の物価資料の値)。公的に公開された値は存在しない。
da8fd6c34e1b6b2d,JP,material,生コンクリート・モルタル,生コンクリート,早強(小型車) ４０－８－２５（２０）,m3,pref_area,29,奈良県,11地区,,,,JPY,design_unit_price_ex_tax,published_restricted_not_copied,,,2026-10,2026-10-01,nara-shizai-r8-10,17,https://www.pref.nara.lg.jp/documents/8708/r0810nara_materialprice.pdf,restricted,7101198ae703,県が独自調査で値を載せている。利用条件が私的使用・引用のみのため値は写していない。原本を見ること。
393017f427d70f53,JP,material,生コンクリート・モルタル,生コンクリート,早強(小型車) ２４－１２－２５（２０）,m3,pref_area,29,奈良県,1地区,,,,JPY,design_unit_price_ex_tax,published_restricted_not_copied,,,2026-10,2026-10-01,nara-shizai-r8-10,17,https://www.pref.nara.lg.jp/documents/8708/r0810nara_materialprice.pdf,restricted,2c3fb4600d10,県が独自調査で値を載せている。利用条件が私的使用・引用のみのため値は写していない。原本を見ること。
2829ccef8cb06a2d,JP,material,生コンクリート・モルタル,生コンクリート,早強(小型車) ２４－１２－２５（２０）,m3,pref_area,29,奈良県,2地区,,,,JPY,design_unit_price_ex_tax,published_restricted_not_copied,,,2026-10,2026-10-01,nara-shizai-r8-10,17,https://www.pref.nara.lg.jp/documents/8708/r0810nara_materialprice.pdf,restricted,2c3fb4600d10,県が独自調査で値を載せている。利用条件が私的使用・引用のみのため値は写していない。原本を見ること。
9a3e87717402982c,JP,material,生コンクリート・モルタル,生コンクリート,早強(小型車) ２４－１２－２５（２０）,m3,pref_area,29,奈良県,3地区,,,,JPY,design_unit_price_ex_tax,published_restricted_not_copied,,,2026-10,2026-10-01,nara-shizai-r8-10,17,https://www.pref.nara.lg.jp/documents/8708/r0810nara_materialprice.pdf,restricted,2c3fb4600d10,県が独自調査で値を載せている。利用条件が私的使用・引用のみのため値は写していない。原本を見ること。
a26b06bc6cb78ccc,JP,material,生コンクリート・モルタル,生コンクリート,早強(小型車) ２４－１２－２５（２０）,m3,pref_area,29,奈良県,4地区,,,,JPY,design_unit_price_ex_tax,published_restricted_not_copied,,,2026-10,2026-10-01,nara-shizai-r8-10,17,https://www.pref.nara.lg.jp/documents/8708/r0810nara_materialprice.pdf,restricted,2c3fb4600d10,県が独自調査で値を載せている。利用条件が私的使用・引用のみのため値は写していない。原本を見ること。
9b036e82500fd102,JP,material,生コンクリート・モルタル,生コンクリート,早強(小型車) ２４－１２－２５（２０）,m3,pref_area,29,奈良県,5地区,,,,JPY,design_unit_price_ex_tax,published_restricted_not_copied,,,2026-10,2026-10-01,nara-shizai-r8-10,17,https://www.pref.nara.lg.jp/documents/8708/r0810nara_materialprice.pdf,restricted,2c3fb4600d10,県が独自調査で値を載せている。利用条件が私的使用・引用のみのため値は写していない。原本を見ること。
263296cc763a560b,JP,material,生コンクリート・モルタル,生コンクリート,早強(小型車) ２４－１２－２５（２０）,m3,pref_area,29,奈良県,6地区,,,,JPY,design_unit_price_ex_tax,published_restricted_not_copied,,,2026-10,2026-10-01,nara-shizai-r8-10,17,https://www.pref.nara.lg.jp/documents/8708/r0810nara_materialprice.pdf,restricted,2c3fb4600d10,県が独自調査で値を載せている。利用条件が私的使用・引用のみのため値は写していない。原本を見ること。
c23369a1e24af950,JP,material,生コンクリート・モルタル,生コンクリート,早強(小型車) ２４－１２－２５（２０）,m3,pref_area,29,奈良県,7地区,,,,JPY,design_unit_price_ex_tax,published_restricted_not_copied,,,2026-10,2026-10-01,nara-shizai-r8-10,17,https://www.pref.nara.lg.jp/documents/8708/r0810nara_materialprice.pdf,restricted,2c3fb4600d10,県が独自調査で値を載せている。利用条件が私的使用・引用のみのため値は写していない。原本を見ること。
bbaf6f24a6c4eed5,JP,material,生コンクリート・モルタル,生コンクリート,早強(小型車) ２４－１２－２５（２０）,m3,pref_area,29,奈良県,8地区,,,,JPY,design_unit_price_ex_tax,published_restricted_not_copied,,,2026-10,2026-10-01,nara-shizai-r8-10,17,https://www.pref.nara.lg.jp/documents/8708/r0810nara_materialprice.pdf,restricted,2c3fb4600d10,県が独自調査で値を載せている。利用条件が私的使用・引用のみのため値は写していない。原本を見ること。
f306bd6bfb840062,JP,material,生コンクリート・モルタル,生コンクリート,早強(小型車) ２４－１２－２５（２０）,m3,pref_area,29,奈良県,9地区,,,,JPY,design_unit_price_ex_tax,published_restricted_not_copied,,,2026-10,2026-10-01,nara-shizai-r8-10,17,https://www.pref.nara.lg.jp/documents/8708/r0810nara_materialprice.pdf,restricted,2c3fb4600d10,県が独自調査で値を載せている。利用条件が私的使用・引用のみのため値は写していない。原本を見ること。
583f8329579e98d5,JP,material,生コンクリート・モルタル,生コンクリート,早強(小型車) ２４－１２－２５（２０）,m3,pref_area,29,奈良県,10地区,,,,JPY,design_unit_price_ex_tax,published_restricted_not_copied,,,2026-10,2026-10-01,nara-shizai-r8-10,17,https://www.pref.nara.lg.jp/documents/8708/r0810nara_materialprice.pdf,restricted,2c3fb4600d10,県が独自調査で値を載せている。利用条件が私的使用・引用のみのため値は写していない。原本を見ること。
0212ca59271cb17e,JP,material,生コンクリート・モルタル,生コンクリート,早強(小型車) ２４－１２－２５（２０）,m3,pref_area,29,奈良県,11地区,,,,JPY,design_unit_price_ex_tax,published_restricted_not_copied,,,2026-10,2026-10-01,nara-shizai-r8-10,17,https://www.pref.nara.lg.jp/documents/8708/r0810nara_materialprice.pdf,restricted,2c3fb4600d10,県が独自調査で値を載せている。利用条件が私的使用・引用のみのため値は写していない。原本を見ること。
bda956af1f186510,JP,material,生コンクリート・モルタル,生コンクリート,早強(小型車) ２４－１２－４０,m3,pref_area,29,奈良県,1地区,,,,JPY,design_unit_price_ex_tax,publication_based_not_public,,,2026-10,2026-10-01,nara-shizai-r8-10,17,https://www.pref.nara.lg.jp/documents/8708/r0810nara_materialprice.pdf,restricted,ec9edb50bf6b,原本で『○＝刊行物単価使用』。県は規格だけを載せ、単価は載せていない(市販の物価資料の値)。公的に公開された値は存在しない。
63c520aa49736d49,JP,material,生コンクリート・モルタル,生コンクリート,早強(小型車) ２４－１２－４０,m3,pref_area,29,奈良県,2地区,,,,JPY,design_unit_price_ex_tax,publication_based_not_public,,,2026-10,2026-10-01,nara-shizai-r8-10,17,https://www.pref.nara.lg.jp/documents/8708/r0810nara_materialprice.pdf,restricted,ec9edb50bf6b,原本で『○＝刊行物単価使用』。県は規格だけを載せ、単価は載せていない(市販の物価資料の値)。公的に公開された値は存在しない。
ef372ba64ab8f406,JP,material,生コンクリート・モルタル,生コンクリート,早強(小型車) ２４－１２－４０,m3,pref_area,29,奈良県,3地区,,,,JPY,design_unit_price_ex_tax,publication_based_not_public,,,2026-10,2026-10-01,nara-shizai-r8-10,17,https://www.pref.nara.lg.jp/documents/8708/r0810nara_materialprice.pdf,restricted,ec9edb50bf6b,原本で『○＝刊行物単価使用』。県は規格だけを載せ、単価は載せていない(市販の物価資料の値)。公的に公開された値は存在しない。
914b8eb0eae02f04,JP,material,生コンクリート・モルタル,生コンクリート,早強(小型車) ２４－１２－４０,m3,pref_area,29,奈良県,4地区,,,,JPY,design_unit_price_ex_tax,publication_based_not_public,,,2026-10,2026-10-01,nara-shizai-r8-10,17,https://www.pref.nara.lg.jp/documents/8708/r0810nara_materialprice.pdf,restricted,ec9edb50bf6b,原本で『○＝刊行物単価使用』。県は規格だけを載せ、単価は載せていない(市販の物価資料の値)。公的に公開された値は存在しない。
942485af1b40cd32,JP,material,生コンクリート・モルタル,生コンクリート,早強(小型車) ２４－１２－４０,m3,pref_area,29,奈良県,5地区,,,,JPY,design_unit_price_ex_tax,published_restricted_not_copied,,,2026-10,2026-10-01,nara-shizai-r8-10,17,https://www.pref.nara.lg.jp/documents/8708/r0810nara_materialprice.pdf,restricted,ec9edb50bf6b,県が独自調査で値を載せている。利用条件が私的使用・引用のみのため値は写していない。原本を見ること。
0394df1bc147d29c,JP,material,生コンクリート・モルタル,生コンクリート,早強(小型車) ２４－１２－４０,m3,pref_area,29,奈良県,6地区,,,,JPY,design_unit_price_ex_tax,publication_based_not_public,,,2026-10,2026-10-01,nara-shizai-r8-10,17,https://www.pref.nara.lg.jp/documents/8708/r0810nara_materialprice.pdf,restricted,ec9edb50bf6b,原本で『○＝刊行物単価使用』。県は規格だけを載せ、単価は載せていない(市販の物価資料の値)。公的に公開された値は存在しない。
b25cb6f3a369533e,JP,material,生コンクリート・モルタル,生コンクリート,早強(小型車) ２４－１２－４０,m3,pref_area,29,奈良県,7地区,,,,JPY,design_unit_price_ex_tax,published_restricted_not_copied,,,2026-10,2026-10-01,nara-shizai-r8-10,17,https://www.pref.nara.lg.jp/documents/8708/r0810nara_materialprice.pdf,restricted,ec9edb50bf6b,県が独自調査で値を載せている。利用条件が私的使用・引用のみのため値は写していない。原本を見ること。
831c2c5e49ce6771,JP,material,生コンクリート・モルタル,生コンクリート,早強(小型車) ２４－１２－４０,m3,pref_area,29,奈良県,8地区,,,,JPY,design_unit_price_ex_tax,publication_based_not_public,,,2026-10,2026-10-01,nara-shizai-r8-10,17,https://www.pref.nara.lg.jp/documents/8708/r0810nara_materialprice.pdf,restricted,ec9edb50bf6b,原本で『○＝刊行物単価使用』。県は規格だけを載せ、単価は載せていない(市販の物価資料の値)。公的に公開された値は存在しない。
a9f9b66b0310b0fd,JP,material,生コンクリート・モルタル,生コンクリート,早強(小型車) ２４－１２－４０,m3,pref_area,29,奈良県,9地区,,,,JPY,design_unit_price_ex_tax,publication_based_not_public,,,2026-10,2026-10-01,nara-shizai-r8-10,17,https://www.pref.nara.lg.jp/documents/8708/r0810nara_materialprice.pdf,restricted,ec9edb50bf6b,原本で『○＝刊行物単価使用』。県は規格だけを載せ、単価は載せていない(市販の物価資料の値)。公的に公開された値は存在しない。
d22be0fbcd5d9173,JP,material,生コンクリート・モルタル,生コンクリート,早強(小型車) ２４－１２－４０,m3,pref_area,29,奈良県,10地区,,,,JPY,design_unit_price_ex_tax,publication_based_not_public,,,2026-10,2026-10-01,nara-shizai-r8-10,17,https://www.pref.nara.lg.jp/documents/8708/r0810nara_materialprice.pdf,restricted,ec9edb50bf6b,原本で『○＝刊行物単価使用』。県は規格だけを載せ、単価は載せていない(市販の物価資料の値)。公的に公開された値は存在しない。
3e451fcc543aa847,JP,material,生コンクリート・モルタル,生コンクリート,早強(小型車) ２４－１２－４０,m3,pref_area,29,奈良県,11地区,,,,JPY,design_unit_price_ex_tax,published_restricted_not_copied,,,2026-10,2026-10-01,nara-shizai-r8-10,17,https://www.pref.nara.lg.jp/documents/8708/r0810nara_materialprice.pdf,restricted,ec9edb50bf6b,県が独自調査で値を載せている。利用条件が私的使用・引用のみのため値は写していない。原本を見ること。
2d4ece9d035e30ca,JP,material,生コンクリート・モルタル,生コンクリート,早強(小型車) 21-8-25(20)-H (W/C=60%以下),m3,pref_area,29,奈良県,1地区,,,,JPY,design_unit_price_ex_tax,publication_based_not_public,,,2026-10,2026-10-01,nara-shizai-r8-10,17,https://www.pref.nara.lg.jp/documents/8708/r0810nara_materialprice.pdf,restricted,5955e7afce43,原本で『○＝刊行物単価使用』。県は規格だけを載せ、単価は載せていない(市販の物価資料の値)。公的に公開された値は存在しない。
e398fadc61d3ccb0,JP,material,生コンクリート・モルタル,生コンクリート,早強(小型車) 21-8-25(20)-H (W/C=60%以下),m3,pref_area,29,奈良県,2地区,,,,JPY,design_unit_price_ex_tax,publication_based_not_public,,,2026-10,2026-10-01,nara-shizai-r8-10,17,https://www.pref.nara.lg.jp/documents/8708/r0810nara_materialprice.pdf,restricted,5955e7afce43,原本で『○＝刊行物単価使用』。県は規格だけを載せ、単価は載せていない(市販の物価資料の値)。公的に公開された値は存在しない。
081b446e4869b37b,JP,material,生コンクリート・モルタル,生コンクリート,早強(小型車) 21-8-25(20)-H (W/C=60%以下),m3,pref_area,29,奈良県,3地区,,,,JPY,design_unit_price_ex_tax,publication_based_not_public,,,2026-10,2026-10-01,nara-shizai-r8-10,17,https://www.pref.nara.lg.jp/documents/8708/r0810nara_materialprice.pdf,restricted,5955e7afce43,原本で『○＝刊行物単価使用』。県は規格だけを載せ、単価は載せていない(市販の物価資料の値)。公的に公開された値は存在しない。
f335cf6abdf0db15,JP,material,生コンクリート・モルタル,生コンクリート,早強(小型車) 21-8-25(20)-H (W/C=60%以下),m3,pref_area,29,奈良県,4地区,,,,JPY,design_unit_price_ex_tax,publication_based_not_public,,,2026-10,2026-10-01,nara-shizai-r8-10,17,https://www.pref.nara.lg.jp/documents/8708/r0810nara_materialprice.pdf,restricted,5955e7afce43,原本で『○＝刊行物単価使用』。県は規格だけを載せ、単価は載せていない(市販の物価資料の値)。公的に公開された値は存在しない。
0c55e6c1daccf8c2,JP,material,生コンクリート・モルタル,生コンクリート,早強(小型車) 21-8-25(20)-H (W/C=60%以下),m3,pref_area,29,奈良県,5地区,,,,JPY,design_unit_price_ex_tax,published_restricted_not_copied,,,2026-10,2026-10-01,nara-shizai-r8-10,17,https://www.pref.nara.lg.jp/documents/8708/r0810nara_materialprice.pdf,restricted,5955e7afce43,県が独自調査で値を載せている。利用条件が私的使用・引用のみのため値は写していない。原本を見ること。
3588e4220e91ed4b,JP,material,生コンクリート・モルタル,生コンクリート,早強(小型車) 21-8-25(20)-H (W/C=60%以下),m3,pref_area,29,奈良県,6地区,,,,JPY,design_unit_price_ex_tax,publication_based_not_public,,,2026-10,2026-10-01,nara-shizai-r8-10,17,https://www.pref.nara.lg.jp/documents/8708/r0810nara_materialprice.pdf,restricted,5955e7afce43,原本で『○＝刊行物単価使用』。県は規格だけを載せ、単価は載せていない(市販の物価資料の値)。公的に公開された値は存在しない。
823a97d22c908797,JP,material,生コンクリート・モルタル,生コンクリート,早強(小型車) 21-8-25(20)-H (W/C=60%以下),m3,pref_area,29,奈良県,7地区,,,,JPY,design_unit_price_ex_tax,published_restricted_not_copied,,,2026-10,2026-10-01,nara-shizai-r8-10,17,https://www.pref.nara.lg.jp/documents/8708/r0810nara_materialprice.pdf,restricted,5955e7afce43,県が独自調査で値を載せている。利用条件が私的使用・引用のみのため値は写していない。原本を見ること。
2ace1401aa191ef6,JP,material,生コンクリート・モルタル,生コンクリート,早強(小型車) 21-8-25(20)-H (W/C=60%以下),m3,pref_area,29,奈良県,8地区,,,,JPY,design_unit_price_ex_tax,publication_based_not_public,,,2026-10,2026-10-01,nara-shizai-r8-10,17,https://www.pref.nara.lg.jp/documents/8708/r0810nara_materialprice.pdf,restricted,5955e7afce43,原本で『○＝刊行物単価使用』。県は規格だけを載せ、単価は載せていない(市販の物価資料の値)。公的に公開された値は存在しない。
00f860a2e39abb1e,JP,material,生コンクリート・モルタル,生コンクリート,早強(小型車) 21-8-25(20)-H (W/C=60%以下),m3,pref_area,29,奈良県,9地区,,,,JPY,design_unit_price_ex_tax,publication_based_not_public,,,2026-10,2026-10-01,nara-shizai-r8-10,17,https://www.pref.nara.lg.jp/documents/8708/r0810nara_materialprice.pdf,restricted,5955e7afce43,原本で『○＝刊行物単価使用』。県は規格だけを載せ、単価は載せていない(市販の物価資料の値)。公的に公開された値は存在しない。
11316086d4cc59dd,JP,material,生コンクリート・モルタル,生コンクリート,早強(小型車) 21-8-25(20)-H (W/C=60%以下),m3,pref_area,29,奈良県,10地区,,,,JPY,design_unit_price_ex_tax,publication_based_not_public,,,2026-10,2026-10-01,nara-shizai-r8-10,17,https://www.pref.nara.lg.jp/documents/8708/r0810nara_materialprice.pdf,restricted,5955e7afce43,原本で『○＝刊行物単価使用』。県は規格だけを載せ、単価は載せていない(市販の物価資料の値)。公的に公開された値は存在しない。
2976094102032fe5,JP,material,生コンクリート・モルタル,生コンクリート,早強(小型車) 21-8-25(20)-H (W/C=60%以下),m3,pref_area,29,奈良県,11地区,,,,JPY,design_unit_price_ex_tax,published_restricted_not_copied,,,2026-10,2026-10-01,nara-shizai-r8-10,17,https://www.pref.nara.lg.jp/documents/8708/r0810nara_materialprice.pdf,restricted,5955e7afce43,県が独自調査で値を載せている。利用条件が私的使用・引用のみのため値は写していない。原本を見ること。
c05013dedb99694b,JP,material,生コンクリート・モルタル,生コンクリート,早強(小型車) 21-8-40-H (W/C=55%以下),m3,pref_area,29,奈良県,1地区,,,,JPY,design_unit_price_ex_tax,published_restricted_not_copied,,,2026-10,2026-10-01,nara-shizai-r8-10,17,https://www.pref.nara.lg.jp/documents/8708/r0810nara_materialprice.pdf,restricted,b96ae3b07ab8,県が独自調査で値を載せている。利用条件が私的使用・引用のみのため値は写していない。原本を見ること。
2851761b71b061d8,JP,material,生コンクリート・モルタル,生コンクリート,早強(小型車) 21-8-40-H (W/C=55%以下),m3,pref_area,29,奈良県,2地区,,,,JPY,design_unit_price_ex_tax,published_restricted_not_copied,,,2026-10,2026-10-01,nara-shizai-r8-10,17,https://www.pref.nara.lg.jp/documents/8708/r0810nara_materialprice.pdf,restricted,b96ae3b07ab8,県が独自調査で値を載せている。利用条件が私的使用・引用のみのため値は写していない。原本を見ること。
854f698196f0aa9b,JP,material,生コンクリート・モルタル,生コンクリート,早強(小型車) 21-8-40-H (W/C=55%以下),m3,pref_area,29,奈良県,3地区,,,,JPY,design_unit_price_ex_tax,published_restricted_not_copied,,,2026-10,2026-10-01,nara-shizai-r8-10,17,https://www.pref.nara.lg.jp/documents/8708/r0810nara_materialprice.pdf,restricted,b96ae3b07ab8,県が独自調査で値を載せている。利用条件が私的使用・引用のみのため値は写していない。原本を見ること。
5ba0d1cb0788df40,JP,material,生コンクリート・モルタル,生コンクリート,早強(小型車) 21-8-40-H (W/C=55%以下),m3,pref_area,29,奈良県,4地区,,,,JPY,design_unit_price_ex_tax,published_restricted_not_copied,,,2026-10,2026-10-01,nara-shizai-r8-10,17,https://www.pref.nara.lg.jp/documents/8708/r0810nara_materialprice.pdf,restricted,b96ae3b07ab8,県が独自調査で値を載せている。利用条件が私的使用・引用のみのため値は写していない。原本を見ること。
0d9ec2f772fcac4b,JP,material,生コンクリート・モルタル,生コンクリート,早強(小型車) 21-8-40-H (W/C=55%以下),m3,pref_area,29,奈良県,5地区,,,,JPY,design_unit_price_ex_tax,published_restricted_not_copied,,,2026-10,2026-10-01,nara-shizai-r8-10,17,https://www.pref.nara.lg.jp/documents/8708/r0810nara_materialprice.pdf,restricted,b96ae3b07ab8,県が独自調査で値を載せている。利用条件が私的使用・引用のみのため値は写していない。原本を見ること。
ffa461595f70065e,JP,material,生コンクリート・モルタル,生コンクリート,早強(小型車) 21-8-40-H (W/C=55%以下),m3,pref_area,29,奈良県,6地区,,,,JPY,design_unit_price_ex_tax,published_restricted_not_copied,,,2026-10,2026-10-01,nara-shizai-r8-10,17,https://www.pref.nara.lg.jp/documents/8708/r0810nara_materialprice.pdf,restricted,b96ae3b07ab8,県が独自調査で値を載せている。利用条件が私的使用・引用のみのため値は写していない。原本を見ること。
5672e4652a537b97,JP,material,生コンクリート・モルタル,生コンクリート,早強(小型車) 21-8-40-H (W/C=55%以下),m3,pref_area,29,奈良県,7地区,,,,JPY,design_unit_price_ex_tax,published_restricted_not_copied,,,2026-10,2026-10-01,nara-shizai-r8-10,17,https://www.pref.nara.lg.jp/documents/8708/r0810nara_materialprice.pdf,restricted,b96ae3b07ab8,県が独自調査で値を載せている。利用条件が私的使用・引用のみのため値は写していない。原本を見ること。
43bfeb1ae12ee230,JP,material,生コンクリート・モルタル,生コンクリート,早強(小型車) 21-8-40-H (W/C=55%以下),m3,pref_area,29,奈良県,8地区,,,,JPY,design_unit_price_ex_tax,published_restricted_not_copied,,,2026-10,2026-10-01,nara-shizai-r8-10,17,https://www.pref.nara.lg.jp/documents/8708/r0810nara_materialprice.pdf,restricted,b96ae3b07ab8,県が独自調査で値を載せている。利用条件が私的使用・引用のみのため値は写していない。原本を見ること。
15eeb6fa8f6a34ee,JP,material,生コンクリート・モルタル,生コンクリート,早強(小型車) 21-8-40-H (W/C=55%以下),m3,pref_area,29,奈良県,9地区,,,,JPY,design_unit_price_ex_tax,published_restricted_not_copied,,,2026-10,2026-10-01,nara-shizai-r8-10,17,https://www.pref.nara.lg.jp/documents/8708/r0810nara_materialprice.pdf,restricted,b96ae3b07ab8,県が独自調査で値を載せている。利用条件が私的使用・引用のみのため値は写していない。原本を見ること。
a878470ffe132e53,JP,material,生コンクリート・モルタル,生コンクリート,早強(小型車) 21-8-40-H (W/C=55%以下),m3,pref_area,29,奈良県,10地区,,,,JPY,design_unit_price_ex_tax,published_restricted_not_copied,,,2026-10,2026-10-01,nara-shizai-r8-10,17,https://www.pref.nara.lg.jp/documents/8708/r0810nara_materialprice.pdf,restricted,b96ae3b07ab8,県が独自調査で値を載せている。利用条件が私的使用・引用のみのため値は写していない。原本を見ること。
01e31fc2e3d31270,JP,material,生コンクリート・モルタル,生コンクリート,早強(小型車) 21-8-40-H (W/C=55%以下),m3,pref_area,29,奈良県,11地区,,,,JPY,design_unit_price_ex_tax,published_restricted_not_copied,,,2026-10,2026-10-01,nara-shizai-r8-10,17,https://www.pref.nara.lg.jp/documents/8708/r0810nara_materialprice.pdf,restricted,b96ae3b07ab8,県が独自調査で値を載せている。利用条件が私的使用・引用のみのため値は写していない。原本を見ること。
e9eda50dd83673c7,JP,material,生コンクリート・モルタル,生コンクリート,早強(小型車) 21-8-40-H (W/C=60%以下),m3,pref_area,29,奈良県,1地区,,,,JPY,design_unit_price_ex_tax,published_restricted_not_copied,,,2026-10,2026-10-01,nara-shizai-r8-10,17,https://www.pref.nara.lg.jp/documents/8708/r0810nara_materialprice.pdf,restricted,ec988393c366,県が独自調査で値を載せている。利用条件が私的使用・引用のみのため値は写していない。原本を見ること。
8b0109123419d615,JP,material,生コンクリート・モルタル,生コンクリート,早強(小型車) 21-8-40-H (W/C=60%以下),m3,pref_area,29,奈良県,2地区,,,,JPY,design_unit_price_ex_tax,published_restricted_not_copied,,,2026-10,2026-10-01,nara-shizai-r8-10,17,https://www.pref.nara.lg.jp/documents/8708/r0810nara_materialprice.pdf,restricted,ec988393c366,県が独自調査で値を載せている。利用条件が私的使用・引用のみのため値は写していない。原本を見ること。
cf2a699618a54c23,JP,material,生コンクリート・モルタル,生コンクリート,早強(小型車) 21-8-40-H (W/C=60%以下),m3,pref_area,29,奈良県,3地区,,,,JPY,design_unit_price_ex_tax,published_restricted_not_copied,,,2026-10,2026-10-01,nara-shizai-r8-10,17,https://www.pref.nara.lg.jp/documents/8708/r0810nara_materialprice.pdf,restricted,ec988393c366,県が独自調査で値を載せている。利用条件が私的使用・引用のみのため値は写していない。原本を見ること。
33967d97f7239b84,JP,material,生コンクリート・モルタル,生コンクリート,早強(小型車) 21-8-40-H (W/C=60%以下),m3,pref_area,29,奈良県,4地区,,,,JPY,design_unit_price_ex_tax,published_restricted_not_copied,,,2026-10,2026-10-01,nara-shizai-r8-10,17,https://www.pref.nara.lg.jp/documents/8708/r0810nara_materialprice.pdf,restricted,ec988393c366,県が独自調査で値を載せている。利用条件が私的使用・引用のみのため値は写していない。原本を見ること。
5dd7daf713f2f4db,JP,material,生コンクリート・モルタル,生コンクリート,早強(小型車) 21-8-40-H (W/C=60%以下),m3,pref_area,29,奈良県,5地区,,,,JPY,design_unit_price_ex_tax,published_restricted_not_copied,,,2026-10,2026-10-01,nara-shizai-r8-10,17,https://www.pref.nara.lg.jp/documents/8708/r0810nara_materialprice.pdf,restricted,ec988393c366,県が独自調査で値を載せている。利用条件が私的使用・引用のみのため値は写していない。原本を見ること。
ce9430464cc01715,JP,material,生コンクリート・モルタル,生コンクリート,早強(小型車) 21-8-40-H (W/C=60%以下),m3,pref_area,29,奈良県,6地区,,,,JPY,design_unit_price_ex_tax,published_restricted_not_copied,,,2026-10,2026-10-01,nara-shizai-r8-10,17,https://www.pref.nara.lg.jp/documents/8708/r0810nara_materialprice.pdf,restricted,ec988393c366,県が独自調査で値を載せている。利用条件が私的使用・引用のみのため値は写していない。原本を見ること。
bf851d10b2554970,JP,material,生コンクリート・モルタル,生コンクリート,早強(小型車) 21-8-40-H (W/C=60%以下),m3,pref_area,29,奈良県,7地区,,,,JPY,design_unit_price_ex_tax,published_restricted_not_copied,,,2026-10,2026-10-01,nara-shizai-r8-10,17,https://www.pref.nara.lg.jp/documents/8708/r0810nara_materialprice.pdf,restricted,ec988393c366,県が独自調査で値を載せている。利用条件が私的使用・引用のみのため値は写していない。原本を見ること。
fc3f71989e102b76,JP,material,生コンクリート・モルタル,生コンクリート,早強(小型車) 21-8-40-H (W/C=60%以下),m3,pref_area,29,奈良県,8地区,,,,JPY,design_unit_price_ex_tax,published_restricted_not_copied,,,2026-10,2026-10-01,nara-shizai-r8-10,17,https://www.pref.nara.lg.jp/documents/8708/r0810nara_materialprice.pdf,restricted,ec988393c366,県が独自調査で値を載せている。利用条件が私的使用・引用のみのため値は写していない。原本を見ること。
c9252b12457678c9,JP,material,生コンクリート・モルタル,生コンクリート,早強(小型車) 21-8-40-H (W/C=60%以下),m3,pref_area,29,奈良県,9地区,,,,JPY,design_unit_price_ex_tax,published_restricted_not_copied,,,2026-10,2026-10-01,nara-shizai-r8-10,17,https://www.pref.nara.lg.jp/documents/8708/r0810nara_materialprice.pdf,restricted,ec988393c366,県が独自調査で値を載せている。利用条件が私的使用・引用のみのため値は写していない。原本を見ること。
c0a747dffe131d0d,JP,material,生コンクリート・モルタル,生コンクリート,早強(小型車) 21-8-40-H (W/C=60%以下),m3,pref_area,29,奈良県,10地区,,,,JPY,design_unit_price_ex_tax,published_restricted_not_copied,,,2026-10,2026-10-01,nara-shizai-r8-10,17,https://www.pref.nara.lg.jp/documents/8708/r0810nara_materialprice.pdf,restricted,ec988393c366,県が独自調査で値を載せている。利用条件が私的使用・引用のみのため値は写していない。原本を見ること。
7fff5b3498d32c33,JP,material,生コンクリート・モルタル,生コンクリート,早強(小型車) 21-8-40-H (W/C=60%以下),m3,pref_area,29,奈良県,11地区,,,,JPY,design_unit_price_ex_tax,published_restricted_not_copied,,,2026-10,2026-10-01,nara-shizai-r8-10,17,https://www.pref.nara.lg.jp/documents/8708/r0810nara_materialprice.pdf,restricted,ec988393c366,県が独自調査で値を載せている。利用条件が私的使用・引用のみのため値は写していない。原本を見ること。
