obs_id,country,layer,category,item_name,spec,unit,geo_level,geo_code,geo_name,area_label,area_code,area_members,price,currency,price_basis,price_status,ref_value,ref_note,period,effective_from,source_id,source_page,evidence_url,license,jccdb_v4_item_id,note
e29c18002cb35b3d,JP,index,建設工事費デフレーター（2020年度基準） 四半期別,地方道路公社等,建設総合 > 土木総合 > 公共事業 > 土木1（除く災害復旧） > 道路総合 > 有料道路 > 地方道路公社等,index (2020年度平均 = 100),national,JP,日本,,,,100.3,,index_value,published_pdl,,,2020Q2,,mlit-deflator-tsuki-2607,deftsuki2020（四半期別）!AS27,https://www.mlit.go.jp/statistics/details/content/deftsuki_2607.xlsx,PDL1.0,,2020年度基準(2020年度平均=100)。2026年4月分の公表から2020年度基準に改定(原本注)。ウエイト項目に営業余剰や間接税(消費税を含む)等を含めない(原本注)。原本の期間表示「2020年 4-6月」(暦年の四半期)。注意(W2 の照合): 2020年4-6月期以降の四半期別シートの「地方道路公社等」から「S事務所・その他」までの33列は、月別シートの同じ系列の3か月平均と合わず、左隣の系列の3か月平均と合う。四半期別の値が1列右にずれている疑い。値は原本のまま
5e30db7b33a4a7e7,JP,index,建設工事費デフレーター（2020年度基準） 四半期別,道路2（再掲）,建設総合 > 土木総合 > 公共事業 > 土木1（除く災害復旧） > 道路2（再掲）,index (2020年度平均 = 100),national,JP,日本,,,,99.7,,index_value,published_pdl,,,2020Q2,,mlit-deflator-tsuki-2607,deftsuki2020（四半期別）!AT27,https://www.mlit.go.jp/statistics/details/content/deftsuki_2607.xlsx,PDL1.0,,2020年度基準(2020年度平均=100)。2026年4月分の公表から2020年度基準に改定(原本注)。ウエイト項目に営業余剰や間接税(消費税を含む)等を含めない(原本注)。原本の期間表示「2020年 4-6月」(暦年の四半期)。注意(W2 の照合): 2020年4-6月期以降の四半期別シートの「地方道路公社等」から「S事務所・その他」までの33列は、月別シートの同じ系列の3か月平均と合わず、左隣の系列の3か月平均と合う。四半期別の値が1列右にずれている疑い。値は原本のまま
c0a99caa88e4b5da,JP,index,建設工事費デフレーター（2020年度基準） 四半期別,街路2（再掲）,建設総合 > 土木総合 > 公共事業 > 土木1（除く災害復旧） > 街路2（再掲）,index (2020年度平均 = 100),national,JP,日本,,,,99.9,,index_value,published_pdl,,,2020Q2,,mlit-deflator-tsuki-2607,deftsuki2020（四半期別）!AU27,https://www.mlit.go.jp/statistics/details/content/deftsuki_2607.xlsx,PDL1.0,,2020年度基準(2020年度平均=100)。2026年4月分の公表から2020年度基準に改定(原本注)。ウエイト項目に営業余剰や間接税(消費税を含む)等を含めない(原本注)。原本の期間表示「2020年 4-6月」(暦年の四半期)。注意(W2 の照合): 2020年4-6月期以降の四半期別シートの「地方道路公社等」から「S事務所・その他」までの33列は、月別シートの同じ系列の3か月平均と合わず、左隣の系列の3か月平均と合う。四半期別の値が1列右にずれている疑い。値は原本のまま
f6609de9b30cb995,JP,index,建設工事費デフレーター（2020年度基準） 四半期別,公園,建設総合 > 土木総合 > 公共事業 > 土木1（除く災害復旧） > 公園,index (2020年度平均 = 100),national,JP,日本,,,,100,,index_value,published_pdl,,,2020Q2,,mlit-deflator-tsuki-2607,deftsuki2020（四半期別）!AV27,https://www.mlit.go.jp/statistics/details/content/deftsuki_2607.xlsx,PDL1.0,,2020年度基準(2020年度平均=100)。2026年4月分の公表から2020年度基準に改定(原本注)。ウエイト項目に営業余剰や間接税(消費税を含む)等を含めない(原本注)。原本の期間表示「2020年 4-6月」(暦年の四半期)。注意(W2 の照合): 2020年4-6月期以降の四半期別シートの「地方道路公社等」から「S事務所・その他」までの33列は、月別シートの同じ系列の3か月平均と合わず、左隣の系列の3か月平均と合う。四半期別の値が1列右にずれている疑い。値は原本のまま
f389084660f3d79f,JP,index,建設工事費デフレーター（2020年度基準） 四半期別,下水道,建設総合 > 土木総合 > 公共事業 > 土木1（除く災害復旧） > 下水道,index (2020年度平均 = 100),national,JP,日本,,,,100,,index_value,published_pdl,,,2020Q2,,mlit-deflator-tsuki-2607,deftsuki2020（四半期別）!AW27,https://www.mlit.go.jp/statistics/details/content/deftsuki_2607.xlsx,PDL1.0,,2020年度基準(2020年度平均=100)。2026年4月分の公表から2020年度基準に改定(原本注)。ウエイト項目に営業余剰や間接税(消費税を含む)等を含めない(原本注)。原本の期間表示「2020年 4-6月」(暦年の四半期)。注意(W2 の照合): 2020年4-6月期以降の四半期別シートの「地方道路公社等」から「S事務所・その他」までの33列は、月別シートの同じ系列の3か月平均と合わず、左隣の系列の3か月平均と合う。四半期別の値が1列右にずれている疑い。値は原本のまま
094a2a8bfd3dcd30,JP,index,建設工事費デフレーター（2020年度基準） 四半期別,災害復旧,建設総合 > 土木総合 > 公共事業 > 土木1（除く災害復旧） > 災害復旧,index (2020年度平均 = 100),national,JP,日本,,,,100,,index_value,published_pdl,,,2020Q2,,mlit-deflator-tsuki-2607,deftsuki2020（四半期別）!AX27,https://www.mlit.go.jp/statistics/details/content/deftsuki_2607.xlsx,PDL1.0,,2020年度基準(2020年度平均=100)。2026年4月分の公表から2020年度基準に改定(原本注)。ウエイト項目に営業余剰や間接税(消費税を含む)等を含めない(原本注)。原本の期間表示「2020年 4-6月」(暦年の四半期)。注意(W2 の照合): 2020年4-6月期以降の四半期別シートの「地方道路公社等」から「S事務所・その他」までの33列は、月別シートの同じ系列の3か月平均と合わず、左隣の系列の3か月平均と合う。四半期別の値が1列右にずれている疑い。値は原本のまま
33abb52e676fc2cf,JP,index,建設工事費デフレーター（2020年度基準） 四半期別,土木2,建設総合 > 土木総合 > 公共事業 > 土木2,index (2020年度平均 = 100),national,JP,日本,,,,99.8,,index_value,published_pdl,,,2020Q2,,mlit-deflator-tsuki-2607,deftsuki2020（四半期別）!AY27,https://www.mlit.go.jp/statistics/details/content/deftsuki_2607.xlsx,PDL1.0,,2020年度基準(2020年度平均=100)。2026年4月分の公表から2020年度基準に改定(原本注)。ウエイト項目に営業余剰や間接税(消費税を含む)等を含めない(原本注)。原本の期間表示「2020年 4-6月」(暦年の四半期)。注意(W2 の照合): 2020年4-6月期以降の四半期別シートの「地方道路公社等」から「S事務所・その他」までの33列は、月別シートの同じ系列の3か月平均と合わず、左隣の系列の3か月平均と合う。四半期別の値が1列右にずれている疑い。値は原本のまま
e93b1e0109ccc066,JP,index,建設工事費デフレーター（2020年度基準） 四半期別,港湾・漁港,建設総合 > 土木総合 > 公共事業 > 土木2 > 港湾・漁港,index (2020年度平均 = 100),national,JP,日本,,,,99.9,,index_value,published_pdl,,,2020Q2,,mlit-deflator-tsuki-2607,deftsuki2020（四半期別）!AZ27,https://www.mlit.go.jp/statistics/details/content/deftsuki_2607.xlsx,PDL1.0,,2020年度基準(2020年度平均=100)。2026年4月分の公表から2020年度基準に改定(原本注)。ウエイト項目に営業余剰や間接税(消費税を含む)等を含めない(原本注)。原本の期間表示「2020年 4-6月」(暦年の四半期)。注意(W2 の照合): 2020年4-6月期以降の四半期別シートの「地方道路公社等」から「S事務所・その他」までの33列は、月別シートの同じ系列の3か月平均と合わず、左隣の系列の3か月平均と合う。四半期別の値が1列右にずれている疑い。値は原本のまま
647206ee4162b445,JP,index,建設工事費デフレーター（2020年度基準） 四半期別,空港,建設総合 > 土木総合 > 公共事業 > 土木2 > 空港,index (2020年度平均 = 100),national,JP,日本,,,,99.9,,index_value,published_pdl,,,2020Q2,,mlit-deflator-tsuki-2607,deftsuki2020（四半期別）!BA27,https://www.mlit.go.jp/statistics/details/content/deftsuki_2607.xlsx,PDL1.0,,2020年度基準(2020年度平均=100)。2026年4月分の公表から2020年度基準に改定(原本注)。ウエイト項目に営業余剰や間接税(消費税を含む)等を含めない(原本注)。原本の期間表示「2020年 4-6月」(暦年の四半期)。注意(W2 の照合): 2020年4-6月期以降の四半期別シートの「地方道路公社等」から「S事務所・その他」までの33列は、月別シートの同じ系列の3か月平均と合わず、左隣の系列の3か月平均と合う。四半期別の値が1列右にずれている疑い。値は原本のまま
a3efe81930ff83eb,JP,index,建設工事費デフレーター（2020年度基準） 四半期別,環境衛生,建設総合 > 土木総合 > 公共事業 > 土木2 > 環境衛生,index (2020年度平均 = 100),national,JP,日本,,,,100.4,,index_value,published_pdl,,,2020Q2,,mlit-deflator-tsuki-2607,deftsuki2020（四半期別）!BB27,https://www.mlit.go.jp/statistics/details/content/deftsuki_2607.xlsx,PDL1.0,,2020年度基準(2020年度平均=100)。2026年4月分の公表から2020年度基準に改定(原本注)。ウエイト項目に営業余剰や間接税(消費税を含む)等を含めない(原本注)。原本の期間表示「2020年 4-6月」(暦年の四半期)。注意(W2 の照合): 2020年4-6月期以降の四半期別シートの「地方道路公社等」から「S事務所・その他」までの33列は、月別シートの同じ系列の3か月平均と合わず、左隣の系列の3か月平均と合う。四半期別の値が1列右にずれている疑い。値は原本のまま
e6cdc8bc3bcd49f4,JP,index,建設工事費デフレーター（2020年度基準） 四半期別,農林関係公共事業,建設総合 > 土木総合 > 公共事業 > 土木2 > 農林関係公共事業,index (2020年度平均 = 100),national,JP,日本,,,,99.8,,index_value,published_pdl,,,2020Q2,,mlit-deflator-tsuki-2607,deftsuki2020（四半期別）!BC27,https://www.mlit.go.jp/statistics/details/content/deftsuki_2607.xlsx,PDL1.0,,2020年度基準(2020年度平均=100)。2026年4月分の公表から2020年度基準に改定(原本注)。ウエイト項目に営業余剰や間接税(消費税を含む)等を含めない(原本注)。原本の期間表示「2020年 4-6月」(暦年の四半期)。注意(W2 の照合): 2020年4-6月期以降の四半期別シートの「地方道路公社等」から「S事務所・その他」までの33列は、月別シートの同じ系列の3か月平均と合わず、左隣の系列の3か月平均と合う。四半期別の値が1列右にずれている疑い。値は原本のまま
d91c37d0a3d022d7,JP,index,建設工事費デフレーター（2020年度基準） 四半期別,その他土木,建設総合 > 土木総合 > その他土木 (原本の列 BD。同じ表頭の列が2つある),index (2020年度平均 = 100),national,JP,日本,,,,99.8,,index_value,published_pdl,,,2020Q2,,mlit-deflator-tsuki-2607,deftsuki2020（四半期別）!BD27,https://www.mlit.go.jp/statistics/details/content/deftsuki_2607.xlsx,PDL1.0,,2020年度基準(2020年度平均=100)。2026年4月分の公表から2020年度基準に改定(原本注)。ウエイト項目に営業余剰や間接税(消費税を含む)等を含めない(原本注)。原本の期間表示「2020年 4-6月」(暦年の四半期)。注意(W2 の照合): 2020年4-6月期以降の四半期別シートの「地方道路公社等」から「S事務所・その他」までの33列は、月別シートの同じ系列の3か月平均と合わず、左隣の系列の3か月平均と合う。四半期別の値が1列右にずれている疑い。値は原本のまま
36b514a82e9cab3d,JP,index,建設工事費デフレーター（2020年度基準） 四半期別,鉄道軌道,建設総合 > 土木総合 > その他土木 > 鉄道軌道,index (2020年度平均 = 100),national,JP,日本,,,,99.9,,index_value,published_pdl,,,2020Q2,,mlit-deflator-tsuki-2607,deftsuki2020（四半期別）!BE27,https://www.mlit.go.jp/statistics/details/content/deftsuki_2607.xlsx,PDL1.0,,2020年度基準(2020年度平均=100)。2026年4月分の公表から2020年度基準に改定(原本注)。ウエイト項目に営業余剰や間接税(消費税を含む)等を含めない(原本注)。原本の期間表示「2020年 4-6月」(暦年の四半期)。注意(W2 の照合): 2020年4-6月期以降の四半期別シートの「地方道路公社等」から「S事務所・その他」までの33列は、月別シートの同じ系列の3か月平均と合わず、左隣の系列の3か月平均と合う。四半期別の値が1列右にずれている疑い。値は原本のまま
c71b541f6b454f5c,JP,index,建設工事費デフレーター（2020年度基準） 四半期別,電力,建設総合 > 土木総合 > その他土木 > 電力,index (2020年度平均 = 100),national,JP,日本,,,,99.5,,index_value,published_pdl,,,2020Q2,,mlit-deflator-tsuki-2607,deftsuki2020（四半期別）!BF27,https://www.mlit.go.jp/statistics/details/content/deftsuki_2607.xlsx,PDL1.0,,2020年度基準(2020年度平均=100)。2026年4月分の公表から2020年度基準に改定(原本注)。ウエイト項目に営業余剰や間接税(消費税を含む)等を含めない(原本注)。原本の期間表示「2020年 4-6月」(暦年の四半期)。注意(W2 の照合): 2020年4-6月期以降の四半期別シートの「地方道路公社等」から「S事務所・その他」までの33列は、月別シートの同じ系列の3か月平均と合わず、左隣の系列の3か月平均と合う。四半期別の値が1列右にずれている疑い。値は原本のまま
1c16ea75da25489b,JP,index,建設工事費デフレーター（2020年度基準） 四半期別,電気通信,建設総合 > 土木総合 > その他土木 > 電気通信,index (2020年度平均 = 100),national,JP,日本,,,,99.5,,index_value,published_pdl,,,2020Q2,,mlit-deflator-tsuki-2607,deftsuki2020（四半期別）!BG27,https://www.mlit.go.jp/statistics/details/content/deftsuki_2607.xlsx,PDL1.0,,2020年度基準(2020年度平均=100)。2026年4月分の公表から2020年度基準に改定(原本注)。ウエイト項目に営業余剰や間接税(消費税を含む)等を含めない(原本注)。原本の期間表示「2020年 4-6月」(暦年の四半期)。注意(W2 の照合): 2020年4-6月期以降の四半期別シートの「地方道路公社等」から「S事務所・その他」までの33列は、月別シートの同じ系列の3か月平均と合わず、左隣の系列の3か月平均と合う。四半期別の値が1列右にずれている疑い。値は原本のまま
843a7b258e252c7e,JP,index,建設工事費デフレーター（2020年度基準） 四半期別,上・工業用水道,建設総合 > 土木総合 > その他土木 > 上・工業用水道,index (2020年度平均 = 100),national,JP,日本,,,,99.9,,index_value,published_pdl,,,2020Q2,,mlit-deflator-tsuki-2607,deftsuki2020（四半期別）!BH27,https://www.mlit.go.jp/statistics/details/content/deftsuki_2607.xlsx,PDL1.0,,2020年度基準(2020年度平均=100)。2026年4月分の公表から2020年度基準に改定(原本注)。ウエイト項目に営業余剰や間接税(消費税を含む)等を含めない(原本注)。原本の期間表示「2020年 4-6月」(暦年の四半期)。注意(W2 の照合): 2020年4-6月期以降の四半期別シートの「地方道路公社等」から「S事務所・その他」までの33列は、月別シートの同じ系列の3か月平均と合わず、左隣の系列の3か月平均と合う。四半期別の値が1列右にずれている疑い。値は原本のまま
22a1fac876247096,JP,index,建設工事費デフレーター（2020年度基準） 四半期別,土地造成,建設総合 > 土木総合 > その他土木 > 土地造成,index (2020年度平均 = 100),national,JP,日本,,,,100.3,,index_value,published_pdl,,,2020Q2,,mlit-deflator-tsuki-2607,deftsuki2020（四半期別）!BI27,https://www.mlit.go.jp/statistics/details/content/deftsuki_2607.xlsx,PDL1.0,,2020年度基準(2020年度平均=100)。2026年4月分の公表から2020年度基準に改定(原本注)。ウエイト項目に営業余剰や間接税(消費税を含む)等を含めない(原本注)。原本の期間表示「2020年 4-6月」(暦年の四半期)。注意(W2 の照合): 2020年4-6月期以降の四半期別シートの「地方道路公社等」から「S事務所・その他」までの33列は、月別シートの同じ系列の3か月平均と合わず、左隣の系列の3か月平均と合う。四半期別の値が1列右にずれている疑い。値は原本のまま
d43eddfa9fca152d,JP,index,建設工事費デフレーター（2020年度基準） 四半期別,その他土木,建設総合 > 土木総合 > その他土木 (原本の列 BJ。同じ表頭の列が2つある),index (2020年度平均 = 100),national,JP,日本,,,,99.8,,index_value,published_pdl,,,2020Q2,,mlit-deflator-tsuki-2607,deftsuki2020（四半期別）!BJ27,https://www.mlit.go.jp/statistics/details/content/deftsuki_2607.xlsx,PDL1.0,,2020年度基準(2020年度平均=100)。2026年4月分の公表から2020年度基準に改定(原本注)。ウエイト項目に営業余剰や間接税(消費税を含む)等を含めない(原本注)。原本の期間表示「2020年 4-6月」(暦年の四半期)。注意(W2 の照合): 2020年4-6月期以降の四半期別シートの「地方道路公社等」から「S事務所・その他」までの33列は、月別シートの同じ系列の3か月平均と合わず、左隣の系列の3か月平均と合う。四半期別の値が1列右にずれている疑い。値は原本のまま
1bfca1925011a5e1,JP,index,建設工事費デフレーター（2020年度基準） 四半期別,W在来住宅,W在来住宅,index (2020年度平均 = 100),national,JP,日本,,,,100.1,,index_value,published_pdl,,,2020Q2,,mlit-deflator-tsuki-2607,deftsuki2020（四半期別）!BK27,https://www.mlit.go.jp/statistics/details/content/deftsuki_2607.xlsx,PDL1.0,,2020年度基準(2020年度平均=100)。2026年4月分の公表から2020年度基準に改定(原本注)。ウエイト項目に営業余剰や間接税(消費税を含む)等を含めない(原本注)。原本の期間表示「2020年 4-6月」(暦年の四半期)。注意(W2 の照合): 2020年4-6月期以降の四半期別シートの「地方道路公社等」から「S事務所・その他」までの33列は、月別シートの同じ系列の3か月平均と合わず、左隣の系列の3か月平均と合う。四半期別の値が1列右にずれている疑い。値は原本のまま
36ff292cd4f7028a,JP,index,建設工事費デフレーター（2020年度基準） 四半期別,W量産住宅,W量産住宅,index (2020年度平均 = 100),national,JP,日本,,,,100.2,,index_value,published_pdl,,,2020Q2,,mlit-deflator-tsuki-2607,deftsuki2020（四半期別）!BL27,https://www.mlit.go.jp/statistics/details/content/deftsuki_2607.xlsx,PDL1.0,,2020年度基準(2020年度平均=100)。2026年4月分の公表から2020年度基準に改定(原本注)。ウエイト項目に営業余剰や間接税(消費税を含む)等を含めない(原本注)。原本の期間表示「2020年 4-6月」(暦年の四半期)。注意(W2 の照合): 2020年4-6月期以降の四半期別シートの「地方道路公社等」から「S事務所・その他」までの33列は、月別シートの同じ系列の3か月平均と合わず、左隣の系列の3か月平均と合う。四半期別の値が1列右にずれている疑い。値は原本のまま
fa8dd68b2dbfb186,JP,index,建設工事費デフレーター（2020年度基準） 四半期別,RC在来住宅,RC在来住宅,index (2020年度平均 = 100),national,JP,日本,,,,100,,index_value,published_pdl,,,2020Q2,,mlit-deflator-tsuki-2607,deftsuki2020（四半期別）!BM27,https://www.mlit.go.jp/statistics/details/content/deftsuki_2607.xlsx,PDL1.0,,2020年度基準(2020年度平均=100)。2026年4月分の公表から2020年度基準に改定(原本注)。ウエイト項目に営業余剰や間接税(消費税を含む)等を含めない(原本注)。原本の期間表示「2020年 4-6月」(暦年の四半期)。注意(W2 の照合): 2020年4-6月期以降の四半期別シートの「地方道路公社等」から「S事務所・その他」までの33列は、月別シートの同じ系列の3か月平均と合わず、左隣の系列の3か月平均と合う。四半期別の値が1列右にずれている疑い。値は原本のまま
ec615ad6d7818697,JP,index,建設工事費デフレーター（2020年度基準） 四半期別,RC量産住宅,RC量産住宅,index (2020年度平均 = 100),national,JP,日本,,,,100,,index_value,published_pdl,,,2020Q2,,mlit-deflator-tsuki-2607,deftsuki2020（四半期別）!BN27,https://www.mlit.go.jp/statistics/details/content/deftsuki_2607.xlsx,PDL1.0,,2020年度基準(2020年度平均=100)。2026年4月分の公表から2020年度基準に改定(原本注)。ウエイト項目に営業余剰や間接税(消費税を含む)等を含めない(原本注)。原本の期間表示「2020年 4-6月」(暦年の四半期)。注意(W2 の照合): 2020年4-6月期以降の四半期別シートの「地方道路公社等」から「S事務所・その他」までの33列は、月別シートの同じ系列の3か月平均と合わず、左隣の系列の3か月平均と合う。四半期別の値が1列右にずれている疑い。値は原本のまま
8e90660b6f468a47,JP,index,建設工事費デフレーター（2020年度基準） 四半期別,S在来住宅,S在来住宅,index (2020年度平均 = 100),national,JP,日本,,,,99.8,,index_value,published_pdl,,,2020Q2,,mlit-deflator-tsuki-2607,deftsuki2020（四半期別）!BO27,https://www.mlit.go.jp/statistics/details/content/deftsuki_2607.xlsx,PDL1.0,,2020年度基準(2020年度平均=100)。2026年4月分の公表から2020年度基準に改定(原本注)。ウエイト項目に営業余剰や間接税(消費税を含む)等を含めない(原本注)。原本の期間表示「2020年 4-6月」(暦年の四半期)。注意(W2 の照合): 2020年4-6月期以降の四半期別シートの「地方道路公社等」から「S事務所・その他」までの33列は、月別シートの同じ系列の3か月平均と合わず、左隣の系列の3か月平均と合う。四半期別の値が1列右にずれている疑い。値は原本のまま
54f8a91590aaa8ad,JP,index,建設工事費デフレーター（2020年度基準） 四半期別,S量産住宅,S量産住宅,index (2020年度平均 = 100),national,JP,日本,,,,100,,index_value,published_pdl,,,2020Q2,,mlit-deflator-tsuki-2607,deftsuki2020（四半期別）!BP27,https://www.mlit.go.jp/statistics/details/content/deftsuki_2607.xlsx,PDL1.0,,2020年度基準(2020年度平均=100)。2026年4月分の公表から2020年度基準に改定(原本注)。ウエイト項目に営業余剰や間接税(消費税を含む)等を含めない(原本注)。原本の期間表示「2020年 4-6月」(暦年の四半期)。注意(W2 の照合): 2020年4-6月期以降の四半期別シートの「地方道路公社等」から「S事務所・その他」までの33列は、月別シートの同じ系列の3か月平均と合わず、左隣の系列の3か月平均と合う。四半期別の値が1列右にずれている疑い。値は原本のまま
692fa2f05003c905,JP,index,建設工事費デフレーター（2020年度基準） 四半期別,W工場・倉庫,W工場・倉庫,index (2020年度平均 = 100),national,JP,日本,,,,99.8,,index_value,published_pdl,,,2020Q2,,mlit-deflator-tsuki-2607,deftsuki2020（四半期別）!BQ27,https://www.mlit.go.jp/statistics/details/content/deftsuki_2607.xlsx,PDL1.0,,2020年度基準(2020年度平均=100)。2026年4月分の公表から2020年度基準に改定(原本注)。ウエイト項目に営業余剰や間接税(消費税を含む)等を含めない(原本注)。原本の期間表示「2020年 4-6月」(暦年の四半期)。注意(W2 の照合): 2020年4-6月期以降の四半期別シートの「地方道路公社等」から「S事務所・その他」までの33列は、月別シートの同じ系列の3か月平均と合わず、左隣の系列の3か月平均と合う。四半期別の値が1列右にずれている疑い。値は原本のまま
89487cff34104584,JP,index,建設工事費デフレーター（2020年度基準） 四半期別,W事務所・その他,W事務所・その他,index (2020年度平均 = 100),national,JP,日本,,,,100.1,,index_value,published_pdl,,,2020Q2,,mlit-deflator-tsuki-2607,deftsuki2020（四半期別）!BR27,https://www.mlit.go.jp/statistics/details/content/deftsuki_2607.xlsx,PDL1.0,,2020年度基準(2020年度平均=100)。2026年4月分の公表から2020年度基準に改定(原本注)。ウエイト項目に営業余剰や間接税(消費税を含む)等を含めない(原本注)。原本の期間表示「2020年 4-6月」(暦年の四半期)。注意(W2 の照合): 2020年4-6月期以降の四半期別シートの「地方道路公社等」から「S事務所・その他」までの33列は、月別シートの同じ系列の3か月平均と合わず、左隣の系列の3か月平均と合う。四半期別の値が1列右にずれている疑い。値は原本のまま
3b90ec97d328488f,JP,index,建設工事費デフレーター（2020年度基準） 四半期別,SRC工場・倉庫,SRC工場・倉庫,index (2020年度平均 = 100),national,JP,日本,,,,100.2,,index_value,published_pdl,,,2020Q2,,mlit-deflator-tsuki-2607,deftsuki2020（四半期別）!BS27,https://www.mlit.go.jp/statistics/details/content/deftsuki_2607.xlsx,PDL1.0,,2020年度基準(2020年度平均=100)。2026年4月分の公表から2020年度基準に改定(原本注)。ウエイト項目に営業余剰や間接税(消費税を含む)等を含めない(原本注)。原本の期間表示「2020年 4-6月」(暦年の四半期)。注意(W2 の照合): 2020年4-6月期以降の四半期別シートの「地方道路公社等」から「S事務所・その他」までの33列は、月別シートの同じ系列の3か月平均と合わず、左隣の系列の3か月平均と合う。四半期別の値が1列右にずれている疑い。値は原本のまま
d04a42a14e0094e4,JP,index,建設工事費デフレーター（2020年度基準） 四半期別,SRC事務所・その他,SRC事務所・その他,index (2020年度平均 = 100),national,JP,日本,,,,100.1,,index_value,published_pdl,,,2020Q2,,mlit-deflator-tsuki-2607,deftsuki2020（四半期別）!BT27,https://www.mlit.go.jp/statistics/details/content/deftsuki_2607.xlsx,PDL1.0,,2020年度基準(2020年度平均=100)。2026年4月分の公表から2020年度基準に改定(原本注)。ウエイト項目に営業余剰や間接税(消費税を含む)等を含めない(原本注)。原本の期間表示「2020年 4-6月」(暦年の四半期)。注意(W2 の照合): 2020年4-6月期以降の四半期別シートの「地方道路公社等」から「S事務所・その他」までの33列は、月別シートの同じ系列の3か月平均と合わず、左隣の系列の3か月平均と合う。四半期別の値が1列右にずれている疑い。値は原本のまま
ad56b773edd6ca38,JP,index,建設工事費デフレーター（2020年度基準） 四半期別,RC工場・倉庫,RC工場・倉庫,index (2020年度平均 = 100),national,JP,日本,,,,100.1,,index_value,published_pdl,,,2020Q2,,mlit-deflator-tsuki-2607,deftsuki2020（四半期別）!BU27,https://www.mlit.go.jp/statistics/details/content/deftsuki_2607.xlsx,PDL1.0,,2020年度基準(2020年度平均=100)。2026年4月分の公表から2020年度基準に改定(原本注)。ウエイト項目に営業余剰や間接税(消費税を含む)等を含めない(原本注)。原本の期間表示「2020年 4-6月」(暦年の四半期)。注意(W2 の照合): 2020年4-6月期以降の四半期別シートの「地方道路公社等」から「S事務所・その他」までの33列は、月別シートの同じ系列の3か月平均と合わず、左隣の系列の3か月平均と合う。四半期別の値が1列右にずれている疑い。値は原本のまま
dc86b295bd9c2664,JP,index,建設工事費デフレーター（2020年度基準） 四半期別,RC学校,RC学校,index (2020年度平均 = 100),national,JP,日本,,,,100.1,,index_value,published_pdl,,,2020Q2,,mlit-deflator-tsuki-2607,deftsuki2020（四半期別）!BV27,https://www.mlit.go.jp/statistics/details/content/deftsuki_2607.xlsx,PDL1.0,,2020年度基準(2020年度平均=100)。2026年4月分の公表から2020年度基準に改定(原本注)。ウエイト項目に営業余剰や間接税(消費税を含む)等を含めない(原本注)。原本の期間表示「2020年 4-6月」(暦年の四半期)。注意(W2 の照合): 2020年4-6月期以降の四半期別シートの「地方道路公社等」から「S事務所・その他」までの33列は、月別シートの同じ系列の3か月平均と合わず、左隣の系列の3か月平均と合う。四半期別の値が1列右にずれている疑い。値は原本のまま
418ceef1d8560ce2,JP,index,建設工事費デフレーター（2020年度基準） 四半期別,RC事務所・その他,RC事務所・その他,index (2020年度平均 = 100),national,JP,日本,,,,100.1,,index_value,published_pdl,,,2020Q2,,mlit-deflator-tsuki-2607,deftsuki2020（四半期別）!BW27,https://www.mlit.go.jp/statistics/details/content/deftsuki_2607.xlsx,PDL1.0,,2020年度基準(2020年度平均=100)。2026年4月分の公表から2020年度基準に改定(原本注)。ウエイト項目に営業余剰や間接税(消費税を含む)等を含めない(原本注)。原本の期間表示「2020年 4-6月」(暦年の四半期)。注意(W2 の照合): 2020年4-6月期以降の四半期別シートの「地方道路公社等」から「S事務所・その他」までの33列は、月別シートの同じ系列の3か月平均と合わず、左隣の系列の3か月平均と合う。四半期別の値が1列右にずれている疑い。値は原本のまま
26dd2971fff675ec,JP,index,建設工事費デフレーター（2020年度基準） 四半期別,S工場・倉庫,S工場・倉庫,index (2020年度平均 = 100),national,JP,日本,,,,100.1,,index_value,published_pdl,,,2020Q2,,mlit-deflator-tsuki-2607,deftsuki2020（四半期別）!BX27,https://www.mlit.go.jp/statistics/details/content/deftsuki_2607.xlsx,PDL1.0,,2020年度基準(2020年度平均=100)。2026年4月分の公表から2020年度基準に改定(原本注)。ウエイト項目に営業余剰や間接税(消費税を含む)等を含めない(原本注)。原本の期間表示「2020年 4-6月」(暦年の四半期)。注意(W2 の照合): 2020年4-6月期以降の四半期別シートの「地方道路公社等」から「S事務所・その他」までの33列は、月別シートの同じ系列の3か月平均と合わず、左隣の系列の3か月平均と合う。四半期別の値が1列右にずれている疑い。値は原本のまま
f715afc3da8cd85a,JP,index,建設工事費デフレーター（2020年度基準） 四半期別,S事務所・その他,S事務所・その他,index (2020年度平均 = 100),national,JP,日本,,,,100.2,,index_value,published_pdl,,,2020Q2,,mlit-deflator-tsuki-2607,deftsuki2020（四半期別）!BY27,https://www.mlit.go.jp/statistics/details/content/deftsuki_2607.xlsx,PDL1.0,,2020年度基準(2020年度平均=100)。2026年4月分の公表から2020年度基準に改定(原本注)。ウエイト項目に営業余剰や間接税(消費税を含む)等を含めない(原本注)。原本の期間表示「2020年 4-6月」(暦年の四半期)。注意(W2 の照合): 2020年4-6月期以降の四半期別シートの「地方道路公社等」から「S事務所・その他」までの33列は、月別シートの同じ系列の3か月平均と合わず、左隣の系列の3か月平均と合う。四半期別の値が1列右にずれている疑い。値は原本のまま
a9087bf66fb59cbb,JP,index,建設工事費デフレーター（2020年度基準） 四半期別,地方道路公社等,建設総合 > 土木総合 > 公共事業 > 土木1（除く災害復旧） > 道路総合 > 有料道路 > 地方道路公社等,index (2020年度平均 = 100),national,JP,日本,,,,99.9,,index_value,published_pdl,,,2020Q3,,mlit-deflator-tsuki-2607,deftsuki2020（四半期別）!AS28,https://www.mlit.go.jp/statistics/details/content/deftsuki_2607.xlsx,PDL1.0,,2020年度基準(2020年度平均=100)。2026年4月分の公表から2020年度基準に改定(原本注)。ウエイト項目に営業余剰や間接税(消費税を含む)等を含めない(原本注)。原本の期間表示「2020年 7-9月」(暦年の四半期)。注意(W2 の照合): 2020年4-6月期以降の四半期別シートの「地方道路公社等」から「S事務所・その他」までの33列は、月別シートの同じ系列の3か月平均と合わず、左隣の系列の3か月平均と合う。四半期別の値が1列右にずれている疑い。値は原本のまま
cce4ff552682d775,JP,index,建設工事費デフレーター（2020年度基準） 四半期別,道路2（再掲）,建設総合 > 土木総合 > 公共事業 > 土木1（除く災害復旧） > 道路2（再掲）,index (2020年度平均 = 100),national,JP,日本,,,,99.7,,index_value,published_pdl,,,2020Q3,,mlit-deflator-tsuki-2607,deftsuki2020（四半期別）!AT28,https://www.mlit.go.jp/statistics/details/content/deftsuki_2607.xlsx,PDL1.0,,2020年度基準(2020年度平均=100)。2026年4月分の公表から2020年度基準に改定(原本注)。ウエイト項目に営業余剰や間接税(消費税を含む)等を含めない(原本注)。原本の期間表示「2020年 7-9月」(暦年の四半期)。注意(W2 の照合): 2020年4-6月期以降の四半期別シートの「地方道路公社等」から「S事務所・その他」までの33列は、月別シートの同じ系列の3か月平均と合わず、左隣の系列の3か月平均と合う。四半期別の値が1列右にずれている疑い。値は原本のまま
95002f7d96e3786e,JP,index,建設工事費デフレーター（2020年度基準） 四半期別,街路2（再掲）,建設総合 > 土木総合 > 公共事業 > 土木1（除く災害復旧） > 街路2（再掲）,index (2020年度平均 = 100),national,JP,日本,,,,99.7,,index_value,published_pdl,,,2020Q3,,mlit-deflator-tsuki-2607,deftsuki2020（四半期別）!AU28,https://www.mlit.go.jp/statistics/details/content/deftsuki_2607.xlsx,PDL1.0,,2020年度基準(2020年度平均=100)。2026年4月分の公表から2020年度基準に改定(原本注)。ウエイト項目に営業余剰や間接税(消費税を含む)等を含めない(原本注)。原本の期間表示「2020年 7-9月」(暦年の四半期)。注意(W2 の照合): 2020年4-6月期以降の四半期別シートの「地方道路公社等」から「S事務所・その他」までの33列は、月別シートの同じ系列の3か月平均と合わず、左隣の系列の3か月平均と合う。四半期別の値が1列右にずれている疑い。値は原本のまま
851059217b9a5dc0,JP,index,建設工事費デフレーター（2020年度基準） 四半期別,公園,建設総合 > 土木総合 > 公共事業 > 土木1（除く災害復旧） > 公園,index (2020年度平均 = 100),national,JP,日本,,,,99.7,,index_value,published_pdl,,,2020Q3,,mlit-deflator-tsuki-2607,deftsuki2020（四半期別）!AV28,https://www.mlit.go.jp/statistics/details/content/deftsuki_2607.xlsx,PDL1.0,,2020年度基準(2020年度平均=100)。2026年4月分の公表から2020年度基準に改定(原本注)。ウエイト項目に営業余剰や間接税(消費税を含む)等を含めない(原本注)。原本の期間表示「2020年 7-9月」(暦年の四半期)。注意(W2 の照合): 2020年4-6月期以降の四半期別シートの「地方道路公社等」から「S事務所・その他」までの33列は、月別シートの同じ系列の3か月平均と合わず、左隣の系列の3か月平均と合う。四半期別の値が1列右にずれている疑い。値は原本のまま
dc0d108d60f1030f,JP,index,建設工事費デフレーター（2020年度基準） 四半期別,下水道,建設総合 > 土木総合 > 公共事業 > 土木1（除く災害復旧） > 下水道,index (2020年度平均 = 100),national,JP,日本,,,,99.7,,index_value,published_pdl,,,2020Q3,,mlit-deflator-tsuki-2607,deftsuki2020（四半期別）!AW28,https://www.mlit.go.jp/statistics/details/content/deftsuki_2607.xlsx,PDL1.0,,2020年度基準(2020年度平均=100)。2026年4月分の公表から2020年度基準に改定(原本注)。ウエイト項目に営業余剰や間接税(消費税を含む)等を含めない(原本注)。原本の期間表示「2020年 7-9月」(暦年の四半期)。注意(W2 の照合): 2020年4-6月期以降の四半期別シートの「地方道路公社等」から「S事務所・その他」までの33列は、月別シートの同じ系列の3か月平均と合わず、左隣の系列の3か月平均と合う。四半期別の値が1列右にずれている疑い。値は原本のまま
9351c9874ed1ebfe,JP,index,建設工事費デフレーター（2020年度基準） 四半期別,災害復旧,建設総合 > 土木総合 > 公共事業 > 土木1（除く災害復旧） > 災害復旧,index (2020年度平均 = 100),national,JP,日本,,,,99.7,,index_value,published_pdl,,,2020Q3,,mlit-deflator-tsuki-2607,deftsuki2020（四半期別）!AX28,https://www.mlit.go.jp/statistics/details/content/deftsuki_2607.xlsx,PDL1.0,,2020年度基準(2020年度平均=100)。2026年4月分の公表から2020年度基準に改定(原本注)。ウエイト項目に営業余剰や間接税(消費税を含む)等を含めない(原本注)。原本の期間表示「2020年 7-9月」(暦年の四半期)。注意(W2 の照合): 2020年4-6月期以降の四半期別シートの「地方道路公社等」から「S事務所・その他」までの33列は、月別シートの同じ系列の3か月平均と合わず、左隣の系列の3か月平均と合う。四半期別の値が1列右にずれている疑い。値は原本のまま
cbc229f0e8ead4bd,JP,index,建設工事費デフレーター（2020年度基準） 四半期別,土木2,建設総合 > 土木総合 > 公共事業 > 土木2,index (2020年度平均 = 100),national,JP,日本,,,,99.7,,index_value,published_pdl,,,2020Q3,,mlit-deflator-tsuki-2607,deftsuki2020（四半期別）!AY28,https://www.mlit.go.jp/statistics/details/content/deftsuki_2607.xlsx,PDL1.0,,2020年度基準(2020年度平均=100)。2026年4月分の公表から2020年度基準に改定(原本注)。ウエイト項目に営業余剰や間接税(消費税を含む)等を含めない(原本注)。原本の期間表示「2020年 7-9月」(暦年の四半期)。注意(W2 の照合): 2020年4-6月期以降の四半期別シートの「地方道路公社等」から「S事務所・その他」までの33列は、月別シートの同じ系列の3か月平均と合わず、左隣の系列の3か月平均と合う。四半期別の値が1列右にずれている疑い。値は原本のまま
3e1a1d99fe48988e,JP,index,建設工事費デフレーター（2020年度基準） 四半期別,港湾・漁港,建設総合 > 土木総合 > 公共事業 > 土木2 > 港湾・漁港,index (2020年度平均 = 100),national,JP,日本,,,,99.6,,index_value,published_pdl,,,2020Q3,,mlit-deflator-tsuki-2607,deftsuki2020（四半期別）!AZ28,https://www.mlit.go.jp/statistics/details/content/deftsuki_2607.xlsx,PDL1.0,,2020年度基準(2020年度平均=100)。2026年4月分の公表から2020年度基準に改定(原本注)。ウエイト項目に営業余剰や間接税(消費税を含む)等を含めない(原本注)。原本の期間表示「2020年 7-9月」(暦年の四半期)。注意(W2 の照合): 2020年4-6月期以降の四半期別シートの「地方道路公社等」から「S事務所・その他」までの33列は、月別シートの同じ系列の3か月平均と合わず、左隣の系列の3か月平均と合う。四半期別の値が1列右にずれている疑い。値は原本のまま
3273b4ac7634250b,JP,index,建設工事費デフレーター（2020年度基準） 四半期別,空港,建設総合 > 土木総合 > 公共事業 > 土木2 > 空港,index (2020年度平均 = 100),national,JP,日本,,,,99.7,,index_value,published_pdl,,,2020Q3,,mlit-deflator-tsuki-2607,deftsuki2020（四半期別）!BA28,https://www.mlit.go.jp/statistics/details/content/deftsuki_2607.xlsx,PDL1.0,,2020年度基準(2020年度平均=100)。2026年4月分の公表から2020年度基準に改定(原本注)。ウエイト項目に営業余剰や間接税(消費税を含む)等を含めない(原本注)。原本の期間表示「2020年 7-9月」(暦年の四半期)。注意(W2 の照合): 2020年4-6月期以降の四半期別シートの「地方道路公社等」から「S事務所・その他」までの33列は、月別シートの同じ系列の3か月平均と合わず、左隣の系列の3か月平均と合う。四半期別の値が1列右にずれている疑い。値は原本のまま
7d3c350c20325488,JP,index,建設工事費デフレーター（2020年度基準） 四半期別,環境衛生,建設総合 > 土木総合 > 公共事業 > 土木2 > 環境衛生,index (2020年度平均 = 100),national,JP,日本,,,,99.6,,index_value,published_pdl,,,2020Q3,,mlit-deflator-tsuki-2607,deftsuki2020（四半期別）!BB28,https://www.mlit.go.jp/statistics/details/content/deftsuki_2607.xlsx,PDL1.0,,2020年度基準(2020年度平均=100)。2026年4月分の公表から2020年度基準に改定(原本注)。ウエイト項目に営業余剰や間接税(消費税を含む)等を含めない(原本注)。原本の期間表示「2020年 7-9月」(暦年の四半期)。注意(W2 の照合): 2020年4-6月期以降の四半期別シートの「地方道路公社等」から「S事務所・その他」までの33列は、月別シートの同じ系列の3か月平均と合わず、左隣の系列の3か月平均と合う。四半期別の値が1列右にずれている疑い。値は原本のまま
9b76ed733b3e5903,JP,index,建設工事費デフレーター（2020年度基準） 四半期別,農林関係公共事業,建設総合 > 土木総合 > 公共事業 > 土木2 > 農林関係公共事業,index (2020年度平均 = 100),national,JP,日本,,,,99.6,,index_value,published_pdl,,,2020Q3,,mlit-deflator-tsuki-2607,deftsuki2020（四半期別）!BC28,https://www.mlit.go.jp/statistics/details/content/deftsuki_2607.xlsx,PDL1.0,,2020年度基準(2020年度平均=100)。2026年4月分の公表から2020年度基準に改定(原本注)。ウエイト項目に営業余剰や間接税(消費税を含む)等を含めない(原本注)。原本の期間表示「2020年 7-9月」(暦年の四半期)。注意(W2 の照合): 2020年4-6月期以降の四半期別シートの「地方道路公社等」から「S事務所・その他」までの33列は、月別シートの同じ系列の3か月平均と合わず、左隣の系列の3か月平均と合う。四半期別の値が1列右にずれている疑い。値は原本のまま
77cb957d3920bca7,JP,index,建設工事費デフレーター（2020年度基準） 四半期別,その他土木,建設総合 > 土木総合 > その他土木 (原本の列 BD。同じ表頭の列が2つある),index (2020年度平均 = 100),national,JP,日本,,,,99.6,,index_value,published_pdl,,,2020Q3,,mlit-deflator-tsuki-2607,deftsuki2020（四半期別）!BD28,https://www.mlit.go.jp/statistics/details/content/deftsuki_2607.xlsx,PDL1.0,,2020年度基準(2020年度平均=100)。2026年4月分の公表から2020年度基準に改定(原本注)。ウエイト項目に営業余剰や間接税(消費税を含む)等を含めない(原本注)。原本の期間表示「2020年 7-9月」(暦年の四半期)。注意(W2 の照合): 2020年4-6月期以降の四半期別シートの「地方道路公社等」から「S事務所・その他」までの33列は、月別シートの同じ系列の3か月平均と合わず、左隣の系列の3か月平均と合う。四半期別の値が1列右にずれている疑い。値は原本のまま
7bf4ba6ee3cedb5a,JP,index,建設工事費デフレーター（2020年度基準） 四半期別,鉄道軌道,建設総合 > 土木総合 > その他土木 > 鉄道軌道,index (2020年度平均 = 100),national,JP,日本,,,,99.6,,index_value,published_pdl,,,2020Q3,,mlit-deflator-tsuki-2607,deftsuki2020（四半期別）!BE28,https://www.mlit.go.jp/statistics/details/content/deftsuki_2607.xlsx,PDL1.0,,2020年度基準(2020年度平均=100)。2026年4月分の公表から2020年度基準に改定(原本注)。ウエイト項目に営業余剰や間接税(消費税を含む)等を含めない(原本注)。原本の期間表示「2020年 7-9月」(暦年の四半期)。注意(W2 の照合): 2020年4-6月期以降の四半期別シートの「地方道路公社等」から「S事務所・その他」までの33列は、月別シートの同じ系列の3か月平均と合わず、左隣の系列の3か月平均と合う。四半期別の値が1列右にずれている疑い。値は原本のまま
dc797c0f9f56a589,JP,index,建設工事費デフレーター（2020年度基準） 四半期別,電力,建設総合 > 土木総合 > その他土木 > 電力,index (2020年度平均 = 100),national,JP,日本,,,,99.5,,index_value,published_pdl,,,2020Q3,,mlit-deflator-tsuki-2607,deftsuki2020（四半期別）!BF28,https://www.mlit.go.jp/statistics/details/content/deftsuki_2607.xlsx,PDL1.0,,2020年度基準(2020年度平均=100)。2026年4月分の公表から2020年度基準に改定(原本注)。ウエイト項目に営業余剰や間接税(消費税を含む)等を含めない(原本注)。原本の期間表示「2020年 7-9月」(暦年の四半期)。注意(W2 の照合): 2020年4-6月期以降の四半期別シートの「地方道路公社等」から「S事務所・その他」までの33列は、月別シートの同じ系列の3か月平均と合わず、左隣の系列の3か月平均と合う。四半期別の値が1列右にずれている疑い。値は原本のまま
ff24b4b366e084d8,JP,index,建設工事費デフレーター（2020年度基準） 四半期別,電気通信,建設総合 > 土木総合 > その他土木 > 電気通信,index (2020年度平均 = 100),national,JP,日本,,,,99.5,,index_value,published_pdl,,,2020Q3,,mlit-deflator-tsuki-2607,deftsuki2020（四半期別）!BG28,https://www.mlit.go.jp/statistics/details/content/deftsuki_2607.xlsx,PDL1.0,,2020年度基準(2020年度平均=100)。2026年4月分の公表から2020年度基準に改定(原本注)。ウエイト項目に営業余剰や間接税(消費税を含む)等を含めない(原本注)。原本の期間表示「2020年 7-9月」(暦年の四半期)。注意(W2 の照合): 2020年4-6月期以降の四半期別シートの「地方道路公社等」から「S事務所・その他」までの33列は、月別シートの同じ系列の3か月平均と合わず、左隣の系列の3か月平均と合う。四半期別の値が1列右にずれている疑い。値は原本のまま
b8302f4b2ccf6ca3,JP,index,建設工事費デフレーター（2020年度基準） 四半期別,上・工業用水道,建設総合 > 土木総合 > その他土木 > 上・工業用水道,index (2020年度平均 = 100),national,JP,日本,,,,99.6,,index_value,published_pdl,,,2020Q3,,mlit-deflator-tsuki-2607,deftsuki2020（四半期別）!BH28,https://www.mlit.go.jp/statistics/details/content/deftsuki_2607.xlsx,PDL1.0,,2020年度基準(2020年度平均=100)。2026年4月分の公表から2020年度基準に改定(原本注)。ウエイト項目に営業余剰や間接税(消費税を含む)等を含めない(原本注)。原本の期間表示「2020年 7-9月」(暦年の四半期)。注意(W2 の照合): 2020年4-6月期以降の四半期別シートの「地方道路公社等」から「S事務所・その他」までの33列は、月別シートの同じ系列の3か月平均と合わず、左隣の系列の3か月平均と合う。四半期別の値が1列右にずれている疑い。値は原本のまま
3fc2ec5fa7051c88,JP,index,建設工事費デフレーター（2020年度基準） 四半期別,土地造成,建設総合 > 土木総合 > その他土木 > 土地造成,index (2020年度平均 = 100),national,JP,日本,,,,99.8,,index_value,published_pdl,,,2020Q3,,mlit-deflator-tsuki-2607,deftsuki2020（四半期別）!BI28,https://www.mlit.go.jp/statistics/details/content/deftsuki_2607.xlsx,PDL1.0,,2020年度基準(2020年度平均=100)。2026年4月分の公表から2020年度基準に改定(原本注)。ウエイト項目に営業余剰や間接税(消費税を含む)等を含めない(原本注)。原本の期間表示「2020年 7-9月」(暦年の四半期)。注意(W2 の照合): 2020年4-6月期以降の四半期別シートの「地方道路公社等」から「S事務所・その他」までの33列は、月別シートの同じ系列の3か月平均と合わず、左隣の系列の3か月平均と合う。四半期別の値が1列右にずれている疑い。値は原本のまま
98034fd00ec01dd2,JP,index,建設工事費デフレーター（2020年度基準） 四半期別,その他土木,建設総合 > 土木総合 > その他土木 (原本の列 BJ。同じ表頭の列が2つある),index (2020年度平均 = 100),national,JP,日本,,,,99.6,,index_value,published_pdl,,,2020Q3,,mlit-deflator-tsuki-2607,deftsuki2020（四半期別）!BJ28,https://www.mlit.go.jp/statistics/details/content/deftsuki_2607.xlsx,PDL1.0,,2020年度基準(2020年度平均=100)。2026年4月分の公表から2020年度基準に改定(原本注)。ウエイト項目に営業余剰や間接税(消費税を含む)等を含めない(原本注)。原本の期間表示「2020年 7-9月」(暦年の四半期)。注意(W2 の照合): 2020年4-6月期以降の四半期別シートの「地方道路公社等」から「S事務所・その他」までの33列は、月別シートの同じ系列の3か月平均と合わず、左隣の系列の3か月平均と合う。四半期別の値が1列右にずれている疑い。値は原本のまま
10aa317e2a4ba92e,JP,index,建設工事費デフレーター（2020年度基準） 四半期別,W在来住宅,W在来住宅,index (2020年度平均 = 100),national,JP,日本,,,,99.7,,index_value,published_pdl,,,2020Q3,,mlit-deflator-tsuki-2607,deftsuki2020（四半期別）!BK28,https://www.mlit.go.jp/statistics/details/content/deftsuki_2607.xlsx,PDL1.0,,2020年度基準(2020年度平均=100)。2026年4月分の公表から2020年度基準に改定(原本注)。ウエイト項目に営業余剰や間接税(消費税を含む)等を含めない(原本注)。原本の期間表示「2020年 7-9月」(暦年の四半期)。注意(W2 の照合): 2020年4-6月期以降の四半期別シートの「地方道路公社等」から「S事務所・その他」までの33列は、月別シートの同じ系列の3か月平均と合わず、左隣の系列の3か月平均と合う。四半期別の値が1列右にずれている疑い。値は原本のまま
c76fb36256fb99d4,JP,index,建設工事費デフレーター（2020年度基準） 四半期別,W量産住宅,W量産住宅,index (2020年度平均 = 100),national,JP,日本,,,,99.6,,index_value,published_pdl,,,2020Q3,,mlit-deflator-tsuki-2607,deftsuki2020（四半期別）!BL28,https://www.mlit.go.jp/statistics/details/content/deftsuki_2607.xlsx,PDL1.0,,2020年度基準(2020年度平均=100)。2026年4月分の公表から2020年度基準に改定(原本注)。ウエイト項目に営業余剰や間接税(消費税を含む)等を含めない(原本注)。原本の期間表示「2020年 7-9月」(暦年の四半期)。注意(W2 の照合): 2020年4-6月期以降の四半期別シートの「地方道路公社等」から「S事務所・その他」までの33列は、月別シートの同じ系列の3か月平均と合わず、左隣の系列の3か月平均と合う。四半期別の値が1列右にずれている疑い。値は原本のまま
40cc303bf90acdf4,JP,index,建設工事費デフレーター（2020年度基準） 四半期別,RC在来住宅,RC在来住宅,index (2020年度平均 = 100),national,JP,日本,,,,99.4,,index_value,published_pdl,,,2020Q3,,mlit-deflator-tsuki-2607,deftsuki2020（四半期別）!BM28,https://www.mlit.go.jp/statistics/details/content/deftsuki_2607.xlsx,PDL1.0,,2020年度基準(2020年度平均=100)。2026年4月分の公表から2020年度基準に改定(原本注)。ウエイト項目に営業余剰や間接税(消費税を含む)等を含めない(原本注)。原本の期間表示「2020年 7-9月」(暦年の四半期)。注意(W2 の照合): 2020年4-6月期以降の四半期別シートの「地方道路公社等」から「S事務所・その他」までの33列は、月別シートの同じ系列の3か月平均と合わず、左隣の系列の3か月平均と合う。四半期別の値が1列右にずれている疑い。値は原本のまま
47a5e560372cd5fe,JP,index,建設工事費デフレーター（2020年度基準） 四半期別,RC量産住宅,RC量産住宅,index (2020年度平均 = 100),national,JP,日本,,,,99.7,,index_value,published_pdl,,,2020Q3,,mlit-deflator-tsuki-2607,deftsuki2020（四半期別）!BN28,https://www.mlit.go.jp/statistics/details/content/deftsuki_2607.xlsx,PDL1.0,,2020年度基準(2020年度平均=100)。2026年4月分の公表から2020年度基準に改定(原本注)。ウエイト項目に営業余剰や間接税(消費税を含む)等を含めない(原本注)。原本の期間表示「2020年 7-9月」(暦年の四半期)。注意(W2 の照合): 2020年4-6月期以降の四半期別シートの「地方道路公社等」から「S事務所・その他」までの33列は、月別シートの同じ系列の3か月平均と合わず、左隣の系列の3か月平均と合う。四半期別の値が1列右にずれている疑い。値は原本のまま
5f52ad23cbc1b959,JP,index,建設工事費デフレーター（2020年度基準） 四半期別,S在来住宅,S在来住宅,index (2020年度平均 = 100),national,JP,日本,,,,99.6,,index_value,published_pdl,,,2020Q3,,mlit-deflator-tsuki-2607,deftsuki2020（四半期別）!BO28,https://www.mlit.go.jp/statistics/details/content/deftsuki_2607.xlsx,PDL1.0,,2020年度基準(2020年度平均=100)。2026年4月分の公表から2020年度基準に改定(原本注)。ウエイト項目に営業余剰や間接税(消費税を含む)等を含めない(原本注)。原本の期間表示「2020年 7-9月」(暦年の四半期)。注意(W2 の照合): 2020年4-6月期以降の四半期別シートの「地方道路公社等」から「S事務所・その他」までの33列は、月別シートの同じ系列の3か月平均と合わず、左隣の系列の3か月平均と合う。四半期別の値が1列右にずれている疑い。値は原本のまま
22a9a87fe61d39da,JP,index,建設工事費デフレーター（2020年度基準） 四半期別,S量産住宅,S量産住宅,index (2020年度平均 = 100),national,JP,日本,,,,99.8,,index_value,published_pdl,,,2020Q3,,mlit-deflator-tsuki-2607,deftsuki2020（四半期別）!BP28,https://www.mlit.go.jp/statistics/details/content/deftsuki_2607.xlsx,PDL1.0,,2020年度基準(2020年度平均=100)。2026年4月分の公表から2020年度基準に改定(原本注)。ウエイト項目に営業余剰や間接税(消費税を含む)等を含めない(原本注)。原本の期間表示「2020年 7-9月」(暦年の四半期)。注意(W2 の照合): 2020年4-6月期以降の四半期別シートの「地方道路公社等」から「S事務所・その他」までの33列は、月別シートの同じ系列の3か月平均と合わず、左隣の系列の3か月平均と合う。四半期別の値が1列右にずれている疑い。値は原本のまま
c1da1e954968db3f,JP,index,建設工事費デフレーター（2020年度基準） 四半期別,W工場・倉庫,W工場・倉庫,index (2020年度平均 = 100),national,JP,日本,,,,99.6,,index_value,published_pdl,,,2020Q3,,mlit-deflator-tsuki-2607,deftsuki2020（四半期別）!BQ28,https://www.mlit.go.jp/statistics/details/content/deftsuki_2607.xlsx,PDL1.0,,2020年度基準(2020年度平均=100)。2026年4月分の公表から2020年度基準に改定(原本注)。ウエイト項目に営業余剰や間接税(消費税を含む)等を含めない(原本注)。原本の期間表示「2020年 7-9月」(暦年の四半期)。注意(W2 の照合): 2020年4-6月期以降の四半期別シートの「地方道路公社等」から「S事務所・その他」までの33列は、月別シートの同じ系列の3か月平均と合わず、左隣の系列の3か月平均と合う。四半期別の値が1列右にずれている疑い。値は原本のまま
6130e71ecfff0630,JP,index,建設工事費デフレーター（2020年度基準） 四半期別,W事務所・その他,W事務所・その他,index (2020年度平均 = 100),national,JP,日本,,,,99.6,,index_value,published_pdl,,,2020Q3,,mlit-deflator-tsuki-2607,deftsuki2020（四半期別）!BR28,https://www.mlit.go.jp/statistics/details/content/deftsuki_2607.xlsx,PDL1.0,,2020年度基準(2020年度平均=100)。2026年4月分の公表から2020年度基準に改定(原本注)。ウエイト項目に営業余剰や間接税(消費税を含む)等を含めない(原本注)。原本の期間表示「2020年 7-9月」(暦年の四半期)。注意(W2 の照合): 2020年4-6月期以降の四半期別シートの「地方道路公社等」から「S事務所・その他」までの33列は、月別シートの同じ系列の3か月平均と合わず、左隣の系列の3か月平均と合う。四半期別の値が1列右にずれている疑い。値は原本のまま
099bd2b00d4e7ac1,JP,index,建設工事費デフレーター（2020年度基準） 四半期別,SRC工場・倉庫,SRC工場・倉庫,index (2020年度平均 = 100),national,JP,日本,,,,99.6,,index_value,published_pdl,,,2020Q3,,mlit-deflator-tsuki-2607,deftsuki2020（四半期別）!BS28,https://www.mlit.go.jp/statistics/details/content/deftsuki_2607.xlsx,PDL1.0,,2020年度基準(2020年度平均=100)。2026年4月分の公表から2020年度基準に改定(原本注)。ウエイト項目に営業余剰や間接税(消費税を含む)等を含めない(原本注)。原本の期間表示「2020年 7-9月」(暦年の四半期)。注意(W2 の照合): 2020年4-6月期以降の四半期別シートの「地方道路公社等」から「S事務所・その他」までの33列は、月別シートの同じ系列の3か月平均と合わず、左隣の系列の3か月平均と合う。四半期別の値が1列右にずれている疑い。値は原本のまま
b6a70d8d79dd625a,JP,index,建設工事費デフレーター（2020年度基準） 四半期別,SRC事務所・その他,SRC事務所・その他,index (2020年度平均 = 100),national,JP,日本,,,,99.8,,index_value,published_pdl,,,2020Q3,,mlit-deflator-tsuki-2607,deftsuki2020（四半期別）!BT28,https://www.mlit.go.jp/statistics/details/content/deftsuki_2607.xlsx,PDL1.0,,2020年度基準(2020年度平均=100)。2026年4月分の公表から2020年度基準に改定(原本注)。ウエイト項目に営業余剰や間接税(消費税を含む)等を含めない(原本注)。原本の期間表示「2020年 7-9月」(暦年の四半期)。注意(W2 の照合): 2020年4-6月期以降の四半期別シートの「地方道路公社等」から「S事務所・その他」までの33列は、月別シートの同じ系列の3か月平均と合わず、左隣の系列の3か月平均と合う。四半期別の値が1列右にずれている疑い。値は原本のまま
5e8a0dc6932badaf,JP,index,建設工事費デフレーター（2020年度基準） 四半期別,RC工場・倉庫,RC工場・倉庫,index (2020年度平均 = 100),national,JP,日本,,,,99.7,,index_value,published_pdl,,,2020Q3,,mlit-deflator-tsuki-2607,deftsuki2020（四半期別）!BU28,https://www.mlit.go.jp/statistics/details/content/deftsuki_2607.xlsx,PDL1.0,,2020年度基準(2020年度平均=100)。2026年4月分の公表から2020年度基準に改定(原本注)。ウエイト項目に営業余剰や間接税(消費税を含む)等を含めない(原本注)。原本の期間表示「2020年 7-9月」(暦年の四半期)。注意(W2 の照合): 2020年4-6月期以降の四半期別シートの「地方道路公社等」から「S事務所・その他」までの33列は、月別シートの同じ系列の3か月平均と合わず、左隣の系列の3か月平均と合う。四半期別の値が1列右にずれている疑い。値は原本のまま
ccf387155567bbad,JP,index,建設工事費デフレーター（2020年度基準） 四半期別,RC学校,RC学校,index (2020年度平均 = 100),national,JP,日本,,,,99.7,,index_value,published_pdl,,,2020Q3,,mlit-deflator-tsuki-2607,deftsuki2020（四半期別）!BV28,https://www.mlit.go.jp/statistics/details/content/deftsuki_2607.xlsx,PDL1.0,,2020年度基準(2020年度平均=100)。2026年4月分の公表から2020年度基準に改定(原本注)。ウエイト項目に営業余剰や間接税(消費税を含む)等を含めない(原本注)。原本の期間表示「2020年 7-9月」(暦年の四半期)。注意(W2 の照合): 2020年4-6月期以降の四半期別シートの「地方道路公社等」から「S事務所・その他」までの33列は、月別シートの同じ系列の3か月平均と合わず、左隣の系列の3か月平均と合う。四半期別の値が1列右にずれている疑い。値は原本のまま
24e8cda8f152bbfe,JP,index,建設工事費デフレーター（2020年度基準） 四半期別,RC事務所・その他,RC事務所・その他,index (2020年度平均 = 100),national,JP,日本,,,,99.6,,index_value,published_pdl,,,2020Q3,,mlit-deflator-tsuki-2607,deftsuki2020（四半期別）!BW28,https://www.mlit.go.jp/statistics/details/content/deftsuki_2607.xlsx,PDL1.0,,2020年度基準(2020年度平均=100)。2026年4月分の公表から2020年度基準に改定(原本注)。ウエイト項目に営業余剰や間接税(消費税を含む)等を含めない(原本注)。原本の期間表示「2020年 7-9月」(暦年の四半期)。注意(W2 の照合): 2020年4-6月期以降の四半期別シートの「地方道路公社等」から「S事務所・その他」までの33列は、月別シートの同じ系列の3か月平均と合わず、左隣の系列の3か月平均と合う。四半期別の値が1列右にずれている疑い。値は原本のまま
cd935041f80d65c9,JP,index,建設工事費デフレーター（2020年度基準） 四半期別,S工場・倉庫,S工場・倉庫,index (2020年度平均 = 100),national,JP,日本,,,,99.7,,index_value,published_pdl,,,2020Q3,,mlit-deflator-tsuki-2607,deftsuki2020（四半期別）!BX28,https://www.mlit.go.jp/statistics/details/content/deftsuki_2607.xlsx,PDL1.0,,2020年度基準(2020年度平均=100)。2026年4月分の公表から2020年度基準に改定(原本注)。ウエイト項目に営業余剰や間接税(消費税を含む)等を含めない(原本注)。原本の期間表示「2020年 7-9月」(暦年の四半期)。注意(W2 の照合): 2020年4-6月期以降の四半期別シートの「地方道路公社等」から「S事務所・その他」までの33列は、月別シートの同じ系列の3か月平均と合わず、左隣の系列の3か月平均と合う。四半期別の値が1列右にずれている疑い。値は原本のまま
8a463d3659a2b778,JP,index,建設工事費デフレーター（2020年度基準） 四半期別,S事務所・その他,S事務所・その他,index (2020年度平均 = 100),national,JP,日本,,,,99.8,,index_value,published_pdl,,,2020Q3,,mlit-deflator-tsuki-2607,deftsuki2020（四半期別）!BY28,https://www.mlit.go.jp/statistics/details/content/deftsuki_2607.xlsx,PDL1.0,,2020年度基準(2020年度平均=100)。2026年4月分の公表から2020年度基準に改定(原本注)。ウエイト項目に営業余剰や間接税(消費税を含む)等を含めない(原本注)。原本の期間表示「2020年 7-9月」(暦年の四半期)。注意(W2 の照合): 2020年4-6月期以降の四半期別シートの「地方道路公社等」から「S事務所・その他」までの33列は、月別シートの同じ系列の3か月平均と合わず、左隣の系列の3か月平均と合う。四半期別の値が1列右にずれている疑い。値は原本のまま
fb1a11da319c26f2,JP,index,建設工事費デフレーター（2020年度基準） 四半期別,地方道路公社等,建設総合 > 土木総合 > 公共事業 > 土木1（除く災害復旧） > 道路総合 > 有料道路 > 地方道路公社等,index (2020年度平均 = 100),national,JP,日本,,,,99.6,,index_value,published_pdl,,,2020Q4,,mlit-deflator-tsuki-2607,deftsuki2020（四半期別）!AS29,https://www.mlit.go.jp/statistics/details/content/deftsuki_2607.xlsx,PDL1.0,,2020年度基準(2020年度平均=100)。2026年4月分の公表から2020年度基準に改定(原本注)。ウエイト項目に営業余剰や間接税(消費税を含む)等を含めない(原本注)。原本の期間表示「2020年 10-12月」(暦年の四半期)。注意(W2 の照合): 2020年4-6月期以降の四半期別シートの「地方道路公社等」から「S事務所・その他」までの33列は、月別シートの同じ系列の3か月平均と合わず、左隣の系列の3か月平均と合う。四半期別の値が1列右にずれている疑い。値は原本のまま
7ea9d7e7ea2192fd,JP,index,建設工事費デフレーター（2020年度基準） 四半期別,道路2（再掲）,建設総合 > 土木総合 > 公共事業 > 土木1（除く災害復旧） > 道路2（再掲）,index (2020年度平均 = 100),national,JP,日本,,,,99.8,,index_value,published_pdl,,,2020Q4,,mlit-deflator-tsuki-2607,deftsuki2020（四半期別）!AT29,https://www.mlit.go.jp/statistics/details/content/deftsuki_2607.xlsx,PDL1.0,,2020年度基準(2020年度平均=100)。2026年4月分の公表から2020年度基準に改定(原本注)。ウエイト項目に営業余剰や間接税(消費税を含む)等を含めない(原本注)。原本の期間表示「2020年 10-12月」(暦年の四半期)。注意(W2 の照合): 2020年4-6月期以降の四半期別シートの「地方道路公社等」から「S事務所・その他」までの33列は、月別シートの同じ系列の3か月平均と合わず、左隣の系列の3か月平均と合う。四半期別の値が1列右にずれている疑い。値は原本のまま
0737a297cc957de8,JP,index,建設工事費デフレーター（2020年度基準） 四半期別,街路2（再掲）,建設総合 > 土木総合 > 公共事業 > 土木1（除く災害復旧） > 街路2（再掲）,index (2020年度平均 = 100),national,JP,日本,,,,99.7,,index_value,published_pdl,,,2020Q4,,mlit-deflator-tsuki-2607,deftsuki2020（四半期別）!AU29,https://www.mlit.go.jp/statistics/details/content/deftsuki_2607.xlsx,PDL1.0,,2020年度基準(2020年度平均=100)。2026年4月分の公表から2020年度基準に改定(原本注)。ウエイト項目に営業余剰や間接税(消費税を含む)等を含めない(原本注)。原本の期間表示「2020年 10-12月」(暦年の四半期)。注意(W2 の照合): 2020年4-6月期以降の四半期別シートの「地方道路公社等」から「S事務所・その他」までの33列は、月別シートの同じ系列の3か月平均と合わず、左隣の系列の3か月平均と合う。四半期別の値が1列右にずれている疑い。値は原本のまま
99d1e7d8a05fbfa3,JP,index,建設工事費デフレーター（2020年度基準） 四半期別,公園,建設総合 > 土木総合 > 公共事業 > 土木1（除く災害復旧） > 公園,index (2020年度平均 = 100),national,JP,日本,,,,99.8,,index_value,published_pdl,,,2020Q4,,mlit-deflator-tsuki-2607,deftsuki2020（四半期別）!AV29,https://www.mlit.go.jp/statistics/details/content/deftsuki_2607.xlsx,PDL1.0,,2020年度基準(2020年度平均=100)。2026年4月分の公表から2020年度基準に改定(原本注)。ウエイト項目に営業余剰や間接税(消費税を含む)等を含めない(原本注)。原本の期間表示「2020年 10-12月」(暦年の四半期)。注意(W2 の照合): 2020年4-6月期以降の四半期別シートの「地方道路公社等」から「S事務所・その他」までの33列は、月別シートの同じ系列の3か月平均と合わず、左隣の系列の3か月平均と合う。四半期別の値が1列右にずれている疑い。値は原本のまま
229bf816177865c4,JP,index,建設工事費デフレーター（2020年度基準） 四半期別,下水道,建設総合 > 土木総合 > 公共事業 > 土木1（除く災害復旧） > 下水道,index (2020年度平均 = 100),national,JP,日本,,,,99.8,,index_value,published_pdl,,,2020Q4,,mlit-deflator-tsuki-2607,deftsuki2020（四半期別）!AW29,https://www.mlit.go.jp/statistics/details/content/deftsuki_2607.xlsx,PDL1.0,,2020年度基準(2020年度平均=100)。2026年4月分の公表から2020年度基準に改定(原本注)。ウエイト項目に営業余剰や間接税(消費税を含む)等を含めない(原本注)。原本の期間表示「2020年 10-12月」(暦年の四半期)。注意(W2 の照合): 2020年4-6月期以降の四半期別シートの「地方道路公社等」から「S事務所・その他」までの33列は、月別シートの同じ系列の3か月平均と合わず、左隣の系列の3か月平均と合う。四半期別の値が1列右にずれている疑い。値は原本のまま
005c7170b070633f,JP,index,建設工事費デフレーター（2020年度基準） 四半期別,災害復旧,建設総合 > 土木総合 > 公共事業 > 土木1（除く災害復旧） > 災害復旧,index (2020年度平均 = 100),national,JP,日本,,,,99.8,,index_value,published_pdl,,,2020Q4,,mlit-deflator-tsuki-2607,deftsuki2020（四半期別）!AX29,https://www.mlit.go.jp/statistics/details/content/deftsuki_2607.xlsx,PDL1.0,,2020年度基準(2020年度平均=100)。2026年4月分の公表から2020年度基準に改定(原本注)。ウエイト項目に営業余剰や間接税(消費税を含む)等を含めない(原本注)。原本の期間表示「2020年 10-12月」(暦年の四半期)。注意(W2 の照合): 2020年4-6月期以降の四半期別シートの「地方道路公社等」から「S事務所・その他」までの33列は、月別シートの同じ系列の3か月平均と合わず、左隣の系列の3か月平均と合う。四半期別の値が1列右にずれている疑い。値は原本のまま
af4657ccf2c60df8,JP,index,建設工事費デフレーター（2020年度基準） 四半期別,土木2,建設総合 > 土木総合 > 公共事業 > 土木2,index (2020年度平均 = 100),national,JP,日本,,,,99.7,,index_value,published_pdl,,,2020Q4,,mlit-deflator-tsuki-2607,deftsuki2020（四半期別）!AY29,https://www.mlit.go.jp/statistics/details/content/deftsuki_2607.xlsx,PDL1.0,,2020年度基準(2020年度平均=100)。2026年4月分の公表から2020年度基準に改定(原本注)。ウエイト項目に営業余剰や間接税(消費税を含む)等を含めない(原本注)。原本の期間表示「2020年 10-12月」(暦年の四半期)。注意(W2 の照合): 2020年4-6月期以降の四半期別シートの「地方道路公社等」から「S事務所・その他」までの33列は、月別シートの同じ系列の3か月平均と合わず、左隣の系列の3か月平均と合う。四半期別の値が1列右にずれている疑い。値は原本のまま
3e548f6939e8ea27,JP,index,建設工事費デフレーター（2020年度基準） 四半期別,港湾・漁港,建設総合 > 土木総合 > 公共事業 > 土木2 > 港湾・漁港,index (2020年度平均 = 100),national,JP,日本,,,,99.8,,index_value,published_pdl,,,2020Q4,,mlit-deflator-tsuki-2607,deftsuki2020（四半期別）!AZ29,https://www.mlit.go.jp/statistics/details/content/deftsuki_2607.xlsx,PDL1.0,,2020年度基準(2020年度平均=100)。2026年4月分の公表から2020年度基準に改定(原本注)。ウエイト項目に営業余剰や間接税(消費税を含む)等を含めない(原本注)。原本の期間表示「2020年 10-12月」(暦年の四半期)。注意(W2 の照合): 2020年4-6月期以降の四半期別シートの「地方道路公社等」から「S事務所・その他」までの33列は、月別シートの同じ系列の3か月平均と合わず、左隣の系列の3か月平均と合う。四半期別の値が1列右にずれている疑い。値は原本のまま
852b5ba6929eee38,JP,index,建設工事費デフレーター（2020年度基準） 四半期別,空港,建設総合 > 土木総合 > 公共事業 > 土木2 > 空港,index (2020年度平均 = 100),national,JP,日本,,,,99.8,,index_value,published_pdl,,,2020Q4,,mlit-deflator-tsuki-2607,deftsuki2020（四半期別）!BA29,https://www.mlit.go.jp/statistics/details/content/deftsuki_2607.xlsx,PDL1.0,,2020年度基準(2020年度平均=100)。2026年4月分の公表から2020年度基準に改定(原本注)。ウエイト項目に営業余剰や間接税(消費税を含む)等を含めない(原本注)。原本の期間表示「2020年 10-12月」(暦年の四半期)。注意(W2 の照合): 2020年4-6月期以降の四半期別シートの「地方道路公社等」から「S事務所・その他」までの33列は、月別シートの同じ系列の3か月平均と合わず、左隣の系列の3か月平均と合う。四半期別の値が1列右にずれている疑い。値は原本のまま
7212f9062f19bebf,JP,index,建設工事費デフレーター（2020年度基準） 四半期別,環境衛生,建設総合 > 土木総合 > 公共事業 > 土木2 > 環境衛生,index (2020年度平均 = 100),national,JP,日本,,,,99.7,,index_value,published_pdl,,,2020Q4,,mlit-deflator-tsuki-2607,deftsuki2020（四半期別）!BB29,https://www.mlit.go.jp/statistics/details/content/deftsuki_2607.xlsx,PDL1.0,,2020年度基準(2020年度平均=100)。2026年4月分の公表から2020年度基準に改定(原本注)。ウエイト項目に営業余剰や間接税(消費税を含む)等を含めない(原本注)。原本の期間表示「2020年 10-12月」(暦年の四半期)。注意(W2 の照合): 2020年4-6月期以降の四半期別シートの「地方道路公社等」から「S事務所・その他」までの33列は、月別シートの同じ系列の3か月平均と合わず、左隣の系列の3か月平均と合う。四半期別の値が1列右にずれている疑い。値は原本のまま
98dfcbd37a84020e,JP,index,建設工事費デフレーター（2020年度基準） 四半期別,農林関係公共事業,建設総合 > 土木総合 > 公共事業 > 土木2 > 農林関係公共事業,index (2020年度平均 = 100),national,JP,日本,,,,99.8,,index_value,published_pdl,,,2020Q4,,mlit-deflator-tsuki-2607,deftsuki2020（四半期別）!BC29,https://www.mlit.go.jp/statistics/details/content/deftsuki_2607.xlsx,PDL1.0,,2020年度基準(2020年度平均=100)。2026年4月分の公表から2020年度基準に改定(原本注)。ウエイト項目に営業余剰や間接税(消費税を含む)等を含めない(原本注)。原本の期間表示「2020年 10-12月」(暦年の四半期)。注意(W2 の照合): 2020年4-6月期以降の四半期別シートの「地方道路公社等」から「S事務所・その他」までの33列は、月別シートの同じ系列の3か月平均と合わず、左隣の系列の3か月平均と合う。四半期別の値が1列右にずれている疑い。値は原本のまま
318b9fc380f7fe42,JP,index,建設工事費デフレーター（2020年度基準） 四半期別,その他土木,建設総合 > 土木総合 > その他土木 (原本の列 BD。同じ表頭の列が2つある),index (2020年度平均 = 100),national,JP,日本,,,,99.7,,index_value,published_pdl,,,2020Q4,,mlit-deflator-tsuki-2607,deftsuki2020（四半期別）!BD29,https://www.mlit.go.jp/statistics/details/content/deftsuki_2607.xlsx,PDL1.0,,2020年度基準(2020年度平均=100)。2026年4月分の公表から2020年度基準に改定(原本注)。ウエイト項目に営業余剰や間接税(消費税を含む)等を含めない(原本注)。原本の期間表示「2020年 10-12月」(暦年の四半期)。注意(W2 の照合): 2020年4-6月期以降の四半期別シートの「地方道路公社等」から「S事務所・その他」までの33列は、月別シートの同じ系列の3か月平均と合わず、左隣の系列の3か月平均と合う。四半期別の値が1列右にずれている疑い。値は原本のまま
de759912abbb425b,JP,index,建設工事費デフレーター（2020年度基準） 四半期別,鉄道軌道,建設総合 > 土木総合 > その他土木 > 鉄道軌道,index (2020年度平均 = 100),national,JP,日本,,,,99.8,,index_value,published_pdl,,,2020Q4,,mlit-deflator-tsuki-2607,deftsuki2020（四半期別）!BE29,https://www.mlit.go.jp/statistics/details/content/deftsuki_2607.xlsx,PDL1.0,,2020年度基準(2020年度平均=100)。2026年4月分の公表から2020年度基準に改定(原本注)。ウエイト項目に営業余剰や間接税(消費税を含む)等を含めない(原本注)。原本の期間表示「2020年 10-12月」(暦年の四半期)。注意(W2 の照合): 2020年4-6月期以降の四半期別シートの「地方道路公社等」から「S事務所・その他」までの33列は、月別シートの同じ系列の3か月平均と合わず、左隣の系列の3か月平均と合う。四半期別の値が1列右にずれている疑い。値は原本のまま
bafd0928d398ec35,JP,index,建設工事費デフレーター（2020年度基準） 四半期別,電力,建設総合 > 土木総合 > その他土木 > 電力,index (2020年度平均 = 100),national,JP,日本,,,,99.8,,index_value,published_pdl,,,2020Q4,,mlit-deflator-tsuki-2607,deftsuki2020（四半期別）!BF29,https://www.mlit.go.jp/statistics/details/content/deftsuki_2607.xlsx,PDL1.0,,2020年度基準(2020年度平均=100)。2026年4月分の公表から2020年度基準に改定(原本注)。ウエイト項目に営業余剰や間接税(消費税を含む)等を含めない(原本注)。原本の期間表示「2020年 10-12月」(暦年の四半期)。注意(W2 の照合): 2020年4-6月期以降の四半期別シートの「地方道路公社等」から「S事務所・その他」までの33列は、月別シートの同じ系列の3か月平均と合わず、左隣の系列の3か月平均と合う。四半期別の値が1列右にずれている疑い。値は原本のまま
fef1b4ba43729606,JP,index,建設工事費デフレーター（2020年度基準） 四半期別,電気通信,建設総合 > 土木総合 > その他土木 > 電気通信,index (2020年度平均 = 100),national,JP,日本,,,,99.8,,index_value,published_pdl,,,2020Q4,,mlit-deflator-tsuki-2607,deftsuki2020（四半期別）!BG29,https://www.mlit.go.jp/statistics/details/content/deftsuki_2607.xlsx,PDL1.0,,2020年度基準(2020年度平均=100)。2026年4月分の公表から2020年度基準に改定(原本注)。ウエイト項目に営業余剰や間接税(消費税を含む)等を含めない(原本注)。原本の期間表示「2020年 10-12月」(暦年の四半期)。注意(W2 の照合): 2020年4-6月期以降の四半期別シートの「地方道路公社等」から「S事務所・その他」までの33列は、月別シートの同じ系列の3か月平均と合わず、左隣の系列の3か月平均と合う。四半期別の値が1列右にずれている疑い。値は原本のまま
9602b27ea8f07221,JP,index,建設工事費デフレーター（2020年度基準） 四半期別,上・工業用水道,建設総合 > 土木総合 > その他土木 > 上・工業用水道,index (2020年度平均 = 100),national,JP,日本,,,,99.8,,index_value,published_pdl,,,2020Q4,,mlit-deflator-tsuki-2607,deftsuki2020（四半期別）!BH29,https://www.mlit.go.jp/statistics/details/content/deftsuki_2607.xlsx,PDL1.0,,2020年度基準(2020年度平均=100)。2026年4月分の公表から2020年度基準に改定(原本注)。ウエイト項目に営業余剰や間接税(消費税を含む)等を含めない(原本注)。原本の期間表示「2020年 10-12月」(暦年の四半期)。注意(W2 の照合): 2020年4-6月期以降の四半期別シートの「地方道路公社等」から「S事務所・その他」までの33列は、月別シートの同じ系列の3か月平均と合わず、左隣の系列の3か月平均と合う。四半期別の値が1列右にずれている疑い。値は原本のまま
46e04f3e2bc920b3,JP,index,建設工事費デフレーター（2020年度基準） 四半期別,土地造成,建設総合 > 土木総合 > その他土木 > 土地造成,index (2020年度平均 = 100),national,JP,日本,,,,99.7,,index_value,published_pdl,,,2020Q4,,mlit-deflator-tsuki-2607,deftsuki2020（四半期別）!BI29,https://www.mlit.go.jp/statistics/details/content/deftsuki_2607.xlsx,PDL1.0,,2020年度基準(2020年度平均=100)。2026年4月分の公表から2020年度基準に改定(原本注)。ウエイト項目に営業余剰や間接税(消費税を含む)等を含めない(原本注)。原本の期間表示「2020年 10-12月」(暦年の四半期)。注意(W2 の照合): 2020年4-6月期以降の四半期別シートの「地方道路公社等」から「S事務所・その他」までの33列は、月別シートの同じ系列の3か月平均と合わず、左隣の系列の3か月平均と合う。四半期別の値が1列右にずれている疑い。値は原本のまま
50a0d2d0bca50bc4,JP,index,建設工事費デフレーター（2020年度基準） 四半期別,その他土木,建設総合 > 土木総合 > その他土木 (原本の列 BJ。同じ表頭の列が2つある),index (2020年度平均 = 100),national,JP,日本,,,,99.8,,index_value,published_pdl,,,2020Q4,,mlit-deflator-tsuki-2607,deftsuki2020（四半期別）!BJ29,https://www.mlit.go.jp/statistics/details/content/deftsuki_2607.xlsx,PDL1.0,,2020年度基準(2020年度平均=100)。2026年4月分の公表から2020年度基準に改定(原本注)。ウエイト項目に営業余剰や間接税(消費税を含む)等を含めない(原本注)。原本の期間表示「2020年 10-12月」(暦年の四半期)。注意(W2 の照合): 2020年4-6月期以降の四半期別シートの「地方道路公社等」から「S事務所・その他」までの33列は、月別シートの同じ系列の3か月平均と合わず、左隣の系列の3か月平均と合う。四半期別の値が1列右にずれている疑い。値は原本のまま
7ac37ea67269f7bb,JP,index,建設工事費デフレーター（2020年度基準） 四半期別,W在来住宅,W在来住宅,index (2020年度平均 = 100),national,JP,日本,,,,99.7,,index_value,published_pdl,,,2020Q4,,mlit-deflator-tsuki-2607,deftsuki2020（四半期別）!BK29,https://www.mlit.go.jp/statistics/details/content/deftsuki_2607.xlsx,PDL1.0,,2020年度基準(2020年度平均=100)。2026年4月分の公表から2020年度基準に改定(原本注)。ウエイト項目に営業余剰や間接税(消費税を含む)等を含めない(原本注)。原本の期間表示「2020年 10-12月」(暦年の四半期)。注意(W2 の照合): 2020年4-6月期以降の四半期別シートの「地方道路公社等」から「S事務所・その他」までの33列は、月別シートの同じ系列の3か月平均と合わず、左隣の系列の3か月平均と合う。四半期別の値が1列右にずれている疑い。値は原本のまま
5bd5d7ef9aca9df7,JP,index,建設工事費デフレーター（2020年度基準） 四半期別,W量産住宅,W量産住宅,index (2020年度平均 = 100),national,JP,日本,,,,99.7,,index_value,published_pdl,,,2020Q4,,mlit-deflator-tsuki-2607,deftsuki2020（四半期別）!BL29,https://www.mlit.go.jp/statistics/details/content/deftsuki_2607.xlsx,PDL1.0,,2020年度基準(2020年度平均=100)。2026年4月分の公表から2020年度基準に改定(原本注)。ウエイト項目に営業余剰や間接税(消費税を含む)等を含めない(原本注)。原本の期間表示「2020年 10-12月」(暦年の四半期)。注意(W2 の照合): 2020年4-6月期以降の四半期別シートの「地方道路公社等」から「S事務所・その他」までの33列は、月別シートの同じ系列の3か月平均と合わず、左隣の系列の3か月平均と合う。四半期別の値が1列右にずれている疑い。値は原本のまま
cf85da06505b3ba2,JP,index,建設工事費デフレーター（2020年度基準） 四半期別,RC在来住宅,RC在来住宅,index (2020年度平均 = 100),national,JP,日本,,,,99.8,,index_value,published_pdl,,,2020Q4,,mlit-deflator-tsuki-2607,deftsuki2020（四半期別）!BM29,https://www.mlit.go.jp/statistics/details/content/deftsuki_2607.xlsx,PDL1.0,,2020年度基準(2020年度平均=100)。2026年4月分の公表から2020年度基準に改定(原本注)。ウエイト項目に営業余剰や間接税(消費税を含む)等を含めない(原本注)。原本の期間表示「2020年 10-12月」(暦年の四半期)。注意(W2 の照合): 2020年4-6月期以降の四半期別シートの「地方道路公社等」から「S事務所・その他」までの33列は、月別シートの同じ系列の3か月平均と合わず、左隣の系列の3か月平均と合う。四半期別の値が1列右にずれている疑い。値は原本のまま
a2ef97830677f545,JP,index,建設工事費デフレーター（2020年度基準） 四半期別,RC量産住宅,RC量産住宅,index (2020年度平均 = 100),national,JP,日本,,,,99.7,,index_value,published_pdl,,,2020Q4,,mlit-deflator-tsuki-2607,deftsuki2020（四半期別）!BN29,https://www.mlit.go.jp/statistics/details/content/deftsuki_2607.xlsx,PDL1.0,,2020年度基準(2020年度平均=100)。2026年4月分の公表から2020年度基準に改定(原本注)。ウエイト項目に営業余剰や間接税(消費税を含む)等を含めない(原本注)。原本の期間表示「2020年 10-12月」(暦年の四半期)。注意(W2 の照合): 2020年4-6月期以降の四半期別シートの「地方道路公社等」から「S事務所・その他」までの33列は、月別シートの同じ系列の3か月平均と合わず、左隣の系列の3か月平均と合う。四半期別の値が1列右にずれている疑い。値は原本のまま
63c31e5b830a0270,JP,index,建設工事費デフレーター（2020年度基準） 四半期別,S在来住宅,S在来住宅,index (2020年度平均 = 100),national,JP,日本,,,,99.9,,index_value,published_pdl,,,2020Q4,,mlit-deflator-tsuki-2607,deftsuki2020（四半期別）!BO29,https://www.mlit.go.jp/statistics/details/content/deftsuki_2607.xlsx,PDL1.0,,2020年度基準(2020年度平均=100)。2026年4月分の公表から2020年度基準に改定(原本注)。ウエイト項目に営業余剰や間接税(消費税を含む)等を含めない(原本注)。原本の期間表示「2020年 10-12月」(暦年の四半期)。注意(W2 の照合): 2020年4-6月期以降の四半期別シートの「地方道路公社等」から「S事務所・その他」までの33列は、月別シートの同じ系列の3か月平均と合わず、左隣の系列の3か月平均と合う。四半期別の値が1列右にずれている疑い。値は原本のまま
eba2a7b4c53ede79,JP,index,建設工事費デフレーター（2020年度基準） 四半期別,S量産住宅,S量産住宅,index (2020年度平均 = 100),national,JP,日本,,,,99.6,,index_value,published_pdl,,,2020Q4,,mlit-deflator-tsuki-2607,deftsuki2020（四半期別）!BP29,https://www.mlit.go.jp/statistics/details/content/deftsuki_2607.xlsx,PDL1.0,,2020年度基準(2020年度平均=100)。2026年4月分の公表から2020年度基準に改定(原本注)。ウエイト項目に営業余剰や間接税(消費税を含む)等を含めない(原本注)。原本の期間表示「2020年 10-12月」(暦年の四半期)。注意(W2 の照合): 2020年4-6月期以降の四半期別シートの「地方道路公社等」から「S事務所・その他」までの33列は、月別シートの同じ系列の3か月平均と合わず、左隣の系列の3か月平均と合う。四半期別の値が1列右にずれている疑い。値は原本のまま
6aeb1cb63882726e,JP,index,建設工事費デフレーター（2020年度基準） 四半期別,W工場・倉庫,W工場・倉庫,index (2020年度平均 = 100),national,JP,日本,,,,99.8,,index_value,published_pdl,,,2020Q4,,mlit-deflator-tsuki-2607,deftsuki2020（四半期別）!BQ29,https://www.mlit.go.jp/statistics/details/content/deftsuki_2607.xlsx,PDL1.0,,2020年度基準(2020年度平均=100)。2026年4月分の公表から2020年度基準に改定(原本注)。ウエイト項目に営業余剰や間接税(消費税を含む)等を含めない(原本注)。原本の期間表示「2020年 10-12月」(暦年の四半期)。注意(W2 の照合): 2020年4-6月期以降の四半期別シートの「地方道路公社等」から「S事務所・その他」までの33列は、月別シートの同じ系列の3か月平均と合わず、左隣の系列の3か月平均と合う。四半期別の値が1列右にずれている疑い。値は原本のまま
ee63d5e08091c31b,JP,index,建設工事費デフレーター（2020年度基準） 四半期別,W事務所・その他,W事務所・その他,index (2020年度平均 = 100),national,JP,日本,,,,99.7,,index_value,published_pdl,,,2020Q4,,mlit-deflator-tsuki-2607,deftsuki2020（四半期別）!BR29,https://www.mlit.go.jp/statistics/details/content/deftsuki_2607.xlsx,PDL1.0,,2020年度基準(2020年度平均=100)。2026年4月分の公表から2020年度基準に改定(原本注)。ウエイト項目に営業余剰や間接税(消費税を含む)等を含めない(原本注)。原本の期間表示「2020年 10-12月」(暦年の四半期)。注意(W2 の照合): 2020年4-6月期以降の四半期別シートの「地方道路公社等」から「S事務所・その他」までの33列は、月別シートの同じ系列の3か月平均と合わず、左隣の系列の3か月平均と合う。四半期別の値が1列右にずれている疑い。値は原本のまま
06bd9b161ef46280,JP,index,建設工事費デフレーター（2020年度基準） 四半期別,SRC工場・倉庫,SRC工場・倉庫,index (2020年度平均 = 100),national,JP,日本,,,,99.7,,index_value,published_pdl,,,2020Q4,,mlit-deflator-tsuki-2607,deftsuki2020（四半期別）!BS29,https://www.mlit.go.jp/statistics/details/content/deftsuki_2607.xlsx,PDL1.0,,2020年度基準(2020年度平均=100)。2026年4月分の公表から2020年度基準に改定(原本注)。ウエイト項目に営業余剰や間接税(消費税を含む)等を含めない(原本注)。原本の期間表示「2020年 10-12月」(暦年の四半期)。注意(W2 の照合): 2020年4-6月期以降の四半期別シートの「地方道路公社等」から「S事務所・その他」までの33列は、月別シートの同じ系列の3か月平均と合わず、左隣の系列の3か月平均と合う。四半期別の値が1列右にずれている疑い。値は原本のまま
703129dfe2de4984,JP,index,建設工事費デフレーター（2020年度基準） 四半期別,SRC事務所・その他,SRC事務所・その他,index (2020年度平均 = 100),national,JP,日本,,,,99.7,,index_value,published_pdl,,,2020Q4,,mlit-deflator-tsuki-2607,deftsuki2020（四半期別）!BT29,https://www.mlit.go.jp/statistics/details/content/deftsuki_2607.xlsx,PDL1.0,,2020年度基準(2020年度平均=100)。2026年4月分の公表から2020年度基準に改定(原本注)。ウエイト項目に営業余剰や間接税(消費税を含む)等を含めない(原本注)。原本の期間表示「2020年 10-12月」(暦年の四半期)。注意(W2 の照合): 2020年4-6月期以降の四半期別シートの「地方道路公社等」から「S事務所・その他」までの33列は、月別シートの同じ系列の3か月平均と合わず、左隣の系列の3か月平均と合う。四半期別の値が1列右にずれている疑い。値は原本のまま
062f185755dc0431,JP,index,建設工事費デフレーター（2020年度基準） 四半期別,RC工場・倉庫,RC工場・倉庫,index (2020年度平均 = 100),national,JP,日本,,,,99.7,,index_value,published_pdl,,,2020Q4,,mlit-deflator-tsuki-2607,deftsuki2020（四半期別）!BU29,https://www.mlit.go.jp/statistics/details/content/deftsuki_2607.xlsx,PDL1.0,,2020年度基準(2020年度平均=100)。2026年4月分の公表から2020年度基準に改定(原本注)。ウエイト項目に営業余剰や間接税(消費税を含む)等を含めない(原本注)。原本の期間表示「2020年 10-12月」(暦年の四半期)。注意(W2 の照合): 2020年4-6月期以降の四半期別シートの「地方道路公社等」から「S事務所・その他」までの33列は、月別シートの同じ系列の3か月平均と合わず、左隣の系列の3か月平均と合う。四半期別の値が1列右にずれている疑い。値は原本のまま
00aef7618bc8dd3a,JP,index,建設工事費デフレーター（2020年度基準） 四半期別,RC学校,RC学校,index (2020年度平均 = 100),national,JP,日本,,,,99.7,,index_value,published_pdl,,,2020Q4,,mlit-deflator-tsuki-2607,deftsuki2020（四半期別）!BV29,https://www.mlit.go.jp/statistics/details/content/deftsuki_2607.xlsx,PDL1.0,,2020年度基準(2020年度平均=100)。2026年4月分の公表から2020年度基準に改定(原本注)。ウエイト項目に営業余剰や間接税(消費税を含む)等を含めない(原本注)。原本の期間表示「2020年 10-12月」(暦年の四半期)。注意(W2 の照合): 2020年4-6月期以降の四半期別シートの「地方道路公社等」から「S事務所・その他」までの33列は、月別シートの同じ系列の3か月平均と合わず、左隣の系列の3か月平均と合う。四半期別の値が1列右にずれている疑い。値は原本のまま
62b4a4129e4e1fab,JP,index,建設工事費デフレーター（2020年度基準） 四半期別,RC事務所・その他,RC事務所・その他,index (2020年度平均 = 100),national,JP,日本,,,,99.7,,index_value,published_pdl,,,2020Q4,,mlit-deflator-tsuki-2607,deftsuki2020（四半期別）!BW29,https://www.mlit.go.jp/statistics/details/content/deftsuki_2607.xlsx,PDL1.0,,2020年度基準(2020年度平均=100)。2026年4月分の公表から2020年度基準に改定(原本注)。ウエイト項目に営業余剰や間接税(消費税を含む)等を含めない(原本注)。原本の期間表示「2020年 10-12月」(暦年の四半期)。注意(W2 の照合): 2020年4-6月期以降の四半期別シートの「地方道路公社等」から「S事務所・その他」までの33列は、月別シートの同じ系列の3か月平均と合わず、左隣の系列の3か月平均と合う。四半期別の値が1列右にずれている疑い。値は原本のまま
cba1866bd22a1aa6,JP,index,建設工事費デフレーター（2020年度基準） 四半期別,S工場・倉庫,S工場・倉庫,index (2020年度平均 = 100),national,JP,日本,,,,99.7,,index_value,published_pdl,,,2020Q4,,mlit-deflator-tsuki-2607,deftsuki2020（四半期別）!BX29,https://www.mlit.go.jp/statistics/details/content/deftsuki_2607.xlsx,PDL1.0,,2020年度基準(2020年度平均=100)。2026年4月分の公表から2020年度基準に改定(原本注)。ウエイト項目に営業余剰や間接税(消費税を含む)等を含めない(原本注)。原本の期間表示「2020年 10-12月」(暦年の四半期)。注意(W2 の照合): 2020年4-6月期以降の四半期別シートの「地方道路公社等」から「S事務所・その他」までの33列は、月別シートの同じ系列の3か月平均と合わず、左隣の系列の3か月平均と合う。四半期別の値が1列右にずれている疑い。値は原本のまま
722c80e6324ccdc5,JP,index,建設工事費デフレーター（2020年度基準） 四半期別,S事務所・その他,S事務所・その他,index (2020年度平均 = 100),national,JP,日本,,,,99.7,,index_value,published_pdl,,,2020Q4,,mlit-deflator-tsuki-2607,deftsuki2020（四半期別）!BY29,https://www.mlit.go.jp/statistics/details/content/deftsuki_2607.xlsx,PDL1.0,,2020年度基準(2020年度平均=100)。2026年4月分の公表から2020年度基準に改定(原本注)。ウエイト項目に営業余剰や間接税(消費税を含む)等を含めない(原本注)。原本の期間表示「2020年 10-12月」(暦年の四半期)。注意(W2 の照合): 2020年4-6月期以降の四半期別シートの「地方道路公社等」から「S事務所・その他」までの33列は、月別シートの同じ系列の3か月平均と合わず、左隣の系列の3か月平均と合う。四半期別の値が1列右にずれている疑い。値は原本のまま
b0bf7b050e49a0c6,JP,index,建設工事費デフレーター（2020年度基準） 四半期別,地方道路公社等,建設総合 > 土木総合 > 公共事業 > 土木1（除く災害復旧） > 道路総合 > 有料道路 > 地方道路公社等,index (2020年度平均 = 100),national,JP,日本,,,,100.1,,index_value,published_pdl,,,2021Q1,,mlit-deflator-tsuki-2607,deftsuki2020（四半期別）!AS30,https://www.mlit.go.jp/statistics/details/content/deftsuki_2607.xlsx,PDL1.0,,2020年度基準(2020年度平均=100)。2026年4月分の公表から2020年度基準に改定(原本注)。ウエイト項目に営業余剰や間接税(消費税を含む)等を含めない(原本注)。原本の期間表示「2021年 1-3月」(暦年の四半期)。注意(W2 の照合): 2020年4-6月期以降の四半期別シートの「地方道路公社等」から「S事務所・その他」までの33列は、月別シートの同じ系列の3か月平均と合わず、左隣の系列の3か月平均と合う。四半期別の値が1列右にずれている疑い。値は原本のまま
5199c968e93c2d84,JP,index,建設工事費デフレーター（2020年度基準） 四半期別,道路2（再掲）,建設総合 > 土木総合 > 公共事業 > 土木1（除く災害復旧） > 道路2（再掲）,index (2020年度平均 = 100),national,JP,日本,,,,100.8,,index_value,published_pdl,,,2021Q1,,mlit-deflator-tsuki-2607,deftsuki2020（四半期別）!AT30,https://www.mlit.go.jp/statistics/details/content/deftsuki_2607.xlsx,PDL1.0,,2020年度基準(2020年度平均=100)。2026年4月分の公表から2020年度基準に改定(原本注)。ウエイト項目に営業余剰や間接税(消費税を含む)等を含めない(原本注)。原本の期間表示「2021年 1-3月」(暦年の四半期)。注意(W2 の照合): 2020年4-6月期以降の四半期別シートの「地方道路公社等」から「S事務所・その他」までの33列は、月別シートの同じ系列の3か月平均と合わず、左隣の系列の3か月平均と合う。四半期別の値が1列右にずれている疑い。値は原本のまま
76ee4c11b4930c3a,JP,index,建設工事費デフレーター（2020年度基準） 四半期別,街路2（再掲）,建設総合 > 土木総合 > 公共事業 > 土木1（除く災害復旧） > 街路2（再掲）,index (2020年度平均 = 100),national,JP,日本,,,,100.7,,index_value,published_pdl,,,2021Q1,,mlit-deflator-tsuki-2607,deftsuki2020（四半期別）!AU30,https://www.mlit.go.jp/statistics/details/content/deftsuki_2607.xlsx,PDL1.0,,2020年度基準(2020年度平均=100)。2026年4月分の公表から2020年度基準に改定(原本注)。ウエイト項目に営業余剰や間接税(消費税を含む)等を含めない(原本注)。原本の期間表示「2021年 1-3月」(暦年の四半期)。注意(W2 の照合): 2020年4-6月期以降の四半期別シートの「地方道路公社等」から「S事務所・その他」までの33列は、月別シートの同じ系列の3か月平均と合わず、左隣の系列の3か月平均と合う。四半期別の値が1列右にずれている疑い。値は原本のまま
50532eff7c828adc,JP,index,建設工事費デフレーター（2020年度基準） 四半期別,公園,建設総合 > 土木総合 > 公共事業 > 土木1（除く災害復旧） > 公園,index (2020年度平均 = 100),national,JP,日本,,,,100.4,,index_value,published_pdl,,,2021Q1,,mlit-deflator-tsuki-2607,deftsuki2020（四半期別）!AV30,https://www.mlit.go.jp/statistics/details/content/deftsuki_2607.xlsx,PDL1.0,,2020年度基準(2020年度平均=100)。2026年4月分の公表から2020年度基準に改定(原本注)。ウエイト項目に営業余剰や間接税(消費税を含む)等を含めない(原本注)。原本の期間表示「2021年 1-3月」(暦年の四半期)。注意(W2 の照合): 2020年4-6月期以降の四半期別シートの「地方道路公社等」から「S事務所・その他」までの33列は、月別シートの同じ系列の3か月平均と合わず、左隣の系列の3か月平均と合う。四半期別の値が1列右にずれている疑い。値は原本のまま
e2123fd6759af94d,JP,index,建設工事費デフレーター（2020年度基準） 四半期別,下水道,建設総合 > 土木総合 > 公共事業 > 土木1（除く災害復旧） > 下水道,index (2020年度平均 = 100),national,JP,日本,,,,100.4,,index_value,published_pdl,,,2021Q1,,mlit-deflator-tsuki-2607,deftsuki2020（四半期別）!AW30,https://www.mlit.go.jp/statistics/details/content/deftsuki_2607.xlsx,PDL1.0,,2020年度基準(2020年度平均=100)。2026年4月分の公表から2020年度基準に改定(原本注)。ウエイト項目に営業余剰や間接税(消費税を含む)等を含めない(原本注)。原本の期間表示「2021年 1-3月」(暦年の四半期)。注意(W2 の照合): 2020年4-6月期以降の四半期別シートの「地方道路公社等」から「S事務所・その他」までの33列は、月別シートの同じ系列の3か月平均と合わず、左隣の系列の3か月平均と合う。四半期別の値が1列右にずれている疑い。値は原本のまま
6d420df1474e260c,JP,index,建設工事費デフレーター（2020年度基準） 四半期別,災害復旧,建設総合 > 土木総合 > 公共事業 > 土木1（除く災害復旧） > 災害復旧,index (2020年度平均 = 100),national,JP,日本,,,,100.4,,index_value,published_pdl,,,2021Q1,,mlit-deflator-tsuki-2607,deftsuki2020（四半期別）!AX30,https://www.mlit.go.jp/statistics/details/content/deftsuki_2607.xlsx,PDL1.0,,2020年度基準(2020年度平均=100)。2026年4月分の公表から2020年度基準に改定(原本注)。ウエイト項目に営業余剰や間接税(消費税を含む)等を含めない(原本注)。原本の期間表示「2021年 1-3月」(暦年の四半期)。注意(W2 の照合): 2020年4-6月期以降の四半期別シートの「地方道路公社等」から「S事務所・その他」までの33列は、月別シートの同じ系列の3か月平均と合わず、左隣の系列の3か月平均と合う。四半期別の値が1列右にずれている疑い。値は原本のまま
d8119245723d4d53,JP,index,建設工事費デフレーター（2020年度基準） 四半期別,土木2,建設総合 > 土木総合 > 公共事業 > 土木2,index (2020年度平均 = 100),national,JP,日本,,,,100.8,,index_value,published_pdl,,,2021Q1,,mlit-deflator-tsuki-2607,deftsuki2020（四半期別）!AY30,https://www.mlit.go.jp/statistics/details/content/deftsuki_2607.xlsx,PDL1.0,,2020年度基準(2020年度平均=100)。2026年4月分の公表から2020年度基準に改定(原本注)。ウエイト項目に営業余剰や間接税(消費税を含む)等を含めない(原本注)。原本の期間表示「2021年 1-3月」(暦年の四半期)。注意(W2 の照合): 2020年4-6月期以降の四半期別シートの「地方道路公社等」から「S事務所・その他」までの33列は、月別シートの同じ系列の3か月平均と合わず、左隣の系列の3か月平均と合う。四半期別の値が1列右にずれている疑い。値は原本のまま
555a1f80eabe7f1f,JP,index,建設工事費デフレーター（2020年度基準） 四半期別,港湾・漁港,建設総合 > 土木総合 > 公共事業 > 土木2 > 港湾・漁港,index (2020年度平均 = 100),national,JP,日本,,,,100.7,,index_value,published_pdl,,,2021Q1,,mlit-deflator-tsuki-2607,deftsuki2020（四半期別）!AZ30,https://www.mlit.go.jp/statistics/details/content/deftsuki_2607.xlsx,PDL1.0,,2020年度基準(2020年度平均=100)。2026年4月分の公表から2020年度基準に改定(原本注)。ウエイト項目に営業余剰や間接税(消費税を含む)等を含めない(原本注)。原本の期間表示「2021年 1-3月」(暦年の四半期)。注意(W2 の照合): 2020年4-6月期以降の四半期別シートの「地方道路公社等」から「S事務所・その他」までの33列は、月別シートの同じ系列の3か月平均と合わず、左隣の系列の3か月平均と合う。四半期別の値が1列右にずれている疑い。値は原本のまま
31bb9fbec532ebbd,JP,index,建設工事費デフレーター（2020年度基準） 四半期別,空港,建設総合 > 土木総合 > 公共事業 > 土木2 > 空港,index (2020年度平均 = 100),national,JP,日本,,,,100.6,,index_value,published_pdl,,,2021Q1,,mlit-deflator-tsuki-2607,deftsuki2020（四半期別）!BA30,https://www.mlit.go.jp/statistics/details/content/deftsuki_2607.xlsx,PDL1.0,,2020年度基準(2020年度平均=100)。2026年4月分の公表から2020年度基準に改定(原本注)。ウエイト項目に営業余剰や間接税(消費税を含む)等を含めない(原本注)。原本の期間表示「2021年 1-3月」(暦年の四半期)。注意(W2 の照合): 2020年4-6月期以降の四半期別シートの「地方道路公社等」から「S事務所・その他」までの33列は、月別シートの同じ系列の3か月平均と合わず、左隣の系列の3か月平均と合う。四半期別の値が1列右にずれている疑い。値は原本のまま
d092df01a65a1a47,JP,index,建設工事費デフレーター（2020年度基準） 四半期別,環境衛生,建設総合 > 土木総合 > 公共事業 > 土木2 > 環境衛生,index (2020年度平均 = 100),national,JP,日本,,,,100.2,,index_value,published_pdl,,,2021Q1,,mlit-deflator-tsuki-2607,deftsuki2020（四半期別）!BB30,https://www.mlit.go.jp/statistics/details/content/deftsuki_2607.xlsx,PDL1.0,,2020年度基準(2020年度平均=100)。2026年4月分の公表から2020年度基準に改定(原本注)。ウエイト項目に営業余剰や間接税(消費税を含む)等を含めない(原本注)。原本の期間表示「2021年 1-3月」(暦年の四半期)。注意(W2 の照合): 2020年4-6月期以降の四半期別シートの「地方道路公社等」から「S事務所・その他」までの33列は、月別シートの同じ系列の3か月平均と合わず、左隣の系列の3か月平均と合う。四半期別の値が1列右にずれている疑い。値は原本のまま
6fb0c237e37fee70,JP,index,建設工事費デフレーター（2020年度基準） 四半期別,農林関係公共事業,建設総合 > 土木総合 > 公共事業 > 土木2 > 農林関係公共事業,index (2020年度平均 = 100),national,JP,日本,,,,100.8,,index_value,published_pdl,,,2021Q1,,mlit-deflator-tsuki-2607,deftsuki2020（四半期別）!BC30,https://www.mlit.go.jp/statistics/details/content/deftsuki_2607.xlsx,PDL1.0,,2020年度基準(2020年度平均=100)。2026年4月分の公表から2020年度基準に改定(原本注)。ウエイト項目に営業余剰や間接税(消費税を含む)等を含めない(原本注)。原本の期間表示「2021年 1-3月」(暦年の四半期)。注意(W2 の照合): 2020年4-6月期以降の四半期別シートの「地方道路公社等」から「S事務所・その他」までの33列は、月別シートの同じ系列の3か月平均と合わず、左隣の系列の3か月平均と合う。四半期別の値が1列右にずれている疑い。値は原本のまま
916cb1960561be7e,JP,index,建設工事費デフレーター（2020年度基準） 四半期別,その他土木,建設総合 > 土木総合 > その他土木 (原本の列 BD。同じ表頭の列が2つある),index (2020年度平均 = 100),national,JP,日本,,,,100.8,,index_value,published_pdl,,,2021Q1,,mlit-deflator-tsuki-2607,deftsuki2020（四半期別）!BD30,https://www.mlit.go.jp/statistics/details/content/deftsuki_2607.xlsx,PDL1.0,,2020年度基準(2020年度平均=100)。2026年4月分の公表から2020年度基準に改定(原本注)。ウエイト項目に営業余剰や間接税(消費税を含む)等を含めない(原本注)。原本の期間表示「2021年 1-3月」(暦年の四半期)。注意(W2 の照合): 2020年4-6月期以降の四半期別シートの「地方道路公社等」から「S事務所・その他」までの33列は、月別シートの同じ系列の3か月平均と合わず、左隣の系列の3か月平均と合う。四半期別の値が1列右にずれている疑い。値は原本のまま
ac95bc7fcc6ced03,JP,index,建設工事費デフレーター（2020年度基準） 四半期別,鉄道軌道,建設総合 > 土木総合 > その他土木 > 鉄道軌道,index (2020年度平均 = 100),national,JP,日本,,,,100.7,,index_value,published_pdl,,,2021Q1,,mlit-deflator-tsuki-2607,deftsuki2020（四半期別）!BE30,https://www.mlit.go.jp/statistics/details/content/deftsuki_2607.xlsx,PDL1.0,,2020年度基準(2020年度平均=100)。2026年4月分の公表から2020年度基準に改定(原本注)。ウエイト項目に営業余剰や間接税(消費税を含む)等を含めない(原本注)。原本の期間表示「2021年 1-3月」(暦年の四半期)。注意(W2 の照合): 2020年4-6月期以降の四半期別シートの「地方道路公社等」から「S事務所・その他」までの33列は、月別シートの同じ系列の3か月平均と合わず、左隣の系列の3か月平均と合う。四半期別の値が1列右にずれている疑い。値は原本のまま
7962d8087bde9745,JP,index,建設工事費デフレーター（2020年度基準） 四半期別,電力,建設総合 > 土木総合 > その他土木 > 電力,index (2020年度平均 = 100),national,JP,日本,,,,101.2,,index_value,published_pdl,,,2021Q1,,mlit-deflator-tsuki-2607,deftsuki2020（四半期別）!BF30,https://www.mlit.go.jp/statistics/details/content/deftsuki_2607.xlsx,PDL1.0,,2020年度基準(2020年度平均=100)。2026年4月分の公表から2020年度基準に改定(原本注)。ウエイト項目に営業余剰や間接税(消費税を含む)等を含めない(原本注)。原本の期間表示「2021年 1-3月」(暦年の四半期)。注意(W2 の照合): 2020年4-6月期以降の四半期別シートの「地方道路公社等」から「S事務所・その他」までの33列は、月別シートの同じ系列の3か月平均と合わず、左隣の系列の3か月平均と合う。四半期別の値が1列右にずれている疑い。値は原本のまま
a09fc5aaf0117c2c,JP,index,建設工事費デフレーター（2020年度基準） 四半期別,電気通信,建設総合 > 土木総合 > その他土木 > 電気通信,index (2020年度平均 = 100),national,JP,日本,,,,101,,index_value,published_pdl,,,2021Q1,,mlit-deflator-tsuki-2607,deftsuki2020（四半期別）!BG30,https://www.mlit.go.jp/statistics/details/content/deftsuki_2607.xlsx,PDL1.0,,2020年度基準(2020年度平均=100)。2026年4月分の公表から2020年度基準に改定(原本注)。ウエイト項目に営業余剰や間接税(消費税を含む)等を含めない(原本注)。原本の期間表示「2021年 1-3月」(暦年の四半期)。注意(W2 の照合): 2020年4-6月期以降の四半期別シートの「地方道路公社等」から「S事務所・その他」までの33列は、月別シートの同じ系列の3か月平均と合わず、左隣の系列の3か月平均と合う。四半期別の値が1列右にずれている疑い。値は原本のまま
26d09782cad5606d,JP,index,建設工事費デフレーター（2020年度基準） 四半期別,上・工業用水道,建設総合 > 土木総合 > その他土木 > 上・工業用水道,index (2020年度平均 = 100),national,JP,日本,,,,100.6,,index_value,published_pdl,,,2021Q1,,mlit-deflator-tsuki-2607,deftsuki2020（四半期別）!BH30,https://www.mlit.go.jp/statistics/details/content/deftsuki_2607.xlsx,PDL1.0,,2020年度基準(2020年度平均=100)。2026年4月分の公表から2020年度基準に改定(原本注)。ウエイト項目に営業余剰や間接税(消費税を含む)等を含めない(原本注)。原本の期間表示「2021年 1-3月」(暦年の四半期)。注意(W2 の照合): 2020年4-6月期以降の四半期別シートの「地方道路公社等」から「S事務所・その他」までの33列は、月別シートの同じ系列の3か月平均と合わず、左隣の系列の3か月平均と合う。四半期別の値が1列右にずれている疑い。値は原本のまま
db2c3a99c5ed121c,JP,index,建設工事費デフレーター（2020年度基準） 四半期別,土地造成,建設総合 > 土木総合 > その他土木 > 土地造成,index (2020年度平均 = 100),national,JP,日本,,,,100.1,,index_value,published_pdl,,,2021Q1,,mlit-deflator-tsuki-2607,deftsuki2020（四半期別）!BI30,https://www.mlit.go.jp/statistics/details/content/deftsuki_2607.xlsx,PDL1.0,,2020年度基準(2020年度平均=100)。2026年4月分の公表から2020年度基準に改定(原本注)。ウエイト項目に営業余剰や間接税(消費税を含む)等を含めない(原本注)。原本の期間表示「2021年 1-3月」(暦年の四半期)。注意(W2 の照合): 2020年4-6月期以降の四半期別シートの「地方道路公社等」から「S事務所・その他」までの33列は、月別シートの同じ系列の3か月平均と合わず、左隣の系列の3か月平均と合う。四半期別の値が1列右にずれている疑い。値は原本のまま
07e9d28c9db30c0c,JP,index,建設工事費デフレーター（2020年度基準） 四半期別,その他土木,建設総合 > 土木総合 > その他土木 (原本の列 BJ。同じ表頭の列が2つある),index (2020年度平均 = 100),national,JP,日本,,,,100.7,,index_value,published_pdl,,,2021Q1,,mlit-deflator-tsuki-2607,deftsuki2020（四半期別）!BJ30,https://www.mlit.go.jp/statistics/details/content/deftsuki_2607.xlsx,PDL1.0,,2020年度基準(2020年度平均=100)。2026年4月分の公表から2020年度基準に改定(原本注)。ウエイト項目に営業余剰や間接税(消費税を含む)等を含めない(原本注)。原本の期間表示「2021年 1-3月」(暦年の四半期)。注意(W2 の照合): 2020年4-6月期以降の四半期別シートの「地方道路公社等」から「S事務所・その他」までの33列は、月別シートの同じ系列の3か月平均と合わず、左隣の系列の3か月平均と合う。四半期別の値が1列右にずれている疑い。値は原本のまま
6fdf068b6e6b7d1b,JP,index,建設工事費デフレーター（2020年度基準） 四半期別,W在来住宅,W在来住宅,index (2020年度平均 = 100),national,JP,日本,,,,100.4,,index_value,published_pdl,,,2021Q1,,mlit-deflator-tsuki-2607,deftsuki2020（四半期別）!BK30,https://www.mlit.go.jp/statistics/details/content/deftsuki_2607.xlsx,PDL1.0,,2020年度基準(2020年度平均=100)。2026年4月分の公表から2020年度基準に改定(原本注)。ウエイト項目に営業余剰や間接税(消費税を含む)等を含めない(原本注)。原本の期間表示「2021年 1-3月」(暦年の四半期)。注意(W2 の照合): 2020年4-6月期以降の四半期別シートの「地方道路公社等」から「S事務所・その他」までの33列は、月別シートの同じ系列の3か月平均と合わず、左隣の系列の3か月平均と合う。四半期別の値が1列右にずれている疑い。値は原本のまま
a89f4415cada2d25,JP,index,建設工事費デフレーター（2020年度基準） 四半期別,W量産住宅,W量産住宅,index (2020年度平均 = 100),national,JP,日本,,,,100.5,,index_value,published_pdl,,,2021Q1,,mlit-deflator-tsuki-2607,deftsuki2020（四半期別）!BL30,https://www.mlit.go.jp/statistics/details/content/deftsuki_2607.xlsx,PDL1.0,,2020年度基準(2020年度平均=100)。2026年4月分の公表から2020年度基準に改定(原本注)。ウエイト項目に営業余剰や間接税(消費税を含む)等を含めない(原本注)。原本の期間表示「2021年 1-3月」(暦年の四半期)。注意(W2 の照合): 2020年4-6月期以降の四半期別シートの「地方道路公社等」から「S事務所・その他」までの33列は、月別シートの同じ系列の3か月平均と合わず、左隣の系列の3か月平均と合う。四半期別の値が1列右にずれている疑い。値は原本のまま
85cc3f731fe82c5e,JP,index,建設工事費デフレーター（2020年度基準） 四半期別,RC在来住宅,RC在来住宅,index (2020年度平均 = 100),national,JP,日本,,,,100.8,,index_value,published_pdl,,,2021Q1,,mlit-deflator-tsuki-2607,deftsuki2020（四半期別）!BM30,https://www.mlit.go.jp/statistics/details/content/deftsuki_2607.xlsx,PDL1.0,,2020年度基準(2020年度平均=100)。2026年4月分の公表から2020年度基準に改定(原本注)。ウエイト項目に営業余剰や間接税(消費税を含む)等を含めない(原本注)。原本の期間表示「2021年 1-3月」(暦年の四半期)。注意(W2 の照合): 2020年4-6月期以降の四半期別シートの「地方道路公社等」から「S事務所・その他」までの33列は、月別シートの同じ系列の3か月平均と合わず、左隣の系列の3か月平均と合う。四半期別の値が1列右にずれている疑い。値は原本のまま
97c6433629769be1,JP,index,建設工事費デフレーター（2020年度基準） 四半期別,RC量産住宅,RC量産住宅,index (2020年度平均 = 100),national,JP,日本,,,,100.6,,index_value,published_pdl,,,2021Q1,,mlit-deflator-tsuki-2607,deftsuki2020（四半期別）!BN30,https://www.mlit.go.jp/statistics/details/content/deftsuki_2607.xlsx,PDL1.0,,2020年度基準(2020年度平均=100)。2026年4月分の公表から2020年度基準に改定(原本注)。ウエイト項目に営業余剰や間接税(消費税を含む)等を含めない(原本注)。原本の期間表示「2021年 1-3月」(暦年の四半期)。注意(W2 の照合): 2020年4-6月期以降の四半期別シートの「地方道路公社等」から「S事務所・その他」までの33列は、月別シートの同じ系列の3か月平均と合わず、左隣の系列の3か月平均と合う。四半期別の値が1列右にずれている疑い。値は原本のまま
3311e2010bd1faa5,JP,index,建設工事費デフレーター（2020年度基準） 四半期別,S在来住宅,S在来住宅,index (2020年度平均 = 100),national,JP,日本,,,,100.7,,index_value,published_pdl,,,2021Q1,,mlit-deflator-tsuki-2607,deftsuki2020（四半期別）!BO30,https://www.mlit.go.jp/statistics/details/content/deftsuki_2607.xlsx,PDL1.0,,2020年度基準(2020年度平均=100)。2026年4月分の公表から2020年度基準に改定(原本注)。ウエイト項目に営業余剰や間接税(消費税を含む)等を含めない(原本注)。原本の期間表示「2021年 1-3月」(暦年の四半期)。注意(W2 の照合): 2020年4-6月期以降の四半期別シートの「地方道路公社等」から「S事務所・その他」までの33列は、月別シートの同じ系列の3か月平均と合わず、左隣の系列の3か月平均と合う。四半期別の値が1列右にずれている疑い。値は原本のまま
26614f66326905df,JP,index,建設工事費デフレーター（2020年度基準） 四半期別,S量産住宅,S量産住宅,index (2020年度平均 = 100),national,JP,日本,,,,100.5,,index_value,published_pdl,,,2021Q1,,mlit-deflator-tsuki-2607,deftsuki2020（四半期別）!BP30,https://www.mlit.go.jp/statistics/details/content/deftsuki_2607.xlsx,PDL1.0,,2020年度基準(2020年度平均=100)。2026年4月分の公表から2020年度基準に改定(原本注)。ウエイト項目に営業余剰や間接税(消費税を含む)等を含めない(原本注)。原本の期間表示「2021年 1-3月」(暦年の四半期)。注意(W2 の照合): 2020年4-6月期以降の四半期別シートの「地方道路公社等」から「S事務所・その他」までの33列は、月別シートの同じ系列の3か月平均と合わず、左隣の系列の3か月平均と合う。四半期別の値が1列右にずれている疑い。値は原本のまま
6fb613df65ee2a2b,JP,index,建設工事費デフレーター（2020年度基準） 四半期別,W工場・倉庫,W工場・倉庫,index (2020年度平均 = 100),national,JP,日本,,,,100.8,,index_value,published_pdl,,,2021Q1,,mlit-deflator-tsuki-2607,deftsuki2020（四半期別）!BQ30,https://www.mlit.go.jp/statistics/details/content/deftsuki_2607.xlsx,PDL1.0,,2020年度基準(2020年度平均=100)。2026年4月分の公表から2020年度基準に改定(原本注)。ウエイト項目に営業余剰や間接税(消費税を含む)等を含めない(原本注)。原本の期間表示「2021年 1-3月」(暦年の四半期)。注意(W2 の照合): 2020年4-6月期以降の四半期別シートの「地方道路公社等」から「S事務所・その他」までの33列は、月別シートの同じ系列の3か月平均と合わず、左隣の系列の3か月平均と合う。四半期別の値が1列右にずれている疑い。値は原本のまま
b13e935d90cb6262,JP,index,建設工事費デフレーター（2020年度基準） 四半期別,W事務所・その他,W事務所・その他,index (2020年度平均 = 100),national,JP,日本,,,,100.6,,index_value,published_pdl,,,2021Q1,,mlit-deflator-tsuki-2607,deftsuki2020（四半期別）!BR30,https://www.mlit.go.jp/statistics/details/content/deftsuki_2607.xlsx,PDL1.0,,2020年度基準(2020年度平均=100)。2026年4月分の公表から2020年度基準に改定(原本注)。ウエイト項目に営業余剰や間接税(消費税を含む)等を含めない(原本注)。原本の期間表示「2021年 1-3月」(暦年の四半期)。注意(W2 の照合): 2020年4-6月期以降の四半期別シートの「地方道路公社等」から「S事務所・その他」までの33列は、月別シートの同じ系列の3か月平均と合わず、左隣の系列の3か月平均と合う。四半期別の値が1列右にずれている疑い。値は原本のまま
86efddd020da9992,JP,index,建設工事費デフレーター（2020年度基準） 四半期別,SRC工場・倉庫,SRC工場・倉庫,index (2020年度平均 = 100),national,JP,日本,,,,100.5,,index_value,published_pdl,,,2021Q1,,mlit-deflator-tsuki-2607,deftsuki2020（四半期別）!BS30,https://www.mlit.go.jp/statistics/details/content/deftsuki_2607.xlsx,PDL1.0,,2020年度基準(2020年度平均=100)。2026年4月分の公表から2020年度基準に改定(原本注)。ウエイト項目に営業余剰や間接税(消費税を含む)等を含めない(原本注)。原本の期間表示「2021年 1-3月」(暦年の四半期)。注意(W2 の照合): 2020年4-6月期以降の四半期別シートの「地方道路公社等」から「S事務所・その他」までの33列は、月別シートの同じ系列の3か月平均と合わず、左隣の系列の3か月平均と合う。四半期別の値が1列右にずれている疑い。値は原本のまま
1123b4d2bb060c26,JP,index,建設工事費デフレーター（2020年度基準） 四半期別,SRC事務所・その他,SRC事務所・その他,index (2020年度平均 = 100),national,JP,日本,,,,100.3,,index_value,published_pdl,,,2021Q1,,mlit-deflator-tsuki-2607,deftsuki2020（四半期別）!BT30,https://www.mlit.go.jp/statistics/details/content/deftsuki_2607.xlsx,PDL1.0,,2020年度基準(2020年度平均=100)。2026年4月分の公表から2020年度基準に改定(原本注)。ウエイト項目に営業余剰や間接税(消費税を含む)等を含めない(原本注)。原本の期間表示「2021年 1-3月」(暦年の四半期)。注意(W2 の照合): 2020年4-6月期以降の四半期別シートの「地方道路公社等」から「S事務所・その他」までの33列は、月別シートの同じ系列の3か月平均と合わず、左隣の系列の3か月平均と合う。四半期別の値が1列右にずれている疑い。値は原本のまま
078d4f6ac2ee625a,JP,index,建設工事費デフレーター（2020年度基準） 四半期別,RC工場・倉庫,RC工場・倉庫,index (2020年度平均 = 100),national,JP,日本,,,,100.4,,index_value,published_pdl,,,2021Q1,,mlit-deflator-tsuki-2607,deftsuki2020（四半期別）!BU30,https://www.mlit.go.jp/statistics/details/content/deftsuki_2607.xlsx,PDL1.0,,2020年度基準(2020年度平均=100)。2026年4月分の公表から2020年度基準に改定(原本注)。ウエイト項目に営業余剰や間接税(消費税を含む)等を含めない(原本注)。原本の期間表示「2021年 1-3月」(暦年の四半期)。注意(W2 の照合): 2020年4-6月期以降の四半期別シートの「地方道路公社等」から「S事務所・その他」までの33列は、月別シートの同じ系列の3か月平均と合わず、左隣の系列の3か月平均と合う。四半期別の値が1列右にずれている疑い。値は原本のまま
682f02dce18ac7d1,JP,index,建設工事費デフレーター（2020年度基準） 四半期別,RC学校,RC学校,index (2020年度平均 = 100),national,JP,日本,,,,100.4,,index_value,published_pdl,,,2021Q1,,mlit-deflator-tsuki-2607,deftsuki2020（四半期別）!BV30,https://www.mlit.go.jp/statistics/details/content/deftsuki_2607.xlsx,PDL1.0,,2020年度基準(2020年度平均=100)。2026年4月分の公表から2020年度基準に改定(原本注)。ウエイト項目に営業余剰や間接税(消費税を含む)等を含めない(原本注)。原本の期間表示「2021年 1-3月」(暦年の四半期)。注意(W2 の照合): 2020年4-6月期以降の四半期別シートの「地方道路公社等」から「S事務所・その他」までの33列は、月別シートの同じ系列の3か月平均と合わず、左隣の系列の3か月平均と合う。四半期別の値が1列右にずれている疑い。値は原本のまま
c2532cf4defabf7f,JP,index,建設工事費デフレーター（2020年度基準） 四半期別,RC事務所・その他,RC事務所・その他,index (2020年度平均 = 100),national,JP,日本,,,,100.5,,index_value,published_pdl,,,2021Q1,,mlit-deflator-tsuki-2607,deftsuki2020（四半期別）!BW30,https://www.mlit.go.jp/statistics/details/content/deftsuki_2607.xlsx,PDL1.0,,2020年度基準(2020年度平均=100)。2026年4月分の公表から2020年度基準に改定(原本注)。ウエイト項目に営業余剰や間接税(消費税を含む)等を含めない(原本注)。原本の期間表示「2021年 1-3月」(暦年の四半期)。注意(W2 の照合): 2020年4-6月期以降の四半期別シートの「地方道路公社等」から「S事務所・その他」までの33列は、月別シートの同じ系列の3か月平均と合わず、左隣の系列の3か月平均と合う。四半期別の値が1列右にずれている疑い。値は原本のまま
1b4214ed654bab91,JP,index,建設工事費デフレーター（2020年度基準） 四半期別,S工場・倉庫,S工場・倉庫,index (2020年度平均 = 100),national,JP,日本,,,,100.5,,index_value,published_pdl,,,2021Q1,,mlit-deflator-tsuki-2607,deftsuki2020（四半期別）!BX30,https://www.mlit.go.jp/statistics/details/content/deftsuki_2607.xlsx,PDL1.0,,2020年度基準(2020年度平均=100)。2026年4月分の公表から2020年度基準に改定(原本注)。ウエイト項目に営業余剰や間接税(消費税を含む)等を含めない(原本注)。原本の期間表示「2021年 1-3月」(暦年の四半期)。注意(W2 の照合): 2020年4-6月期以降の四半期別シートの「地方道路公社等」から「S事務所・その他」までの33列は、月別シートの同じ系列の3か月平均と合わず、左隣の系列の3か月平均と合う。四半期別の値が1列右にずれている疑い。値は原本のまま
3e7ca970b2b3f00f,JP,index,建設工事費デフレーター（2020年度基準） 四半期別,S事務所・その他,S事務所・その他,index (2020年度平均 = 100),national,JP,日本,,,,100.3,,index_value,published_pdl,,,2021Q1,,mlit-deflator-tsuki-2607,deftsuki2020（四半期別）!BY30,https://www.mlit.go.jp/statistics/details/content/deftsuki_2607.xlsx,PDL1.0,,2020年度基準(2020年度平均=100)。2026年4月分の公表から2020年度基準に改定(原本注)。ウエイト項目に営業余剰や間接税(消費税を含む)等を含めない(原本注)。原本の期間表示「2021年 1-3月」(暦年の四半期)。注意(W2 の照合): 2020年4-6月期以降の四半期別シートの「地方道路公社等」から「S事務所・その他」までの33列は、月別シートの同じ系列の3か月平均と合わず、左隣の系列の3か月平均と合う。四半期別の値が1列右にずれている疑い。値は原本のまま
2ffb74fb22f17c03,JP,index,建設工事費デフレーター（2020年度基準） 四半期別,地方道路公社等,建設総合 > 土木総合 > 公共事業 > 土木1（除く災害復旧） > 道路総合 > 有料道路 > 地方道路公社等,index (2020年度平均 = 100),national,JP,日本,,,,99.6,,index_value,published_pdl,,,2021Q2,,mlit-deflator-tsuki-2607,deftsuki2020（四半期別）!AS31,https://www.mlit.go.jp/statistics/details/content/deftsuki_2607.xlsx,PDL1.0,,2020年度基準(2020年度平均=100)。2026年4月分の公表から2020年度基準に改定(原本注)。ウエイト項目に営業余剰や間接税(消費税を含む)等を含めない(原本注)。原本の期間表示「2021年 4-6月」(暦年の四半期)。注意(W2 の照合): 2020年4-6月期以降の四半期別シートの「地方道路公社等」から「S事務所・その他」までの33列は、月別シートの同じ系列の3か月平均と合わず、左隣の系列の3か月平均と合う。四半期別の値が1列右にずれている疑い。値は原本のまま
eacb87f3b02b4efe,JP,index,建設工事費デフレーター（2020年度基準） 四半期別,道路2（再掲）,建設総合 > 土木総合 > 公共事業 > 土木1（除く災害復旧） > 道路2（再掲）,index (2020年度平均 = 100),national,JP,日本,,,,101.4,,index_value,published_pdl,,,2021Q2,,mlit-deflator-tsuki-2607,deftsuki2020（四半期別）!AT31,https://www.mlit.go.jp/statistics/details/content/deftsuki_2607.xlsx,PDL1.0,,2020年度基準(2020年度平均=100)。2026年4月分の公表から2020年度基準に改定(原本注)。ウエイト項目に営業余剰や間接税(消費税を含む)等を含めない(原本注)。原本の期間表示「2021年 4-6月」(暦年の四半期)。注意(W2 の照合): 2020年4-6月期以降の四半期別シートの「地方道路公社等」から「S事務所・その他」までの33列は、月別シートの同じ系列の3か月平均と合わず、左隣の系列の3か月平均と合う。四半期別の値が1列右にずれている疑い。値は原本のまま
fcd63cb494504416,JP,index,建設工事費デフレーター（2020年度基準） 四半期別,街路2（再掲）,建設総合 > 土木総合 > 公共事業 > 土木1（除く災害復旧） > 街路2（再掲）,index (2020年度平均 = 100),national,JP,日本,,,,101.1,,index_value,published_pdl,,,2021Q2,,mlit-deflator-tsuki-2607,deftsuki2020（四半期別）!AU31,https://www.mlit.go.jp/statistics/details/content/deftsuki_2607.xlsx,PDL1.0,,2020年度基準(2020年度平均=100)。2026年4月分の公表から2020年度基準に改定(原本注)。ウエイト項目に営業余剰や間接税(消費税を含む)等を含めない(原本注)。原本の期間表示「2021年 4-6月」(暦年の四半期)。注意(W2 の照合): 2020年4-6月期以降の四半期別シートの「地方道路公社等」から「S事務所・その他」までの33列は、月別シートの同じ系列の3か月平均と合わず、左隣の系列の3か月平均と合う。四半期別の値が1列右にずれている疑い。値は原本のまま
02a1617ec3fba2a5,JP,index,建設工事費デフレーター（2020年度基準） 四半期別,公園,建設総合 > 土木総合 > 公共事業 > 土木1（除く災害復旧） > 公園,index (2020年度平均 = 100),national,JP,日本,,,,100.7,,index_value,published_pdl,,,2021Q2,,mlit-deflator-tsuki-2607,deftsuki2020（四半期別）!AV31,https://www.mlit.go.jp/statistics/details/content/deftsuki_2607.xlsx,PDL1.0,,2020年度基準(2020年度平均=100)。2026年4月分の公表から2020年度基準に改定(原本注)。ウエイト項目に営業余剰や間接税(消費税を含む)等を含めない(原本注)。原本の期間表示「2021年 4-6月」(暦年の四半期)。注意(W2 の照合): 2020年4-6月期以降の四半期別シートの「地方道路公社等」から「S事務所・その他」までの33列は、月別シートの同じ系列の3か月平均と合わず、左隣の系列の3か月平均と合う。四半期別の値が1列右にずれている疑い。値は原本のまま
a25c4effd949d8e2,JP,index,建設工事費デフレーター（2020年度基準） 四半期別,下水道,建設総合 > 土木総合 > 公共事業 > 土木1（除く災害復旧） > 下水道,index (2020年度平均 = 100),national,JP,日本,,,,100.7,,index_value,published_pdl,,,2021Q2,,mlit-deflator-tsuki-2607,deftsuki2020（四半期別）!AW31,https://www.mlit.go.jp/statistics/details/content/deftsuki_2607.xlsx,PDL1.0,,2020年度基準(2020年度平均=100)。2026年4月分の公表から2020年度基準に改定(原本注)。ウエイト項目に営業余剰や間接税(消費税を含む)等を含めない(原本注)。原本の期間表示「2021年 4-6月」(暦年の四半期)。注意(W2 の照合): 2020年4-6月期以降の四半期別シートの「地方道路公社等」から「S事務所・その他」までの33列は、月別シートの同じ系列の3か月平均と合わず、左隣の系列の3か月平均と合う。四半期別の値が1列右にずれている疑い。値は原本のまま
be7532564b1dc608,JP,index,建設工事費デフレーター（2020年度基準） 四半期別,災害復旧,建設総合 > 土木総合 > 公共事業 > 土木1（除く災害復旧） > 災害復旧,index (2020年度平均 = 100),national,JP,日本,,,,100.7,,index_value,published_pdl,,,2021Q2,,mlit-deflator-tsuki-2607,deftsuki2020（四半期別）!AX31,https://www.mlit.go.jp/statistics/details/content/deftsuki_2607.xlsx,PDL1.0,,2020年度基準(2020年度平均=100)。2026年4月分の公表から2020年度基準に改定(原本注)。ウエイト項目に営業余剰や間接税(消費税を含む)等を含めない(原本注)。原本の期間表示「2021年 4-6月」(暦年の四半期)。注意(W2 の照合): 2020年4-6月期以降の四半期別シートの「地方道路公社等」から「S事務所・その他」までの33列は、月別シートの同じ系列の3か月平均と合わず、左隣の系列の3か月平均と合う。四半期別の値が1列右にずれている疑い。値は原本のまま
b9152574f3c143df,JP,index,建設工事費デフレーター（2020年度基準） 四半期別,土木2,建設総合 > 土木総合 > 公共事業 > 土木2,index (2020年度平均 = 100),national,JP,日本,,,,101,,index_value,published_pdl,,,2021Q2,,mlit-deflator-tsuki-2607,deftsuki2020（四半期別）!AY31,https://www.mlit.go.jp/statistics/details/content/deftsuki_2607.xlsx,PDL1.0,,2020年度基準(2020年度平均=100)。2026年4月分の公表から2020年度基準に改定(原本注)。ウエイト項目に営業余剰や間接税(消費税を含む)等を含めない(原本注)。原本の期間表示「2021年 4-6月」(暦年の四半期)。注意(W2 の照合): 2020年4-6月期以降の四半期別シートの「地方道路公社等」から「S事務所・その他」までの33列は、月別シートの同じ系列の3か月平均と合わず、左隣の系列の3か月平均と合う。四半期別の値が1列右にずれている疑い。値は原本のまま
1d3757249ede3c49,JP,index,建設工事費デフレーター（2020年度基準） 四半期別,港湾・漁港,建設総合 > 土木総合 > 公共事業 > 土木2 > 港湾・漁港,index (2020年度平均 = 100),national,JP,日本,,,,101,,index_value,published_pdl,,,2021Q2,,mlit-deflator-tsuki-2607,deftsuki2020（四半期別）!AZ31,https://www.mlit.go.jp/statistics/details/content/deftsuki_2607.xlsx,PDL1.0,,2020年度基準(2020年度平均=100)。2026年4月分の公表から2020年度基準に改定(原本注)。ウエイト項目に営業余剰や間接税(消費税を含む)等を含めない(原本注)。原本の期間表示「2021年 4-6月」(暦年の四半期)。注意(W2 の照合): 2020年4-6月期以降の四半期別シートの「地方道路公社等」から「S事務所・その他」までの33列は、月別シートの同じ系列の3か月平均と合わず、左隣の系列の3か月平均と合う。四半期別の値が1列右にずれている疑い。値は原本のまま
7b34ca689d76d6fa,JP,index,建設工事費デフレーター（2020年度基準） 四半期別,空港,建設総合 > 土木総合 > 公共事業 > 土木2 > 空港,index (2020年度平均 = 100),national,JP,日本,,,,101,,index_value,published_pdl,,,2021Q2,,mlit-deflator-tsuki-2607,deftsuki2020（四半期別）!BA31,https://www.mlit.go.jp/statistics/details/content/deftsuki_2607.xlsx,PDL1.0,,2020年度基準(2020年度平均=100)。2026年4月分の公表から2020年度基準に改定(原本注)。ウエイト項目に営業余剰や間接税(消費税を含む)等を含めない(原本注)。原本の期間表示「2021年 4-6月」(暦年の四半期)。注意(W2 の照合): 2020年4-6月期以降の四半期別シートの「地方道路公社等」から「S事務所・その他」までの33列は、月別シートの同じ系列の3か月平均と合わず、左隣の系列の3か月平均と合う。四半期別の値が1列右にずれている疑い。値は原本のまま
51a71ab7659e19ef,JP,index,建設工事費デフレーター（2020年度基準） 四半期別,環境衛生,建設総合 > 土木総合 > 公共事業 > 土木2 > 環境衛生,index (2020年度平均 = 100),national,JP,日本,,,,99.9,,index_value,published_pdl,,,2021Q2,,mlit-deflator-tsuki-2607,deftsuki2020（四半期別）!BB31,https://www.mlit.go.jp/statistics/details/content/deftsuki_2607.xlsx,PDL1.0,,2020年度基準(2020年度平均=100)。2026年4月分の公表から2020年度基準に改定(原本注)。ウエイト項目に営業余剰や間接税(消費税を含む)等を含めない(原本注)。原本の期間表示「2021年 4-6月」(暦年の四半期)。注意(W2 の照合): 2020年4-6月期以降の四半期別シートの「地方道路公社等」から「S事務所・その他」までの33列は、月別シートの同じ系列の3か月平均と合わず、左隣の系列の3か月平均と合う。四半期別の値が1列右にずれている疑い。値は原本のまま
152b77b1f9d18ce4,JP,index,建設工事費デフレーター（2020年度基準） 四半期別,農林関係公共事業,建設総合 > 土木総合 > 公共事業 > 土木2 > 農林関係公共事業,index (2020年度平均 = 100),national,JP,日本,,,,101.5,,index_value,published_pdl,,,2021Q2,,mlit-deflator-tsuki-2607,deftsuki2020（四半期別）!BC31,https://www.mlit.go.jp/statistics/details/content/deftsuki_2607.xlsx,PDL1.0,,2020年度基準(2020年度平均=100)。2026年4月分の公表から2020年度基準に改定(原本注)。ウエイト項目に営業余剰や間接税(消費税を含む)等を含めない(原本注)。原本の期間表示「2021年 4-6月」(暦年の四半期)。注意(W2 の照合): 2020年4-6月期以降の四半期別シートの「地方道路公社等」から「S事務所・その他」までの33列は、月別シートの同じ系列の3か月平均と合わず、左隣の系列の3か月平均と合う。四半期別の値が1列右にずれている疑い。値は原本のまま
2c36e03862890dd5,JP,index,建設工事費デフレーター（2020年度基準） 四半期別,その他土木,建設総合 > 土木総合 > その他土木 (原本の列 BD。同じ表頭の列が2つある),index (2020年度平均 = 100),national,JP,日本,,,,101.2,,index_value,published_pdl,,,2021Q2,,mlit-deflator-tsuki-2607,deftsuki2020（四半期別）!BD31,https://www.mlit.go.jp/statistics/details/content/deftsuki_2607.xlsx,PDL1.0,,2020年度基準(2020年度平均=100)。2026年4月分の公表から2020年度基準に改定(原本注)。ウエイト項目に営業余剰や間接税(消費税を含む)等を含めない(原本注)。原本の期間表示「2021年 4-6月」(暦年の四半期)。注意(W2 の照合): 2020年4-6月期以降の四半期別シートの「地方道路公社等」から「S事務所・その他」までの33列は、月別シートの同じ系列の3か月平均と合わず、左隣の系列の3か月平均と合う。四半期別の値が1列右にずれている疑い。値は原本のまま
16496c49f90a92e2,JP,index,建設工事費デフレーター（2020年度基準） 四半期別,鉄道軌道,建設総合 > 土木総合 > その他土木 > 鉄道軌道,index (2020年度平均 = 100),national,JP,日本,,,,101.2,,index_value,published_pdl,,,2021Q2,,mlit-deflator-tsuki-2607,deftsuki2020（四半期別）!BE31,https://www.mlit.go.jp/statistics/details/content/deftsuki_2607.xlsx,PDL1.0,,2020年度基準(2020年度平均=100)。2026年4月分の公表から2020年度基準に改定(原本注)。ウエイト項目に営業余剰や間接税(消費税を含む)等を含めない(原本注)。原本の期間表示「2021年 4-6月」(暦年の四半期)。注意(W2 の照合): 2020年4-6月期以降の四半期別シートの「地方道路公社等」から「S事務所・その他」までの33列は、月別シートの同じ系列の3か月平均と合わず、左隣の系列の3か月平均と合う。四半期別の値が1列右にずれている疑い。値は原本のまま
24dd0f202827a24a,JP,index,建設工事費デフレーター（2020年度基準） 四半期別,電力,建設総合 > 土木総合 > その他土木 > 電力,index (2020年度平均 = 100),national,JP,日本,,,,102.5,,index_value,published_pdl,,,2021Q2,,mlit-deflator-tsuki-2607,deftsuki2020（四半期別）!BF31,https://www.mlit.go.jp/statistics/details/content/deftsuki_2607.xlsx,PDL1.0,,2020年度基準(2020年度平均=100)。2026年4月分の公表から2020年度基準に改定(原本注)。ウエイト項目に営業余剰や間接税(消費税を含む)等を含めない(原本注)。原本の期間表示「2021年 4-6月」(暦年の四半期)。注意(W2 の照合): 2020年4-6月期以降の四半期別シートの「地方道路公社等」から「S事務所・その他」までの33列は、月別シートの同じ系列の3か月平均と合わず、左隣の系列の3か月平均と合う。四半期別の値が1列右にずれている疑い。値は原本のまま
6647c30204eb58df,JP,index,建設工事費デフレーター（2020年度基準） 四半期別,電気通信,建設総合 > 土木総合 > その他土木 > 電気通信,index (2020年度平均 = 100),national,JP,日本,,,,101.9,,index_value,published_pdl,,,2021Q2,,mlit-deflator-tsuki-2607,deftsuki2020（四半期別）!BG31,https://www.mlit.go.jp/statistics/details/content/deftsuki_2607.xlsx,PDL1.0,,2020年度基準(2020年度平均=100)。2026年4月分の公表から2020年度基準に改定(原本注)。ウエイト項目に営業余剰や間接税(消費税を含む)等を含めない(原本注)。原本の期間表示「2021年 4-6月」(暦年の四半期)。注意(W2 の照合): 2020年4-6月期以降の四半期別シートの「地方道路公社等」から「S事務所・その他」までの33列は、月別シートの同じ系列の3か月平均と合わず、左隣の系列の3か月平均と合う。四半期別の値が1列右にずれている疑い。値は原本のまま
6066e649ef3a6be6,JP,index,建設工事費デフレーター（2020年度基準） 四半期別,上・工業用水道,建設総合 > 土木総合 > その他土木 > 上・工業用水道,index (2020年度平均 = 100),national,JP,日本,,,,101,,index_value,published_pdl,,,2021Q2,,mlit-deflator-tsuki-2607,deftsuki2020（四半期別）!BH31,https://www.mlit.go.jp/statistics/details/content/deftsuki_2607.xlsx,PDL1.0,,2020年度基準(2020年度平均=100)。2026年4月分の公表から2020年度基準に改定(原本注)。ウエイト項目に営業余剰や間接税(消費税を含む)等を含めない(原本注)。原本の期間表示「2021年 4-6月」(暦年の四半期)。注意(W2 の照合): 2020年4-6月期以降の四半期別シートの「地方道路公社等」から「S事務所・その他」までの33列は、月別シートの同じ系列の3か月平均と合わず、左隣の系列の3か月平均と合う。四半期別の値が1列右にずれている疑い。値は原本のまま
96fbc35c6eaf4bb6,JP,index,建設工事費デフレーター（2020年度基準） 四半期別,土地造成,建設総合 > 土木総合 > その他土木 > 土地造成,index (2020年度平均 = 100),national,JP,日本,,,,100.1,,index_value,published_pdl,,,2021Q2,,mlit-deflator-tsuki-2607,deftsuki2020（四半期別）!BI31,https://www.mlit.go.jp/statistics/details/content/deftsuki_2607.xlsx,PDL1.0,,2020年度基準(2020年度平均=100)。2026年4月分の公表から2020年度基準に改定(原本注)。ウエイト項目に営業余剰や間接税(消費税を含む)等を含めない(原本注)。原本の期間表示「2021年 4-6月」(暦年の四半期)。注意(W2 の照合): 2020年4-6月期以降の四半期別シートの「地方道路公社等」から「S事務所・その他」までの33列は、月別シートの同じ系列の3か月平均と合わず、左隣の系列の3か月平均と合う。四半期別の値が1列右にずれている疑い。値は原本のまま
3d8067ede6cca31c,JP,index,建設工事費デフレーター（2020年度基準） 四半期別,その他土木,建設総合 > 土木総合 > その他土木 (原本の列 BJ。同じ表頭の列が2つある),index (2020年度平均 = 100),national,JP,日本,,,,100.9,,index_value,published_pdl,,,2021Q2,,mlit-deflator-tsuki-2607,deftsuki2020（四半期別）!BJ31,https://www.mlit.go.jp/statistics/details/content/deftsuki_2607.xlsx,PDL1.0,,2020年度基準(2020年度平均=100)。2026年4月分の公表から2020年度基準に改定(原本注)。ウエイト項目に営業余剰や間接税(消費税を含む)等を含めない(原本注)。原本の期間表示「2021年 4-6月」(暦年の四半期)。注意(W2 の照合): 2020年4-6月期以降の四半期別シートの「地方道路公社等」から「S事務所・その他」までの33列は、月別シートの同じ系列の3か月平均と合わず、左隣の系列の3か月平均と合う。四半期別の値が1列右にずれている疑い。値は原本のまま
23cd3b716cc55197,JP,index,建設工事費デフレーター（2020年度基準） 四半期別,W在来住宅,W在来住宅,index (2020年度平均 = 100),national,JP,日本,,,,100.7,,index_value,published_pdl,,,2021Q2,,mlit-deflator-tsuki-2607,deftsuki2020（四半期別）!BK31,https://www.mlit.go.jp/statistics/details/content/deftsuki_2607.xlsx,PDL1.0,,2020年度基準(2020年度平均=100)。2026年4月分の公表から2020年度基準に改定(原本注)。ウエイト項目に営業余剰や間接税(消費税を含む)等を含めない(原本注)。原本の期間表示「2021年 4-6月」(暦年の四半期)。注意(W2 の照合): 2020年4-6月期以降の四半期別シートの「地方道路公社等」から「S事務所・その他」までの33列は、月別シートの同じ系列の3か月平均と合わず、左隣の系列の3か月平均と合う。四半期別の値が1列右にずれている疑い。値は原本のまま
02e8fb165d11dabe,JP,index,建設工事費デフレーター（2020年度基準） 四半期別,W量産住宅,W量産住宅,index (2020年度平均 = 100),national,JP,日本,,,,103.1,,index_value,published_pdl,,,2021Q2,,mlit-deflator-tsuki-2607,deftsuki2020（四半期別）!BL31,https://www.mlit.go.jp/statistics/details/content/deftsuki_2607.xlsx,PDL1.0,,2020年度基準(2020年度平均=100)。2026年4月分の公表から2020年度基準に改定(原本注)。ウエイト項目に営業余剰や間接税(消費税を含む)等を含めない(原本注)。原本の期間表示「2021年 4-6月」(暦年の四半期)。注意(W2 の照合): 2020年4-6月期以降の四半期別シートの「地方道路公社等」から「S事務所・その他」までの33列は、月別シートの同じ系列の3か月平均と合わず、左隣の系列の3か月平均と合う。四半期別の値が1列右にずれている疑い。値は原本のまま
a5c2f7f1d07eb563,JP,index,建設工事費デフレーター（2020年度基準） 四半期別,RC在来住宅,RC在来住宅,index (2020年度平均 = 100),national,JP,日本,,,,104,,index_value,published_pdl,,,2021Q2,,mlit-deflator-tsuki-2607,deftsuki2020（四半期別）!BM31,https://www.mlit.go.jp/statistics/details/content/deftsuki_2607.xlsx,PDL1.0,,2020年度基準(2020年度平均=100)。2026年4月分の公表から2020年度基準に改定(原本注)。ウエイト項目に営業余剰や間接税(消費税を含む)等を含めない(原本注)。原本の期間表示「2021年 4-6月」(暦年の四半期)。注意(W2 の照合): 2020年4-6月期以降の四半期別シートの「地方道路公社等」から「S事務所・その他」までの33列は、月別シートの同じ系列の3か月平均と合わず、左隣の系列の3か月平均と合う。四半期別の値が1列右にずれている疑い。値は原本のまま
d0bb94fc0d7b0468,JP,index,建設工事費デフレーター（2020年度基準） 四半期別,RC量産住宅,RC量産住宅,index (2020年度平均 = 100),national,JP,日本,,,,101.5,,index_value,published_pdl,,,2021Q2,,mlit-deflator-tsuki-2607,deftsuki2020（四半期別）!BN31,https://www.mlit.go.jp/statistics/details/content/deftsuki_2607.xlsx,PDL1.0,,2020年度基準(2020年度平均=100)。2026年4月分の公表から2020年度基準に改定(原本注)。ウエイト項目に営業余剰や間接税(消費税を含む)等を含めない(原本注)。原本の期間表示「2021年 4-6月」(暦年の四半期)。注意(W2 の照合): 2020年4-6月期以降の四半期別シートの「地方道路公社等」から「S事務所・その他」までの33列は、月別シートの同じ系列の3か月平均と合わず、左隣の系列の3か月平均と合う。四半期別の値が1列右にずれている疑い。値は原本のまま
6378c68d882593d5,JP,index,建設工事費デフレーター（2020年度基準） 四半期別,S在来住宅,S在来住宅,index (2020年度平均 = 100),national,JP,日本,,,,101.9,,index_value,published_pdl,,,2021Q2,,mlit-deflator-tsuki-2607,deftsuki2020（四半期別）!BO31,https://www.mlit.go.jp/statistics/details/content/deftsuki_2607.xlsx,PDL1.0,,2020年度基準(2020年度平均=100)。2026年4月分の公表から2020年度基準に改定(原本注)。ウエイト項目に営業余剰や間接税(消費税を含む)等を含めない(原本注)。原本の期間表示「2021年 4-6月」(暦年の四半期)。注意(W2 の照合): 2020年4-6月期以降の四半期別シートの「地方道路公社等」から「S事務所・その他」までの33列は、月別シートの同じ系列の3か月平均と合わず、左隣の系列の3か月平均と合う。四半期別の値が1列右にずれている疑い。値は原本のまま
1b0b463eadd1e8a6,JP,index,建設工事費デフレーター（2020年度基準） 四半期別,S量産住宅,S量産住宅,index (2020年度平均 = 100),national,JP,日本,,,,101.3,,index_value,published_pdl,,,2021Q2,,mlit-deflator-tsuki-2607,deftsuki2020（四半期別）!BP31,https://www.mlit.go.jp/statistics/details/content/deftsuki_2607.xlsx,PDL1.0,,2020年度基準(2020年度平均=100)。2026年4月分の公表から2020年度基準に改定(原本注)。ウエイト項目に営業余剰や間接税(消費税を含む)等を含めない(原本注)。原本の期間表示「2021年 4-6月」(暦年の四半期)。注意(W2 の照合): 2020年4-6月期以降の四半期別シートの「地方道路公社等」から「S事務所・その他」までの33列は、月別シートの同じ系列の3か月平均と合わず、左隣の系列の3か月平均と合う。四半期別の値が1列右にずれている疑い。値は原本のまま
ed24fccf47a45845,JP,index,建設工事費デフレーター（2020年度基準） 四半期別,W工場・倉庫,W工場・倉庫,index (2020年度平均 = 100),national,JP,日本,,,,103,,index_value,published_pdl,,,2021Q2,,mlit-deflator-tsuki-2607,deftsuki2020（四半期別）!BQ31,https://www.mlit.go.jp/statistics/details/content/deftsuki_2607.xlsx,PDL1.0,,2020年度基準(2020年度平均=100)。2026年4月分の公表から2020年度基準に改定(原本注)。ウエイト項目に営業余剰や間接税(消費税を含む)等を含めない(原本注)。原本の期間表示「2021年 4-6月」(暦年の四半期)。注意(W2 の照合): 2020年4-6月期以降の四半期別シートの「地方道路公社等」から「S事務所・その他」までの33列は、月別シートの同じ系列の3か月平均と合わず、左隣の系列の3か月平均と合う。四半期別の値が1列右にずれている疑い。値は原本のまま
cd8ffb75c4b62f45,JP,index,建設工事費デフレーター（2020年度基準） 四半期別,W事務所・その他,W事務所・その他,index (2020年度平均 = 100),national,JP,日本,,,,102.3,,index_value,published_pdl,,,2021Q2,,mlit-deflator-tsuki-2607,deftsuki2020（四半期別）!BR31,https://www.mlit.go.jp/statistics/details/content/deftsuki_2607.xlsx,PDL1.0,,2020年度基準(2020年度平均=100)。2026年4月分の公表から2020年度基準に改定(原本注)。ウエイト項目に営業余剰や間接税(消費税を含む)等を含めない(原本注)。原本の期間表示「2021年 4-6月」(暦年の四半期)。注意(W2 の照合): 2020年4-6月期以降の四半期別シートの「地方道路公社等」から「S事務所・その他」までの33列は、月別シートの同じ系列の3か月平均と合わず、左隣の系列の3か月平均と合う。四半期別の値が1列右にずれている疑い。値は原本のまま
6f7220b5b93390c8,JP,index,建設工事費デフレーター（2020年度基準） 四半期別,SRC工場・倉庫,SRC工場・倉庫,index (2020年度平均 = 100),national,JP,日本,,,,102.7,,index_value,published_pdl,,,2021Q2,,mlit-deflator-tsuki-2607,deftsuki2020（四半期別）!BS31,https://www.mlit.go.jp/statistics/details/content/deftsuki_2607.xlsx,PDL1.0,,2020年度基準(2020年度平均=100)。2026年4月分の公表から2020年度基準に改定(原本注)。ウエイト項目に営業余剰や間接税(消費税を含む)等を含めない(原本注)。原本の期間表示「2021年 4-6月」(暦年の四半期)。注意(W2 の照合): 2020年4-6月期以降の四半期別シートの「地方道路公社等」から「S事務所・その他」までの33列は、月別シートの同じ系列の3か月平均と合わず、左隣の系列の3か月平均と合う。四半期別の値が1列右にずれている疑い。値は原本のまま
08ae8c46003b112e,JP,index,建設工事費デフレーター（2020年度基準） 四半期別,SRC事務所・その他,SRC事務所・その他,index (2020年度平均 = 100),national,JP,日本,,,,100.6,,index_value,published_pdl,,,2021Q2,,mlit-deflator-tsuki-2607,deftsuki2020（四半期別）!BT31,https://www.mlit.go.jp/statistics/details/content/deftsuki_2607.xlsx,PDL1.0,,2020年度基準(2020年度平均=100)。2026年4月分の公表から2020年度基準に改定(原本注)。ウエイト項目に営業余剰や間接税(消費税を含む)等を含めない(原本注)。原本の期間表示「2021年 4-6月」(暦年の四半期)。注意(W2 の照合): 2020年4-6月期以降の四半期別シートの「地方道路公社等」から「S事務所・その他」までの33列は、月別シートの同じ系列の3か月平均と合わず、左隣の系列の3か月平均と合う。四半期別の値が1列右にずれている疑い。値は原本のまま
403237a24ffa5b33,JP,index,建設工事費デフレーター（2020年度基準） 四半期別,RC工場・倉庫,RC工場・倉庫,index (2020年度平均 = 100),national,JP,日本,,,,100.8,,index_value,published_pdl,,,2021Q2,,mlit-deflator-tsuki-2607,deftsuki2020（四半期別）!BU31,https://www.mlit.go.jp/statistics/details/content/deftsuki_2607.xlsx,PDL1.0,,2020年度基準(2020年度平均=100)。2026年4月分の公表から2020年度基準に改定(原本注)。ウエイト項目に営業余剰や間接税(消費税を含む)等を含めない(原本注)。原本の期間表示「2021年 4-6月」(暦年の四半期)。注意(W2 の照合): 2020年4-6月期以降の四半期別シートの「地方道路公社等」から「S事務所・その他」までの33列は、月別シートの同じ系列の3か月平均と合わず、左隣の系列の3か月平均と合う。四半期別の値が1列右にずれている疑い。値は原本のまま
f8ba541498786df0,JP,index,建設工事費デフレーター（2020年度基準） 四半期別,RC学校,RC学校,index (2020年度平均 = 100),national,JP,日本,,,,100.7,,index_value,published_pdl,,,2021Q2,,mlit-deflator-tsuki-2607,deftsuki2020（四半期別）!BV31,https://www.mlit.go.jp/statistics/details/content/deftsuki_2607.xlsx,PDL1.0,,2020年度基準(2020年度平均=100)。2026年4月分の公表から2020年度基準に改定(原本注)。ウエイト項目に営業余剰や間接税(消費税を含む)等を含めない(原本注)。原本の期間表示「2021年 4-6月」(暦年の四半期)。注意(W2 の照合): 2020年4-6月期以降の四半期別シートの「地方道路公社等」から「S事務所・その他」までの33列は、月別シートの同じ系列の3か月平均と合わず、左隣の系列の3か月平均と合う。四半期別の値が1列右にずれている疑い。値は原本のまま
62c4c7927e4fab17,JP,index,建設工事費デフレーター（2020年度基準） 四半期別,RC事務所・その他,RC事務所・その他,index (2020年度平均 = 100),national,JP,日本,,,,101.3,,index_value,published_pdl,,,2021Q2,,mlit-deflator-tsuki-2607,deftsuki2020（四半期別）!BW31,https://www.mlit.go.jp/statistics/details/content/deftsuki_2607.xlsx,PDL1.0,,2020年度基準(2020年度平均=100)。2026年4月分の公表から2020年度基準に改定(原本注)。ウエイト項目に営業余剰や間接税(消費税を含む)等を含めない(原本注)。原本の期間表示「2021年 4-6月」(暦年の四半期)。注意(W2 の照合): 2020年4-6月期以降の四半期別シートの「地方道路公社等」から「S事務所・その他」までの33列は、月別シートの同じ系列の3か月平均と合わず、左隣の系列の3か月平均と合う。四半期別の値が1列右にずれている疑い。値は原本のまま
c2493ca1d66e590b,JP,index,建設工事費デフレーター（2020年度基準） 四半期別,S工場・倉庫,S工場・倉庫,index (2020年度平均 = 100),national,JP,日本,,,,101.2,,index_value,published_pdl,,,2021Q2,,mlit-deflator-tsuki-2607,deftsuki2020（四半期別）!BX31,https://www.mlit.go.jp/statistics/details/content/deftsuki_2607.xlsx,PDL1.0,,2020年度基準(2020年度平均=100)。2026年4月分の公表から2020年度基準に改定(原本注)。ウエイト項目に営業余剰や間接税(消費税を含む)等を含めない(原本注)。原本の期間表示「2021年 4-6月」(暦年の四半期)。注意(W2 の照合): 2020年4-6月期以降の四半期別シートの「地方道路公社等」から「S事務所・その他」までの33列は、月別シートの同じ系列の3か月平均と合わず、左隣の系列の3か月平均と合う。四半期別の値が1列右にずれている疑い。値は原本のまま
1b6b477ca51dbc8a,JP,index,建設工事費デフレーター（2020年度基準） 四半期別,S事務所・その他,S事務所・その他,index (2020年度平均 = 100),national,JP,日本,,,,100.5,,index_value,published_pdl,,,2021Q2,,mlit-deflator-tsuki-2607,deftsuki2020（四半期別）!BY31,https://www.mlit.go.jp/statistics/details/content/deftsuki_2607.xlsx,PDL1.0,,2020年度基準(2020年度平均=100)。2026年4月分の公表から2020年度基準に改定(原本注)。ウエイト項目に営業余剰や間接税(消費税を含む)等を含めない(原本注)。原本の期間表示「2021年 4-6月」(暦年の四半期)。注意(W2 の照合): 2020年4-6月期以降の四半期別シートの「地方道路公社等」から「S事務所・その他」までの33列は、月別シートの同じ系列の3か月平均と合わず、左隣の系列の3か月平均と合う。四半期別の値が1列右にずれている疑い。値は原本のまま
c5dd3fa371ff413a,JP,index,建設工事費デフレーター（2020年度基準） 四半期別,地方道路公社等,建設総合 > 土木総合 > 公共事業 > 土木1（除く災害復旧） > 道路総合 > 有料道路 > 地方道路公社等,index (2020年度平均 = 100),national,JP,日本,,,,101.4,,index_value,published_pdl,,,2021Q3,,mlit-deflator-tsuki-2607,deftsuki2020（四半期別）!AS32,https://www.mlit.go.jp/statistics/details/content/deftsuki_2607.xlsx,PDL1.0,,2020年度基準(2020年度平均=100)。2026年4月分の公表から2020年度基準に改定(原本注)。ウエイト項目に営業余剰や間接税(消費税を含む)等を含めない(原本注)。原本の期間表示「2021年 7-9月」(暦年の四半期)。注意(W2 の照合): 2020年4-6月期以降の四半期別シートの「地方道路公社等」から「S事務所・その他」までの33列は、月別シートの同じ系列の3か月平均と合わず、左隣の系列の3か月平均と合う。四半期別の値が1列右にずれている疑い。値は原本のまま
acbf54fd86dacaef,JP,index,建設工事費デフレーター（2020年度基準） 四半期別,道路2（再掲）,建設総合 > 土木総合 > 公共事業 > 土木1（除く災害復旧） > 道路2（再掲）,index (2020年度平均 = 100),national,JP,日本,,,,103.2,,index_value,published_pdl,,,2021Q3,,mlit-deflator-tsuki-2607,deftsuki2020（四半期別）!AT32,https://www.mlit.go.jp/statistics/details/content/deftsuki_2607.xlsx,PDL1.0,,2020年度基準(2020年度平均=100)。2026年4月分の公表から2020年度基準に改定(原本注)。ウエイト項目に営業余剰や間接税(消費税を含む)等を含めない(原本注)。原本の期間表示「2021年 7-9月」(暦年の四半期)。注意(W2 の照合): 2020年4-6月期以降の四半期別シートの「地方道路公社等」から「S事務所・その他」までの33列は、月別シートの同じ系列の3か月平均と合わず、左隣の系列の3か月平均と合う。四半期別の値が1列右にずれている疑い。値は原本のまま
1abdd787f7467922,JP,index,建設工事費デフレーター（2020年度基準） 四半期別,街路2（再掲）,建設総合 > 土木総合 > 公共事業 > 土木1（除く災害復旧） > 街路2（再掲）,index (2020年度平均 = 100),national,JP,日本,,,,102.9,,index_value,published_pdl,,,2021Q3,,mlit-deflator-tsuki-2607,deftsuki2020（四半期別）!AU32,https://www.mlit.go.jp/statistics/details/content/deftsuki_2607.xlsx,PDL1.0,,2020年度基準(2020年度平均=100)。2026年4月分の公表から2020年度基準に改定(原本注)。ウエイト項目に営業余剰や間接税(消費税を含む)等を含めない(原本注)。原本の期間表示「2021年 7-9月」(暦年の四半期)。注意(W2 の照合): 2020年4-6月期以降の四半期別シートの「地方道路公社等」から「S事務所・その他」までの33列は、月別シートの同じ系列の3か月平均と合わず、左隣の系列の3か月平均と合う。四半期別の値が1列右にずれている疑い。値は原本のまま
0df79c715266cdc6,JP,index,建設工事費デフレーター（2020年度基準） 四半期別,公園,建設総合 > 土木総合 > 公共事業 > 土木1（除く災害復旧） > 公園,index (2020年度平均 = 100),national,JP,日本,,,,102.4,,index_value,published_pdl,,,2021Q3,,mlit-deflator-tsuki-2607,deftsuki2020（四半期別）!AV32,https://www.mlit.go.jp/statistics/details/content/deftsuki_2607.xlsx,PDL1.0,,2020年度基準(2020年度平均=100)。2026年4月分の公表から2020年度基準に改定(原本注)。ウエイト項目に営業余剰や間接税(消費税を含む)等を含めない(原本注)。原本の期間表示「2021年 7-9月」(暦年の四半期)。注意(W2 の照合): 2020年4-6月期以降の四半期別シートの「地方道路公社等」から「S事務所・その他」までの33列は、月別シートの同じ系列の3か月平均と合わず、左隣の系列の3か月平均と合う。四半期別の値が1列右にずれている疑い。値は原本のまま
cbe627ff9d0e0c53,JP,index,建設工事費デフレーター（2020年度基準） 四半期別,下水道,建設総合 > 土木総合 > 公共事業 > 土木1（除く災害復旧） > 下水道,index (2020年度平均 = 100),national,JP,日本,,,,102.5,,index_value,published_pdl,,,2021Q3,,mlit-deflator-tsuki-2607,deftsuki2020（四半期別）!AW32,https://www.mlit.go.jp/statistics/details/content/deftsuki_2607.xlsx,PDL1.0,,2020年度基準(2020年度平均=100)。2026年4月分の公表から2020年度基準に改定(原本注)。ウエイト項目に営業余剰や間接税(消費税を含む)等を含めない(原本注)。原本の期間表示「2021年 7-9月」(暦年の四半期)。注意(W2 の照合): 2020年4-6月期以降の四半期別シートの「地方道路公社等」から「S事務所・その他」までの33列は、月別シートの同じ系列の3か月平均と合わず、左隣の系列の3か月平均と合う。四半期別の値が1列右にずれている疑い。値は原本のまま
63c21123ead71cb3,JP,index,建設工事費デフレーター（2020年度基準） 四半期別,災害復旧,建設総合 > 土木総合 > 公共事業 > 土木1（除く災害復旧） > 災害復旧,index (2020年度平均 = 100),national,JP,日本,,,,102.2,,index_value,published_pdl,,,2021Q3,,mlit-deflator-tsuki-2607,deftsuki2020（四半期別）!AX32,https://www.mlit.go.jp/statistics/details/content/deftsuki_2607.xlsx,PDL1.0,,2020年度基準(2020年度平均=100)。2026年4月分の公表から2020年度基準に改定(原本注)。ウエイト項目に営業余剰や間接税(消費税を含む)等を含めない(原本注)。原本の期間表示「2021年 7-9月」(暦年の四半期)。注意(W2 の照合): 2020年4-6月期以降の四半期別シートの「地方道路公社等」から「S事務所・その他」までの33列は、月別シートの同じ系列の3か月平均と合わず、左隣の系列の3か月平均と合う。四半期別の値が1列右にずれている疑い。値は原本のまま
5e7c7d50f6cccddc,JP,index,建設工事費デフレーター（2020年度基準） 四半期別,土木2,建設総合 > 土木総合 > 公共事業 > 土木2,index (2020年度平均 = 100),national,JP,日本,,,,102.2,,index_value,published_pdl,,,2021Q3,,mlit-deflator-tsuki-2607,deftsuki2020（四半期別）!AY32,https://www.mlit.go.jp/statistics/details/content/deftsuki_2607.xlsx,PDL1.0,,2020年度基準(2020年度平均=100)。2026年4月分の公表から2020年度基準に改定(原本注)。ウエイト項目に営業余剰や間接税(消費税を含む)等を含めない(原本注)。原本の期間表示「2021年 7-9月」(暦年の四半期)。注意(W2 の照合): 2020年4-6月期以降の四半期別シートの「地方道路公社等」から「S事務所・その他」までの33列は、月別シートの同じ系列の3か月平均と合わず、左隣の系列の3か月平均と合う。四半期別の値が1列右にずれている疑い。値は原本のまま
6d95d025fcdb0c93,JP,index,建設工事費デフレーター（2020年度基準） 四半期別,港湾・漁港,建設総合 > 土木総合 > 公共事業 > 土木2 > 港湾・漁港,index (2020年度平均 = 100),national,JP,日本,,,,102.8,,index_value,published_pdl,,,2021Q3,,mlit-deflator-tsuki-2607,deftsuki2020（四半期別）!AZ32,https://www.mlit.go.jp/statistics/details/content/deftsuki_2607.xlsx,PDL1.0,,2020年度基準(2020年度平均=100)。2026年4月分の公表から2020年度基準に改定(原本注)。ウエイト項目に営業余剰や間接税(消費税を含む)等を含めない(原本注)。原本の期間表示「2021年 7-9月」(暦年の四半期)。注意(W2 の照合): 2020年4-6月期以降の四半期別シートの「地方道路公社等」から「S事務所・その他」までの33列は、月別シートの同じ系列の3か月平均と合わず、左隣の系列の3か月平均と合う。四半期別の値が1列右にずれている疑い。値は原本のまま
b3dc4c9c3a436d73,JP,index,建設工事費デフレーター（2020年度基準） 四半期別,空港,建設総合 > 土木総合 > 公共事業 > 土木2 > 空港,index (2020年度平均 = 100),national,JP,日本,,,,102.6,,index_value,published_pdl,,,2021Q3,,mlit-deflator-tsuki-2607,deftsuki2020（四半期別）!BA32,https://www.mlit.go.jp/statistics/details/content/deftsuki_2607.xlsx,PDL1.0,,2020年度基準(2020年度平均=100)。2026年4月分の公表から2020年度基準に改定(原本注)。ウエイト項目に営業余剰や間接税(消費税を含む)等を含めない(原本注)。原本の期間表示「2021年 7-9月」(暦年の四半期)。注意(W2 の照合): 2020年4-6月期以降の四半期別シートの「地方道路公社等」から「S事務所・その他」までの33列は、月別シートの同じ系列の3か月平均と合わず、左隣の系列の3か月平均と合う。四半期別の値が1列右にずれている疑い。値は原本のまま
e1a95be56b467d25,JP,index,建設工事費デフレーター（2020年度基準） 四半期別,環境衛生,建設総合 > 土木総合 > 公共事業 > 土木2 > 環境衛生,index (2020年度平均 = 100),national,JP,日本,,,,101.8,,index_value,published_pdl,,,2021Q3,,mlit-deflator-tsuki-2607,deftsuki2020（四半期別）!BB32,https://www.mlit.go.jp/statistics/details/content/deftsuki_2607.xlsx,PDL1.0,,2020年度基準(2020年度平均=100)。2026年4月分の公表から2020年度基準に改定(原本注)。ウエイト項目に営業余剰や間接税(消費税を含む)等を含めない(原本注)。原本の期間表示「2021年 7-9月」(暦年の四半期)。注意(W2 の照合): 2020年4-6月期以降の四半期別シートの「地方道路公社等」から「S事務所・その他」までの33列は、月別シートの同じ系列の3か月平均と合わず、左隣の系列の3か月平均と合う。四半期別の値が1列右にずれている疑い。値は原本のまま
2c6bc2d36c8c21c5,JP,index,建設工事費デフレーター（2020年度基準） 四半期別,農林関係公共事業,建設総合 > 土木総合 > 公共事業 > 土木2 > 農林関係公共事業,index (2020年度平均 = 100),national,JP,日本,,,,103.3,,index_value,published_pdl,,,2021Q3,,mlit-deflator-tsuki-2607,deftsuki2020（四半期別）!BC32,https://www.mlit.go.jp/statistics/details/content/deftsuki_2607.xlsx,PDL1.0,,2020年度基準(2020年度平均=100)。2026年4月分の公表から2020年度基準に改定(原本注)。ウエイト項目に営業余剰や間接税(消費税を含む)等を含めない(原本注)。原本の期間表示「2021年 7-9月」(暦年の四半期)。注意(W2 の照合): 2020年4-6月期以降の四半期別シートの「地方道路公社等」から「S事務所・その他」までの33列は、月別シートの同じ系列の3か月平均と合わず、左隣の系列の3か月平均と合う。四半期別の値が1列右にずれている疑い。値は原本のまま
56f2335a09bc20e0,JP,index,建設工事費デフレーター（2020年度基準） 四半期別,その他土木,建設総合 > 土木総合 > その他土木 (原本の列 BD。同じ表頭の列が2つある),index (2020年度平均 = 100),national,JP,日本,,,,102.9,,index_value,published_pdl,,,2021Q3,,mlit-deflator-tsuki-2607,deftsuki2020（四半期別）!BD32,https://www.mlit.go.jp/statistics/details/content/deftsuki_2607.xlsx,PDL1.0,,2020年度基準(2020年度平均=100)。2026年4月分の公表から2020年度基準に改定(原本注)。ウエイト項目に営業余剰や間接税(消費税を含む)等を含めない(原本注)。原本の期間表示「2021年 7-9月」(暦年の四半期)。注意(W2 の照合): 2020年4-6月期以降の四半期別シートの「地方道路公社等」から「S事務所・その他」までの33列は、月別シートの同じ系列の3か月平均と合わず、左隣の系列の3か月平均と合う。四半期別の値が1列右にずれている疑い。値は原本のまま
81d504969a1442e5,JP,index,建設工事費デフレーター（2020年度基準） 四半期別,鉄道軌道,建設総合 > 土木総合 > その他土木 > 鉄道軌道,index (2020年度平均 = 100),national,JP,日本,,,,103.1,,index_value,published_pdl,,,2021Q3,,mlit-deflator-tsuki-2607,deftsuki2020（四半期別）!BE32,https://www.mlit.go.jp/statistics/details/content/deftsuki_2607.xlsx,PDL1.0,,2020年度基準(2020年度平均=100)。2026年4月分の公表から2020年度基準に改定(原本注)。ウエイト項目に営業余剰や間接税(消費税を含む)等を含めない(原本注)。原本の期間表示「2021年 7-9月」(暦年の四半期)。注意(W2 の照合): 2020年4-6月期以降の四半期別シートの「地方道路公社等」から「S事務所・その他」までの33列は、月別シートの同じ系列の3か月平均と合わず、左隣の系列の3か月平均と合う。四半期別の値が1列右にずれている疑い。値は原本のまま
2ba818dbdbdb26f9,JP,index,建設工事費デフレーター（2020年度基準） 四半期別,電力,建設総合 > 土木総合 > その他土木 > 電力,index (2020年度平均 = 100),national,JP,日本,,,,104.4,,index_value,published_pdl,,,2021Q3,,mlit-deflator-tsuki-2607,deftsuki2020（四半期別）!BF32,https://www.mlit.go.jp/statistics/details/content/deftsuki_2607.xlsx,PDL1.0,,2020年度基準(2020年度平均=100)。2026年4月分の公表から2020年度基準に改定(原本注)。ウエイト項目に営業余剰や間接税(消費税を含む)等を含めない(原本注)。原本の期間表示「2021年 7-9月」(暦年の四半期)。注意(W2 の照合): 2020年4-6月期以降の四半期別シートの「地方道路公社等」から「S事務所・その他」までの33列は、月別シートの同じ系列の3か月平均と合わず、左隣の系列の3か月平均と合う。四半期別の値が1列右にずれている疑い。値は原本のまま
5a2a7546550bed36,JP,index,建設工事費デフレーター（2020年度基準） 四半期別,電気通信,建設総合 > 土木総合 > その他土木 > 電気通信,index (2020年度平均 = 100),national,JP,日本,,,,103.5,,index_value,published_pdl,,,2021Q3,,mlit-deflator-tsuki-2607,deftsuki2020（四半期別）!BG32,https://www.mlit.go.jp/statistics/details/content/deftsuki_2607.xlsx,PDL1.0,,2020年度基準(2020年度平均=100)。2026年4月分の公表から2020年度基準に改定(原本注)。ウエイト項目に営業余剰や間接税(消費税を含む)等を含めない(原本注)。原本の期間表示「2021年 7-9月」(暦年の四半期)。注意(W2 の照合): 2020年4-6月期以降の四半期別シートの「地方道路公社等」から「S事務所・その他」までの33列は、月別シートの同じ系列の3か月平均と合わず、左隣の系列の3か月平均と合う。四半期別の値が1列右にずれている疑い。値は原本のまま
22556b0dbe86275c,JP,index,建設工事費デフレーター（2020年度基準） 四半期別,上・工業用水道,建設総合 > 土木総合 > その他土木 > 上・工業用水道,index (2020年度平均 = 100),national,JP,日本,,,,102.5,,index_value,published_pdl,,,2021Q3,,mlit-deflator-tsuki-2607,deftsuki2020（四半期別）!BH32,https://www.mlit.go.jp/statistics/details/content/deftsuki_2607.xlsx,PDL1.0,,2020年度基準(2020年度平均=100)。2026年4月分の公表から2020年度基準に改定(原本注)。ウエイト項目に営業余剰や間接税(消費税を含む)等を含めない(原本注)。原本の期間表示「2021年 7-9月」(暦年の四半期)。注意(W2 の照合): 2020年4-6月期以降の四半期別シートの「地方道路公社等」から「S事務所・その他」までの33列は、月別シートの同じ系列の3か月平均と合わず、左隣の系列の3か月平均と合う。四半期別の値が1列右にずれている疑い。値は原本のまま
fb4c98ffcd976392,JP,index,建設工事費デフレーター（2020年度基準） 四半期別,土地造成,建設総合 > 土木総合 > その他土木 > 土地造成,index (2020年度平均 = 100),national,JP,日本,,,,102.1,,index_value,published_pdl,,,2021Q3,,mlit-deflator-tsuki-2607,deftsuki2020（四半期別）!BI32,https://www.mlit.go.jp/statistics/details/content/deftsuki_2607.xlsx,PDL1.0,,2020年度基準(2020年度平均=100)。2026年4月分の公表から2020年度基準に改定(原本注)。ウエイト項目に営業余剰や間接税(消費税を含む)等を含めない(原本注)。原本の期間表示「2021年 7-9月」(暦年の四半期)。注意(W2 の照合): 2020年4-6月期以降の四半期別シートの「地方道路公社等」から「S事務所・その他」までの33列は、月別シートの同じ系列の3か月平均と合わず、左隣の系列の3か月平均と合う。四半期別の値が1列右にずれている疑い。値は原本のまま
f67031bae14f0763,JP,index,建設工事費デフレーター（2020年度基準） 四半期別,その他土木,建設総合 > 土木総合 > その他土木 (原本の列 BJ。同じ表頭の列が2つある),index (2020年度平均 = 100),national,JP,日本,,,,102.5,,index_value,published_pdl,,,2021Q3,,mlit-deflator-tsuki-2607,deftsuki2020（四半期別）!BJ32,https://www.mlit.go.jp/statistics/details/content/deftsuki_2607.xlsx,PDL1.0,,2020年度基準(2020年度平均=100)。2026年4月分の公表から2020年度基準に改定(原本注)。ウエイト項目に営業余剰や間接税(消費税を含む)等を含めない(原本注)。原本の期間表示「2021年 7-9月」(暦年の四半期)。注意(W2 の照合): 2020年4-6月期以降の四半期別シートの「地方道路公社等」から「S事務所・その他」までの33列は、月別シートの同じ系列の3か月平均と合わず、左隣の系列の3か月平均と合う。四半期別の値が1列右にずれている疑い。値は原本のまま
95bcbe58d9b9ee64,JP,index,建設工事費デフレーター（2020年度基準） 四半期別,W在来住宅,W在来住宅,index (2020年度平均 = 100),national,JP,日本,,,,102.6,,index_value,published_pdl,,,2021Q3,,mlit-deflator-tsuki-2607,deftsuki2020（四半期別）!BK32,https://www.mlit.go.jp/statistics/details/content/deftsuki_2607.xlsx,PDL1.0,,2020年度基準(2020年度平均=100)。2026年4月分の公表から2020年度基準に改定(原本注)。ウエイト項目に営業余剰や間接税(消費税を含む)等を含めない(原本注)。原本の期間表示「2021年 7-9月」(暦年の四半期)。注意(W2 の照合): 2020年4-6月期以降の四半期別シートの「地方道路公社等」から「S事務所・その他」までの33列は、月別シートの同じ系列の3か月平均と合わず、左隣の系列の3か月平均と合う。四半期別の値が1列右にずれている疑い。値は原本のまま
7569fc0b33624daf,JP,index,建設工事費デフレーター（2020年度基準） 四半期別,W量産住宅,W量産住宅,index (2020年度平均 = 100),national,JP,日本,,,,109.5,,index_value,published_pdl,,,2021Q3,,mlit-deflator-tsuki-2607,deftsuki2020（四半期別）!BL32,https://www.mlit.go.jp/statistics/details/content/deftsuki_2607.xlsx,PDL1.0,,2020年度基準(2020年度平均=100)。2026年4月分の公表から2020年度基準に改定(原本注)。ウエイト項目に営業余剰や間接税(消費税を含む)等を含めない(原本注)。原本の期間表示「2021年 7-9月」(暦年の四半期)。注意(W2 の照合): 2020年4-6月期以降の四半期別シートの「地方道路公社等」から「S事務所・その他」までの33列は、月別シートの同じ系列の3か月平均と合わず、左隣の系列の3か月平均と合う。四半期別の値が1列右にずれている疑い。値は原本のまま
113a45b7d2df4dd9,JP,index,建設工事費デフレーター（2020年度基準） 四半期別,RC在来住宅,RC在来住宅,index (2020年度平均 = 100),national,JP,日本,,,,112.8,,index_value,published_pdl,,,2021Q3,,mlit-deflator-tsuki-2607,deftsuki2020（四半期別）!BM32,https://www.mlit.go.jp/statistics/details/content/deftsuki_2607.xlsx,PDL1.0,,2020年度基準(2020年度平均=100)。2026年4月分の公表から2020年度基準に改定(原本注)。ウエイト項目に営業余剰や間接税(消費税を含む)等を含めない(原本注)。原本の期間表示「2021年 7-9月」(暦年の四半期)。注意(W2 の照合): 2020年4-6月期以降の四半期別シートの「地方道路公社等」から「S事務所・その他」までの33列は、月別シートの同じ系列の3か月平均と合わず、左隣の系列の3か月平均と合う。四半期別の値が1列右にずれている疑い。値は原本のまま
673b10442d5a7d7f,JP,index,建設工事費デフレーター（2020年度基準） 四半期別,RC量産住宅,RC量産住宅,index (2020年度平均 = 100),national,JP,日本,,,,104.2,,index_value,published_pdl,,,2021Q3,,mlit-deflator-tsuki-2607,deftsuki2020（四半期別）!BN32,https://www.mlit.go.jp/statistics/details/content/deftsuki_2607.xlsx,PDL1.0,,2020年度基準(2020年度平均=100)。2026年4月分の公表から2020年度基準に改定(原本注)。ウエイト項目に営業余剰や間接税(消費税を含む)等を含めない(原本注)。原本の期間表示「2021年 7-9月」(暦年の四半期)。注意(W2 の照合): 2020年4-6月期以降の四半期別シートの「地方道路公社等」から「S事務所・その他」までの33列は、月別シートの同じ系列の3か月平均と合わず、左隣の系列の3か月平均と合う。四半期別の値が1列右にずれている疑い。値は原本のまま
5253141c5ae36f20,JP,index,建設工事費デフレーター（2020年度基準） 四半期別,S在来住宅,S在来住宅,index (2020年度平均 = 100),national,JP,日本,,,,105.1,,index_value,published_pdl,,,2021Q3,,mlit-deflator-tsuki-2607,deftsuki2020（四半期別）!BO32,https://www.mlit.go.jp/statistics/details/content/deftsuki_2607.xlsx,PDL1.0,,2020年度基準(2020年度平均=100)。2026年4月分の公表から2020年度基準に改定(原本注)。ウエイト項目に営業余剰や間接税(消費税を含む)等を含めない(原本注)。原本の期間表示「2021年 7-9月」(暦年の四半期)。注意(W2 の照合): 2020年4-6月期以降の四半期別シートの「地方道路公社等」から「S事務所・その他」までの33列は、月別シートの同じ系列の3か月平均と合わず、左隣の系列の3か月平均と合う。四半期別の値が1列右にずれている疑い。値は原本のまま
aa0746a54d130a46,JP,index,建設工事費デフレーター（2020年度基準） 四半期別,S量産住宅,S量産住宅,index (2020年度平均 = 100),national,JP,日本,,,,103.6,,index_value,published_pdl,,,2021Q3,,mlit-deflator-tsuki-2607,deftsuki2020（四半期別）!BP32,https://www.mlit.go.jp/statistics/details/content/deftsuki_2607.xlsx,PDL1.0,,2020年度基準(2020年度平均=100)。2026年4月分の公表から2020年度基準に改定(原本注)。ウエイト項目に営業余剰や間接税(消費税を含む)等を含めない(原本注)。原本の期間表示「2021年 7-9月」(暦年の四半期)。注意(W2 の照合): 2020年4-6月期以降の四半期別シートの「地方道路公社等」から「S事務所・その他」までの33列は、月別シートの同じ系列の3か月平均と合わず、左隣の系列の3か月平均と合う。四半期別の値が1列右にずれている疑い。値は原本のまま
e8ea166647fff83c,JP,index,建設工事費デフレーター（2020年度基準） 四半期別,W工場・倉庫,W工場・倉庫,index (2020年度平均 = 100),national,JP,日本,,,,108.4,,index_value,published_pdl,,,2021Q3,,mlit-deflator-tsuki-2607,deftsuki2020（四半期別）!BQ32,https://www.mlit.go.jp/statistics/details/content/deftsuki_2607.xlsx,PDL1.0,,2020年度基準(2020年度平均=100)。2026年4月分の公表から2020年度基準に改定(原本注)。ウエイト項目に営業余剰や間接税(消費税を含む)等を含めない(原本注)。原本の期間表示「2021年 7-9月」(暦年の四半期)。注意(W2 の照合): 2020年4-6月期以降の四半期別シートの「地方道路公社等」から「S事務所・その他」までの33列は、月別シートの同じ系列の3か月平均と合わず、左隣の系列の3か月平均と合う。四半期別の値が1列右にずれている疑い。値は原本のまま
aa079a2ad33c5e71,JP,index,建設工事費デフレーター（2020年度基準） 四半期別,W事務所・その他,W事務所・その他,index (2020年度平均 = 100),national,JP,日本,,,,106.4,,index_value,published_pdl,,,2021Q3,,mlit-deflator-tsuki-2607,deftsuki2020（四半期別）!BR32,https://www.mlit.go.jp/statistics/details/content/deftsuki_2607.xlsx,PDL1.0,,2020年度基準(2020年度平均=100)。2026年4月分の公表から2020年度基準に改定(原本注)。ウエイト項目に営業余剰や間接税(消費税を含む)等を含めない(原本注)。原本の期間表示「2021年 7-9月」(暦年の四半期)。注意(W2 の照合): 2020年4-6月期以降の四半期別シートの「地方道路公社等」から「S事務所・その他」までの33列は、月別シートの同じ系列の3か月平均と合わず、左隣の系列の3か月平均と合う。四半期別の値が1列右にずれている疑い。値は原本のまま
e8299c482277e166,JP,index,建設工事費デフレーター（2020年度基準） 四半期別,SRC工場・倉庫,SRC工場・倉庫,index (2020年度平均 = 100),national,JP,日本,,,,107.4,,index_value,published_pdl,,,2021Q3,,mlit-deflator-tsuki-2607,deftsuki2020（四半期別）!BS32,https://www.mlit.go.jp/statistics/details/content/deftsuki_2607.xlsx,PDL1.0,,2020年度基準(2020年度平均=100)。2026年4月分の公表から2020年度基準に改定(原本注)。ウエイト項目に営業余剰や間接税(消費税を含む)等を含めない(原本注)。原本の期間表示「2021年 7-9月」(暦年の四半期)。注意(W2 の照合): 2020年4-6月期以降の四半期別シートの「地方道路公社等」から「S事務所・その他」までの33列は、月別シートの同じ系列の3か月平均と合わず、左隣の系列の3か月平均と合う。四半期別の値が1列右にずれている疑い。値は原本のまま
3c8b8f0e52c753e6,JP,index,建設工事費デフレーター（2020年度基準） 四半期別,SRC事務所・その他,SRC事務所・その他,index (2020年度平均 = 100),national,JP,日本,,,,102.4,,index_value,published_pdl,,,2021Q3,,mlit-deflator-tsuki-2607,deftsuki2020（四半期別）!BT32,https://www.mlit.go.jp/statistics/details/content/deftsuki_2607.xlsx,PDL1.0,,2020年度基準(2020年度平均=100)。2026年4月分の公表から2020年度基準に改定(原本注)。ウエイト項目に営業余剰や間接税(消費税を含む)等を含めない(原本注)。原本の期間表示「2021年 7-9月」(暦年の四半期)。注意(W2 の照合): 2020年4-6月期以降の四半期別シートの「地方道路公社等」から「S事務所・その他」までの33列は、月別シートの同じ系列の3か月平均と合わず、左隣の系列の3か月平均と合う。四半期別の値が1列右にずれている疑い。値は原本のまま
2ae83752f9b1d79c,JP,index,建設工事費デフレーター（2020年度基準） 四半期別,RC工場・倉庫,RC工場・倉庫,index (2020年度平均 = 100),national,JP,日本,,,,102.8,,index_value,published_pdl,,,2021Q3,,mlit-deflator-tsuki-2607,deftsuki2020（四半期別）!BU32,https://www.mlit.go.jp/statistics/details/content/deftsuki_2607.xlsx,PDL1.0,,2020年度基準(2020年度平均=100)。2026年4月分の公表から2020年度基準に改定(原本注)。ウエイト項目に営業余剰や間接税(消費税を含む)等を含めない(原本注)。原本の期間表示「2021年 7-9月」(暦年の四半期)。注意(W2 の照合): 2020年4-6月期以降の四半期別シートの「地方道路公社等」から「S事務所・その他」までの33列は、月別シートの同じ系列の3か月平均と合わず、左隣の系列の3か月平均と合う。四半期別の値が1列右にずれている疑い。値は原本のまま
97e193b26cf94c1d,JP,index,建設工事費デフレーター（2020年度基準） 四半期別,RC学校,RC学校,index (2020年度平均 = 100),national,JP,日本,,,,102.7,,index_value,published_pdl,,,2021Q3,,mlit-deflator-tsuki-2607,deftsuki2020（四半期別）!BV32,https://www.mlit.go.jp/statistics/details/content/deftsuki_2607.xlsx,PDL1.0,,2020年度基準(2020年度平均=100)。2026年4月分の公表から2020年度基準に改定(原本注)。ウエイト項目に営業余剰や間接税(消費税を含む)等を含めない(原本注)。原本の期間表示「2021年 7-9月」(暦年の四半期)。注意(W2 の照合): 2020年4-6月期以降の四半期別シートの「地方道路公社等」から「S事務所・その他」までの33列は、月別シートの同じ系列の3か月平均と合わず、左隣の系列の3か月平均と合う。四半期別の値が1列右にずれている疑い。値は原本のまま
b8404ada0cebf256,JP,index,建設工事費デフレーター（2020年度基準） 四半期別,RC事務所・その他,RC事務所・その他,index (2020年度平均 = 100),national,JP,日本,,,,103.9,,index_value,published_pdl,,,2021Q3,,mlit-deflator-tsuki-2607,deftsuki2020（四半期別）!BW32,https://www.mlit.go.jp/statistics/details/content/deftsuki_2607.xlsx,PDL1.0,,2020年度基準(2020年度平均=100)。2026年4月分の公表から2020年度基準に改定(原本注)。ウエイト項目に営業余剰や間接税(消費税を含む)等を含めない(原本注)。原本の期間表示「2021年 7-9月」(暦年の四半期)。注意(W2 の照合): 2020年4-6月期以降の四半期別シートの「地方道路公社等」から「S事務所・その他」までの33列は、月別シートの同じ系列の3か月平均と合わず、左隣の系列の3か月平均と合う。四半期別の値が1列右にずれている疑い。値は原本のまま
6336b1cc2692dd16,JP,index,建設工事費デフレーター（2020年度基準） 四半期別,S工場・倉庫,S工場・倉庫,index (2020年度平均 = 100),national,JP,日本,,,,103.5,,index_value,published_pdl,,,2021Q3,,mlit-deflator-tsuki-2607,deftsuki2020（四半期別）!BX32,https://www.mlit.go.jp/statistics/details/content/deftsuki_2607.xlsx,PDL1.0,,2020年度基準(2020年度平均=100)。2026年4月分の公表から2020年度基準に改定(原本注)。ウエイト項目に営業余剰や間接税(消費税を含む)等を含めない(原本注)。原本の期間表示「2021年 7-9月」(暦年の四半期)。注意(W2 の照合): 2020年4-6月期以降の四半期別シートの「地方道路公社等」から「S事務所・その他」までの33列は、月別シートの同じ系列の3か月平均と合わず、左隣の系列の3か月平均と合う。四半期別の値が1列右にずれている疑い。値は原本のまま
4f31d935d8c1bdc2,JP,index,建設工事費デフレーター（2020年度基準） 四半期別,S事務所・その他,S事務所・その他,index (2020年度平均 = 100),national,JP,日本,,,,102.4,,index_value,published_pdl,,,2021Q3,,mlit-deflator-tsuki-2607,deftsuki2020（四半期別）!BY32,https://www.mlit.go.jp/statistics/details/content/deftsuki_2607.xlsx,PDL1.0,,2020年度基準(2020年度平均=100)。2026年4月分の公表から2020年度基準に改定(原本注)。ウエイト項目に営業余剰や間接税(消費税を含む)等を含めない(原本注)。原本の期間表示「2021年 7-9月」(暦年の四半期)。注意(W2 の照合): 2020年4-6月期以降の四半期別シートの「地方道路公社等」から「S事務所・その他」までの33列は、月別シートの同じ系列の3か月平均と合わず、左隣の系列の3か月平均と合う。四半期別の値が1列右にずれている疑い。値は原本のまま
a856c72bc2cac42e,JP,index,建設工事費デフレーター（2020年度基準） 四半期別,地方道路公社等,建設総合 > 土木総合 > 公共事業 > 土木1（除く災害復旧） > 道路総合 > 有料道路 > 地方道路公社等,index (2020年度平均 = 100),national,JP,日本,,,,103.1,,index_value,published_pdl,,,2021Q4,,mlit-deflator-tsuki-2607,deftsuki2020（四半期別）!AS33,https://www.mlit.go.jp/statistics/details/content/deftsuki_2607.xlsx,PDL1.0,,2020年度基準(2020年度平均=100)。2026年4月分の公表から2020年度基準に改定(原本注)。ウエイト項目に営業余剰や間接税(消費税を含む)等を含めない(原本注)。原本の期間表示「2021年 10-12月」(暦年の四半期)。注意(W2 の照合): 2020年4-6月期以降の四半期別シートの「地方道路公社等」から「S事務所・その他」までの33列は、月別シートの同じ系列の3か月平均と合わず、左隣の系列の3か月平均と合う。四半期別の値が1列右にずれている疑い。値は原本のまま
3b3e476ed0b97e4c,JP,index,建設工事費デフレーター（2020年度基準） 四半期別,道路2（再掲）,建設総合 > 土木総合 > 公共事業 > 土木1（除く災害復旧） > 道路2（再掲）,index (2020年度平均 = 100),national,JP,日本,,,,104.7,,index_value,published_pdl,,,2021Q4,,mlit-deflator-tsuki-2607,deftsuki2020（四半期別）!AT33,https://www.mlit.go.jp/statistics/details/content/deftsuki_2607.xlsx,PDL1.0,,2020年度基準(2020年度平均=100)。2026年4月分の公表から2020年度基準に改定(原本注)。ウエイト項目に営業余剰や間接税(消費税を含む)等を含めない(原本注)。原本の期間表示「2021年 10-12月」(暦年の四半期)。注意(W2 の照合): 2020年4-6月期以降の四半期別シートの「地方道路公社等」から「S事務所・その他」までの33列は、月別シートの同じ系列の3か月平均と合わず、左隣の系列の3か月平均と合う。四半期別の値が1列右にずれている疑い。値は原本のまま
b62e432b9a5e9b65,JP,index,建設工事費デフレーター（2020年度基準） 四半期別,街路2（再掲）,建設総合 > 土木総合 > 公共事業 > 土木1（除く災害復旧） > 街路2（再掲）,index (2020年度平均 = 100),national,JP,日本,,,,104.5,,index_value,published_pdl,,,2021Q4,,mlit-deflator-tsuki-2607,deftsuki2020（四半期別）!AU33,https://www.mlit.go.jp/statistics/details/content/deftsuki_2607.xlsx,PDL1.0,,2020年度基準(2020年度平均=100)。2026年4月分の公表から2020年度基準に改定(原本注)。ウエイト項目に営業余剰や間接税(消費税を含む)等を含めない(原本注)。原本の期間表示「2021年 10-12月」(暦年の四半期)。注意(W2 の照合): 2020年4-6月期以降の四半期別シートの「地方道路公社等」から「S事務所・その他」までの33列は、月別シートの同じ系列の3か月平均と合わず、左隣の系列の3か月平均と合う。四半期別の値が1列右にずれている疑い。値は原本のまま
cd2e6c6a9a2c207d,JP,index,建設工事費デフレーター（2020年度基準） 四半期別,公園,建設総合 > 土木総合 > 公共事業 > 土木1（除く災害復旧） > 公園,index (2020年度平均 = 100),national,JP,日本,,,,103.7,,index_value,published_pdl,,,2021Q4,,mlit-deflator-tsuki-2607,deftsuki2020（四半期別）!AV33,https://www.mlit.go.jp/statistics/details/content/deftsuki_2607.xlsx,PDL1.0,,2020年度基準(2020年度平均=100)。2026年4月分の公表から2020年度基準に改定(原本注)。ウエイト項目に営業余剰や間接税(消費税を含む)等を含めない(原本注)。原本の期間表示「2021年 10-12月」(暦年の四半期)。注意(W2 の照合): 2020年4-6月期以降の四半期別シートの「地方道路公社等」から「S事務所・その他」までの33列は、月別シートの同じ系列の3か月平均と合わず、左隣の系列の3か月平均と合う。四半期別の値が1列右にずれている疑い。値は原本のまま
4ce1d6c4715e822f,JP,index,建設工事費デフレーター（2020年度基準） 四半期別,下水道,建設総合 > 土木総合 > 公共事業 > 土木1（除く災害復旧） > 下水道,index (2020年度平均 = 100),national,JP,日本,,,,103.7,,index_value,published_pdl,,,2021Q4,,mlit-deflator-tsuki-2607,deftsuki2020（四半期別）!AW33,https://www.mlit.go.jp/statistics/details/content/deftsuki_2607.xlsx,PDL1.0,,2020年度基準(2020年度平均=100)。2026年4月分の公表から2020年度基準に改定(原本注)。ウエイト項目に営業余剰や間接税(消費税を含む)等を含めない(原本注)。原本の期間表示「2021年 10-12月」(暦年の四半期)。注意(W2 の照合): 2020年4-6月期以降の四半期別シートの「地方道路公社等」から「S事務所・その他」までの33列は、月別シートの同じ系列の3か月平均と合わず、左隣の系列の3か月平均と合う。四半期別の値が1列右にずれている疑い。値は原本のまま
d721444c23f240a1,JP,index,建設工事費デフレーター（2020年度基準） 四半期別,災害復旧,建設総合 > 土木総合 > 公共事業 > 土木1（除く災害復旧） > 災害復旧,index (2020年度平均 = 100),national,JP,日本,,,,103.4,,index_value,published_pdl,,,2021Q4,,mlit-deflator-tsuki-2607,deftsuki2020（四半期別）!AX33,https://www.mlit.go.jp/statistics/details/content/deftsuki_2607.xlsx,PDL1.0,,2020年度基準(2020年度平均=100)。2026年4月分の公表から2020年度基準に改定(原本注)。ウエイト項目に営業余剰や間接税(消費税を含む)等を含めない(原本注)。原本の期間表示「2021年 10-12月」(暦年の四半期)。注意(W2 の照合): 2020年4-6月期以降の四半期別シートの「地方道路公社等」から「S事務所・その他」までの33列は、月別シートの同じ系列の3か月平均と合わず、左隣の系列の3か月平均と合う。四半期別の値が1列右にずれている疑い。値は原本のまま
4fb0bfafa790b017,JP,index,建設工事費デフレーター（2020年度基準） 四半期別,土木2,建設総合 > 土木総合 > 公共事業 > 土木2,index (2020年度平均 = 100),national,JP,日本,,,,103.2,,index_value,published_pdl,,,2021Q4,,mlit-deflator-tsuki-2607,deftsuki2020（四半期別）!AY33,https://www.mlit.go.jp/statistics/details/content/deftsuki_2607.xlsx,PDL1.0,,2020年度基準(2020年度平均=100)。2026年4月分の公表から2020年度基準に改定(原本注)。ウエイト項目に営業余剰や間接税(消費税を含む)等を含めない(原本注)。原本の期間表示「2021年 10-12月」(暦年の四半期)。注意(W2 の照合): 2020年4-6月期以降の四半期別シートの「地方道路公社等」から「S事務所・その他」までの33列は、月別シートの同じ系列の3か月平均と合わず、左隣の系列の3か月平均と合う。四半期別の値が1列右にずれている疑い。値は原本のまま
42d10bbd7c537bbf,JP,index,建設工事費デフレーター（2020年度基準） 四半期別,港湾・漁港,建設総合 > 土木総合 > 公共事業 > 土木2 > 港湾・漁港,index (2020年度平均 = 100),national,JP,日本,,,,104.3,,index_value,published_pdl,,,2021Q4,,mlit-deflator-tsuki-2607,deftsuki2020（四半期別）!AZ33,https://www.mlit.go.jp/statistics/details/content/deftsuki_2607.xlsx,PDL1.0,,2020年度基準(2020年度平均=100)。2026年4月分の公表から2020年度基準に改定(原本注)。ウエイト項目に営業余剰や間接税(消費税を含む)等を含めない(原本注)。原本の期間表示「2021年 10-12月」(暦年の四半期)。注意(W2 の照合): 2020年4-6月期以降の四半期別シートの「地方道路公社等」から「S事務所・その他」までの33列は、月別シートの同じ系列の3か月平均と合わず、左隣の系列の3か月平均と合う。四半期別の値が1列右にずれている疑い。値は原本のまま
70b93fc5ba40b367,JP,index,建設工事費デフレーター（2020年度基準） 四半期別,空港,建設総合 > 土木総合 > 公共事業 > 土木2 > 空港,index (2020年度平均 = 100),national,JP,日本,,,,104.1,,index_value,published_pdl,,,2021Q4,,mlit-deflator-tsuki-2607,deftsuki2020（四半期別）!BA33,https://www.mlit.go.jp/statistics/details/content/deftsuki_2607.xlsx,PDL1.0,,2020年度基準(2020年度平均=100)。2026年4月分の公表から2020年度基準に改定(原本注)。ウエイト項目に営業余剰や間接税(消費税を含む)等を含めない(原本注)。原本の期間表示「2021年 10-12月」(暦年の四半期)。注意(W2 の照合): 2020年4-6月期以降の四半期別シートの「地方道路公社等」から「S事務所・その他」までの33列は、月別シートの同じ系列の3か月平均と合わず、左隣の系列の3か月平均と合う。四半期別の値が1列右にずれている疑い。値は原本のまま
d51cc4557c8bfb9a,JP,index,建設工事費デフレーター（2020年度基準） 四半期別,環境衛生,建設総合 > 土木総合 > 公共事業 > 土木2 > 環境衛生,index (2020年度平均 = 100),national,JP,日本,,,,102.8,,index_value,published_pdl,,,2021Q4,,mlit-deflator-tsuki-2607,deftsuki2020（四半期別）!BB33,https://www.mlit.go.jp/statistics/details/content/deftsuki_2607.xlsx,PDL1.0,,2020年度基準(2020年度平均=100)。2026年4月分の公表から2020年度基準に改定(原本注)。ウエイト項目に営業余剰や間接税(消費税を含む)等を含めない(原本注)。原本の期間表示「2021年 10-12月」(暦年の四半期)。注意(W2 の照合): 2020年4-6月期以降の四半期別シートの「地方道路公社等」から「S事務所・その他」までの33列は、月別シートの同じ系列の3か月平均と合わず、左隣の系列の3か月平均と合う。四半期別の値が1列右にずれている疑い。値は原本のまま
837d939c6e00ba63,JP,index,建設工事費デフレーター（2020年度基準） 四半期別,農林関係公共事業,建設総合 > 土木総合 > 公共事業 > 土木2 > 農林関係公共事業,index (2020年度平均 = 100),national,JP,日本,,,,105.3,,index_value,published_pdl,,,2021Q4,,mlit-deflator-tsuki-2607,deftsuki2020（四半期別）!BC33,https://www.mlit.go.jp/statistics/details/content/deftsuki_2607.xlsx,PDL1.0,,2020年度基準(2020年度平均=100)。2026年4月分の公表から2020年度基準に改定(原本注)。ウエイト項目に営業余剰や間接税(消費税を含む)等を含めない(原本注)。原本の期間表示「2021年 10-12月」(暦年の四半期)。注意(W2 の照合): 2020年4-6月期以降の四半期別シートの「地方道路公社等」から「S事務所・その他」までの33列は、月別シートの同じ系列の3か月平均と合わず、左隣の系列の3か月平均と合う。四半期別の値が1列右にずれている疑い。値は原本のまま
ae5fbbad54c14119,JP,index,建設工事費デフレーター（2020年度基準） 四半期別,その他土木,建設総合 > 土木総合 > その他土木 (原本の列 BD。同じ表頭の列が2つある),index (2020年度平均 = 100),national,JP,日本,,,,104.4,,index_value,published_pdl,,,2021Q4,,mlit-deflator-tsuki-2607,deftsuki2020（四半期別）!BD33,https://www.mlit.go.jp/statistics/details/content/deftsuki_2607.xlsx,PDL1.0,,2020年度基準(2020年度平均=100)。2026年4月分の公表から2020年度基準に改定(原本注)。ウエイト項目に営業余剰や間接税(消費税を含む)等を含めない(原本注)。原本の期間表示「2021年 10-12月」(暦年の四半期)。注意(W2 の照合): 2020年4-6月期以降の四半期別シートの「地方道路公社等」から「S事務所・その他」までの33列は、月別シートの同じ系列の3か月平均と合わず、左隣の系列の3か月平均と合う。四半期別の値が1列右にずれている疑い。値は原本のまま
07bbe2b7c2a03cd4,JP,index,建設工事費デフレーター（2020年度基準） 四半期別,鉄道軌道,建設総合 > 土木総合 > その他土木 > 鉄道軌道,index (2020年度平均 = 100),national,JP,日本,,,,104.9,,index_value,published_pdl,,,2021Q4,,mlit-deflator-tsuki-2607,deftsuki2020（四半期別）!BE33,https://www.mlit.go.jp/statistics/details/content/deftsuki_2607.xlsx,PDL1.0,,2020年度基準(2020年度平均=100)。2026年4月分の公表から2020年度基準に改定(原本注)。ウエイト項目に営業余剰や間接税(消費税を含む)等を含めない(原本注)。原本の期間表示「2021年 10-12月」(暦年の四半期)。注意(W2 の照合): 2020年4-6月期以降の四半期別シートの「地方道路公社等」から「S事務所・その他」までの33列は、月別シートの同じ系列の3か月平均と合わず、左隣の系列の3か月平均と合う。四半期別の値が1列右にずれている疑い。値は原本のまま
ce882cfa5c241bbd,JP,index,建設工事費デフレーター（2020年度基準） 四半期別,電力,建設総合 > 土木総合 > その他土木 > 電力,index (2020年度平均 = 100),national,JP,日本,,,,106.5,,index_value,published_pdl,,,2021Q4,,mlit-deflator-tsuki-2607,deftsuki2020（四半期別）!BF33,https://www.mlit.go.jp/statistics/details/content/deftsuki_2607.xlsx,PDL1.0,,2020年度基準(2020年度平均=100)。2026年4月分の公表から2020年度基準に改定(原本注)。ウエイト項目に営業余剰や間接税(消費税を含む)等を含めない(原本注)。原本の期間表示「2021年 10-12月」(暦年の四半期)。注意(W2 の照合): 2020年4-6月期以降の四半期別シートの「地方道路公社等」から「S事務所・その他」までの33列は、月別シートの同じ系列の3か月平均と合わず、左隣の系列の3か月平均と合う。四半期別の値が1列右にずれている疑い。値は原本のまま
5cac2040a3b2878b,JP,index,建設工事費デフレーター（2020年度基準） 四半期別,電気通信,建設総合 > 土木総合 > その他土木 > 電気通信,index (2020年度平均 = 100),national,JP,日本,,,,105.3,,index_value,published_pdl,,,2021Q4,,mlit-deflator-tsuki-2607,deftsuki2020（四半期別）!BG33,https://www.mlit.go.jp/statistics/details/content/deftsuki_2607.xlsx,PDL1.0,,2020年度基準(2020年度平均=100)。2026年4月分の公表から2020年度基準に改定(原本注)。ウエイト項目に営業余剰や間接税(消費税を含む)等を含めない(原本注)。原本の期間表示「2021年 10-12月」(暦年の四半期)。注意(W2 の照合): 2020年4-6月期以降の四半期別シートの「地方道路公社等」から「S事務所・その他」までの33列は、月別シートの同じ系列の3か月平均と合わず、左隣の系列の3か月平均と合う。四半期別の値が1列右にずれている疑い。値は原本のまま
10aa82e3f2dd82db,JP,index,建設工事費デフレーター（2020年度基準） 四半期別,上・工業用水道,建設総合 > 土木総合 > その他土木 > 上・工業用水道,index (2020年度平均 = 100),national,JP,日本,,,,103.9,,index_value,published_pdl,,,2021Q4,,mlit-deflator-tsuki-2607,deftsuki2020（四半期別）!BH33,https://www.mlit.go.jp/statistics/details/content/deftsuki_2607.xlsx,PDL1.0,,2020年度基準(2020年度平均=100)。2026年4月分の公表から2020年度基準に改定(原本注)。ウエイト項目に営業余剰や間接税(消費税を含む)等を含めない(原本注)。原本の期間表示「2021年 10-12月」(暦年の四半期)。注意(W2 の照合): 2020年4-6月期以降の四半期別シートの「地方道路公社等」から「S事務所・その他」までの33列は、月別シートの同じ系列の3か月平均と合わず、左隣の系列の3か月平均と合う。四半期別の値が1列右にずれている疑い。値は原本のまま
f8f6e19c3dd3accf,JP,index,建設工事費デフレーター（2020年度基準） 四半期別,土地造成,建設総合 > 土木総合 > その他土木 > 土地造成,index (2020年度平均 = 100),national,JP,日本,,,,103.8,,index_value,published_pdl,,,2021Q4,,mlit-deflator-tsuki-2607,deftsuki2020（四半期別）!BI33,https://www.mlit.go.jp/statistics/details/content/deftsuki_2607.xlsx,PDL1.0,,2020年度基準(2020年度平均=100)。2026年4月分の公表から2020年度基準に改定(原本注)。ウエイト項目に営業余剰や間接税(消費税を含む)等を含めない(原本注)。原本の期間表示「2021年 10-12月」(暦年の四半期)。注意(W2 の照合): 2020年4-6月期以降の四半期別シートの「地方道路公社等」から「S事務所・その他」までの33列は、月別シートの同じ系列の3か月平均と合わず、左隣の系列の3か月平均と合う。四半期別の値が1列右にずれている疑い。値は原本のまま
a7578c51371dfb9f,JP,index,建設工事費デフレーター（2020年度基準） 四半期別,その他土木,建設総合 > 土木総合 > その他土木 (原本の列 BJ。同じ表頭の列が2つある),index (2020年度平均 = 100),national,JP,日本,,,,103.6,,index_value,published_pdl,,,2021Q4,,mlit-deflator-tsuki-2607,deftsuki2020（四半期別）!BJ33,https://www.mlit.go.jp/statistics/details/content/deftsuki_2607.xlsx,PDL1.0,,2020年度基準(2020年度平均=100)。2026年4月分の公表から2020年度基準に改定(原本注)。ウエイト項目に営業余剰や間接税(消費税を含む)等を含めない(原本注)。原本の期間表示「2021年 10-12月」(暦年の四半期)。注意(W2 の照合): 2020年4-6月期以降の四半期別シートの「地方道路公社等」から「S事務所・その他」までの33列は、月別シートの同じ系列の3か月平均と合わず、左隣の系列の3か月平均と合う。四半期別の値が1列右にずれている疑い。値は原本のまま
6135e08fe230cab5,JP,index,建設工事費デフレーター（2020年度基準） 四半期別,W在来住宅,W在来住宅,index (2020年度平均 = 100),national,JP,日本,,,,104.3,,index_value,published_pdl,,,2021Q4,,mlit-deflator-tsuki-2607,deftsuki2020（四半期別）!BK33,https://www.mlit.go.jp/statistics/details/content/deftsuki_2607.xlsx,PDL1.0,,2020年度基準(2020年度平均=100)。2026年4月分の公表から2020年度基準に改定(原本注)。ウエイト項目に営業余剰や間接税(消費税を含む)等を含めない(原本注)。原本の期間表示「2021年 10-12月」(暦年の四半期)。注意(W2 の照合): 2020年4-6月期以降の四半期別シートの「地方道路公社等」から「S事務所・その他」までの33列は、月別シートの同じ系列の3か月平均と合わず、左隣の系列の3か月平均と合う。四半期別の値が1列右にずれている疑い。値は原本のまま
33e7b62bb60e9ae5,JP,index,建設工事費デフレーター（2020年度基準） 四半期別,W量産住宅,W量産住宅,index (2020年度平均 = 100),national,JP,日本,,,,113.3,,index_value,published_pdl,,,2021Q4,,mlit-deflator-tsuki-2607,deftsuki2020（四半期別）!BL33,https://www.mlit.go.jp/statistics/details/content/deftsuki_2607.xlsx,PDL1.0,,2020年度基準(2020年度平均=100)。2026年4月分の公表から2020年度基準に改定(原本注)。ウエイト項目に営業余剰や間接税(消費税を含む)等を含めない(原本注)。原本の期間表示「2021年 10-12月」(暦年の四半期)。注意(W2 の照合): 2020年4-6月期以降の四半期別シートの「地方道路公社等」から「S事務所・その他」までの33列は、月別シートの同じ系列の3か月平均と合わず、左隣の系列の3か月平均と合う。四半期別の値が1列右にずれている疑い。値は原本のまま
77f1cf21b4d351d1,JP,index,建設工事費デフレーター（2020年度基準） 四半期別,RC在来住宅,RC在来住宅,index (2020年度平均 = 100),national,JP,日本,,,,118.8,,index_value,published_pdl,,,2021Q4,,mlit-deflator-tsuki-2607,deftsuki2020（四半期別）!BM33,https://www.mlit.go.jp/statistics/details/content/deftsuki_2607.xlsx,PDL1.0,,2020年度基準(2020年度平均=100)。2026年4月分の公表から2020年度基準に改定(原本注)。ウエイト項目に営業余剰や間接税(消費税を含む)等を含めない(原本注)。原本の期間表示「2021年 10-12月」(暦年の四半期)。注意(W2 の照合): 2020年4-6月期以降の四半期別シートの「地方道路公社等」から「S事務所・その他」までの33列は、月別シートの同じ系列の3か月平均と合わず、左隣の系列の3か月平均と合う。四半期別の値が1列右にずれている疑い。値は原本のまま
b6c53006cc73a026,JP,index,建設工事費デフレーター（2020年度基準） 四半期別,RC量産住宅,RC量産住宅,index (2020年度平均 = 100),national,JP,日本,,,,106.4,,index_value,published_pdl,,,2021Q4,,mlit-deflator-tsuki-2607,deftsuki2020（四半期別）!BN33,https://www.mlit.go.jp/statistics/details/content/deftsuki_2607.xlsx,PDL1.0,,2020年度基準(2020年度平均=100)。2026年4月分の公表から2020年度基準に改定(原本注)。ウエイト項目に営業余剰や間接税(消費税を含む)等を含めない(原本注)。原本の期間表示「2021年 10-12月」(暦年の四半期)。注意(W2 の照合): 2020年4-6月期以降の四半期別シートの「地方道路公社等」から「S事務所・その他」までの33列は、月別シートの同じ系列の3か月平均と合わず、左隣の系列の3か月平均と合う。四半期別の値が1列右にずれている疑い。値は原本のまま
85b777aee65a2420,JP,index,建設工事費デフレーター（2020年度基準） 四半期別,S在来住宅,S在来住宅,index (2020年度平均 = 100),national,JP,日本,,,,107.6,,index_value,published_pdl,,,2021Q4,,mlit-deflator-tsuki-2607,deftsuki2020（四半期別）!BO33,https://www.mlit.go.jp/statistics/details/content/deftsuki_2607.xlsx,PDL1.0,,2020年度基準(2020年度平均=100)。2026年4月分の公表から2020年度基準に改定(原本注)。ウエイト項目に営業余剰や間接税(消費税を含む)等を含めない(原本注)。原本の期間表示「2021年 10-12月」(暦年の四半期)。注意(W2 の照合): 2020年4-6月期以降の四半期別シートの「地方道路公社等」から「S事務所・その他」までの33列は、月別シートの同じ系列の3か月平均と合わず、左隣の系列の3か月平均と合う。四半期別の値が1列右にずれている疑い。値は原本のまま
af2973e0c85f67da,JP,index,建設工事費デフレーター（2020年度基準） 四半期別,S量産住宅,S量産住宅,index (2020年度平均 = 100),national,JP,日本,,,,105.7,,index_value,published_pdl,,,2021Q4,,mlit-deflator-tsuki-2607,deftsuki2020（四半期別）!BP33,https://www.mlit.go.jp/statistics/details/content/deftsuki_2607.xlsx,PDL1.0,,2020年度基準(2020年度平均=100)。2026年4月分の公表から2020年度基準に改定(原本注)。ウエイト項目に営業余剰や間接税(消費税を含む)等を含めない(原本注)。原本の期間表示「2021年 10-12月」(暦年の四半期)。注意(W2 の照合): 2020年4-6月期以降の四半期別シートの「地方道路公社等」から「S事務所・その他」までの33列は、月別シートの同じ系列の3か月平均と合わず、左隣の系列の3か月平均と合う。四半期別の値が1列右にずれている疑い。値は原本のまま
e460dd9c962fc07d,JP,index,建設工事費デフレーター（2020年度基準） 四半期別,W工場・倉庫,W工場・倉庫,index (2020年度平均 = 100),national,JP,日本,,,,112.8,,index_value,published_pdl,,,2021Q4,,mlit-deflator-tsuki-2607,deftsuki2020（四半期別）!BQ33,https://www.mlit.go.jp/statistics/details/content/deftsuki_2607.xlsx,PDL1.0,,2020年度基準(2020年度平均=100)。2026年4月分の公表から2020年度基準に改定(原本注)。ウエイト項目に営業余剰や間接税(消費税を含む)等を含めない(原本注)。原本の期間表示「2021年 10-12月」(暦年の四半期)。注意(W2 の照合): 2020年4-6月期以降の四半期別シートの「地方道路公社等」から「S事務所・その他」までの33列は、月別シートの同じ系列の3か月平均と合わず、左隣の系列の3か月平均と合う。四半期別の値が1列右にずれている疑い。値は原本のまま
72413d845647589c,JP,index,建設工事費デフレーター（2020年度基準） 四半期別,W事務所・その他,W事務所・その他,index (2020年度平均 = 100),national,JP,日本,,,,108.8,,index_value,published_pdl,,,2021Q4,,mlit-deflator-tsuki-2607,deftsuki2020（四半期別）!BR33,https://www.mlit.go.jp/statistics/details/content/deftsuki_2607.xlsx,PDL1.0,,2020年度基準(2020年度平均=100)。2026年4月分の公表から2020年度基準に改定(原本注)。ウエイト項目に営業余剰や間接税(消費税を含む)等を含めない(原本注)。原本の期間表示「2021年 10-12月」(暦年の四半期)。注意(W2 の照合): 2020年4-6月期以降の四半期別シートの「地方道路公社等」から「S事務所・その他」までの33列は、月別シートの同じ系列の3か月平均と合わず、左隣の系列の3か月平均と合う。四半期別の値が1列右にずれている疑い。値は原本のまま
d8e61659e8f4d4de,JP,index,建設工事費デフレーター（2020年度基準） 四半期別,SRC工場・倉庫,SRC工場・倉庫,index (2020年度平均 = 100),national,JP,日本,,,,109.8,,index_value,published_pdl,,,2021Q4,,mlit-deflator-tsuki-2607,deftsuki2020（四半期別）!BS33,https://www.mlit.go.jp/statistics/details/content/deftsuki_2607.xlsx,PDL1.0,,2020年度基準(2020年度平均=100)。2026年4月分の公表から2020年度基準に改定(原本注)。ウエイト項目に営業余剰や間接税(消費税を含む)等を含めない(原本注)。原本の期間表示「2021年 10-12月」(暦年の四半期)。注意(W2 の照合): 2020年4-6月期以降の四半期別シートの「地方道路公社等」から「S事務所・その他」までの33列は、月別シートの同じ系列の3か月平均と合わず、左隣の系列の3か月平均と合う。四半期別の値が1列右にずれている疑い。値は原本のまま
ab32a924143ca165,JP,index,建設工事費デフレーター（2020年度基準） 四半期別,SRC事務所・その他,SRC事務所・その他,index (2020年度平均 = 100),national,JP,日本,,,,104.3,,index_value,published_pdl,,,2021Q4,,mlit-deflator-tsuki-2607,deftsuki2020（四半期別）!BT33,https://www.mlit.go.jp/statistics/details/content/deftsuki_2607.xlsx,PDL1.0,,2020年度基準(2020年度平均=100)。2026年4月分の公表から2020年度基準に改定(原本注)。ウエイト項目に営業余剰や間接税(消費税を含む)等を含めない(原本注)。原本の期間表示「2021年 10-12月」(暦年の四半期)。注意(W2 の照合): 2020年4-6月期以降の四半期別シートの「地方道路公社等」から「S事務所・その他」までの33列は、月別シートの同じ系列の3か月平均と合わず、左隣の系列の3か月平均と合う。四半期別の値が1列右にずれている疑い。値は原本のまま
7d2bf7ae1fb3ff89,JP,index,建設工事費デフレーター（2020年度基準） 四半期別,RC工場・倉庫,RC工場・倉庫,index (2020年度平均 = 100),national,JP,日本,,,,104.5,,index_value,published_pdl,,,2021Q4,,mlit-deflator-tsuki-2607,deftsuki2020（四半期別）!BU33,https://www.mlit.go.jp/statistics/details/content/deftsuki_2607.xlsx,PDL1.0,,2020年度基準(2020年度平均=100)。2026年4月分の公表から2020年度基準に改定(原本注)。ウエイト項目に営業余剰や間接税(消費税を含む)等を含めない(原本注)。原本の期間表示「2021年 10-12月」(暦年の四半期)。注意(W2 の照合): 2020年4-6月期以降の四半期別シートの「地方道路公社等」から「S事務所・その他」までの33列は、月別シートの同じ系列の3か月平均と合わず、左隣の系列の3か月平均と合う。四半期別の値が1列右にずれている疑い。値は原本のまま
b91511e47469be43,JP,index,建設工事費デフレーター（2020年度基準） 四半期別,RC学校,RC学校,index (2020年度平均 = 100),national,JP,日本,,,,104.6,,index_value,published_pdl,,,2021Q4,,mlit-deflator-tsuki-2607,deftsuki2020（四半期別）!BV33,https://www.mlit.go.jp/statistics/details/content/deftsuki_2607.xlsx,PDL1.0,,2020年度基準(2020年度平均=100)。2026年4月分の公表から2020年度基準に改定(原本注)。ウエイト項目に営業余剰や間接税(消費税を含む)等を含めない(原本注)。原本の期間表示「2021年 10-12月」(暦年の四半期)。注意(W2 の照合): 2020年4-6月期以降の四半期別シートの「地方道路公社等」から「S事務所・その他」までの33列は、月別シートの同じ系列の3か月平均と合わず、左隣の系列の3か月平均と合う。四半期別の値が1列右にずれている疑い。値は原本のまま
12dda8b4fbb71bb3,JP,index,建設工事費デフレーター（2020年度基準） 四半期別,RC事務所・その他,RC事務所・その他,index (2020年度平均 = 100),national,JP,日本,,,,106,,index_value,published_pdl,,,2021Q4,,mlit-deflator-tsuki-2607,deftsuki2020（四半期別）!BW33,https://www.mlit.go.jp/statistics/details/content/deftsuki_2607.xlsx,PDL1.0,,2020年度基準(2020年度平均=100)。2026年4月分の公表から2020年度基準に改定(原本注)。ウエイト項目に営業余剰や間接税(消費税を含む)等を含めない(原本注)。原本の期間表示「2021年 10-12月」(暦年の四半期)。注意(W2 の照合): 2020年4-6月期以降の四半期別シートの「地方道路公社等」から「S事務所・その他」までの33列は、月別シートの同じ系列の3か月平均と合わず、左隣の系列の3か月平均と合う。四半期別の値が1列右にずれている疑い。値は原本のまま
56c01e136e5998b0,JP,index,建設工事費デフレーター（2020年度基準） 四半期別,S工場・倉庫,S工場・倉庫,index (2020年度平均 = 100),national,JP,日本,,,,105.5,,index_value,published_pdl,,,2021Q4,,mlit-deflator-tsuki-2607,deftsuki2020（四半期別）!BX33,https://www.mlit.go.jp/statistics/details/content/deftsuki_2607.xlsx,PDL1.0,,2020年度基準(2020年度平均=100)。2026年4月分の公表から2020年度基準に改定(原本注)。ウエイト項目に営業余剰や間接税(消費税を含む)等を含めない(原本注)。原本の期間表示「2021年 10-12月」(暦年の四半期)。注意(W2 の照合): 2020年4-6月期以降の四半期別シートの「地方道路公社等」から「S事務所・その他」までの33列は、月別シートの同じ系列の3か月平均と合わず、左隣の系列の3か月平均と合う。四半期別の値が1列右にずれている疑い。値は原本のまま
9d176bea87537c48,JP,index,建設工事費デフレーター（2020年度基準） 四半期別,S事務所・その他,S事務所・その他,index (2020年度平均 = 100),national,JP,日本,,,,104.3,,index_value,published_pdl,,,2021Q4,,mlit-deflator-tsuki-2607,deftsuki2020（四半期別）!BY33,https://www.mlit.go.jp/statistics/details/content/deftsuki_2607.xlsx,PDL1.0,,2020年度基準(2020年度平均=100)。2026年4月分の公表から2020年度基準に改定(原本注)。ウエイト項目に営業余剰や間接税(消費税を含む)等を含めない(原本注)。原本の期間表示「2021年 10-12月」(暦年の四半期)。注意(W2 の照合): 2020年4-6月期以降の四半期別シートの「地方道路公社等」から「S事務所・その他」までの33列は、月別シートの同じ系列の3か月平均と合わず、左隣の系列の3か月平均と合う。四半期別の値が1列右にずれている疑い。値は原本のまま
88c77368f59f4920,JP,index,建設工事費デフレーター（2020年度基準） 四半期別,地方道路公社等,建設総合 > 土木総合 > 公共事業 > 土木1（除く災害復旧） > 道路総合 > 有料道路 > 地方道路公社等,index (2020年度平均 = 100),national,JP,日本,,,,105.7,,index_value,published_pdl,,,2022Q1,,mlit-deflator-tsuki-2607,deftsuki2020（四半期別）!AS34,https://www.mlit.go.jp/statistics/details/content/deftsuki_2607.xlsx,PDL1.0,,2020年度基準(2020年度平均=100)。2026年4月分の公表から2020年度基準に改定(原本注)。ウエイト項目に営業余剰や間接税(消費税を含む)等を含めない(原本注)。原本の期間表示「2022年 1-3月」(暦年の四半期)。注意(W2 の照合): 2020年4-6月期以降の四半期別シートの「地方道路公社等」から「S事務所・その他」までの33列は、月別シートの同じ系列の3か月平均と合わず、左隣の系列の3か月平均と合う。四半期別の値が1列右にずれている疑い。値は原本のまま
c7781bc62ff16b21,JP,index,建設工事費デフレーター（2020年度基準） 四半期別,道路2（再掲）,建設総合 > 土木総合 > 公共事業 > 土木1（除く災害復旧） > 道路2（再掲）,index (2020年度平均 = 100),national,JP,日本,,,,106.9,,index_value,published_pdl,,,2022Q1,,mlit-deflator-tsuki-2607,deftsuki2020（四半期別）!AT34,https://www.mlit.go.jp/statistics/details/content/deftsuki_2607.xlsx,PDL1.0,,2020年度基準(2020年度平均=100)。2026年4月分の公表から2020年度基準に改定(原本注)。ウエイト項目に営業余剰や間接税(消費税を含む)等を含めない(原本注)。原本の期間表示「2022年 1-3月」(暦年の四半期)。注意(W2 の照合): 2020年4-6月期以降の四半期別シートの「地方道路公社等」から「S事務所・その他」までの33列は、月別シートの同じ系列の3か月平均と合わず、左隣の系列の3か月平均と合う。四半期別の値が1列右にずれている疑い。値は原本のまま
a734432ee541acb4,JP,index,建設工事費デフレーター（2020年度基準） 四半期別,街路2（再掲）,建設総合 > 土木総合 > 公共事業 > 土木1（除く災害復旧） > 街路2（再掲）,index (2020年度平均 = 100),national,JP,日本,,,,106.6,,index_value,published_pdl,,,2022Q1,,mlit-deflator-tsuki-2607,deftsuki2020（四半期別）!AU34,https://www.mlit.go.jp/statistics/details/content/deftsuki_2607.xlsx,PDL1.0,,2020年度基準(2020年度平均=100)。2026年4月分の公表から2020年度基準に改定(原本注)。ウエイト項目に営業余剰や間接税(消費税を含む)等を含めない(原本注)。原本の期間表示「2022年 1-3月」(暦年の四半期)。注意(W2 の照合): 2020年4-6月期以降の四半期別シートの「地方道路公社等」から「S事務所・その他」までの33列は、月別シートの同じ系列の3か月平均と合わず、左隣の系列の3か月平均と合う。四半期別の値が1列右にずれている疑い。値は原本のまま
4c40caeecf992804,JP,index,建設工事費デフレーター（2020年度基準） 四半期別,公園,建設総合 > 土木総合 > 公共事業 > 土木1（除く災害復旧） > 公園,index (2020年度平均 = 100),national,JP,日本,,,,105.8,,index_value,published_pdl,,,2022Q1,,mlit-deflator-tsuki-2607,deftsuki2020（四半期別）!AV34,https://www.mlit.go.jp/statistics/details/content/deftsuki_2607.xlsx,PDL1.0,,2020年度基準(2020年度平均=100)。2026年4月分の公表から2020年度基準に改定(原本注)。ウエイト項目に営業余剰や間接税(消費税を含む)等を含めない(原本注)。原本の期間表示「2022年 1-3月」(暦年の四半期)。注意(W2 の照合): 2020年4-6月期以降の四半期別シートの「地方道路公社等」から「S事務所・その他」までの33列は、月別シートの同じ系列の3か月平均と合わず、左隣の系列の3か月平均と合う。四半期別の値が1列右にずれている疑い。値は原本のまま
f037dedd7fa48e7b,JP,index,建設工事費デフレーター（2020年度基準） 四半期別,下水道,建設総合 > 土木総合 > 公共事業 > 土木1（除く災害復旧） > 下水道,index (2020年度平均 = 100),national,JP,日本,,,,105.6,,index_value,published_pdl,,,2022Q1,,mlit-deflator-tsuki-2607,deftsuki2020（四半期別）!AW34,https://www.mlit.go.jp/statistics/details/content/deftsuki_2607.xlsx,PDL1.0,,2020年度基準(2020年度平均=100)。2026年4月分の公表から2020年度基準に改定(原本注)。ウエイト項目に営業余剰や間接税(消費税を含む)等を含めない(原本注)。原本の期間表示「2022年 1-3月」(暦年の四半期)。注意(W2 の照合): 2020年4-6月期以降の四半期別シートの「地方道路公社等」から「S事務所・その他」までの33列は、月別シートの同じ系列の3か月平均と合わず、左隣の系列の3か月平均と合う。四半期別の値が1列右にずれている疑い。値は原本のまま
750f5dfe6cfe3237,JP,index,建設工事費デフレーター（2020年度基準） 四半期別,災害復旧,建設総合 > 土木総合 > 公共事業 > 土木1（除く災害復旧） > 災害復旧,index (2020年度平均 = 100),national,JP,日本,,,,105.6,,index_value,published_pdl,,,2022Q1,,mlit-deflator-tsuki-2607,deftsuki2020（四半期別）!AX34,https://www.mlit.go.jp/statistics/details/content/deftsuki_2607.xlsx,PDL1.0,,2020年度基準(2020年度平均=100)。2026年4月分の公表から2020年度基準に改定(原本注)。ウエイト項目に営業余剰や間接税(消費税を含む)等を含めない(原本注)。原本の期間表示「2022年 1-3月」(暦年の四半期)。注意(W2 の照合): 2020年4-6月期以降の四半期別シートの「地方道路公社等」から「S事務所・その他」までの33列は、月別シートの同じ系列の3か月平均と合わず、左隣の系列の3か月平均と合う。四半期別の値が1列右にずれている疑い。値は原本のまま
aad9a57b5c9616ee,JP,index,建設工事費デフレーター（2020年度基準） 四半期別,土木2,建設総合 > 土木総合 > 公共事業 > 土木2,index (2020年度平均 = 100),national,JP,日本,,,,104.9,,index_value,published_pdl,,,2022Q1,,mlit-deflator-tsuki-2607,deftsuki2020（四半期別）!AY34,https://www.mlit.go.jp/statistics/details/content/deftsuki_2607.xlsx,PDL1.0,,2020年度基準(2020年度平均=100)。2026年4月分の公表から2020年度基準に改定(原本注)。ウエイト項目に営業余剰や間接税(消費税を含む)等を含めない(原本注)。原本の期間表示「2022年 1-3月」(暦年の四半期)。注意(W2 の照合): 2020年4-6月期以降の四半期別シートの「地方道路公社等」から「S事務所・その他」までの33列は、月別シートの同じ系列の3か月平均と合わず、左隣の系列の3か月平均と合う。四半期別の値が1列右にずれている疑い。値は原本のまま
3c36b7822e5c978a,JP,index,建設工事費デフレーター（2020年度基準） 四半期別,港湾・漁港,建設総合 > 土木総合 > 公共事業 > 土木2 > 港湾・漁港,index (2020年度平均 = 100),national,JP,日本,,,,106.4,,index_value,published_pdl,,,2022Q1,,mlit-deflator-tsuki-2607,deftsuki2020（四半期別）!AZ34,https://www.mlit.go.jp/statistics/details/content/deftsuki_2607.xlsx,PDL1.0,,2020年度基準(2020年度平均=100)。2026年4月分の公表から2020年度基準に改定(原本注)。ウエイト項目に営業余剰や間接税(消費税を含む)等を含めない(原本注)。原本の期間表示「2022年 1-3月」(暦年の四半期)。注意(W2 の照合): 2020年4-6月期以降の四半期別シートの「地方道路公社等」から「S事務所・その他」までの33列は、月別シートの同じ系列の3か月平均と合わず、左隣の系列の3か月平均と合う。四半期別の値が1列右にずれている疑い。値は原本のまま
4d3e2026cfa690e2,JP,index,建設工事費デフレーター（2020年度基準） 四半期別,空港,建設総合 > 土木総合 > 公共事業 > 土木2 > 空港,index (2020年度平均 = 100),national,JP,日本,,,,106.1,,index_value,published_pdl,,,2022Q1,,mlit-deflator-tsuki-2607,deftsuki2020（四半期別）!BA34,https://www.mlit.go.jp/statistics/details/content/deftsuki_2607.xlsx,PDL1.0,,2020年度基準(2020年度平均=100)。2026年4月分の公表から2020年度基準に改定(原本注)。ウエイト項目に営業余剰や間接税(消費税を含む)等を含めない(原本注)。原本の期間表示「2022年 1-3月」(暦年の四半期)。注意(W2 の照合): 2020年4-6月期以降の四半期別シートの「地方道路公社等」から「S事務所・その他」までの33列は、月別シートの同じ系列の3か月平均と合わず、左隣の系列の3か月平均と合う。四半期別の値が1列右にずれている疑い。値は原本のまま
feef1b824f11f45a,JP,index,建設工事費デフレーター（2020年度基準） 四半期別,環境衛生,建設総合 > 土木総合 > 公共事業 > 土木2 > 環境衛生,index (2020年度平均 = 100),national,JP,日本,,,,104.9,,index_value,published_pdl,,,2022Q1,,mlit-deflator-tsuki-2607,deftsuki2020（四半期別）!BB34,https://www.mlit.go.jp/statistics/details/content/deftsuki_2607.xlsx,PDL1.0,,2020年度基準(2020年度平均=100)。2026年4月分の公表から2020年度基準に改定(原本注)。ウエイト項目に営業余剰や間接税(消費税を含む)等を含めない(原本注)。原本の期間表示「2022年 1-3月」(暦年の四半期)。注意(W2 の照合): 2020年4-6月期以降の四半期別シートの「地方道路公社等」から「S事務所・その他」までの33列は、月別シートの同じ系列の3か月平均と合わず、左隣の系列の3か月平均と合う。四半期別の値が1列右にずれている疑い。値は原本のまま
1569bd1514ee7a17,JP,index,建設工事費デフレーター（2020年度基準） 四半期別,農林関係公共事業,建設総合 > 土木総合 > 公共事業 > 土木2 > 農林関係公共事業,index (2020年度平均 = 100),national,JP,日本,,,,107.4,,index_value,published_pdl,,,2022Q1,,mlit-deflator-tsuki-2607,deftsuki2020（四半期別）!BC34,https://www.mlit.go.jp/statistics/details/content/deftsuki_2607.xlsx,PDL1.0,,2020年度基準(2020年度平均=100)。2026年4月分の公表から2020年度基準に改定(原本注)。ウエイト項目に営業余剰や間接税(消費税を含む)等を含めない(原本注)。原本の期間表示「2022年 1-3月」(暦年の四半期)。注意(W2 の照合): 2020年4-6月期以降の四半期別シートの「地方道路公社等」から「S事務所・その他」までの33列は、月別シートの同じ系列の3か月平均と合わず、左隣の系列の3か月平均と合う。四半期別の値が1列右にずれている疑い。値は原本のまま
b523c6c2b69d8b12,JP,index,建設工事費デフレーター（2020年度基準） 四半期別,その他土木,建設総合 > 土木総合 > その他土木 (原本の列 BD。同じ表頭の列が2つある),index (2020年度平均 = 100),national,JP,日本,,,,106.6,,index_value,published_pdl,,,2022Q1,,mlit-deflator-tsuki-2607,deftsuki2020（四半期別）!BD34,https://www.mlit.go.jp/statistics/details/content/deftsuki_2607.xlsx,PDL1.0,,2020年度基準(2020年度平均=100)。2026年4月分の公表から2020年度基準に改定(原本注)。ウエイト項目に営業余剰や間接税(消費税を含む)等を含めない(原本注)。原本の期間表示「2022年 1-3月」(暦年の四半期)。注意(W2 の照合): 2020年4-6月期以降の四半期別シートの「地方道路公社等」から「S事務所・その他」までの33列は、月別シートの同じ系列の3か月平均と合わず、左隣の系列の3か月平均と合う。四半期別の値が1列右にずれている疑い。値は原本のまま
b6358519e01b6783,JP,index,建設工事費デフレーター（2020年度基準） 四半期別,鉄道軌道,建設総合 > 土木総合 > その他土木 > 鉄道軌道,index (2020年度平均 = 100),national,JP,日本,,,,107.2,,index_value,published_pdl,,,2022Q1,,mlit-deflator-tsuki-2607,deftsuki2020（四半期別）!BE34,https://www.mlit.go.jp/statistics/details/content/deftsuki_2607.xlsx,PDL1.0,,2020年度基準(2020年度平均=100)。2026年4月分の公表から2020年度基準に改定(原本注)。ウエイト項目に営業余剰や間接税(消費税を含む)等を含めない(原本注)。原本の期間表示「2022年 1-3月」(暦年の四半期)。注意(W2 の照合): 2020年4-6月期以降の四半期別シートの「地方道路公社等」から「S事務所・その他」までの33列は、月別シートの同じ系列の3か月平均と合わず、左隣の系列の3か月平均と合う。四半期別の値が1列右にずれている疑い。値は原本のまま
2496fe0dc80b61ca,JP,index,建設工事費デフレーター（2020年度基準） 四半期別,電力,建設総合 > 土木総合 > その他土木 > 電力,index (2020年度平均 = 100),national,JP,日本,,,,109,,index_value,published_pdl,,,2022Q1,,mlit-deflator-tsuki-2607,deftsuki2020（四半期別）!BF34,https://www.mlit.go.jp/statistics/details/content/deftsuki_2607.xlsx,PDL1.0,,2020年度基準(2020年度平均=100)。2026年4月分の公表から2020年度基準に改定(原本注)。ウエイト項目に営業余剰や間接税(消費税を含む)等を含めない(原本注)。原本の期間表示「2022年 1-3月」(暦年の四半期)。注意(W2 の照合): 2020年4-6月期以降の四半期別シートの「地方道路公社等」から「S事務所・その他」までの33列は、月別シートの同じ系列の3か月平均と合わず、左隣の系列の3か月平均と合う。四半期別の値が1列右にずれている疑い。値は原本のまま
5dbbcd775e7e997f,JP,index,建設工事費デフレーター（2020年度基準） 四半期別,電気通信,建設総合 > 土木総合 > その他土木 > 電気通信,index (2020年度平均 = 100),national,JP,日本,,,,107.8,,index_value,published_pdl,,,2022Q1,,mlit-deflator-tsuki-2607,deftsuki2020（四半期別）!BG34,https://www.mlit.go.jp/statistics/details/content/deftsuki_2607.xlsx,PDL1.0,,2020年度基準(2020年度平均=100)。2026年4月分の公表から2020年度基準に改定(原本注)。ウエイト項目に営業余剰や間接税(消費税を含む)等を含めない(原本注)。原本の期間表示「2022年 1-3月」(暦年の四半期)。注意(W2 の照合): 2020年4-6月期以降の四半期別シートの「地方道路公社等」から「S事務所・その他」までの33列は、月別シートの同じ系列の3か月平均と合わず、左隣の系列の3か月平均と合う。四半期別の値が1列右にずれている疑い。値は原本のまま
e7fa8b860bfcc9b3,JP,index,建設工事費デフレーター（2020年度基準） 四半期別,上・工業用水道,建設総合 > 土木総合 > その他土木 > 上・工業用水道,index (2020年度平均 = 100),national,JP,日本,,,,106.2,,index_value,published_pdl,,,2022Q1,,mlit-deflator-tsuki-2607,deftsuki2020（四半期別）!BH34,https://www.mlit.go.jp/statistics/details/content/deftsuki_2607.xlsx,PDL1.0,,2020年度基準(2020年度平均=100)。2026年4月分の公表から2020年度基準に改定(原本注)。ウエイト項目に営業余剰や間接税(消費税を含む)等を含めない(原本注)。原本の期間表示「2022年 1-3月」(暦年の四半期)。注意(W2 の照合): 2020年4-6月期以降の四半期別シートの「地方道路公社等」から「S事務所・その他」までの33列は、月別シートの同じ系列の3か月平均と合わず、左隣の系列の3か月平均と合う。四半期別の値が1列右にずれている疑い。値は原本のまま
72d2717c0e4497b8,JP,index,建設工事費デフレーター（2020年度基準） 四半期別,土地造成,建設総合 > 土木総合 > その他土木 > 土地造成,index (2020年度平均 = 100),national,JP,日本,,,,106.2,,index_value,published_pdl,,,2022Q1,,mlit-deflator-tsuki-2607,deftsuki2020（四半期別）!BI34,https://www.mlit.go.jp/statistics/details/content/deftsuki_2607.xlsx,PDL1.0,,2020年度基準(2020年度平均=100)。2026年4月分の公表から2020年度基準に改定(原本注)。ウエイト項目に営業余剰や間接税(消費税を含む)等を含めない(原本注)。原本の期間表示「2022年 1-3月」(暦年の四半期)。注意(W2 の照合): 2020年4-6月期以降の四半期別シートの「地方道路公社等」から「S事務所・その他」までの33列は、月別シートの同じ系列の3か月平均と合わず、左隣の系列の3か月平均と合う。四半期別の値が1列右にずれている疑い。値は原本のまま
6ec5bf542277674f,JP,index,建設工事費デフレーター（2020年度基準） 四半期別,その他土木,建設総合 > 土木総合 > その他土木 (原本の列 BJ。同じ表頭の列が2つある),index (2020年度平均 = 100),national,JP,日本,,,,105.7,,index_value,published_pdl,,,2022Q1,,mlit-deflator-tsuki-2607,deftsuki2020（四半期別）!BJ34,https://www.mlit.go.jp/statistics/details/content/deftsuki_2607.xlsx,PDL1.0,,2020年度基準(2020年度平均=100)。2026年4月分の公表から2020年度基準に改定(原本注)。ウエイト項目に営業余剰や間接税(消費税を含む)等を含めない(原本注)。原本の期間表示「2022年 1-3月」(暦年の四半期)。注意(W2 の照合): 2020年4-6月期以降の四半期別シートの「地方道路公社等」から「S事務所・その他」までの33列は、月別シートの同じ系列の3か月平均と合わず、左隣の系列の3か月平均と合う。四半期別の値が1列右にずれている疑い。値は原本のまま
f93b0a05e320099b,JP,index,建設工事費デフレーター（2020年度基準） 四半期別,W在来住宅,W在来住宅,index (2020年度平均 = 100),national,JP,日本,,,,106.5,,index_value,published_pdl,,,2022Q1,,mlit-deflator-tsuki-2607,deftsuki2020（四半期別）!BK34,https://www.mlit.go.jp/statistics/details/content/deftsuki_2607.xlsx,PDL1.0,,2020年度基準(2020年度平均=100)。2026年4月分の公表から2020年度基準に改定(原本注)。ウエイト項目に営業余剰や間接税(消費税を含む)等を含めない(原本注)。原本の期間表示「2022年 1-3月」(暦年の四半期)。注意(W2 の照合): 2020年4-6月期以降の四半期別シートの「地方道路公社等」から「S事務所・その他」までの33列は、月別シートの同じ系列の3か月平均と合わず、左隣の系列の3か月平均と合う。四半期別の値が1列右にずれている疑い。値は原本のまま
cd3753fa7fdabcc2,JP,index,建設工事費デフレーター（2020年度基準） 四半期別,W量産住宅,W量産住宅,index (2020年度平均 = 100),national,JP,日本,,,,115.1,,index_value,published_pdl,,,2022Q1,,mlit-deflator-tsuki-2607,deftsuki2020（四半期別）!BL34,https://www.mlit.go.jp/statistics/details/content/deftsuki_2607.xlsx,PDL1.0,,2020年度基準(2020年度平均=100)。2026年4月分の公表から2020年度基準に改定(原本注)。ウエイト項目に営業余剰や間接税(消費税を含む)等を含めない(原本注)。原本の期間表示「2022年 1-3月」(暦年の四半期)。注意(W2 の照合): 2020年4-6月期以降の四半期別シートの「地方道路公社等」から「S事務所・その他」までの33列は、月別シートの同じ系列の3か月平均と合わず、左隣の系列の3か月平均と合う。四半期別の値が1列右にずれている疑い。値は原本のまま
b0545deb78a3ce79,JP,index,建設工事費デフレーター（2020年度基準） 四半期別,RC在来住宅,RC在来住宅,index (2020年度平均 = 100),national,JP,日本,,,,120.9,,index_value,published_pdl,,,2022Q1,,mlit-deflator-tsuki-2607,deftsuki2020（四半期別）!BM34,https://www.mlit.go.jp/statistics/details/content/deftsuki_2607.xlsx,PDL1.0,,2020年度基準(2020年度平均=100)。2026年4月分の公表から2020年度基準に改定(原本注)。ウエイト項目に営業余剰や間接税(消費税を含む)等を含めない(原本注)。原本の期間表示「2022年 1-3月」(暦年の四半期)。注意(W2 の照合): 2020年4-6月期以降の四半期別シートの「地方道路公社等」から「S事務所・その他」までの33列は、月別シートの同じ系列の3か月平均と合わず、左隣の系列の3か月平均と合う。四半期別の値が1列右にずれている疑い。値は原本のまま
4da01ecc892c1d3c,JP,index,建設工事費デフレーター（2020年度基準） 四半期別,RC量産住宅,RC量産住宅,index (2020年度平均 = 100),national,JP,日本,,,,108.5,,index_value,published_pdl,,,2022Q1,,mlit-deflator-tsuki-2607,deftsuki2020（四半期別）!BN34,https://www.mlit.go.jp/statistics/details/content/deftsuki_2607.xlsx,PDL1.0,,2020年度基準(2020年度平均=100)。2026年4月分の公表から2020年度基準に改定(原本注)。ウエイト項目に営業余剰や間接税(消費税を含む)等を含めない(原本注)。原本の期間表示「2022年 1-3月」(暦年の四半期)。注意(W2 の照合): 2020年4-6月期以降の四半期別シートの「地方道路公社等」から「S事務所・その他」までの33列は、月別シートの同じ系列の3か月平均と合わず、左隣の系列の3か月平均と合う。四半期別の値が1列右にずれている疑い。値は原本のまま
1c90b85d8cf4aa60,JP,index,建設工事費デフレーター（2020年度基準） 四半期別,S在来住宅,S在来住宅,index (2020年度平均 = 100),national,JP,日本,,,,109.5,,index_value,published_pdl,,,2022Q1,,mlit-deflator-tsuki-2607,deftsuki2020（四半期別）!BO34,https://www.mlit.go.jp/statistics/details/content/deftsuki_2607.xlsx,PDL1.0,,2020年度基準(2020年度平均=100)。2026年4月分の公表から2020年度基準に改定(原本注)。ウエイト項目に営業余剰や間接税(消費税を含む)等を含めない(原本注)。原本の期間表示「2022年 1-3月」(暦年の四半期)。注意(W2 の照合): 2020年4-6月期以降の四半期別シートの「地方道路公社等」から「S事務所・その他」までの33列は、月別シートの同じ系列の3か月平均と合わず、左隣の系列の3か月平均と合う。四半期別の値が1列右にずれている疑い。値は原本のまま
5940a0a520170318,JP,index,建設工事費デフレーター（2020年度基準） 四半期別,S量産住宅,S量産住宅,index (2020年度平均 = 100),national,JP,日本,,,,107.7,,index_value,published_pdl,,,2022Q1,,mlit-deflator-tsuki-2607,deftsuki2020（四半期別）!BP34,https://www.mlit.go.jp/statistics/details/content/deftsuki_2607.xlsx,PDL1.0,,2020年度基準(2020年度平均=100)。2026年4月分の公表から2020年度基準に改定(原本注)。ウエイト項目に営業余剰や間接税(消費税を含む)等を含めない(原本注)。原本の期間表示「2022年 1-3月」(暦年の四半期)。注意(W2 の照合): 2020年4-6月期以降の四半期別シートの「地方道路公社等」から「S事務所・その他」までの33列は、月別シートの同じ系列の3か月平均と合わず、左隣の系列の3か月平均と合う。四半期別の値が1列右にずれている疑い。値は原本のまま
06495a6c326fd501,JP,index,建設工事費デフレーター（2020年度基準） 四半期別,W工場・倉庫,W工場・倉庫,index (2020年度平均 = 100),national,JP,日本,,,,114.9,,index_value,published_pdl,,,2022Q1,,mlit-deflator-tsuki-2607,deftsuki2020（四半期別）!BQ34,https://www.mlit.go.jp/statistics/details/content/deftsuki_2607.xlsx,PDL1.0,,2020年度基準(2020年度平均=100)。2026年4月分の公表から2020年度基準に改定(原本注)。ウエイト項目に営業余剰や間接税(消費税を含む)等を含めない(原本注)。原本の期間表示「2022年 1-3月」(暦年の四半期)。注意(W2 の照合): 2020年4-6月期以降の四半期別シートの「地方道路公社等」から「S事務所・その他」までの33列は、月別シートの同じ系列の3か月平均と合わず、左隣の系列の3か月平均と合う。四半期別の値が1列右にずれている疑い。値は原本のまま
522f73c07abb3f19,JP,index,建設工事費デフレーター（2020年度基準） 四半期別,W事務所・その他,W事務所・その他,index (2020年度平均 = 100),national,JP,日本,,,,110.7,,index_value,published_pdl,,,2022Q1,,mlit-deflator-tsuki-2607,deftsuki2020（四半期別）!BR34,https://www.mlit.go.jp/statistics/details/content/deftsuki_2607.xlsx,PDL1.0,,2020年度基準(2020年度平均=100)。2026年4月分の公表から2020年度基準に改定(原本注)。ウエイト項目に営業余剰や間接税(消費税を含む)等を含めない(原本注)。原本の期間表示「2022年 1-3月」(暦年の四半期)。注意(W2 の照合): 2020年4-6月期以降の四半期別シートの「地方道路公社等」から「S事務所・その他」までの33列は、月別シートの同じ系列の3か月平均と合わず、左隣の系列の3か月平均と合う。四半期別の値が1列右にずれている疑い。値は原本のまま
55cf1793525ab83a,JP,index,建設工事費デフレーター（2020年度基準） 四半期別,SRC工場・倉庫,SRC工場・倉庫,index (2020年度平均 = 100),national,JP,日本,,,,111.3,,index_value,published_pdl,,,2022Q1,,mlit-deflator-tsuki-2607,deftsuki2020（四半期別）!BS34,https://www.mlit.go.jp/statistics/details/content/deftsuki_2607.xlsx,PDL1.0,,2020年度基準(2020年度平均=100)。2026年4月分の公表から2020年度基準に改定(原本注)。ウエイト項目に営業余剰や間接税(消費税を含む)等を含めない(原本注)。原本の期間表示「2022年 1-3月」(暦年の四半期)。注意(W2 の照合): 2020年4-6月期以降の四半期別シートの「地方道路公社等」から「S事務所・その他」までの33列は、月別シートの同じ系列の3か月平均と合わず、左隣の系列の3か月平均と合う。四半期別の値が1列右にずれている疑い。値は原本のまま
9fb9269fe7384bba,JP,index,建設工事費デフレーター（2020年度基準） 四半期別,SRC事務所・その他,SRC事務所・その他,index (2020年度平均 = 100),national,JP,日本,,,,106.6,,index_value,published_pdl,,,2022Q1,,mlit-deflator-tsuki-2607,deftsuki2020（四半期別）!BT34,https://www.mlit.go.jp/statistics/details/content/deftsuki_2607.xlsx,PDL1.0,,2020年度基準(2020年度平均=100)。2026年4月分の公表から2020年度基準に改定(原本注)。ウエイト項目に営業余剰や間接税(消費税を含む)等を含めない(原本注)。原本の期間表示「2022年 1-3月」(暦年の四半期)。注意(W2 の照合): 2020年4-6月期以降の四半期別シートの「地方道路公社等」から「S事務所・その他」までの33列は、月別シートの同じ系列の3か月平均と合わず、左隣の系列の3か月平均と合う。四半期別の値が1列右にずれている疑い。値は原本のまま
8c6dddf9d422086f,JP,index,建設工事費デフレーター（2020年度基準） 四半期別,RC工場・倉庫,RC工場・倉庫,index (2020年度平均 = 100),national,JP,日本,,,,106.5,,index_value,published_pdl,,,2022Q1,,mlit-deflator-tsuki-2607,deftsuki2020（四半期別）!BU34,https://www.mlit.go.jp/statistics/details/content/deftsuki_2607.xlsx,PDL1.0,,2020年度基準(2020年度平均=100)。2026年4月分の公表から2020年度基準に改定(原本注)。ウエイト項目に営業余剰や間接税(消費税を含む)等を含めない(原本注)。原本の期間表示「2022年 1-3月」(暦年の四半期)。注意(W2 の照合): 2020年4-6月期以降の四半期別シートの「地方道路公社等」から「S事務所・その他」までの33列は、月別シートの同じ系列の3か月平均と合わず、左隣の系列の3か月平均と合う。四半期別の値が1列右にずれている疑い。値は原本のまま
3f03325d0b77156f,JP,index,建設工事費デフレーター（2020年度基準） 四半期別,RC学校,RC学校,index (2020年度平均 = 100),national,JP,日本,,,,106.8,,index_value,published_pdl,,,2022Q1,,mlit-deflator-tsuki-2607,deftsuki2020（四半期別）!BV34,https://www.mlit.go.jp/statistics/details/content/deftsuki_2607.xlsx,PDL1.0,,2020年度基準(2020年度平均=100)。2026年4月分の公表から2020年度基準に改定(原本注)。ウエイト項目に営業余剰や間接税(消費税を含む)等を含めない(原本注)。原本の期間表示「2022年 1-3月」(暦年の四半期)。注意(W2 の照合): 2020年4-6月期以降の四半期別シートの「地方道路公社等」から「S事務所・その他」までの33列は、月別シートの同じ系列の3か月平均と合わず、左隣の系列の3か月平均と合う。四半期別の値が1列右にずれている疑い。値は原本のまま
d6c2666a365d4088,JP,index,建設工事費デフレーター（2020年度基準） 四半期別,RC事務所・その他,RC事務所・その他,index (2020年度平均 = 100),national,JP,日本,,,,108,,index_value,published_pdl,,,2022Q1,,mlit-deflator-tsuki-2607,deftsuki2020（四半期別）!BW34,https://www.mlit.go.jp/statistics/details/content/deftsuki_2607.xlsx,PDL1.0,,2020年度基準(2020年度平均=100)。2026年4月分の公表から2020年度基準に改定(原本注)。ウエイト項目に営業余剰や間接税(消費税を含む)等を含めない(原本注)。原本の期間表示「2022年 1-3月」(暦年の四半期)。注意(W2 の照合): 2020年4-6月期以降の四半期別シートの「地方道路公社等」から「S事務所・その他」までの33列は、月別シートの同じ系列の3か月平均と合わず、左隣の系列の3か月平均と合う。四半期別の値が1列右にずれている疑い。値は原本のまま
e40f25baf6398cf7,JP,index,建設工事費デフレーター（2020年度基準） 四半期別,S工場・倉庫,S工場・倉庫,index (2020年度平均 = 100),national,JP,日本,,,,107.4,,index_value,published_pdl,,,2022Q1,,mlit-deflator-tsuki-2607,deftsuki2020（四半期別）!BX34,https://www.mlit.go.jp/statistics/details/content/deftsuki_2607.xlsx,PDL1.0,,2020年度基準(2020年度平均=100)。2026年4月分の公表から2020年度基準に改定(原本注)。ウエイト項目に営業余剰や間接税(消費税を含む)等を含めない(原本注)。原本の期間表示「2022年 1-3月」(暦年の四半期)。注意(W2 の照合): 2020年4-6月期以降の四半期別シートの「地方道路公社等」から「S事務所・その他」までの33列は、月別シートの同じ系列の3か月平均と合わず、左隣の系列の3か月平均と合う。四半期別の値が1列右にずれている疑い。値は原本のまま
4ff619fc0f2c8f70,JP,index,建設工事費デフレーター（2020年度基準） 四半期別,S事務所・その他,S事務所・その他,index (2020年度平均 = 100),national,JP,日本,,,,106.6,,index_value,published_pdl,,,2022Q1,,mlit-deflator-tsuki-2607,deftsuki2020（四半期別）!BY34,https://www.mlit.go.jp/statistics/details/content/deftsuki_2607.xlsx,PDL1.0,,2020年度基準(2020年度平均=100)。2026年4月分の公表から2020年度基準に改定(原本注)。ウエイト項目に営業余剰や間接税(消費税を含む)等を含めない(原本注)。原本の期間表示「2022年 1-3月」(暦年の四半期)。注意(W2 の照合): 2020年4-6月期以降の四半期別シートの「地方道路公社等」から「S事務所・その他」までの33列は、月別シートの同じ系列の3か月平均と合わず、左隣の系列の3か月平均と合う。四半期別の値が1列右にずれている疑い。値は原本のまま
8e71b94f748f14b3,JP,index,建設工事費デフレーター（2020年度基準） 四半期別,地方道路公社等,建設総合 > 土木総合 > 公共事業 > 土木1（除く災害復旧） > 道路総合 > 有料道路 > 地方道路公社等,index (2020年度平均 = 100),national,JP,日本,,,,107,,index_value,published_pdl,,,2022Q2,,mlit-deflator-tsuki-2607,deftsuki2020（四半期別）!AS35,https://www.mlit.go.jp/statistics/details/content/deftsuki_2607.xlsx,PDL1.0,,2020年度基準(2020年度平均=100)。2026年4月分の公表から2020年度基準に改定(原本注)。ウエイト項目に営業余剰や間接税(消費税を含む)等を含めない(原本注)。原本の期間表示「2022年 4-6月」(暦年の四半期)。注意(W2 の照合): 2020年4-6月期以降の四半期別シートの「地方道路公社等」から「S事務所・その他」までの33列は、月別シートの同じ系列の3か月平均と合わず、左隣の系列の3か月平均と合う。四半期別の値が1列右にずれている疑い。値は原本のまま
a8cca0bf39d3311a,JP,index,建設工事費デフレーター（2020年度基準） 四半期別,道路2（再掲）,建設総合 > 土木総合 > 公共事業 > 土木1（除く災害復旧） > 道路2（再掲）,index (2020年度平均 = 100),national,JP,日本,,,,108.8,,index_value,published_pdl,,,2022Q2,,mlit-deflator-tsuki-2607,deftsuki2020（四半期別）!AT35,https://www.mlit.go.jp/statistics/details/content/deftsuki_2607.xlsx,PDL1.0,,2020年度基準(2020年度平均=100)。2026年4月分の公表から2020年度基準に改定(原本注)。ウエイト項目に営業余剰や間接税(消費税を含む)等を含めない(原本注)。原本の期間表示「2022年 4-6月」(暦年の四半期)。注意(W2 の照合): 2020年4-6月期以降の四半期別シートの「地方道路公社等」から「S事務所・その他」までの33列は、月別シートの同じ系列の3か月平均と合わず、左隣の系列の3か月平均と合う。四半期別の値が1列右にずれている疑い。値は原本のまま
ba52833dbcb21f94,JP,index,建設工事費デフレーター（2020年度基準） 四半期別,街路2（再掲）,建設総合 > 土木総合 > 公共事業 > 土木1（除く災害復旧） > 街路2（再掲）,index (2020年度平均 = 100),national,JP,日本,,,,108.3,,index_value,published_pdl,,,2022Q2,,mlit-deflator-tsuki-2607,deftsuki2020（四半期別）!AU35,https://www.mlit.go.jp/statistics/details/content/deftsuki_2607.xlsx,PDL1.0,,2020年度基準(2020年度平均=100)。2026年4月分の公表から2020年度基準に改定(原本注)。ウエイト項目に営業余剰や間接税(消費税を含む)等を含めない(原本注)。原本の期間表示「2022年 4-6月」(暦年の四半期)。注意(W2 の照合): 2020年4-6月期以降の四半期別シートの「地方道路公社等」から「S事務所・その他」までの33列は、月別シートの同じ系列の3か月平均と合わず、左隣の系列の3か月平均と合う。四半期別の値が1列右にずれている疑い。値は原本のまま
d65807f35bfcbb8c,JP,index,建設工事費デフレーター（2020年度基準） 四半期別,公園,建設総合 > 土木総合 > 公共事業 > 土木1（除く災害復旧） > 公園,index (2020年度平均 = 100),national,JP,日本,,,,107.7,,index_value,published_pdl,,,2022Q2,,mlit-deflator-tsuki-2607,deftsuki2020（四半期別）!AV35,https://www.mlit.go.jp/statistics/details/content/deftsuki_2607.xlsx,PDL1.0,,2020年度基準(2020年度平均=100)。2026年4月分の公表から2020年度基準に改定(原本注)。ウエイト項目に営業余剰や間接税(消費税を含む)等を含めない(原本注)。原本の期間表示「2022年 4-6月」(暦年の四半期)。注意(W2 の照合): 2020年4-6月期以降の四半期別シートの「地方道路公社等」から「S事務所・その他」までの33列は、月別シートの同じ系列の3か月平均と合わず、左隣の系列の3か月平均と合う。四半期別の値が1列右にずれている疑い。値は原本のまま
f8d19ddd545bf3a5,JP,index,建設工事費デフレーター（2020年度基準） 四半期別,下水道,建設総合 > 土木総合 > 公共事業 > 土木1（除く災害復旧） > 下水道,index (2020年度平均 = 100),national,JP,日本,,,,107.3,,index_value,published_pdl,,,2022Q2,,mlit-deflator-tsuki-2607,deftsuki2020（四半期別）!AW35,https://www.mlit.go.jp/statistics/details/content/deftsuki_2607.xlsx,PDL1.0,,2020年度基準(2020年度平均=100)。2026年4月分の公表から2020年度基準に改定(原本注)。ウエイト項目に営業余剰や間接税(消費税を含む)等を含めない(原本注)。原本の期間表示「2022年 4-6月」(暦年の四半期)。注意(W2 の照合): 2020年4-6月期以降の四半期別シートの「地方道路公社等」から「S事務所・その他」までの33列は、月別シートの同じ系列の3か月平均と合わず、左隣の系列の3か月平均と合う。四半期別の値が1列右にずれている疑い。値は原本のまま
505fb5e8360a7a55,JP,index,建設工事費デフレーター（2020年度基準） 四半期別,災害復旧,建設総合 > 土木総合 > 公共事業 > 土木1（除く災害復旧） > 災害復旧,index (2020年度平均 = 100),national,JP,日本,,,,107.5,,index_value,published_pdl,,,2022Q2,,mlit-deflator-tsuki-2607,deftsuki2020（四半期別）!AX35,https://www.mlit.go.jp/statistics/details/content/deftsuki_2607.xlsx,PDL1.0,,2020年度基準(2020年度平均=100)。2026年4月分の公表から2020年度基準に改定(原本注)。ウエイト項目に営業余剰や間接税(消費税を含む)等を含めない(原本注)。原本の期間表示「2022年 4-6月」(暦年の四半期)。注意(W2 の照合): 2020年4-6月期以降の四半期別シートの「地方道路公社等」から「S事務所・その他」までの33列は、月別シートの同じ系列の3か月平均と合わず、左隣の系列の3か月平均と合う。四半期別の値が1列右にずれている疑い。値は原本のまま
227bbc1f4499b155,JP,index,建設工事費デフレーター（2020年度基準） 四半期別,土木2,建設総合 > 土木総合 > 公共事業 > 土木2,index (2020年度平均 = 100),national,JP,日本,,,,106.5,,index_value,published_pdl,,,2022Q2,,mlit-deflator-tsuki-2607,deftsuki2020（四半期別）!AY35,https://www.mlit.go.jp/statistics/details/content/deftsuki_2607.xlsx,PDL1.0,,2020年度基準(2020年度平均=100)。2026年4月分の公表から2020年度基準に改定(原本注)。ウエイト項目に営業余剰や間接税(消費税を含む)等を含めない(原本注)。原本の期間表示「2022年 4-6月」(暦年の四半期)。注意(W2 の照合): 2020年4-6月期以降の四半期別シートの「地方道路公社等」から「S事務所・その他」までの33列は、月別シートの同じ系列の3か月平均と合わず、左隣の系列の3か月平均と合う。四半期別の値が1列右にずれている疑い。値は原本のまま
c1f9ba18bb2da45f,JP,index,建設工事費デフレーター（2020年度基準） 四半期別,港湾・漁港,建設総合 > 土木総合 > 公共事業 > 土木2 > 港湾・漁港,index (2020年度平均 = 100),national,JP,日本,,,,108.2,,index_value,published_pdl,,,2022Q2,,mlit-deflator-tsuki-2607,deftsuki2020（四半期別）!AZ35,https://www.mlit.go.jp/statistics/details/content/deftsuki_2607.xlsx,PDL1.0,,2020年度基準(2020年度平均=100)。2026年4月分の公表から2020年度基準に改定(原本注)。ウエイト項目に営業余剰や間接税(消費税を含む)等を含めない(原本注)。原本の期間表示「2022年 4-6月」(暦年の四半期)。注意(W2 の照合): 2020年4-6月期以降の四半期別シートの「地方道路公社等」から「S事務所・その他」までの33列は、月別シートの同じ系列の3か月平均と合わず、左隣の系列の3か月平均と合う。四半期別の値が1列右にずれている疑い。値は原本のまま
a11ca28c2b885511,JP,index,建設工事費デフレーター（2020年度基準） 四半期別,空港,建設総合 > 土木総合 > 公共事業 > 土木2 > 空港,index (2020年度平均 = 100),national,JP,日本,,,,107.7,,index_value,published_pdl,,,2022Q2,,mlit-deflator-tsuki-2607,deftsuki2020（四半期別）!BA35,https://www.mlit.go.jp/statistics/details/content/deftsuki_2607.xlsx,PDL1.0,,2020年度基準(2020年度平均=100)。2026年4月分の公表から2020年度基準に改定(原本注)。ウエイト項目に営業余剰や間接税(消費税を含む)等を含めない(原本注)。原本の期間表示「2022年 4-6月」(暦年の四半期)。注意(W2 の照合): 2020年4-6月期以降の四半期別シートの「地方道路公社等」から「S事務所・その他」までの33列は、月別シートの同じ系列の3か月平均と合わず、左隣の系列の3か月平均と合う。四半期別の値が1列右にずれている疑い。値は原本のまま
d0cef2a47320fb13,JP,index,建設工事費デフレーター（2020年度基準） 四半期別,環境衛生,建設総合 > 土木総合 > 公共事業 > 土木2 > 環境衛生,index (2020年度平均 = 100),national,JP,日本,,,,106.3,,index_value,published_pdl,,,2022Q2,,mlit-deflator-tsuki-2607,deftsuki2020（四半期別）!BB35,https://www.mlit.go.jp/statistics/details/content/deftsuki_2607.xlsx,PDL1.0,,2020年度基準(2020年度平均=100)。2026年4月分の公表から2020年度基準に改定(原本注)。ウエイト項目に営業余剰や間接税(消費税を含む)等を含めない(原本注)。原本の期間表示「2022年 4-6月」(暦年の四半期)。注意(W2 の照合): 2020年4-6月期以降の四半期別シートの「地方道路公社等」から「S事務所・その他」までの33列は、月別シートの同じ系列の3か月平均と合わず、左隣の系列の3か月平均と合う。四半期別の値が1列右にずれている疑い。値は原本のまま
416e9a435c1a8534,JP,index,建設工事費デフレーター（2020年度基準） 四半期別,農林関係公共事業,建設総合 > 土木総合 > 公共事業 > 土木2 > 農林関係公共事業,index (2020年度平均 = 100),national,JP,日本,,,,109.3,,index_value,published_pdl,,,2022Q2,,mlit-deflator-tsuki-2607,deftsuki2020（四半期別）!BC35,https://www.mlit.go.jp/statistics/details/content/deftsuki_2607.xlsx,PDL1.0,,2020年度基準(2020年度平均=100)。2026年4月分の公表から2020年度基準に改定(原本注)。ウエイト項目に営業余剰や間接税(消費税を含む)等を含めない(原本注)。原本の期間表示「2022年 4-6月」(暦年の四半期)。注意(W2 の照合): 2020年4-6月期以降の四半期別シートの「地方道路公社等」から「S事務所・その他」までの33列は、月別シートの同じ系列の3か月平均と合わず、左隣の系列の3か月平均と合う。四半期別の値が1列右にずれている疑い。値は原本のまま
603d2f9da31e7066,JP,index,建設工事費デフレーター（2020年度基準） 四半期別,その他土木,建設総合 > 土木総合 > その他土木 (原本の列 BD。同じ表頭の列が2つある),index (2020年度平均 = 100),national,JP,日本,,,,108.2,,index_value,published_pdl,,,2022Q2,,mlit-deflator-tsuki-2607,deftsuki2020（四半期別）!BD35,https://www.mlit.go.jp/statistics/details/content/deftsuki_2607.xlsx,PDL1.0,,2020年度基準(2020年度平均=100)。2026年4月分の公表から2020年度基準に改定(原本注)。ウエイト項目に営業余剰や間接税(消費税を含む)等を含めない(原本注)。原本の期間表示「2022年 4-6月」(暦年の四半期)。注意(W2 の照合): 2020年4-6月期以降の四半期別シートの「地方道路公社等」から「S事務所・その他」までの33列は、月別シートの同じ系列の3か月平均と合わず、左隣の系列の3か月平均と合う。四半期別の値が1列右にずれている疑い。値は原本のまま
9b9a2c5f398ea9fa,JP,index,建設工事費デフレーター（2020年度基準） 四半期別,鉄道軌道,建設総合 > 土木総合 > その他土木 > 鉄道軌道,index (2020年度平均 = 100),national,JP,日本,,,,109,,index_value,published_pdl,,,2022Q2,,mlit-deflator-tsuki-2607,deftsuki2020（四半期別）!BE35,https://www.mlit.go.jp/statistics/details/content/deftsuki_2607.xlsx,PDL1.0,,2020年度基準(2020年度平均=100)。2026年4月分の公表から2020年度基準に改定(原本注)。ウエイト項目に営業余剰や間接税(消費税を含む)等を含めない(原本注)。原本の期間表示「2022年 4-6月」(暦年の四半期)。注意(W2 の照合): 2020年4-6月期以降の四半期別シートの「地方道路公社等」から「S事務所・その他」までの33列は、月別シートの同じ系列の3か月平均と合わず、左隣の系列の3か月平均と合う。四半期別の値が1列右にずれている疑い。値は原本のまま
5e70379f8591286f,JP,index,建設工事費デフレーター（2020年度基準） 四半期別,電力,建設総合 > 土木総合 > その他土木 > 電力,index (2020年度平均 = 100),national,JP,日本,,,,111.1,,index_value,published_pdl,,,2022Q2,,mlit-deflator-tsuki-2607,deftsuki2020（四半期別）!BF35,https://www.mlit.go.jp/statistics/details/content/deftsuki_2607.xlsx,PDL1.0,,2020年度基準(2020年度平均=100)。2026年4月分の公表から2020年度基準に改定(原本注)。ウエイト項目に営業余剰や間接税(消費税を含む)等を含めない(原本注)。原本の期間表示「2022年 4-6月」(暦年の四半期)。注意(W2 の照合): 2020年4-6月期以降の四半期別シートの「地方道路公社等」から「S事務所・その他」までの33列は、月別シートの同じ系列の3か月平均と合わず、左隣の系列の3か月平均と合う。四半期別の値が1列右にずれている疑い。値は原本のまま
47b9fafb2a244431,JP,index,建設工事費デフレーター（2020年度基準） 四半期別,電気通信,建設総合 > 土木総合 > その他土木 > 電気通信,index (2020年度平均 = 100),national,JP,日本,,,,109.6,,index_value,published_pdl,,,2022Q2,,mlit-deflator-tsuki-2607,deftsuki2020（四半期別）!BG35,https://www.mlit.go.jp/statistics/details/content/deftsuki_2607.xlsx,PDL1.0,,2020年度基準(2020年度平均=100)。2026年4月分の公表から2020年度基準に改定(原本注)。ウエイト項目に営業余剰や間接税(消費税を含む)等を含めない(原本注)。原本の期間表示「2022年 4-6月」(暦年の四半期)。注意(W2 の照合): 2020年4-6月期以降の四半期別シートの「地方道路公社等」から「S事務所・その他」までの33列は、月別シートの同じ系列の3か月平均と合わず、左隣の系列の3か月平均と合う。四半期別の値が1列右にずれている疑い。値は原本のまま
ef2704e6253760dd,JP,index,建設工事費デフレーター（2020年度基準） 四半期別,上・工業用水道,建設総合 > 土木総合 > その他土木 > 上・工業用水道,index (2020年度平均 = 100),national,JP,日本,,,,107.7,,index_value,published_pdl,,,2022Q2,,mlit-deflator-tsuki-2607,deftsuki2020（四半期別）!BH35,https://www.mlit.go.jp/statistics/details/content/deftsuki_2607.xlsx,PDL1.0,,2020年度基準(2020年度平均=100)。2026年4月分の公表から2020年度基準に改定(原本注)。ウエイト項目に営業余剰や間接税(消費税を含む)等を含めない(原本注)。原本の期間表示「2022年 4-6月」(暦年の四半期)。注意(W2 の照合): 2020年4-6月期以降の四半期別シートの「地方道路公社等」から「S事務所・その他」までの33列は、月別シートの同じ系列の3か月平均と合わず、左隣の系列の3か月平均と合う。四半期別の値が1列右にずれている疑い。値は原本のまま
1f74d4a092f8ce1c,JP,index,建設工事費デフレーター（2020年度基準） 四半期別,土地造成,建設総合 > 土木総合 > その他土木 > 土地造成,index (2020年度平均 = 100),national,JP,日本,,,,107.9,,index_value,published_pdl,,,2022Q2,,mlit-deflator-tsuki-2607,deftsuki2020（四半期別）!BI35,https://www.mlit.go.jp/statistics/details/content/deftsuki_2607.xlsx,PDL1.0,,2020年度基準(2020年度平均=100)。2026年4月分の公表から2020年度基準に改定(原本注)。ウエイト項目に営業余剰や間接税(消費税を含む)等を含めない(原本注)。原本の期間表示「2022年 4-6月」(暦年の四半期)。注意(W2 の照合): 2020年4-6月期以降の四半期別シートの「地方道路公社等」から「S事務所・その他」までの33列は、月別シートの同じ系列の3か月平均と合わず、左隣の系列の3か月平均と合う。四半期別の値が1列右にずれている疑い。値は原本のまま
ab1edf1d2c7e0ba7,JP,index,建設工事費デフレーター（2020年度基準） 四半期別,その他土木,建設総合 > 土木総合 > その他土木 (原本の列 BJ。同じ表頭の列が2つある),index (2020年度平均 = 100),national,JP,日本,,,,107,,index_value,published_pdl,,,2022Q2,,mlit-deflator-tsuki-2607,deftsuki2020（四半期別）!BJ35,https://www.mlit.go.jp/statistics/details/content/deftsuki_2607.xlsx,PDL1.0,,2020年度基準(2020年度平均=100)。2026年4月分の公表から2020年度基準に改定(原本注)。ウエイト項目に営業余剰や間接税(消費税を含む)等を含めない(原本注)。原本の期間表示「2022年 4-6月」(暦年の四半期)。注意(W2 の照合): 2020年4-6月期以降の四半期別シートの「地方道路公社等」から「S事務所・その他」までの33列は、月別シートの同じ系列の3か月平均と合わず、左隣の系列の3か月平均と合う。四半期別の値が1列右にずれている疑い。値は原本のまま
0137d896bf6bc2f2,JP,index,建設工事費デフレーター（2020年度基準） 四半期別,W在来住宅,W在来住宅,index (2020年度平均 = 100),national,JP,日本,,,,108.2,,index_value,published_pdl,,,2022Q2,,mlit-deflator-tsuki-2607,deftsuki2020（四半期別）!BK35,https://www.mlit.go.jp/statistics/details/content/deftsuki_2607.xlsx,PDL1.0,,2020年度基準(2020年度平均=100)。2026年4月分の公表から2020年度基準に改定(原本注)。ウエイト項目に営業余剰や間接税(消費税を含む)等を含めない(原本注)。原本の期間表示「2022年 4-6月」(暦年の四半期)。注意(W2 の照合): 2020年4-6月期以降の四半期別シートの「地方道路公社等」から「S事務所・その他」までの33列は、月別シートの同じ系列の3か月平均と合わず、左隣の系列の3か月平均と合う。四半期別の値が1列右にずれている疑い。値は原本のまま
937610ffa45b58ae,JP,index,建設工事費デフレーター（2020年度基準） 四半期別,W量産住宅,W量産住宅,index (2020年度平均 = 100),national,JP,日本,,,,117.4,,index_value,published_pdl,,,2022Q2,,mlit-deflator-tsuki-2607,deftsuki2020（四半期別）!BL35,https://www.mlit.go.jp/statistics/details/content/deftsuki_2607.xlsx,PDL1.0,,2020年度基準(2020年度平均=100)。2026年4月分の公表から2020年度基準に改定(原本注)。ウエイト項目に営業余剰や間接税(消費税を含む)等を含めない(原本注)。原本の期間表示「2022年 4-6月」(暦年の四半期)。注意(W2 の照合): 2020年4-6月期以降の四半期別シートの「地方道路公社等」から「S事務所・その他」までの33列は、月別シートの同じ系列の3か月平均と合わず、左隣の系列の3か月平均と合う。四半期別の値が1列右にずれている疑い。値は原本のまま
4a346b0e2dad425f,JP,index,建設工事費デフレーター（2020年度基準） 四半期別,RC在来住宅,RC在来住宅,index (2020年度平均 = 100),national,JP,日本,,,,123.6,,index_value,published_pdl,,,2022Q2,,mlit-deflator-tsuki-2607,deftsuki2020（四半期別）!BM35,https://www.mlit.go.jp/statistics/details/content/deftsuki_2607.xlsx,PDL1.0,,2020年度基準(2020年度平均=100)。2026年4月分の公表から2020年度基準に改定(原本注)。ウエイト項目に営業余剰や間接税(消費税を含む)等を含めない(原本注)。原本の期間表示「2022年 4-6月」(暦年の四半期)。注意(W2 の照合): 2020年4-6月期以降の四半期別シートの「地方道路公社等」から「S事務所・その他」までの33列は、月別シートの同じ系列の3か月平均と合わず、左隣の系列の3か月平均と合う。四半期別の値が1列右にずれている疑い。値は原本のまま
0a8979f6f8677b53,JP,index,建設工事費デフレーター（2020年度基準） 四半期別,RC量産住宅,RC量産住宅,index (2020年度平均 = 100),national,JP,日本,,,,110.6,,index_value,published_pdl,,,2022Q2,,mlit-deflator-tsuki-2607,deftsuki2020（四半期別）!BN35,https://www.mlit.go.jp/statistics/details/content/deftsuki_2607.xlsx,PDL1.0,,2020年度基準(2020年度平均=100)。2026年4月分の公表から2020年度基準に改定(原本注)。ウエイト項目に営業余剰や間接税(消費税を含む)等を含めない(原本注)。原本の期間表示「2022年 4-6月」(暦年の四半期)。注意(W2 の照合): 2020年4-6月期以降の四半期別シートの「地方道路公社等」から「S事務所・その他」までの33列は、月別シートの同じ系列の3か月平均と合わず、左隣の系列の3か月平均と合う。四半期別の値が1列右にずれている疑い。値は原本のまま
c256a482f083cec4,JP,index,建設工事費デフレーター（2020年度基準） 四半期別,S在来住宅,S在来住宅,index (2020年度平均 = 100),national,JP,日本,,,,111.6,,index_value,published_pdl,,,2022Q2,,mlit-deflator-tsuki-2607,deftsuki2020（四半期別）!BO35,https://www.mlit.go.jp/statistics/details/content/deftsuki_2607.xlsx,PDL1.0,,2020年度基準(2020年度平均=100)。2026年4月分の公表から2020年度基準に改定(原本注)。ウエイト項目に営業余剰や間接税(消費税を含む)等を含めない(原本注)。原本の期間表示「2022年 4-6月」(暦年の四半期)。注意(W2 の照合): 2020年4-6月期以降の四半期別シートの「地方道路公社等」から「S事務所・その他」までの33列は、月別シートの同じ系列の3か月平均と合わず、左隣の系列の3か月平均と合う。四半期別の値が1列右にずれている疑い。値は原本のまま
593ab53c941ec5e2,JP,index,建設工事費デフレーター（2020年度基準） 四半期別,S量産住宅,S量産住宅,index (2020年度平均 = 100),national,JP,日本,,,,110,,index_value,published_pdl,,,2022Q2,,mlit-deflator-tsuki-2607,deftsuki2020（四半期別）!BP35,https://www.mlit.go.jp/statistics/details/content/deftsuki_2607.xlsx,PDL1.0,,2020年度基準(2020年度平均=100)。2026年4月分の公表から2020年度基準に改定(原本注)。ウエイト項目に営業余剰や間接税(消費税を含む)等を含めない(原本注)。原本の期間表示「2022年 4-6月」(暦年の四半期)。注意(W2 の照合): 2020年4-6月期以降の四半期別シートの「地方道路公社等」から「S事務所・その他」までの33列は、月別シートの同じ系列の3か月平均と合わず、左隣の系列の3か月平均と合う。四半期別の値が1列右にずれている疑い。値は原本のまま
219c605238fc3cbe,JP,index,建設工事費デフレーター（2020年度基準） 四半期別,W工場・倉庫,W工場・倉庫,index (2020年度平均 = 100),national,JP,日本,,,,117.7,,index_value,published_pdl,,,2022Q2,,mlit-deflator-tsuki-2607,deftsuki2020（四半期別）!BQ35,https://www.mlit.go.jp/statistics/details/content/deftsuki_2607.xlsx,PDL1.0,,2020年度基準(2020年度平均=100)。2026年4月分の公表から2020年度基準に改定(原本注)。ウエイト項目に営業余剰や間接税(消費税を含む)等を含めない(原本注)。原本の期間表示「2022年 4-6月」(暦年の四半期)。注意(W2 の照合): 2020年4-6月期以降の四半期別シートの「地方道路公社等」から「S事務所・その他」までの33列は、月別シートの同じ系列の3か月平均と合わず、左隣の系列の3か月平均と合う。四半期別の値が1列右にずれている疑い。値は原本のまま
b3be4eb14bd110fa,JP,index,建設工事費デフレーター（2020年度基準） 四半期別,W事務所・その他,W事務所・その他,index (2020年度平均 = 100),national,JP,日本,,,,112.6,,index_value,published_pdl,,,2022Q2,,mlit-deflator-tsuki-2607,deftsuki2020（四半期別）!BR35,https://www.mlit.go.jp/statistics/details/content/deftsuki_2607.xlsx,PDL1.0,,2020年度基準(2020年度平均=100)。2026年4月分の公表から2020年度基準に改定(原本注)。ウエイト項目に営業余剰や間接税(消費税を含む)等を含めない(原本注)。原本の期間表示「2022年 4-6月」(暦年の四半期)。注意(W2 の照合): 2020年4-6月期以降の四半期別シートの「地方道路公社等」から「S事務所・その他」までの33列は、月別シートの同じ系列の3か月平均と合わず、左隣の系列の3か月平均と合う。四半期別の値が1列右にずれている疑い。値は原本のまま
e60f4cddee468883,JP,index,建設工事費デフレーター（2020年度基準） 四半期別,SRC工場・倉庫,SRC工場・倉庫,index (2020年度平均 = 100),national,JP,日本,,,,113.3,,index_value,published_pdl,,,2022Q2,,mlit-deflator-tsuki-2607,deftsuki2020（四半期別）!BS35,https://www.mlit.go.jp/statistics/details/content/deftsuki_2607.xlsx,PDL1.0,,2020年度基準(2020年度平均=100)。2026年4月分の公表から2020年度基準に改定(原本注)。ウエイト項目に営業余剰や間接税(消費税を含む)等を含めない(原本注)。原本の期間表示「2022年 4-6月」(暦年の四半期)。注意(W2 の照合): 2020年4-6月期以降の四半期別シートの「地方道路公社等」から「S事務所・その他」までの33列は、月別シートの同じ系列の3か月平均と合わず、左隣の系列の3か月平均と合う。四半期別の値が1列右にずれている疑い。値は原本のまま
1d358305b227c16a,JP,index,建設工事費デフレーター（2020年度基準） 四半期別,SRC事務所・その他,SRC事務所・その他,index (2020年度平均 = 100),national,JP,日本,,,,108.4,,index_value,published_pdl,,,2022Q2,,mlit-deflator-tsuki-2607,deftsuki2020（四半期別）!BT35,https://www.mlit.go.jp/statistics/details/content/deftsuki_2607.xlsx,PDL1.0,,2020年度基準(2020年度平均=100)。2026年4月分の公表から2020年度基準に改定(原本注)。ウエイト項目に営業余剰や間接税(消費税を含む)等を含めない(原本注)。原本の期間表示「2022年 4-6月」(暦年の四半期)。注意(W2 の照合): 2020年4-6月期以降の四半期別シートの「地方道路公社等」から「S事務所・その他」までの33列は、月別シートの同じ系列の3か月平均と合わず、左隣の系列の3か月平均と合う。四半期別の値が1列右にずれている疑い。値は原本のまま
a66fe8fce802457c,JP,index,建設工事費デフレーター（2020年度基準） 四半期別,RC工場・倉庫,RC工場・倉庫,index (2020年度平均 = 100),national,JP,日本,,,,108.3,,index_value,published_pdl,,,2022Q2,,mlit-deflator-tsuki-2607,deftsuki2020（四半期別）!BU35,https://www.mlit.go.jp/statistics/details/content/deftsuki_2607.xlsx,PDL1.0,,2020年度基準(2020年度平均=100)。2026年4月分の公表から2020年度基準に改定(原本注)。ウエイト項目に営業余剰や間接税(消費税を含む)等を含めない(原本注)。原本の期間表示「2022年 4-6月」(暦年の四半期)。注意(W2 の照合): 2020年4-6月期以降の四半期別シートの「地方道路公社等」から「S事務所・その他」までの33列は、月別シートの同じ系列の3か月平均と合わず、左隣の系列の3か月平均と合う。四半期別の値が1列右にずれている疑い。値は原本のまま
032a6658b308551f,JP,index,建設工事費デフレーター（2020年度基準） 四半期別,RC学校,RC学校,index (2020年度平均 = 100),national,JP,日本,,,,108.6,,index_value,published_pdl,,,2022Q2,,mlit-deflator-tsuki-2607,deftsuki2020（四半期別）!BV35,https://www.mlit.go.jp/statistics/details/content/deftsuki_2607.xlsx,PDL1.0,,2020年度基準(2020年度平均=100)。2026年4月分の公表から2020年度基準に改定(原本注)。ウエイト項目に営業余剰や間接税(消費税を含む)等を含めない(原本注)。原本の期間表示「2022年 4-6月」(暦年の四半期)。注意(W2 の照合): 2020年4-6月期以降の四半期別シートの「地方道路公社等」から「S事務所・その他」までの33列は、月別シートの同じ系列の3か月平均と合わず、左隣の系列の3か月平均と合う。四半期別の値が1列右にずれている疑い。値は原本のまま
f91516e37c866a47,JP,index,建設工事費デフレーター（2020年度基準） 四半期別,RC事務所・その他,RC事務所・その他,index (2020年度平均 = 100),national,JP,日本,,,,110,,index_value,published_pdl,,,2022Q2,,mlit-deflator-tsuki-2607,deftsuki2020（四半期別）!BW35,https://www.mlit.go.jp/statistics/details/content/deftsuki_2607.xlsx,PDL1.0,,2020年度基準(2020年度平均=100)。2026年4月分の公表から2020年度基準に改定(原本注)。ウエイト項目に営業余剰や間接税(消費税を含む)等を含めない(原本注)。原本の期間表示「2022年 4-6月」(暦年の四半期)。注意(W2 の照合): 2020年4-6月期以降の四半期別シートの「地方道路公社等」から「S事務所・その他」までの33列は、月別シートの同じ系列の3か月平均と合わず、左隣の系列の3か月平均と合う。四半期別の値が1列右にずれている疑い。値は原本のまま
043df87a6be882e0,JP,index,建設工事費デフレーター（2020年度基準） 四半期別,S工場・倉庫,S工場・倉庫,index (2020年度平均 = 100),national,JP,日本,,,,109.4,,index_value,published_pdl,,,2022Q2,,mlit-deflator-tsuki-2607,deftsuki2020（四半期別）!BX35,https://www.mlit.go.jp/statistics/details/content/deftsuki_2607.xlsx,PDL1.0,,2020年度基準(2020年度平均=100)。2026年4月分の公表から2020年度基準に改定(原本注)。ウエイト項目に営業余剰や間接税(消費税を含む)等を含めない(原本注)。原本の期間表示「2022年 4-6月」(暦年の四半期)。注意(W2 の照合): 2020年4-6月期以降の四半期別シートの「地方道路公社等」から「S事務所・その他」までの33列は、月別シートの同じ系列の3か月平均と合わず、左隣の系列の3か月平均と合う。四半期別の値が1列右にずれている疑い。値は原本のまま
ef3f6f1cdb547022,JP,index,建設工事費デフレーター（2020年度基準） 四半期別,S事務所・その他,S事務所・その他,index (2020年度平均 = 100),national,JP,日本,,,,108.4,,index_value,published_pdl,,,2022Q2,,mlit-deflator-tsuki-2607,deftsuki2020（四半期別）!BY35,https://www.mlit.go.jp/statistics/details/content/deftsuki_2607.xlsx,PDL1.0,,2020年度基準(2020年度平均=100)。2026年4月分の公表から2020年度基準に改定(原本注)。ウエイト項目に営業余剰や間接税(消費税を含む)等を含めない(原本注)。原本の期間表示「2022年 4-6月」(暦年の四半期)。注意(W2 の照合): 2020年4-6月期以降の四半期別シートの「地方道路公社等」から「S事務所・その他」までの33列は、月別シートの同じ系列の3か月平均と合わず、左隣の系列の3か月平均と合う。四半期別の値が1列右にずれている疑い。値は原本のまま
da6a8eb364e01f52,JP,index,建設工事費デフレーター（2020年度基準） 四半期別,地方道路公社等,建設総合 > 土木総合 > 公共事業 > 土木1（除く災害復旧） > 道路総合 > 有料道路 > 地方道路公社等,index (2020年度平均 = 100),national,JP,日本,,,,106.7,,index_value,published_pdl,,,2022Q3,,mlit-deflator-tsuki-2607,deftsuki2020（四半期別）!AS36,https://www.mlit.go.jp/statistics/details/content/deftsuki_2607.xlsx,PDL1.0,,2020年度基準(2020年度平均=100)。2026年4月分の公表から2020年度基準に改定(原本注)。ウエイト項目に営業余剰や間接税(消費税を含む)等を含めない(原本注)。原本の期間表示「2022年 7-9月」(暦年の四半期)。注意(W2 の照合): 2020年4-6月期以降の四半期別シートの「地方道路公社等」から「S事務所・その他」までの33列は、月別シートの同じ系列の3か月平均と合わず、左隣の系列の3か月平均と合う。四半期別の値が1列右にずれている疑い。値は原本のまま
d4f3f9dae56f201a,JP,index,建設工事費デフレーター（2020年度基準） 四半期別,道路2（再掲）,建設総合 > 土木総合 > 公共事業 > 土木1（除く災害復旧） > 道路2（再掲）,index (2020年度平均 = 100),national,JP,日本,,,,108.3,,index_value,published_pdl,,,2022Q3,,mlit-deflator-tsuki-2607,deftsuki2020（四半期別）!AT36,https://www.mlit.go.jp/statistics/details/content/deftsuki_2607.xlsx,PDL1.0,,2020年度基準(2020年度平均=100)。2026年4月分の公表から2020年度基準に改定(原本注)。ウエイト項目に営業余剰や間接税(消費税を含む)等を含めない(原本注)。原本の期間表示「2022年 7-9月」(暦年の四半期)。注意(W2 の照合): 2020年4-6月期以降の四半期別シートの「地方道路公社等」から「S事務所・その他」までの33列は、月別シートの同じ系列の3か月平均と合わず、左隣の系列の3か月平均と合う。四半期別の値が1列右にずれている疑い。値は原本のまま
8843c468651b0f9c,JP,index,建設工事費デフレーター（2020年度基準） 四半期別,街路2（再掲）,建設総合 > 土木総合 > 公共事業 > 土木1（除く災害復旧） > 街路2（再掲）,index (2020年度平均 = 100),national,JP,日本,,,,108,,index_value,published_pdl,,,2022Q3,,mlit-deflator-tsuki-2607,deftsuki2020（四半期別）!AU36,https://www.mlit.go.jp/statistics/details/content/deftsuki_2607.xlsx,PDL1.0,,2020年度基準(2020年度平均=100)。2026年4月分の公表から2020年度基準に改定(原本注)。ウエイト項目に営業余剰や間接税(消費税を含む)等を含めない(原本注)。原本の期間表示「2022年 7-9月」(暦年の四半期)。注意(W2 の照合): 2020年4-6月期以降の四半期別シートの「地方道路公社等」から「S事務所・その他」までの33列は、月別シートの同じ系列の3か月平均と合わず、左隣の系列の3か月平均と合う。四半期別の値が1列右にずれている疑い。値は原本のまま
5ec9db436a99c830,JP,index,建設工事費デフレーター（2020年度基準） 四半期別,公園,建設総合 > 土木総合 > 公共事業 > 土木1（除く災害復旧） > 公園,index (2020年度平均 = 100),national,JP,日本,,,,107.7,,index_value,published_pdl,,,2022Q3,,mlit-deflator-tsuki-2607,deftsuki2020（四半期別）!AV36,https://www.mlit.go.jp/statistics/details/content/deftsuki_2607.xlsx,PDL1.0,,2020年度基準(2020年度平均=100)。2026年4月分の公表から2020年度基準に改定(原本注)。ウエイト項目に営業余剰や間接税(消費税を含む)等を含めない(原本注)。原本の期間表示「2022年 7-9月」(暦年の四半期)。注意(W2 の照合): 2020年4-6月期以降の四半期別シートの「地方道路公社等」から「S事務所・その他」までの33列は、月別シートの同じ系列の3か月平均と合わず、左隣の系列の3か月平均と合う。四半期別の値が1列右にずれている疑い。値は原本のまま
c0db6cc11fbbe13b,JP,index,建設工事費デフレーター（2020年度基準） 四半期別,下水道,建設総合 > 土木総合 > 公共事業 > 土木1（除く災害復旧） > 下水道,index (2020年度平均 = 100),national,JP,日本,,,,106.9,,index_value,published_pdl,,,2022Q3,,mlit-deflator-tsuki-2607,deftsuki2020（四半期別）!AW36,https://www.mlit.go.jp/statistics/details/content/deftsuki_2607.xlsx,PDL1.0,,2020年度基準(2020年度平均=100)。2026年4月分の公表から2020年度基準に改定(原本注)。ウエイト項目に営業余剰や間接税(消費税を含む)等を含めない(原本注)。原本の期間表示「2022年 7-9月」(暦年の四半期)。注意(W2 の照合): 2020年4-6月期以降の四半期別シートの「地方道路公社等」から「S事務所・その他」までの33列は、月別シートの同じ系列の3か月平均と合わず、左隣の系列の3か月平均と合う。四半期別の値が1列右にずれている疑い。値は原本のまま
1d9e07d18a03512b,JP,index,建設工事費デフレーター（2020年度基準） 四半期別,災害復旧,建設総合 > 土木総合 > 公共事業 > 土木1（除く災害復旧） > 災害復旧,index (2020年度平均 = 100),national,JP,日本,,,,107.6,,index_value,published_pdl,,,2022Q3,,mlit-deflator-tsuki-2607,deftsuki2020（四半期別）!AX36,https://www.mlit.go.jp/statistics/details/content/deftsuki_2607.xlsx,PDL1.0,,2020年度基準(2020年度平均=100)。2026年4月分の公表から2020年度基準に改定(原本注)。ウエイト項目に営業余剰や間接税(消費税を含む)等を含めない(原本注)。原本の期間表示「2022年 7-9月」(暦年の四半期)。注意(W2 の照合): 2020年4-6月期以降の四半期別シートの「地方道路公社等」から「S事務所・その他」までの33列は、月別シートの同じ系列の3か月平均と合わず、左隣の系列の3か月平均と合う。四半期別の値が1列右にずれている疑い。値は原本のまま
2645a4e3361783be,JP,index,建設工事費デフレーター（2020年度基準） 四半期別,土木2,建設総合 > 土木総合 > 公共事業 > 土木2,index (2020年度平均 = 100),national,JP,日本,,,,106,,index_value,published_pdl,,,2022Q3,,mlit-deflator-tsuki-2607,deftsuki2020（四半期別）!AY36,https://www.mlit.go.jp/statistics/details/content/deftsuki_2607.xlsx,PDL1.0,,2020年度基準(2020年度平均=100)。2026年4月分の公表から2020年度基準に改定(原本注)。ウエイト項目に営業余剰や間接税(消費税を含む)等を含めない(原本注)。原本の期間表示「2022年 7-9月」(暦年の四半期)。注意(W2 の照合): 2020年4-6月期以降の四半期別シートの「地方道路公社等」から「S事務所・その他」までの33列は、月別シートの同じ系列の3か月平均と合わず、左隣の系列の3か月平均と合う。四半期別の値が1列右にずれている疑い。値は原本のまま
785276bf1ae6662b,JP,index,建設工事費デフレーター（2020年度基準） 四半期別,港湾・漁港,建設総合 > 土木総合 > 公共事業 > 土木2 > 港湾・漁港,index (2020年度平均 = 100),national,JP,日本,,,,107.9,,index_value,published_pdl,,,2022Q3,,mlit-deflator-tsuki-2607,deftsuki2020（四半期別）!AZ36,https://www.mlit.go.jp/statistics/details/content/deftsuki_2607.xlsx,PDL1.0,,2020年度基準(2020年度平均=100)。2026年4月分の公表から2020年度基準に改定(原本注)。ウエイト項目に営業余剰や間接税(消費税を含む)等を含めない(原本注)。原本の期間表示「2022年 7-9月」(暦年の四半期)。注意(W2 の照合): 2020年4-6月期以降の四半期別シートの「地方道路公社等」から「S事務所・その他」までの33列は、月別シートの同じ系列の3か月平均と合わず、左隣の系列の3か月平均と合う。四半期別の値が1列右にずれている疑い。値は原本のまま
9b8a6ba9b0a928ff,JP,index,建設工事費デフレーター（2020年度基準） 四半期別,空港,建設総合 > 土木総合 > 公共事業 > 土木2 > 空港,index (2020年度平均 = 100),national,JP,日本,,,,107.8,,index_value,published_pdl,,,2022Q3,,mlit-deflator-tsuki-2607,deftsuki2020（四半期別）!BA36,https://www.mlit.go.jp/statistics/details/content/deftsuki_2607.xlsx,PDL1.0,,2020年度基準(2020年度平均=100)。2026年4月分の公表から2020年度基準に改定(原本注)。ウエイト項目に営業余剰や間接税(消費税を含む)等を含めない(原本注)。原本の期間表示「2022年 7-9月」(暦年の四半期)。注意(W2 の照合): 2020年4-6月期以降の四半期別シートの「地方道路公社等」から「S事務所・その他」までの33列は、月別シートの同じ系列の3か月平均と合わず、左隣の系列の3か月平均と合う。四半期別の値が1列右にずれている疑い。値は原本のまま
dfcd4cb99fab9d33,JP,index,建設工事費デフレーター（2020年度基準） 四半期別,環境衛生,建設総合 > 土木総合 > 公共事業 > 土木2 > 環境衛生,index (2020年度平均 = 100),national,JP,日本,,,,105.2,,index_value,published_pdl,,,2022Q3,,mlit-deflator-tsuki-2607,deftsuki2020（四半期別）!BB36,https://www.mlit.go.jp/statistics/details/content/deftsuki_2607.xlsx,PDL1.0,,2020年度基準(2020年度平均=100)。2026年4月分の公表から2020年度基準に改定(原本注)。ウエイト項目に営業余剰や間接税(消費税を含む)等を含めない(原本注)。原本の期間表示「2022年 7-9月」(暦年の四半期)。注意(W2 の照合): 2020年4-6月期以降の四半期別シートの「地方道路公社等」から「S事務所・その他」までの33列は、月別シートの同じ系列の3か月平均と合わず、左隣の系列の3か月平均と合う。四半期別の値が1列右にずれている疑い。値は原本のまま
7d85070d6ec1b4e3,JP,index,建設工事費デフレーター（2020年度基準） 四半期別,農林関係公共事業,建設総合 > 土木総合 > 公共事業 > 土木2 > 農林関係公共事業,index (2020年度平均 = 100),national,JP,日本,,,,109.3,,index_value,published_pdl,,,2022Q3,,mlit-deflator-tsuki-2607,deftsuki2020（四半期別）!BC36,https://www.mlit.go.jp/statistics/details/content/deftsuki_2607.xlsx,PDL1.0,,2020年度基準(2020年度平均=100)。2026年4月分の公表から2020年度基準に改定(原本注)。ウエイト項目に営業余剰や間接税(消費税を含む)等を含めない(原本注)。原本の期間表示「2022年 7-9月」(暦年の四半期)。注意(W2 の照合): 2020年4-6月期以降の四半期別シートの「地方道路公社等」から「S事務所・その他」までの33列は、月別シートの同じ系列の3か月平均と合わず、左隣の系列の3か月平均と合う。四半期別の値が1列右にずれている疑い。値は原本のまま
26821768bd6f81ae,JP,index,建設工事費デフレーター（2020年度基準） 四半期別,その他土木,建設総合 > 土木総合 > その他土木 (原本の列 BD。同じ表頭の列が2つある),index (2020年度平均 = 100),national,JP,日本,,,,107.7,,index_value,published_pdl,,,2022Q3,,mlit-deflator-tsuki-2607,deftsuki2020（四半期別）!BD36,https://www.mlit.go.jp/statistics/details/content/deftsuki_2607.xlsx,PDL1.0,,2020年度基準(2020年度平均=100)。2026年4月分の公表から2020年度基準に改定(原本注)。ウエイト項目に営業余剰や間接税(消費税を含む)等を含めない(原本注)。原本の期間表示「2022年 7-9月」(暦年の四半期)。注意(W2 の照合): 2020年4-6月期以降の四半期別シートの「地方道路公社等」から「S事務所・その他」までの33列は、月別シートの同じ系列の3か月平均と合わず、左隣の系列の3か月平均と合う。四半期別の値が1列右にずれている疑い。値は原本のまま
1211601a8243b4b8,JP,index,建設工事費デフレーター（2020年度基準） 四半期別,鉄道軌道,建設総合 > 土木総合 > その他土木 > 鉄道軌道,index (2020年度平均 = 100),national,JP,日本,,,,108.3,,index_value,published_pdl,,,2022Q3,,mlit-deflator-tsuki-2607,deftsuki2020（四半期別）!BE36,https://www.mlit.go.jp/statistics/details/content/deftsuki_2607.xlsx,PDL1.0,,2020年度基準(2020年度平均=100)。2026年4月分の公表から2020年度基準に改定(原本注)。ウエイト項目に営業余剰や間接税(消費税を含む)等を含めない(原本注)。原本の期間表示「2022年 7-9月」(暦年の四半期)。注意(W2 の照合): 2020年4-6月期以降の四半期別シートの「地方道路公社等」から「S事務所・その他」までの33列は、月別シートの同じ系列の3か月平均と合わず、左隣の系列の3か月平均と合う。四半期別の値が1列右にずれている疑い。値は原本のまま
a600ed96ff644ada,JP,index,建設工事費デフレーター（2020年度基準） 四半期別,電力,建設総合 > 土木総合 > その他土木 > 電力,index (2020年度平均 = 100),national,JP,日本,,,,110.1,,index_value,published_pdl,,,2022Q3,,mlit-deflator-tsuki-2607,deftsuki2020（四半期別）!BF36,https://www.mlit.go.jp/statistics/details/content/deftsuki_2607.xlsx,PDL1.0,,2020年度基準(2020年度平均=100)。2026年4月分の公表から2020年度基準に改定(原本注)。ウエイト項目に営業余剰や間接税(消費税を含む)等を含めない(原本注)。原本の期間表示「2022年 7-9月」(暦年の四半期)。注意(W2 の照合): 2020年4-6月期以降の四半期別シートの「地方道路公社等」から「S事務所・その他」までの33列は、月別シートの同じ系列の3か月平均と合わず、左隣の系列の3か月平均と合う。四半期別の値が1列右にずれている疑い。値は原本のまま
128731c3f84cb835,JP,index,建設工事費デフレーター（2020年度基準） 四半期別,電気通信,建設総合 > 土木総合 > その他土木 > 電気通信,index (2020年度平均 = 100),national,JP,日本,,,,107.9,,index_value,published_pdl,,,2022Q3,,mlit-deflator-tsuki-2607,deftsuki2020（四半期別）!BG36,https://www.mlit.go.jp/statistics/details/content/deftsuki_2607.xlsx,PDL1.0,,2020年度基準(2020年度平均=100)。2026年4月分の公表から2020年度基準に改定(原本注)。ウエイト項目に営業余剰や間接税(消費税を含む)等を含めない(原本注)。原本の期間表示「2022年 7-9月」(暦年の四半期)。注意(W2 の照合): 2020年4-6月期以降の四半期別シートの「地方道路公社等」から「S事務所・その他」までの33列は、月別シートの同じ系列の3か月平均と合わず、左隣の系列の3か月平均と合う。四半期別の値が1列右にずれている疑い。値は原本のまま
a76978914ed8b247,JP,index,建設工事費デフレーター（2020年度基準） 四半期別,上・工業用水道,建設総合 > 土木総合 > その他土木 > 上・工業用水道,index (2020年度平均 = 100),national,JP,日本,,,,106.3,,index_value,published_pdl,,,2022Q3,,mlit-deflator-tsuki-2607,deftsuki2020（四半期別）!BH36,https://www.mlit.go.jp/statistics/details/content/deftsuki_2607.xlsx,PDL1.0,,2020年度基準(2020年度平均=100)。2026年4月分の公表から2020年度基準に改定(原本注)。ウエイト項目に営業余剰や間接税(消費税を含む)等を含めない(原本注)。原本の期間表示「2022年 7-9月」(暦年の四半期)。注意(W2 の照合): 2020年4-6月期以降の四半期別シートの「地方道路公社等」から「S事務所・その他」までの33列は、月別シートの同じ系列の3か月平均と合わず、左隣の系列の3か月平均と合う。四半期別の値が1列右にずれている疑い。値は原本のまま
e983058d79c0be88,JP,index,建設工事費デフレーター（2020年度基準） 四半期別,土地造成,建設総合 > 土木総合 > その他土木 > 土地造成,index (2020年度平均 = 100),national,JP,日本,,,,107.9,,index_value,published_pdl,,,2022Q3,,mlit-deflator-tsuki-2607,deftsuki2020（四半期別）!BI36,https://www.mlit.go.jp/statistics/details/content/deftsuki_2607.xlsx,PDL1.0,,2020年度基準(2020年度平均=100)。2026年4月分の公表から2020年度基準に改定(原本注)。ウエイト項目に営業余剰や間接税(消費税を含む)等を含めない(原本注)。原本の期間表示「2022年 7-9月」(暦年の四半期)。注意(W2 の照合): 2020年4-6月期以降の四半期別シートの「地方道路公社等」から「S事務所・その他」までの33列は、月別シートの同じ系列の3か月平均と合わず、左隣の系列の3か月平均と合う。四半期別の値が1列右にずれている疑い。値は原本のまま
2f683efd755f2619,JP,index,建設工事費デフレーター（2020年度基準） 四半期別,その他土木,建設総合 > 土木総合 > その他土木 (原本の列 BJ。同じ表頭の列が2つある),index (2020年度平均 = 100),national,JP,日本,,,,106.3,,index_value,published_pdl,,,2022Q3,,mlit-deflator-tsuki-2607,deftsuki2020（四半期別）!BJ36,https://www.mlit.go.jp/statistics/details/content/deftsuki_2607.xlsx,PDL1.0,,2020年度基準(2020年度平均=100)。2026年4月分の公表から2020年度基準に改定(原本注)。ウエイト項目に営業余剰や間接税(消費税を含む)等を含めない(原本注)。原本の期間表示「2022年 7-9月」(暦年の四半期)。注意(W2 の照合): 2020年4-6月期以降の四半期別シートの「地方道路公社等」から「S事務所・その他」までの33列は、月別シートの同じ系列の3か月平均と合わず、左隣の系列の3か月平均と合う。四半期別の値が1列右にずれている疑い。値は原本のまま
65a8710c2f37c6a3,JP,index,建設工事費デフレーター（2020年度基準） 四半期別,W在来住宅,W在来住宅,index (2020年度平均 = 100),national,JP,日本,,,,108,,index_value,published_pdl,,,2022Q3,,mlit-deflator-tsuki-2607,deftsuki2020（四半期別）!BK36,https://www.mlit.go.jp/statistics/details/content/deftsuki_2607.xlsx,PDL1.0,,2020年度基準(2020年度平均=100)。2026年4月分の公表から2020年度基準に改定(原本注)。ウエイト項目に営業余剰や間接税(消費税を含む)等を含めない(原本注)。原本の期間表示「2022年 7-9月」(暦年の四半期)。注意(W2 の照合): 2020年4-6月期以降の四半期別シートの「地方道路公社等」から「S事務所・その他」までの33列は、月別シートの同じ系列の3か月平均と合わず、左隣の系列の3か月平均と合う。四半期別の値が1列右にずれている疑い。値は原本のまま
4ce6bf4ad5752fff,JP,index,建設工事費デフレーター（2020年度基準） 四半期別,W量産住宅,W量産住宅,index (2020年度平均 = 100),national,JP,日本,,,,116.5,,index_value,published_pdl,,,2022Q3,,mlit-deflator-tsuki-2607,deftsuki2020（四半期別）!BL36,https://www.mlit.go.jp/statistics/details/content/deftsuki_2607.xlsx,PDL1.0,,2020年度基準(2020年度平均=100)。2026年4月分の公表から2020年度基準に改定(原本注)。ウエイト項目に営業余剰や間接税(消費税を含む)等を含めない(原本注)。原本の期間表示「2022年 7-9月」(暦年の四半期)。注意(W2 の照合): 2020年4-6月期以降の四半期別シートの「地方道路公社等」から「S事務所・その他」までの33列は、月別シートの同じ系列の3か月平均と合わず、左隣の系列の3か月平均と合う。四半期別の値が1列右にずれている疑い。値は原本のまま
8635f6e2ac0a9885,JP,index,建設工事費デフレーター（2020年度基準） 四半期別,RC在来住宅,RC在来住宅,index (2020年度平均 = 100),national,JP,日本,,,,122.8,,index_value,published_pdl,,,2022Q3,,mlit-deflator-tsuki-2607,deftsuki2020（四半期別）!BM36,https://www.mlit.go.jp/statistics/details/content/deftsuki_2607.xlsx,PDL1.0,,2020年度基準(2020年度平均=100)。2026年4月分の公表から2020年度基準に改定(原本注)。ウエイト項目に営業余剰や間接税(消費税を含む)等を含めない(原本注)。原本の期間表示「2022年 7-9月」(暦年の四半期)。注意(W2 の照合): 2020年4-6月期以降の四半期別シートの「地方道路公社等」から「S事務所・その他」までの33列は、月別シートの同じ系列の3か月平均と合わず、左隣の系列の3か月平均と合う。四半期別の値が1列右にずれている疑い。値は原本のまま
2ce5d527d88a0857,JP,index,建設工事費デフレーター（2020年度基準） 四半期別,RC量産住宅,RC量産住宅,index (2020年度平均 = 100),national,JP,日本,,,,110.5,,index_value,published_pdl,,,2022Q3,,mlit-deflator-tsuki-2607,deftsuki2020（四半期別）!BN36,https://www.mlit.go.jp/statistics/details/content/deftsuki_2607.xlsx,PDL1.0,,2020年度基準(2020年度平均=100)。2026年4月分の公表から2020年度基準に改定(原本注)。ウエイト項目に営業余剰や間接税(消費税を含む)等を含めない(原本注)。原本の期間表示「2022年 7-9月」(暦年の四半期)。注意(W2 の照合): 2020年4-6月期以降の四半期別シートの「地方道路公社等」から「S事務所・その他」までの33列は、月別シートの同じ系列の3か月平均と合わず、左隣の系列の3か月平均と合う。四半期別の値が1列右にずれている疑い。値は原本のまま
f9e345bef9d42a80,JP,index,建設工事費デフレーター（2020年度基準） 四半期別,S在来住宅,S在来住宅,index (2020年度平均 = 100),national,JP,日本,,,,111.8,,index_value,published_pdl,,,2022Q3,,mlit-deflator-tsuki-2607,deftsuki2020（四半期別）!BO36,https://www.mlit.go.jp/statistics/details/content/deftsuki_2607.xlsx,PDL1.0,,2020年度基準(2020年度平均=100)。2026年4月分の公表から2020年度基準に改定(原本注)。ウエイト項目に営業余剰や間接税(消費税を含む)等を含めない(原本注)。原本の期間表示「2022年 7-9月」(暦年の四半期)。注意(W2 の照合): 2020年4-6月期以降の四半期別シートの「地方道路公社等」から「S事務所・その他」までの33列は、月別シートの同じ系列の3か月平均と合わず、左隣の系列の3か月平均と合う。四半期別の値が1列右にずれている疑い。値は原本のまま
6cccc2519bba5567,JP,index,建設工事費デフレーター（2020年度基準） 四半期別,S量産住宅,S量産住宅,index (2020年度平均 = 100),national,JP,日本,,,,109.8,,index_value,published_pdl,,,2022Q3,,mlit-deflator-tsuki-2607,deftsuki2020（四半期別）!BP36,https://www.mlit.go.jp/statistics/details/content/deftsuki_2607.xlsx,PDL1.0,,2020年度基準(2020年度平均=100)。2026年4月分の公表から2020年度基準に改定(原本注)。ウエイト項目に営業余剰や間接税(消費税を含む)等を含めない(原本注)。原本の期間表示「2022年 7-9月」(暦年の四半期)。注意(W2 の照合): 2020年4-6月期以降の四半期別シートの「地方道路公社等」から「S事務所・その他」までの33列は、月別シートの同じ系列の3か月平均と合わず、左隣の系列の3か月平均と合う。四半期別の値が1列右にずれている疑い。値は原本のまま
489a6d08f09ba881,JP,index,建設工事費デフレーター（2020年度基準） 四半期別,W工場・倉庫,W工場・倉庫,index (2020年度平均 = 100),national,JP,日本,,,,118.1,,index_value,published_pdl,,,2022Q3,,mlit-deflator-tsuki-2607,deftsuki2020（四半期別）!BQ36,https://www.mlit.go.jp/statistics/details/content/deftsuki_2607.xlsx,PDL1.0,,2020年度基準(2020年度平均=100)。2026年4月分の公表から2020年度基準に改定(原本注)。ウエイト項目に営業余剰や間接税(消費税を含む)等を含めない(原本注)。原本の期間表示「2022年 7-9月」(暦年の四半期)。注意(W2 の照合): 2020年4-6月期以降の四半期別シートの「地方道路公社等」から「S事務所・その他」までの33列は、月別シートの同じ系列の3か月平均と合わず、左隣の系列の3か月平均と合う。四半期別の値が1列右にずれている疑い。値は原本のまま
b11c7b5d95b3ce80,JP,index,建設工事費デフレーター（2020年度基準） 四半期別,W事務所・その他,W事務所・その他,index (2020年度平均 = 100),national,JP,日本,,,,112,,index_value,published_pdl,,,2022Q3,,mlit-deflator-tsuki-2607,deftsuki2020（四半期別）!BR36,https://www.mlit.go.jp/statistics/details/content/deftsuki_2607.xlsx,PDL1.0,,2020年度基準(2020年度平均=100)。2026年4月分の公表から2020年度基準に改定(原本注)。ウエイト項目に営業余剰や間接税(消費税を含む)等を含めない(原本注)。原本の期間表示「2022年 7-9月」(暦年の四半期)。注意(W2 の照合): 2020年4-6月期以降の四半期別シートの「地方道路公社等」から「S事務所・その他」までの33列は、月別シートの同じ系列の3か月平均と合わず、左隣の系列の3か月平均と合う。四半期別の値が1列右にずれている疑い。値は原本のまま
65d136239fedd53c,JP,index,建設工事費デフレーター（2020年度基準） 四半期別,SRC工場・倉庫,SRC工場・倉庫,index (2020年度平均 = 100),national,JP,日本,,,,112.5,,index_value,published_pdl,,,2022Q3,,mlit-deflator-tsuki-2607,deftsuki2020（四半期別）!BS36,https://www.mlit.go.jp/statistics/details/content/deftsuki_2607.xlsx,PDL1.0,,2020年度基準(2020年度平均=100)。2026年4月分の公表から2020年度基準に改定(原本注)。ウエイト項目に営業余剰や間接税(消費税を含む)等を含めない(原本注)。原本の期間表示「2022年 7-9月」(暦年の四半期)。注意(W2 の照合): 2020年4-6月期以降の四半期別シートの「地方道路公社等」から「S事務所・その他」までの33列は、月別シートの同じ系列の3か月平均と合わず、左隣の系列の3か月平均と合う。四半期別の値が1列右にずれている疑い。値は原本のまま
2f57229258a2a506,JP,index,建設工事費デフレーター（2020年度基準） 四半期別,SRC事務所・その他,SRC事務所・その他,index (2020年度平均 = 100),national,JP,日本,,,,108.5,,index_value,published_pdl,,,2022Q3,,mlit-deflator-tsuki-2607,deftsuki2020（四半期別）!BT36,https://www.mlit.go.jp/statistics/details/content/deftsuki_2607.xlsx,PDL1.0,,2020年度基準(2020年度平均=100)。2026年4月分の公表から2020年度基準に改定(原本注)。ウエイト項目に営業余剰や間接税(消費税を含む)等を含めない(原本注)。原本の期間表示「2022年 7-9月」(暦年の四半期)。注意(W2 の照合): 2020年4-6月期以降の四半期別シートの「地方道路公社等」から「S事務所・その他」までの33列は、月別シートの同じ系列の3か月平均と合わず、左隣の系列の3か月平均と合う。四半期別の値が1列右にずれている疑い。値は原本のまま
d959bf7e7c7dc92b,JP,index,建設工事費デフレーター（2020年度基準） 四半期別,RC工場・倉庫,RC工場・倉庫,index (2020年度平均 = 100),national,JP,日本,,,,108.1,,index_value,published_pdl,,,2022Q3,,mlit-deflator-tsuki-2607,deftsuki2020（四半期別）!BU36,https://www.mlit.go.jp/statistics/details/content/deftsuki_2607.xlsx,PDL1.0,,2020年度基準(2020年度平均=100)。2026年4月分の公表から2020年度基準に改定(原本注)。ウエイト項目に営業余剰や間接税(消費税を含む)等を含めない(原本注)。原本の期間表示「2022年 7-9月」(暦年の四半期)。注意(W2 の照合): 2020年4-6月期以降の四半期別シートの「地方道路公社等」から「S事務所・その他」までの33列は、月別シートの同じ系列の3か月平均と合わず、左隣の系列の3か月平均と合う。四半期別の値が1列右にずれている疑い。値は原本のまま
0645c4bdadaf1b56,JP,index,建設工事費デフレーター（2020年度基準） 四半期別,RC学校,RC学校,index (2020年度平均 = 100),national,JP,日本,,,,108.6,,index_value,published_pdl,,,2022Q3,,mlit-deflator-tsuki-2607,deftsuki2020（四半期別）!BV36,https://www.mlit.go.jp/statistics/details/content/deftsuki_2607.xlsx,PDL1.0,,2020年度基準(2020年度平均=100)。2026年4月分の公表から2020年度基準に改定(原本注)。ウエイト項目に営業余剰や間接税(消費税を含む)等を含めない(原本注)。原本の期間表示「2022年 7-9月」(暦年の四半期)。注意(W2 の照合): 2020年4-6月期以降の四半期別シートの「地方道路公社等」から「S事務所・その他」までの33列は、月別シートの同じ系列の3か月平均と合わず、左隣の系列の3か月平均と合う。四半期別の値が1列右にずれている疑い。値は原本のまま
726e7502acb1c371,JP,index,建設工事費デフレーター（2020年度基準） 四半期別,RC事務所・その他,RC事務所・その他,index (2020年度平均 = 100),national,JP,日本,,,,109.6,,index_value,published_pdl,,,2022Q3,,mlit-deflator-tsuki-2607,deftsuki2020（四半期別）!BW36,https://www.mlit.go.jp/statistics/details/content/deftsuki_2607.xlsx,PDL1.0,,2020年度基準(2020年度平均=100)。2026年4月分の公表から2020年度基準に改定(原本注)。ウエイト項目に営業余剰や間接税(消費税を含む)等を含めない(原本注)。原本の期間表示「2022年 7-9月」(暦年の四半期)。注意(W2 の照合): 2020年4-6月期以降の四半期別シートの「地方道路公社等」から「S事務所・その他」までの33列は、月別シートの同じ系列の3か月平均と合わず、左隣の系列の3か月平均と合う。四半期別の値が1列右にずれている疑い。値は原本のまま
7fd92701e2afddf2,JP,index,建設工事費デフレーター（2020年度基準） 四半期別,S工場・倉庫,S工場・倉庫,index (2020年度平均 = 100),national,JP,日本,,,,109.2,,index_value,published_pdl,,,2022Q3,,mlit-deflator-tsuki-2607,deftsuki2020（四半期別）!BX36,https://www.mlit.go.jp/statistics/details/content/deftsuki_2607.xlsx,PDL1.0,,2020年度基準(2020年度平均=100)。2026年4月分の公表から2020年度基準に改定(原本注)。ウエイト項目に営業余剰や間接税(消費税を含む)等を含めない(原本注)。原本の期間表示「2022年 7-9月」(暦年の四半期)。注意(W2 の照合): 2020年4-6月期以降の四半期別シートの「地方道路公社等」から「S事務所・その他」までの33列は、月別シートの同じ系列の3か月平均と合わず、左隣の系列の3か月平均と合う。四半期別の値が1列右にずれている疑い。値は原本のまま
523cd4e281d8bcfd,JP,index,建設工事費デフレーター（2020年度基準） 四半期別,S事務所・その他,S事務所・その他,index (2020年度平均 = 100),national,JP,日本,,,,108.4,,index_value,published_pdl,,,2022Q3,,mlit-deflator-tsuki-2607,deftsuki2020（四半期別）!BY36,https://www.mlit.go.jp/statistics/details/content/deftsuki_2607.xlsx,PDL1.0,,2020年度基準(2020年度平均=100)。2026年4月分の公表から2020年度基準に改定(原本注)。ウエイト項目に営業余剰や間接税(消費税を含む)等を含めない(原本注)。原本の期間表示「2022年 7-9月」(暦年の四半期)。注意(W2 の照合): 2020年4-6月期以降の四半期別シートの「地方道路公社等」から「S事務所・その他」までの33列は、月別シートの同じ系列の3か月平均と合わず、左隣の系列の3か月平均と合う。四半期別の値が1列右にずれている疑い。値は原本のまま
b560b069bddeee02,JP,index,建設工事費デフレーター（2020年度基準） 四半期別,地方道路公社等,建設総合 > 土木総合 > 公共事業 > 土木1（除く災害復旧） > 道路総合 > 有料道路 > 地方道路公社等,index (2020年度平均 = 100),national,JP,日本,,,,109.7,,index_value,published_pdl,,,2022Q4,,mlit-deflator-tsuki-2607,deftsuki2020（四半期別）!AS37,https://www.mlit.go.jp/statistics/details/content/deftsuki_2607.xlsx,PDL1.0,,2020年度基準(2020年度平均=100)。2026年4月分の公表から2020年度基準に改定(原本注)。ウエイト項目に営業余剰や間接税(消費税を含む)等を含めない(原本注)。原本の期間表示「2022年 10-12月」(暦年の四半期)。注意(W2 の照合): 2020年4-6月期以降の四半期別シートの「地方道路公社等」から「S事務所・その他」までの33列は、月別シートの同じ系列の3か月平均と合わず、左隣の系列の3か月平均と合う。四半期別の値が1列右にずれている疑い。値は原本のまま
f6fbf53b862331fa,JP,index,建設工事費デフレーター（2020年度基準） 四半期別,道路2（再掲）,建設総合 > 土木総合 > 公共事業 > 土木1（除く災害復旧） > 道路2（再掲）,index (2020年度平均 = 100),national,JP,日本,,,,111.2,,index_value,published_pdl,,,2022Q4,,mlit-deflator-tsuki-2607,deftsuki2020（四半期別）!AT37,https://www.mlit.go.jp/statistics/details/content/deftsuki_2607.xlsx,PDL1.0,,2020年度基準(2020年度平均=100)。2026年4月分の公表から2020年度基準に改定(原本注)。ウエイト項目に営業余剰や間接税(消費税を含む)等を含めない(原本注)。原本の期間表示「2022年 10-12月」(暦年の四半期)。注意(W2 の照合): 2020年4-6月期以降の四半期別シートの「地方道路公社等」から「S事務所・その他」までの33列は、月別シートの同じ系列の3か月平均と合わず、左隣の系列の3か月平均と合う。四半期別の値が1列右にずれている疑い。値は原本のまま
9f9229d441124269,JP,index,建設工事費デフレーター（2020年度基準） 四半期別,街路2（再掲）,建設総合 > 土木総合 > 公共事業 > 土木1（除く災害復旧） > 街路2（再掲）,index (2020年度平均 = 100),national,JP,日本,,,,110.7,,index_value,published_pdl,,,2022Q4,,mlit-deflator-tsuki-2607,deftsuki2020（四半期別）!AU37,https://www.mlit.go.jp/statistics/details/content/deftsuki_2607.xlsx,PDL1.0,,2020年度基準(2020年度平均=100)。2026年4月分の公表から2020年度基準に改定(原本注)。ウエイト項目に営業余剰や間接税(消費税を含む)等を含めない(原本注)。原本の期間表示「2022年 10-12月」(暦年の四半期)。注意(W2 の照合): 2020年4-6月期以降の四半期別シートの「地方道路公社等」から「S事務所・その他」までの33列は、月別シートの同じ系列の3か月平均と合わず、左隣の系列の3か月平均と合う。四半期別の値が1列右にずれている疑い。値は原本のまま
95494dd54b7e866a,JP,index,建設工事費デフレーター（2020年度基準） 四半期別,公園,建設総合 > 土木総合 > 公共事業 > 土木1（除く災害復旧） > 公園,index (2020年度平均 = 100),national,JP,日本,,,,110.5,,index_value,published_pdl,,,2022Q4,,mlit-deflator-tsuki-2607,deftsuki2020（四半期別）!AV37,https://www.mlit.go.jp/statistics/details/content/deftsuki_2607.xlsx,PDL1.0,,2020年度基準(2020年度平均=100)。2026年4月分の公表から2020年度基準に改定(原本注)。ウエイト項目に営業余剰や間接税(消費税を含む)等を含めない(原本注)。原本の期間表示「2022年 10-12月」(暦年の四半期)。注意(W2 の照合): 2020年4-6月期以降の四半期別シートの「地方道路公社等」から「S事務所・その他」までの33列は、月別シートの同じ系列の3か月平均と合わず、左隣の系列の3か月平均と合う。四半期別の値が1列右にずれている疑い。値は原本のまま
f834f1650dc8cda3,JP,index,建設工事費デフレーター（2020年度基準） 四半期別,下水道,建設総合 > 土木総合 > 公共事業 > 土木1（除く災害復旧） > 下水道,index (2020年度平均 = 100),national,JP,日本,,,,109.2,,index_value,published_pdl,,,2022Q4,,mlit-deflator-tsuki-2607,deftsuki2020（四半期別）!AW37,https://www.mlit.go.jp/statistics/details/content/deftsuki_2607.xlsx,PDL1.0,,2020年度基準(2020年度平均=100)。2026年4月分の公表から2020年度基準に改定(原本注)。ウエイト項目に営業余剰や間接税(消費税を含む)等を含めない(原本注)。原本の期間表示「2022年 10-12月」(暦年の四半期)。注意(W2 の照合): 2020年4-6月期以降の四半期別シートの「地方道路公社等」から「S事務所・その他」までの33列は、月別シートの同じ系列の3か月平均と合わず、左隣の系列の3か月平均と合う。四半期別の値が1列右にずれている疑い。値は原本のまま
1643b172b3f36796,JP,index,建設工事費デフレーター（2020年度基準） 四半期別,災害復旧,建設総合 > 土木総合 > 公共事業 > 土木1（除く災害復旧） > 災害復旧,index (2020年度平均 = 100),national,JP,日本,,,,110.4,,index_value,published_pdl,,,2022Q4,,mlit-deflator-tsuki-2607,deftsuki2020（四半期別）!AX37,https://www.mlit.go.jp/statistics/details/content/deftsuki_2607.xlsx,PDL1.0,,2020年度基準(2020年度平均=100)。2026年4月分の公表から2020年度基準に改定(原本注)。ウエイト項目に営業余剰や間接税(消費税を含む)等を含めない(原本注)。原本の期間表示「2022年 10-12月」(暦年の四半期)。注意(W2 の照合): 2020年4-6月期以降の四半期別シートの「地方道路公社等」から「S事務所・その他」までの33列は、月別シートの同じ系列の3か月平均と合わず、左隣の系列の3か月平均と合う。四半期別の値が1列右にずれている疑い。値は原本のまま
b662d5e1c7d7ce5f,JP,index,建設工事費デフレーター（2020年度基準） 四半期別,土木2,建設総合 > 土木総合 > 公共事業 > 土木2,index (2020年度平均 = 100),national,JP,日本,,,,108.4,,index_value,published_pdl,,,2022Q4,,mlit-deflator-tsuki-2607,deftsuki2020（四半期別）!AY37,https://www.mlit.go.jp/statistics/details/content/deftsuki_2607.xlsx,PDL1.0,,2020年度基準(2020年度平均=100)。2026年4月分の公表から2020年度基準に改定(原本注)。ウエイト項目に営業余剰や間接税(消費税を含む)等を含めない(原本注)。原本の期間表示「2022年 10-12月」(暦年の四半期)。注意(W2 の照合): 2020年4-6月期以降の四半期別シートの「地方道路公社等」から「S事務所・その他」までの33列は、月別シートの同じ系列の3か月平均と合わず、左隣の系列の3か月平均と合う。四半期別の値が1列右にずれている疑い。値は原本のまま
e0abccdbd58eb83e,JP,index,建設工事費デフレーター（2020年度基準） 四半期別,港湾・漁港,建設総合 > 土木総合 > 公共事業 > 土木2 > 港湾・漁港,index (2020年度平均 = 100),national,JP,日本,,,,110.8,,index_value,published_pdl,,,2022Q4,,mlit-deflator-tsuki-2607,deftsuki2020（四半期別）!AZ37,https://www.mlit.go.jp/statistics/details/content/deftsuki_2607.xlsx,PDL1.0,,2020年度基準(2020年度平均=100)。2026年4月分の公表から2020年度基準に改定(原本注)。ウエイト項目に営業余剰や間接税(消費税を含む)等を含めない(原本注)。原本の期間表示「2022年 10-12月」(暦年の四半期)。注意(W2 の照合): 2020年4-6月期以降の四半期別シートの「地方道路公社等」から「S事務所・その他」までの33列は、月別シートの同じ系列の3か月平均と合わず、左隣の系列の3か月平均と合う。四半期別の値が1列右にずれている疑い。値は原本のまま
537b137ba4ae502a,JP,index,建設工事費デフレーター（2020年度基準） 四半期別,空港,建設総合 > 土木総合 > 公共事業 > 土木2 > 空港,index (2020年度平均 = 100),national,JP,日本,,,,110.6,,index_value,published_pdl,,,2022Q4,,mlit-deflator-tsuki-2607,deftsuki2020（四半期別）!BA37,https://www.mlit.go.jp/statistics/details/content/deftsuki_2607.xlsx,PDL1.0,,2020年度基準(2020年度平均=100)。2026年4月分の公表から2020年度基準に改定(原本注)。ウエイト項目に営業余剰や間接税(消費税を含む)等を含めない(原本注)。原本の期間表示「2022年 10-12月」(暦年の四半期)。注意(W2 の照合): 2020年4-6月期以降の四半期別シートの「地方道路公社等」から「S事務所・その他」までの33列は、月別シートの同じ系列の3か月平均と合わず、左隣の系列の3か月平均と合う。四半期別の値が1列右にずれている疑い。値は原本のまま
bb1c8eea572019db,JP,index,建設工事費デフレーター（2020年度基準） 四半期別,環境衛生,建設総合 > 土木総合 > 公共事業 > 土木2 > 環境衛生,index (2020年度平均 = 100),national,JP,日本,,,,108.1,,index_value,published_pdl,,,2022Q4,,mlit-deflator-tsuki-2607,deftsuki2020（四半期別）!BB37,https://www.mlit.go.jp/statistics/details/content/deftsuki_2607.xlsx,PDL1.0,,2020年度基準(2020年度平均=100)。2026年4月分の公表から2020年度基準に改定(原本注)。ウエイト項目に営業余剰や間接税(消費税を含む)等を含めない(原本注)。原本の期間表示「2022年 10-12月」(暦年の四半期)。注意(W2 の照合): 2020年4-6月期以降の四半期別シートの「地方道路公社等」から「S事務所・その他」までの33列は、月別シートの同じ系列の3か月平均と合わず、左隣の系列の3か月平均と合う。四半期別の値が1列右にずれている疑い。値は原本のまま
b0b029e939c3c75e,JP,index,建設工事費デフレーター（2020年度基準） 四半期別,農林関係公共事業,建設総合 > 土木総合 > 公共事業 > 土木2 > 農林関係公共事業,index (2020年度平均 = 100),national,JP,日本,,,,112.3,,index_value,published_pdl,,,2022Q4,,mlit-deflator-tsuki-2607,deftsuki2020（四半期別）!BC37,https://www.mlit.go.jp/statistics/details/content/deftsuki_2607.xlsx,PDL1.0,,2020年度基準(2020年度平均=100)。2026年4月分の公表から2020年度基準に改定(原本注)。ウエイト項目に営業余剰や間接税(消費税を含む)等を含めない(原本注)。原本の期間表示「2022年 10-12月」(暦年の四半期)。注意(W2 の照合): 2020年4-6月期以降の四半期別シートの「地方道路公社等」から「S事務所・その他」までの33列は、月別シートの同じ系列の3か月平均と合わず、左隣の系列の3か月平均と合う。四半期別の値が1列右にずれている疑い。値は原本のまま
6c65c2f306d8b3b3,JP,index,建設工事費デフレーター（2020年度基準） 四半期別,その他土木,建設総合 > 土木総合 > その他土木 (原本の列 BD。同じ表頭の列が2つある),index (2020年度平均 = 100),national,JP,日本,,,,110.6,,index_value,published_pdl,,,2022Q4,,mlit-deflator-tsuki-2607,deftsuki2020（四半期別）!BD37,https://www.mlit.go.jp/statistics/details/content/deftsuki_2607.xlsx,PDL1.0,,2020年度基準(2020年度平均=100)。2026年4月分の公表から2020年度基準に改定(原本注)。ウエイト項目に営業余剰や間接税(消費税を含む)等を含めない(原本注)。原本の期間表示「2022年 10-12月」(暦年の四半期)。注意(W2 の照合): 2020年4-6月期以降の四半期別シートの「地方道路公社等」から「S事務所・その他」までの33列は、月別シートの同じ系列の3か月平均と合わず、左隣の系列の3か月平均と合う。四半期別の値が1列右にずれている疑い。値は原本のまま
c9495cd9ddc783ca,JP,index,建設工事費デフレーター（2020年度基準） 四半期別,鉄道軌道,建設総合 > 土木総合 > その他土木 > 鉄道軌道,index (2020年度平均 = 100),national,JP,日本,,,,111.5,,index_value,published_pdl,,,2022Q4,,mlit-deflator-tsuki-2607,deftsuki2020（四半期別）!BE37,https://www.mlit.go.jp/statistics/details/content/deftsuki_2607.xlsx,PDL1.0,,2020年度基準(2020年度平均=100)。2026年4月分の公表から2020年度基準に改定(原本注)。ウエイト項目に営業余剰や間接税(消費税を含む)等を含めない(原本注)。原本の期間表示「2022年 10-12月」(暦年の四半期)。注意(W2 の照合): 2020年4-6月期以降の四半期別シートの「地方道路公社等」から「S事務所・その他」までの33列は、月別シートの同じ系列の3か月平均と合わず、左隣の系列の3か月平均と合う。四半期別の値が1列右にずれている疑い。値は原本のまま
55d1de0bb5d964f0,JP,index,建設工事費デフレーター（2020年度基準） 四半期別,電力,建設総合 > 土木総合 > その他土木 > 電力,index (2020年度平均 = 100),national,JP,日本,,,,113.7,,index_value,published_pdl,,,2022Q4,,mlit-deflator-tsuki-2607,deftsuki2020（四半期別）!BF37,https://www.mlit.go.jp/statistics/details/content/deftsuki_2607.xlsx,PDL1.0,,2020年度基準(2020年度平均=100)。2026年4月分の公表から2020年度基準に改定(原本注)。ウエイト項目に営業余剰や間接税(消費税を含む)等を含めない(原本注)。原本の期間表示「2022年 10-12月」(暦年の四半期)。注意(W2 の照合): 2020年4-6月期以降の四半期別シートの「地方道路公社等」から「S事務所・その他」までの33列は、月別シートの同じ系列の3か月平均と合わず、左隣の系列の3か月平均と合う。四半期別の値が1列右にずれている疑い。値は原本のまま
bebd2049d307e738,JP,index,建設工事費デフレーター（2020年度基準） 四半期別,電気通信,建設総合 > 土木総合 > その他土木 > 電気通信,index (2020年度平均 = 100),national,JP,日本,,,,111.3,,index_value,published_pdl,,,2022Q4,,mlit-deflator-tsuki-2607,deftsuki2020（四半期別）!BG37,https://www.mlit.go.jp/statistics/details/content/deftsuki_2607.xlsx,PDL1.0,,2020年度基準(2020年度平均=100)。2026年4月分の公表から2020年度基準に改定(原本注)。ウエイト項目に営業余剰や間接税(消費税を含む)等を含めない(原本注)。原本の期間表示「2022年 10-12月」(暦年の四半期)。注意(W2 の照合): 2020年4-6月期以降の四半期別シートの「地方道路公社等」から「S事務所・その他」までの33列は、月別シートの同じ系列の3か月平均と合わず、左隣の系列の3か月平均と合う。四半期別の値が1列右にずれている疑い。値は原本のまま
4481ef808f6bea0b,JP,index,建設工事費デフレーター（2020年度基準） 四半期別,上・工業用水道,建設総合 > 土木総合 > その他土木 > 上・工業用水道,index (2020年度平均 = 100),national,JP,日本,,,,109.5,,index_value,published_pdl,,,2022Q4,,mlit-deflator-tsuki-2607,deftsuki2020（四半期別）!BH37,https://www.mlit.go.jp/statistics/details/content/deftsuki_2607.xlsx,PDL1.0,,2020年度基準(2020年度平均=100)。2026年4月分の公表から2020年度基準に改定(原本注)。ウエイト項目に営業余剰や間接税(消費税を含む)等を含めない(原本注)。原本の期間表示「2022年 10-12月」(暦年の四半期)。注意(W2 の照合): 2020年4-6月期以降の四半期別シートの「地方道路公社等」から「S事務所・その他」までの33列は、月別シートの同じ系列の3か月平均と合わず、左隣の系列の3か月平均と合う。四半期別の値が1列右にずれている疑い。値は原本のまま
0e81b711f07b8401,JP,index,建設工事費デフレーター（2020年度基準） 四半期別,土地造成,建設総合 > 土木総合 > その他土木 > 土地造成,index (2020年度平均 = 100),national,JP,日本,,,,111,,index_value,published_pdl,,,2022Q4,,mlit-deflator-tsuki-2607,deftsuki2020（四半期別）!BI37,https://www.mlit.go.jp/statistics/details/content/deftsuki_2607.xlsx,PDL1.0,,2020年度基準(2020年度平均=100)。2026年4月分の公表から2020年度基準に改定(原本注)。ウエイト項目に営業余剰や間接税(消費税を含む)等を含めない(原本注)。原本の期間表示「2022年 10-12月」(暦年の四半期)。注意(W2 の照合): 2020年4-6月期以降の四半期別シートの「地方道路公社等」から「S事務所・その他」までの33列は、月別シートの同じ系列の3か月平均と合わず、左隣の系列の3か月平均と合う。四半期別の値が1列右にずれている疑い。値は原本のまま
94254e662ef1d613,JP,index,建設工事費デフレーター（2020年度基準） 四半期別,その他土木,建設総合 > 土木総合 > その他土木 (原本の列 BJ。同じ表頭の列が2つある),index (2020年度平均 = 100),national,JP,日本,,,,109.2,,index_value,published_pdl,,,2022Q4,,mlit-deflator-tsuki-2607,deftsuki2020（四半期別）!BJ37,https://www.mlit.go.jp/statistics/details/content/deftsuki_2607.xlsx,PDL1.0,,2020年度基準(2020年度平均=100)。2026年4月分の公表から2020年度基準に改定(原本注)。ウエイト項目に営業余剰や間接税(消費税を含む)等を含めない(原本注)。原本の期間表示「2022年 10-12月」(暦年の四半期)。注意(W2 の照合): 2020年4-6月期以降の四半期別シートの「地方道路公社等」から「S事務所・その他」までの33列は、月別シートの同じ系列の3か月平均と合わず、左隣の系列の3か月平均と合う。四半期別の値が1列右にずれている疑い。値は原本のまま
9d038f9c1c11e3a2,JP,index,建設工事費デフレーター（2020年度基準） 四半期別,W在来住宅,W在来住宅,index (2020年度平均 = 100),national,JP,日本,,,,110.9,,index_value,published_pdl,,,2022Q4,,mlit-deflator-tsuki-2607,deftsuki2020（四半期別）!BK37,https://www.mlit.go.jp/statistics/details/content/deftsuki_2607.xlsx,PDL1.0,,2020年度基準(2020年度平均=100)。2026年4月分の公表から2020年度基準に改定(原本注)。ウエイト項目に営業余剰や間接税(消費税を含む)等を含めない(原本注)。原本の期間表示「2022年 10-12月」(暦年の四半期)。注意(W2 の照合): 2020年4-6月期以降の四半期別シートの「地方道路公社等」から「S事務所・その他」までの33列は、月別シートの同じ系列の3か月平均と合わず、左隣の系列の3か月平均と合う。四半期別の値が1列右にずれている疑い。値は原本のまま
91dec07241fd74ed,JP,index,建設工事費デフレーター（2020年度基準） 四半期別,W量産住宅,W量産住宅,index (2020年度平均 = 100),national,JP,日本,,,,117.3,,index_value,published_pdl,,,2022Q4,,mlit-deflator-tsuki-2607,deftsuki2020（四半期別）!BL37,https://www.mlit.go.jp/statistics/details/content/deftsuki_2607.xlsx,PDL1.0,,2020年度基準(2020年度平均=100)。2026年4月分の公表から2020年度基準に改定(原本注)。ウエイト項目に営業余剰や間接税(消費税を含む)等を含めない(原本注)。原本の期間表示「2022年 10-12月」(暦年の四半期)。注意(W2 の照合): 2020年4-6月期以降の四半期別シートの「地方道路公社等」から「S事務所・その他」までの33列は、月別シートの同じ系列の3か月平均と合わず、左隣の系列の3か月平均と合う。四半期別の値が1列右にずれている疑い。値は原本のまま
5ddd6f41a0d78b7a,JP,index,建設工事費デフレーター（2020年度基準） 四半期別,RC在来住宅,RC在来住宅,index (2020年度平均 = 100),national,JP,日本,,,,122.6,,index_value,published_pdl,,,2022Q4,,mlit-deflator-tsuki-2607,deftsuki2020（四半期別）!BM37,https://www.mlit.go.jp/statistics/details/content/deftsuki_2607.xlsx,PDL1.0,,2020年度基準(2020年度平均=100)。2026年4月分の公表から2020年度基準に改定(原本注)。ウエイト項目に営業余剰や間接税(消費税を含む)等を含めない(原本注)。原本の期間表示「2022年 10-12月」(暦年の四半期)。注意(W2 の照合): 2020年4-6月期以降の四半期別シートの「地方道路公社等」から「S事務所・その他」までの33列は、月別シートの同じ系列の3か月平均と合わず、左隣の系列の3か月平均と合う。四半期別の値が1列右にずれている疑い。値は原本のまま
43795f2f23f77481,JP,index,建設工事費デフレーター（2020年度基準） 四半期別,RC量産住宅,RC量産住宅,index (2020年度平均 = 100),national,JP,日本,,,,113.1,,index_value,published_pdl,,,2022Q4,,mlit-deflator-tsuki-2607,deftsuki2020（四半期別）!BN37,https://www.mlit.go.jp/statistics/details/content/deftsuki_2607.xlsx,PDL1.0,,2020年度基準(2020年度平均=100)。2026年4月分の公表から2020年度基準に改定(原本注)。ウエイト項目に営業余剰や間接税(消費税を含む)等を含めない(原本注)。原本の期間表示「2022年 10-12月」(暦年の四半期)。注意(W2 の照合): 2020年4-6月期以降の四半期別シートの「地方道路公社等」から「S事務所・その他」までの33列は、月別シートの同じ系列の3か月平均と合わず、左隣の系列の3か月平均と合う。四半期別の値が1列右にずれている疑い。値は原本のまま
0d2b8b757cbeb572,JP,index,建設工事費デフレーター（2020年度基準） 四半期別,S在来住宅,S在来住宅,index (2020年度平均 = 100),national,JP,日本,,,,114.3,,index_value,published_pdl,,,2022Q4,,mlit-deflator-tsuki-2607,deftsuki2020（四半期別）!BO37,https://www.mlit.go.jp/statistics/details/content/deftsuki_2607.xlsx,PDL1.0,,2020年度基準(2020年度平均=100)。2026年4月分の公表から2020年度基準に改定(原本注)。ウエイト項目に営業余剰や間接税(消費税を含む)等を含めない(原本注)。原本の期間表示「2022年 10-12月」(暦年の四半期)。注意(W2 の照合): 2020年4-6月期以降の四半期別シートの「地方道路公社等」から「S事務所・その他」までの33列は、月別シートの同じ系列の3か月平均と合わず、左隣の系列の3か月平均と合う。四半期別の値が1列右にずれている疑い。値は原本のまま
447bce23917e6f14,JP,index,建設工事費デフレーター（2020年度基準） 四半期別,S量産住宅,S量産住宅,index (2020年度平均 = 100),national,JP,日本,,,,112.1,,index_value,published_pdl,,,2022Q4,,mlit-deflator-tsuki-2607,deftsuki2020（四半期別）!BP37,https://www.mlit.go.jp/statistics/details/content/deftsuki_2607.xlsx,PDL1.0,,2020年度基準(2020年度平均=100)。2026年4月分の公表から2020年度基準に改定(原本注)。ウエイト項目に営業余剰や間接税(消費税を含む)等を含めない(原本注)。原本の期間表示「2022年 10-12月」(暦年の四半期)。注意(W2 の照合): 2020年4-6月期以降の四半期別シートの「地方道路公社等」から「S事務所・その他」までの33列は、月別シートの同じ系列の3か月平均と合わず、左隣の系列の3か月平均と合う。四半期別の値が1列右にずれている疑い。値は原本のまま
9d7c3eabb801e2e2,JP,index,建設工事費デフレーター（2020年度基準） 四半期別,W工場・倉庫,W工場・倉庫,index (2020年度平均 = 100),national,JP,日本,,,,119.9,,index_value,published_pdl,,,2022Q4,,mlit-deflator-tsuki-2607,deftsuki2020（四半期別）!BQ37,https://www.mlit.go.jp/statistics/details/content/deftsuki_2607.xlsx,PDL1.0,,2020年度基準(2020年度平均=100)。2026年4月分の公表から2020年度基準に改定(原本注)。ウエイト項目に営業余剰や間接税(消費税を含む)等を含めない(原本注)。原本の期間表示「2022年 10-12月」(暦年の四半期)。注意(W2 の照合): 2020年4-6月期以降の四半期別シートの「地方道路公社等」から「S事務所・その他」までの33列は、月別シートの同じ系列の3か月平均と合わず、左隣の系列の3か月平均と合う。四半期別の値が1列右にずれている疑い。値は原本のまま
e1a7cd373384f0b5,JP,index,建設工事費デフレーター（2020年度基準） 四半期別,W事務所・その他,W事務所・その他,index (2020年度平均 = 100),national,JP,日本,,,,113.9,,index_value,published_pdl,,,2022Q4,,mlit-deflator-tsuki-2607,deftsuki2020（四半期別）!BR37,https://www.mlit.go.jp/statistics/details/content/deftsuki_2607.xlsx,PDL1.0,,2020年度基準(2020年度平均=100)。2026年4月分の公表から2020年度基準に改定(原本注)。ウエイト項目に営業余剰や間接税(消費税を含む)等を含めない(原本注)。原本の期間表示「2022年 10-12月」(暦年の四半期)。注意(W2 の照合): 2020年4-6月期以降の四半期別シートの「地方道路公社等」から「S事務所・その他」までの33列は、月別シートの同じ系列の3か月平均と合わず、左隣の系列の3か月平均と合う。四半期別の値が1列右にずれている疑い。値は原本のまま
a92012c0916e5e78,JP,index,建設工事費デフレーター（2020年度基準） 四半期別,SRC工場・倉庫,SRC工場・倉庫,index (2020年度平均 = 100),national,JP,日本,,,,114,,index_value,published_pdl,,,2022Q4,,mlit-deflator-tsuki-2607,deftsuki2020（四半期別）!BS37,https://www.mlit.go.jp/statistics/details/content/deftsuki_2607.xlsx,PDL1.0,,2020年度基準(2020年度平均=100)。2026年4月分の公表から2020年度基準に改定(原本注)。ウエイト項目に営業余剰や間接税(消費税を含む)等を含めない(原本注)。原本の期間表示「2022年 10-12月」(暦年の四半期)。注意(W2 の照合): 2020年4-6月期以降の四半期別シートの「地方道路公社等」から「S事務所・その他」までの33列は、月別シートの同じ系列の3か月平均と合わず、左隣の系列の3か月平均と合う。四半期別の値が1列右にずれている疑い。値は原本のまま
740e8ccc90e4409d,JP,index,建設工事費デフレーター（2020年度基準） 四半期別,SRC事務所・その他,SRC事務所・その他,index (2020年度平均 = 100),national,JP,日本,,,,111.6,,index_value,published_pdl,,,2022Q4,,mlit-deflator-tsuki-2607,deftsuki2020（四半期別）!BT37,https://www.mlit.go.jp/statistics/details/content/deftsuki_2607.xlsx,PDL1.0,,2020年度基準(2020年度平均=100)。2026年4月分の公表から2020年度基準に改定(原本注)。ウエイト項目に営業余剰や間接税(消費税を含む)等を含めない(原本注)。原本の期間表示「2022年 10-12月」(暦年の四半期)。注意(W2 の照合): 2020年4-6月期以降の四半期別シートの「地方道路公社等」から「S事務所・その他」までの33列は、月別シートの同じ系列の3か月平均と合わず、左隣の系列の3か月平均と合う。四半期別の値が1列右にずれている疑い。値は原本のまま
47ffb00a52353265,JP,index,建設工事費デフレーター（2020年度基準） 四半期別,RC工場・倉庫,RC工場・倉庫,index (2020年度平均 = 100),national,JP,日本,,,,110.8,,index_value,published_pdl,,,2022Q4,,mlit-deflator-tsuki-2607,deftsuki2020（四半期別）!BU37,https://www.mlit.go.jp/statistics/details/content/deftsuki_2607.xlsx,PDL1.0,,2020年度基準(2020年度平均=100)。2026年4月分の公表から2020年度基準に改定(原本注)。ウエイト項目に営業余剰や間接税(消費税を含む)等を含めない(原本注)。原本の期間表示「2022年 10-12月」(暦年の四半期)。注意(W2 の照合): 2020年4-6月期以降の四半期別シートの「地方道路公社等」から「S事務所・その他」までの33列は、月別シートの同じ系列の3か月平均と合わず、左隣の系列の3か月平均と合う。四半期別の値が1列右にずれている疑い。値は原本のまま
430413575c2a3ed9,JP,index,建設工事費デフレーター（2020年度基準） 四半期別,RC学校,RC学校,index (2020年度平均 = 100),national,JP,日本,,,,111.7,,index_value,published_pdl,,,2022Q4,,mlit-deflator-tsuki-2607,deftsuki2020（四半期別）!BV37,https://www.mlit.go.jp/statistics/details/content/deftsuki_2607.xlsx,PDL1.0,,2020年度基準(2020年度平均=100)。2026年4月分の公表から2020年度基準に改定(原本注)。ウエイト項目に営業余剰や間接税(消費税を含む)等を含めない(原本注)。原本の期間表示「2022年 10-12月」(暦年の四半期)。注意(W2 の照合): 2020年4-6月期以降の四半期別シートの「地方道路公社等」から「S事務所・その他」までの33列は、月別シートの同じ系列の3か月平均と合わず、左隣の系列の3か月平均と合う。四半期別の値が1列右にずれている疑い。値は原本のまま
7c1849582b847840,JP,index,建設工事費デフレーター（2020年度基準） 四半期別,RC事務所・その他,RC事務所・その他,index (2020年度平均 = 100),national,JP,日本,,,,112,,index_value,published_pdl,,,2022Q4,,mlit-deflator-tsuki-2607,deftsuki2020（四半期別）!BW37,https://www.mlit.go.jp/statistics/details/content/deftsuki_2607.xlsx,PDL1.0,,2020年度基準(2020年度平均=100)。2026年4月分の公表から2020年度基準に改定(原本注)。ウエイト項目に営業余剰や間接税(消費税を含む)等を含めない(原本注)。原本の期間表示「2022年 10-12月」(暦年の四半期)。注意(W2 の照合): 2020年4-6月期以降の四半期別シートの「地方道路公社等」から「S事務所・その他」までの33列は、月別シートの同じ系列の3か月平均と合わず、左隣の系列の3か月平均と合う。四半期別の値が1列右にずれている疑い。値は原本のまま
bd5d6714fc7087c8,JP,index,建設工事費デフレーター（2020年度基準） 四半期別,S工場・倉庫,S工場・倉庫,index (2020年度平均 = 100),national,JP,日本,,,,111.8,,index_value,published_pdl,,,2022Q4,,mlit-deflator-tsuki-2607,deftsuki2020（四半期別）!BX37,https://www.mlit.go.jp/statistics/details/content/deftsuki_2607.xlsx,PDL1.0,,2020年度基準(2020年度平均=100)。2026年4月分の公表から2020年度基準に改定(原本注)。ウエイト項目に営業余剰や間接税(消費税を含む)等を含めない(原本注)。原本の期間表示「2022年 10-12月」(暦年の四半期)。注意(W2 の照合): 2020年4-6月期以降の四半期別シートの「地方道路公社等」から「S事務所・その他」までの33列は、月別シートの同じ系列の3か月平均と合わず、左隣の系列の3か月平均と合う。四半期別の値が1列右にずれている疑い。値は原本のまま
2b0789422f9ebb71,JP,index,建設工事費デフレーター（2020年度基準） 四半期別,S事務所・その他,S事務所・その他,index (2020年度平均 = 100),national,JP,日本,,,,111.5,,index_value,published_pdl,,,2022Q4,,mlit-deflator-tsuki-2607,deftsuki2020（四半期別）!BY37,https://www.mlit.go.jp/statistics/details/content/deftsuki_2607.xlsx,PDL1.0,,2020年度基準(2020年度平均=100)。2026年4月分の公表から2020年度基準に改定(原本注)。ウエイト項目に営業余剰や間接税(消費税を含む)等を含めない(原本注)。原本の期間表示「2022年 10-12月」(暦年の四半期)。注意(W2 の照合): 2020年4-6月期以降の四半期別シートの「地方道路公社等」から「S事務所・その他」までの33列は、月別シートの同じ系列の3か月平均と合わず、左隣の系列の3か月平均と合う。四半期別の値が1列右にずれている疑い。値は原本のまま
fad1eb746d7e8523,JP,index,建設工事費デフレーター（2020年度基準） 四半期別,地方道路公社等,建設総合 > 土木総合 > 公共事業 > 土木1（除く災害復旧） > 道路総合 > 有料道路 > 地方道路公社等,index (2020年度平均 = 100),national,JP,日本,,,,110.3,,index_value,published_pdl,,,2023Q1,,mlit-deflator-tsuki-2607,deftsuki2020（四半期別）!AS38,https://www.mlit.go.jp/statistics/details/content/deftsuki_2607.xlsx,PDL1.0,,2020年度基準(2020年度平均=100)。2026年4月分の公表から2020年度基準に改定(原本注)。ウエイト項目に営業余剰や間接税(消費税を含む)等を含めない(原本注)。原本の期間表示「2023年 1-3月」(暦年の四半期)。注意(W2 の照合): 2020年4-6月期以降の四半期別シートの「地方道路公社等」から「S事務所・その他」までの33列は、月別シートの同じ系列の3か月平均と合わず、左隣の系列の3か月平均と合う。四半期別の値が1列右にずれている疑い。値は原本のまま
3e13c446f5aa951c,JP,index,建設工事費デフレーター（2020年度基準） 四半期別,道路2（再掲）,建設総合 > 土木総合 > 公共事業 > 土木1（除く災害復旧） > 道路2（再掲）,index (2020年度平均 = 100),national,JP,日本,,,,110.9,,index_value,published_pdl,,,2023Q1,,mlit-deflator-tsuki-2607,deftsuki2020（四半期別）!AT38,https://www.mlit.go.jp/statistics/details/content/deftsuki_2607.xlsx,PDL1.0,,2020年度基準(2020年度平均=100)。2026年4月分の公表から2020年度基準に改定(原本注)。ウエイト項目に営業余剰や間接税(消費税を含む)等を含めない(原本注)。原本の期間表示「2023年 1-3月」(暦年の四半期)。注意(W2 の照合): 2020年4-6月期以降の四半期別シートの「地方道路公社等」から「S事務所・その他」までの33列は、月別シートの同じ系列の3か月平均と合わず、左隣の系列の3か月平均と合う。四半期別の値が1列右にずれている疑い。値は原本のまま
ea403d9ad21408b7,JP,index,建設工事費デフレーター（2020年度基準） 四半期別,街路2（再掲）,建設総合 > 土木総合 > 公共事業 > 土木1（除く災害復旧） > 街路2（再掲）,index (2020年度平均 = 100),national,JP,日本,,,,110.5,,index_value,published_pdl,,,2023Q1,,mlit-deflator-tsuki-2607,deftsuki2020（四半期別）!AU38,https://www.mlit.go.jp/statistics/details/content/deftsuki_2607.xlsx,PDL1.0,,2020年度基準(2020年度平均=100)。2026年4月分の公表から2020年度基準に改定(原本注)。ウエイト項目に営業余剰や間接税(消費税を含む)等を含めない(原本注)。原本の期間表示「2023年 1-3月」(暦年の四半期)。注意(W2 の照合): 2020年4-6月期以降の四半期別シートの「地方道路公社等」から「S事務所・その他」までの33列は、月別シートの同じ系列の3か月平均と合わず、左隣の系列の3か月平均と合う。四半期別の値が1列右にずれている疑い。値は原本のまま
98f0babb57e98768,JP,index,建設工事費デフレーター（2020年度基準） 四半期別,公園,建設総合 > 土木総合 > 公共事業 > 土木1（除く災害復旧） > 公園,index (2020年度平均 = 100),national,JP,日本,,,,110.6,,index_value,published_pdl,,,2023Q1,,mlit-deflator-tsuki-2607,deftsuki2020（四半期別）!AV38,https://www.mlit.go.jp/statistics/details/content/deftsuki_2607.xlsx,PDL1.0,,2020年度基準(2020年度平均=100)。2026年4月分の公表から2020年度基準に改定(原本注)。ウエイト項目に営業余剰や間接税(消費税を含む)等を含めない(原本注)。原本の期間表示「2023年 1-3月」(暦年の四半期)。注意(W2 の照合): 2020年4-6月期以降の四半期別シートの「地方道路公社等」から「S事務所・その他」までの33列は、月別シートの同じ系列の3か月平均と合わず、左隣の系列の3か月平均と合う。四半期別の値が1列右にずれている疑い。値は原本のまま
49c00b2ebb3582d8,JP,index,建設工事費デフレーター（2020年度基準） 四半期別,下水道,建設総合 > 土木総合 > 公共事業 > 土木1（除く災害復旧） > 下水道,index (2020年度平均 = 100),national,JP,日本,,,,109,,index_value,published_pdl,,,2023Q1,,mlit-deflator-tsuki-2607,deftsuki2020（四半期別）!AW38,https://www.mlit.go.jp/statistics/details/content/deftsuki_2607.xlsx,PDL1.0,,2020年度基準(2020年度平均=100)。2026年4月分の公表から2020年度基準に改定(原本注)。ウエイト項目に営業余剰や間接税(消費税を含む)等を含めない(原本注)。原本の期間表示「2023年 1-3月」(暦年の四半期)。注意(W2 の照合): 2020年4-6月期以降の四半期別シートの「地方道路公社等」から「S事務所・その他」までの33列は、月別シートの同じ系列の3か月平均と合わず、左隣の系列の3か月平均と合う。四半期別の値が1列右にずれている疑い。値は原本のまま
2eef9bb54a5d8df4,JP,index,建設工事費デフレーター（2020年度基準） 四半期別,災害復旧,建設総合 > 土木総合 > 公共事業 > 土木1（除く災害復旧） > 災害復旧,index (2020年度平均 = 100),national,JP,日本,,,,110.3,,index_value,published_pdl,,,2023Q1,,mlit-deflator-tsuki-2607,deftsuki2020（四半期別）!AX38,https://www.mlit.go.jp/statistics/details/content/deftsuki_2607.xlsx,PDL1.0,,2020年度基準(2020年度平均=100)。2026年4月分の公表から2020年度基準に改定(原本注)。ウエイト項目に営業余剰や間接税(消費税を含む)等を含めない(原本注)。原本の期間表示「2023年 1-3月」(暦年の四半期)。注意(W2 の照合): 2020年4-6月期以降の四半期別シートの「地方道路公社等」から「S事務所・その他」までの33列は、月別シートの同じ系列の3か月平均と合わず、左隣の系列の3か月平均と合う。四半期別の値が1列右にずれている疑い。値は原本のまま
5162822601d53aac,JP,index,建設工事費デフレーター（2020年度基準） 四半期別,土木2,建設総合 > 土木総合 > 公共事業 > 土木2,index (2020年度平均 = 100),national,JP,日本,,,,108.7,,index_value,published_pdl,,,2023Q1,,mlit-deflator-tsuki-2607,deftsuki2020（四半期別）!AY38,https://www.mlit.go.jp/statistics/details/content/deftsuki_2607.xlsx,PDL1.0,,2020年度基準(2020年度平均=100)。2026年4月分の公表から2020年度基準に改定(原本注)。ウエイト項目に営業余剰や間接税(消費税を含む)等を含めない(原本注)。原本の期間表示「2023年 1-3月」(暦年の四半期)。注意(W2 の照合): 2020年4-6月期以降の四半期別シートの「地方道路公社等」から「S事務所・その他」までの33列は、月別シートの同じ系列の3か月平均と合わず、左隣の系列の3か月平均と合う。四半期別の値が1列右にずれている疑い。値は原本のまま
4a74f882a9b96a17,JP,index,建設工事費デフレーター（2020年度基準） 四半期別,港湾・漁港,建設総合 > 土木総合 > 公共事業 > 土木2 > 港湾・漁港,index (2020年度平均 = 100),national,JP,日本,,,,110.7,,index_value,published_pdl,,,2023Q1,,mlit-deflator-tsuki-2607,deftsuki2020（四半期別）!AZ38,https://www.mlit.go.jp/statistics/details/content/deftsuki_2607.xlsx,PDL1.0,,2020年度基準(2020年度平均=100)。2026年4月分の公表から2020年度基準に改定(原本注)。ウエイト項目に営業余剰や間接税(消費税を含む)等を含めない(原本注)。原本の期間表示「2023年 1-3月」(暦年の四半期)。注意(W2 の照合): 2020年4-6月期以降の四半期別シートの「地方道路公社等」から「S事務所・その他」までの33列は、月別シートの同じ系列の3か月平均と合わず、左隣の系列の3か月平均と合う。四半期別の値が1列右にずれている疑い。値は原本のまま
0150b5d082fdb3a0,JP,index,建設工事費デフレーター（2020年度基準） 四半期別,空港,建設総合 > 土木総合 > 公共事業 > 土木2 > 空港,index (2020年度平均 = 100),national,JP,日本,,,,110.6,,index_value,published_pdl,,,2023Q1,,mlit-deflator-tsuki-2607,deftsuki2020（四半期別）!BA38,https://www.mlit.go.jp/statistics/details/content/deftsuki_2607.xlsx,PDL1.0,,2020年度基準(2020年度平均=100)。2026年4月分の公表から2020年度基準に改定(原本注)。ウエイト項目に営業余剰や間接税(消費税を含む)等を含めない(原本注)。原本の期間表示「2023年 1-3月」(暦年の四半期)。注意(W2 の照合): 2020年4-6月期以降の四半期別シートの「地方道路公社等」から「S事務所・その他」までの33列は、月別シートの同じ系列の3か月平均と合わず、左隣の系列の3か月平均と合う。四半期別の値が1列右にずれている疑い。値は原本のまま
3f2d743bc5fc3e3a,JP,index,建設工事費デフレーター（2020年度基準） 四半期別,環境衛生,建設総合 > 土木総合 > 公共事業 > 土木2 > 環境衛生,index (2020年度平均 = 100),national,JP,日本,,,,107.1,,index_value,published_pdl,,,2023Q1,,mlit-deflator-tsuki-2607,deftsuki2020（四半期別）!BB38,https://www.mlit.go.jp/statistics/details/content/deftsuki_2607.xlsx,PDL1.0,,2020年度基準(2020年度平均=100)。2026年4月分の公表から2020年度基準に改定(原本注)。ウエイト項目に営業余剰や間接税(消費税を含む)等を含めない(原本注)。原本の期間表示「2023年 1-3月」(暦年の四半期)。注意(W2 の照合): 2020年4-6月期以降の四半期別シートの「地方道路公社等」から「S事務所・その他」までの33列は、月別シートの同じ系列の3か月平均と合わず、左隣の系列の3か月平均と合う。四半期別の値が1列右にずれている疑い。値は原本のまま
eff058299d39bd5b,JP,index,建設工事費デフレーター（2020年度基準） 四半期別,農林関係公共事業,建設総合 > 土木総合 > 公共事業 > 土木2 > 農林関係公共事業,index (2020年度平均 = 100),national,JP,日本,,,,112.2,,index_value,published_pdl,,,2023Q1,,mlit-deflator-tsuki-2607,deftsuki2020（四半期別）!BC38,https://www.mlit.go.jp/statistics/details/content/deftsuki_2607.xlsx,PDL1.0,,2020年度基準(2020年度平均=100)。2026年4月分の公表から2020年度基準に改定(原本注)。ウエイト項目に営業余剰や間接税(消費税を含む)等を含めない(原本注)。原本の期間表示「2023年 1-3月」(暦年の四半期)。注意(W2 の照合): 2020年4-6月期以降の四半期別シートの「地方道路公社等」から「S事務所・その他」までの33列は、月別シートの同じ系列の3か月平均と合わず、左隣の系列の3か月平均と合う。四半期別の値が1列右にずれている疑い。値は原本のまま
72437536699061e7,JP,index,建設工事費デフレーター（2020年度基準） 四半期別,その他土木,建設総合 > 土木総合 > その他土木 (原本の列 BD。同じ表頭の列が2つある),index (2020年度平均 = 100),national,JP,日本,,,,110.6,,index_value,published_pdl,,,2023Q1,,mlit-deflator-tsuki-2607,deftsuki2020（四半期別）!BD38,https://www.mlit.go.jp/statistics/details/content/deftsuki_2607.xlsx,PDL1.0,,2020年度基準(2020年度平均=100)。2026年4月分の公表から2020年度基準に改定(原本注)。ウエイト項目に営業余剰や間接税(消費税を含む)等を含めない(原本注)。原本の期間表示「2023年 1-3月」(暦年の四半期)。注意(W2 の照合): 2020年4-6月期以降の四半期別シートの「地方道路公社等」から「S事務所・その他」までの33列は、月別シートの同じ系列の3か月平均と合わず、左隣の系列の3か月平均と合う。四半期別の値が1列右にずれている疑い。値は原本のまま
0013e2ab09a08b44,JP,index,建設工事費デフレーター（2020年度基準） 四半期別,鉄道軌道,建設総合 > 土木総合 > その他土木 > 鉄道軌道,index (2020年度平均 = 100),national,JP,日本,,,,111.5,,index_value,published_pdl,,,2023Q1,,mlit-deflator-tsuki-2607,deftsuki2020（四半期別）!BE38,https://www.mlit.go.jp/statistics/details/content/deftsuki_2607.xlsx,PDL1.0,,2020年度基準(2020年度平均=100)。2026年4月分の公表から2020年度基準に改定(原本注)。ウエイト項目に営業余剰や間接税(消費税を含む)等を含めない(原本注)。原本の期間表示「2023年 1-3月」(暦年の四半期)。注意(W2 の照合): 2020年4-6月期以降の四半期別シートの「地方道路公社等」から「S事務所・その他」までの33列は、月別シートの同じ系列の3か月平均と合わず、左隣の系列の3か月平均と合う。四半期別の値が1列右にずれている疑い。値は原本のまま
89bea9c29a8ccf81,JP,index,建設工事費デフレーター（2020年度基準） 四半期別,電力,建設総合 > 土木総合 > その他土木 > 電力,index (2020年度平均 = 100),national,JP,日本,,,,113.6,,index_value,published_pdl,,,2023Q1,,mlit-deflator-tsuki-2607,deftsuki2020（四半期別）!BF38,https://www.mlit.go.jp/statistics/details/content/deftsuki_2607.xlsx,PDL1.0,,2020年度基準(2020年度平均=100)。2026年4月分の公表から2020年度基準に改定(原本注)。ウエイト項目に営業余剰や間接税(消費税を含む)等を含めない(原本注)。原本の期間表示「2023年 1-3月」(暦年の四半期)。注意(W2 の照合): 2020年4-6月期以降の四半期別シートの「地方道路公社等」から「S事務所・その他」までの33列は、月別シートの同じ系列の3か月平均と合わず、左隣の系列の3か月平均と合う。四半期別の値が1列右にずれている疑い。値は原本のまま
6e3a19be6c24cd24,JP,index,建設工事費デフレーター（2020年度基準） 四半期別,電気通信,建設総合 > 土木総合 > その他土木 > 電気通信,index (2020年度平均 = 100),national,JP,日本,,,,111.5,,index_value,published_pdl,,,2023Q1,,mlit-deflator-tsuki-2607,deftsuki2020（四半期別）!BG38,https://www.mlit.go.jp/statistics/details/content/deftsuki_2607.xlsx,PDL1.0,,2020年度基準(2020年度平均=100)。2026年4月分の公表から2020年度基準に改定(原本注)。ウエイト項目に営業余剰や間接税(消費税を含む)等を含めない(原本注)。原本の期間表示「2023年 1-3月」(暦年の四半期)。注意(W2 の照合): 2020年4-6月期以降の四半期別シートの「地方道路公社等」から「S事務所・その他」までの33列は、月別シートの同じ系列の3か月平均と合わず、左隣の系列の3か月平均と合う。四半期別の値が1列右にずれている疑い。値は原本のまま
beefce781841db6c,JP,index,建設工事費デフレーター（2020年度基準） 四半期別,上・工業用水道,建設総合 > 土木総合 > その他土木 > 上・工業用水道,index (2020年度平均 = 100),national,JP,日本,,,,109.4,,index_value,published_pdl,,,2023Q1,,mlit-deflator-tsuki-2607,deftsuki2020（四半期別）!BH38,https://www.mlit.go.jp/statistics/details/content/deftsuki_2607.xlsx,PDL1.0,,2020年度基準(2020年度平均=100)。2026年4月分の公表から2020年度基準に改定(原本注)。ウエイト項目に営業余剰や間接税(消費税を含む)等を含めない(原本注)。原本の期間表示「2023年 1-3月」(暦年の四半期)。注意(W2 の照合): 2020年4-6月期以降の四半期別シートの「地方道路公社等」から「S事務所・その他」までの33列は、月別シートの同じ系列の3か月平均と合わず、左隣の系列の3か月平均と合う。四半期別の値が1列右にずれている疑い。値は原本のまま
d3cf81da2bf56a84,JP,index,建設工事費デフレーター（2020年度基準） 四半期別,土地造成,建設総合 > 土木総合 > その他土木 > 土地造成,index (2020年度平均 = 100),national,JP,日本,,,,111.4,,index_value,published_pdl,,,2023Q1,,mlit-deflator-tsuki-2607,deftsuki2020（四半期別）!BI38,https://www.mlit.go.jp/statistics/details/content/deftsuki_2607.xlsx,PDL1.0,,2020年度基準(2020年度平均=100)。2026年4月分の公表から2020年度基準に改定(原本注)。ウエイト項目に営業余剰や間接税(消費税を含む)等を含めない(原本注)。原本の期間表示「2023年 1-3月」(暦年の四半期)。注意(W2 の照合): 2020年4-6月期以降の四半期別シートの「地方道路公社等」から「S事務所・その他」までの33列は、月別シートの同じ系列の3か月平均と合わず、左隣の系列の3か月平均と合う。四半期別の値が1列右にずれている疑い。値は原本のまま
ec6bbae696e2b429,JP,index,建設工事費デフレーター（2020年度基準） 四半期別,その他土木,建設総合 > 土木総合 > その他土木 (原本の列 BJ。同じ表頭の列が2つある),index (2020年度平均 = 100),national,JP,日本,,,,109,,index_value,published_pdl,,,2023Q1,,mlit-deflator-tsuki-2607,deftsuki2020（四半期別）!BJ38,https://www.mlit.go.jp/statistics/details/content/deftsuki_2607.xlsx,PDL1.0,,2020年度基準(2020年度平均=100)。2026年4月分の公表から2020年度基準に改定(原本注)。ウエイト項目に営業余剰や間接税(消費税を含む)等を含めない(原本注)。原本の期間表示「2023年 1-3月」(暦年の四半期)。注意(W2 の照合): 2020年4-6月期以降の四半期別シートの「地方道路公社等」から「S事務所・その他」までの33列は、月別シートの同じ系列の3か月平均と合わず、左隣の系列の3か月平均と合う。四半期別の値が1列右にずれている疑い。値は原本のまま
67534d34ecce3530,JP,index,建設工事費デフレーター（2020年度基準） 四半期別,W在来住宅,W在来住宅,index (2020年度平均 = 100),national,JP,日本,,,,110.8,,index_value,published_pdl,,,2023Q1,,mlit-deflator-tsuki-2607,deftsuki2020（四半期別）!BK38,https://www.mlit.go.jp/statistics/details/content/deftsuki_2607.xlsx,PDL1.0,,2020年度基準(2020年度平均=100)。2026年4月分の公表から2020年度基準に改定(原本注)。ウエイト項目に営業余剰や間接税(消費税を含む)等を含めない(原本注)。原本の期間表示「2023年 1-3月」(暦年の四半期)。注意(W2 の照合): 2020年4-6月期以降の四半期別シートの「地方道路公社等」から「S事務所・その他」までの33列は、月別シートの同じ系列の3か月平均と合わず、左隣の系列の3か月平均と合う。四半期別の値が1列右にずれている疑い。値は原本のまま
c04aa6abefb580b5,JP,index,建設工事費デフレーター（2020年度基準） 四半期別,W量産住宅,W量産住宅,index (2020年度平均 = 100),national,JP,日本,,,,115.2,,index_value,published_pdl,,,2023Q1,,mlit-deflator-tsuki-2607,deftsuki2020（四半期別）!BL38,https://www.mlit.go.jp/statistics/details/content/deftsuki_2607.xlsx,PDL1.0,,2020年度基準(2020年度平均=100)。2026年4月分の公表から2020年度基準に改定(原本注)。ウエイト項目に営業余剰や間接税(消費税を含む)等を含めない(原本注)。原本の期間表示「2023年 1-3月」(暦年の四半期)。注意(W2 の照合): 2020年4-6月期以降の四半期別シートの「地方道路公社等」から「S事務所・その他」までの33列は、月別シートの同じ系列の3か月平均と合わず、左隣の系列の3か月平均と合う。四半期別の値が1列右にずれている疑い。値は原本のまま
88566de233640b87,JP,index,建設工事費デフレーター（2020年度基準） 四半期別,RC在来住宅,RC在来住宅,index (2020年度平均 = 100),national,JP,日本,,,,119.4,,index_value,published_pdl,,,2023Q1,,mlit-deflator-tsuki-2607,deftsuki2020（四半期別）!BM38,https://www.mlit.go.jp/statistics/details/content/deftsuki_2607.xlsx,PDL1.0,,2020年度基準(2020年度平均=100)。2026年4月分の公表から2020年度基準に改定(原本注)。ウエイト項目に営業余剰や間接税(消費税を含む)等を含めない(原本注)。原本の期間表示「2023年 1-3月」(暦年の四半期)。注意(W2 の照合): 2020年4-6月期以降の四半期別シートの「地方道路公社等」から「S事務所・その他」までの33列は、月別シートの同じ系列の3か月平均と合わず、左隣の系列の3か月平均と合う。四半期別の値が1列右にずれている疑い。値は原本のまま
549087a2ead6b71e,JP,index,建設工事費デフレーター（2020年度基準） 四半期別,RC量産住宅,RC量産住宅,index (2020年度平均 = 100),national,JP,日本,,,,112.6,,index_value,published_pdl,,,2023Q1,,mlit-deflator-tsuki-2607,deftsuki2020（四半期別）!BN38,https://www.mlit.go.jp/statistics/details/content/deftsuki_2607.xlsx,PDL1.0,,2020年度基準(2020年度平均=100)。2026年4月分の公表から2020年度基準に改定(原本注)。ウエイト項目に営業余剰や間接税(消費税を含む)等を含めない(原本注)。原本の期間表示「2023年 1-3月」(暦年の四半期)。注意(W2 の照合): 2020年4-6月期以降の四半期別シートの「地方道路公社等」から「S事務所・その他」までの33列は、月別シートの同じ系列の3か月平均と合わず、左隣の系列の3か月平均と合う。四半期別の値が1列右にずれている疑い。値は原本のまま
5e5873a4c756fd68,JP,index,建設工事費デフレーター（2020年度基準） 四半期別,S在来住宅,S在来住宅,index (2020年度平均 = 100),national,JP,日本,,,,113.5,,index_value,published_pdl,,,2023Q1,,mlit-deflator-tsuki-2607,deftsuki2020（四半期別）!BO38,https://www.mlit.go.jp/statistics/details/content/deftsuki_2607.xlsx,PDL1.0,,2020年度基準(2020年度平均=100)。2026年4月分の公表から2020年度基準に改定(原本注)。ウエイト項目に営業余剰や間接税(消費税を含む)等を含めない(原本注)。原本の期間表示「2023年 1-3月」(暦年の四半期)。注意(W2 の照合): 2020年4-6月期以降の四半期別シートの「地方道路公社等」から「S事務所・その他」までの33列は、月別シートの同じ系列の3か月平均と合わず、左隣の系列の3か月平均と合う。四半期別の値が1列右にずれている疑い。値は原本のまま
56a6e7cac3068165,JP,index,建設工事費デフレーター（2020年度基準） 四半期別,S量産住宅,S量産住宅,index (2020年度平均 = 100),national,JP,日本,,,,112.1,,index_value,published_pdl,,,2023Q1,,mlit-deflator-tsuki-2607,deftsuki2020（四半期別）!BP38,https://www.mlit.go.jp/statistics/details/content/deftsuki_2607.xlsx,PDL1.0,,2020年度基準(2020年度平均=100)。2026年4月分の公表から2020年度基準に改定(原本注)。ウエイト項目に営業余剰や間接税(消費税を含む)等を含めない(原本注)。原本の期間表示「2023年 1-3月」(暦年の四半期)。注意(W2 の照合): 2020年4-6月期以降の四半期別シートの「地方道路公社等」から「S事務所・その他」までの33列は、月別シートの同じ系列の3か月平均と合わず、左隣の系列の3か月平均と合う。四半期別の値が1列右にずれている疑い。値は原本のまま
d5ed1299644dcc89,JP,index,建設工事費デフレーター（2020年度基準） 四半期別,W工場・倉庫,W工場・倉庫,index (2020年度平均 = 100),national,JP,日本,,,,118.6,,index_value,published_pdl,,,2023Q1,,mlit-deflator-tsuki-2607,deftsuki2020（四半期別）!BQ38,https://www.mlit.go.jp/statistics/details/content/deftsuki_2607.xlsx,PDL1.0,,2020年度基準(2020年度平均=100)。2026年4月分の公表から2020年度基準に改定(原本注)。ウエイト項目に営業余剰や間接税(消費税を含む)等を含めない(原本注)。原本の期間表示「2023年 1-3月」(暦年の四半期)。注意(W2 の照合): 2020年4-6月期以降の四半期別シートの「地方道路公社等」から「S事務所・その他」までの33列は、月別シートの同じ系列の3か月平均と合わず、左隣の系列の3か月平均と合う。四半期別の値が1列右にずれている疑い。値は原本のまま
98d04a5daafcc813,JP,index,建設工事費デフレーター（2020年度基準） 四半期別,W事務所・その他,W事務所・その他,index (2020年度平均 = 100),national,JP,日本,,,,113,,index_value,published_pdl,,,2023Q1,,mlit-deflator-tsuki-2607,deftsuki2020（四半期別）!BR38,https://www.mlit.go.jp/statistics/details/content/deftsuki_2607.xlsx,PDL1.0,,2020年度基準(2020年度平均=100)。2026年4月分の公表から2020年度基準に改定(原本注)。ウエイト項目に営業余剰や間接税(消費税を含む)等を含めない(原本注)。原本の期間表示「2023年 1-3月」(暦年の四半期)。注意(W2 の照合): 2020年4-6月期以降の四半期別シートの「地方道路公社等」から「S事務所・その他」までの33列は、月別シートの同じ系列の3か月平均と合わず、左隣の系列の3か月平均と合う。四半期別の値が1列右にずれている疑い。値は原本のまま
be6f0346e0359972,JP,index,建設工事費デフレーター（2020年度基準） 四半期別,SRC工場・倉庫,SRC工場・倉庫,index (2020年度平均 = 100),national,JP,日本,,,,113,,index_value,published_pdl,,,2023Q1,,mlit-deflator-tsuki-2607,deftsuki2020（四半期別）!BS38,https://www.mlit.go.jp/statistics/details/content/deftsuki_2607.xlsx,PDL1.0,,2020年度基準(2020年度平均=100)。2026年4月分の公表から2020年度基準に改定(原本注)。ウエイト項目に営業余剰や間接税(消費税を含む)等を含めない(原本注)。原本の期間表示「2023年 1-3月」(暦年の四半期)。注意(W2 の照合): 2020年4-6月期以降の四半期別シートの「地方道路公社等」から「S事務所・その他」までの33列は、月別シートの同じ系列の3か月平均と合わず、左隣の系列の3か月平均と合う。四半期別の値が1列右にずれている疑い。値は原本のまま
a653aaa97db02c5b,JP,index,建設工事費デフレーター（2020年度基準） 四半期別,SRC事務所・その他,SRC事務所・その他,index (2020年度平均 = 100),national,JP,日本,,,,112,,index_value,published_pdl,,,2023Q1,,mlit-deflator-tsuki-2607,deftsuki2020（四半期別）!BT38,https://www.mlit.go.jp/statistics/details/content/deftsuki_2607.xlsx,PDL1.0,,2020年度基準(2020年度平均=100)。2026年4月分の公表から2020年度基準に改定(原本注)。ウエイト項目に営業余剰や間接税(消費税を含む)等を含めない(原本注)。原本の期間表示「2023年 1-3月」(暦年の四半期)。注意(W2 の照合): 2020年4-6月期以降の四半期別シートの「地方道路公社等」から「S事務所・その他」までの33列は、月別シートの同じ系列の3か月平均と合わず、左隣の系列の3か月平均と合う。四半期別の値が1列右にずれている疑い。値は原本のまま
937aa3fc36454c75,JP,index,建設工事費デフレーター（2020年度基準） 四半期別,RC工場・倉庫,RC工場・倉庫,index (2020年度平均 = 100),national,JP,日本,,,,110.9,,index_value,published_pdl,,,2023Q1,,mlit-deflator-tsuki-2607,deftsuki2020（四半期別）!BU38,https://www.mlit.go.jp/statistics/details/content/deftsuki_2607.xlsx,PDL1.0,,2020年度基準(2020年度平均=100)。2026年4月分の公表から2020年度基準に改定(原本注)。ウエイト項目に営業余剰や間接税(消費税を含む)等を含めない(原本注)。原本の期間表示「2023年 1-3月」(暦年の四半期)。注意(W2 の照合): 2020年4-6月期以降の四半期別シートの「地方道路公社等」から「S事務所・その他」までの33列は、月別シートの同じ系列の3か月平均と合わず、左隣の系列の3か月平均と合う。四半期別の値が1列右にずれている疑い。値は原本のまま
e6c236aac9e35e65,JP,index,建設工事費デフレーター（2020年度基準） 四半期別,RC学校,RC学校,index (2020年度平均 = 100),national,JP,日本,,,,111.8,,index_value,published_pdl,,,2023Q1,,mlit-deflator-tsuki-2607,deftsuki2020（四半期別）!BV38,https://www.mlit.go.jp/statistics/details/content/deftsuki_2607.xlsx,PDL1.0,,2020年度基準(2020年度平均=100)。2026年4月分の公表から2020年度基準に改定(原本注)。ウエイト項目に営業余剰や間接税(消費税を含む)等を含めない(原本注)。原本の期間表示「2023年 1-3月」(暦年の四半期)。注意(W2 の照合): 2020年4-6月期以降の四半期別シートの「地方道路公社等」から「S事務所・その他」までの33列は、月別シートの同じ系列の3か月平均と合わず、左隣の系列の3か月平均と合う。四半期別の値が1列右にずれている疑い。値は原本のまま
c56cff9291f1f7da,JP,index,建設工事費デフレーター（2020年度基準） 四半期別,RC事務所・その他,RC事務所・その他,index (2020年度平均 = 100),national,JP,日本,,,,111.6,,index_value,published_pdl,,,2023Q1,,mlit-deflator-tsuki-2607,deftsuki2020（四半期別）!BW38,https://www.mlit.go.jp/statistics/details/content/deftsuki_2607.xlsx,PDL1.0,,2020年度基準(2020年度平均=100)。2026年4月分の公表から2020年度基準に改定(原本注)。ウエイト項目に営業余剰や間接税(消費税を含む)等を含めない(原本注)。原本の期間表示「2023年 1-3月」(暦年の四半期)。注意(W2 の照合): 2020年4-6月期以降の四半期別シートの「地方道路公社等」から「S事務所・その他」までの33列は、月別シートの同じ系列の3か月平均と合わず、左隣の系列の3か月平均と合う。四半期別の値が1列右にずれている疑い。値は原本のまま
bf1c140db2000b2f,JP,index,建設工事費デフレーター（2020年度基準） 四半期別,S工場・倉庫,S工場・倉庫,index (2020年度平均 = 100),national,JP,日本,,,,111.6,,index_value,published_pdl,,,2023Q1,,mlit-deflator-tsuki-2607,deftsuki2020（四半期別）!BX38,https://www.mlit.go.jp/statistics/details/content/deftsuki_2607.xlsx,PDL1.0,,2020年度基準(2020年度平均=100)。2026年4月分の公表から2020年度基準に改定(原本注)。ウエイト項目に営業余剰や間接税(消費税を含む)等を含めない(原本注)。原本の期間表示「2023年 1-3月」(暦年の四半期)。注意(W2 の照合): 2020年4-6月期以降の四半期別シートの「地方道路公社等」から「S事務所・その他」までの33列は、月別シートの同じ系列の3か月平均と合わず、左隣の系列の3か月平均と合う。四半期別の値が1列右にずれている疑い。値は原本のまま
c7c7bc42876784d2,JP,index,建設工事費デフレーター（2020年度基準） 四半期別,S事務所・その他,S事務所・その他,index (2020年度平均 = 100),national,JP,日本,,,,111.9,,index_value,published_pdl,,,2023Q1,,mlit-deflator-tsuki-2607,deftsuki2020（四半期別）!BY38,https://www.mlit.go.jp/statistics/details/content/deftsuki_2607.xlsx,PDL1.0,,2020年度基準(2020年度平均=100)。2026年4月分の公表から2020年度基準に改定(原本注)。ウエイト項目に営業余剰や間接税(消費税を含む)等を含めない(原本注)。原本の期間表示「2023年 1-3月」(暦年の四半期)。注意(W2 の照合): 2020年4-6月期以降の四半期別シートの「地方道路公社等」から「S事務所・その他」までの33列は、月別シートの同じ系列の3か月平均と合わず、左隣の系列の3か月平均と合う。四半期別の値が1列右にずれている疑い。値は原本のまま
14fc272a5c4c4f6f,JP,index,建設工事費デフレーター（2020年度基準） 四半期別,地方道路公社等,建設総合 > 土木総合 > 公共事業 > 土木1（除く災害復旧） > 道路総合 > 有料道路 > 地方道路公社等,index (2020年度平均 = 100),national,JP,日本,,,,110.8,,index_value,published_pdl,,,2023Q2,,mlit-deflator-tsuki-2607,deftsuki2020（四半期別）!AS39,https://www.mlit.go.jp/statistics/details/content/deftsuki_2607.xlsx,PDL1.0,,2020年度基準(2020年度平均=100)。2026年4月分の公表から2020年度基準に改定(原本注)。ウエイト項目に営業余剰や間接税(消費税を含む)等を含めない(原本注)。原本の期間表示「2023年 4-6月」(暦年の四半期)。2023年度以降は建設投資のウエイトに2020〜2022年度の平均値を暫定的に使用(原本注)。注意(W2 の照合): 2020年4-6月期以降の四半期別シートの「地方道路公社等」から「S事務所・その他」までの33列は、月別シートの同じ系列の3か月平均と合わず、左隣の系列の3か月平均と合う。四半期別の値が1列右にずれている疑い。値は原本のまま
6004cb336fb2df36,JP,index,建設工事費デフレーター（2020年度基準） 四半期別,道路2（再掲）,建設総合 > 土木総合 > 公共事業 > 土木1（除く災害復旧） > 道路2（再掲）,index (2020年度平均 = 100),national,JP,日本,,,,111.4,,index_value,published_pdl,,,2023Q2,,mlit-deflator-tsuki-2607,deftsuki2020（四半期別）!AT39,https://www.mlit.go.jp/statistics/details/content/deftsuki_2607.xlsx,PDL1.0,,2020年度基準(2020年度平均=100)。2026年4月分の公表から2020年度基準に改定(原本注)。ウエイト項目に営業余剰や間接税(消費税を含む)等を含めない(原本注)。原本の期間表示「2023年 4-6月」(暦年の四半期)。2023年度以降は建設投資のウエイトに2020〜2022年度の平均値を暫定的に使用(原本注)。注意(W2 の照合): 2020年4-6月期以降の四半期別シートの「地方道路公社等」から「S事務所・その他」までの33列は、月別シートの同じ系列の3か月平均と合わず、左隣の系列の3か月平均と合う。四半期別の値が1列右にずれている疑い。値は原本のまま
677cf9e29cf6dbd2,JP,index,建設工事費デフレーター（2020年度基準） 四半期別,街路2（再掲）,建設総合 > 土木総合 > 公共事業 > 土木1（除く災害復旧） > 街路2（再掲）,index (2020年度平均 = 100),national,JP,日本,,,,111.6,,index_value,published_pdl,,,2023Q2,,mlit-deflator-tsuki-2607,deftsuki2020（四半期別）!AU39,https://www.mlit.go.jp/statistics/details/content/deftsuki_2607.xlsx,PDL1.0,,2020年度基準(2020年度平均=100)。2026年4月分の公表から2020年度基準に改定(原本注)。ウエイト項目に営業余剰や間接税(消費税を含む)等を含めない(原本注)。原本の期間表示「2023年 4-6月」(暦年の四半期)。2023年度以降は建設投資のウエイトに2020〜2022年度の平均値を暫定的に使用(原本注)。注意(W2 の照合): 2020年4-6月期以降の四半期別シートの「地方道路公社等」から「S事務所・その他」までの33列は、月別シートの同じ系列の3か月平均と合わず、左隣の系列の3か月平均と合う。四半期別の値が1列右にずれている疑い。値は原本のまま
704f2cc997d1331e,JP,index,建設工事費デフレーター（2020年度基準） 四半期別,公園,建設総合 > 土木総合 > 公共事業 > 土木1（除く災害復旧） > 公園,index (2020年度平均 = 100),national,JP,日本,,,,111.3,,index_value,published_pdl,,,2023Q2,,mlit-deflator-tsuki-2607,deftsuki2020（四半期別）!AV39,https://www.mlit.go.jp/statistics/details/content/deftsuki_2607.xlsx,PDL1.0,,2020年度基準(2020年度平均=100)。2026年4月分の公表から2020年度基準に改定(原本注)。ウエイト項目に営業余剰や間接税(消費税を含む)等を含めない(原本注)。原本の期間表示「2023年 4-6月」(暦年の四半期)。2023年度以降は建設投資のウエイトに2020〜2022年度の平均値を暫定的に使用(原本注)。注意(W2 の照合): 2020年4-6月期以降の四半期別シートの「地方道路公社等」から「S事務所・その他」までの33列は、月別シートの同じ系列の3か月平均と合わず、左隣の系列の3か月平均と合う。四半期別の値が1列右にずれている疑い。値は原本のまま
08b4bf7e63587b29,JP,index,建設工事費デフレーター（2020年度基準） 四半期別,下水道,建設総合 > 土木総合 > 公共事業 > 土木1（除く災害復旧） > 下水道,index (2020年度平均 = 100),national,JP,日本,,,,109.5,,index_value,published_pdl,,,2023Q2,,mlit-deflator-tsuki-2607,deftsuki2020（四半期別）!AW39,https://www.mlit.go.jp/statistics/details/content/deftsuki_2607.xlsx,PDL1.0,,2020年度基準(2020年度平均=100)。2026年4月分の公表から2020年度基準に改定(原本注)。ウエイト項目に営業余剰や間接税(消費税を含む)等を含めない(原本注)。原本の期間表示「2023年 4-6月」(暦年の四半期)。2023年度以降は建設投資のウエイトに2020〜2022年度の平均値を暫定的に使用(原本注)。注意(W2 の照合): 2020年4-6月期以降の四半期別シートの「地方道路公社等」から「S事務所・その他」までの33列は、月別シートの同じ系列の3か月平均と合わず、左隣の系列の3か月平均と合う。四半期別の値が1列右にずれている疑い。値は原本のまま
93886f8a464034ac,JP,index,建設工事費デフレーター（2020年度基準） 四半期別,災害復旧,建設総合 > 土木総合 > 公共事業 > 土木1（除く災害復旧） > 災害復旧,index (2020年度平均 = 100),national,JP,日本,,,,111,,index_value,published_pdl,,,2023Q2,,mlit-deflator-tsuki-2607,deftsuki2020（四半期別）!AX39,https://www.mlit.go.jp/statistics/details/content/deftsuki_2607.xlsx,PDL1.0,,2020年度基準(2020年度平均=100)。2026年4月分の公表から2020年度基準に改定(原本注)。ウエイト項目に営業余剰や間接税(消費税を含む)等を含めない(原本注)。原本の期間表示「2023年 4-6月」(暦年の四半期)。2023年度以降は建設投資のウエイトに2020〜2022年度の平均値を暫定的に使用(原本注)。注意(W2 の照合): 2020年4-6月期以降の四半期別シートの「地方道路公社等」から「S事務所・その他」までの33列は、月別シートの同じ系列の3か月平均と合わず、左隣の系列の3か月平均と合う。四半期別の値が1列右にずれている疑い。値は原本のまま
899b5e9603c2f6d7,JP,index,建設工事費デフレーター（2020年度基準） 四半期別,土木2,建設総合 > 土木総合 > 公共事業 > 土木2,index (2020年度平均 = 100),national,JP,日本,,,,110,,index_value,published_pdl,,,2023Q2,,mlit-deflator-tsuki-2607,deftsuki2020（四半期別）!AY39,https://www.mlit.go.jp/statistics/details/content/deftsuki_2607.xlsx,PDL1.0,,2020年度基準(2020年度平均=100)。2026年4月分の公表から2020年度基準に改定(原本注)。ウエイト項目に営業余剰や間接税(消費税を含む)等を含めない(原本注)。原本の期間表示「2023年 4-6月」(暦年の四半期)。2023年度以降は建設投資のウエイトに2020〜2022年度の平均値を暫定的に使用(原本注)。注意(W2 の照合): 2020年4-6月期以降の四半期別シートの「地方道路公社等」から「S事務所・その他」までの33列は、月別シートの同じ系列の3か月平均と合わず、左隣の系列の3か月平均と合う。四半期別の値が1列右にずれている疑い。値は原本のまま
4eaa954d428fd51c,JP,index,建設工事費デフレーター（2020年度基準） 四半期別,港湾・漁港,建設総合 > 土木総合 > 公共事業 > 土木2 > 港湾・漁港,index (2020年度平均 = 100),national,JP,日本,,,,111.3,,index_value,published_pdl,,,2023Q2,,mlit-deflator-tsuki-2607,deftsuki2020（四半期別）!AZ39,https://www.mlit.go.jp/statistics/details/content/deftsuki_2607.xlsx,PDL1.0,,2020年度基準(2020年度平均=100)。2026年4月分の公表から2020年度基準に改定(原本注)。ウエイト項目に営業余剰や間接税(消費税を含む)等を含めない(原本注)。原本の期間表示「2023年 4-6月」(暦年の四半期)。2023年度以降は建設投資のウエイトに2020〜2022年度の平均値を暫定的に使用(原本注)。注意(W2 の照合): 2020年4-6月期以降の四半期別シートの「地方道路公社等」から「S事務所・その他」までの33列は、月別シートの同じ系列の3か月平均と合わず、左隣の系列の3か月平均と合う。四半期別の値が1列右にずれている疑い。値は原本のまま
ac93eeb6d24d2565,JP,index,建設工事費デフレーター（2020年度基準） 四半期別,空港,建設総合 > 土木総合 > 公共事業 > 土木2 > 空港,index (2020年度平均 = 100),national,JP,日本,,,,111.3,,index_value,published_pdl,,,2023Q2,,mlit-deflator-tsuki-2607,deftsuki2020（四半期別）!BA39,https://www.mlit.go.jp/statistics/details/content/deftsuki_2607.xlsx,PDL1.0,,2020年度基準(2020年度平均=100)。2026年4月分の公表から2020年度基準に改定(原本注)。ウエイト項目に営業余剰や間接税(消費税を含む)等を含めない(原本注)。原本の期間表示「2023年 4-6月」(暦年の四半期)。2023年度以降は建設投資のウエイトに2020〜2022年度の平均値を暫定的に使用(原本注)。注意(W2 の照合): 2020年4-6月期以降の四半期別シートの「地方道路公社等」から「S事務所・その他」までの33列は、月別シートの同じ系列の3か月平均と合わず、左隣の系列の3か月平均と合う。四半期別の値が1列右にずれている疑い。値は原本のまま
adc61e2d046550c6,JP,index,建設工事費デフレーター（2020年度基準） 四半期別,環境衛生,建設総合 > 土木総合 > 公共事業 > 土木2 > 環境衛生,index (2020年度平均 = 100),national,JP,日本,,,,107.2,,index_value,published_pdl,,,2023Q2,,mlit-deflator-tsuki-2607,deftsuki2020（四半期別）!BB39,https://www.mlit.go.jp/statistics/details/content/deftsuki_2607.xlsx,PDL1.0,,2020年度基準(2020年度平均=100)。2026年4月分の公表から2020年度基準に改定(原本注)。ウエイト項目に営業余剰や間接税(消費税を含む)等を含めない(原本注)。原本の期間表示「2023年 4-6月」(暦年の四半期)。2023年度以降は建設投資のウエイトに2020〜2022年度の平均値を暫定的に使用(原本注)。注意(W2 の照合): 2020年4-6月期以降の四半期別シートの「地方道路公社等」から「S事務所・その他」までの33列は、月別シートの同じ系列の3か月平均と合わず、左隣の系列の3か月平均と合う。四半期別の値が1列右にずれている疑い。値は原本のまま
265dbaf9f14d3d10,JP,index,建設工事費デフレーター（2020年度基準） 四半期別,農林関係公共事業,建設総合 > 土木総合 > 公共事業 > 土木2 > 農林関係公共事業,index (2020年度平均 = 100),national,JP,日本,,,,112.5,,index_value,published_pdl,,,2023Q2,,mlit-deflator-tsuki-2607,deftsuki2020（四半期別）!BC39,https://www.mlit.go.jp/statistics/details/content/deftsuki_2607.xlsx,PDL1.0,,2020年度基準(2020年度平均=100)。2026年4月分の公表から2020年度基準に改定(原本注)。ウエイト項目に営業余剰や間接税(消費税を含む)等を含めない(原本注)。原本の期間表示「2023年 4-6月」(暦年の四半期)。2023年度以降は建設投資のウエイトに2020〜2022年度の平均値を暫定的に使用(原本注)。注意(W2 の照合): 2020年4-6月期以降の四半期別シートの「地方道路公社等」から「S事務所・その他」までの33列は、月別シートの同じ系列の3か月平均と合わず、左隣の系列の3か月平均と合う。四半期別の値が1列右にずれている疑い。値は原本のまま
efc903df5665cf4f,JP,index,建設工事費デフレーター（2020年度基準） 四半期別,その他土木,建設総合 > 土木総合 > その他土木 (原本の列 BD。同じ表頭の列が2つある),index (2020年度平均 = 100),national,JP,日本,,,,111.5,,index_value,published_pdl,,,2023Q2,,mlit-deflator-tsuki-2607,deftsuki2020（四半期別）!BD39,https://www.mlit.go.jp/statistics/details/content/deftsuki_2607.xlsx,PDL1.0,,2020年度基準(2020年度平均=100)。2026年4月分の公表から2020年度基準に改定(原本注)。ウエイト項目に営業余剰や間接税(消費税を含む)等を含めない(原本注)。原本の期間表示「2023年 4-6月」(暦年の四半期)。2023年度以降は建設投資のウエイトに2020〜2022年度の平均値を暫定的に使用(原本注)。注意(W2 の照合): 2020年4-6月期以降の四半期別シートの「地方道路公社等」から「S事務所・その他」までの33列は、月別シートの同じ系列の3か月平均と合わず、左隣の系列の3か月平均と合う。四半期別の値が1列右にずれている疑い。値は原本のまま
0c7a067208cb3242,JP,index,建設工事費デフレーター（2020年度基準） 四半期別,鉄道軌道,建設総合 > 土木総合 > その他土木 > 鉄道軌道,index (2020年度平均 = 100),national,JP,日本,,,,111.8,,index_value,published_pdl,,,2023Q2,,mlit-deflator-tsuki-2607,deftsuki2020（四半期別）!BE39,https://www.mlit.go.jp/statistics/details/content/deftsuki_2607.xlsx,PDL1.0,,2020年度基準(2020年度平均=100)。2026年4月分の公表から2020年度基準に改定(原本注)。ウエイト項目に営業余剰や間接税(消費税を含む)等を含めない(原本注)。原本の期間表示「2023年 4-6月」(暦年の四半期)。2023年度以降は建設投資のウエイトに2020〜2022年度の平均値を暫定的に使用(原本注)。注意(W2 の照合): 2020年4-6月期以降の四半期別シートの「地方道路公社等」から「S事務所・その他」までの33列は、月別シートの同じ系列の3か月平均と合わず、左隣の系列の3か月平均と合う。四半期別の値が1列右にずれている疑い。値は原本のまま
67301104860a220f,JP,index,建設工事費デフレーター（2020年度基準） 四半期別,電力,建設総合 > 土木総合 > その他土木 > 電力,index (2020年度平均 = 100),national,JP,日本,,,,113.6,,index_value,published_pdl,,,2023Q2,,mlit-deflator-tsuki-2607,deftsuki2020（四半期別）!BF39,https://www.mlit.go.jp/statistics/details/content/deftsuki_2607.xlsx,PDL1.0,,2020年度基準(2020年度平均=100)。2026年4月分の公表から2020年度基準に改定(原本注)。ウエイト項目に営業余剰や間接税(消費税を含む)等を含めない(原本注)。原本の期間表示「2023年 4-6月」(暦年の四半期)。2023年度以降は建設投資のウエイトに2020〜2022年度の平均値を暫定的に使用(原本注)。注意(W2 の照合): 2020年4-6月期以降の四半期別シートの「地方道路公社等」から「S事務所・その他」までの33列は、月別シートの同じ系列の3か月平均と合わず、左隣の系列の3か月平均と合う。四半期別の値が1列右にずれている疑い。値は原本のまま
0acb0809140a4ea3,JP,index,建設工事費デフレーター（2020年度基準） 四半期別,電気通信,建設総合 > 土木総合 > その他土木 > 電気通信,index (2020年度平均 = 100),national,JP,日本,,,,111.6,,index_value,published_pdl,,,2023Q2,,mlit-deflator-tsuki-2607,deftsuki2020（四半期別）!BG39,https://www.mlit.go.jp/statistics/details/content/deftsuki_2607.xlsx,PDL1.0,,2020年度基準(2020年度平均=100)。2026年4月分の公表から2020年度基準に改定(原本注)。ウエイト項目に営業余剰や間接税(消費税を含む)等を含めない(原本注)。原本の期間表示「2023年 4-6月」(暦年の四半期)。2023年度以降は建設投資のウエイトに2020〜2022年度の平均値を暫定的に使用(原本注)。注意(W2 の照合): 2020年4-6月期以降の四半期別シートの「地方道路公社等」から「S事務所・その他」までの33列は、月別シートの同じ系列の3か月平均と合わず、左隣の系列の3か月平均と合う。四半期別の値が1列右にずれている疑い。値は原本のまま
f901fe1fb28cd9bc,JP,index,建設工事費デフレーター（2020年度基準） 四半期別,上・工業用水道,建設総合 > 土木総合 > その他土木 > 上・工業用水道,index (2020年度平均 = 100),national,JP,日本,,,,109.5,,index_value,published_pdl,,,2023Q2,,mlit-deflator-tsuki-2607,deftsuki2020（四半期別）!BH39,https://www.mlit.go.jp/statistics/details/content/deftsuki_2607.xlsx,PDL1.0,,2020年度基準(2020年度平均=100)。2026年4月分の公表から2020年度基準に改定(原本注)。ウエイト項目に営業余剰や間接税(消費税を含む)等を含めない(原本注)。原本の期間表示「2023年 4-6月」(暦年の四半期)。2023年度以降は建設投資のウエイトに2020〜2022年度の平均値を暫定的に使用(原本注)。注意(W2 の照合): 2020年4-6月期以降の四半期別シートの「地方道路公社等」から「S事務所・その他」までの33列は、月別シートの同じ系列の3か月平均と合わず、左隣の系列の3か月平均と合う。四半期別の値が1列右にずれている疑い。値は原本のまま
19d58b7ff6de867d,JP,index,建設工事費デフレーター（2020年度基準） 四半期別,土地造成,建設総合 > 土木総合 > その他土木 > 土地造成,index (2020年度平均 = 100),national,JP,日本,,,,111.8,,index_value,published_pdl,,,2023Q2,,mlit-deflator-tsuki-2607,deftsuki2020（四半期別）!BI39,https://www.mlit.go.jp/statistics/details/content/deftsuki_2607.xlsx,PDL1.0,,2020年度基準(2020年度平均=100)。2026年4月分の公表から2020年度基準に改定(原本注)。ウエイト項目に営業余剰や間接税(消費税を含む)等を含めない(原本注)。原本の期間表示「2023年 4-6月」(暦年の四半期)。2023年度以降は建設投資のウエイトに2020〜2022年度の平均値を暫定的に使用(原本注)。注意(W2 の照合): 2020年4-6月期以降の四半期別シートの「地方道路公社等」から「S事務所・その他」までの33列は、月別シートの同じ系列の3か月平均と合わず、左隣の系列の3か月平均と合う。四半期別の値が1列右にずれている疑い。値は原本のまま
45e4715896f627d2,JP,index,建設工事費デフレーター（2020年度基準） 四半期別,その他土木,建設総合 > 土木総合 > その他土木 (原本の列 BJ。同じ表頭の列が2つある),index (2020年度平均 = 100),national,JP,日本,,,,109.8,,index_value,published_pdl,,,2023Q2,,mlit-deflator-tsuki-2607,deftsuki2020（四半期別）!BJ39,https://www.mlit.go.jp/statistics/details/content/deftsuki_2607.xlsx,PDL1.0,,2020年度基準(2020年度平均=100)。2026年4月分の公表から2020年度基準に改定(原本注)。ウエイト項目に営業余剰や間接税(消費税を含む)等を含めない(原本注)。原本の期間表示「2023年 4-6月」(暦年の四半期)。2023年度以降は建設投資のウエイトに2020〜2022年度の平均値を暫定的に使用(原本注)。注意(W2 の照合): 2020年4-6月期以降の四半期別シートの「地方道路公社等」から「S事務所・その他」までの33列は、月別シートの同じ系列の3か月平均と合わず、左隣の系列の3か月平均と合う。四半期別の値が1列右にずれている疑い。値は原本のまま
41d97c42ff8470b8,JP,index,建設工事費デフレーター（2020年度基準） 四半期別,W在来住宅,W在来住宅,index (2020年度平均 = 100),national,JP,日本,,,,111.3,,index_value,published_pdl,,,2023Q2,,mlit-deflator-tsuki-2607,deftsuki2020（四半期別）!BK39,https://www.mlit.go.jp/statistics/details/content/deftsuki_2607.xlsx,PDL1.0,,2020年度基準(2020年度平均=100)。2026年4月分の公表から2020年度基準に改定(原本注)。ウエイト項目に営業余剰や間接税(消費税を含む)等を含めない(原本注)。原本の期間表示「2023年 4-6月」(暦年の四半期)。2023年度以降は建設投資のウエイトに2020〜2022年度の平均値を暫定的に使用(原本注)。注意(W2 の照合): 2020年4-6月期以降の四半期別シートの「地方道路公社等」から「S事務所・その他」までの33列は、月別シートの同じ系列の3か月平均と合わず、左隣の系列の3か月平均と合う。四半期別の値が1列右にずれている疑い。値は原本のまま
ff04bbe30bb07914,JP,index,建設工事費デフレーター（2020年度基準） 四半期別,W量産住宅,W量産住宅,index (2020年度平均 = 100),national,JP,日本,,,,114.3,,index_value,published_pdl,,,2023Q2,,mlit-deflator-tsuki-2607,deftsuki2020（四半期別）!BL39,https://www.mlit.go.jp/statistics/details/content/deftsuki_2607.xlsx,PDL1.0,,2020年度基準(2020年度平均=100)。2026年4月分の公表から2020年度基準に改定(原本注)。ウエイト項目に営業余剰や間接税(消費税を含む)等を含めない(原本注)。原本の期間表示「2023年 4-6月」(暦年の四半期)。2023年度以降は建設投資のウエイトに2020〜2022年度の平均値を暫定的に使用(原本注)。注意(W2 の照合): 2020年4-6月期以降の四半期別シートの「地方道路公社等」から「S事務所・その他」までの33列は、月別シートの同じ系列の3か月平均と合わず、左隣の系列の3か月平均と合う。四半期別の値が1列右にずれている疑い。値は原本のまま
7cff0c58157e50cf,JP,index,建設工事費デフレーター（2020年度基準） 四半期別,RC在来住宅,RC在来住宅,index (2020年度平均 = 100),national,JP,日本,,,,117.2,,index_value,published_pdl,,,2023Q2,,mlit-deflator-tsuki-2607,deftsuki2020（四半期別）!BM39,https://www.mlit.go.jp/statistics/details/content/deftsuki_2607.xlsx,PDL1.0,,2020年度基準(2020年度平均=100)。2026年4月分の公表から2020年度基準に改定(原本注)。ウエイト項目に営業余剰や間接税(消費税を含む)等を含めない(原本注)。原本の期間表示「2023年 4-6月」(暦年の四半期)。2023年度以降は建設投資のウエイトに2020〜2022年度の平均値を暫定的に使用(原本注)。注意(W2 の照合): 2020年4-6月期以降の四半期別シートの「地方道路公社等」から「S事務所・その他」までの33列は、月別シートの同じ系列の3か月平均と合わず、左隣の系列の3か月平均と合う。四半期別の値が1列右にずれている疑い。値は原本のまま
034240f69e950d61,JP,index,建設工事費デフレーター（2020年度基準） 四半期別,RC量産住宅,RC量産住宅,index (2020年度平均 = 100),national,JP,日本,,,,112.9,,index_value,published_pdl,,,2023Q2,,mlit-deflator-tsuki-2607,deftsuki2020（四半期別）!BN39,https://www.mlit.go.jp/statistics/details/content/deftsuki_2607.xlsx,PDL1.0,,2020年度基準(2020年度平均=100)。2026年4月分の公表から2020年度基準に改定(原本注)。ウエイト項目に営業余剰や間接税(消費税を含む)等を含めない(原本注)。原本の期間表示「2023年 4-6月」(暦年の四半期)。2023年度以降は建設投資のウエイトに2020〜2022年度の平均値を暫定的に使用(原本注)。注意(W2 の照合): 2020年4-6月期以降の四半期別シートの「地方道路公社等」から「S事務所・その他」までの33列は、月別シートの同じ系列の3か月平均と合わず、左隣の系列の3か月平均と合う。四半期別の値が1列右にずれている疑い。値は原本のまま
fe2e508742dfa44c,JP,index,建設工事費デフレーター（2020年度基準） 四半期別,S在来住宅,S在来住宅,index (2020年度平均 = 100),national,JP,日本,,,,113.3,,index_value,published_pdl,,,2023Q2,,mlit-deflator-tsuki-2607,deftsuki2020（四半期別）!BO39,https://www.mlit.go.jp/statistics/details/content/deftsuki_2607.xlsx,PDL1.0,,2020年度基準(2020年度平均=100)。2026年4月分の公表から2020年度基準に改定(原本注)。ウエイト項目に営業余剰や間接税(消費税を含む)等を含めない(原本注)。原本の期間表示「2023年 4-6月」(暦年の四半期)。2023年度以降は建設投資のウエイトに2020〜2022年度の平均値を暫定的に使用(原本注)。注意(W2 の照合): 2020年4-6月期以降の四半期別シートの「地方道路公社等」から「S事務所・その他」までの33列は、月別シートの同じ系列の3か月平均と合わず、左隣の系列の3か月平均と合う。四半期別の値が1列右にずれている疑い。値は原本のまま
c62e725c84b6d738,JP,index,建設工事費デフレーター（2020年度基準） 四半期別,S量産住宅,S量産住宅,index (2020年度平均 = 100),national,JP,日本,,,,112.8,,index_value,published_pdl,,,2023Q2,,mlit-deflator-tsuki-2607,deftsuki2020（四半期別）!BP39,https://www.mlit.go.jp/statistics/details/content/deftsuki_2607.xlsx,PDL1.0,,2020年度基準(2020年度平均=100)。2026年4月分の公表から2020年度基準に改定(原本注)。ウエイト項目に営業余剰や間接税(消費税を含む)等を含めない(原本注)。原本の期間表示「2023年 4-6月」(暦年の四半期)。2023年度以降は建設投資のウエイトに2020〜2022年度の平均値を暫定的に使用(原本注)。注意(W2 の照合): 2020年4-6月期以降の四半期別シートの「地方道路公社等」から「S事務所・その他」までの33列は、月別シートの同じ系列の3か月平均と合わず、左隣の系列の3か月平均と合う。四半期別の値が1列右にずれている疑い。値は原本のまま
2ca917b0a5052786,JP,index,建設工事費デフレーター（2020年度基準） 四半期別,W工場・倉庫,W工場・倉庫,index (2020年度平均 = 100),national,JP,日本,,,,117.8,,index_value,published_pdl,,,2023Q2,,mlit-deflator-tsuki-2607,deftsuki2020（四半期別）!BQ39,https://www.mlit.go.jp/statistics/details/content/deftsuki_2607.xlsx,PDL1.0,,2020年度基準(2020年度平均=100)。2026年4月分の公表から2020年度基準に改定(原本注)。ウエイト項目に営業余剰や間接税(消費税を含む)等を含めない(原本注)。原本の期間表示「2023年 4-6月」(暦年の四半期)。2023年度以降は建設投資のウエイトに2020〜2022年度の平均値を暫定的に使用(原本注)。注意(W2 の照合): 2020年4-6月期以降の四半期別シートの「地方道路公社等」から「S事務所・その他」までの33列は、月別シートの同じ系列の3か月平均と合わず、左隣の系列の3か月平均と合う。四半期別の値が1列右にずれている疑い。値は原本のまま
9b125f178d3048d0,JP,index,建設工事費デフレーター（2020年度基準） 四半期別,W事務所・その他,W事務所・その他,index (2020年度平均 = 100),national,JP,日本,,,,113.2,,index_value,published_pdl,,,2023Q2,,mlit-deflator-tsuki-2607,deftsuki2020（四半期別）!BR39,https://www.mlit.go.jp/statistics/details/content/deftsuki_2607.xlsx,PDL1.0,,2020年度基準(2020年度平均=100)。2026年4月分の公表から2020年度基準に改定(原本注)。ウエイト項目に営業余剰や間接税(消費税を含む)等を含めない(原本注)。原本の期間表示「2023年 4-6月」(暦年の四半期)。2023年度以降は建設投資のウエイトに2020〜2022年度の平均値を暫定的に使用(原本注)。注意(W2 の照合): 2020年4-6月期以降の四半期別シートの「地方道路公社等」から「S事務所・その他」までの33列は、月別シートの同じ系列の3か月平均と合わず、左隣の系列の3か月平均と合う。四半期別の値が1列右にずれている疑い。値は原本のまま
ab0ec4d98513a126,JP,index,建設工事費デフレーター（2020年度基準） 四半期別,SRC工場・倉庫,SRC工場・倉庫,index (2020年度平均 = 100),national,JP,日本,,,,112.9,,index_value,published_pdl,,,2023Q2,,mlit-deflator-tsuki-2607,deftsuki2020（四半期別）!BS39,https://www.mlit.go.jp/statistics/details/content/deftsuki_2607.xlsx,PDL1.0,,2020年度基準(2020年度平均=100)。2026年4月分の公表から2020年度基準に改定(原本注)。ウエイト項目に営業余剰や間接税(消費税を含む)等を含めない(原本注)。原本の期間表示「2023年 4-6月」(暦年の四半期)。2023年度以降は建設投資のウエイトに2020〜2022年度の平均値を暫定的に使用(原本注)。注意(W2 の照合): 2020年4-6月期以降の四半期別シートの「地方道路公社等」から「S事務所・その他」までの33列は、月別シートの同じ系列の3か月平均と合わず、左隣の系列の3か月平均と合う。四半期別の値が1列右にずれている疑い。値は原本のまま
9ec080f886fa52c5,JP,index,建設工事費デフレーター（2020年度基準） 四半期別,SRC事務所・その他,SRC事務所・その他,index (2020年度平均 = 100),national,JP,日本,,,,112.6,,index_value,published_pdl,,,2023Q2,,mlit-deflator-tsuki-2607,deftsuki2020（四半期別）!BT39,https://www.mlit.go.jp/statistics/details/content/deftsuki_2607.xlsx,PDL1.0,,2020年度基準(2020年度平均=100)。2026年4月分の公表から2020年度基準に改定(原本注)。ウエイト項目に営業余剰や間接税(消費税を含む)等を含めない(原本注)。原本の期間表示「2023年 4-6月」(暦年の四半期)。2023年度以降は建設投資のウエイトに2020〜2022年度の平均値を暫定的に使用(原本注)。注意(W2 の照合): 2020年4-6月期以降の四半期別シートの「地方道路公社等」から「S事務所・その他」までの33列は、月別シートの同じ系列の3か月平均と合わず、左隣の系列の3か月平均と合う。四半期別の値が1列右にずれている疑い。値は原本のまま
251b37695f27b61c,JP,index,建設工事費デフレーター（2020年度基準） 四半期別,RC工場・倉庫,RC工場・倉庫,index (2020年度平均 = 100),national,JP,日本,,,,111.5,,index_value,published_pdl,,,2023Q2,,mlit-deflator-tsuki-2607,deftsuki2020（四半期別）!BU39,https://www.mlit.go.jp/statistics/details/content/deftsuki_2607.xlsx,PDL1.0,,2020年度基準(2020年度平均=100)。2026年4月分の公表から2020年度基準に改定(原本注)。ウエイト項目に営業余剰や間接税(消費税を含む)等を含めない(原本注)。原本の期間表示「2023年 4-6月」(暦年の四半期)。2023年度以降は建設投資のウエイトに2020〜2022年度の平均値を暫定的に使用(原本注)。注意(W2 の照合): 2020年4-6月期以降の四半期別シートの「地方道路公社等」から「S事務所・その他」までの33列は、月別シートの同じ系列の3か月平均と合わず、左隣の系列の3か月平均と合う。四半期別の値が1列右にずれている疑い。値は原本のまま
b9673c71f9e867e2,JP,index,建設工事費デフレーター（2020年度基準） 四半期別,RC学校,RC学校,index (2020年度平均 = 100),national,JP,日本,,,,112.4,,index_value,published_pdl,,,2023Q2,,mlit-deflator-tsuki-2607,deftsuki2020（四半期別）!BV39,https://www.mlit.go.jp/statistics/details/content/deftsuki_2607.xlsx,PDL1.0,,2020年度基準(2020年度平均=100)。2026年4月分の公表から2020年度基準に改定(原本注)。ウエイト項目に営業余剰や間接税(消費税を含む)等を含めない(原本注)。原本の期間表示「2023年 4-6月」(暦年の四半期)。2023年度以降は建設投資のウエイトに2020〜2022年度の平均値を暫定的に使用(原本注)。注意(W2 の照合): 2020年4-6月期以降の四半期別シートの「地方道路公社等」から「S事務所・その他」までの33列は、月別シートの同じ系列の3か月平均と合わず、左隣の系列の3か月平均と合う。四半期別の値が1列右にずれている疑い。値は原本のまま
b88aa1ca1748d3fc,JP,index,建設工事費デフレーター（2020年度基準） 四半期別,RC事務所・その他,RC事務所・その他,index (2020年度平均 = 100),national,JP,日本,,,,112,,index_value,published_pdl,,,2023Q2,,mlit-deflator-tsuki-2607,deftsuki2020（四半期別）!BW39,https://www.mlit.go.jp/statistics/details/content/deftsuki_2607.xlsx,PDL1.0,,2020年度基準(2020年度平均=100)。2026年4月分の公表から2020年度基準に改定(原本注)。ウエイト項目に営業余剰や間接税(消費税を含む)等を含めない(原本注)。原本の期間表示「2023年 4-6月」(暦年の四半期)。2023年度以降は建設投資のウエイトに2020〜2022年度の平均値を暫定的に使用(原本注)。注意(W2 の照合): 2020年4-6月期以降の四半期別シートの「地方道路公社等」から「S事務所・その他」までの33列は、月別シートの同じ系列の3か月平均と合わず、左隣の系列の3か月平均と合う。四半期別の値が1列右にずれている疑い。値は原本のまま
cee346e68ba7ad9f,JP,index,建設工事費デフレーター（2020年度基準） 四半期別,S工場・倉庫,S工場・倉庫,index (2020年度平均 = 100),national,JP,日本,,,,112.1,,index_value,published_pdl,,,2023Q2,,mlit-deflator-tsuki-2607,deftsuki2020（四半期別）!BX39,https://www.mlit.go.jp/statistics/details/content/deftsuki_2607.xlsx,PDL1.0,,2020年度基準(2020年度平均=100)。2026年4月分の公表から2020年度基準に改定(原本注)。ウエイト項目に営業余剰や間接税(消費税を含む)等を含めない(原本注)。原本の期間表示「2023年 4-6月」(暦年の四半期)。2023年度以降は建設投資のウエイトに2020〜2022年度の平均値を暫定的に使用(原本注)。注意(W2 の照合): 2020年4-6月期以降の四半期別シートの「地方道路公社等」から「S事務所・その他」までの33列は、月別シートの同じ系列の3か月平均と合わず、左隣の系列の3か月平均と合う。四半期別の値が1列右にずれている疑い。値は原本のまま
decb3e0f63bfad60,JP,index,建設工事費デフレーター（2020年度基準） 四半期別,S事務所・その他,S事務所・その他,index (2020年度平均 = 100),national,JP,日本,,,,112.4,,index_value,published_pdl,,,2023Q2,,mlit-deflator-tsuki-2607,deftsuki2020（四半期別）!BY39,https://www.mlit.go.jp/statistics/details/content/deftsuki_2607.xlsx,PDL1.0,,2020年度基準(2020年度平均=100)。2026年4月分の公表から2020年度基準に改定(原本注)。ウエイト項目に営業余剰や間接税(消費税を含む)等を含めない(原本注)。原本の期間表示「2023年 4-6月」(暦年の四半期)。2023年度以降は建設投資のウエイトに2020〜2022年度の平均値を暫定的に使用(原本注)。注意(W2 の照合): 2020年4-6月期以降の四半期別シートの「地方道路公社等」から「S事務所・その他」までの33列は、月別シートの同じ系列の3か月平均と合わず、左隣の系列の3か月平均と合う。四半期別の値が1列右にずれている疑い。値は原本のまま
bca59ded6e820641,JP,index,建設工事費デフレーター（2020年度基準） 四半期別,地方道路公社等,建設総合 > 土木総合 > 公共事業 > 土木1（除く災害復旧） > 道路総合 > 有料道路 > 地方道路公社等,index (2020年度平均 = 100),national,JP,日本,,,,112.1,,index_value,published_pdl,,,2023Q3,,mlit-deflator-tsuki-2607,deftsuki2020（四半期別）!AS40,https://www.mlit.go.jp/statistics/details/content/deftsuki_2607.xlsx,PDL1.0,,2020年度基準(2020年度平均=100)。2026年4月分の公表から2020年度基準に改定(原本注)。ウエイト項目に営業余剰や間接税(消費税を含む)等を含めない(原本注)。原本の期間表示「2023年 7-9月」(暦年の四半期)。2023年度以降は建設投資のウエイトに2020〜2022年度の平均値を暫定的に使用(原本注)。注意(W2 の照合): 2020年4-6月期以降の四半期別シートの「地方道路公社等」から「S事務所・その他」までの33列は、月別シートの同じ系列の3か月平均と合わず、左隣の系列の3か月平均と合う。四半期別の値が1列右にずれている疑い。値は原本のまま
d19a110da2c52a77,JP,index,建設工事費デフレーター（2020年度基準） 四半期別,道路2（再掲）,建設総合 > 土木総合 > 公共事業 > 土木1（除く災害復旧） > 道路2（再掲）,index (2020年度平均 = 100),national,JP,日本,,,,112.2,,index_value,published_pdl,,,2023Q3,,mlit-deflator-tsuki-2607,deftsuki2020（四半期別）!AT40,https://www.mlit.go.jp/statistics/details/content/deftsuki_2607.xlsx,PDL1.0,,2020年度基準(2020年度平均=100)。2026年4月分の公表から2020年度基準に改定(原本注)。ウエイト項目に営業余剰や間接税(消費税を含む)等を含めない(原本注)。原本の期間表示「2023年 7-9月」(暦年の四半期)。2023年度以降は建設投資のウエイトに2020〜2022年度の平均値を暫定的に使用(原本注)。注意(W2 の照合): 2020年4-6月期以降の四半期別シートの「地方道路公社等」から「S事務所・その他」までの33列は、月別シートの同じ系列の3か月平均と合わず、左隣の系列の3か月平均と合う。四半期別の値が1列右にずれている疑い。値は原本のまま
250efb2b0dd8ef86,JP,index,建設工事費デフレーター（2020年度基準） 四半期別,街路2（再掲）,建設総合 > 土木総合 > 公共事業 > 土木1（除く災害復旧） > 街路2（再掲）,index (2020年度平均 = 100),national,JP,日本,,,,112.5,,index_value,published_pdl,,,2023Q3,,mlit-deflator-tsuki-2607,deftsuki2020（四半期別）!AU40,https://www.mlit.go.jp/statistics/details/content/deftsuki_2607.xlsx,PDL1.0,,2020年度基準(2020年度平均=100)。2026年4月分の公表から2020年度基準に改定(原本注)。ウエイト項目に営業余剰や間接税(消費税を含む)等を含めない(原本注)。原本の期間表示「2023年 7-9月」(暦年の四半期)。2023年度以降は建設投資のウエイトに2020〜2022年度の平均値を暫定的に使用(原本注)。注意(W2 の照合): 2020年4-6月期以降の四半期別シートの「地方道路公社等」から「S事務所・その他」までの33列は、月別シートの同じ系列の3か月平均と合わず、左隣の系列の3か月平均と合う。四半期別の値が1列右にずれている疑い。値は原本のまま
5508e91989faeaa1,JP,index,建設工事費デフレーター（2020年度基準） 四半期別,公園,建設総合 > 土木総合 > 公共事業 > 土木1（除く災害復旧） > 公園,index (2020年度平均 = 100),national,JP,日本,,,,112.1,,index_value,published_pdl,,,2023Q3,,mlit-deflator-tsuki-2607,deftsuki2020（四半期別）!AV40,https://www.mlit.go.jp/statistics/details/content/deftsuki_2607.xlsx,PDL1.0,,2020年度基準(2020年度平均=100)。2026年4月分の公表から2020年度基準に改定(原本注)。ウエイト項目に営業余剰や間接税(消費税を含む)等を含めない(原本注)。原本の期間表示「2023年 7-9月」(暦年の四半期)。2023年度以降は建設投資のウエイトに2020〜2022年度の平均値を暫定的に使用(原本注)。注意(W2 の照合): 2020年4-6月期以降の四半期別シートの「地方道路公社等」から「S事務所・その他」までの33列は、月別シートの同じ系列の3か月平均と合わず、左隣の系列の3か月平均と合う。四半期別の値が1列右にずれている疑い。値は原本のまま
4eee67176b7c95a6,JP,index,建設工事費デフレーター（2020年度基準） 四半期別,下水道,建設総合 > 土木総合 > 公共事業 > 土木1（除く災害復旧） > 下水道,index (2020年度平均 = 100),national,JP,日本,,,,110.1,,index_value,published_pdl,,,2023Q3,,mlit-deflator-tsuki-2607,deftsuki2020（四半期別）!AW40,https://www.mlit.go.jp/statistics/details/content/deftsuki_2607.xlsx,PDL1.0,,2020年度基準(2020年度平均=100)。2026年4月分の公表から2020年度基準に改定(原本注)。ウエイト項目に営業余剰や間接税(消費税を含む)等を含めない(原本注)。原本の期間表示「2023年 7-9月」(暦年の四半期)。2023年度以降は建設投資のウエイトに2020〜2022年度の平均値を暫定的に使用(原本注)。注意(W2 の照合): 2020年4-6月期以降の四半期別シートの「地方道路公社等」から「S事務所・その他」までの33列は、月別シートの同じ系列の3か月平均と合わず、左隣の系列の3か月平均と合う。四半期別の値が1列右にずれている疑い。値は原本のまま
6985f1c041911942,JP,index,建設工事費デフレーター（2020年度基準） 四半期別,災害復旧,建設総合 > 土木総合 > 公共事業 > 土木1（除く災害復旧） > 災害復旧,index (2020年度平均 = 100),national,JP,日本,,,,111.6,,index_value,published_pdl,,,2023Q3,,mlit-deflator-tsuki-2607,deftsuki2020（四半期別）!AX40,https://www.mlit.go.jp/statistics/details/content/deftsuki_2607.xlsx,PDL1.0,,2020年度基準(2020年度平均=100)。2026年4月分の公表から2020年度基準に改定(原本注)。ウエイト項目に営業余剰や間接税(消費税を含む)等を含めない(原本注)。原本の期間表示「2023年 7-9月」(暦年の四半期)。2023年度以降は建設投資のウエイトに2020〜2022年度の平均値を暫定的に使用(原本注)。注意(W2 の照合): 2020年4-6月期以降の四半期別シートの「地方道路公社等」から「S事務所・その他」までの33列は、月別シートの同じ系列の3か月平均と合わず、左隣の系列の3か月平均と合う。四半期別の値が1列右にずれている疑い。値は原本のまま
6cd29d9fda238d7f,JP,index,建設工事費デフレーター（2020年度基準） 四半期別,土木2,建設総合 > 土木総合 > 公共事業 > 土木2,index (2020年度平均 = 100),national,JP,日本,,,,110.7,,index_value,published_pdl,,,2023Q3,,mlit-deflator-tsuki-2607,deftsuki2020（四半期別）!AY40,https://www.mlit.go.jp/statistics/details/content/deftsuki_2607.xlsx,PDL1.0,,2020年度基準(2020年度平均=100)。2026年4月分の公表から2020年度基準に改定(原本注)。ウエイト項目に営業余剰や間接税(消費税を含む)等を含めない(原本注)。原本の期間表示「2023年 7-9月」(暦年の四半期)。2023年度以降は建設投資のウエイトに2020〜2022年度の平均値を暫定的に使用(原本注)。注意(W2 の照合): 2020年4-6月期以降の四半期別シートの「地方道路公社等」から「S事務所・その他」までの33列は、月別シートの同じ系列の3か月平均と合わず、左隣の系列の3か月平均と合う。四半期別の値が1列右にずれている疑い。値は原本のまま
2e81bea180c90f5a,JP,index,建設工事費デフレーター（2020年度基準） 四半期別,港湾・漁港,建設総合 > 土木総合 > 公共事業 > 土木2 > 港湾・漁港,index (2020年度平均 = 100),national,JP,日本,,,,112,,index_value,published_pdl,,,2023Q3,,mlit-deflator-tsuki-2607,deftsuki2020（四半期別）!AZ40,https://www.mlit.go.jp/statistics/details/content/deftsuki_2607.xlsx,PDL1.0,,2020年度基準(2020年度平均=100)。2026年4月分の公表から2020年度基準に改定(原本注)。ウエイト項目に営業余剰や間接税(消費税を含む)等を含めない(原本注)。原本の期間表示「2023年 7-9月」(暦年の四半期)。2023年度以降は建設投資のウエイトに2020〜2022年度の平均値を暫定的に使用(原本注)。注意(W2 の照合): 2020年4-6月期以降の四半期別シートの「地方道路公社等」から「S事務所・その他」までの33列は、月別シートの同じ系列の3か月平均と合わず、左隣の系列の3か月平均と合う。四半期別の値が1列右にずれている疑い。値は原本のまま
3d5d150c375efa2c,JP,index,建設工事費デフレーター（2020年度基準） 四半期別,空港,建設総合 > 土木総合 > 公共事業 > 土木2 > 空港,index (2020年度平均 = 100),national,JP,日本,,,,112.2,,index_value,published_pdl,,,2023Q3,,mlit-deflator-tsuki-2607,deftsuki2020（四半期別）!BA40,https://www.mlit.go.jp/statistics/details/content/deftsuki_2607.xlsx,PDL1.0,,2020年度基準(2020年度平均=100)。2026年4月分の公表から2020年度基準に改定(原本注)。ウエイト項目に営業余剰や間接税(消費税を含む)等を含めない(原本注)。原本の期間表示「2023年 7-9月」(暦年の四半期)。2023年度以降は建設投資のウエイトに2020〜2022年度の平均値を暫定的に使用(原本注)。注意(W2 の照合): 2020年4-6月期以降の四半期別シートの「地方道路公社等」から「S事務所・その他」までの33列は、月別シートの同じ系列の3か月平均と合わず、左隣の系列の3か月平均と合う。四半期別の値が1列右にずれている疑い。値は原本のまま
72c15cb154b8b492,JP,index,建設工事費デフレーター（2020年度基準） 四半期別,環境衛生,建設総合 > 土木総合 > 公共事業 > 土木2 > 環境衛生,index (2020年度平均 = 100),national,JP,日本,,,,107.3,,index_value,published_pdl,,,2023Q3,,mlit-deflator-tsuki-2607,deftsuki2020（四半期別）!BB40,https://www.mlit.go.jp/statistics/details/content/deftsuki_2607.xlsx,PDL1.0,,2020年度基準(2020年度平均=100)。2026年4月分の公表から2020年度基準に改定(原本注)。ウエイト項目に営業余剰や間接税(消費税を含む)等を含めない(原本注)。原本の期間表示「2023年 7-9月」(暦年の四半期)。2023年度以降は建設投資のウエイトに2020〜2022年度の平均値を暫定的に使用(原本注)。注意(W2 の照合): 2020年4-6月期以降の四半期別シートの「地方道路公社等」から「S事務所・その他」までの33列は、月別シートの同じ系列の3か月平均と合わず、左隣の系列の3か月平均と合う。四半期別の値が1列右にずれている疑い。値は原本のまま
dc0f19ce2e89fbc5,JP,index,建設工事費デフレーター（2020年度基準） 四半期別,農林関係公共事業,建設総合 > 土木総合 > 公共事業 > 土木2 > 農林関係公共事業,index (2020年度平均 = 100),national,JP,日本,,,,113,,index_value,published_pdl,,,2023Q3,,mlit-deflator-tsuki-2607,deftsuki2020（四半期別）!BC40,https://www.mlit.go.jp/statistics/details/content/deftsuki_2607.xlsx,PDL1.0,,2020年度基準(2020年度平均=100)。2026年4月分の公表から2020年度基準に改定(原本注)。ウエイト項目に営業余剰や間接税(消費税を含む)等を含めない(原本注)。原本の期間表示「2023年 7-9月」(暦年の四半期)。2023年度以降は建設投資のウエイトに2020〜2022年度の平均値を暫定的に使用(原本注)。注意(W2 の照合): 2020年4-6月期以降の四半期別シートの「地方道路公社等」から「S事務所・その他」までの33列は、月別シートの同じ系列の3か月平均と合わず、左隣の系列の3か月平均と合う。四半期別の値が1列右にずれている疑い。値は原本のまま
61a1a0110313deb8,JP,index,建設工事費デフレーター（2020年度基準） 四半期別,その他土木,建設総合 > 土木総合 > その他土木 (原本の列 BD。同じ表頭の列が2つある),index (2020年度平均 = 100),national,JP,日本,,,,112.4,,index_value,published_pdl,,,2023Q3,,mlit-deflator-tsuki-2607,deftsuki2020（四半期別）!BD40,https://www.mlit.go.jp/statistics/details/content/deftsuki_2607.xlsx,PDL1.0,,2020年度基準(2020年度平均=100)。2026年4月分の公表から2020年度基準に改定(原本注)。ウエイト項目に営業余剰や間接税(消費税を含む)等を含めない(原本注)。原本の期間表示「2023年 7-9月」(暦年の四半期)。2023年度以降は建設投資のウエイトに2020〜2022年度の平均値を暫定的に使用(原本注)。注意(W2 の照合): 2020年4-6月期以降の四半期別シートの「地方道路公社等」から「S事務所・その他」までの33列は、月別シートの同じ系列の3か月平均と合わず、左隣の系列の3か月平均と合う。四半期別の値が1列右にずれている疑い。値は原本のまま
1fd177f292b1ca19,JP,index,建設工事費デフレーター（2020年度基準） 四半期別,鉄道軌道,建設総合 > 土木総合 > その他土木 > 鉄道軌道,index (2020年度平均 = 100),national,JP,日本,,,,112.4,,index_value,published_pdl,,,2023Q3,,mlit-deflator-tsuki-2607,deftsuki2020（四半期別）!BE40,https://www.mlit.go.jp/statistics/details/content/deftsuki_2607.xlsx,PDL1.0,,2020年度基準(2020年度平均=100)。2026年4月分の公表から2020年度基準に改定(原本注)。ウエイト項目に営業余剰や間接税(消費税を含む)等を含めない(原本注)。原本の期間表示「2023年 7-9月」(暦年の四半期)。2023年度以降は建設投資のウエイトに2020〜2022年度の平均値を暫定的に使用(原本注)。注意(W2 の照合): 2020年4-6月期以降の四半期別シートの「地方道路公社等」から「S事務所・その他」までの33列は、月別シートの同じ系列の3か月平均と合わず、左隣の系列の3か月平均と合う。四半期別の値が1列右にずれている疑い。値は原本のまま
f61a3b155673584c,JP,index,建設工事費デフレーター（2020年度基準） 四半期別,電力,建設総合 > 土木総合 > その他土木 > 電力,index (2020年度平均 = 100),national,JP,日本,,,,114.2,,index_value,published_pdl,,,2023Q3,,mlit-deflator-tsuki-2607,deftsuki2020（四半期別）!BF40,https://www.mlit.go.jp/statistics/details/content/deftsuki_2607.xlsx,PDL1.0,,2020年度基準(2020年度平均=100)。2026年4月分の公表から2020年度基準に改定(原本注)。ウエイト項目に営業余剰や間接税(消費税を含む)等を含めない(原本注)。原本の期間表示「2023年 7-9月」(暦年の四半期)。2023年度以降は建設投資のウエイトに2020〜2022年度の平均値を暫定的に使用(原本注)。注意(W2 の照合): 2020年4-6月期以降の四半期別シートの「地方道路公社等」から「S事務所・その他」までの33列は、月別シートの同じ系列の3か月平均と合わず、左隣の系列の3か月平均と合う。四半期別の値が1列右にずれている疑い。値は原本のまま
845510436f983ab7,JP,index,建設工事費デフレーター（2020年度基準） 四半期別,電気通信,建設総合 > 土木総合 > その他土木 > 電気通信,index (2020年度平均 = 100),national,JP,日本,,,,112.4,,index_value,published_pdl,,,2023Q3,,mlit-deflator-tsuki-2607,deftsuki2020（四半期別）!BG40,https://www.mlit.go.jp/statistics/details/content/deftsuki_2607.xlsx,PDL1.0,,2020年度基準(2020年度平均=100)。2026年4月分の公表から2020年度基準に改定(原本注)。ウエイト項目に営業余剰や間接税(消費税を含む)等を含めない(原本注)。原本の期間表示「2023年 7-9月」(暦年の四半期)。2023年度以降は建設投資のウエイトに2020〜2022年度の平均値を暫定的に使用(原本注)。注意(W2 の照合): 2020年4-6月期以降の四半期別シートの「地方道路公社等」から「S事務所・その他」までの33列は、月別シートの同じ系列の3か月平均と合わず、左隣の系列の3か月平均と合う。四半期別の値が1列右にずれている疑い。値は原本のまま
3f41ac81bf958fe8,JP,index,建設工事費デフレーター（2020年度基準） 四半期別,上・工業用水道,建設総合 > 土木総合 > その他土木 > 上・工業用水道,index (2020年度平均 = 100),national,JP,日本,,,,109.7,,index_value,published_pdl,,,2023Q3,,mlit-deflator-tsuki-2607,deftsuki2020（四半期別）!BH40,https://www.mlit.go.jp/statistics/details/content/deftsuki_2607.xlsx,PDL1.0,,2020年度基準(2020年度平均=100)。2026年4月分の公表から2020年度基準に改定(原本注)。ウエイト項目に営業余剰や間接税(消費税を含む)等を含めない(原本注)。原本の期間表示「2023年 7-9月」(暦年の四半期)。2023年度以降は建設投資のウエイトに2020〜2022年度の平均値を暫定的に使用(原本注)。注意(W2 の照合): 2020年4-6月期以降の四半期別シートの「地方道路公社等」から「S事務所・その他」までの33列は、月別シートの同じ系列の3か月平均と合わず、左隣の系列の3か月平均と合う。四半期別の値が1列右にずれている疑い。値は原本のまま
43bf18709e7e4ce1,JP,index,建設工事費デフレーター（2020年度基準） 四半期別,土地造成,建設総合 > 土木総合 > その他土木 > 土地造成,index (2020年度平均 = 100),national,JP,日本,,,,112.5,,index_value,published_pdl,,,2023Q3,,mlit-deflator-tsuki-2607,deftsuki2020（四半期別）!BI40,https://www.mlit.go.jp/statistics/details/content/deftsuki_2607.xlsx,PDL1.0,,2020年度基準(2020年度平均=100)。2026年4月分の公表から2020年度基準に改定(原本注)。ウエイト項目に営業余剰や間接税(消費税を含む)等を含めない(原本注)。原本の期間表示「2023年 7-9月」(暦年の四半期)。2023年度以降は建設投資のウエイトに2020〜2022年度の平均値を暫定的に使用(原本注)。注意(W2 の照合): 2020年4-6月期以降の四半期別シートの「地方道路公社等」から「S事務所・その他」までの33列は、月別シートの同じ系列の3か月平均と合わず、左隣の系列の3か月平均と合う。四半期別の値が1列右にずれている疑い。値は原本のまま
eeb0f93ae133a08a,JP,index,建設工事費デフレーター（2020年度基準） 四半期別,その他土木,建設総合 > 土木総合 > その他土木 (原本の列 BJ。同じ表頭の列が2つある),index (2020年度平均 = 100),national,JP,日本,,,,110.6,,index_value,published_pdl,,,2023Q3,,mlit-deflator-tsuki-2607,deftsuki2020（四半期別）!BJ40,https://www.mlit.go.jp/statistics/details/content/deftsuki_2607.xlsx,PDL1.0,,2020年度基準(2020年度平均=100)。2026年4月分の公表から2020年度基準に改定(原本注)。ウエイト項目に営業余剰や間接税(消費税を含む)等を含めない(原本注)。原本の期間表示「2023年 7-9月」(暦年の四半期)。2023年度以降は建設投資のウエイトに2020〜2022年度の平均値を暫定的に使用(原本注)。注意(W2 の照合): 2020年4-6月期以降の四半期別シートの「地方道路公社等」から「S事務所・その他」までの33列は、月別シートの同じ系列の3か月平均と合わず、左隣の系列の3か月平均と合う。四半期別の値が1列右にずれている疑い。値は原本のまま
a70d7f9e4936f35d,JP,index,建設工事費デフレーター（2020年度基準） 四半期別,W在来住宅,W在来住宅,index (2020年度平均 = 100),national,JP,日本,,,,111.9,,index_value,published_pdl,,,2023Q3,,mlit-deflator-tsuki-2607,deftsuki2020（四半期別）!BK40,https://www.mlit.go.jp/statistics/details/content/deftsuki_2607.xlsx,PDL1.0,,2020年度基準(2020年度平均=100)。2026年4月分の公表から2020年度基準に改定(原本注)。ウエイト項目に営業余剰や間接税(消費税を含む)等を含めない(原本注)。原本の期間表示「2023年 7-9月」(暦年の四半期)。2023年度以降は建設投資のウエイトに2020〜2022年度の平均値を暫定的に使用(原本注)。注意(W2 の照合): 2020年4-6月期以降の四半期別シートの「地方道路公社等」から「S事務所・その他」までの33列は、月別シートの同じ系列の3か月平均と合わず、左隣の系列の3か月平均と合う。四半期別の値が1列右にずれている疑い。値は原本のまま
377bf0d65352525b,JP,index,建設工事費デフレーター（2020年度基準） 四半期別,W量産住宅,W量産住宅,index (2020年度平均 = 100),national,JP,日本,,,,114,,index_value,published_pdl,,,2023Q3,,mlit-deflator-tsuki-2607,deftsuki2020（四半期別）!BL40,https://www.mlit.go.jp/statistics/details/content/deftsuki_2607.xlsx,PDL1.0,,2020年度基準(2020年度平均=100)。2026年4月分の公表から2020年度基準に改定(原本注)。ウエイト項目に営業余剰や間接税(消費税を含む)等を含めない(原本注)。原本の期間表示「2023年 7-9月」(暦年の四半期)。2023年度以降は建設投資のウエイトに2020〜2022年度の平均値を暫定的に使用(原本注)。注意(W2 の照合): 2020年4-6月期以降の四半期別シートの「地方道路公社等」から「S事務所・その他」までの33列は、月別シートの同じ系列の3か月平均と合わず、左隣の系列の3か月平均と合う。四半期別の値が1列右にずれている疑い。値は原本のまま
a45a1d2ac4e9d9ef,JP,index,建設工事費デフレーター（2020年度基準） 四半期別,RC在来住宅,RC在来住宅,index (2020年度平均 = 100),national,JP,日本,,,,116.5,,index_value,published_pdl,,,2023Q3,,mlit-deflator-tsuki-2607,deftsuki2020（四半期別）!BM40,https://www.mlit.go.jp/statistics/details/content/deftsuki_2607.xlsx,PDL1.0,,2020年度基準(2020年度平均=100)。2026年4月分の公表から2020年度基準に改定(原本注)。ウエイト項目に営業余剰や間接税(消費税を含む)等を含めない(原本注)。原本の期間表示「2023年 7-9月」(暦年の四半期)。2023年度以降は建設投資のウエイトに2020〜2022年度の平均値を暫定的に使用(原本注)。注意(W2 の照合): 2020年4-6月期以降の四半期別シートの「地方道路公社等」から「S事務所・その他」までの33列は、月別シートの同じ系列の3か月平均と合わず、左隣の系列の3か月平均と合う。四半期別の値が1列右にずれている疑い。値は原本のまま
0ac1292c04510147,JP,index,建設工事費デフレーター（2020年度基準） 四半期別,RC量産住宅,RC量産住宅,index (2020年度平均 = 100),national,JP,日本,,,,113.3,,index_value,published_pdl,,,2023Q3,,mlit-deflator-tsuki-2607,deftsuki2020（四半期別）!BN40,https://www.mlit.go.jp/statistics/details/content/deftsuki_2607.xlsx,PDL1.0,,2020年度基準(2020年度平均=100)。2026年4月分の公表から2020年度基準に改定(原本注)。ウエイト項目に営業余剰や間接税(消費税を含む)等を含めない(原本注)。原本の期間表示「2023年 7-9月」(暦年の四半期)。2023年度以降は建設投資のウエイトに2020〜2022年度の平均値を暫定的に使用(原本注)。注意(W2 の照合): 2020年4-6月期以降の四半期別シートの「地方道路公社等」から「S事務所・その他」までの33列は、月別シートの同じ系列の3か月平均と合わず、左隣の系列の3か月平均と合う。四半期別の値が1列右にずれている疑い。値は原本のまま
be50cd20a6f6fba5,JP,index,建設工事費デフレーター（2020年度基準） 四半期別,S在来住宅,S在来住宅,index (2020年度平均 = 100),national,JP,日本,,,,113.8,,index_value,published_pdl,,,2023Q3,,mlit-deflator-tsuki-2607,deftsuki2020（四半期別）!BO40,https://www.mlit.go.jp/statistics/details/content/deftsuki_2607.xlsx,PDL1.0,,2020年度基準(2020年度平均=100)。2026年4月分の公表から2020年度基準に改定(原本注)。ウエイト項目に営業余剰や間接税(消費税を含む)等を含めない(原本注)。原本の期間表示「2023年 7-9月」(暦年の四半期)。2023年度以降は建設投資のウエイトに2020〜2022年度の平均値を暫定的に使用(原本注)。注意(W2 の照合): 2020年4-6月期以降の四半期別シートの「地方道路公社等」から「S事務所・その他」までの33列は、月別シートの同じ系列の3か月平均と合わず、左隣の系列の3か月平均と合う。四半期別の値が1列右にずれている疑い。値は原本のまま
63a4eeb7173237eb,JP,index,建設工事費デフレーター（2020年度基準） 四半期別,S量産住宅,S量産住宅,index (2020年度平均 = 100),national,JP,日本,,,,113.4,,index_value,published_pdl,,,2023Q3,,mlit-deflator-tsuki-2607,deftsuki2020（四半期別）!BP40,https://www.mlit.go.jp/statistics/details/content/deftsuki_2607.xlsx,PDL1.0,,2020年度基準(2020年度平均=100)。2026年4月分の公表から2020年度基準に改定(原本注)。ウエイト項目に営業余剰や間接税(消費税を含む)等を含めない(原本注)。原本の期間表示「2023年 7-9月」(暦年の四半期)。2023年度以降は建設投資のウエイトに2020〜2022年度の平均値を暫定的に使用(原本注)。注意(W2 の照合): 2020年4-6月期以降の四半期別シートの「地方道路公社等」から「S事務所・その他」までの33列は、月別シートの同じ系列の3か月平均と合わず、左隣の系列の3か月平均と合う。四半期別の値が1列右にずれている疑い。値は原本のまま
0c79556d3f744ef2,JP,index,建設工事費デフレーター（2020年度基準） 四半期別,W工場・倉庫,W工場・倉庫,index (2020年度平均 = 100),national,JP,日本,,,,117.9,,index_value,published_pdl,,,2023Q3,,mlit-deflator-tsuki-2607,deftsuki2020（四半期別）!BQ40,https://www.mlit.go.jp/statistics/details/content/deftsuki_2607.xlsx,PDL1.0,,2020年度基準(2020年度平均=100)。2026年4月分の公表から2020年度基準に改定(原本注)。ウエイト項目に営業余剰や間接税(消費税を含む)等を含めない(原本注)。原本の期間表示「2023年 7-9月」(暦年の四半期)。2023年度以降は建設投資のウエイトに2020〜2022年度の平均値を暫定的に使用(原本注)。注意(W2 の照合): 2020年4-6月期以降の四半期別シートの「地方道路公社等」から「S事務所・その他」までの33列は、月別シートの同じ系列の3か月平均と合わず、左隣の系列の3か月平均と合う。四半期別の値が1列右にずれている疑い。値は原本のまま
42641ec0bdad8791,JP,index,建設工事費デフレーター（2020年度基準） 四半期別,W事務所・その他,W事務所・その他,index (2020年度平均 = 100),national,JP,日本,,,,113.4,,index_value,published_pdl,,,2023Q3,,mlit-deflator-tsuki-2607,deftsuki2020（四半期別）!BR40,https://www.mlit.go.jp/statistics/details/content/deftsuki_2607.xlsx,PDL1.0,,2020年度基準(2020年度平均=100)。2026年4月分の公表から2020年度基準に改定(原本注)。ウエイト項目に営業余剰や間接税(消費税を含む)等を含めない(原本注)。原本の期間表示「2023年 7-9月」(暦年の四半期)。2023年度以降は建設投資のウエイトに2020〜2022年度の平均値を暫定的に使用(原本注)。注意(W2 の照合): 2020年4-6月期以降の四半期別シートの「地方道路公社等」から「S事務所・その他」までの33列は、月別シートの同じ系列の3か月平均と合わず、左隣の系列の3か月平均と合う。四半期別の値が1列右にずれている疑い。値は原本のまま
297620e0182e9a04,JP,index,建設工事費デフレーター（2020年度基準） 四半期別,SRC工場・倉庫,SRC工場・倉庫,index (2020年度平均 = 100),national,JP,日本,,,,112.8,,index_value,published_pdl,,,2023Q3,,mlit-deflator-tsuki-2607,deftsuki2020（四半期別）!BS40,https://www.mlit.go.jp/statistics/details/content/deftsuki_2607.xlsx,PDL1.0,,2020年度基準(2020年度平均=100)。2026年4月分の公表から2020年度基準に改定(原本注)。ウエイト項目に営業余剰や間接税(消費税を含む)等を含めない(原本注)。原本の期間表示「2023年 7-9月」(暦年の四半期)。2023年度以降は建設投資のウエイトに2020〜2022年度の平均値を暫定的に使用(原本注)。注意(W2 の照合): 2020年4-6月期以降の四半期別シートの「地方道路公社等」から「S事務所・その他」までの33列は、月別シートの同じ系列の3か月平均と合わず、左隣の系列の3か月平均と合う。四半期別の値が1列右にずれている疑い。値は原本のまま
7fbcacae43f905bb,JP,index,建設工事費デフレーター（2020年度基準） 四半期別,SRC事務所・その他,SRC事務所・その他,index (2020年度平均 = 100),national,JP,日本,,,,113.6,,index_value,published_pdl,,,2023Q3,,mlit-deflator-tsuki-2607,deftsuki2020（四半期別）!BT40,https://www.mlit.go.jp/statistics/details/content/deftsuki_2607.xlsx,PDL1.0,,2020年度基準(2020年度平均=100)。2026年4月分の公表から2020年度基準に改定(原本注)。ウエイト項目に営業余剰や間接税(消費税を含む)等を含めない(原本注)。原本の期間表示「2023年 7-9月」(暦年の四半期)。2023年度以降は建設投資のウエイトに2020〜2022年度の平均値を暫定的に使用(原本注)。注意(W2 の照合): 2020年4-6月期以降の四半期別シートの「地方道路公社等」から「S事務所・その他」までの33列は、月別シートの同じ系列の3か月平均と合わず、左隣の系列の3か月平均と合う。四半期別の値が1列右にずれている疑い。値は原本のまま
16c90bae3249afcc,JP,index,建設工事費デフレーター（2020年度基準） 四半期別,RC工場・倉庫,RC工場・倉庫,index (2020年度平均 = 100),national,JP,日本,,,,112,,index_value,published_pdl,,,2023Q3,,mlit-deflator-tsuki-2607,deftsuki2020（四半期別）!BU40,https://www.mlit.go.jp/statistics/details/content/deftsuki_2607.xlsx,PDL1.0,,2020年度基準(2020年度平均=100)。2026年4月分の公表から2020年度基準に改定(原本注)。ウエイト項目に営業余剰や間接税(消費税を含む)等を含めない(原本注)。原本の期間表示「2023年 7-9月」(暦年の四半期)。2023年度以降は建設投資のウエイトに2020〜2022年度の平均値を暫定的に使用(原本注)。注意(W2 の照合): 2020年4-6月期以降の四半期別シートの「地方道路公社等」から「S事務所・その他」までの33列は、月別シートの同じ系列の3か月平均と合わず、左隣の系列の3か月平均と合う。四半期別の値が1列右にずれている疑い。値は原本のまま
4b4cd6251cb59501,JP,index,建設工事費デフレーター（2020年度基準） 四半期別,RC学校,RC学校,index (2020年度平均 = 100),national,JP,日本,,,,113.3,,index_value,published_pdl,,,2023Q3,,mlit-deflator-tsuki-2607,deftsuki2020（四半期別）!BV40,https://www.mlit.go.jp/statistics/details/content/deftsuki_2607.xlsx,PDL1.0,,2020年度基準(2020年度平均=100)。2026年4月分の公表から2020年度基準に改定(原本注)。ウエイト項目に営業余剰や間接税(消費税を含む)等を含めない(原本注)。原本の期間表示「2023年 7-9月」(暦年の四半期)。2023年度以降は建設投資のウエイトに2020〜2022年度の平均値を暫定的に使用(原本注)。注意(W2 の照合): 2020年4-6月期以降の四半期別シートの「地方道路公社等」から「S事務所・その他」までの33列は、月別シートの同じ系列の3か月平均と合わず、左隣の系列の3か月平均と合う。四半期別の値が1列右にずれている疑い。値は原本のまま
ef6388d42cc50248,JP,index,建設工事費デフレーター（2020年度基準） 四半期別,RC事務所・その他,RC事務所・その他,index (2020年度平均 = 100),national,JP,日本,,,,112.4,,index_value,published_pdl,,,2023Q3,,mlit-deflator-tsuki-2607,deftsuki2020（四半期別）!BW40,https://www.mlit.go.jp/statistics/details/content/deftsuki_2607.xlsx,PDL1.0,,2020年度基準(2020年度平均=100)。2026年4月分の公表から2020年度基準に改定(原本注)。ウエイト項目に営業余剰や間接税(消費税を含む)等を含めない(原本注)。原本の期間表示「2023年 7-9月」(暦年の四半期)。2023年度以降は建設投資のウエイトに2020〜2022年度の平均値を暫定的に使用(原本注)。注意(W2 の照合): 2020年4-6月期以降の四半期別シートの「地方道路公社等」から「S事務所・その他」までの33列は、月別シートの同じ系列の3か月平均と合わず、左隣の系列の3か月平均と合う。四半期別の値が1列右にずれている疑い。値は原本のまま
884328c68f465cae,JP,index,建設工事費デフレーター（2020年度基準） 四半期別,S工場・倉庫,S工場・倉庫,index (2020年度平均 = 100),national,JP,日本,,,,112.6,,index_value,published_pdl,,,2023Q3,,mlit-deflator-tsuki-2607,deftsuki2020（四半期別）!BX40,https://www.mlit.go.jp/statistics/details/content/deftsuki_2607.xlsx,PDL1.0,,2020年度基準(2020年度平均=100)。2026年4月分の公表から2020年度基準に改定(原本注)。ウエイト項目に営業余剰や間接税(消費税を含む)等を含めない(原本注)。原本の期間表示「2023年 7-9月」(暦年の四半期)。2023年度以降は建設投資のウエイトに2020〜2022年度の平均値を暫定的に使用(原本注)。注意(W2 の照合): 2020年4-6月期以降の四半期別シートの「地方道路公社等」から「S事務所・その他」までの33列は、月別シートの同じ系列の3か月平均と合わず、左隣の系列の3か月平均と合う。四半期別の値が1列右にずれている疑い。値は原本のまま
3ff7b9d3c0a738dc,JP,index,建設工事費デフレーター（2020年度基準） 四半期別,S事務所・その他,S事務所・その他,index (2020年度平均 = 100),national,JP,日本,,,,113.4,,index_value,published_pdl,,,2023Q3,,mlit-deflator-tsuki-2607,deftsuki2020（四半期別）!BY40,https://www.mlit.go.jp/statistics/details/content/deftsuki_2607.xlsx,PDL1.0,,2020年度基準(2020年度平均=100)。2026年4月分の公表から2020年度基準に改定(原本注)。ウエイト項目に営業余剰や間接税(消費税を含む)等を含めない(原本注)。原本の期間表示「2023年 7-9月」(暦年の四半期)。2023年度以降は建設投資のウエイトに2020〜2022年度の平均値を暫定的に使用(原本注)。注意(W2 の照合): 2020年4-6月期以降の四半期別シートの「地方道路公社等」から「S事務所・その他」までの33列は、月別シートの同じ系列の3か月平均と合わず、左隣の系列の3か月平均と合う。四半期別の値が1列右にずれている疑い。値は原本のまま
e3fadc3b504747ea,JP,index,建設工事費デフレーター（2020年度基準） 四半期別,地方道路公社等,建設総合 > 土木総合 > 公共事業 > 土木1（除く災害復旧） > 道路総合 > 有料道路 > 地方道路公社等,index (2020年度平均 = 100),national,JP,日本,,,,112.9,,index_value,published_pdl,,,2023Q4,,mlit-deflator-tsuki-2607,deftsuki2020（四半期別）!AS41,https://www.mlit.go.jp/statistics/details/content/deftsuki_2607.xlsx,PDL1.0,,2020年度基準(2020年度平均=100)。2026年4月分の公表から2020年度基準に改定(原本注)。ウエイト項目に営業余剰や間接税(消費税を含む)等を含めない(原本注)。原本の期間表示「2023年 10-12月」(暦年の四半期)。2023年度以降は建設投資のウエイトに2020〜2022年度の平均値を暫定的に使用(原本注)。注意(W2 の照合): 2020年4-6月期以降の四半期別シートの「地方道路公社等」から「S事務所・その他」までの33列は、月別シートの同じ系列の3か月平均と合わず、左隣の系列の3か月平均と合う。四半期別の値が1列右にずれている疑い。値は原本のまま
5818e05c8091dc44,JP,index,建設工事費デフレーター（2020年度基準） 四半期別,道路2（再掲）,建設総合 > 土木総合 > 公共事業 > 土木1（除く災害復旧） > 道路2（再掲）,index (2020年度平均 = 100),national,JP,日本,,,,113.1,,index_value,published_pdl,,,2023Q4,,mlit-deflator-tsuki-2607,deftsuki2020（四半期別）!AT41,https://www.mlit.go.jp/statistics/details/content/deftsuki_2607.xlsx,PDL1.0,,2020年度基準(2020年度平均=100)。2026年4月分の公表から2020年度基準に改定(原本注)。ウエイト項目に営業余剰や間接税(消費税を含む)等を含めない(原本注)。原本の期間表示「2023年 10-12月」(暦年の四半期)。2023年度以降は建設投資のウエイトに2020〜2022年度の平均値を暫定的に使用(原本注)。注意(W2 の照合): 2020年4-6月期以降の四半期別シートの「地方道路公社等」から「S事務所・その他」までの33列は、月別シートの同じ系列の3か月平均と合わず、左隣の系列の3か月平均と合う。四半期別の値が1列右にずれている疑い。値は原本のまま
64ad60624c959f10,JP,index,建設工事費デフレーター（2020年度基準） 四半期別,街路2（再掲）,建設総合 > 土木総合 > 公共事業 > 土木1（除く災害復旧） > 街路2（再掲）,index (2020年度平均 = 100),national,JP,日本,,,,113.3,,index_value,published_pdl,,,2023Q4,,mlit-deflator-tsuki-2607,deftsuki2020（四半期別）!AU41,https://www.mlit.go.jp/statistics/details/content/deftsuki_2607.xlsx,PDL1.0,,2020年度基準(2020年度平均=100)。2026年4月分の公表から2020年度基準に改定(原本注)。ウエイト項目に営業余剰や間接税(消費税を含む)等を含めない(原本注)。原本の期間表示「2023年 10-12月」(暦年の四半期)。2023年度以降は建設投資のウエイトに2020〜2022年度の平均値を暫定的に使用(原本注)。注意(W2 の照合): 2020年4-6月期以降の四半期別シートの「地方道路公社等」から「S事務所・その他」までの33列は、月別シートの同じ系列の3か月平均と合わず、左隣の系列の3か月平均と合う。四半期別の値が1列右にずれている疑い。値は原本のまま
6cc3e96fdebc296c,JP,index,建設工事費デフレーター（2020年度基準） 四半期別,公園,建設総合 > 土木総合 > 公共事業 > 土木1（除く災害復旧） > 公園,index (2020年度平均 = 100),national,JP,日本,,,,113.3,,index_value,published_pdl,,,2023Q4,,mlit-deflator-tsuki-2607,deftsuki2020（四半期別）!AV41,https://www.mlit.go.jp/statistics/details/content/deftsuki_2607.xlsx,PDL1.0,,2020年度基準(2020年度平均=100)。2026年4月分の公表から2020年度基準に改定(原本注)。ウエイト項目に営業余剰や間接税(消費税を含む)等を含めない(原本注)。原本の期間表示「2023年 10-12月」(暦年の四半期)。2023年度以降は建設投資のウエイトに2020〜2022年度の平均値を暫定的に使用(原本注)。注意(W2 の照合): 2020年4-6月期以降の四半期別シートの「地方道路公社等」から「S事務所・その他」までの33列は、月別シートの同じ系列の3か月平均と合わず、左隣の系列の3か月平均と合う。四半期別の値が1列右にずれている疑い。値は原本のまま
3e329112c7ade113,JP,index,建設工事費デフレーター（2020年度基準） 四半期別,下水道,建設総合 > 土木総合 > 公共事業 > 土木1（除く災害復旧） > 下水道,index (2020年度平均 = 100),national,JP,日本,,,,111.1,,index_value,published_pdl,,,2023Q4,,mlit-deflator-tsuki-2607,deftsuki2020（四半期別）!AW41,https://www.mlit.go.jp/statistics/details/content/deftsuki_2607.xlsx,PDL1.0,,2020年度基準(2020年度平均=100)。2026年4月分の公表から2020年度基準に改定(原本注)。ウエイト項目に営業余剰や間接税(消費税を含む)等を含めない(原本注)。原本の期間表示「2023年 10-12月」(暦年の四半期)。2023年度以降は建設投資のウエイトに2020〜2022年度の平均値を暫定的に使用(原本注)。注意(W2 の照合): 2020年4-6月期以降の四半期別シートの「地方道路公社等」から「S事務所・その他」までの33列は、月別シートの同じ系列の3か月平均と合わず、左隣の系列の3か月平均と合う。四半期別の値が1列右にずれている疑い。値は原本のまま
d1c6573799dabd57,JP,index,建設工事費デフレーター（2020年度基準） 四半期別,災害復旧,建設総合 > 土木総合 > 公共事業 > 土木1（除く災害復旧） > 災害復旧,index (2020年度平均 = 100),national,JP,日本,,,,112.6,,index_value,published_pdl,,,2023Q4,,mlit-deflator-tsuki-2607,deftsuki2020（四半期別）!AX41,https://www.mlit.go.jp/statistics/details/content/deftsuki_2607.xlsx,PDL1.0,,2020年度基準(2020年度平均=100)。2026年4月分の公表から2020年度基準に改定(原本注)。ウエイト項目に営業余剰や間接税(消費税を含む)等を含めない(原本注)。原本の期間表示「2023年 10-12月」(暦年の四半期)。2023年度以降は建設投資のウエイトに2020〜2022年度の平均値を暫定的に使用(原本注)。注意(W2 の照合): 2020年4-6月期以降の四半期別シートの「地方道路公社等」から「S事務所・その他」までの33列は、月別シートの同じ系列の3か月平均と合わず、左隣の系列の3か月平均と合う。四半期別の値が1列右にずれている疑い。値は原本のまま
5a21d850534dfb35,JP,index,建設工事費デフレーター（2020年度基準） 四半期別,土木2,建設総合 > 土木総合 > 公共事業 > 土木2,index (2020年度平均 = 100),national,JP,日本,,,,111.7,,index_value,published_pdl,,,2023Q4,,mlit-deflator-tsuki-2607,deftsuki2020（四半期別）!AY41,https://www.mlit.go.jp/statistics/details/content/deftsuki_2607.xlsx,PDL1.0,,2020年度基準(2020年度平均=100)。2026年4月分の公表から2020年度基準に改定(原本注)。ウエイト項目に営業余剰や間接税(消費税を含む)等を含めない(原本注)。原本の期間表示「2023年 10-12月」(暦年の四半期)。2023年度以降は建設投資のウエイトに2020〜2022年度の平均値を暫定的に使用(原本注)。注意(W2 の照合): 2020年4-6月期以降の四半期別シートの「地方道路公社等」から「S事務所・その他」までの33列は、月別シートの同じ系列の3か月平均と合わず、左隣の系列の3か月平均と合う。四半期別の値が1列右にずれている疑い。値は原本のまま
f2b5690791a92f21,JP,index,建設工事費デフレーター（2020年度基準） 四半期別,港湾・漁港,建設総合 > 土木総合 > 公共事業 > 土木2 > 港湾・漁港,index (2020年度平均 = 100),national,JP,日本,,,,112.9,,index_value,published_pdl,,,2023Q4,,mlit-deflator-tsuki-2607,deftsuki2020（四半期別）!AZ41,https://www.mlit.go.jp/statistics/details/content/deftsuki_2607.xlsx,PDL1.0,,2020年度基準(2020年度平均=100)。2026年4月分の公表から2020年度基準に改定(原本注)。ウエイト項目に営業余剰や間接税(消費税を含む)等を含めない(原本注)。原本の期間表示「2023年 10-12月」(暦年の四半期)。2023年度以降は建設投資のウエイトに2020〜2022年度の平均値を暫定的に使用(原本注)。注意(W2 の照合): 2020年4-6月期以降の四半期別シートの「地方道路公社等」から「S事務所・その他」までの33列は、月別シートの同じ系列の3か月平均と合わず、左隣の系列の3か月平均と合う。四半期別の値が1列右にずれている疑い。値は原本のまま
cef9945d647f194a,JP,index,建設工事費デフレーター（2020年度基準） 四半期別,空港,建設総合 > 土木総合 > 公共事業 > 土木2 > 空港,index (2020年度平均 = 100),national,JP,日本,,,,113.1,,index_value,published_pdl,,,2023Q4,,mlit-deflator-tsuki-2607,deftsuki2020（四半期別）!BA41,https://www.mlit.go.jp/statistics/details/content/deftsuki_2607.xlsx,PDL1.0,,2020年度基準(2020年度平均=100)。2026年4月分の公表から2020年度基準に改定(原本注)。ウエイト項目に営業余剰や間接税(消費税を含む)等を含めない(原本注)。原本の期間表示「2023年 10-12月」(暦年の四半期)。2023年度以降は建設投資のウエイトに2020〜2022年度の平均値を暫定的に使用(原本注)。注意(W2 の照合): 2020年4-6月期以降の四半期別シートの「地方道路公社等」から「S事務所・その他」までの33列は、月別シートの同じ系列の3か月平均と合わず、左隣の系列の3か月平均と合う。四半期別の値が1列右にずれている疑い。値は原本のまま
05f7bdb544fe41bc,JP,index,建設工事費デフレーター（2020年度基準） 四半期別,環境衛生,建設総合 > 土木総合 > 公共事業 > 土木2 > 環境衛生,index (2020年度平均 = 100),national,JP,日本,,,,108.4,,index_value,published_pdl,,,2023Q4,,mlit-deflator-tsuki-2607,deftsuki2020（四半期別）!BB41,https://www.mlit.go.jp/statistics/details/content/deftsuki_2607.xlsx,PDL1.0,,2020年度基準(2020年度平均=100)。2026年4月分の公表から2020年度基準に改定(原本注)。ウエイト項目に営業余剰や間接税(消費税を含む)等を含めない(原本注)。原本の期間表示「2023年 10-12月」(暦年の四半期)。2023年度以降は建設投資のウエイトに2020〜2022年度の平均値を暫定的に使用(原本注)。注意(W2 の照合): 2020年4-6月期以降の四半期別シートの「地方道路公社等」から「S事務所・その他」までの33列は、月別シートの同じ系列の3か月平均と合わず、左隣の系列の3か月平均と合う。四半期別の値が1列右にずれている疑い。値は原本のまま
8e1fffc90a4ea786,JP,index,建設工事費デフレーター（2020年度基準） 四半期別,農林関係公共事業,建設総合 > 土木総合 > 公共事業 > 土木2 > 農林関係公共事業,index (2020年度平均 = 100),national,JP,日本,,,,113.7,,index_value,published_pdl,,,2023Q4,,mlit-deflator-tsuki-2607,deftsuki2020（四半期別）!BC41,https://www.mlit.go.jp/statistics/details/content/deftsuki_2607.xlsx,PDL1.0,,2020年度基準(2020年度平均=100)。2026年4月分の公表から2020年度基準に改定(原本注)。ウエイト項目に営業余剰や間接税(消費税を含む)等を含めない(原本注)。原本の期間表示「2023年 10-12月」(暦年の四半期)。2023年度以降は建設投資のウエイトに2020〜2022年度の平均値を暫定的に使用(原本注)。注意(W2 の照合): 2020年4-6月期以降の四半期別シートの「地方道路公社等」から「S事務所・その他」までの33列は、月別シートの同じ系列の3か月平均と合わず、左隣の系列の3か月平均と合う。四半期別の値が1列右にずれている疑い。値は原本のまま
abe50142f469c0c8,JP,index,建設工事費デフレーター（2020年度基準） 四半期別,その他土木,建設総合 > 土木総合 > その他土木 (原本の列 BD。同じ表頭の列が2つある),index (2020年度平均 = 100),national,JP,日本,,,,113.2,,index_value,published_pdl,,,2023Q4,,mlit-deflator-tsuki-2607,deftsuki2020（四半期別）!BD41,https://www.mlit.go.jp/statistics/details/content/deftsuki_2607.xlsx,PDL1.0,,2020年度基準(2020年度平均=100)。2026年4月分の公表から2020年度基準に改定(原本注)。ウエイト項目に営業余剰や間接税(消費税を含む)等を含めない(原本注)。原本の期間表示「2023年 10-12月」(暦年の四半期)。2023年度以降は建設投資のウエイトに2020〜2022年度の平均値を暫定的に使用(原本注)。注意(W2 の照合): 2020年4-6月期以降の四半期別シートの「地方道路公社等」から「S事務所・その他」までの33列は、月別シートの同じ系列の3か月平均と合わず、左隣の系列の3か月平均と合う。四半期別の値が1列右にずれている疑い。値は原本のまま
de125e694e2ddf24,JP,index,建設工事費デフレーター（2020年度基準） 四半期別,鉄道軌道,建設総合 > 土木総合 > その他土木 > 鉄道軌道,index (2020年度平均 = 100),national,JP,日本,,,,113.2,,index_value,published_pdl,,,2023Q4,,mlit-deflator-tsuki-2607,deftsuki2020（四半期別）!BE41,https://www.mlit.go.jp/statistics/details/content/deftsuki_2607.xlsx,PDL1.0,,2020年度基準(2020年度平均=100)。2026年4月分の公表から2020年度基準に改定(原本注)。ウエイト項目に営業余剰や間接税(消費税を含む)等を含めない(原本注)。原本の期間表示「2023年 10-12月」(暦年の四半期)。2023年度以降は建設投資のウエイトに2020〜2022年度の平均値を暫定的に使用(原本注)。注意(W2 の照合): 2020年4-6月期以降の四半期別シートの「地方道路公社等」から「S事務所・その他」までの33列は、月別シートの同じ系列の3か月平均と合わず、左隣の系列の3か月平均と合う。四半期別の値が1列右にずれている疑い。値は原本のまま
69632c6b0cc43993,JP,index,建設工事費デフレーター（2020年度基準） 四半期別,電力,建設総合 > 土木総合 > その他土木 > 電力,index (2020年度平均 = 100),national,JP,日本,,,,114.9,,index_value,published_pdl,,,2023Q4,,mlit-deflator-tsuki-2607,deftsuki2020（四半期別）!BF41,https://www.mlit.go.jp/statistics/details/content/deftsuki_2607.xlsx,PDL1.0,,2020年度基準(2020年度平均=100)。2026年4月分の公表から2020年度基準に改定(原本注)。ウエイト項目に営業余剰や間接税(消費税を含む)等を含めない(原本注)。原本の期間表示「2023年 10-12月」(暦年の四半期)。2023年度以降は建設投資のウエイトに2020〜2022年度の平均値を暫定的に使用(原本注)。注意(W2 の照合): 2020年4-6月期以降の四半期別シートの「地方道路公社等」から「S事務所・その他」までの33列は、月別シートの同じ系列の3か月平均と合わず、左隣の系列の3か月平均と合う。四半期別の値が1列右にずれている疑い。値は原本のまま
12f4b0eaadcfda9a,JP,index,建設工事費デフレーター（2020年度基準） 四半期別,電気通信,建設総合 > 土木総合 > その他土木 > 電気通信,index (2020年度平均 = 100),national,JP,日本,,,,113.2,,index_value,published_pdl,,,2023Q4,,mlit-deflator-tsuki-2607,deftsuki2020（四半期別）!BG41,https://www.mlit.go.jp/statistics/details/content/deftsuki_2607.xlsx,PDL1.0,,2020年度基準(2020年度平均=100)。2026年4月分の公表から2020年度基準に改定(原本注)。ウエイト項目に営業余剰や間接税(消費税を含む)等を含めない(原本注)。原本の期間表示「2023年 10-12月」(暦年の四半期)。2023年度以降は建設投資のウエイトに2020〜2022年度の平均値を暫定的に使用(原本注)。注意(W2 の照合): 2020年4-6月期以降の四半期別シートの「地方道路公社等」から「S事務所・その他」までの33列は、月別シートの同じ系列の3か月平均と合わず、左隣の系列の3か月平均と合う。四半期別の値が1列右にずれている疑い。値は原本のまま
d0bcb1d7e5016a9f,JP,index,建設工事費デフレーター（2020年度基準） 四半期別,上・工業用水道,建設総合 > 土木総合 > その他土木 > 上・工業用水道,index (2020年度平均 = 100),national,JP,日本,,,,110.7,,index_value,published_pdl,,,2023Q4,,mlit-deflator-tsuki-2607,deftsuki2020（四半期別）!BH41,https://www.mlit.go.jp/statistics/details/content/deftsuki_2607.xlsx,PDL1.0,,2020年度基準(2020年度平均=100)。2026年4月分の公表から2020年度基準に改定(原本注)。ウエイト項目に営業余剰や間接税(消費税を含む)等を含めない(原本注)。原本の期間表示「2023年 10-12月」(暦年の四半期)。2023年度以降は建設投資のウエイトに2020〜2022年度の平均値を暫定的に使用(原本注)。注意(W2 の照合): 2020年4-6月期以降の四半期別シートの「地方道路公社等」から「S事務所・その他」までの33列は、月別シートの同じ系列の3か月平均と合わず、左隣の系列の3か月平均と合う。四半期別の値が1列右にずれている疑い。値は原本のまま
75e61facac458237,JP,index,建設工事費デフレーター（2020年度基準） 四半期別,土地造成,建設総合 > 土木総合 > その他土木 > 土地造成,index (2020年度平均 = 100),national,JP,日本,,,,113.3,,index_value,published_pdl,,,2023Q4,,mlit-deflator-tsuki-2607,deftsuki2020（四半期別）!BI41,https://www.mlit.go.jp/statistics/details/content/deftsuki_2607.xlsx,PDL1.0,,2020年度基準(2020年度平均=100)。2026年4月分の公表から2020年度基準に改定(原本注)。ウエイト項目に営業余剰や間接税(消費税を含む)等を含めない(原本注)。原本の期間表示「2023年 10-12月」(暦年の四半期)。2023年度以降は建設投資のウエイトに2020〜2022年度の平均値を暫定的に使用(原本注)。注意(W2 の照合): 2020年4-6月期以降の四半期別シートの「地方道路公社等」から「S事務所・その他」までの33列は、月別シートの同じ系列の3か月平均と合わず、左隣の系列の3か月平均と合う。四半期別の値が1列右にずれている疑い。値は原本のまま
0eebcab9c2ed0008,JP,index,建設工事費デフレーター（2020年度基準） 四半期別,その他土木,建設総合 > 土木総合 > その他土木 (原本の列 BJ。同じ表頭の列が2つある),index (2020年度平均 = 100),national,JP,日本,,,,111.4,,index_value,published_pdl,,,2023Q4,,mlit-deflator-tsuki-2607,deftsuki2020（四半期別）!BJ41,https://www.mlit.go.jp/statistics/details/content/deftsuki_2607.xlsx,PDL1.0,,2020年度基準(2020年度平均=100)。2026年4月分の公表から2020年度基準に改定(原本注)。ウエイト項目に営業余剰や間接税(消費税を含む)等を含めない(原本注)。原本の期間表示「2023年 10-12月」(暦年の四半期)。2023年度以降は建設投資のウエイトに2020〜2022年度の平均値を暫定的に使用(原本注)。注意(W2 の照合): 2020年4-6月期以降の四半期別シートの「地方道路公社等」から「S事務所・その他」までの33列は、月別シートの同じ系列の3か月平均と合わず、左隣の系列の3か月平均と合う。四半期別の値が1列右にずれている疑い。値は原本のまま
d81d63a68a35b78a,JP,index,建設工事費デフレーター（2020年度基準） 四半期別,W在来住宅,W在来住宅,index (2020年度平均 = 100),national,JP,日本,,,,112.7,,index_value,published_pdl,,,2023Q4,,mlit-deflator-tsuki-2607,deftsuki2020（四半期別）!BK41,https://www.mlit.go.jp/statistics/details/content/deftsuki_2607.xlsx,PDL1.0,,2020年度基準(2020年度平均=100)。2026年4月分の公表から2020年度基準に改定(原本注)。ウエイト項目に営業余剰や間接税(消費税を含む)等を含めない(原本注)。原本の期間表示「2023年 10-12月」(暦年の四半期)。2023年度以降は建設投資のウエイトに2020〜2022年度の平均値を暫定的に使用(原本注)。注意(W2 の照合): 2020年4-6月期以降の四半期別シートの「地方道路公社等」から「S事務所・その他」までの33列は、月別シートの同じ系列の3か月平均と合わず、左隣の系列の3か月平均と合う。四半期別の値が1列右にずれている疑い。値は原本のまま
f9fb47687ebeef91,JP,index,建設工事費デフレーター（2020年度基準） 四半期別,W量産住宅,W量産住宅,index (2020年度平均 = 100),national,JP,日本,,,,114.9,,index_value,published_pdl,,,2023Q4,,mlit-deflator-tsuki-2607,deftsuki2020（四半期別）!BL41,https://www.mlit.go.jp/statistics/details/content/deftsuki_2607.xlsx,PDL1.0,,2020年度基準(2020年度平均=100)。2026年4月分の公表から2020年度基準に改定(原本注)。ウエイト項目に営業余剰や間接税(消費税を含む)等を含めない(原本注)。原本の期間表示「2023年 10-12月」(暦年の四半期)。2023年度以降は建設投資のウエイトに2020〜2022年度の平均値を暫定的に使用(原本注)。注意(W2 の照合): 2020年4-6月期以降の四半期別シートの「地方道路公社等」から「S事務所・その他」までの33列は、月別シートの同じ系列の3か月平均と合わず、左隣の系列の3か月平均と合う。四半期別の値が1列右にずれている疑い。値は原本のまま
9074fc2fe63fdcb8,JP,index,建設工事費デフレーター（2020年度基準） 四半期別,RC在来住宅,RC在来住宅,index (2020年度平均 = 100),national,JP,日本,,,,117.5,,index_value,published_pdl,,,2023Q4,,mlit-deflator-tsuki-2607,deftsuki2020（四半期別）!BM41,https://www.mlit.go.jp/statistics/details/content/deftsuki_2607.xlsx,PDL1.0,,2020年度基準(2020年度平均=100)。2026年4月分の公表から2020年度基準に改定(原本注)。ウエイト項目に営業余剰や間接税(消費税を含む)等を含めない(原本注)。原本の期間表示「2023年 10-12月」(暦年の四半期)。2023年度以降は建設投資のウエイトに2020〜2022年度の平均値を暫定的に使用(原本注)。注意(W2 の照合): 2020年4-6月期以降の四半期別シートの「地方道路公社等」から「S事務所・その他」までの33列は、月別シートの同じ系列の3か月平均と合わず、左隣の系列の3か月平均と合う。四半期別の値が1列右にずれている疑い。値は原本のまま
8bcd345b82b6c68b,JP,index,建設工事費デフレーター（2020年度基準） 四半期別,RC量産住宅,RC量産住宅,index (2020年度平均 = 100),national,JP,日本,,,,114.1,,index_value,published_pdl,,,2023Q4,,mlit-deflator-tsuki-2607,deftsuki2020（四半期別）!BN41,https://www.mlit.go.jp/statistics/details/content/deftsuki_2607.xlsx,PDL1.0,,2020年度基準(2020年度平均=100)。2026年4月分の公表から2020年度基準に改定(原本注)。ウエイト項目に営業余剰や間接税(消費税を含む)等を含めない(原本注)。原本の期間表示「2023年 10-12月」(暦年の四半期)。2023年度以降は建設投資のウエイトに2020〜2022年度の平均値を暫定的に使用(原本注)。注意(W2 の照合): 2020年4-6月期以降の四半期別シートの「地方道路公社等」から「S事務所・その他」までの33列は、月別シートの同じ系列の3か月平均と合わず、左隣の系列の3か月平均と合う。四半期別の値が1列右にずれている疑い。値は原本のまま
54fd3e3c498ff89f,JP,index,建設工事費デフレーター（2020年度基準） 四半期別,S在来住宅,S在来住宅,index (2020年度平均 = 100),national,JP,日本,,,,114.9,,index_value,published_pdl,,,2023Q4,,mlit-deflator-tsuki-2607,deftsuki2020（四半期別）!BO41,https://www.mlit.go.jp/statistics/details/content/deftsuki_2607.xlsx,PDL1.0,,2020年度基準(2020年度平均=100)。2026年4月分の公表から2020年度基準に改定(原本注)。ウエイト項目に営業余剰や間接税(消費税を含む)等を含めない(原本注)。原本の期間表示「2023年 10-12月」(暦年の四半期)。2023年度以降は建設投資のウエイトに2020〜2022年度の平均値を暫定的に使用(原本注)。注意(W2 の照合): 2020年4-6月期以降の四半期別シートの「地方道路公社等」から「S事務所・その他」までの33列は、月別シートの同じ系列の3か月平均と合わず、左隣の系列の3か月平均と合う。四半期別の値が1列右にずれている疑い。値は原本のまま
f6108afff9db8800,JP,index,建設工事費デフレーター（2020年度基準） 四半期別,S量産住宅,S量産住宅,index (2020年度平均 = 100),national,JP,日本,,,,114.1,,index_value,published_pdl,,,2023Q4,,mlit-deflator-tsuki-2607,deftsuki2020（四半期別）!BP41,https://www.mlit.go.jp/statistics/details/content/deftsuki_2607.xlsx,PDL1.0,,2020年度基準(2020年度平均=100)。2026年4月分の公表から2020年度基準に改定(原本注)。ウエイト項目に営業余剰や間接税(消費税を含む)等を含めない(原本注)。原本の期間表示「2023年 10-12月」(暦年の四半期)。2023年度以降は建設投資のウエイトに2020〜2022年度の平均値を暫定的に使用(原本注)。注意(W2 の照合): 2020年4-6月期以降の四半期別シートの「地方道路公社等」から「S事務所・その他」までの33列は、月別シートの同じ系列の3か月平均と合わず、左隣の系列の3か月平均と合う。四半期別の値が1列右にずれている疑い。値は原本のまま
8d97b9749ef4babc,JP,index,建設工事費デフレーター（2020年度基準） 四半期別,W工場・倉庫,W工場・倉庫,index (2020年度平均 = 100),national,JP,日本,,,,118.5,,index_value,published_pdl,,,2023Q4,,mlit-deflator-tsuki-2607,deftsuki2020（四半期別）!BQ41,https://www.mlit.go.jp/statistics/details/content/deftsuki_2607.xlsx,PDL1.0,,2020年度基準(2020年度平均=100)。2026年4月分の公表から2020年度基準に改定(原本注)。ウエイト項目に営業余剰や間接税(消費税を含む)等を含めない(原本注)。原本の期間表示「2023年 10-12月」(暦年の四半期)。2023年度以降は建設投資のウエイトに2020〜2022年度の平均値を暫定的に使用(原本注)。注意(W2 の照合): 2020年4-6月期以降の四半期別シートの「地方道路公社等」から「S事務所・その他」までの33列は、月別シートの同じ系列の3か月平均と合わず、左隣の系列の3か月平均と合う。四半期別の値が1列右にずれている疑い。値は原本のまま
819cf9e42c8d927a,JP,index,建設工事費デフレーター（2020年度基準） 四半期別,W事務所・その他,W事務所・その他,index (2020年度平均 = 100),national,JP,日本,,,,114.3,,index_value,published_pdl,,,2023Q4,,mlit-deflator-tsuki-2607,deftsuki2020（四半期別）!BR41,https://www.mlit.go.jp/statistics/details/content/deftsuki_2607.xlsx,PDL1.0,,2020年度基準(2020年度平均=100)。2026年4月分の公表から2020年度基準に改定(原本注)。ウエイト項目に営業余剰や間接税(消費税を含む)等を含めない(原本注)。原本の期間表示「2023年 10-12月」(暦年の四半期)。2023年度以降は建設投資のウエイトに2020〜2022年度の平均値を暫定的に使用(原本注)。注意(W2 の照合): 2020年4-6月期以降の四半期別シートの「地方道路公社等」から「S事務所・その他」までの33列は、月別シートの同じ系列の3か月平均と合わず、左隣の系列の3か月平均と合う。四半期別の値が1列右にずれている疑い。値は原本のまま
b37102c5e890645e,JP,index,建設工事費デフレーター（2020年度基準） 四半期別,SRC工場・倉庫,SRC工場・倉庫,index (2020年度平均 = 100),national,JP,日本,,,,113.8,,index_value,published_pdl,,,2023Q4,,mlit-deflator-tsuki-2607,deftsuki2020（四半期別）!BS41,https://www.mlit.go.jp/statistics/details/content/deftsuki_2607.xlsx,PDL1.0,,2020年度基準(2020年度平均=100)。2026年4月分の公表から2020年度基準に改定(原本注)。ウエイト項目に営業余剰や間接税(消費税を含む)等を含めない(原本注)。原本の期間表示「2023年 10-12月」(暦年の四半期)。2023年度以降は建設投資のウエイトに2020〜2022年度の平均値を暫定的に使用(原本注)。注意(W2 の照合): 2020年4-6月期以降の四半期別シートの「地方道路公社等」から「S事務所・その他」までの33列は、月別シートの同じ系列の3か月平均と合わず、左隣の系列の3か月平均と合う。四半期別の値が1列右にずれている疑い。値は原本のまま
f36bda713694b818,JP,index,建設工事費デフレーター（2020年度基準） 四半期別,SRC事務所・その他,SRC事務所・その他,index (2020年度平均 = 100),national,JP,日本,,,,114.5,,index_value,published_pdl,,,2023Q4,,mlit-deflator-tsuki-2607,deftsuki2020（四半期別）!BT41,https://www.mlit.go.jp/statistics/details/content/deftsuki_2607.xlsx,PDL1.0,,2020年度基準(2020年度平均=100)。2026年4月分の公表から2020年度基準に改定(原本注)。ウエイト項目に営業余剰や間接税(消費税を含む)等を含めない(原本注)。原本の期間表示「2023年 10-12月」(暦年の四半期)。2023年度以降は建設投資のウエイトに2020〜2022年度の平均値を暫定的に使用(原本注)。注意(W2 の照合): 2020年4-6月期以降の四半期別シートの「地方道路公社等」から「S事務所・その他」までの33列は、月別シートの同じ系列の3か月平均と合わず、左隣の系列の3か月平均と合う。四半期別の値が1列右にずれている疑い。値は原本のまま
3e02452ed517c16b,JP,index,建設工事費デフレーター（2020年度基準） 四半期別,RC工場・倉庫,RC工場・倉庫,index (2020年度平均 = 100),national,JP,日本,,,,112.9,,index_value,published_pdl,,,2023Q4,,mlit-deflator-tsuki-2607,deftsuki2020（四半期別）!BU41,https://www.mlit.go.jp/statistics/details/content/deftsuki_2607.xlsx,PDL1.0,,2020年度基準(2020年度平均=100)。2026年4月分の公表から2020年度基準に改定(原本注)。ウエイト項目に営業余剰や間接税(消費税を含む)等を含めない(原本注)。原本の期間表示「2023年 10-12月」(暦年の四半期)。2023年度以降は建設投資のウエイトに2020〜2022年度の平均値を暫定的に使用(原本注)。注意(W2 の照合): 2020年4-6月期以降の四半期別シートの「地方道路公社等」から「S事務所・その他」までの33列は、月別シートの同じ系列の3か月平均と合わず、左隣の系列の3か月平均と合う。四半期別の値が1列右にずれている疑い。値は原本のまま
cd6ca4be88fdb460,JP,index,建設工事費デフレーター（2020年度基準） 四半期別,RC学校,RC学校,index (2020年度平均 = 100),national,JP,日本,,,,114.1,,index_value,published_pdl,,,2023Q4,,mlit-deflator-tsuki-2607,deftsuki2020（四半期別）!BV41,https://www.mlit.go.jp/statistics/details/content/deftsuki_2607.xlsx,PDL1.0,,2020年度基準(2020年度平均=100)。2026年4月分の公表から2020年度基準に改定(原本注)。ウエイト項目に営業余剰や間接税(消費税を含む)等を含めない(原本注)。原本の期間表示「2023年 10-12月」(暦年の四半期)。2023年度以降は建設投資のウエイトに2020〜2022年度の平均値を暫定的に使用(原本注)。注意(W2 の照合): 2020年4-6月期以降の四半期別シートの「地方道路公社等」から「S事務所・その他」までの33列は、月別シートの同じ系列の3か月平均と合わず、左隣の系列の3か月平均と合う。四半期別の値が1列右にずれている疑い。値は原本のまま
6657985ff5149c14,JP,index,建設工事費デフレーター（2020年度基準） 四半期別,RC事務所・その他,RC事務所・その他,index (2020年度平均 = 100),national,JP,日本,,,,113.2,,index_value,published_pdl,,,2023Q4,,mlit-deflator-tsuki-2607,deftsuki2020（四半期別）!BW41,https://www.mlit.go.jp/statistics/details/content/deftsuki_2607.xlsx,PDL1.0,,2020年度基準(2020年度平均=100)。2026年4月分の公表から2020年度基準に改定(原本注)。ウエイト項目に営業余剰や間接税(消費税を含む)等を含めない(原本注)。原本の期間表示「2023年 10-12月」(暦年の四半期)。2023年度以降は建設投資のウエイトに2020〜2022年度の平均値を暫定的に使用(原本注)。注意(W2 の照合): 2020年4-6月期以降の四半期別シートの「地方道路公社等」から「S事務所・その他」までの33列は、月別シートの同じ系列の3か月平均と合わず、左隣の系列の3か月平均と合う。四半期別の値が1列右にずれている疑い。値は原本のまま
7728217302a256e8,JP,index,建設工事費デフレーター（2020年度基準） 四半期別,S工場・倉庫,S工場・倉庫,index (2020年度平均 = 100),national,JP,日本,,,,113.5,,index_value,published_pdl,,,2023Q4,,mlit-deflator-tsuki-2607,deftsuki2020（四半期別）!BX41,https://www.mlit.go.jp/statistics/details/content/deftsuki_2607.xlsx,PDL1.0,,2020年度基準(2020年度平均=100)。2026年4月分の公表から2020年度基準に改定(原本注)。ウエイト項目に営業余剰や間接税(消費税を含む)等を含めない(原本注)。原本の期間表示「2023年 10-12月」(暦年の四半期)。2023年度以降は建設投資のウエイトに2020〜2022年度の平均値を暫定的に使用(原本注)。注意(W2 の照合): 2020年4-6月期以降の四半期別シートの「地方道路公社等」から「S事務所・その他」までの33列は、月別シートの同じ系列の3か月平均と合わず、左隣の系列の3か月平均と合う。四半期別の値が1列右にずれている疑い。値は原本のまま
dd92c73dee0a4079,JP,index,建設工事費デフレーター（2020年度基準） 四半期別,S事務所・その他,S事務所・その他,index (2020年度平均 = 100),national,JP,日本,,,,114.3,,index_value,published_pdl,,,2023Q4,,mlit-deflator-tsuki-2607,deftsuki2020（四半期別）!BY41,https://www.mlit.go.jp/statistics/details/content/deftsuki_2607.xlsx,PDL1.0,,2020年度基準(2020年度平均=100)。2026年4月分の公表から2020年度基準に改定(原本注)。ウエイト項目に営業余剰や間接税(消費税を含む)等を含めない(原本注)。原本の期間表示「2023年 10-12月」(暦年の四半期)。2023年度以降は建設投資のウエイトに2020〜2022年度の平均値を暫定的に使用(原本注)。注意(W2 の照合): 2020年4-6月期以降の四半期別シートの「地方道路公社等」から「S事務所・その他」までの33列は、月別シートの同じ系列の3か月平均と合わず、左隣の系列の3か月平均と合う。四半期別の値が1列右にずれている疑い。値は原本のまま
29d4e5aacdb36eb6,JP,index,建設工事費デフレーター（2020年度基準） 四半期別,地方道路公社等,建設総合 > 土木総合 > 公共事業 > 土木1（除く災害復旧） > 道路総合 > 有料道路 > 地方道路公社等,index (2020年度平均 = 100),national,JP,日本,,,,113.7,,index_value,published_pdl,,,2024Q1,,mlit-deflator-tsuki-2607,deftsuki2020（四半期別）!AS42,https://www.mlit.go.jp/statistics/details/content/deftsuki_2607.xlsx,PDL1.0,,2020年度基準(2020年度平均=100)。2026年4月分の公表から2020年度基準に改定(原本注)。ウエイト項目に営業余剰や間接税(消費税を含む)等を含めない(原本注)。原本の期間表示「2024年 1-3月」(暦年の四半期)。2023年度以降は建設投資のウエイトに2020〜2022年度の平均値を暫定的に使用(原本注)。注意(W2 の照合): 2020年4-6月期以降の四半期別シートの「地方道路公社等」から「S事務所・その他」までの33列は、月別シートの同じ系列の3か月平均と合わず、左隣の系列の3か月平均と合う。四半期別の値が1列右にずれている疑い。値は原本のまま
00eec07a0dcb5283,JP,index,建設工事費デフレーター（2020年度基準） 四半期別,道路2（再掲）,建設総合 > 土木総合 > 公共事業 > 土木1（除く災害復旧） > 道路2（再掲）,index (2020年度平均 = 100),national,JP,日本,,,,113.8,,index_value,published_pdl,,,2024Q1,,mlit-deflator-tsuki-2607,deftsuki2020（四半期別）!AT42,https://www.mlit.go.jp/statistics/details/content/deftsuki_2607.xlsx,PDL1.0,,2020年度基準(2020年度平均=100)。2026年4月分の公表から2020年度基準に改定(原本注)。ウエイト項目に営業余剰や間接税(消費税を含む)等を含めない(原本注)。原本の期間表示「2024年 1-3月」(暦年の四半期)。2023年度以降は建設投資のウエイトに2020〜2022年度の平均値を暫定的に使用(原本注)。注意(W2 の照合): 2020年4-6月期以降の四半期別シートの「地方道路公社等」から「S事務所・その他」までの33列は、月別シートの同じ系列の3か月平均と合わず、左隣の系列の3か月平均と合う。四半期別の値が1列右にずれている疑い。値は原本のまま
a7166a8fb7cf0184,JP,index,建設工事費デフレーター（2020年度基準） 四半期別,街路2（再掲）,建設総合 > 土木総合 > 公共事業 > 土木1（除く災害復旧） > 街路2（再掲）,index (2020年度平均 = 100),national,JP,日本,,,,114.3,,index_value,published_pdl,,,2024Q1,,mlit-deflator-tsuki-2607,deftsuki2020（四半期別）!AU42,https://www.mlit.go.jp/statistics/details/content/deftsuki_2607.xlsx,PDL1.0,,2020年度基準(2020年度平均=100)。2026年4月分の公表から2020年度基準に改定(原本注)。ウエイト項目に営業余剰や間接税(消費税を含む)等を含めない(原本注)。原本の期間表示「2024年 1-3月」(暦年の四半期)。2023年度以降は建設投資のウエイトに2020〜2022年度の平均値を暫定的に使用(原本注)。注意(W2 の照合): 2020年4-6月期以降の四半期別シートの「地方道路公社等」から「S事務所・その他」までの33列は、月別シートの同じ系列の3か月平均と合わず、左隣の系列の3か月平均と合う。四半期別の値が1列右にずれている疑い。値は原本のまま
0774ca4c3c7d7294,JP,index,建設工事費デフレーター（2020年度基準） 四半期別,公園,建設総合 > 土木総合 > 公共事業 > 土木1（除く災害復旧） > 公園,index (2020年度平均 = 100),national,JP,日本,,,,114.2,,index_value,published_pdl,,,2024Q1,,mlit-deflator-tsuki-2607,deftsuki2020（四半期別）!AV42,https://www.mlit.go.jp/statistics/details/content/deftsuki_2607.xlsx,PDL1.0,,2020年度基準(2020年度平均=100)。2026年4月分の公表から2020年度基準に改定(原本注)。ウエイト項目に営業余剰や間接税(消費税を含む)等を含めない(原本注)。原本の期間表示「2024年 1-3月」(暦年の四半期)。2023年度以降は建設投資のウエイトに2020〜2022年度の平均値を暫定的に使用(原本注)。注意(W2 の照合): 2020年4-6月期以降の四半期別シートの「地方道路公社等」から「S事務所・その他」までの33列は、月別シートの同じ系列の3か月平均と合わず、左隣の系列の3か月平均と合う。四半期別の値が1列右にずれている疑い。値は原本のまま
05d204d5f7a15c52,JP,index,建設工事費デフレーター（2020年度基準） 四半期別,下水道,建設総合 > 土木総合 > 公共事業 > 土木1（除く災害復旧） > 下水道,index (2020年度平均 = 100),national,JP,日本,,,,111.9,,index_value,published_pdl,,,2024Q1,,mlit-deflator-tsuki-2607,deftsuki2020（四半期別）!AW42,https://www.mlit.go.jp/statistics/details/content/deftsuki_2607.xlsx,PDL1.0,,2020年度基準(2020年度平均=100)。2026年4月分の公表から2020年度基準に改定(原本注)。ウエイト項目に営業余剰や間接税(消費税を含む)等を含めない(原本注)。原本の期間表示「2024年 1-3月」(暦年の四半期)。2023年度以降は建設投資のウエイトに2020〜2022年度の平均値を暫定的に使用(原本注)。注意(W2 の照合): 2020年4-6月期以降の四半期別シートの「地方道路公社等」から「S事務所・その他」までの33列は、月別シートの同じ系列の3か月平均と合わず、左隣の系列の3か月平均と合う。四半期別の値が1列右にずれている疑い。値は原本のまま
9377663ace8ed2ae,JP,index,建設工事費デフレーター（2020年度基準） 四半期別,災害復旧,建設総合 > 土木総合 > 公共事業 > 土木1（除く災害復旧） > 災害復旧,index (2020年度平均 = 100),national,JP,日本,,,,113.5,,index_value,published_pdl,,,2024Q1,,mlit-deflator-tsuki-2607,deftsuki2020（四半期別）!AX42,https://www.mlit.go.jp/statistics/details/content/deftsuki_2607.xlsx,PDL1.0,,2020年度基準(2020年度平均=100)。2026年4月分の公表から2020年度基準に改定(原本注)。ウエイト項目に営業余剰や間接税(消費税を含む)等を含めない(原本注)。原本の期間表示「2024年 1-3月」(暦年の四半期)。2023年度以降は建設投資のウエイトに2020〜2022年度の平均値を暫定的に使用(原本注)。注意(W2 の照合): 2020年4-6月期以降の四半期別シートの「地方道路公社等」から「S事務所・その他」までの33列は、月別シートの同じ系列の3か月平均と合わず、左隣の系列の3か月平均と合う。四半期別の値が1列右にずれている疑い。値は原本のまま
12a8d0063210fdc0,JP,index,建設工事費デフレーター（2020年度基準） 四半期別,土木2,建設総合 > 土木総合 > 公共事業 > 土木2,index (2020年度平均 = 100),national,JP,日本,,,,113.3,,index_value,published_pdl,,,2024Q1,,mlit-deflator-tsuki-2607,deftsuki2020（四半期別）!AY42,https://www.mlit.go.jp/statistics/details/content/deftsuki_2607.xlsx,PDL1.0,,2020年度基準(2020年度平均=100)。2026年4月分の公表から2020年度基準に改定(原本注)。ウエイト項目に営業余剰や間接税(消費税を含む)等を含めない(原本注)。原本の期間表示「2024年 1-3月」(暦年の四半期)。2023年度以降は建設投資のウエイトに2020〜2022年度の平均値を暫定的に使用(原本注)。注意(W2 の照合): 2020年4-6月期以降の四半期別シートの「地方道路公社等」から「S事務所・その他」までの33列は、月別シートの同じ系列の3か月平均と合わず、左隣の系列の3か月平均と合う。四半期別の値が1列右にずれている疑い。値は原本のまま
e08aa3793d0b1533,JP,index,建設工事費デフレーター（2020年度基準） 四半期別,港湾・漁港,建設総合 > 土木総合 > 公共事業 > 土木2 > 港湾・漁港,index (2020年度平均 = 100),national,JP,日本,,,,113.9,,index_value,published_pdl,,,2024Q1,,mlit-deflator-tsuki-2607,deftsuki2020（四半期別）!AZ42,https://www.mlit.go.jp/statistics/details/content/deftsuki_2607.xlsx,PDL1.0,,2020年度基準(2020年度平均=100)。2026年4月分の公表から2020年度基準に改定(原本注)。ウエイト項目に営業余剰や間接税(消費税を含む)等を含めない(原本注)。原本の期間表示「2024年 1-3月」(暦年の四半期)。2023年度以降は建設投資のウエイトに2020〜2022年度の平均値を暫定的に使用(原本注)。注意(W2 の照合): 2020年4-6月期以降の四半期別シートの「地方道路公社等」から「S事務所・その他」までの33列は、月別シートの同じ系列の3か月平均と合わず、左隣の系列の3か月平均と合う。四半期別の値が1列右にずれている疑い。値は原本のまま
d671f1e9e847eb6d,JP,index,建設工事費デフレーター（2020年度基準） 四半期別,空港,建設総合 > 土木総合 > 公共事業 > 土木2 > 空港,index (2020年度平均 = 100),national,JP,日本,,,,113.9,,index_value,published_pdl,,,2024Q1,,mlit-deflator-tsuki-2607,deftsuki2020（四半期別）!BA42,https://www.mlit.go.jp/statistics/details/content/deftsuki_2607.xlsx,PDL1.0,,2020年度基準(2020年度平均=100)。2026年4月分の公表から2020年度基準に改定(原本注)。ウエイト項目に営業余剰や間接税(消費税を含む)等を含めない(原本注)。原本の期間表示「2024年 1-3月」(暦年の四半期)。2023年度以降は建設投資のウエイトに2020〜2022年度の平均値を暫定的に使用(原本注)。注意(W2 の照合): 2020年4-6月期以降の四半期別シートの「地方道路公社等」から「S事務所・その他」までの33列は、月別シートの同じ系列の3か月平均と合わず、左隣の系列の3か月平均と合う。四半期別の値が1列右にずれている疑い。値は原本のまま
a0670a2536e7eec6,JP,index,建設工事費デフレーター（2020年度基準） 四半期別,環境衛生,建設総合 > 土木総合 > 公共事業 > 土木2 > 環境衛生,index (2020年度平均 = 100),national,JP,日本,,,,109.1,,index_value,published_pdl,,,2024Q1,,mlit-deflator-tsuki-2607,deftsuki2020（四半期別）!BB42,https://www.mlit.go.jp/statistics/details/content/deftsuki_2607.xlsx,PDL1.0,,2020年度基準(2020年度平均=100)。2026年4月分の公表から2020年度基準に改定(原本注)。ウエイト項目に営業余剰や間接税(消費税を含む)等を含めない(原本注)。原本の期間表示「2024年 1-3月」(暦年の四半期)。2023年度以降は建設投資のウエイトに2020〜2022年度の平均値を暫定的に使用(原本注)。注意(W2 の照合): 2020年4-6月期以降の四半期別シートの「地方道路公社等」から「S事務所・その他」までの33列は、月別シートの同じ系列の3か月平均と合わず、左隣の系列の3か月平均と合う。四半期別の値が1列右にずれている疑い。値は原本のまま
540b4ee0987b5cbd,JP,index,建設工事費デフレーター（2020年度基準） 四半期別,農林関係公共事業,建設総合 > 土木総合 > 公共事業 > 土木2 > 農林関係公共事業,index (2020年度平均 = 100),national,JP,日本,,,,114.7,,index_value,published_pdl,,,2024Q1,,mlit-deflator-tsuki-2607,deftsuki2020（四半期別）!BC42,https://www.mlit.go.jp/statistics/details/content/deftsuki_2607.xlsx,PDL1.0,,2020年度基準(2020年度平均=100)。2026年4月分の公表から2020年度基準に改定(原本注)。ウエイト項目に営業余剰や間接税(消費税を含む)等を含めない(原本注)。原本の期間表示「2024年 1-3月」(暦年の四半期)。2023年度以降は建設投資のウエイトに2020〜2022年度の平均値を暫定的に使用(原本注)。注意(W2 の照合): 2020年4-6月期以降の四半期別シートの「地方道路公社等」から「S事務所・その他」までの33列は、月別シートの同じ系列の3か月平均と合わず、左隣の系列の3か月平均と合う。四半期別の値が1列右にずれている疑い。値は原本のまま
d0098aa9ac541186,JP,index,建設工事費デフレーター（2020年度基準） 四半期別,その他土木,建設総合 > 土木総合 > その他土木 (原本の列 BD。同じ表頭の列が2つある),index (2020年度平均 = 100),national,JP,日本,,,,114.4,,index_value,published_pdl,,,2024Q1,,mlit-deflator-tsuki-2607,deftsuki2020（四半期別）!BD42,https://www.mlit.go.jp/statistics/details/content/deftsuki_2607.xlsx,PDL1.0,,2020年度基準(2020年度平均=100)。2026年4月分の公表から2020年度基準に改定(原本注)。ウエイト項目に営業余剰や間接税(消費税を含む)等を含めない(原本注)。原本の期間表示「2024年 1-3月」(暦年の四半期)。2023年度以降は建設投資のウエイトに2020〜2022年度の平均値を暫定的に使用(原本注)。注意(W2 の照合): 2020年4-6月期以降の四半期別シートの「地方道路公社等」から「S事務所・その他」までの33列は、月別シートの同じ系列の3か月平均と合わず、左隣の系列の3か月平均と合う。四半期別の値が1列右にずれている疑い。値は原本のまま
844e7f666976984d,JP,index,建設工事費デフレーター（2020年度基準） 四半期別,鉄道軌道,建設総合 > 土木総合 > その他土木 > 鉄道軌道,index (2020年度平均 = 100),national,JP,日本,,,,114,,index_value,published_pdl,,,2024Q1,,mlit-deflator-tsuki-2607,deftsuki2020（四半期別）!BE42,https://www.mlit.go.jp/statistics/details/content/deftsuki_2607.xlsx,PDL1.0,,2020年度基準(2020年度平均=100)。2026年4月分の公表から2020年度基準に改定(原本注)。ウエイト項目に営業余剰や間接税(消費税を含む)等を含めない(原本注)。原本の期間表示「2024年 1-3月」(暦年の四半期)。2023年度以降は建設投資のウエイトに2020〜2022年度の平均値を暫定的に使用(原本注)。注意(W2 の照合): 2020年4-6月期以降の四半期別シートの「地方道路公社等」から「S事務所・その他」までの33列は、月別シートの同じ系列の3か月平均と合わず、左隣の系列の3か月平均と合う。四半期別の値が1列右にずれている疑い。値は原本のまま
c86265039d2b3f88,JP,index,建設工事費デフレーター（2020年度基準） 四半期別,電力,建設総合 > 土木総合 > その他土木 > 電力,index (2020年度平均 = 100),national,JP,日本,,,,115.8,,index_value,published_pdl,,,2024Q1,,mlit-deflator-tsuki-2607,deftsuki2020（四半期別）!BF42,https://www.mlit.go.jp/statistics/details/content/deftsuki_2607.xlsx,PDL1.0,,2020年度基準(2020年度平均=100)。2026年4月分の公表から2020年度基準に改定(原本注)。ウエイト項目に営業余剰や間接税(消費税を含む)等を含めない(原本注)。原本の期間表示「2024年 1-3月」(暦年の四半期)。2023年度以降は建設投資のウエイトに2020〜2022年度の平均値を暫定的に使用(原本注)。注意(W2 の照合): 2020年4-6月期以降の四半期別シートの「地方道路公社等」から「S事務所・その他」までの33列は、月別シートの同じ系列の3か月平均と合わず、左隣の系列の3か月平均と合う。四半期別の値が1列右にずれている疑い。値は原本のまま
44d0a8c0a3077267,JP,index,建設工事費デフレーター（2020年度基準） 四半期別,電気通信,建設総合 > 土木総合 > その他土木 > 電気通信,index (2020年度平均 = 100),national,JP,日本,,,,114.2,,index_value,published_pdl,,,2024Q1,,mlit-deflator-tsuki-2607,deftsuki2020（四半期別）!BG42,https://www.mlit.go.jp/statistics/details/content/deftsuki_2607.xlsx,PDL1.0,,2020年度基準(2020年度平均=100)。2026年4月分の公表から2020年度基準に改定(原本注)。ウエイト項目に営業余剰や間接税(消費税を含む)等を含めない(原本注)。原本の期間表示「2024年 1-3月」(暦年の四半期)。2023年度以降は建設投資のウエイトに2020〜2022年度の平均値を暫定的に使用(原本注)。注意(W2 の照合): 2020年4-6月期以降の四半期別シートの「地方道路公社等」から「S事務所・その他」までの33列は、月別シートの同じ系列の3か月平均と合わず、左隣の系列の3か月平均と合う。四半期別の値が1列右にずれている疑い。値は原本のまま
563cc2d5afc5f9b7,JP,index,建設工事費デフレーター（2020年度基準） 四半期別,上・工業用水道,建設総合 > 土木総合 > その他土木 > 上・工業用水道,index (2020年度平均 = 100),national,JP,日本,,,,111.6,,index_value,published_pdl,,,2024Q1,,mlit-deflator-tsuki-2607,deftsuki2020（四半期別）!BH42,https://www.mlit.go.jp/statistics/details/content/deftsuki_2607.xlsx,PDL1.0,,2020年度基準(2020年度平均=100)。2026年4月分の公表から2020年度基準に改定(原本注)。ウエイト項目に営業余剰や間接税(消費税を含む)等を含めない(原本注)。原本の期間表示「2024年 1-3月」(暦年の四半期)。2023年度以降は建設投資のウエイトに2020〜2022年度の平均値を暫定的に使用(原本注)。注意(W2 の照合): 2020年4-6月期以降の四半期別シートの「地方道路公社等」から「S事務所・その他」までの33列は、月別シートの同じ系列の3か月平均と合わず、左隣の系列の3か月平均と合う。四半期別の値が1列右にずれている疑い。値は原本のまま
9804e48649241304,JP,index,建設工事費デフレーター（2020年度基準） 四半期別,土地造成,建設総合 > 土木総合 > その他土木 > 土地造成,index (2020年度平均 = 100),national,JP,日本,,,,114.1,,index_value,published_pdl,,,2024Q1,,mlit-deflator-tsuki-2607,deftsuki2020（四半期別）!BI42,https://www.mlit.go.jp/statistics/details/content/deftsuki_2607.xlsx,PDL1.0,,2020年度基準(2020年度平均=100)。2026年4月分の公表から2020年度基準に改定(原本注)。ウエイト項目に営業余剰や間接税(消費税を含む)等を含めない(原本注)。原本の期間表示「2024年 1-3月」(暦年の四半期)。2023年度以降は建設投資のウエイトに2020〜2022年度の平均値を暫定的に使用(原本注)。注意(W2 の照合): 2020年4-6月期以降の四半期別シートの「地方道路公社等」から「S事務所・その他」までの33列は、月別シートの同じ系列の3か月平均と合わず、左隣の系列の3か月平均と合う。四半期別の値が1列右にずれている疑い。値は原本のまま
81f69a8b45806269,JP,index,建設工事費デフレーター（2020年度基準） 四半期別,その他土木,建設総合 > 土木総合 > その他土木 (原本の列 BJ。同じ表頭の列が2つある),index (2020年度平均 = 100),national,JP,日本,,,,112.4,,index_value,published_pdl,,,2024Q1,,mlit-deflator-tsuki-2607,deftsuki2020（四半期別）!BJ42,https://www.mlit.go.jp/statistics/details/content/deftsuki_2607.xlsx,PDL1.0,,2020年度基準(2020年度平均=100)。2026年4月分の公表から2020年度基準に改定(原本注)。ウエイト項目に営業余剰や間接税(消費税を含む)等を含めない(原本注)。原本の期間表示「2024年 1-3月」(暦年の四半期)。2023年度以降は建設投資のウエイトに2020〜2022年度の平均値を暫定的に使用(原本注)。注意(W2 の照合): 2020年4-6月期以降の四半期別シートの「地方道路公社等」から「S事務所・その他」までの33列は、月別シートの同じ系列の3か月平均と合わず、左隣の系列の3か月平均と合う。四半期別の値が1列右にずれている疑い。値は原本のまま
9b3eced5c04b3a3c,JP,index,建設工事費デフレーター（2020年度基準） 四半期別,W在来住宅,W在来住宅,index (2020年度平均 = 100),national,JP,日本,,,,113.5,,index_value,published_pdl,,,2024Q1,,mlit-deflator-tsuki-2607,deftsuki2020（四半期別）!BK42,https://www.mlit.go.jp/statistics/details/content/deftsuki_2607.xlsx,PDL1.0,,2020年度基準(2020年度平均=100)。2026年4月分の公表から2020年度基準に改定(原本注)。ウエイト項目に営業余剰や間接税(消費税を含む)等を含めない(原本注)。原本の期間表示「2024年 1-3月」(暦年の四半期)。2023年度以降は建設投資のウエイトに2020〜2022年度の平均値を暫定的に使用(原本注)。注意(W2 の照合): 2020年4-6月期以降の四半期別シートの「地方道路公社等」から「S事務所・その他」までの33列は、月別シートの同じ系列の3か月平均と合わず、左隣の系列の3か月平均と合う。四半期別の値が1列右にずれている疑い。値は原本のまま
8d722763f61726ff,JP,index,建設工事費デフレーター（2020年度基準） 四半期別,W量産住宅,W量産住宅,index (2020年度平均 = 100),national,JP,日本,,,,115.7,,index_value,published_pdl,,,2024Q1,,mlit-deflator-tsuki-2607,deftsuki2020（四半期別）!BL42,https://www.mlit.go.jp/statistics/details/content/deftsuki_2607.xlsx,PDL1.0,,2020年度基準(2020年度平均=100)。2026年4月分の公表から2020年度基準に改定(原本注)。ウエイト項目に営業余剰や間接税(消費税を含む)等を含めない(原本注)。原本の期間表示「2024年 1-3月」(暦年の四半期)。2023年度以降は建設投資のウエイトに2020〜2022年度の平均値を暫定的に使用(原本注)。注意(W2 の照合): 2020年4-6月期以降の四半期別シートの「地方道路公社等」から「S事務所・その他」までの33列は、月別シートの同じ系列の3か月平均と合わず、左隣の系列の3か月平均と合う。四半期別の値が1列右にずれている疑い。値は原本のまま
446cb294deeb0b5b,JP,index,建設工事費デフレーター（2020年度基準） 四半期別,RC在来住宅,RC在来住宅,index (2020年度平均 = 100),national,JP,日本,,,,118,,index_value,published_pdl,,,2024Q1,,mlit-deflator-tsuki-2607,deftsuki2020（四半期別）!BM42,https://www.mlit.go.jp/statistics/details/content/deftsuki_2607.xlsx,PDL1.0,,2020年度基準(2020年度平均=100)。2026年4月分の公表から2020年度基準に改定(原本注)。ウエイト項目に営業余剰や間接税(消費税を含む)等を含めない(原本注)。原本の期間表示「2024年 1-3月」(暦年の四半期)。2023年度以降は建設投資のウエイトに2020〜2022年度の平均値を暫定的に使用(原本注)。注意(W2 の照合): 2020年4-6月期以降の四半期別シートの「地方道路公社等」から「S事務所・その他」までの33列は、月別シートの同じ系列の3か月平均と合わず、左隣の系列の3か月平均と合う。四半期別の値が1列右にずれている疑い。値は原本のまま
f939acb439a24225,JP,index,建設工事費デフレーター（2020年度基準） 四半期別,RC量産住宅,RC量産住宅,index (2020年度平均 = 100),national,JP,日本,,,,115.1,,index_value,published_pdl,,,2024Q1,,mlit-deflator-tsuki-2607,deftsuki2020（四半期別）!BN42,https://www.mlit.go.jp/statistics/details/content/deftsuki_2607.xlsx,PDL1.0,,2020年度基準(2020年度平均=100)。2026年4月分の公表から2020年度基準に改定(原本注)。ウエイト項目に営業余剰や間接税(消費税を含む)等を含めない(原本注)。原本の期間表示「2024年 1-3月」(暦年の四半期)。2023年度以降は建設投資のウエイトに2020〜2022年度の平均値を暫定的に使用(原本注)。注意(W2 の照合): 2020年4-6月期以降の四半期別シートの「地方道路公社等」から「S事務所・その他」までの33列は、月別シートの同じ系列の3か月平均と合わず、左隣の系列の3か月平均と合う。四半期別の値が1列右にずれている疑い。値は原本のまま
d4f7f2a2e9aff49e,JP,index,建設工事費デフレーター（2020年度基準） 四半期別,S在来住宅,S在来住宅,index (2020年度平均 = 100),national,JP,日本,,,,115.6,,index_value,published_pdl,,,2024Q1,,mlit-deflator-tsuki-2607,deftsuki2020（四半期別）!BO42,https://www.mlit.go.jp/statistics/details/content/deftsuki_2607.xlsx,PDL1.0,,2020年度基準(2020年度平均=100)。2026年4月分の公表から2020年度基準に改定(原本注)。ウエイト項目に営業余剰や間接税(消費税を含む)等を含めない(原本注)。原本の期間表示「2024年 1-3月」(暦年の四半期)。2023年度以降は建設投資のウエイトに2020〜2022年度の平均値を暫定的に使用(原本注)。注意(W2 の照合): 2020年4-6月期以降の四半期別シートの「地方道路公社等」から「S事務所・その他」までの33列は、月別シートの同じ系列の3か月平均と合わず、左隣の系列の3か月平均と合う。四半期別の値が1列右にずれている疑い。値は原本のまま
44b7e497636ff95a,JP,index,建設工事費デフレーター（2020年度基準） 四半期別,S量産住宅,S量産住宅,index (2020年度平均 = 100),national,JP,日本,,,,115.4,,index_value,published_pdl,,,2024Q1,,mlit-deflator-tsuki-2607,deftsuki2020（四半期別）!BP42,https://www.mlit.go.jp/statistics/details/content/deftsuki_2607.xlsx,PDL1.0,,2020年度基準(2020年度平均=100)。2026年4月分の公表から2020年度基準に改定(原本注)。ウエイト項目に営業余剰や間接税(消費税を含む)等を含めない(原本注)。原本の期間表示「2024年 1-3月」(暦年の四半期)。2023年度以降は建設投資のウエイトに2020〜2022年度の平均値を暫定的に使用(原本注)。注意(W2 の照合): 2020年4-6月期以降の四半期別シートの「地方道路公社等」から「S事務所・その他」までの33列は、月別シートの同じ系列の3か月平均と合わず、左隣の系列の3か月平均と合う。四半期別の値が1列右にずれている疑い。値は原本のまま
2b2b5c6d52dee30b,JP,index,建設工事費デフレーター（2020年度基準） 四半期別,W工場・倉庫,W工場・倉庫,index (2020年度平均 = 100),national,JP,日本,,,,119.2,,index_value,published_pdl,,,2024Q1,,mlit-deflator-tsuki-2607,deftsuki2020（四半期別）!BQ42,https://www.mlit.go.jp/statistics/details/content/deftsuki_2607.xlsx,PDL1.0,,2020年度基準(2020年度平均=100)。2026年4月分の公表から2020年度基準に改定(原本注)。ウエイト項目に営業余剰や間接税(消費税を含む)等を含めない(原本注)。原本の期間表示「2024年 1-3月」(暦年の四半期)。2023年度以降は建設投資のウエイトに2020〜2022年度の平均値を暫定的に使用(原本注)。注意(W2 の照合): 2020年4-6月期以降の四半期別シートの「地方道路公社等」から「S事務所・その他」までの33列は、月別シートの同じ系列の3か月平均と合わず、左隣の系列の3か月平均と合う。四半期別の値が1列右にずれている疑い。値は原本のまま
451c76da7e1bbbad,JP,index,建設工事費デフレーター（2020年度基準） 四半期別,W事務所・その他,W事務所・その他,index (2020年度平均 = 100),national,JP,日本,,,,115.1,,index_value,published_pdl,,,2024Q1,,mlit-deflator-tsuki-2607,deftsuki2020（四半期別）!BR42,https://www.mlit.go.jp/statistics/details/content/deftsuki_2607.xlsx,PDL1.0,,2020年度基準(2020年度平均=100)。2026年4月分の公表から2020年度基準に改定(原本注)。ウエイト項目に営業余剰や間接税(消費税を含む)等を含めない(原本注)。原本の期間表示「2024年 1-3月」(暦年の四半期)。2023年度以降は建設投資のウエイトに2020〜2022年度の平均値を暫定的に使用(原本注)。注意(W2 の照合): 2020年4-6月期以降の四半期別シートの「地方道路公社等」から「S事務所・その他」までの33列は、月別シートの同じ系列の3か月平均と合わず、左隣の系列の3か月平均と合う。四半期別の値が1列右にずれている疑い。値は原本のまま
ae5055e119878ce8,JP,index,建設工事費デフレーター（2020年度基準） 四半期別,SRC工場・倉庫,SRC工場・倉庫,index (2020年度平均 = 100),national,JP,日本,,,,114.6,,index_value,published_pdl,,,2024Q1,,mlit-deflator-tsuki-2607,deftsuki2020（四半期別）!BS42,https://www.mlit.go.jp/statistics/details/content/deftsuki_2607.xlsx,PDL1.0,,2020年度基準(2020年度平均=100)。2026年4月分の公表から2020年度基準に改定(原本注)。ウエイト項目に営業余剰や間接税(消費税を含む)等を含めない(原本注)。原本の期間表示「2024年 1-3月」(暦年の四半期)。2023年度以降は建設投資のウエイトに2020〜2022年度の平均値を暫定的に使用(原本注)。注意(W2 の照合): 2020年4-6月期以降の四半期別シートの「地方道路公社等」から「S事務所・その他」までの33列は、月別シートの同じ系列の3か月平均と合わず、左隣の系列の3か月平均と合う。四半期別の値が1列右にずれている疑い。値は原本のまま
678ee86cd80ebbef,JP,index,建設工事費デフレーター（2020年度基準） 四半期別,SRC事務所・その他,SRC事務所・その他,index (2020年度平均 = 100),national,JP,日本,,,,115.4,,index_value,published_pdl,,,2024Q1,,mlit-deflator-tsuki-2607,deftsuki2020（四半期別）!BT42,https://www.mlit.go.jp/statistics/details/content/deftsuki_2607.xlsx,PDL1.0,,2020年度基準(2020年度平均=100)。2026年4月分の公表から2020年度基準に改定(原本注)。ウエイト項目に営業余剰や間接税(消費税を含む)等を含めない(原本注)。原本の期間表示「2024年 1-3月」(暦年の四半期)。2023年度以降は建設投資のウエイトに2020〜2022年度の平均値を暫定的に使用(原本注)。注意(W2 の照合): 2020年4-6月期以降の四半期別シートの「地方道路公社等」から「S事務所・その他」までの33列は、月別シートの同じ系列の3か月平均と合わず、左隣の系列の3か月平均と合う。四半期別の値が1列右にずれている疑い。値は原本のまま
f190981360016d2f,JP,index,建設工事費デフレーター（2020年度基準） 四半期別,RC工場・倉庫,RC工場・倉庫,index (2020年度平均 = 100),national,JP,日本,,,,113.8,,index_value,published_pdl,,,2024Q1,,mlit-deflator-tsuki-2607,deftsuki2020（四半期別）!BU42,https://www.mlit.go.jp/statistics/details/content/deftsuki_2607.xlsx,PDL1.0,,2020年度基準(2020年度平均=100)。2026年4月分の公表から2020年度基準に改定(原本注)。ウエイト項目に営業余剰や間接税(消費税を含む)等を含めない(原本注)。原本の期間表示「2024年 1-3月」(暦年の四半期)。2023年度以降は建設投資のウエイトに2020〜2022年度の平均値を暫定的に使用(原本注)。注意(W2 の照合): 2020年4-6月期以降の四半期別シートの「地方道路公社等」から「S事務所・その他」までの33列は、月別シートの同じ系列の3か月平均と合わず、左隣の系列の3か月平均と合う。四半期別の値が1列右にずれている疑い。値は原本のまま
6f9227a415199726,JP,index,建設工事費デフレーター（2020年度基準） 四半期別,RC学校,RC学校,index (2020年度平均 = 100),national,JP,日本,,,,115,,index_value,published_pdl,,,2024Q1,,mlit-deflator-tsuki-2607,deftsuki2020（四半期別）!BV42,https://www.mlit.go.jp/statistics/details/content/deftsuki_2607.xlsx,PDL1.0,,2020年度基準(2020年度平均=100)。2026年4月分の公表から2020年度基準に改定(原本注)。ウエイト項目に営業余剰や間接税(消費税を含む)等を含めない(原本注)。原本の期間表示「2024年 1-3月」(暦年の四半期)。2023年度以降は建設投資のウエイトに2020〜2022年度の平均値を暫定的に使用(原本注)。注意(W2 の照合): 2020年4-6月期以降の四半期別シートの「地方道路公社等」から「S事務所・その他」までの33列は、月別シートの同じ系列の3か月平均と合わず、左隣の系列の3か月平均と合う。四半期別の値が1列右にずれている疑い。値は原本のまま
023a8548402f0691,JP,index,建設工事費デフレーター（2020年度基準） 四半期別,RC事務所・その他,RC事務所・その他,index (2020年度平均 = 100),national,JP,日本,,,,114.2,,index_value,published_pdl,,,2024Q1,,mlit-deflator-tsuki-2607,deftsuki2020（四半期別）!BW42,https://www.mlit.go.jp/statistics/details/content/deftsuki_2607.xlsx,PDL1.0,,2020年度基準(2020年度平均=100)。2026年4月分の公表から2020年度基準に改定(原本注)。ウエイト項目に営業余剰や間接税(消費税を含む)等を含めない(原本注)。原本の期間表示「2024年 1-3月」(暦年の四半期)。2023年度以降は建設投資のウエイトに2020〜2022年度の平均値を暫定的に使用(原本注)。注意(W2 の照合): 2020年4-6月期以降の四半期別シートの「地方道路公社等」から「S事務所・その他」までの33列は、月別シートの同じ系列の3か月平均と合わず、左隣の系列の3か月平均と合う。四半期別の値が1列右にずれている疑い。値は原本のまま
b994ccc959987a79,JP,index,建設工事費デフレーター（2020年度基準） 四半期別,S工場・倉庫,S工場・倉庫,index (2020年度平均 = 100),national,JP,日本,,,,114.4,,index_value,published_pdl,,,2024Q1,,mlit-deflator-tsuki-2607,deftsuki2020（四半期別）!BX42,https://www.mlit.go.jp/statistics/details/content/deftsuki_2607.xlsx,PDL1.0,,2020年度基準(2020年度平均=100)。2026年4月分の公表から2020年度基準に改定(原本注)。ウエイト項目に営業余剰や間接税(消費税を含む)等を含めない(原本注)。原本の期間表示「2024年 1-3月」(暦年の四半期)。2023年度以降は建設投資のウエイトに2020〜2022年度の平均値を暫定的に使用(原本注)。注意(W2 の照合): 2020年4-6月期以降の四半期別シートの「地方道路公社等」から「S事務所・その他」までの33列は、月別シートの同じ系列の3か月平均と合わず、左隣の系列の3か月平均と合う。四半期別の値が1列右にずれている疑い。値は原本のまま
858012c09e611bbf,JP,index,建設工事費デフレーター（2020年度基準） 四半期別,S事務所・その他,S事務所・その他,index (2020年度平均 = 100),national,JP,日本,,,,115.1,,index_value,published_pdl,,,2024Q1,,mlit-deflator-tsuki-2607,deftsuki2020（四半期別）!BY42,https://www.mlit.go.jp/statistics/details/content/deftsuki_2607.xlsx,PDL1.0,,2020年度基準(2020年度平均=100)。2026年4月分の公表から2020年度基準に改定(原本注)。ウエイト項目に営業余剰や間接税(消費税を含む)等を含めない(原本注)。原本の期間表示「2024年 1-3月」(暦年の四半期)。2023年度以降は建設投資のウエイトに2020〜2022年度の平均値を暫定的に使用(原本注)。注意(W2 の照合): 2020年4-6月期以降の四半期別シートの「地方道路公社等」から「S事務所・その他」までの33列は、月別シートの同じ系列の3か月平均と合わず、左隣の系列の3か月平均と合う。四半期別の値が1列右にずれている疑い。値は原本のまま
49e0a26b23e538a8,JP,index,建設工事費デフレーター（2020年度基準） 四半期別,地方道路公社等,建設総合 > 土木総合 > 公共事業 > 土木1（除く災害復旧） > 道路総合 > 有料道路 > 地方道路公社等,index (2020年度平均 = 100),national,JP,日本,,,,116.8,,index_value,published_pdl,,,2024Q2,,mlit-deflator-tsuki-2607,deftsuki2020（四半期別）!AS43,https://www.mlit.go.jp/statistics/details/content/deftsuki_2607.xlsx,PDL1.0,,2020年度基準(2020年度平均=100)。2026年4月分の公表から2020年度基準に改定(原本注)。ウエイト項目に営業余剰や間接税(消費税を含む)等を含めない(原本注)。原本の期間表示「2024年 4-6月」(暦年の四半期)。2023年度以降は建設投資のウエイトに2020〜2022年度の平均値を暫定的に使用(原本注)。注意(W2 の照合): 2020年4-6月期以降の四半期別シートの「地方道路公社等」から「S事務所・その他」までの33列は、月別シートの同じ系列の3か月平均と合わず、左隣の系列の3か月平均と合う。四半期別の値が1列右にずれている疑い。値は原本のまま
23a3c442c0148a91,JP,index,建設工事費デフレーター（2020年度基準） 四半期別,道路2（再掲）,建設総合 > 土木総合 > 公共事業 > 土木1（除く災害復旧） > 道路2（再掲）,index (2020年度平均 = 100),national,JP,日本,,,,117.1,,index_value,published_pdl,,,2024Q2,,mlit-deflator-tsuki-2607,deftsuki2020（四半期別）!AT43,https://www.mlit.go.jp/statistics/details/content/deftsuki_2607.xlsx,PDL1.0,,2020年度基準(2020年度平均=100)。2026年4月分の公表から2020年度基準に改定(原本注)。ウエイト項目に営業余剰や間接税(消費税を含む)等を含めない(原本注)。原本の期間表示「2024年 4-6月」(暦年の四半期)。2023年度以降は建設投資のウエイトに2020〜2022年度の平均値を暫定的に使用(原本注)。注意(W2 の照合): 2020年4-6月期以降の四半期別シートの「地方道路公社等」から「S事務所・その他」までの33列は、月別シートの同じ系列の3か月平均と合わず、左隣の系列の3か月平均と合う。四半期別の値が1列右にずれている疑い。値は原本のまま
d42afc73950fc2c5,JP,index,建設工事費デフレーター（2020年度基準） 四半期別,街路2（再掲）,建設総合 > 土木総合 > 公共事業 > 土木1（除く災害復旧） > 街路2（再掲）,index (2020年度平均 = 100),national,JP,日本,,,,117.6,,index_value,published_pdl,,,2024Q2,,mlit-deflator-tsuki-2607,deftsuki2020（四半期別）!AU43,https://www.mlit.go.jp/statistics/details/content/deftsuki_2607.xlsx,PDL1.0,,2020年度基準(2020年度平均=100)。2026年4月分の公表から2020年度基準に改定(原本注)。ウエイト項目に営業余剰や間接税(消費税を含む)等を含めない(原本注)。原本の期間表示「2024年 4-6月」(暦年の四半期)。2023年度以降は建設投資のウエイトに2020〜2022年度の平均値を暫定的に使用(原本注)。注意(W2 の照合): 2020年4-6月期以降の四半期別シートの「地方道路公社等」から「S事務所・その他」までの33列は、月別シートの同じ系列の3か月平均と合わず、左隣の系列の3か月平均と合う。四半期別の値が1列右にずれている疑い。値は原本のまま
7f570a9960fc64e5,JP,index,建設工事費デフレーター（2020年度基準） 四半期別,公園,建設総合 > 土木総合 > 公共事業 > 土木1（除く災害復旧） > 公園,index (2020年度平均 = 100),national,JP,日本,,,,117.2,,index_value,published_pdl,,,2024Q2,,mlit-deflator-tsuki-2607,deftsuki2020（四半期別）!AV43,https://www.mlit.go.jp/statistics/details/content/deftsuki_2607.xlsx,PDL1.0,,2020年度基準(2020年度平均=100)。2026年4月分の公表から2020年度基準に改定(原本注)。ウエイト項目に営業余剰や間接税(消費税を含む)等を含めない(原本注)。原本の期間表示「2024年 4-6月」(暦年の四半期)。2023年度以降は建設投資のウエイトに2020〜2022年度の平均値を暫定的に使用(原本注)。注意(W2 の照合): 2020年4-6月期以降の四半期別シートの「地方道路公社等」から「S事務所・その他」までの33列は、月別シートの同じ系列の3か月平均と合わず、左隣の系列の3か月平均と合う。四半期別の値が1列右にずれている疑い。値は原本のまま
78ca4b7ca2eeeb58,JP,index,建設工事費デフレーター（2020年度基準） 四半期別,下水道,建設総合 > 土木総合 > 公共事業 > 土木1（除く災害復旧） > 下水道,index (2020年度平均 = 100),national,JP,日本,,,,115,,index_value,published_pdl,,,2024Q2,,mlit-deflator-tsuki-2607,deftsuki2020（四半期別）!AW43,https://www.mlit.go.jp/statistics/details/content/deftsuki_2607.xlsx,PDL1.0,,2020年度基準(2020年度平均=100)。2026年4月分の公表から2020年度基準に改定(原本注)。ウエイト項目に営業余剰や間接税(消費税を含む)等を含めない(原本注)。原本の期間表示「2024年 4-6月」(暦年の四半期)。2023年度以降は建設投資のウエイトに2020〜2022年度の平均値を暫定的に使用(原本注)。注意(W2 の照合): 2020年4-6月期以降の四半期別シートの「地方道路公社等」から「S事務所・その他」までの33列は、月別シートの同じ系列の3か月平均と合わず、左隣の系列の3か月平均と合う。四半期別の値が1列右にずれている疑い。値は原本のまま
c5527976c15a56fa,JP,index,建設工事費デフレーター（2020年度基準） 四半期別,災害復旧,建設総合 > 土木総合 > 公共事業 > 土木1（除く災害復旧） > 災害復旧,index (2020年度平均 = 100),national,JP,日本,,,,116.5,,index_value,published_pdl,,,2024Q2,,mlit-deflator-tsuki-2607,deftsuki2020（四半期別）!AX43,https://www.mlit.go.jp/statistics/details/content/deftsuki_2607.xlsx,PDL1.0,,2020年度基準(2020年度平均=100)。2026年4月分の公表から2020年度基準に改定(原本注)。ウエイト項目に営業余剰や間接税(消費税を含む)等を含めない(原本注)。原本の期間表示「2024年 4-6月」(暦年の四半期)。2023年度以降は建設投資のウエイトに2020〜2022年度の平均値を暫定的に使用(原本注)。注意(W2 の照合): 2020年4-6月期以降の四半期別シートの「地方道路公社等」から「S事務所・その他」までの33列は、月別シートの同じ系列の3か月平均と合わず、左隣の系列の3か月平均と合う。四半期別の値が1列右にずれている疑い。値は原本のまま
7d40ee7861c4fc74,JP,index,建設工事費デフレーター（2020年度基準） 四半期別,土木2,建設総合 > 土木総合 > 公共事業 > 土木2,index (2020年度平均 = 100),national,JP,日本,,,,116.9,,index_value,published_pdl,,,2024Q2,,mlit-deflator-tsuki-2607,deftsuki2020（四半期別）!AY43,https://www.mlit.go.jp/statistics/details/content/deftsuki_2607.xlsx,PDL1.0,,2020年度基準(2020年度平均=100)。2026年4月分の公表から2020年度基準に改定(原本注)。ウエイト項目に営業余剰や間接税(消費税を含む)等を含めない(原本注)。原本の期間表示「2024年 4-6月」(暦年の四半期)。2023年度以降は建設投資のウエイトに2020〜2022年度の平均値を暫定的に使用(原本注)。注意(W2 の照合): 2020年4-6月期以降の四半期別シートの「地方道路公社等」から「S事務所・その他」までの33列は、月別シートの同じ系列の3か月平均と合わず、左隣の系列の3か月平均と合う。四半期別の値が1列右にずれている疑い。値は原本のまま
887dc99a5d7e171b,JP,index,建設工事費デフレーター（2020年度基準） 四半期別,港湾・漁港,建設総合 > 土木総合 > 公共事業 > 土木2 > 港湾・漁港,index (2020年度平均 = 100),national,JP,日本,,,,116.8,,index_value,published_pdl,,,2024Q2,,mlit-deflator-tsuki-2607,deftsuki2020（四半期別）!AZ43,https://www.mlit.go.jp/statistics/details/content/deftsuki_2607.xlsx,PDL1.0,,2020年度基準(2020年度平均=100)。2026年4月分の公表から2020年度基準に改定(原本注)。ウエイト項目に営業余剰や間接税(消費税を含む)等を含めない(原本注)。原本の期間表示「2024年 4-6月」(暦年の四半期)。2023年度以降は建設投資のウエイトに2020〜2022年度の平均値を暫定的に使用(原本注)。注意(W2 の照合): 2020年4-6月期以降の四半期別シートの「地方道路公社等」から「S事務所・その他」までの33列は、月別シートの同じ系列の3か月平均と合わず、左隣の系列の3か月平均と合う。四半期別の値が1列右にずれている疑い。値は原本のまま
38799c947e337817,JP,index,建設工事費デフレーター（2020年度基準） 四半期別,空港,建設総合 > 土木総合 > 公共事業 > 土木2 > 空港,index (2020年度平均 = 100),national,JP,日本,,,,116.5,,index_value,published_pdl,,,2024Q2,,mlit-deflator-tsuki-2607,deftsuki2020（四半期別）!BA43,https://www.mlit.go.jp/statistics/details/content/deftsuki_2607.xlsx,PDL1.0,,2020年度基準(2020年度平均=100)。2026年4月分の公表から2020年度基準に改定(原本注)。ウエイト項目に営業余剰や間接税(消費税を含む)等を含めない(原本注)。原本の期間表示「2024年 4-6月」(暦年の四半期)。2023年度以降は建設投資のウエイトに2020〜2022年度の平均値を暫定的に使用(原本注)。注意(W2 の照合): 2020年4-6月期以降の四半期別シートの「地方道路公社等」から「S事務所・その他」までの33列は、月別シートの同じ系列の3か月平均と合わず、左隣の系列の3か月平均と合う。四半期別の値が1列右にずれている疑い。値は原本のまま
d5d0ae378bf71a0e,JP,index,建設工事費デフレーター（2020年度基準） 四半期別,環境衛生,建設総合 > 土木総合 > 公共事業 > 土木2 > 環境衛生,index (2020年度平均 = 100),national,JP,日本,,,,112.1,,index_value,published_pdl,,,2024Q2,,mlit-deflator-tsuki-2607,deftsuki2020（四半期別）!BB43,https://www.mlit.go.jp/statistics/details/content/deftsuki_2607.xlsx,PDL1.0,,2020年度基準(2020年度平均=100)。2026年4月分の公表から2020年度基準に改定(原本注)。ウエイト項目に営業余剰や間接税(消費税を含む)等を含めない(原本注)。原本の期間表示「2024年 4-6月」(暦年の四半期)。2023年度以降は建設投資のウエイトに2020〜2022年度の平均値を暫定的に使用(原本注)。注意(W2 の照合): 2020年4-6月期以降の四半期別シートの「地方道路公社等」から「S事務所・その他」までの33列は、月別シートの同じ系列の3か月平均と合わず、左隣の系列の3か月平均と合う。四半期別の値が1列右にずれている疑い。値は原本のまま
a17fb35092720fd0,JP,index,建設工事費デフレーター（2020年度基準） 四半期別,農林関係公共事業,建設総合 > 土木総合 > 公共事業 > 土木2 > 農林関係公共事業,index (2020年度平均 = 100),national,JP,日本,,,,117.6,,index_value,published_pdl,,,2024Q2,,mlit-deflator-tsuki-2607,deftsuki2020（四半期別）!BC43,https://www.mlit.go.jp/statistics/details/content/deftsuki_2607.xlsx,PDL1.0,,2020年度基準(2020年度平均=100)。2026年4月分の公表から2020年度基準に改定(原本注)。ウエイト項目に営業余剰や間接税(消費税を含む)等を含めない(原本注)。原本の期間表示「2024年 4-6月」(暦年の四半期)。2023年度以降は建設投資のウエイトに2020〜2022年度の平均値を暫定的に使用(原本注)。注意(W2 の照合): 2020年4-6月期以降の四半期別シートの「地方道路公社等」から「S事務所・その他」までの33列は、月別シートの同じ系列の3か月平均と合わず、左隣の系列の3か月平均と合う。四半期別の値が1列右にずれている疑い。値は原本のまま
faf18bfdcffd06f2,JP,index,建設工事費デフレーター（2020年度基準） 四半期別,その他土木,建設総合 > 土木総合 > その他土木 (原本の列 BD。同じ表頭の列が2つある),index (2020年度平均 = 100),national,JP,日本,,,,117.4,,index_value,published_pdl,,,2024Q2,,mlit-deflator-tsuki-2607,deftsuki2020（四半期別）!BD43,https://www.mlit.go.jp/statistics/details/content/deftsuki_2607.xlsx,PDL1.0,,2020年度基準(2020年度平均=100)。2026年4月分の公表から2020年度基準に改定(原本注)。ウエイト項目に営業余剰や間接税(消費税を含む)等を含めない(原本注)。原本の期間表示「2024年 4-6月」(暦年の四半期)。2023年度以降は建設投資のウエイトに2020〜2022年度の平均値を暫定的に使用(原本注)。注意(W2 の照合): 2020年4-6月期以降の四半期別シートの「地方道路公社等」から「S事務所・その他」までの33列は、月別シートの同じ系列の3か月平均と合わず、左隣の系列の3か月平均と合う。四半期別の値が1列右にずれている疑い。値は原本のまま
0c374983b557e553,JP,index,建設工事費デフレーター（2020年度基準） 四半期別,鉄道軌道,建設総合 > 土木総合 > その他土木 > 鉄道軌道,index (2020年度平均 = 100),national,JP,日本,,,,117.5,,index_value,published_pdl,,,2024Q2,,mlit-deflator-tsuki-2607,deftsuki2020（四半期別）!BE43,https://www.mlit.go.jp/statistics/details/content/deftsuki_2607.xlsx,PDL1.0,,2020年度基準(2020年度平均=100)。2026年4月分の公表から2020年度基準に改定(原本注)。ウエイト項目に営業余剰や間接税(消費税を含む)等を含めない(原本注)。原本の期間表示「2024年 4-6月」(暦年の四半期)。2023年度以降は建設投資のウエイトに2020〜2022年度の平均値を暫定的に使用(原本注)。注意(W2 の照合): 2020年4-6月期以降の四半期別シートの「地方道路公社等」から「S事務所・その他」までの33列は、月別シートの同じ系列の3か月平均と合わず、左隣の系列の3か月平均と合う。四半期別の値が1列右にずれている疑い。値は原本のまま
a5301edeeeff00bf,JP,index,建設工事費デフレーター（2020年度基準） 四半期別,電力,建設総合 > 土木総合 > その他土木 > 電力,index (2020年度平均 = 100),national,JP,日本,,,,119.8,,index_value,published_pdl,,,2024Q2,,mlit-deflator-tsuki-2607,deftsuki2020（四半期別）!BF43,https://www.mlit.go.jp/statistics/details/content/deftsuki_2607.xlsx,PDL1.0,,2020年度基準(2020年度平均=100)。2026年4月分の公表から2020年度基準に改定(原本注)。ウエイト項目に営業余剰や間接税(消費税を含む)等を含めない(原本注)。原本の期間表示「2024年 4-6月」(暦年の四半期)。2023年度以降は建設投資のウエイトに2020〜2022年度の平均値を暫定的に使用(原本注)。注意(W2 の照合): 2020年4-6月期以降の四半期別シートの「地方道路公社等」から「S事務所・その他」までの33列は、月別シートの同じ系列の3か月平均と合わず、左隣の系列の3か月平均と合う。四半期別の値が1列右にずれている疑い。値は原本のまま
c7334e05c39783b1,JP,index,建設工事費デフレーター（2020年度基準） 四半期別,電気通信,建設総合 > 土木総合 > その他土木 > 電気通信,index (2020年度平均 = 100),national,JP,日本,,,,118.7,,index_value,published_pdl,,,2024Q2,,mlit-deflator-tsuki-2607,deftsuki2020（四半期別）!BG43,https://www.mlit.go.jp/statistics/details/content/deftsuki_2607.xlsx,PDL1.0,,2020年度基準(2020年度平均=100)。2026年4月分の公表から2020年度基準に改定(原本注)。ウエイト項目に営業余剰や間接税(消費税を含む)等を含めない(原本注)。原本の期間表示「2024年 4-6月」(暦年の四半期)。2023年度以降は建設投資のウエイトに2020〜2022年度の平均値を暫定的に使用(原本注)。注意(W2 の照合): 2020年4-6月期以降の四半期別シートの「地方道路公社等」から「S事務所・その他」までの33列は、月別シートの同じ系列の3か月平均と合わず、左隣の系列の3か月平均と合う。四半期別の値が1列右にずれている疑い。値は原本のまま
26071f26162fbf2e,JP,index,建設工事費デフレーター（2020年度基準） 四半期別,上・工業用水道,建設総合 > 土木総合 > その他土木 > 上・工業用水道,index (2020年度平均 = 100),national,JP,日本,,,,115.3,,index_value,published_pdl,,,2024Q2,,mlit-deflator-tsuki-2607,deftsuki2020（四半期別）!BH43,https://www.mlit.go.jp/statistics/details/content/deftsuki_2607.xlsx,PDL1.0,,2020年度基準(2020年度平均=100)。2026年4月分の公表から2020年度基準に改定(原本注)。ウエイト項目に営業余剰や間接税(消費税を含む)等を含めない(原本注)。原本の期間表示「2024年 4-6月」(暦年の四半期)。2023年度以降は建設投資のウエイトに2020〜2022年度の平均値を暫定的に使用(原本注)。注意(W2 の照合): 2020年4-6月期以降の四半期別シートの「地方道路公社等」から「S事務所・その他」までの33列は、月別シートの同じ系列の3か月平均と合わず、左隣の系列の3か月平均と合う。四半期別の値が1列右にずれている疑い。値は原本のまま
d68dfc1671601b07,JP,index,建設工事費デフレーター（2020年度基準） 四半期別,土地造成,建設総合 > 土木総合 > その他土木 > 土地造成,index (2020年度平均 = 100),national,JP,日本,,,,117,,index_value,published_pdl,,,2024Q2,,mlit-deflator-tsuki-2607,deftsuki2020（四半期別）!BI43,https://www.mlit.go.jp/statistics/details/content/deftsuki_2607.xlsx,PDL1.0,,2020年度基準(2020年度平均=100)。2026年4月分の公表から2020年度基準に改定(原本注)。ウエイト項目に営業余剰や間接税(消費税を含む)等を含めない(原本注)。原本の期間表示「2024年 4-6月」(暦年の四半期)。2023年度以降は建設投資のウエイトに2020〜2022年度の平均値を暫定的に使用(原本注)。注意(W2 の照合): 2020年4-6月期以降の四半期別シートの「地方道路公社等」から「S事務所・その他」までの33列は、月別シートの同じ系列の3か月平均と合わず、左隣の系列の3か月平均と合う。四半期別の値が1列右にずれている疑い。値は原本のまま
d1be156ec4eef800,JP,index,建設工事費デフレーター（2020年度基準） 四半期別,その他土木,建設総合 > 土木総合 > その他土木 (原本の列 BJ。同じ表頭の列が2つある),index (2020年度平均 = 100),national,JP,日本,,,,115.3,,index_value,published_pdl,,,2024Q2,,mlit-deflator-tsuki-2607,deftsuki2020（四半期別）!BJ43,https://www.mlit.go.jp/statistics/details/content/deftsuki_2607.xlsx,PDL1.0,,2020年度基準(2020年度平均=100)。2026年4月分の公表から2020年度基準に改定(原本注)。ウエイト項目に営業余剰や間接税(消費税を含む)等を含めない(原本注)。原本の期間表示「2024年 4-6月」(暦年の四半期)。2023年度以降は建設投資のウエイトに2020〜2022年度の平均値を暫定的に使用(原本注)。注意(W2 の照合): 2020年4-6月期以降の四半期別シートの「地方道路公社等」から「S事務所・その他」までの33列は、月別シートの同じ系列の3か月平均と合わず、左隣の系列の3か月平均と合う。四半期別の値が1列右にずれている疑い。値は原本のまま
1ec132d4293fa761,JP,index,建設工事費デフレーター（2020年度基準） 四半期別,W在来住宅,W在来住宅,index (2020年度平均 = 100),national,JP,日本,,,,116.4,,index_value,published_pdl,,,2024Q2,,mlit-deflator-tsuki-2607,deftsuki2020（四半期別）!BK43,https://www.mlit.go.jp/statistics/details/content/deftsuki_2607.xlsx,PDL1.0,,2020年度基準(2020年度平均=100)。2026年4月分の公表から2020年度基準に改定(原本注)。ウエイト項目に営業余剰や間接税(消費税を含む)等を含めない(原本注)。原本の期間表示「2024年 4-6月」(暦年の四半期)。2023年度以降は建設投資のウエイトに2020〜2022年度の平均値を暫定的に使用(原本注)。注意(W2 の照合): 2020年4-6月期以降の四半期別シートの「地方道路公社等」から「S事務所・その他」までの33列は、月別シートの同じ系列の3か月平均と合わず、左隣の系列の3か月平均と合う。四半期別の値が1列右にずれている疑い。値は原本のまま
5ab87dd9bb0248a0,JP,index,建設工事費デフレーター（2020年度基準） 四半期別,W量産住宅,W量産住宅,index (2020年度平均 = 100),national,JP,日本,,,,118.2,,index_value,published_pdl,,,2024Q2,,mlit-deflator-tsuki-2607,deftsuki2020（四半期別）!BL43,https://www.mlit.go.jp/statistics/details/content/deftsuki_2607.xlsx,PDL1.0,,2020年度基準(2020年度平均=100)。2026年4月分の公表から2020年度基準に改定(原本注)。ウエイト項目に営業余剰や間接税(消費税を含む)等を含めない(原本注)。原本の期間表示「2024年 4-6月」(暦年の四半期)。2023年度以降は建設投資のウエイトに2020〜2022年度の平均値を暫定的に使用(原本注)。注意(W2 の照合): 2020年4-6月期以降の四半期別シートの「地方道路公社等」から「S事務所・その他」までの33列は、月別シートの同じ系列の3か月平均と合わず、左隣の系列の3か月平均と合う。四半期別の値が1列右にずれている疑い。値は原本のまま
54c7435cf4522aeb,JP,index,建設工事費デフレーター（2020年度基準） 四半期別,RC在来住宅,RC在来住宅,index (2020年度平均 = 100),national,JP,日本,,,,119.6,,index_value,published_pdl,,,2024Q2,,mlit-deflator-tsuki-2607,deftsuki2020（四半期別）!BM43,https://www.mlit.go.jp/statistics/details/content/deftsuki_2607.xlsx,PDL1.0,,2020年度基準(2020年度平均=100)。2026年4月分の公表から2020年度基準に改定(原本注)。ウエイト項目に営業余剰や間接税(消費税を含む)等を含めない(原本注)。原本の期間表示「2024年 4-6月」(暦年の四半期)。2023年度以降は建設投資のウエイトに2020〜2022年度の平均値を暫定的に使用(原本注)。注意(W2 の照合): 2020年4-6月期以降の四半期別シートの「地方道路公社等」から「S事務所・その他」までの33列は、月別シートの同じ系列の3か月平均と合わず、左隣の系列の3か月平均と合う。四半期別の値が1列右にずれている疑い。値は原本のまま
7bf5819f399839eb,JP,index,建設工事費デフレーター（2020年度基準） 四半期別,RC量産住宅,RC量産住宅,index (2020年度平均 = 100),national,JP,日本,,,,118.2,,index_value,published_pdl,,,2024Q2,,mlit-deflator-tsuki-2607,deftsuki2020（四半期別）!BN43,https://www.mlit.go.jp/statistics/details/content/deftsuki_2607.xlsx,PDL1.0,,2020年度基準(2020年度平均=100)。2026年4月分の公表から2020年度基準に改定(原本注)。ウエイト項目に営業余剰や間接税(消費税を含む)等を含めない(原本注)。原本の期間表示「2024年 4-6月」(暦年の四半期)。2023年度以降は建設投資のウエイトに2020〜2022年度の平均値を暫定的に使用(原本注)。注意(W2 の照合): 2020年4-6月期以降の四半期別シートの「地方道路公社等」から「S事務所・その他」までの33列は、月別シートの同じ系列の3か月平均と合わず、左隣の系列の3か月平均と合う。四半期別の値が1列右にずれている疑い。値は原本のまま
65c24326a3720164,JP,index,建設工事費デフレーター（2020年度基準） 四半期別,S在来住宅,S在来住宅,index (2020年度平均 = 100),national,JP,日本,,,,117.9,,index_value,published_pdl,,,2024Q2,,mlit-deflator-tsuki-2607,deftsuki2020（四半期別）!BO43,https://www.mlit.go.jp/statistics/details/content/deftsuki_2607.xlsx,PDL1.0,,2020年度基準(2020年度平均=100)。2026年4月分の公表から2020年度基準に改定(原本注)。ウエイト項目に営業余剰や間接税(消費税を含む)等を含めない(原本注)。原本の期間表示「2024年 4-6月」(暦年の四半期)。2023年度以降は建設投資のウエイトに2020〜2022年度の平均値を暫定的に使用(原本注)。注意(W2 の照合): 2020年4-6月期以降の四半期別シートの「地方道路公社等」から「S事務所・その他」までの33列は、月別シートの同じ系列の3か月平均と合わず、左隣の系列の3か月平均と合う。四半期別の値が1列右にずれている疑い。値は原本のまま
d2d4d3efcb7408c9,JP,index,建設工事費デフレーター（2020年度基準） 四半期別,S量産住宅,S量産住宅,index (2020年度平均 = 100),national,JP,日本,,,,119,,index_value,published_pdl,,,2024Q2,,mlit-deflator-tsuki-2607,deftsuki2020（四半期別）!BP43,https://www.mlit.go.jp/statistics/details/content/deftsuki_2607.xlsx,PDL1.0,,2020年度基準(2020年度平均=100)。2026年4月分の公表から2020年度基準に改定(原本注)。ウエイト項目に営業余剰や間接税(消費税を含む)等を含めない(原本注)。原本の期間表示「2024年 4-6月」(暦年の四半期)。2023年度以降は建設投資のウエイトに2020〜2022年度の平均値を暫定的に使用(原本注)。注意(W2 の照合): 2020年4-6月期以降の四半期別シートの「地方道路公社等」から「S事務所・その他」までの33列は、月別シートの同じ系列の3か月平均と合わず、左隣の系列の3か月平均と合う。四半期別の値が1列右にずれている疑い。値は原本のまま
cc22241c67e9b893,JP,index,建設工事費デフレーター（2020年度基準） 四半期別,W工場・倉庫,W工場・倉庫,index (2020年度平均 = 100),national,JP,日本,,,,121.3,,index_value,published_pdl,,,2024Q2,,mlit-deflator-tsuki-2607,deftsuki2020（四半期別）!BQ43,https://www.mlit.go.jp/statistics/details/content/deftsuki_2607.xlsx,PDL1.0,,2020年度基準(2020年度平均=100)。2026年4月分の公表から2020年度基準に改定(原本注)。ウエイト項目に営業余剰や間接税(消費税を含む)等を含めない(原本注)。原本の期間表示「2024年 4-6月」(暦年の四半期)。2023年度以降は建設投資のウエイトに2020〜2022年度の平均値を暫定的に使用(原本注)。注意(W2 の照合): 2020年4-6月期以降の四半期別シートの「地方道路公社等」から「S事務所・その他」までの33列は、月別シートの同じ系列の3か月平均と合わず、左隣の系列の3か月平均と合う。四半期別の値が1列右にずれている疑い。値は原本のまま
4894e0bcaef60034,JP,index,建設工事費デフレーター（2020年度基準） 四半期別,W事務所・その他,W事務所・その他,index (2020年度平均 = 100),national,JP,日本,,,,117.6,,index_value,published_pdl,,,2024Q2,,mlit-deflator-tsuki-2607,deftsuki2020（四半期別）!BR43,https://www.mlit.go.jp/statistics/details/content/deftsuki_2607.xlsx,PDL1.0,,2020年度基準(2020年度平均=100)。2026年4月分の公表から2020年度基準に改定(原本注)。ウエイト項目に営業余剰や間接税(消費税を含む)等を含めない(原本注)。原本の期間表示「2024年 4-6月」(暦年の四半期)。2023年度以降は建設投資のウエイトに2020〜2022年度の平均値を暫定的に使用(原本注)。注意(W2 の照合): 2020年4-6月期以降の四半期別シートの「地方道路公社等」から「S事務所・その他」までの33列は、月別シートの同じ系列の3か月平均と合わず、左隣の系列の3か月平均と合う。四半期別の値が1列右にずれている疑い。値は原本のまま
d4052f8bd7279192,JP,index,建設工事費デフレーター（2020年度基準） 四半期別,SRC工場・倉庫,SRC工場・倉庫,index (2020年度平均 = 100),national,JP,日本,,,,117.2,,index_value,published_pdl,,,2024Q2,,mlit-deflator-tsuki-2607,deftsuki2020（四半期別）!BS43,https://www.mlit.go.jp/statistics/details/content/deftsuki_2607.xlsx,PDL1.0,,2020年度基準(2020年度平均=100)。2026年4月分の公表から2020年度基準に改定(原本注)。ウエイト項目に営業余剰や間接税(消費税を含む)等を含めない(原本注)。原本の期間表示「2024年 4-6月」(暦年の四半期)。2023年度以降は建設投資のウエイトに2020〜2022年度の平均値を暫定的に使用(原本注)。注意(W2 の照合): 2020年4-6月期以降の四半期別シートの「地方道路公社等」から「S事務所・その他」までの33列は、月別シートの同じ系列の3か月平均と合わず、左隣の系列の3か月平均と合う。四半期別の値が1列右にずれている疑い。値は原本のまま
9be0a127fa991cd3,JP,index,建設工事費デフレーター（2020年度基準） 四半期別,SRC事務所・その他,SRC事務所・その他,index (2020年度平均 = 100),national,JP,日本,,,,118.3,,index_value,published_pdl,,,2024Q2,,mlit-deflator-tsuki-2607,deftsuki2020（四半期別）!BT43,https://www.mlit.go.jp/statistics/details/content/deftsuki_2607.xlsx,PDL1.0,,2020年度基準(2020年度平均=100)。2026年4月分の公表から2020年度基準に改定(原本注)。ウエイト項目に営業余剰や間接税(消費税を含む)等を含めない(原本注)。原本の期間表示「2024年 4-6月」(暦年の四半期)。2023年度以降は建設投資のウエイトに2020〜2022年度の平均値を暫定的に使用(原本注)。注意(W2 の照合): 2020年4-6月期以降の四半期別シートの「地方道路公社等」から「S事務所・その他」までの33列は、月別シートの同じ系列の3か月平均と合わず、左隣の系列の3か月平均と合う。四半期別の値が1列右にずれている疑い。値は原本のまま
1f94d1e427cb0961,JP,index,建設工事費デフレーター（2020年度基準） 四半期別,RC工場・倉庫,RC工場・倉庫,index (2020年度平均 = 100),national,JP,日本,,,,116.9,,index_value,published_pdl,,,2024Q2,,mlit-deflator-tsuki-2607,deftsuki2020（四半期別）!BU43,https://www.mlit.go.jp/statistics/details/content/deftsuki_2607.xlsx,PDL1.0,,2020年度基準(2020年度平均=100)。2026年4月分の公表から2020年度基準に改定(原本注)。ウエイト項目に営業余剰や間接税(消費税を含む)等を含めない(原本注)。原本の期間表示「2024年 4-6月」(暦年の四半期)。2023年度以降は建設投資のウエイトに2020〜2022年度の平均値を暫定的に使用(原本注)。注意(W2 の照合): 2020年4-6月期以降の四半期別シートの「地方道路公社等」から「S事務所・その他」までの33列は、月別シートの同じ系列の3か月平均と合わず、左隣の系列の3か月平均と合う。四半期別の値が1列右にずれている疑い。値は原本のまま
e508ddd4a916bbcd,JP,index,建設工事費デフレーター（2020年度基準） 四半期別,RC学校,RC学校,index (2020年度平均 = 100),national,JP,日本,,,,117.9,,index_value,published_pdl,,,2024Q2,,mlit-deflator-tsuki-2607,deftsuki2020（四半期別）!BV43,https://www.mlit.go.jp/statistics/details/content/deftsuki_2607.xlsx,PDL1.0,,2020年度基準(2020年度平均=100)。2026年4月分の公表から2020年度基準に改定(原本注)。ウエイト項目に営業余剰や間接税(消費税を含む)等を含めない(原本注)。原本の期間表示「2024年 4-6月」(暦年の四半期)。2023年度以降は建設投資のウエイトに2020〜2022年度の平均値を暫定的に使用(原本注)。注意(W2 の照合): 2020年4-6月期以降の四半期別シートの「地方道路公社等」から「S事務所・その他」までの33列は、月別シートの同じ系列の3か月平均と合わず、左隣の系列の3か月平均と合う。四半期別の値が1列右にずれている疑い。値は原本のまま
746a5a9d66af8718,JP,index,建設工事費デフレーター（2020年度基準） 四半期別,RC事務所・その他,RC事務所・その他,index (2020年度平均 = 100),national,JP,日本,,,,117.2,,index_value,published_pdl,,,2024Q2,,mlit-deflator-tsuki-2607,deftsuki2020（四半期別）!BW43,https://www.mlit.go.jp/statistics/details/content/deftsuki_2607.xlsx,PDL1.0,,2020年度基準(2020年度平均=100)。2026年4月分の公表から2020年度基準に改定(原本注)。ウエイト項目に営業余剰や間接税(消費税を含む)等を含めない(原本注)。原本の期間表示「2024年 4-6月」(暦年の四半期)。2023年度以降は建設投資のウエイトに2020〜2022年度の平均値を暫定的に使用(原本注)。注意(W2 の照合): 2020年4-6月期以降の四半期別シートの「地方道路公社等」から「S事務所・その他」までの33列は、月別シートの同じ系列の3か月平均と合わず、左隣の系列の3か月平均と合う。四半期別の値が1列右にずれている疑い。値は原本のまま
11b7202c7a07d26a,JP,index,建設工事費デフレーター（2020年度基準） 四半期別,S工場・倉庫,S工場・倉庫,index (2020年度平均 = 100),national,JP,日本,,,,117.4,,index_value,published_pdl,,,2024Q2,,mlit-deflator-tsuki-2607,deftsuki2020（四半期別）!BX43,https://www.mlit.go.jp/statistics/details/content/deftsuki_2607.xlsx,PDL1.0,,2020年度基準(2020年度平均=100)。2026年4月分の公表から2020年度基準に改定(原本注)。ウエイト項目に営業余剰や間接税(消費税を含む)等を含めない(原本注)。原本の期間表示「2024年 4-6月」(暦年の四半期)。2023年度以降は建設投資のウエイトに2020〜2022年度の平均値を暫定的に使用(原本注)。注意(W2 の照合): 2020年4-6月期以降の四半期別シートの「地方道路公社等」から「S事務所・その他」までの33列は、月別シートの同じ系列の3か月平均と合わず、左隣の系列の3か月平均と合う。四半期別の値が1列右にずれている疑い。値は原本のまま
0f9701195b1855ae,JP,index,建設工事費デフレーター（2020年度基準） 四半期別,S事務所・その他,S事務所・その他,index (2020年度平均 = 100),national,JP,日本,,,,118.2,,index_value,published_pdl,,,2024Q2,,mlit-deflator-tsuki-2607,deftsuki2020（四半期別）!BY43,https://www.mlit.go.jp/statistics/details/content/deftsuki_2607.xlsx,PDL1.0,,2020年度基準(2020年度平均=100)。2026年4月分の公表から2020年度基準に改定(原本注)。ウエイト項目に営業余剰や間接税(消費税を含む)等を含めない(原本注)。原本の期間表示「2024年 4-6月」(暦年の四半期)。2023年度以降は建設投資のウエイトに2020〜2022年度の平均値を暫定的に使用(原本注)。注意(W2 の照合): 2020年4-6月期以降の四半期別シートの「地方道路公社等」から「S事務所・その他」までの33列は、月別シートの同じ系列の3か月平均と合わず、左隣の系列の3か月平均と合う。四半期別の値が1列右にずれている疑い。値は原本のまま
6e9f07f3bb369bdc,JP,index,建設工事費デフレーター（2020年度基準） 四半期別,地方道路公社等,建設総合 > 土木総合 > 公共事業 > 土木1（除く災害復旧） > 道路総合 > 有料道路 > 地方道路公社等,index (2020年度平均 = 100),national,JP,日本,,,,117.3,,index_value,published_pdl,,,2024Q3,,mlit-deflator-tsuki-2607,deftsuki2020（四半期別）!AS44,https://www.mlit.go.jp/statistics/details/content/deftsuki_2607.xlsx,PDL1.0,,2020年度基準(2020年度平均=100)。2026年4月分の公表から2020年度基準に改定(原本注)。ウエイト項目に営業余剰や間接税(消費税を含む)等を含めない(原本注)。原本の期間表示「2024年 7-9月」(暦年の四半期)。2023年度以降は建設投資のウエイトに2020〜2022年度の平均値を暫定的に使用(原本注)。注意(W2 の照合): 2020年4-6月期以降の四半期別シートの「地方道路公社等」から「S事務所・その他」までの33列は、月別シートの同じ系列の3か月平均と合わず、左隣の系列の3か月平均と合う。四半期別の値が1列右にずれている疑い。値は原本のまま
d58826cdeb25420d,JP,index,建設工事費デフレーター（2020年度基準） 四半期別,道路2（再掲）,建設総合 > 土木総合 > 公共事業 > 土木1（除く災害復旧） > 道路2（再掲）,index (2020年度平均 = 100),national,JP,日本,,,,117.6,,index_value,published_pdl,,,2024Q3,,mlit-deflator-tsuki-2607,deftsuki2020（四半期別）!AT44,https://www.mlit.go.jp/statistics/details/content/deftsuki_2607.xlsx,PDL1.0,,2020年度基準(2020年度平均=100)。2026年4月分の公表から2020年度基準に改定(原本注)。ウエイト項目に営業余剰や間接税(消費税を含む)等を含めない(原本注)。原本の期間表示「2024年 7-9月」(暦年の四半期)。2023年度以降は建設投資のウエイトに2020〜2022年度の平均値を暫定的に使用(原本注)。注意(W2 の照合): 2020年4-6月期以降の四半期別シートの「地方道路公社等」から「S事務所・その他」までの33列は、月別シートの同じ系列の3か月平均と合わず、左隣の系列の3か月平均と合う。四半期別の値が1列右にずれている疑い。値は原本のまま
780d8166e19af7ee,JP,index,建設工事費デフレーター（2020年度基準） 四半期別,街路2（再掲）,建設総合 > 土木総合 > 公共事業 > 土木1（除く災害復旧） > 街路2（再掲）,index (2020年度平均 = 100),national,JP,日本,,,,118.2,,index_value,published_pdl,,,2024Q3,,mlit-deflator-tsuki-2607,deftsuki2020（四半期別）!AU44,https://www.mlit.go.jp/statistics/details/content/deftsuki_2607.xlsx,PDL1.0,,2020年度基準(2020年度平均=100)。2026年4月分の公表から2020年度基準に改定(原本注)。ウエイト項目に営業余剰や間接税(消費税を含む)等を含めない(原本注)。原本の期間表示「2024年 7-9月」(暦年の四半期)。2023年度以降は建設投資のウエイトに2020〜2022年度の平均値を暫定的に使用(原本注)。注意(W2 の照合): 2020年4-6月期以降の四半期別シートの「地方道路公社等」から「S事務所・その他」までの33列は、月別シートの同じ系列の3か月平均と合わず、左隣の系列の3か月平均と合う。四半期別の値が1列右にずれている疑い。値は原本のまま
10395177fbb5a8c6,JP,index,建設工事費デフレーター（2020年度基準） 四半期別,公園,建設総合 > 土木総合 > 公共事業 > 土木1（除く災害復旧） > 公園,index (2020年度平均 = 100),national,JP,日本,,,,117.9,,index_value,published_pdl,,,2024Q3,,mlit-deflator-tsuki-2607,deftsuki2020（四半期別）!AV44,https://www.mlit.go.jp/statistics/details/content/deftsuki_2607.xlsx,PDL1.0,,2020年度基準(2020年度平均=100)。2026年4月分の公表から2020年度基準に改定(原本注)。ウエイト項目に営業余剰や間接税(消費税を含む)等を含めない(原本注)。原本の期間表示「2024年 7-9月」(暦年の四半期)。2023年度以降は建設投資のウエイトに2020〜2022年度の平均値を暫定的に使用(原本注)。注意(W2 の照合): 2020年4-6月期以降の四半期別シートの「地方道路公社等」から「S事務所・その他」までの33列は、月別シートの同じ系列の3か月平均と合わず、左隣の系列の3か月平均と合う。四半期別の値が1列右にずれている疑い。値は原本のまま
96f1162e35ef8427,JP,index,建設工事費デフレーター（2020年度基準） 四半期別,下水道,建設総合 > 土木総合 > 公共事業 > 土木1（除く災害復旧） > 下水道,index (2020年度平均 = 100),national,JP,日本,,,,115.7,,index_value,published_pdl,,,2024Q3,,mlit-deflator-tsuki-2607,deftsuki2020（四半期別）!AW44,https://www.mlit.go.jp/statistics/details/content/deftsuki_2607.xlsx,PDL1.0,,2020年度基準(2020年度平均=100)。2026年4月分の公表から2020年度基準に改定(原本注)。ウエイト項目に営業余剰や間接税(消費税を含む)等を含めない(原本注)。原本の期間表示「2024年 7-9月」(暦年の四半期)。2023年度以降は建設投資のウエイトに2020〜2022年度の平均値を暫定的に使用(原本注)。注意(W2 の照合): 2020年4-6月期以降の四半期別シートの「地方道路公社等」から「S事務所・その他」までの33列は、月別シートの同じ系列の3か月平均と合わず、左隣の系列の3か月平均と合う。四半期別の値が1列右にずれている疑い。値は原本のまま
78c999e6650c4fb8,JP,index,建設工事費デフレーター（2020年度基準） 四半期別,災害復旧,建設総合 > 土木総合 > 公共事業 > 土木1（除く災害復旧） > 災害復旧,index (2020年度平均 = 100),national,JP,日本,,,,117.2,,index_value,published_pdl,,,2024Q3,,mlit-deflator-tsuki-2607,deftsuki2020（四半期別）!AX44,https://www.mlit.go.jp/statistics/details/content/deftsuki_2607.xlsx,PDL1.0,,2020年度基準(2020年度平均=100)。2026年4月分の公表から2020年度基準に改定(原本注)。ウエイト項目に営業余剰や間接税(消費税を含む)等を含めない(原本注)。原本の期間表示「2024年 7-9月」(暦年の四半期)。2023年度以降は建設投資のウエイトに2020〜2022年度の平均値を暫定的に使用(原本注)。注意(W2 の照合): 2020年4-6月期以降の四半期別シートの「地方道路公社等」から「S事務所・その他」までの33列は、月別シートの同じ系列の3か月平均と合わず、左隣の系列の3か月平均と合う。四半期別の値が1列右にずれている疑い。値は原本のまま
8ed62fa6f36713bf,JP,index,建設工事費デフレーター（2020年度基準） 四半期別,土木2,建設総合 > 土木総合 > 公共事業 > 土木2,index (2020年度平均 = 100),national,JP,日本,,,,117.5,,index_value,published_pdl,,,2024Q3,,mlit-deflator-tsuki-2607,deftsuki2020（四半期別）!AY44,https://www.mlit.go.jp/statistics/details/content/deftsuki_2607.xlsx,PDL1.0,,2020年度基準(2020年度平均=100)。2026年4月分の公表から2020年度基準に改定(原本注)。ウエイト項目に営業余剰や間接税(消費税を含む)等を含めない(原本注)。原本の期間表示「2024年 7-9月」(暦年の四半期)。2023年度以降は建設投資のウエイトに2020〜2022年度の平均値を暫定的に使用(原本注)。注意(W2 の照合): 2020年4-6月期以降の四半期別シートの「地方道路公社等」から「S事務所・その他」までの33列は、月別シートの同じ系列の3か月平均と合わず、左隣の系列の3か月平均と合う。四半期別の値が1列右にずれている疑い。値は原本のまま
5c020a229ed1af2b,JP,index,建設工事費デフレーター（2020年度基準） 四半期別,港湾・漁港,建設総合 > 土木総合 > 公共事業 > 土木2 > 港湾・漁港,index (2020年度平均 = 100),national,JP,日本,,,,117.5,,index_value,published_pdl,,,2024Q3,,mlit-deflator-tsuki-2607,deftsuki2020（四半期別）!AZ44,https://www.mlit.go.jp/statistics/details/content/deftsuki_2607.xlsx,PDL1.0,,2020年度基準(2020年度平均=100)。2026年4月分の公表から2020年度基準に改定(原本注)。ウエイト項目に営業余剰や間接税(消費税を含む)等を含めない(原本注)。原本の期間表示「2024年 7-9月」(暦年の四半期)。2023年度以降は建設投資のウエイトに2020〜2022年度の平均値を暫定的に使用(原本注)。注意(W2 の照合): 2020年4-6月期以降の四半期別シートの「地方道路公社等」から「S事務所・その他」までの33列は、月別シートの同じ系列の3か月平均と合わず、左隣の系列の3か月平均と合う。四半期別の値が1列右にずれている疑い。値は原本のまま
4995dd976a9a353a,JP,index,建設工事費デフレーター（2020年度基準） 四半期別,空港,建設総合 > 土木総合 > 公共事業 > 土木2 > 空港,index (2020年度平均 = 100),national,JP,日本,,,,117.4,,index_value,published_pdl,,,2024Q3,,mlit-deflator-tsuki-2607,deftsuki2020（四半期別）!BA44,https://www.mlit.go.jp/statistics/details/content/deftsuki_2607.xlsx,PDL1.0,,2020年度基準(2020年度平均=100)。2026年4月分の公表から2020年度基準に改定(原本注)。ウエイト項目に営業余剰や間接税(消費税を含む)等を含めない(原本注)。原本の期間表示「2024年 7-9月」(暦年の四半期)。2023年度以降は建設投資のウエイトに2020〜2022年度の平均値を暫定的に使用(原本注)。注意(W2 の照合): 2020年4-6月期以降の四半期別シートの「地方道路公社等」から「S事務所・その他」までの33列は、月別シートの同じ系列の3か月平均と合わず、左隣の系列の3か月平均と合う。四半期別の値が1列右にずれている疑い。値は原本のまま
f84feb50caab819f,JP,index,建設工事費デフレーター（2020年度基準） 四半期別,環境衛生,建設総合 > 土木総合 > 公共事業 > 土木2 > 環境衛生,index (2020年度平均 = 100),national,JP,日本,,,,112.9,,index_value,published_pdl,,,2024Q3,,mlit-deflator-tsuki-2607,deftsuki2020（四半期別）!BB44,https://www.mlit.go.jp/statistics/details/content/deftsuki_2607.xlsx,PDL1.0,,2020年度基準(2020年度平均=100)。2026年4月分の公表から2020年度基準に改定(原本注)。ウエイト項目に営業余剰や間接税(消費税を含む)等を含めない(原本注)。原本の期間表示「2024年 7-9月」(暦年の四半期)。2023年度以降は建設投資のウエイトに2020〜2022年度の平均値を暫定的に使用(原本注)。注意(W2 の照合): 2020年4-6月期以降の四半期別シートの「地方道路公社等」から「S事務所・その他」までの33列は、月別シートの同じ系列の3か月平均と合わず、左隣の系列の3か月平均と合う。四半期別の値が1列右にずれている疑い。値は原本のまま
86d280ae8a1e7d95,JP,index,建設工事費デフレーター（2020年度基準） 四半期別,農林関係公共事業,建設総合 > 土木総合 > 公共事業 > 土木2 > 農林関係公共事業,index (2020年度平均 = 100),national,JP,日本,,,,118.2,,index_value,published_pdl,,,2024Q3,,mlit-deflator-tsuki-2607,deftsuki2020（四半期別）!BC44,https://www.mlit.go.jp/statistics/details/content/deftsuki_2607.xlsx,PDL1.0,,2020年度基準(2020年度平均=100)。2026年4月分の公表から2020年度基準に改定(原本注)。ウエイト項目に営業余剰や間接税(消費税を含む)等を含めない(原本注)。原本の期間表示「2024年 7-9月」(暦年の四半期)。2023年度以降は建設投資のウエイトに2020〜2022年度の平均値を暫定的に使用(原本注)。注意(W2 の照合): 2020年4-6月期以降の四半期別シートの「地方道路公社等」から「S事務所・その他」までの33列は、月別シートの同じ系列の3か月平均と合わず、左隣の系列の3か月平均と合う。四半期別の値が1列右にずれている疑い。値は原本のまま
03c11a3052cd4593,JP,index,建設工事費デフレーター（2020年度基準） 四半期別,その他土木,建設総合 > 土木総合 > その他土木 (原本の列 BD。同じ表頭の列が2つある),index (2020年度平均 = 100),national,JP,日本,,,,118.1,,index_value,published_pdl,,,2024Q3,,mlit-deflator-tsuki-2607,deftsuki2020（四半期別）!BD44,https://www.mlit.go.jp/statistics/details/content/deftsuki_2607.xlsx,PDL1.0,,2020年度基準(2020年度平均=100)。2026年4月分の公表から2020年度基準に改定(原本注)。ウエイト項目に営業余剰や間接税(消費税を含む)等を含めない(原本注)。原本の期間表示「2024年 7-9月」(暦年の四半期)。2023年度以降は建設投資のウエイトに2020〜2022年度の平均値を暫定的に使用(原本注)。注意(W2 の照合): 2020年4-6月期以降の四半期別シートの「地方道路公社等」から「S事務所・その他」までの33列は、月別シートの同じ系列の3か月平均と合わず、左隣の系列の3か月平均と合う。四半期別の値が1列右にずれている疑い。値は原本のまま
d718a1debe242b79,JP,index,建設工事費デフレーター（2020年度基準） 四半期別,鉄道軌道,建設総合 > 土木総合 > その他土木 > 鉄道軌道,index (2020年度平均 = 100),national,JP,日本,,,,117.9,,index_value,published_pdl,,,2024Q3,,mlit-deflator-tsuki-2607,deftsuki2020（四半期別）!BE44,https://www.mlit.go.jp/statistics/details/content/deftsuki_2607.xlsx,PDL1.0,,2020年度基準(2020年度平均=100)。2026年4月分の公表から2020年度基準に改定(原本注)。ウエイト項目に営業余剰や間接税(消費税を含む)等を含めない(原本注)。原本の期間表示「2024年 7-9月」(暦年の四半期)。2023年度以降は建設投資のウエイトに2020〜2022年度の平均値を暫定的に使用(原本注)。注意(W2 の照合): 2020年4-6月期以降の四半期別シートの「地方道路公社等」から「S事務所・その他」までの33列は、月別シートの同じ系列の3か月平均と合わず、左隣の系列の3か月平均と合う。四半期別の値が1列右にずれている疑い。値は原本のまま
919c2c47024f5572,JP,index,建設工事費デフレーター（2020年度基準） 四半期別,電力,建設総合 > 土木総合 > その他土木 > 電力,index (2020年度平均 = 100),national,JP,日本,,,,120,,index_value,published_pdl,,,2024Q3,,mlit-deflator-tsuki-2607,deftsuki2020（四半期別）!BF44,https://www.mlit.go.jp/statistics/details/content/deftsuki_2607.xlsx,PDL1.0,,2020年度基準(2020年度平均=100)。2026年4月分の公表から2020年度基準に改定(原本注)。ウエイト項目に営業余剰や間接税(消費税を含む)等を含めない(原本注)。原本の期間表示「2024年 7-9月」(暦年の四半期)。2023年度以降は建設投資のウエイトに2020〜2022年度の平均値を暫定的に使用(原本注)。注意(W2 の照合): 2020年4-6月期以降の四半期別シートの「地方道路公社等」から「S事務所・その他」までの33列は、月別シートの同じ系列の3か月平均と合わず、左隣の系列の3か月平均と合う。四半期別の値が1列右にずれている疑い。値は原本のまま
c5141c8f3460253c,JP,index,建設工事費デフレーター（2020年度基準） 四半期別,電気通信,建設総合 > 土木総合 > その他土木 > 電気通信,index (2020年度平均 = 100),national,JP,日本,,,,118.7,,index_value,published_pdl,,,2024Q3,,mlit-deflator-tsuki-2607,deftsuki2020（四半期別）!BG44,https://www.mlit.go.jp/statistics/details/content/deftsuki_2607.xlsx,PDL1.0,,2020年度基準(2020年度平均=100)。2026年4月分の公表から2020年度基準に改定(原本注)。ウエイト項目に営業余剰や間接税(消費税を含む)等を含めない(原本注)。原本の期間表示「2024年 7-9月」(暦年の四半期)。2023年度以降は建設投資のウエイトに2020〜2022年度の平均値を暫定的に使用(原本注)。注意(W2 の照合): 2020年4-6月期以降の四半期別シートの「地方道路公社等」から「S事務所・その他」までの33列は、月別シートの同じ系列の3か月平均と合わず、左隣の系列の3か月平均と合う。四半期別の値が1列右にずれている疑い。値は原本のまま
9282a01c0164cd1a,JP,index,建設工事費デフレーター（2020年度基準） 四半期別,上・工業用水道,建設総合 > 土木総合 > その他土木 > 上・工業用水道,index (2020年度平均 = 100),national,JP,日本,,,,115.6,,index_value,published_pdl,,,2024Q3,,mlit-deflator-tsuki-2607,deftsuki2020（四半期別）!BH44,https://www.mlit.go.jp/statistics/details/content/deftsuki_2607.xlsx,PDL1.0,,2020年度基準(2020年度平均=100)。2026年4月分の公表から2020年度基準に改定(原本注)。ウエイト項目に営業余剰や間接税(消費税を含む)等を含めない(原本注)。原本の期間表示「2024年 7-9月」(暦年の四半期)。2023年度以降は建設投資のウエイトに2020〜2022年度の平均値を暫定的に使用(原本注)。注意(W2 の照合): 2020年4-6月期以降の四半期別シートの「地方道路公社等」から「S事務所・その他」までの33列は、月別シートの同じ系列の3か月平均と合わず、左隣の系列の3か月平均と合う。四半期別の値が1列右にずれている疑い。値は原本のまま
3d8b921abbc26cbb,JP,index,建設工事費デフレーター（2020年度基準） 四半期別,土地造成,建設総合 > 土木総合 > その他土木 > 土地造成,index (2020年度平均 = 100),national,JP,日本,,,,117.6,,index_value,published_pdl,,,2024Q3,,mlit-deflator-tsuki-2607,deftsuki2020（四半期別）!BI44,https://www.mlit.go.jp/statistics/details/content/deftsuki_2607.xlsx,PDL1.0,,2020年度基準(2020年度平均=100)。2026年4月分の公表から2020年度基準に改定(原本注)。ウエイト項目に営業余剰や間接税(消費税を含む)等を含めない(原本注)。原本の期間表示「2024年 7-9月」(暦年の四半期)。2023年度以降は建設投資のウエイトに2020〜2022年度の平均値を暫定的に使用(原本注)。注意(W2 の照合): 2020年4-6月期以降の四半期別シートの「地方道路公社等」から「S事務所・その他」までの33列は、月別シートの同じ系列の3か月平均と合わず、左隣の系列の3か月平均と合う。四半期別の値が1列右にずれている疑い。値は原本のまま
cc945bdb01952885,JP,index,建設工事費デフレーター（2020年度基準） 四半期別,その他土木,建設総合 > 土木総合 > その他土木 (原本の列 BJ。同じ表頭の列が2つある),index (2020年度平均 = 100),national,JP,日本,,,,116,,index_value,published_pdl,,,2024Q3,,mlit-deflator-tsuki-2607,deftsuki2020（四半期別）!BJ44,https://www.mlit.go.jp/statistics/details/content/deftsuki_2607.xlsx,PDL1.0,,2020年度基準(2020年度平均=100)。2026年4月分の公表から2020年度基準に改定(原本注)。ウエイト項目に営業余剰や間接税(消費税を含む)等を含めない(原本注)。原本の期間表示「2024年 7-9月」(暦年の四半期)。2023年度以降は建設投資のウエイトに2020〜2022年度の平均値を暫定的に使用(原本注)。注意(W2 の照合): 2020年4-6月期以降の四半期別シートの「地方道路公社等」から「S事務所・その他」までの33列は、月別シートの同じ系列の3か月平均と合わず、左隣の系列の3か月平均と合う。四半期別の値が1列右にずれている疑い。値は原本のまま
20905d03882c2861,JP,index,建設工事費デフレーター（2020年度基準） 四半期別,W在来住宅,W在来住宅,index (2020年度平均 = 100),national,JP,日本,,,,117,,index_value,published_pdl,,,2024Q3,,mlit-deflator-tsuki-2607,deftsuki2020（四半期別）!BK44,https://www.mlit.go.jp/statistics/details/content/deftsuki_2607.xlsx,PDL1.0,,2020年度基準(2020年度平均=100)。2026年4月分の公表から2020年度基準に改定(原本注)。ウエイト項目に営業余剰や間接税(消費税を含む)等を含めない(原本注)。原本の期間表示「2024年 7-9月」(暦年の四半期)。2023年度以降は建設投資のウエイトに2020〜2022年度の平均値を暫定的に使用(原本注)。注意(W2 の照合): 2020年4-6月期以降の四半期別シートの「地方道路公社等」から「S事務所・その他」までの33列は、月別シートの同じ系列の3か月平均と合わず、左隣の系列の3か月平均と合う。四半期別の値が1列右にずれている疑い。値は原本のまま
0a2ceae77bc12b64,JP,index,建設工事費デフレーター（2020年度基準） 四半期別,W量産住宅,W量産住宅,index (2020年度平均 = 100),national,JP,日本,,,,118.8,,index_value,published_pdl,,,2024Q3,,mlit-deflator-tsuki-2607,deftsuki2020（四半期別）!BL44,https://www.mlit.go.jp/statistics/details/content/deftsuki_2607.xlsx,PDL1.0,,2020年度基準(2020年度平均=100)。2026年4月分の公表から2020年度基準に改定(原本注)。ウエイト項目に営業余剰や間接税(消費税を含む)等を含めない(原本注)。原本の期間表示「2024年 7-9月」(暦年の四半期)。2023年度以降は建設投資のウエイトに2020〜2022年度の平均値を暫定的に使用(原本注)。注意(W2 の照合): 2020年4-6月期以降の四半期別シートの「地方道路公社等」から「S事務所・その他」までの33列は、月別シートの同じ系列の3か月平均と合わず、左隣の系列の3か月平均と合う。四半期別の値が1列右にずれている疑い。値は原本のまま
c28a114686f0e1d6,JP,index,建設工事費デフレーター（2020年度基準） 四半期別,RC在来住宅,RC在来住宅,index (2020年度平均 = 100),national,JP,日本,,,,120.2,,index_value,published_pdl,,,2024Q3,,mlit-deflator-tsuki-2607,deftsuki2020（四半期別）!BM44,https://www.mlit.go.jp/statistics/details/content/deftsuki_2607.xlsx,PDL1.0,,2020年度基準(2020年度平均=100)。2026年4月分の公表から2020年度基準に改定(原本注)。ウエイト項目に営業余剰や間接税(消費税を含む)等を含めない(原本注)。原本の期間表示「2024年 7-9月」(暦年の四半期)。2023年度以降は建設投資のウエイトに2020〜2022年度の平均値を暫定的に使用(原本注)。注意(W2 の照合): 2020年4-6月期以降の四半期別シートの「地方道路公社等」から「S事務所・その他」までの33列は、月別シートの同じ系列の3か月平均と合わず、左隣の系列の3か月平均と合う。四半期別の値が1列右にずれている疑い。値は原本のまま
135114d4d913f2d2,JP,index,建設工事費デフレーター（2020年度基準） 四半期別,RC量産住宅,RC量産住宅,index (2020年度平均 = 100),national,JP,日本,,,,118.8,,index_value,published_pdl,,,2024Q3,,mlit-deflator-tsuki-2607,deftsuki2020（四半期別）!BN44,https://www.mlit.go.jp/statistics/details/content/deftsuki_2607.xlsx,PDL1.0,,2020年度基準(2020年度平均=100)。2026年4月分の公表から2020年度基準に改定(原本注)。ウエイト項目に営業余剰や間接税(消費税を含む)等を含めない(原本注)。原本の期間表示「2024年 7-9月」(暦年の四半期)。2023年度以降は建設投資のウエイトに2020〜2022年度の平均値を暫定的に使用(原本注)。注意(W2 の照合): 2020年4-6月期以降の四半期別シートの「地方道路公社等」から「S事務所・その他」までの33列は、月別シートの同じ系列の3か月平均と合わず、左隣の系列の3か月平均と合う。四半期別の値が1列右にずれている疑い。値は原本のまま
fa5f874553e5d86c,JP,index,建設工事費デフレーター（2020年度基準） 四半期別,S在来住宅,S在来住宅,index (2020年度平均 = 100),national,JP,日本,,,,118.6,,index_value,published_pdl,,,2024Q3,,mlit-deflator-tsuki-2607,deftsuki2020（四半期別）!BO44,https://www.mlit.go.jp/statistics/details/content/deftsuki_2607.xlsx,PDL1.0,,2020年度基準(2020年度平均=100)。2026年4月分の公表から2020年度基準に改定(原本注)。ウエイト項目に営業余剰や間接税(消費税を含む)等を含めない(原本注)。原本の期間表示「2024年 7-9月」(暦年の四半期)。2023年度以降は建設投資のウエイトに2020〜2022年度の平均値を暫定的に使用(原本注)。注意(W2 の照合): 2020年4-6月期以降の四半期別シートの「地方道路公社等」から「S事務所・その他」までの33列は、月別シートの同じ系列の3か月平均と合わず、左隣の系列の3か月平均と合う。四半期別の値が1列右にずれている疑い。値は原本のまま
ecb092fcd00e5020,JP,index,建設工事費デフレーター（2020年度基準） 四半期別,S量産住宅,S量産住宅,index (2020年度平均 = 100),national,JP,日本,,,,119.5,,index_value,published_pdl,,,2024Q3,,mlit-deflator-tsuki-2607,deftsuki2020（四半期別）!BP44,https://www.mlit.go.jp/statistics/details/content/deftsuki_2607.xlsx,PDL1.0,,2020年度基準(2020年度平均=100)。2026年4月分の公表から2020年度基準に改定(原本注)。ウエイト項目に営業余剰や間接税(消費税を含む)等を含めない(原本注)。原本の期間表示「2024年 7-9月」(暦年の四半期)。2023年度以降は建設投資のウエイトに2020〜2022年度の平均値を暫定的に使用(原本注)。注意(W2 の照合): 2020年4-6月期以降の四半期別シートの「地方道路公社等」から「S事務所・その他」までの33列は、月別シートの同じ系列の3か月平均と合わず、左隣の系列の3か月平均と合う。四半期別の値が1列右にずれている疑い。値は原本のまま
372cc0c60447af5a,JP,index,建設工事費デフレーター（2020年度基準） 四半期別,W工場・倉庫,W工場・倉庫,index (2020年度平均 = 100),national,JP,日本,,,,122,,index_value,published_pdl,,,2024Q3,,mlit-deflator-tsuki-2607,deftsuki2020（四半期別）!BQ44,https://www.mlit.go.jp/statistics/details/content/deftsuki_2607.xlsx,PDL1.0,,2020年度基準(2020年度平均=100)。2026年4月分の公表から2020年度基準に改定(原本注)。ウエイト項目に営業余剰や間接税(消費税を含む)等を含めない(原本注)。原本の期間表示「2024年 7-9月」(暦年の四半期)。2023年度以降は建設投資のウエイトに2020〜2022年度の平均値を暫定的に使用(原本注)。注意(W2 の照合): 2020年4-6月期以降の四半期別シートの「地方道路公社等」から「S事務所・その他」までの33列は、月別シートの同じ系列の3か月平均と合わず、左隣の系列の3か月平均と合う。四半期別の値が1列右にずれている疑い。値は原本のまま
f1d1789a6e414609,JP,index,建設工事費デフレーター（2020年度基準） 四半期別,W事務所・その他,W事務所・その他,index (2020年度平均 = 100),national,JP,日本,,,,118.2,,index_value,published_pdl,,,2024Q3,,mlit-deflator-tsuki-2607,deftsuki2020（四半期別）!BR44,https://www.mlit.go.jp/statistics/details/content/deftsuki_2607.xlsx,PDL1.0,,2020年度基準(2020年度平均=100)。2026年4月分の公表から2020年度基準に改定(原本注)。ウエイト項目に営業余剰や間接税(消費税を含む)等を含めない(原本注)。原本の期間表示「2024年 7-9月」(暦年の四半期)。2023年度以降は建設投資のウエイトに2020〜2022年度の平均値を暫定的に使用(原本注)。注意(W2 の照合): 2020年4-6月期以降の四半期別シートの「地方道路公社等」から「S事務所・その他」までの33列は、月別シートの同じ系列の3か月平均と合わず、左隣の系列の3か月平均と合う。四半期別の値が1列右にずれている疑い。値は原本のまま
b3af73b88a6d1c66,JP,index,建設工事費デフレーター（2020年度基準） 四半期別,SRC工場・倉庫,SRC工場・倉庫,index (2020年度平均 = 100),national,JP,日本,,,,117.7,,index_value,published_pdl,,,2024Q3,,mlit-deflator-tsuki-2607,deftsuki2020（四半期別）!BS44,https://www.mlit.go.jp/statistics/details/content/deftsuki_2607.xlsx,PDL1.0,,2020年度基準(2020年度平均=100)。2026年4月分の公表から2020年度基準に改定(原本注)。ウエイト項目に営業余剰や間接税(消費税を含む)等を含めない(原本注)。原本の期間表示「2024年 7-9月」(暦年の四半期)。2023年度以降は建設投資のウエイトに2020〜2022年度の平均値を暫定的に使用(原本注)。注意(W2 の照合): 2020年4-6月期以降の四半期別シートの「地方道路公社等」から「S事務所・その他」までの33列は、月別シートの同じ系列の3か月平均と合わず、左隣の系列の3か月平均と合う。四半期別の値が1列右にずれている疑い。値は原本のまま
0093357e44e036ac,JP,index,建設工事費デフレーター（2020年度基準） 四半期別,SRC事務所・その他,SRC事務所・その他,index (2020年度平均 = 100),national,JP,日本,,,,118.9,,index_value,published_pdl,,,2024Q3,,mlit-deflator-tsuki-2607,deftsuki2020（四半期別）!BT44,https://www.mlit.go.jp/statistics/details/content/deftsuki_2607.xlsx,PDL1.0,,2020年度基準(2020年度平均=100)。2026年4月分の公表から2020年度基準に改定(原本注)。ウエイト項目に営業余剰や間接税(消費税を含む)等を含めない(原本注)。原本の期間表示「2024年 7-9月」(暦年の四半期)。2023年度以降は建設投資のウエイトに2020〜2022年度の平均値を暫定的に使用(原本注)。注意(W2 の照合): 2020年4-6月期以降の四半期別シートの「地方道路公社等」から「S事務所・その他」までの33列は、月別シートの同じ系列の3か月平均と合わず、左隣の系列の3か月平均と合う。四半期別の値が1列右にずれている疑い。値は原本のまま
9336300bc51acf74,JP,index,建設工事費デフレーター（2020年度基準） 四半期別,RC工場・倉庫,RC工場・倉庫,index (2020年度平均 = 100),national,JP,日本,,,,117.5,,index_value,published_pdl,,,2024Q3,,mlit-deflator-tsuki-2607,deftsuki2020（四半期別）!BU44,https://www.mlit.go.jp/statistics/details/content/deftsuki_2607.xlsx,PDL1.0,,2020年度基準(2020年度平均=100)。2026年4月分の公表から2020年度基準に改定(原本注)。ウエイト項目に営業余剰や間接税(消費税を含む)等を含めない(原本注)。原本の期間表示「2024年 7-9月」(暦年の四半期)。2023年度以降は建設投資のウエイトに2020〜2022年度の平均値を暫定的に使用(原本注)。注意(W2 の照合): 2020年4-6月期以降の四半期別シートの「地方道路公社等」から「S事務所・その他」までの33列は、月別シートの同じ系列の3か月平均と合わず、左隣の系列の3か月平均と合う。四半期別の値が1列右にずれている疑い。値は原本のまま
cb06ba5abdc0c7a6,JP,index,建設工事費デフレーター（2020年度基準） 四半期別,RC学校,RC学校,index (2020年度平均 = 100),national,JP,日本,,,,118.5,,index_value,published_pdl,,,2024Q3,,mlit-deflator-tsuki-2607,deftsuki2020（四半期別）!BV44,https://www.mlit.go.jp/statistics/details/content/deftsuki_2607.xlsx,PDL1.0,,2020年度基準(2020年度平均=100)。2026年4月分の公表から2020年度基準に改定(原本注)。ウエイト項目に営業余剰や間接税(消費税を含む)等を含めない(原本注)。原本の期間表示「2024年 7-9月」(暦年の四半期)。2023年度以降は建設投資のウエイトに2020〜2022年度の平均値を暫定的に使用(原本注)。注意(W2 の照合): 2020年4-6月期以降の四半期別シートの「地方道路公社等」から「S事務所・その他」までの33列は、月別シートの同じ系列の3か月平均と合わず、左隣の系列の3か月平均と合う。四半期別の値が1列右にずれている疑い。値は原本のまま
6f08cfdced6165b2,JP,index,建設工事費デフレーター（2020年度基準） 四半期別,RC事務所・その他,RC事務所・その他,index (2020年度平均 = 100),national,JP,日本,,,,117.7,,index_value,published_pdl,,,2024Q3,,mlit-deflator-tsuki-2607,deftsuki2020（四半期別）!BW44,https://www.mlit.go.jp/statistics/details/content/deftsuki_2607.xlsx,PDL1.0,,2020年度基準(2020年度平均=100)。2026年4月分の公表から2020年度基準に改定(原本注)。ウエイト項目に営業余剰や間接税(消費税を含む)等を含めない(原本注)。原本の期間表示「2024年 7-9月」(暦年の四半期)。2023年度以降は建設投資のウエイトに2020〜2022年度の平均値を暫定的に使用(原本注)。注意(W2 の照合): 2020年4-6月期以降の四半期別シートの「地方道路公社等」から「S事務所・その他」までの33列は、月別シートの同じ系列の3か月平均と合わず、左隣の系列の3か月平均と合う。四半期別の値が1列右にずれている疑い。値は原本のまま
d5de79215c9de10b,JP,index,建設工事費デフレーター（2020年度基準） 四半期別,S工場・倉庫,S工場・倉庫,index (2020年度平均 = 100),national,JP,日本,,,,117.9,,index_value,published_pdl,,,2024Q3,,mlit-deflator-tsuki-2607,deftsuki2020（四半期別）!BX44,https://www.mlit.go.jp/statistics/details/content/deftsuki_2607.xlsx,PDL1.0,,2020年度基準(2020年度平均=100)。2026年4月分の公表から2020年度基準に改定(原本注)。ウエイト項目に営業余剰や間接税(消費税を含む)等を含めない(原本注)。原本の期間表示「2024年 7-9月」(暦年の四半期)。2023年度以降は建設投資のウエイトに2020〜2022年度の平均値を暫定的に使用(原本注)。注意(W2 の照合): 2020年4-6月期以降の四半期別シートの「地方道路公社等」から「S事務所・その他」までの33列は、月別シートの同じ系列の3か月平均と合わず、左隣の系列の3か月平均と合う。四半期別の値が1列右にずれている疑い。値は原本のまま
b8af9dfba638190b,JP,index,建設工事費デフレーター（2020年度基準） 四半期別,S事務所・その他,S事務所・その他,index (2020年度平均 = 100),national,JP,日本,,,,118.7,,index_value,published_pdl,,,2024Q3,,mlit-deflator-tsuki-2607,deftsuki2020（四半期別）!BY44,https://www.mlit.go.jp/statistics/details/content/deftsuki_2607.xlsx,PDL1.0,,2020年度基準(2020年度平均=100)。2026年4月分の公表から2020年度基準に改定(原本注)。ウエイト項目に営業余剰や間接税(消費税を含む)等を含めない(原本注)。原本の期間表示「2024年 7-9月」(暦年の四半期)。2023年度以降は建設投資のウエイトに2020〜2022年度の平均値を暫定的に使用(原本注)。注意(W2 の照合): 2020年4-6月期以降の四半期別シートの「地方道路公社等」から「S事務所・その他」までの33列は、月別シートの同じ系列の3か月平均と合わず、左隣の系列の3か月平均と合う。四半期別の値が1列右にずれている疑い。値は原本のまま
c5d376841432d820,JP,index,建設工事費デフレーター（2020年度基準） 四半期別,地方道路公社等,建設総合 > 土木総合 > 公共事業 > 土木1（除く災害復旧） > 道路総合 > 有料道路 > 地方道路公社等,index (2020年度平均 = 100),national,JP,日本,,,,118.7,,index_value,published_pdl,,,2024Q4,,mlit-deflator-tsuki-2607,deftsuki2020（四半期別）!AS45,https://www.mlit.go.jp/statistics/details/content/deftsuki_2607.xlsx,PDL1.0,,2020年度基準(2020年度平均=100)。2026年4月分の公表から2020年度基準に改定(原本注)。ウエイト項目に営業余剰や間接税(消費税を含む)等を含めない(原本注)。原本の期間表示「2024年 10-12月」(暦年の四半期)。2023年度以降は建設投資のウエイトに2020〜2022年度の平均値を暫定的に使用(原本注)。注意(W2 の照合): 2020年4-6月期以降の四半期別シートの「地方道路公社等」から「S事務所・その他」までの33列は、月別シートの同じ系列の3か月平均と合わず、左隣の系列の3か月平均と合う。四半期別の値が1列右にずれている疑い。値は原本のまま
36de00a652620070,JP,index,建設工事費デフレーター（2020年度基準） 四半期別,道路2（再掲）,建設総合 > 土木総合 > 公共事業 > 土木1（除く災害復旧） > 道路2（再掲）,index (2020年度平均 = 100),national,JP,日本,,,,118.2,,index_value,published_pdl,,,2024Q4,,mlit-deflator-tsuki-2607,deftsuki2020（四半期別）!AT45,https://www.mlit.go.jp/statistics/details/content/deftsuki_2607.xlsx,PDL1.0,,2020年度基準(2020年度平均=100)。2026年4月分の公表から2020年度基準に改定(原本注)。ウエイト項目に営業余剰や間接税(消費税を含む)等を含めない(原本注)。原本の期間表示「2024年 10-12月」(暦年の四半期)。2023年度以降は建設投資のウエイトに2020〜2022年度の平均値を暫定的に使用(原本注)。注意(W2 の照合): 2020年4-6月期以降の四半期別シートの「地方道路公社等」から「S事務所・その他」までの33列は、月別シートの同じ系列の3か月平均と合わず、左隣の系列の3か月平均と合う。四半期別の値が1列右にずれている疑い。値は原本のまま
b7770c4b59cc2f9b,JP,index,建設工事費デフレーター（2020年度基準） 四半期別,街路2（再掲）,建設総合 > 土木総合 > 公共事業 > 土木1（除く災害復旧） > 街路2（再掲）,index (2020年度平均 = 100),national,JP,日本,,,,118.7,,index_value,published_pdl,,,2024Q4,,mlit-deflator-tsuki-2607,deftsuki2020（四半期別）!AU45,https://www.mlit.go.jp/statistics/details/content/deftsuki_2607.xlsx,PDL1.0,,2020年度基準(2020年度平均=100)。2026年4月分の公表から2020年度基準に改定(原本注)。ウエイト項目に営業余剰や間接税(消費税を含む)等を含めない(原本注)。原本の期間表示「2024年 10-12月」(暦年の四半期)。2023年度以降は建設投資のウエイトに2020〜2022年度の平均値を暫定的に使用(原本注)。注意(W2 の照合): 2020年4-6月期以降の四半期別シートの「地方道路公社等」から「S事務所・その他」までの33列は、月別シートの同じ系列の3か月平均と合わず、左隣の系列の3か月平均と合う。四半期別の値が1列右にずれている疑い。値は原本のまま
67155cc37b22d1e7,JP,index,建設工事費デフレーター（2020年度基準） 四半期別,公園,建設総合 > 土木総合 > 公共事業 > 土木1（除く災害復旧） > 公園,index (2020年度平均 = 100),national,JP,日本,,,,118.6,,index_value,published_pdl,,,2024Q4,,mlit-deflator-tsuki-2607,deftsuki2020（四半期別）!AV45,https://www.mlit.go.jp/statistics/details/content/deftsuki_2607.xlsx,PDL1.0,,2020年度基準(2020年度平均=100)。2026年4月分の公表から2020年度基準に改定(原本注)。ウエイト項目に営業余剰や間接税(消費税を含む)等を含めない(原本注)。原本の期間表示「2024年 10-12月」(暦年の四半期)。2023年度以降は建設投資のウエイトに2020〜2022年度の平均値を暫定的に使用(原本注)。注意(W2 の照合): 2020年4-6月期以降の四半期別シートの「地方道路公社等」から「S事務所・その他」までの33列は、月別シートの同じ系列の3か月平均と合わず、左隣の系列の3か月平均と合う。四半期別の値が1列右にずれている疑い。値は原本のまま
bf6fb9fc135f926c,JP,index,建設工事費デフレーター（2020年度基準） 四半期別,下水道,建設総合 > 土木総合 > 公共事業 > 土木1（除く災害復旧） > 下水道,index (2020年度平均 = 100),national,JP,日本,,,,116.3,,index_value,published_pdl,,,2024Q4,,mlit-deflator-tsuki-2607,deftsuki2020（四半期別）!AW45,https://www.mlit.go.jp/statistics/details/content/deftsuki_2607.xlsx,PDL1.0,,2020年度基準(2020年度平均=100)。2026年4月分の公表から2020年度基準に改定(原本注)。ウエイト項目に営業余剰や間接税(消費税を含む)等を含めない(原本注)。原本の期間表示「2024年 10-12月」(暦年の四半期)。2023年度以降は建設投資のウエイトに2020〜2022年度の平均値を暫定的に使用(原本注)。注意(W2 の照合): 2020年4-6月期以降の四半期別シートの「地方道路公社等」から「S事務所・その他」までの33列は、月別シートの同じ系列の3か月平均と合わず、左隣の系列の3か月平均と合う。四半期別の値が1列右にずれている疑い。値は原本のまま
74f0c8b559c18930,JP,index,建設工事費デフレーター（2020年度基準） 四半期別,災害復旧,建設総合 > 土木総合 > 公共事業 > 土木1（除く災害復旧） > 災害復旧,index (2020年度平均 = 100),national,JP,日本,,,,117.9,,index_value,published_pdl,,,2024Q4,,mlit-deflator-tsuki-2607,deftsuki2020（四半期別）!AX45,https://www.mlit.go.jp/statistics/details/content/deftsuki_2607.xlsx,PDL1.0,,2020年度基準(2020年度平均=100)。2026年4月分の公表から2020年度基準に改定(原本注)。ウエイト項目に営業余剰や間接税(消費税を含む)等を含めない(原本注)。原本の期間表示「2024年 10-12月」(暦年の四半期)。2023年度以降は建設投資のウエイトに2020〜2022年度の平均値を暫定的に使用(原本注)。注意(W2 の照合): 2020年4-6月期以降の四半期別シートの「地方道路公社等」から「S事務所・その他」までの33列は、月別シートの同じ系列の3か月平均と合わず、左隣の系列の3か月平均と合う。四半期別の値が1列右にずれている疑い。値は原本のまま
99d4b8cd8351d6b0,JP,index,建設工事費デフレーター（2020年度基準） 四半期別,土木2,建設総合 > 土木総合 > 公共事業 > 土木2,index (2020年度平均 = 100),national,JP,日本,,,,118.1,,index_value,published_pdl,,,2024Q4,,mlit-deflator-tsuki-2607,deftsuki2020（四半期別）!AY45,https://www.mlit.go.jp/statistics/details/content/deftsuki_2607.xlsx,PDL1.0,,2020年度基準(2020年度平均=100)。2026年4月分の公表から2020年度基準に改定(原本注)。ウエイト項目に営業余剰や間接税(消費税を含む)等を含めない(原本注)。原本の期間表示「2024年 10-12月」(暦年の四半期)。2023年度以降は建設投資のウエイトに2020〜2022年度の平均値を暫定的に使用(原本注)。注意(W2 の照合): 2020年4-6月期以降の四半期別シートの「地方道路公社等」から「S事務所・その他」までの33列は、月別シートの同じ系列の3か月平均と合わず、左隣の系列の3か月平均と合う。四半期別の値が1列右にずれている疑い。値は原本のまま
308fede247b9c701,JP,index,建設工事費デフレーター（2020年度基準） 四半期別,港湾・漁港,建設総合 > 土木総合 > 公共事業 > 土木2 > 港湾・漁港,index (2020年度平均 = 100),national,JP,日本,,,,118.1,,index_value,published_pdl,,,2024Q4,,mlit-deflator-tsuki-2607,deftsuki2020（四半期別）!AZ45,https://www.mlit.go.jp/statistics/details/content/deftsuki_2607.xlsx,PDL1.0,,2020年度基準(2020年度平均=100)。2026年4月分の公表から2020年度基準に改定(原本注)。ウエイト項目に営業余剰や間接税(消費税を含む)等を含めない(原本注)。原本の期間表示「2024年 10-12月」(暦年の四半期)。2023年度以降は建設投資のウエイトに2020〜2022年度の平均値を暫定的に使用(原本注)。注意(W2 の照合): 2020年4-6月期以降の四半期別シートの「地方道路公社等」から「S事務所・その他」までの33列は、月別シートの同じ系列の3か月平均と合わず、左隣の系列の3か月平均と合う。四半期別の値が1列右にずれている疑い。値は原本のまま
8c551ba068dc7ddd,JP,index,建設工事費デフレーター（2020年度基準） 四半期別,空港,建設総合 > 土木総合 > 公共事業 > 土木2 > 空港,index (2020年度平均 = 100),national,JP,日本,,,,118.1,,index_value,published_pdl,,,2024Q4,,mlit-deflator-tsuki-2607,deftsuki2020（四半期別）!BA45,https://www.mlit.go.jp/statistics/details/content/deftsuki_2607.xlsx,PDL1.0,,2020年度基準(2020年度平均=100)。2026年4月分の公表から2020年度基準に改定(原本注)。ウエイト項目に営業余剰や間接税(消費税を含む)等を含めない(原本注)。原本の期間表示「2024年 10-12月」(暦年の四半期)。2023年度以降は建設投資のウエイトに2020〜2022年度の平均値を暫定的に使用(原本注)。注意(W2 の照合): 2020年4-6月期以降の四半期別シートの「地方道路公社等」から「S事務所・その他」までの33列は、月別シートの同じ系列の3か月平均と合わず、左隣の系列の3か月平均と合う。四半期別の値が1列右にずれている疑い。値は原本のまま
dfe3f1525a417964,JP,index,建設工事費デフレーター（2020年度基準） 四半期別,環境衛生,建設総合 > 土木総合 > 公共事業 > 土木2 > 環境衛生,index (2020年度平均 = 100),national,JP,日本,,,,113.2,,index_value,published_pdl,,,2024Q4,,mlit-deflator-tsuki-2607,deftsuki2020（四半期別）!BB45,https://www.mlit.go.jp/statistics/details/content/deftsuki_2607.xlsx,PDL1.0,,2020年度基準(2020年度平均=100)。2026年4月分の公表から2020年度基準に改定(原本注)。ウエイト項目に営業余剰や間接税(消費税を含む)等を含めない(原本注)。原本の期間表示「2024年 10-12月」(暦年の四半期)。2023年度以降は建設投資のウエイトに2020〜2022年度の平均値を暫定的に使用(原本注)。注意(W2 の照合): 2020年4-6月期以降の四半期別シートの「地方道路公社等」から「S事務所・その他」までの33列は、月別シートの同じ系列の3か月平均と合わず、左隣の系列の3か月平均と合う。四半期別の値が1列右にずれている疑い。値は原本のまま
ad9c16829a1f40b9,JP,index,建設工事費デフレーター（2020年度基準） 四半期別,農林関係公共事業,建設総合 > 土木総合 > 公共事業 > 土木2 > 農林関係公共事業,index (2020年度平均 = 100),national,JP,日本,,,,118.7,,index_value,published_pdl,,,2024Q4,,mlit-deflator-tsuki-2607,deftsuki2020（四半期別）!BC45,https://www.mlit.go.jp/statistics/details/content/deftsuki_2607.xlsx,PDL1.0,,2020年度基準(2020年度平均=100)。2026年4月分の公表から2020年度基準に改定(原本注)。ウエイト項目に営業余剰や間接税(消費税を含む)等を含めない(原本注)。原本の期間表示「2024年 10-12月」(暦年の四半期)。2023年度以降は建設投資のウエイトに2020〜2022年度の平均値を暫定的に使用(原本注)。注意(W2 の照合): 2020年4-6月期以降の四半期別シートの「地方道路公社等」から「S事務所・その他」までの33列は、月別シートの同じ系列の3か月平均と合わず、左隣の系列の3か月平均と合う。四半期別の値が1列右にずれている疑い。値は原本のまま
ee0326c779a9c4c2,JP,index,建設工事費デフレーター（2020年度基準） 四半期別,その他土木,建設総合 > 土木総合 > その他土木 (原本の列 BD。同じ表頭の列が2つある),index (2020年度平均 = 100),national,JP,日本,,,,118.8,,index_value,published_pdl,,,2024Q4,,mlit-deflator-tsuki-2607,deftsuki2020（四半期別）!BD45,https://www.mlit.go.jp/statistics/details/content/deftsuki_2607.xlsx,PDL1.0,,2020年度基準(2020年度平均=100)。2026年4月分の公表から2020年度基準に改定(原本注)。ウエイト項目に営業余剰や間接税(消費税を含む)等を含めない(原本注)。原本の期間表示「2024年 10-12月」(暦年の四半期)。2023年度以降は建設投資のウエイトに2020〜2022年度の平均値を暫定的に使用(原本注)。注意(W2 の照合): 2020年4-6月期以降の四半期別シートの「地方道路公社等」から「S事務所・その他」までの33列は、月別シートの同じ系列の3か月平均と合わず、左隣の系列の3か月平均と合う。四半期別の値が1列右にずれている疑い。値は原本のまま
0262859dcf9924b1,JP,index,建設工事費デフレーター（2020年度基準） 四半期別,鉄道軌道,建設総合 > 土木総合 > その他土木 > 鉄道軌道,index (2020年度平均 = 100),national,JP,日本,,,,118.6,,index_value,published_pdl,,,2024Q4,,mlit-deflator-tsuki-2607,deftsuki2020（四半期別）!BE45,https://www.mlit.go.jp/statistics/details/content/deftsuki_2607.xlsx,PDL1.0,,2020年度基準(2020年度平均=100)。2026年4月分の公表から2020年度基準に改定(原本注)。ウエイト項目に営業余剰や間接税(消費税を含む)等を含めない(原本注)。原本の期間表示「2024年 10-12月」(暦年の四半期)。2023年度以降は建設投資のウエイトに2020〜2022年度の平均値を暫定的に使用(原本注)。注意(W2 の照合): 2020年4-6月期以降の四半期別シートの「地方道路公社等」から「S事務所・その他」までの33列は、月別シートの同じ系列の3か月平均と合わず、左隣の系列の3か月平均と合う。四半期別の値が1列右にずれている疑い。値は原本のまま
6380d2c620d2b72f,JP,index,建設工事費デフレーター（2020年度基準） 四半期別,電力,建設総合 > 土木総合 > その他土木 > 電力,index (2020年度平均 = 100),national,JP,日本,,,,120.6,,index_value,published_pdl,,,2024Q4,,mlit-deflator-tsuki-2607,deftsuki2020（四半期別）!BF45,https://www.mlit.go.jp/statistics/details/content/deftsuki_2607.xlsx,PDL1.0,,2020年度基準(2020年度平均=100)。2026年4月分の公表から2020年度基準に改定(原本注)。ウエイト項目に営業余剰や間接税(消費税を含む)等を含めない(原本注)。原本の期間表示「2024年 10-12月」(暦年の四半期)。2023年度以降は建設投資のウエイトに2020〜2022年度の平均値を暫定的に使用(原本注)。注意(W2 の照合): 2020年4-6月期以降の四半期別シートの「地方道路公社等」から「S事務所・その他」までの33列は、月別シートの同じ系列の3か月平均と合わず、左隣の系列の3か月平均と合う。四半期別の値が1列右にずれている疑い。値は原本のまま
7337b287b1e082e2,JP,index,建設工事費デフレーター（2020年度基準） 四半期別,電気通信,建設総合 > 土木総合 > その他土木 > 電気通信,index (2020年度平均 = 100),national,JP,日本,,,,119.6,,index_value,published_pdl,,,2024Q4,,mlit-deflator-tsuki-2607,deftsuki2020（四半期別）!BG45,https://www.mlit.go.jp/statistics/details/content/deftsuki_2607.xlsx,PDL1.0,,2020年度基準(2020年度平均=100)。2026年4月分の公表から2020年度基準に改定(原本注)。ウエイト項目に営業余剰や間接税(消費税を含む)等を含めない(原本注)。原本の期間表示「2024年 10-12月」(暦年の四半期)。2023年度以降は建設投資のウエイトに2020〜2022年度の平均値を暫定的に使用(原本注)。注意(W2 の照合): 2020年4-6月期以降の四半期別シートの「地方道路公社等」から「S事務所・その他」までの33列は、月別シートの同じ系列の3か月平均と合わず、左隣の系列の3か月平均と合う。四半期別の値が1列右にずれている疑い。値は原本のまま
92bf92bb918aaddd,JP,index,建設工事費デフレーター（2020年度基準） 四半期別,上・工業用水道,建設総合 > 土木総合 > その他土木 > 上・工業用水道,index (2020年度平均 = 100),national,JP,日本,,,,116.3,,index_value,published_pdl,,,2024Q4,,mlit-deflator-tsuki-2607,deftsuki2020（四半期別）!BH45,https://www.mlit.go.jp/statistics/details/content/deftsuki_2607.xlsx,PDL1.0,,2020年度基準(2020年度平均=100)。2026年4月分の公表から2020年度基準に改定(原本注)。ウエイト項目に営業余剰や間接税(消費税を含む)等を含めない(原本注)。原本の期間表示「2024年 10-12月」(暦年の四半期)。2023年度以降は建設投資のウエイトに2020〜2022年度の平均値を暫定的に使用(原本注)。注意(W2 の照合): 2020年4-6月期以降の四半期別シートの「地方道路公社等」から「S事務所・その他」までの33列は、月別シートの同じ系列の3か月平均と合わず、左隣の系列の3か月平均と合う。四半期別の値が1列右にずれている疑い。値は原本のまま
194828acfa378b4c,JP,index,建設工事費デフレーター（2020年度基準） 四半期別,土地造成,建設総合 > 土木総合 > その他土木 > 土地造成,index (2020年度平均 = 100),national,JP,日本,,,,118.5,,index_value,published_pdl,,,2024Q4,,mlit-deflator-tsuki-2607,deftsuki2020（四半期別）!BI45,https://www.mlit.go.jp/statistics/details/content/deftsuki_2607.xlsx,PDL1.0,,2020年度基準(2020年度平均=100)。2026年4月分の公表から2020年度基準に改定(原本注)。ウエイト項目に営業余剰や間接税(消費税を含む)等を含めない(原本注)。原本の期間表示「2024年 10-12月」(暦年の四半期)。2023年度以降は建設投資のウエイトに2020〜2022年度の平均値を暫定的に使用(原本注)。注意(W2 の照合): 2020年4-6月期以降の四半期別シートの「地方道路公社等」から「S事務所・その他」までの33列は、月別シートの同じ系列の3か月平均と合わず、左隣の系列の3か月平均と合う。四半期別の値が1列右にずれている疑い。値は原本のまま
e68129428d17d444,JP,index,建設工事費デフレーター（2020年度基準） 四半期別,その他土木,建設総合 > 土木総合 > その他土木 (原本の列 BJ。同じ表頭の列が2つある),index (2020年度平均 = 100),national,JP,日本,,,,116.7,,index_value,published_pdl,,,2024Q4,,mlit-deflator-tsuki-2607,deftsuki2020（四半期別）!BJ45,https://www.mlit.go.jp/statistics/details/content/deftsuki_2607.xlsx,PDL1.0,,2020年度基準(2020年度平均=100)。2026年4月分の公表から2020年度基準に改定(原本注)。ウエイト項目に営業余剰や間接税(消費税を含む)等を含めない(原本注)。原本の期間表示「2024年 10-12月」(暦年の四半期)。2023年度以降は建設投資のウエイトに2020〜2022年度の平均値を暫定的に使用(原本注)。注意(W2 の照合): 2020年4-6月期以降の四半期別シートの「地方道路公社等」から「S事務所・その他」までの33列は、月別シートの同じ系列の3か月平均と合わず、左隣の系列の3か月平均と合う。四半期別の値が1列右にずれている疑い。値は原本のまま
e8e3df21d725efb4,JP,index,建設工事費デフレーター（2020年度基準） 四半期別,W在来住宅,W在来住宅,index (2020年度平均 = 100),national,JP,日本,,,,117.8,,index_value,published_pdl,,,2024Q4,,mlit-deflator-tsuki-2607,deftsuki2020（四半期別）!BK45,https://www.mlit.go.jp/statistics/details/content/deftsuki_2607.xlsx,PDL1.0,,2020年度基準(2020年度平均=100)。2026年4月分の公表から2020年度基準に改定(原本注)。ウエイト項目に営業余剰や間接税(消費税を含む)等を含めない(原本注)。原本の期間表示「2024年 10-12月」(暦年の四半期)。2023年度以降は建設投資のウエイトに2020〜2022年度の平均値を暫定的に使用(原本注)。注意(W2 の照合): 2020年4-6月期以降の四半期別シートの「地方道路公社等」から「S事務所・その他」までの33列は、月別シートの同じ系列の3か月平均と合わず、左隣の系列の3か月平均と合う。四半期別の値が1列右にずれている疑い。値は原本のまま
d7e376dde013ceb5,JP,index,建設工事費デフレーター（2020年度基準） 四半期別,W量産住宅,W量産住宅,index (2020年度平均 = 100),national,JP,日本,,,,119.1,,index_value,published_pdl,,,2024Q4,,mlit-deflator-tsuki-2607,deftsuki2020（四半期別）!BL45,https://www.mlit.go.jp/statistics/details/content/deftsuki_2607.xlsx,PDL1.0,,2020年度基準(2020年度平均=100)。2026年4月分の公表から2020年度基準に改定(原本注)。ウエイト項目に営業余剰や間接税(消費税を含む)等を含めない(原本注)。原本の期間表示「2024年 10-12月」(暦年の四半期)。2023年度以降は建設投資のウエイトに2020〜2022年度の平均値を暫定的に使用(原本注)。注意(W2 の照合): 2020年4-6月期以降の四半期別シートの「地方道路公社等」から「S事務所・その他」までの33列は、月別シートの同じ系列の3か月平均と合わず、左隣の系列の3か月平均と合う。四半期別の値が1列右にずれている疑い。値は原本のまま
eb1e2eced6995be5,JP,index,建設工事費デフレーター（2020年度基準） 四半期別,RC在来住宅,RC在来住宅,index (2020年度平均 = 100),national,JP,日本,,,,120.5,,index_value,published_pdl,,,2024Q4,,mlit-deflator-tsuki-2607,deftsuki2020（四半期別）!BM45,https://www.mlit.go.jp/statistics/details/content/deftsuki_2607.xlsx,PDL1.0,,2020年度基準(2020年度平均=100)。2026年4月分の公表から2020年度基準に改定(原本注)。ウエイト項目に営業余剰や間接税(消費税を含む)等を含めない(原本注)。原本の期間表示「2024年 10-12月」(暦年の四半期)。2023年度以降は建設投資のウエイトに2020〜2022年度の平均値を暫定的に使用(原本注)。注意(W2 の照合): 2020年4-6月期以降の四半期別シートの「地方道路公社等」から「S事務所・その他」までの33列は、月別シートの同じ系列の3か月平均と合わず、左隣の系列の3か月平均と合う。四半期別の値が1列右にずれている疑い。値は原本のまま
13fc377875c73cc3,JP,index,建設工事費デフレーター（2020年度基準） 四半期別,RC量産住宅,RC量産住宅,index (2020年度平均 = 100),national,JP,日本,,,,119.4,,index_value,published_pdl,,,2024Q4,,mlit-deflator-tsuki-2607,deftsuki2020（四半期別）!BN45,https://www.mlit.go.jp/statistics/details/content/deftsuki_2607.xlsx,PDL1.0,,2020年度基準(2020年度平均=100)。2026年4月分の公表から2020年度基準に改定(原本注)。ウエイト項目に営業余剰や間接税(消費税を含む)等を含めない(原本注)。原本の期間表示「2024年 10-12月」(暦年の四半期)。2023年度以降は建設投資のウエイトに2020〜2022年度の平均値を暫定的に使用(原本注)。注意(W2 の照合): 2020年4-6月期以降の四半期別シートの「地方道路公社等」から「S事務所・その他」までの33列は、月別シートの同じ系列の3か月平均と合わず、左隣の系列の3か月平均と合う。四半期別の値が1列右にずれている疑い。値は原本のまま
9ad58134d3e69130,JP,index,建設工事費デフレーター（2020年度基準） 四半期別,S在来住宅,S在来住宅,index (2020年度平均 = 100),national,JP,日本,,,,119.4,,index_value,published_pdl,,,2024Q4,,mlit-deflator-tsuki-2607,deftsuki2020（四半期別）!BO45,https://www.mlit.go.jp/statistics/details/content/deftsuki_2607.xlsx,PDL1.0,,2020年度基準(2020年度平均=100)。2026年4月分の公表から2020年度基準に改定(原本注)。ウエイト項目に営業余剰や間接税(消費税を含む)等を含めない(原本注)。原本の期間表示「2024年 10-12月」(暦年の四半期)。2023年度以降は建設投資のウエイトに2020〜2022年度の平均値を暫定的に使用(原本注)。注意(W2 の照合): 2020年4-6月期以降の四半期別シートの「地方道路公社等」から「S事務所・その他」までの33列は、月別シートの同じ系列の3か月平均と合わず、左隣の系列の3か月平均と合う。四半期別の値が1列右にずれている疑い。値は原本のまま
fadb5601d260b7ac,JP,index,建設工事費デフレーター（2020年度基準） 四半期別,S量産住宅,S量産住宅,index (2020年度平均 = 100),national,JP,日本,,,,120.3,,index_value,published_pdl,,,2024Q4,,mlit-deflator-tsuki-2607,deftsuki2020（四半期別）!BP45,https://www.mlit.go.jp/statistics/details/content/deftsuki_2607.xlsx,PDL1.0,,2020年度基準(2020年度平均=100)。2026年4月分の公表から2020年度基準に改定(原本注)。ウエイト項目に営業余剰や間接税(消費税を含む)等を含めない(原本注)。原本の期間表示「2024年 10-12月」(暦年の四半期)。2023年度以降は建設投資のウエイトに2020〜2022年度の平均値を暫定的に使用(原本注)。注意(W2 の照合): 2020年4-6月期以降の四半期別シートの「地方道路公社等」から「S事務所・その他」までの33列は、月別シートの同じ系列の3か月平均と合わず、左隣の系列の3か月平均と合う。四半期別の値が1列右にずれている疑い。値は原本のまま
b7abd8a85ef0a462,JP,index,建設工事費デフレーター（2020年度基準） 四半期別,W工場・倉庫,W工場・倉庫,index (2020年度平均 = 100),national,JP,日本,,,,122.8,,index_value,published_pdl,,,2024Q4,,mlit-deflator-tsuki-2607,deftsuki2020（四半期別）!BQ45,https://www.mlit.go.jp/statistics/details/content/deftsuki_2607.xlsx,PDL1.0,,2020年度基準(2020年度平均=100)。2026年4月分の公表から2020年度基準に改定(原本注)。ウエイト項目に営業余剰や間接税(消費税を含む)等を含めない(原本注)。原本の期間表示「2024年 10-12月」(暦年の四半期)。2023年度以降は建設投資のウエイトに2020〜2022年度の平均値を暫定的に使用(原本注)。注意(W2 の照合): 2020年4-6月期以降の四半期別シートの「地方道路公社等」から「S事務所・その他」までの33列は、月別シートの同じ系列の3か月平均と合わず、左隣の系列の3か月平均と合う。四半期別の値が1列右にずれている疑い。値は原本のまま
e4e1635c8569c971,JP,index,建設工事費デフレーター（2020年度基準） 四半期別,W事務所・その他,W事務所・その他,index (2020年度平均 = 100),national,JP,日本,,,,118.6,,index_value,published_pdl,,,2024Q4,,mlit-deflator-tsuki-2607,deftsuki2020（四半期別）!BR45,https://www.mlit.go.jp/statistics/details/content/deftsuki_2607.xlsx,PDL1.0,,2020年度基準(2020年度平均=100)。2026年4月分の公表から2020年度基準に改定(原本注)。ウエイト項目に営業余剰や間接税(消費税を含む)等を含めない(原本注)。原本の期間表示「2024年 10-12月」(暦年の四半期)。2023年度以降は建設投資のウエイトに2020〜2022年度の平均値を暫定的に使用(原本注)。注意(W2 の照合): 2020年4-6月期以降の四半期別シートの「地方道路公社等」から「S事務所・その他」までの33列は、月別シートの同じ系列の3か月平均と合わず、左隣の系列の3か月平均と合う。四半期別の値が1列右にずれている疑い。値は原本のまま
19c187876dd6ba53,JP,index,建設工事費デフレーター（2020年度基準） 四半期別,SRC工場・倉庫,SRC工場・倉庫,index (2020年度平均 = 100),national,JP,日本,,,,118.2,,index_value,published_pdl,,,2024Q4,,mlit-deflator-tsuki-2607,deftsuki2020（四半期別）!BS45,https://www.mlit.go.jp/statistics/details/content/deftsuki_2607.xlsx,PDL1.0,,2020年度基準(2020年度平均=100)。2026年4月分の公表から2020年度基準に改定(原本注)。ウエイト項目に営業余剰や間接税(消費税を含む)等を含めない(原本注)。原本の期間表示「2024年 10-12月」(暦年の四半期)。2023年度以降は建設投資のウエイトに2020〜2022年度の平均値を暫定的に使用(原本注)。注意(W2 の照合): 2020年4-6月期以降の四半期別シートの「地方道路公社等」から「S事務所・その他」までの33列は、月別シートの同じ系列の3か月平均と合わず、左隣の系列の3か月平均と合う。四半期別の値が1列右にずれている疑い。値は原本のまま
61d4d87d5e00d78c,JP,index,建設工事費デフレーター（2020年度基準） 四半期別,SRC事務所・その他,SRC事務所・その他,index (2020年度平均 = 100),national,JP,日本,,,,120.1,,index_value,published_pdl,,,2024Q4,,mlit-deflator-tsuki-2607,deftsuki2020（四半期別）!BT45,https://www.mlit.go.jp/statistics/details/content/deftsuki_2607.xlsx,PDL1.0,,2020年度基準(2020年度平均=100)。2026年4月分の公表から2020年度基準に改定(原本注)。ウエイト項目に営業余剰や間接税(消費税を含む)等を含めない(原本注)。原本の期間表示「2024年 10-12月」(暦年の四半期)。2023年度以降は建設投資のウエイトに2020〜2022年度の平均値を暫定的に使用(原本注)。注意(W2 の照合): 2020年4-6月期以降の四半期別シートの「地方道路公社等」から「S事務所・その他」までの33列は、月別シートの同じ系列の3か月平均と合わず、左隣の系列の3か月平均と合う。四半期別の値が1列右にずれている疑い。値は原本のまま
ed84d46d46b8ce91,JP,index,建設工事費デフレーター（2020年度基準） 四半期別,RC工場・倉庫,RC工場・倉庫,index (2020年度平均 = 100),national,JP,日本,,,,118.5,,index_value,published_pdl,,,2024Q4,,mlit-deflator-tsuki-2607,deftsuki2020（四半期別）!BU45,https://www.mlit.go.jp/statistics/details/content/deftsuki_2607.xlsx,PDL1.0,,2020年度基準(2020年度平均=100)。2026年4月分の公表から2020年度基準に改定(原本注)。ウエイト項目に営業余剰や間接税(消費税を含む)等を含めない(原本注)。原本の期間表示「2024年 10-12月」(暦年の四半期)。2023年度以降は建設投資のウエイトに2020〜2022年度の平均値を暫定的に使用(原本注)。注意(W2 の照合): 2020年4-6月期以降の四半期別シートの「地方道路公社等」から「S事務所・その他」までの33列は、月別シートの同じ系列の3か月平均と合わず、左隣の系列の3か月平均と合う。四半期別の値が1列右にずれている疑い。値は原本のまま
fed520cc1284a4db,JP,index,建設工事費デフレーター（2020年度基準） 四半期別,RC学校,RC学校,index (2020年度平均 = 100),national,JP,日本,,,,119.5,,index_value,published_pdl,,,2024Q4,,mlit-deflator-tsuki-2607,deftsuki2020（四半期別）!BV45,https://www.mlit.go.jp/statistics/details/content/deftsuki_2607.xlsx,PDL1.0,,2020年度基準(2020年度平均=100)。2026年4月分の公表から2020年度基準に改定(原本注)。ウエイト項目に営業余剰や間接税(消費税を含む)等を含めない(原本注)。原本の期間表示「2024年 10-12月」(暦年の四半期)。2023年度以降は建設投資のウエイトに2020〜2022年度の平均値を暫定的に使用(原本注)。注意(W2 の照合): 2020年4-6月期以降の四半期別シートの「地方道路公社等」から「S事務所・その他」までの33列は、月別シートの同じ系列の3か月平均と合わず、左隣の系列の3か月平均と合う。四半期別の値が1列右にずれている疑い。値は原本のまま
589880162876487e,JP,index,建設工事費デフレーター（2020年度基準） 四半期別,RC事務所・その他,RC事務所・その他,index (2020年度平均 = 100),national,JP,日本,,,,118.5,,index_value,published_pdl,,,2024Q4,,mlit-deflator-tsuki-2607,deftsuki2020（四半期別）!BW45,https://www.mlit.go.jp/statistics/details/content/deftsuki_2607.xlsx,PDL1.0,,2020年度基準(2020年度平均=100)。2026年4月分の公表から2020年度基準に改定(原本注)。ウエイト項目に営業余剰や間接税(消費税を含む)等を含めない(原本注)。原本の期間表示「2024年 10-12月」(暦年の四半期)。2023年度以降は建設投資のウエイトに2020〜2022年度の平均値を暫定的に使用(原本注)。注意(W2 の照合): 2020年4-6月期以降の四半期別シートの「地方道路公社等」から「S事務所・その他」までの33列は、月別シートの同じ系列の3か月平均と合わず、左隣の系列の3か月平均と合う。四半期別の値が1列右にずれている疑い。値は原本のまま
dd168e24ae09a8f8,JP,index,建設工事費デフレーター（2020年度基準） 四半期別,S工場・倉庫,S工場・倉庫,index (2020年度平均 = 100),national,JP,日本,,,,118.7,,index_value,published_pdl,,,2024Q4,,mlit-deflator-tsuki-2607,deftsuki2020（四半期別）!BX45,https://www.mlit.go.jp/statistics/details/content/deftsuki_2607.xlsx,PDL1.0,,2020年度基準(2020年度平均=100)。2026年4月分の公表から2020年度基準に改定(原本注)。ウエイト項目に営業余剰や間接税(消費税を含む)等を含めない(原本注)。原本の期間表示「2024年 10-12月」(暦年の四半期)。2023年度以降は建設投資のウエイトに2020〜2022年度の平均値を暫定的に使用(原本注)。注意(W2 の照合): 2020年4-6月期以降の四半期別シートの「地方道路公社等」から「S事務所・その他」までの33列は、月別シートの同じ系列の3か月平均と合わず、左隣の系列の3か月平均と合う。四半期別の値が1列右にずれている疑い。値は原本のまま
df3342b75edfd984,JP,index,建設工事費デフレーター（2020年度基準） 四半期別,S事務所・その他,S事務所・その他,index (2020年度平均 = 100),national,JP,日本,,,,119.9,,index_value,published_pdl,,,2024Q4,,mlit-deflator-tsuki-2607,deftsuki2020（四半期別）!BY45,https://www.mlit.go.jp/statistics/details/content/deftsuki_2607.xlsx,PDL1.0,,2020年度基準(2020年度平均=100)。2026年4月分の公表から2020年度基準に改定(原本注)。ウエイト項目に営業余剰や間接税(消費税を含む)等を含めない(原本注)。原本の期間表示「2024年 10-12月」(暦年の四半期)。2023年度以降は建設投資のウエイトに2020〜2022年度の平均値を暫定的に使用(原本注)。注意(W2 の照合): 2020年4-6月期以降の四半期別シートの「地方道路公社等」から「S事務所・その他」までの33列は、月別シートの同じ系列の3か月平均と合わず、左隣の系列の3か月平均と合う。四半期別の値が1列右にずれている疑い。値は原本のまま
1e70457c97da37ec,JP,index,建設工事費デフレーター（2020年度基準） 四半期別,地方道路公社等,建設総合 > 土木総合 > 公共事業 > 土木1（除く災害復旧） > 道路総合 > 有料道路 > 地方道路公社等,index (2020年度平均 = 100),national,JP,日本,,,,118.4,,index_value,published_pdl,,,2025Q1,,mlit-deflator-tsuki-2607,deftsuki2020（四半期別）!AS46,https://www.mlit.go.jp/statistics/details/content/deftsuki_2607.xlsx,PDL1.0,,2020年度基準(2020年度平均=100)。2026年4月分の公表から2020年度基準に改定(原本注)。ウエイト項目に営業余剰や間接税(消費税を含む)等を含めない(原本注)。原本の期間表示「2025年 1-3月」(暦年の四半期)。2023年度以降は建設投資のウエイトに2020〜2022年度の平均値を暫定的に使用(原本注)。注意(W2 の照合): 2020年4-6月期以降の四半期別シートの「地方道路公社等」から「S事務所・その他」までの33列は、月別シートの同じ系列の3か月平均と合わず、左隣の系列の3か月平均と合う。四半期別の値が1列右にずれている疑い。値は原本のまま
da797e5258038ef4,JP,index,建設工事費デフレーター（2020年度基準） 四半期別,道路2（再掲）,建設総合 > 土木総合 > 公共事業 > 土木1（除く災害復旧） > 道路2（再掲）,index (2020年度平均 = 100),national,JP,日本,,,,118.1,,index_value,published_pdl,,,2025Q1,,mlit-deflator-tsuki-2607,deftsuki2020（四半期別）!AT46,https://www.mlit.go.jp/statistics/details/content/deftsuki_2607.xlsx,PDL1.0,,2020年度基準(2020年度平均=100)。2026年4月分の公表から2020年度基準に改定(原本注)。ウエイト項目に営業余剰や間接税(消費税を含む)等を含めない(原本注)。原本の期間表示「2025年 1-3月」(暦年の四半期)。2023年度以降は建設投資のウエイトに2020〜2022年度の平均値を暫定的に使用(原本注)。注意(W2 の照合): 2020年4-6月期以降の四半期別シートの「地方道路公社等」から「S事務所・その他」までの33列は、月別シートの同じ系列の3か月平均と合わず、左隣の系列の3か月平均と合う。四半期別の値が1列右にずれている疑い。値は原本のまま
19ad23246f21cb6a,JP,index,建設工事費デフレーター（2020年度基準） 四半期別,街路2（再掲）,建設総合 > 土木総合 > 公共事業 > 土木1（除く災害復旧） > 街路2（再掲）,index (2020年度平均 = 100),national,JP,日本,,,,118.8,,index_value,published_pdl,,,2025Q1,,mlit-deflator-tsuki-2607,deftsuki2020（四半期別）!AU46,https://www.mlit.go.jp/statistics/details/content/deftsuki_2607.xlsx,PDL1.0,,2020年度基準(2020年度平均=100)。2026年4月分の公表から2020年度基準に改定(原本注)。ウエイト項目に営業余剰や間接税(消費税を含む)等を含めない(原本注)。原本の期間表示「2025年 1-3月」(暦年の四半期)。2023年度以降は建設投資のウエイトに2020〜2022年度の平均値を暫定的に使用(原本注)。注意(W2 の照合): 2020年4-6月期以降の四半期別シートの「地方道路公社等」から「S事務所・その他」までの33列は、月別シートの同じ系列の3か月平均と合わず、左隣の系列の3か月平均と合う。四半期別の値が1列右にずれている疑い。値は原本のまま
86bc7b9fc55fcb09,JP,index,建設工事費デフレーター（2020年度基準） 四半期別,公園,建設総合 > 土木総合 > 公共事業 > 土木1（除く災害復旧） > 公園,index (2020年度平均 = 100),national,JP,日本,,,,118.6,,index_value,published_pdl,,,2025Q1,,mlit-deflator-tsuki-2607,deftsuki2020（四半期別）!AV46,https://www.mlit.go.jp/statistics/details/content/deftsuki_2607.xlsx,PDL1.0,,2020年度基準(2020年度平均=100)。2026年4月分の公表から2020年度基準に改定(原本注)。ウエイト項目に営業余剰や間接税(消費税を含む)等を含めない(原本注)。原本の期間表示「2025年 1-3月」(暦年の四半期)。2023年度以降は建設投資のウエイトに2020〜2022年度の平均値を暫定的に使用(原本注)。注意(W2 の照合): 2020年4-6月期以降の四半期別シートの「地方道路公社等」から「S事務所・その他」までの33列は、月別シートの同じ系列の3か月平均と合わず、左隣の系列の3か月平均と合う。四半期別の値が1列右にずれている疑い。値は原本のまま
cb013a0ce120dab8,JP,index,建設工事費デフレーター（2020年度基準） 四半期別,下水道,建設総合 > 土木総合 > 公共事業 > 土木1（除く災害復旧） > 下水道,index (2020年度平均 = 100),national,JP,日本,,,,116.3,,index_value,published_pdl,,,2025Q1,,mlit-deflator-tsuki-2607,deftsuki2020（四半期別）!AW46,https://www.mlit.go.jp/statistics/details/content/deftsuki_2607.xlsx,PDL1.0,,2020年度基準(2020年度平均=100)。2026年4月分の公表から2020年度基準に改定(原本注)。ウエイト項目に営業余剰や間接税(消費税を含む)等を含めない(原本注)。原本の期間表示「2025年 1-3月」(暦年の四半期)。2023年度以降は建設投資のウエイトに2020〜2022年度の平均値を暫定的に使用(原本注)。注意(W2 の照合): 2020年4-6月期以降の四半期別シートの「地方道路公社等」から「S事務所・その他」までの33列は、月別シートの同じ系列の3か月平均と合わず、左隣の系列の3か月平均と合う。四半期別の値が1列右にずれている疑い。値は原本のまま
e0b39e68f80aa66a,JP,index,建設工事費デフレーター（2020年度基準） 四半期別,災害復旧,建設総合 > 土木総合 > 公共事業 > 土木1（除く災害復旧） > 災害復旧,index (2020年度平均 = 100),national,JP,日本,,,,117.9,,index_value,published_pdl,,,2025Q1,,mlit-deflator-tsuki-2607,deftsuki2020（四半期別）!AX46,https://www.mlit.go.jp/statistics/details/content/deftsuki_2607.xlsx,PDL1.0,,2020年度基準(2020年度平均=100)。2026年4月分の公表から2020年度基準に改定(原本注)。ウエイト項目に営業余剰や間接税(消費税を含む)等を含めない(原本注)。原本の期間表示「2025年 1-3月」(暦年の四半期)。2023年度以降は建設投資のウエイトに2020〜2022年度の平均値を暫定的に使用(原本注)。注意(W2 の照合): 2020年4-6月期以降の四半期別シートの「地方道路公社等」から「S事務所・その他」までの33列は、月別シートの同じ系列の3か月平均と合わず、左隣の系列の3か月平均と合う。四半期別の値が1列右にずれている疑い。値は原本のまま
5c1a231f7f8020df,JP,index,建設工事費デフレーター（2020年度基準） 四半期別,土木2,建設総合 > 土木総合 > 公共事業 > 土木2,index (2020年度平均 = 100),national,JP,日本,,,,118.4,,index_value,published_pdl,,,2025Q1,,mlit-deflator-tsuki-2607,deftsuki2020（四半期別）!AY46,https://www.mlit.go.jp/statistics/details/content/deftsuki_2607.xlsx,PDL1.0,,2020年度基準(2020年度平均=100)。2026年4月分の公表から2020年度基準に改定(原本注)。ウエイト項目に営業余剰や間接税(消費税を含む)等を含めない(原本注)。原本の期間表示「2025年 1-3月」(暦年の四半期)。2023年度以降は建設投資のウエイトに2020〜2022年度の平均値を暫定的に使用(原本注)。注意(W2 の照合): 2020年4-6月期以降の四半期別シートの「地方道路公社等」から「S事務所・その他」までの33列は、月別シートの同じ系列の3か月平均と合わず、左隣の系列の3か月平均と合う。四半期別の値が1列右にずれている疑い。値は原本のまま
c5a5d2ea6c7ca69c,JP,index,建設工事費デフレーター（2020年度基準） 四半期別,港湾・漁港,建設総合 > 土木総合 > 公共事業 > 土木2 > 港湾・漁港,index (2020年度平均 = 100),national,JP,日本,,,,118,,index_value,published_pdl,,,2025Q1,,mlit-deflator-tsuki-2607,deftsuki2020（四半期別）!AZ46,https://www.mlit.go.jp/statistics/details/content/deftsuki_2607.xlsx,PDL1.0,,2020年度基準(2020年度平均=100)。2026年4月分の公表から2020年度基準に改定(原本注)。ウエイト項目に営業余剰や間接税(消費税を含む)等を含めない(原本注)。原本の期間表示「2025年 1-3月」(暦年の四半期)。2023年度以降は建設投資のウエイトに2020〜2022年度の平均値を暫定的に使用(原本注)。注意(W2 の照合): 2020年4-6月期以降の四半期別シートの「地方道路公社等」から「S事務所・その他」までの33列は、月別シートの同じ系列の3か月平均と合わず、左隣の系列の3か月平均と合う。四半期別の値が1列右にずれている疑い。値は原本のまま
87ccf61b4a4552b1,JP,index,建設工事費デフレーター（2020年度基準） 四半期別,空港,建設総合 > 土木総合 > 公共事業 > 土木2 > 空港,index (2020年度平均 = 100),national,JP,日本,,,,118,,index_value,published_pdl,,,2025Q1,,mlit-deflator-tsuki-2607,deftsuki2020（四半期別）!BA46,https://www.mlit.go.jp/statistics/details/content/deftsuki_2607.xlsx,PDL1.0,,2020年度基準(2020年度平均=100)。2026年4月分の公表から2020年度基準に改定(原本注)。ウエイト項目に営業余剰や間接税(消費税を含む)等を含めない(原本注)。原本の期間表示「2025年 1-3月」(暦年の四半期)。2023年度以降は建設投資のウエイトに2020〜2022年度の平均値を暫定的に使用(原本注)。注意(W2 の照合): 2020年4-6月期以降の四半期別シートの「地方道路公社等」から「S事務所・その他」までの33列は、月別シートの同じ系列の3か月平均と合わず、左隣の系列の3か月平均と合う。四半期別の値が1列右にずれている疑い。値は原本のまま
50ee47f40652971f,JP,index,建設工事費デフレーター（2020年度基準） 四半期別,環境衛生,建設総合 > 土木総合 > 公共事業 > 土木2 > 環境衛生,index (2020年度平均 = 100),national,JP,日本,,,,112.3,,index_value,published_pdl,,,2025Q1,,mlit-deflator-tsuki-2607,deftsuki2020（四半期別）!BB46,https://www.mlit.go.jp/statistics/details/content/deftsuki_2607.xlsx,PDL1.0,,2020年度基準(2020年度平均=100)。2026年4月分の公表から2020年度基準に改定(原本注)。ウエイト項目に営業余剰や間接税(消費税を含む)等を含めない(原本注)。原本の期間表示「2025年 1-3月」(暦年の四半期)。2023年度以降は建設投資のウエイトに2020〜2022年度の平均値を暫定的に使用(原本注)。注意(W2 の照合): 2020年4-6月期以降の四半期別シートの「地方道路公社等」から「S事務所・その他」までの33列は、月別シートの同じ系列の3か月平均と合わず、左隣の系列の3か月平均と合う。四半期別の値が1列右にずれている疑い。値は原本のまま
976298a0e3991d9d,JP,index,建設工事費デフレーター（2020年度基準） 四半期別,農林関係公共事業,建設総合 > 土木総合 > 公共事業 > 土木2 > 農林関係公共事業,index (2020年度平均 = 100),national,JP,日本,,,,118.3,,index_value,published_pdl,,,2025Q1,,mlit-deflator-tsuki-2607,deftsuki2020（四半期別）!BC46,https://www.mlit.go.jp/statistics/details/content/deftsuki_2607.xlsx,PDL1.0,,2020年度基準(2020年度平均=100)。2026年4月分の公表から2020年度基準に改定(原本注)。ウエイト項目に営業余剰や間接税(消費税を含む)等を含めない(原本注)。原本の期間表示「2025年 1-3月」(暦年の四半期)。2023年度以降は建設投資のウエイトに2020〜2022年度の平均値を暫定的に使用(原本注)。注意(W2 の照合): 2020年4-6月期以降の四半期別シートの「地方道路公社等」から「S事務所・その他」までの33列は、月別シートの同じ系列の3か月平均と合わず、左隣の系列の3か月平均と合う。四半期別の値が1列右にずれている疑い。値は原本のまま
2a6b30e31765eff9,JP,index,建設工事費デフレーター（2020年度基準） 四半期別,その他土木,建設総合 > 土木総合 > その他土木 (原本の列 BD。同じ表頭の列が2つある),index (2020年度平均 = 100),national,JP,日本,,,,118.7,,index_value,published_pdl,,,2025Q1,,mlit-deflator-tsuki-2607,deftsuki2020（四半期別）!BD46,https://www.mlit.go.jp/statistics/details/content/deftsuki_2607.xlsx,PDL1.0,,2020年度基準(2020年度平均=100)。2026年4月分の公表から2020年度基準に改定(原本注)。ウエイト項目に営業余剰や間接税(消費税を含む)等を含めない(原本注)。原本の期間表示「2025年 1-3月」(暦年の四半期)。2023年度以降は建設投資のウエイトに2020〜2022年度の平均値を暫定的に使用(原本注)。注意(W2 の照合): 2020年4-6月期以降の四半期別シートの「地方道路公社等」から「S事務所・その他」までの33列は、月別シートの同じ系列の3か月平均と合わず、左隣の系列の3か月平均と合う。四半期別の値が1列右にずれている疑い。値は原本のまま
0a0e2d5b81ff0562,JP,index,建設工事費デフレーター（2020年度基準） 四半期別,鉄道軌道,建設総合 > 土木総合 > その他土木 > 鉄道軌道,index (2020年度平均 = 100),national,JP,日本,,,,118.2,,index_value,published_pdl,,,2025Q1,,mlit-deflator-tsuki-2607,deftsuki2020（四半期別）!BE46,https://www.mlit.go.jp/statistics/details/content/deftsuki_2607.xlsx,PDL1.0,,2020年度基準(2020年度平均=100)。2026年4月分の公表から2020年度基準に改定(原本注)。ウエイト項目に営業余剰や間接税(消費税を含む)等を含めない(原本注)。原本の期間表示「2025年 1-3月」(暦年の四半期)。2023年度以降は建設投資のウエイトに2020〜2022年度の平均値を暫定的に使用(原本注)。注意(W2 の照合): 2020年4-6月期以降の四半期別シートの「地方道路公社等」から「S事務所・その他」までの33列は、月別シートの同じ系列の3か月平均と合わず、左隣の系列の3か月平均と合う。四半期別の値が1列右にずれている疑い。値は原本のまま
a0a83d12d833e33f,JP,index,建設工事費デフレーター（2020年度基準） 四半期別,電力,建設総合 > 土木総合 > その他土木 > 電力,index (2020年度平均 = 100),national,JP,日本,,,,119.9,,index_value,published_pdl,,,2025Q1,,mlit-deflator-tsuki-2607,deftsuki2020（四半期別）!BF46,https://www.mlit.go.jp/statistics/details/content/deftsuki_2607.xlsx,PDL1.0,,2020年度基準(2020年度平均=100)。2026年4月分の公表から2020年度基準に改定(原本注)。ウエイト項目に営業余剰や間接税(消費税を含む)等を含めない(原本注)。原本の期間表示「2025年 1-3月」(暦年の四半期)。2023年度以降は建設投資のウエイトに2020〜2022年度の平均値を暫定的に使用(原本注)。注意(W2 の照合): 2020年4-6月期以降の四半期別シートの「地方道路公社等」から「S事務所・その他」までの33列は、月別シートの同じ系列の3か月平均と合わず、左隣の系列の3か月平均と合う。四半期別の値が1列右にずれている疑い。値は原本のまま
3ba4b8a224a0fe65,JP,index,建設工事費デフレーター（2020年度基準） 四半期別,電気通信,建設総合 > 土木総合 > その他土木 > 電気通信,index (2020年度平均 = 100),national,JP,日本,,,,119,,index_value,published_pdl,,,2025Q1,,mlit-deflator-tsuki-2607,deftsuki2020（四半期別）!BG46,https://www.mlit.go.jp/statistics/details/content/deftsuki_2607.xlsx,PDL1.0,,2020年度基準(2020年度平均=100)。2026年4月分の公表から2020年度基準に改定(原本注)。ウエイト項目に営業余剰や間接税(消費税を含む)等を含めない(原本注)。原本の期間表示「2025年 1-3月」(暦年の四半期)。2023年度以降は建設投資のウエイトに2020〜2022年度の平均値を暫定的に使用(原本注)。注意(W2 の照合): 2020年4-6月期以降の四半期別シートの「地方道路公社等」から「S事務所・その他」までの33列は、月別シートの同じ系列の3か月平均と合わず、左隣の系列の3か月平均と合う。四半期別の値が1列右にずれている疑い。値は原本のまま
70e260172ec35833,JP,index,建設工事費デフレーター（2020年度基準） 四半期別,上・工業用水道,建設総合 > 土木総合 > その他土木 > 上・工業用水道,index (2020年度平均 = 100),national,JP,日本,,,,115.7,,index_value,published_pdl,,,2025Q1,,mlit-deflator-tsuki-2607,deftsuki2020（四半期別）!BH46,https://www.mlit.go.jp/statistics/details/content/deftsuki_2607.xlsx,PDL1.0,,2020年度基準(2020年度平均=100)。2026年4月分の公表から2020年度基準に改定(原本注)。ウエイト項目に営業余剰や間接税(消費税を含む)等を含めない(原本注)。原本の期間表示「2025年 1-3月」(暦年の四半期)。2023年度以降は建設投資のウエイトに2020〜2022年度の平均値を暫定的に使用(原本注)。注意(W2 の照合): 2020年4-6月期以降の四半期別シートの「地方道路公社等」から「S事務所・その他」までの33列は、月別シートの同じ系列の3か月平均と合わず、左隣の系列の3か月平均と合う。四半期別の値が1列右にずれている疑い。値は原本のまま
8853bfee2de6baeb,JP,index,建設工事費デフレーター（2020年度基準） 四半期別,土地造成,建設総合 > 土木総合 > その他土木 > 土地造成,index (2020年度平均 = 100),national,JP,日本,,,,118.1,,index_value,published_pdl,,,2025Q1,,mlit-deflator-tsuki-2607,deftsuki2020（四半期別）!BI46,https://www.mlit.go.jp/statistics/details/content/deftsuki_2607.xlsx,PDL1.0,,2020年度基準(2020年度平均=100)。2026年4月分の公表から2020年度基準に改定(原本注)。ウエイト項目に営業余剰や間接税(消費税を含む)等を含めない(原本注)。原本の期間表示「2025年 1-3月」(暦年の四半期)。2023年度以降は建設投資のウエイトに2020〜2022年度の平均値を暫定的に使用(原本注)。注意(W2 の照合): 2020年4-6月期以降の四半期別シートの「地方道路公社等」から「S事務所・その他」までの33列は、月別シートの同じ系列の3か月平均と合わず、左隣の系列の3か月平均と合う。四半期別の値が1列右にずれている疑い。値は原本のまま
3fa38eac64e1436b,JP,index,建設工事費デフレーター（2020年度基準） 四半期別,その他土木,建設総合 > 土木総合 > その他土木 (原本の列 BJ。同じ表頭の列が2つある),index (2020年度平均 = 100),national,JP,日本,,,,116.6,,index_value,published_pdl,,,2025Q1,,mlit-deflator-tsuki-2607,deftsuki2020（四半期別）!BJ46,https://www.mlit.go.jp/statistics/details/content/deftsuki_2607.xlsx,PDL1.0,,2020年度基準(2020年度平均=100)。2026年4月分の公表から2020年度基準に改定(原本注)。ウエイト項目に営業余剰や間接税(消費税を含む)等を含めない(原本注)。原本の期間表示「2025年 1-3月」(暦年の四半期)。2023年度以降は建設投資のウエイトに2020〜2022年度の平均値を暫定的に使用(原本注)。注意(W2 の照合): 2020年4-6月期以降の四半期別シートの「地方道路公社等」から「S事務所・その他」までの33列は、月別シートの同じ系列の3か月平均と合わず、左隣の系列の3か月平均と合う。四半期別の値が1列右にずれている疑い。値は原本のまま
7eac2246ae71d57d,JP,index,建設工事費デフレーター（2020年度基準） 四半期別,W在来住宅,W在来住宅,index (2020年度平均 = 100),national,JP,日本,,,,117.4,,index_value,published_pdl,,,2025Q1,,mlit-deflator-tsuki-2607,deftsuki2020（四半期別）!BK46,https://www.mlit.go.jp/statistics/details/content/deftsuki_2607.xlsx,PDL1.0,,2020年度基準(2020年度平均=100)。2026年4月分の公表から2020年度基準に改定(原本注)。ウエイト項目に営業余剰や間接税(消費税を含む)等を含めない(原本注)。原本の期間表示「2025年 1-3月」(暦年の四半期)。2023年度以降は建設投資のウエイトに2020〜2022年度の平均値を暫定的に使用(原本注)。注意(W2 の照合): 2020年4-6月期以降の四半期別シートの「地方道路公社等」から「S事務所・その他」までの33列は、月別シートの同じ系列の3か月平均と合わず、左隣の系列の3か月平均と合う。四半期別の値が1列右にずれている疑い。値は原本のまま
9b6071bb21233cd7,JP,index,建設工事費デフレーター（2020年度基準） 四半期別,W量産住宅,W量産住宅,index (2020年度平均 = 100),national,JP,日本,,,,118.9,,index_value,published_pdl,,,2025Q1,,mlit-deflator-tsuki-2607,deftsuki2020（四半期別）!BL46,https://www.mlit.go.jp/statistics/details/content/deftsuki_2607.xlsx,PDL1.0,,2020年度基準(2020年度平均=100)。2026年4月分の公表から2020年度基準に改定(原本注)。ウエイト項目に営業余剰や間接税(消費税を含む)等を含めない(原本注)。原本の期間表示「2025年 1-3月」(暦年の四半期)。2023年度以降は建設投資のウエイトに2020〜2022年度の平均値を暫定的に使用(原本注)。注意(W2 の照合): 2020年4-6月期以降の四半期別シートの「地方道路公社等」から「S事務所・その他」までの33列は、月別シートの同じ系列の3か月平均と合わず、左隣の系列の3か月平均と合う。四半期別の値が1列右にずれている疑い。値は原本のまま
c6c9cb3e47739f76,JP,index,建設工事費デフレーター（2020年度基準） 四半期別,RC在来住宅,RC在来住宅,index (2020年度平均 = 100),national,JP,日本,,,,120.2,,index_value,published_pdl,,,2025Q1,,mlit-deflator-tsuki-2607,deftsuki2020（四半期別）!BM46,https://www.mlit.go.jp/statistics/details/content/deftsuki_2607.xlsx,PDL1.0,,2020年度基準(2020年度平均=100)。2026年4月分の公表から2020年度基準に改定(原本注)。ウエイト項目に営業余剰や間接税(消費税を含む)等を含めない(原本注)。原本の期間表示「2025年 1-3月」(暦年の四半期)。2023年度以降は建設投資のウエイトに2020〜2022年度の平均値を暫定的に使用(原本注)。注意(W2 の照合): 2020年4-6月期以降の四半期別シートの「地方道路公社等」から「S事務所・その他」までの33列は、月別シートの同じ系列の3か月平均と合わず、左隣の系列の3か月平均と合う。四半期別の値が1列右にずれている疑い。値は原本のまま
ea8c1c79cdb0329d,JP,index,建設工事費デフレーター（2020年度基準） 四半期別,RC量産住宅,RC量産住宅,index (2020年度平均 = 100),national,JP,日本,,,,119.2,,index_value,published_pdl,,,2025Q1,,mlit-deflator-tsuki-2607,deftsuki2020（四半期別）!BN46,https://www.mlit.go.jp/statistics/details/content/deftsuki_2607.xlsx,PDL1.0,,2020年度基準(2020年度平均=100)。2026年4月分の公表から2020年度基準に改定(原本注)。ウエイト項目に営業余剰や間接税(消費税を含む)等を含めない(原本注)。原本の期間表示「2025年 1-3月」(暦年の四半期)。2023年度以降は建設投資のウエイトに2020〜2022年度の平均値を暫定的に使用(原本注)。注意(W2 の照合): 2020年4-6月期以降の四半期別シートの「地方道路公社等」から「S事務所・その他」までの33列は、月別シートの同じ系列の3か月平均と合わず、左隣の系列の3か月平均と合う。四半期別の値が1列右にずれている疑い。値は原本のまま
3aa730a3229fee35,JP,index,建設工事費デフレーター（2020年度基準） 四半期別,S在来住宅,S在来住宅,index (2020年度平均 = 100),national,JP,日本,,,,119.4,,index_value,published_pdl,,,2025Q1,,mlit-deflator-tsuki-2607,deftsuki2020（四半期別）!BO46,https://www.mlit.go.jp/statistics/details/content/deftsuki_2607.xlsx,PDL1.0,,2020年度基準(2020年度平均=100)。2026年4月分の公表から2020年度基準に改定(原本注)。ウエイト項目に営業余剰や間接税(消費税を含む)等を含めない(原本注)。原本の期間表示「2025年 1-3月」(暦年の四半期)。2023年度以降は建設投資のウエイトに2020〜2022年度の平均値を暫定的に使用(原本注)。注意(W2 の照合): 2020年4-6月期以降の四半期別シートの「地方道路公社等」から「S事務所・その他」までの33列は、月別シートの同じ系列の3か月平均と合わず、左隣の系列の3か月平均と合う。四半期別の値が1列右にずれている疑い。値は原本のまま
38b13bbf863b994a,JP,index,建設工事費デフレーター（2020年度基準） 四半期別,S量産住宅,S量産住宅,index (2020年度平均 = 100),national,JP,日本,,,,120.4,,index_value,published_pdl,,,2025Q1,,mlit-deflator-tsuki-2607,deftsuki2020（四半期別）!BP46,https://www.mlit.go.jp/statistics/details/content/deftsuki_2607.xlsx,PDL1.0,,2020年度基準(2020年度平均=100)。2026年4月分の公表から2020年度基準に改定(原本注)。ウエイト項目に営業余剰や間接税(消費税を含む)等を含めない(原本注)。原本の期間表示「2025年 1-3月」(暦年の四半期)。2023年度以降は建設投資のウエイトに2020〜2022年度の平均値を暫定的に使用(原本注)。注意(W2 の照合): 2020年4-6月期以降の四半期別シートの「地方道路公社等」から「S事務所・その他」までの33列は、月別シートの同じ系列の3か月平均と合わず、左隣の系列の3か月平均と合う。四半期別の値が1列右にずれている疑い。値は原本のまま
8b845988196a763f,JP,index,建設工事費デフレーター（2020年度基準） 四半期別,W工場・倉庫,W工場・倉庫,index (2020年度平均 = 100),national,JP,日本,,,,122.3,,index_value,published_pdl,,,2025Q1,,mlit-deflator-tsuki-2607,deftsuki2020（四半期別）!BQ46,https://www.mlit.go.jp/statistics/details/content/deftsuki_2607.xlsx,PDL1.0,,2020年度基準(2020年度平均=100)。2026年4月分の公表から2020年度基準に改定(原本注)。ウエイト項目に営業余剰や間接税(消費税を含む)等を含めない(原本注)。原本の期間表示「2025年 1-3月」(暦年の四半期)。2023年度以降は建設投資のウエイトに2020〜2022年度の平均値を暫定的に使用(原本注)。注意(W2 の照合): 2020年4-6月期以降の四半期別シートの「地方道路公社等」から「S事務所・その他」までの33列は、月別シートの同じ系列の3か月平均と合わず、左隣の系列の3か月平均と合う。四半期別の値が1列右にずれている疑い。値は原本のまま
9b6cfbf974894fe6,JP,index,建設工事費デフレーター（2020年度基準） 四半期別,W事務所・その他,W事務所・その他,index (2020年度平均 = 100),national,JP,日本,,,,118.3,,index_value,published_pdl,,,2025Q1,,mlit-deflator-tsuki-2607,deftsuki2020（四半期別）!BR46,https://www.mlit.go.jp/statistics/details/content/deftsuki_2607.xlsx,PDL1.0,,2020年度基準(2020年度平均=100)。2026年4月分の公表から2020年度基準に改定(原本注)。ウエイト項目に営業余剰や間接税(消費税を含む)等を含めない(原本注)。原本の期間表示「2025年 1-3月」(暦年の四半期)。2023年度以降は建設投資のウエイトに2020〜2022年度の平均値を暫定的に使用(原本注)。注意(W2 の照合): 2020年4-6月期以降の四半期別シートの「地方道路公社等」から「S事務所・その他」までの33列は、月別シートの同じ系列の3か月平均と合わず、左隣の系列の3か月平均と合う。四半期別の値が1列右にずれている疑い。値は原本のまま
a343a82e35401730,JP,index,建設工事費デフレーター（2020年度基準） 四半期別,SRC工場・倉庫,SRC工場・倉庫,index (2020年度平均 = 100),national,JP,日本,,,,117.9,,index_value,published_pdl,,,2025Q1,,mlit-deflator-tsuki-2607,deftsuki2020（四半期別）!BS46,https://www.mlit.go.jp/statistics/details/content/deftsuki_2607.xlsx,PDL1.0,,2020年度基準(2020年度平均=100)。2026年4月分の公表から2020年度基準に改定(原本注)。ウエイト項目に営業余剰や間接税(消費税を含む)等を含めない(原本注)。原本の期間表示「2025年 1-3月」(暦年の四半期)。2023年度以降は建設投資のウエイトに2020〜2022年度の平均値を暫定的に使用(原本注)。注意(W2 の照合): 2020年4-6月期以降の四半期別シートの「地方道路公社等」から「S事務所・その他」までの33列は、月別シートの同じ系列の3か月平均と合わず、左隣の系列の3か月平均と合う。四半期別の値が1列右にずれている疑い。値は原本のまま
99028bf363b3f467,JP,index,建設工事費デフレーター（2020年度基準） 四半期別,SRC事務所・その他,SRC事務所・その他,index (2020年度平均 = 100),national,JP,日本,,,,119.7,,index_value,published_pdl,,,2025Q1,,mlit-deflator-tsuki-2607,deftsuki2020（四半期別）!BT46,https://www.mlit.go.jp/statistics/details/content/deftsuki_2607.xlsx,PDL1.0,,2020年度基準(2020年度平均=100)。2026年4月分の公表から2020年度基準に改定(原本注)。ウエイト項目に営業余剰や間接税(消費税を含む)等を含めない(原本注)。原本の期間表示「2025年 1-3月」(暦年の四半期)。2023年度以降は建設投資のウエイトに2020〜2022年度の平均値を暫定的に使用(原本注)。注意(W2 の照合): 2020年4-6月期以降の四半期別シートの「地方道路公社等」から「S事務所・その他」までの33列は、月別シートの同じ系列の3か月平均と合わず、左隣の系列の3か月平均と合う。四半期別の値が1列右にずれている疑い。値は原本のまま
ece1835fc8773255,JP,index,建設工事費デフレーター（2020年度基準） 四半期別,RC工場・倉庫,RC工場・倉庫,index (2020年度平均 = 100),national,JP,日本,,,,118,,index_value,published_pdl,,,2025Q1,,mlit-deflator-tsuki-2607,deftsuki2020（四半期別）!BU46,https://www.mlit.go.jp/statistics/details/content/deftsuki_2607.xlsx,PDL1.0,,2020年度基準(2020年度平均=100)。2026年4月分の公表から2020年度基準に改定(原本注)。ウエイト項目に営業余剰や間接税(消費税を含む)等を含めない(原本注)。原本の期間表示「2025年 1-3月」(暦年の四半期)。2023年度以降は建設投資のウエイトに2020〜2022年度の平均値を暫定的に使用(原本注)。注意(W2 の照合): 2020年4-6月期以降の四半期別シートの「地方道路公社等」から「S事務所・その他」までの33列は、月別シートの同じ系列の3か月平均と合わず、左隣の系列の3か月平均と合う。四半期別の値が1列右にずれている疑い。値は原本のまま
14a63988c4bc86d8,JP,index,建設工事費デフレーター（2020年度基準） 四半期別,RC学校,RC学校,index (2020年度平均 = 100),national,JP,日本,,,,119.1,,index_value,published_pdl,,,2025Q1,,mlit-deflator-tsuki-2607,deftsuki2020（四半期別）!BV46,https://www.mlit.go.jp/statistics/details/content/deftsuki_2607.xlsx,PDL1.0,,2020年度基準(2020年度平均=100)。2026年4月分の公表から2020年度基準に改定(原本注)。ウエイト項目に営業余剰や間接税(消費税を含む)等を含めない(原本注)。原本の期間表示「2025年 1-3月」(暦年の四半期)。2023年度以降は建設投資のウエイトに2020〜2022年度の平均値を暫定的に使用(原本注)。注意(W2 の照合): 2020年4-6月期以降の四半期別シートの「地方道路公社等」から「S事務所・その他」までの33列は、月別シートの同じ系列の3か月平均と合わず、左隣の系列の3か月平均と合う。四半期別の値が1列右にずれている疑い。値は原本のまま
c7496736beeec194,JP,index,建設工事費デフレーター（2020年度基準） 四半期別,RC事務所・その他,RC事務所・その他,index (2020年度平均 = 100),national,JP,日本,,,,118.1,,index_value,published_pdl,,,2025Q1,,mlit-deflator-tsuki-2607,deftsuki2020（四半期別）!BW46,https://www.mlit.go.jp/statistics/details/content/deftsuki_2607.xlsx,PDL1.0,,2020年度基準(2020年度平均=100)。2026年4月分の公表から2020年度基準に改定(原本注)。ウエイト項目に営業余剰や間接税(消費税を含む)等を含めない(原本注)。原本の期間表示「2025年 1-3月」(暦年の四半期)。2023年度以降は建設投資のウエイトに2020〜2022年度の平均値を暫定的に使用(原本注)。注意(W2 の照合): 2020年4-6月期以降の四半期別シートの「地方道路公社等」から「S事務所・その他」までの33列は、月別シートの同じ系列の3か月平均と合わず、左隣の系列の3か月平均と合う。四半期別の値が1列右にずれている疑い。値は原本のまま
b865cf35492c4660,JP,index,建設工事費デフレーター（2020年度基準） 四半期別,S工場・倉庫,S工場・倉庫,index (2020年度平均 = 100),national,JP,日本,,,,118.3,,index_value,published_pdl,,,2025Q1,,mlit-deflator-tsuki-2607,deftsuki2020（四半期別）!BX46,https://www.mlit.go.jp/statistics/details/content/deftsuki_2607.xlsx,PDL1.0,,2020年度基準(2020年度平均=100)。2026年4月分の公表から2020年度基準に改定(原本注)。ウエイト項目に営業余剰や間接税(消費税を含む)等を含めない(原本注)。原本の期間表示「2025年 1-3月」(暦年の四半期)。2023年度以降は建設投資のウエイトに2020〜2022年度の平均値を暫定的に使用(原本注)。注意(W2 の照合): 2020年4-6月期以降の四半期別シートの「地方道路公社等」から「S事務所・その他」までの33列は、月別シートの同じ系列の3か月平均と合わず、左隣の系列の3か月平均と合う。四半期別の値が1列右にずれている疑い。値は原本のまま
3b176f784b0c2d14,JP,index,建設工事費デフレーター（2020年度基準） 四半期別,S事務所・その他,S事務所・その他,index (2020年度平均 = 100),national,JP,日本,,,,119.5,,index_value,published_pdl,,,2025Q1,,mlit-deflator-tsuki-2607,deftsuki2020（四半期別）!BY46,https://www.mlit.go.jp/statistics/details/content/deftsuki_2607.xlsx,PDL1.0,,2020年度基準(2020年度平均=100)。2026年4月分の公表から2020年度基準に改定(原本注)。ウエイト項目に営業余剰や間接税(消費税を含む)等を含めない(原本注)。原本の期間表示「2025年 1-3月」(暦年の四半期)。2023年度以降は建設投資のウエイトに2020〜2022年度の平均値を暫定的に使用(原本注)。注意(W2 の照合): 2020年4-6月期以降の四半期別シートの「地方道路公社等」から「S事務所・その他」までの33列は、月別シートの同じ系列の3か月平均と合わず、左隣の系列の3か月平均と合う。四半期別の値が1列右にずれている疑い。値は原本のまま
6b314efde6fe5bd0,JP,index,建設工事費デフレーター（2020年度基準） 四半期別,地方道路公社等,建設総合 > 土木総合 > 公共事業 > 土木1（除く災害復旧） > 道路総合 > 有料道路 > 地方道路公社等,index (2020年度平均 = 100),national,JP,日本,,,,119.9,,index_value,published_pdl,,,2025Q2,,mlit-deflator-tsuki-2607,deftsuki2020（四半期別）!AS47,https://www.mlit.go.jp/statistics/details/content/deftsuki_2607.xlsx,PDL1.0,,2020年度基準(2020年度平均=100)。2026年4月分の公表から2020年度基準に改定(原本注)。ウエイト項目に営業余剰や間接税(消費税を含む)等を含めない(原本注)。原本の期間表示「2025年 4-6月」(暦年の四半期)。2023年度以降は建設投資のウエイトに2020〜2022年度の平均値を暫定的に使用(原本注)。注意(W2 の照合): 2020年4-6月期以降の四半期別シートの「地方道路公社等」から「S事務所・その他」までの33列は、月別シートの同じ系列の3か月平均と合わず、左隣の系列の3か月平均と合う。四半期別の値が1列右にずれている疑い。値は原本のまま
4969ef3af6aa7d5e,JP,index,建設工事費デフレーター（2020年度基準） 四半期別,道路2（再掲）,建設総合 > 土木総合 > 公共事業 > 土木1（除く災害復旧） > 道路2（再掲）,index (2020年度平均 = 100),national,JP,日本,,,,119.1,,index_value,published_pdl,,,2025Q2,,mlit-deflator-tsuki-2607,deftsuki2020（四半期別）!AT47,https://www.mlit.go.jp/statistics/details/content/deftsuki_2607.xlsx,PDL1.0,,2020年度基準(2020年度平均=100)。2026年4月分の公表から2020年度基準に改定(原本注)。ウエイト項目に営業余剰や間接税(消費税を含む)等を含めない(原本注)。原本の期間表示「2025年 4-6月」(暦年の四半期)。2023年度以降は建設投資のウエイトに2020〜2022年度の平均値を暫定的に使用(原本注)。注意(W2 の照合): 2020年4-6月期以降の四半期別シートの「地方道路公社等」から「S事務所・その他」までの33列は、月別シートの同じ系列の3か月平均と合わず、左隣の系列の3か月平均と合う。四半期別の値が1列右にずれている疑い。値は原本のまま
2a598a2c745402ed,JP,index,建設工事費デフレーター（2020年度基準） 四半期別,街路2（再掲）,建設総合 > 土木総合 > 公共事業 > 土木1（除く災害復旧） > 街路2（再掲）,index (2020年度平均 = 100),national,JP,日本,,,,120,,index_value,published_pdl,,,2025Q2,,mlit-deflator-tsuki-2607,deftsuki2020（四半期別）!AU47,https://www.mlit.go.jp/statistics/details/content/deftsuki_2607.xlsx,PDL1.0,,2020年度基準(2020年度平均=100)。2026年4月分の公表から2020年度基準に改定(原本注)。ウエイト項目に営業余剰や間接税(消費税を含む)等を含めない(原本注)。原本の期間表示「2025年 4-6月」(暦年の四半期)。2023年度以降は建設投資のウエイトに2020〜2022年度の平均値を暫定的に使用(原本注)。注意(W2 の照合): 2020年4-6月期以降の四半期別シートの「地方道路公社等」から「S事務所・その他」までの33列は、月別シートの同じ系列の3か月平均と合わず、左隣の系列の3か月平均と合う。四半期別の値が1列右にずれている疑い。値は原本のまま
2caf16ebf5c12913,JP,index,建設工事費デフレーター（2020年度基準） 四半期別,公園,建設総合 > 土木総合 > 公共事業 > 土木1（除く災害復旧） > 公園,index (2020年度平均 = 100),national,JP,日本,,,,120,,index_value,published_pdl,,,2025Q2,,mlit-deflator-tsuki-2607,deftsuki2020（四半期別）!AV47,https://www.mlit.go.jp/statistics/details/content/deftsuki_2607.xlsx,PDL1.0,,2020年度基準(2020年度平均=100)。2026年4月分の公表から2020年度基準に改定(原本注)。ウエイト項目に営業余剰や間接税(消費税を含む)等を含めない(原本注)。原本の期間表示「2025年 4-6月」(暦年の四半期)。2023年度以降は建設投資のウエイトに2020〜2022年度の平均値を暫定的に使用(原本注)。注意(W2 の照合): 2020年4-6月期以降の四半期別シートの「地方道路公社等」から「S事務所・その他」までの33列は、月別シートの同じ系列の3か月平均と合わず、左隣の系列の3か月平均と合う。四半期別の値が1列右にずれている疑い。値は原本のまま
d68823596c7d6577,JP,index,建設工事費デフレーター（2020年度基準） 四半期別,下水道,建設総合 > 土木総合 > 公共事業 > 土木1（除く災害復旧） > 下水道,index (2020年度平均 = 100),national,JP,日本,,,,117.4,,index_value,published_pdl,,,2025Q2,,mlit-deflator-tsuki-2607,deftsuki2020（四半期別）!AW47,https://www.mlit.go.jp/statistics/details/content/deftsuki_2607.xlsx,PDL1.0,,2020年度基準(2020年度平均=100)。2026年4月分の公表から2020年度基準に改定(原本注)。ウエイト項目に営業余剰や間接税(消費税を含む)等を含めない(原本注)。原本の期間表示「2025年 4-6月」(暦年の四半期)。2023年度以降は建設投資のウエイトに2020〜2022年度の平均値を暫定的に使用(原本注)。注意(W2 の照合): 2020年4-6月期以降の四半期別シートの「地方道路公社等」から「S事務所・その他」までの33列は、月別シートの同じ系列の3か月平均と合わず、左隣の系列の3か月平均と合う。四半期別の値が1列右にずれている疑い。値は原本のまま
21e97d62a4c62252,JP,index,建設工事費デフレーター（2020年度基準） 四半期別,災害復旧,建設総合 > 土木総合 > 公共事業 > 土木1（除く災害復旧） > 災害復旧,index (2020年度平均 = 100),national,JP,日本,,,,119.3,,index_value,published_pdl,,,2025Q2,,mlit-deflator-tsuki-2607,deftsuki2020（四半期別）!AX47,https://www.mlit.go.jp/statistics/details/content/deftsuki_2607.xlsx,PDL1.0,,2020年度基準(2020年度平均=100)。2026年4月分の公表から2020年度基準に改定(原本注)。ウエイト項目に営業余剰や間接税(消費税を含む)等を含めない(原本注)。原本の期間表示「2025年 4-6月」(暦年の四半期)。2023年度以降は建設投資のウエイトに2020〜2022年度の平均値を暫定的に使用(原本注)。注意(W2 の照合): 2020年4-6月期以降の四半期別シートの「地方道路公社等」から「S事務所・その他」までの33列は、月別シートの同じ系列の3か月平均と合わず、左隣の系列の3か月平均と合う。四半期別の値が1列右にずれている疑い。値は原本のまま
9df84e95febabe18,JP,index,建設工事費デフレーター（2020年度基準） 四半期別,土木2,建設総合 > 土木総合 > 公共事業 > 土木2,index (2020年度平均 = 100),national,JP,日本,,,,119.9,,index_value,published_pdl,,,2025Q2,,mlit-deflator-tsuki-2607,deftsuki2020（四半期別）!AY47,https://www.mlit.go.jp/statistics/details/content/deftsuki_2607.xlsx,PDL1.0,,2020年度基準(2020年度平均=100)。2026年4月分の公表から2020年度基準に改定(原本注)。ウエイト項目に営業余剰や間接税(消費税を含む)等を含めない(原本注)。原本の期間表示「2025年 4-6月」(暦年の四半期)。2023年度以降は建設投資のウエイトに2020〜2022年度の平均値を暫定的に使用(原本注)。注意(W2 の照合): 2020年4-6月期以降の四半期別シートの「地方道路公社等」から「S事務所・その他」までの33列は、月別シートの同じ系列の3か月平均と合わず、左隣の系列の3か月平均と合う。四半期別の値が1列右にずれている疑い。値は原本のまま
c8f98cb662f16bf7,JP,index,建設工事費デフレーター（2020年度基準） 四半期別,港湾・漁港,建設総合 > 土木総合 > 公共事業 > 土木2 > 港湾・漁港,index (2020年度平均 = 100),national,JP,日本,,,,119.2,,index_value,published_pdl,,,2025Q2,,mlit-deflator-tsuki-2607,deftsuki2020（四半期別）!AZ47,https://www.mlit.go.jp/statistics/details/content/deftsuki_2607.xlsx,PDL1.0,,2020年度基準(2020年度平均=100)。2026年4月分の公表から2020年度基準に改定(原本注)。ウエイト項目に営業余剰や間接税(消費税を含む)等を含めない(原本注)。原本の期間表示「2025年 4-6月」(暦年の四半期)。2023年度以降は建設投資のウエイトに2020〜2022年度の平均値を暫定的に使用(原本注)。注意(W2 の照合): 2020年4-6月期以降の四半期別シートの「地方道路公社等」から「S事務所・その他」までの33列は、月別シートの同じ系列の3か月平均と合わず、左隣の系列の3か月平均と合う。四半期別の値が1列右にずれている疑い。値は原本のまま
1729f21f6bf504c3,JP,index,建設工事費デフレーター（2020年度基準） 四半期別,空港,建設総合 > 土木総合 > 公共事業 > 土木2 > 空港,index (2020年度平均 = 100),national,JP,日本,,,,119.1,,index_value,published_pdl,,,2025Q2,,mlit-deflator-tsuki-2607,deftsuki2020（四半期別）!BA47,https://www.mlit.go.jp/statistics/details/content/deftsuki_2607.xlsx,PDL1.0,,2020年度基準(2020年度平均=100)。2026年4月分の公表から2020年度基準に改定(原本注)。ウエイト項目に営業余剰や間接税(消費税を含む)等を含めない(原本注)。原本の期間表示「2025年 4-6月」(暦年の四半期)。2023年度以降は建設投資のウエイトに2020〜2022年度の平均値を暫定的に使用(原本注)。注意(W2 の照合): 2020年4-6月期以降の四半期別シートの「地方道路公社等」から「S事務所・その他」までの33列は、月別シートの同じ系列の3か月平均と合わず、左隣の系列の3か月平均と合う。四半期別の値が1列右にずれている疑い。値は原本のまま
cfa110fb8645b099,JP,index,建設工事費デフレーター（2020年度基準） 四半期別,環境衛生,建設総合 > 土木総合 > 公共事業 > 土木2 > 環境衛生,index (2020年度平均 = 100),national,JP,日本,,,,113.4,,index_value,published_pdl,,,2025Q2,,mlit-deflator-tsuki-2607,deftsuki2020（四半期別）!BB47,https://www.mlit.go.jp/statistics/details/content/deftsuki_2607.xlsx,PDL1.0,,2020年度基準(2020年度平均=100)。2026年4月分の公表から2020年度基準に改定(原本注)。ウエイト項目に営業余剰や間接税(消費税を含む)等を含めない(原本注)。原本の期間表示「2025年 4-6月」(暦年の四半期)。2023年度以降は建設投資のウエイトに2020〜2022年度の平均値を暫定的に使用(原本注)。注意(W2 の照合): 2020年4-6月期以降の四半期別シートの「地方道路公社等」から「S事務所・その他」までの33列は、月別シートの同じ系列の3か月平均と合わず、左隣の系列の3か月平均と合う。四半期別の値が1列右にずれている疑い。値は原本のまま
ff25ef64c3e81859,JP,index,建設工事費デフレーター（2020年度基準） 四半期別,農林関係公共事業,建設総合 > 土木総合 > 公共事業 > 土木2 > 農林関係公共事業,index (2020年度平均 = 100),national,JP,日本,,,,119.2,,index_value,published_pdl,,,2025Q2,,mlit-deflator-tsuki-2607,deftsuki2020（四半期別）!BC47,https://www.mlit.go.jp/statistics/details/content/deftsuki_2607.xlsx,PDL1.0,,2020年度基準(2020年度平均=100)。2026年4月分の公表から2020年度基準に改定(原本注)。ウエイト項目に営業余剰や間接税(消費税を含む)等を含めない(原本注)。原本の期間表示「2025年 4-6月」(暦年の四半期)。2023年度以降は建設投資のウエイトに2020〜2022年度の平均値を暫定的に使用(原本注)。注意(W2 の照合): 2020年4-6月期以降の四半期別シートの「地方道路公社等」から「S事務所・その他」までの33列は、月別シートの同じ系列の3か月平均と合わず、左隣の系列の3か月平均と合う。四半期別の値が1列右にずれている疑い。値は原本のまま
96b0596c026cb6e6,JP,index,建設工事費デフレーター（2020年度基準） 四半期別,その他土木,建設総合 > 土木総合 > その他土木 (原本の列 BD。同じ表頭の列が2つある),index (2020年度平均 = 100),national,JP,日本,,,,120,,index_value,published_pdl,,,2025Q2,,mlit-deflator-tsuki-2607,deftsuki2020（四半期別）!BD47,https://www.mlit.go.jp/statistics/details/content/deftsuki_2607.xlsx,PDL1.0,,2020年度基準(2020年度平均=100)。2026年4月分の公表から2020年度基準に改定(原本注)。ウエイト項目に営業余剰や間接税(消費税を含む)等を含めない(原本注)。原本の期間表示「2025年 4-6月」(暦年の四半期)。2023年度以降は建設投資のウエイトに2020〜2022年度の平均値を暫定的に使用(原本注)。注意(W2 の照合): 2020年4-6月期以降の四半期別シートの「地方道路公社等」から「S事務所・その他」までの33列は、月別シートの同じ系列の3か月平均と合わず、左隣の系列の3か月平均と合う。四半期別の値が1列右にずれている疑い。値は原本のまま
85e25494ada572d6,JP,index,建設工事費デフレーター（2020年度基準） 四半期別,鉄道軌道,建設総合 > 土木総合 > その他土木 > 鉄道軌道,index (2020年度平均 = 100),national,JP,日本,,,,119.3,,index_value,published_pdl,,,2025Q2,,mlit-deflator-tsuki-2607,deftsuki2020（四半期別）!BE47,https://www.mlit.go.jp/statistics/details/content/deftsuki_2607.xlsx,PDL1.0,,2020年度基準(2020年度平均=100)。2026年4月分の公表から2020年度基準に改定(原本注)。ウエイト項目に営業余剰や間接税(消費税を含む)等を含めない(原本注)。原本の期間表示「2025年 4-6月」(暦年の四半期)。2023年度以降は建設投資のウエイトに2020〜2022年度の平均値を暫定的に使用(原本注)。注意(W2 の照合): 2020年4-6月期以降の四半期別シートの「地方道路公社等」から「S事務所・その他」までの33列は、月別シートの同じ系列の3か月平均と合わず、左隣の系列の3か月平均と合う。四半期別の値が1列右にずれている疑い。値は原本のまま
cf1ead437c143978,JP,index,建設工事費デフレーター（2020年度基準） 四半期別,電力,建設総合 > 土木総合 > その他土木 > 電力,index (2020年度平均 = 100),national,JP,日本,,,,120.7,,index_value,published_pdl,,,2025Q2,,mlit-deflator-tsuki-2607,deftsuki2020（四半期別）!BF47,https://www.mlit.go.jp/statistics/details/content/deftsuki_2607.xlsx,PDL1.0,,2020年度基準(2020年度平均=100)。2026年4月分の公表から2020年度基準に改定(原本注)。ウエイト項目に営業余剰や間接税(消費税を含む)等を含めない(原本注)。原本の期間表示「2025年 4-6月」(暦年の四半期)。2023年度以降は建設投資のウエイトに2020〜2022年度の平均値を暫定的に使用(原本注)。注意(W2 の照合): 2020年4-6月期以降の四半期別シートの「地方道路公社等」から「S事務所・その他」までの33列は、月別シートの同じ系列の3か月平均と合わず、左隣の系列の3か月平均と合う。四半期別の値が1列右にずれている疑い。値は原本のまま
aca3c85a05ec2e4b,JP,index,建設工事費デフレーター（2020年度基準） 四半期別,電気通信,建設総合 > 土木総合 > その他土木 > 電気通信,index (2020年度平均 = 100),national,JP,日本,,,,120.1,,index_value,published_pdl,,,2025Q2,,mlit-deflator-tsuki-2607,deftsuki2020（四半期別）!BG47,https://www.mlit.go.jp/statistics/details/content/deftsuki_2607.xlsx,PDL1.0,,2020年度基準(2020年度平均=100)。2026年4月分の公表から2020年度基準に改定(原本注)。ウエイト項目に営業余剰や間接税(消費税を含む)等を含めない(原本注)。原本の期間表示「2025年 4-6月」(暦年の四半期)。2023年度以降は建設投資のウエイトに2020〜2022年度の平均値を暫定的に使用(原本注)。注意(W2 の照合): 2020年4-6月期以降の四半期別シートの「地方道路公社等」から「S事務所・その他」までの33列は、月別シートの同じ系列の3か月平均と合わず、左隣の系列の3か月平均と合う。四半期別の値が1列右にずれている疑い。値は原本のまま
78c5738f1b9d3ee8,JP,index,建設工事費デフレーター（2020年度基準） 四半期別,上・工業用水道,建設総合 > 土木総合 > その他土木 > 上・工業用水道,index (2020年度平均 = 100),national,JP,日本,,,,117.1,,index_value,published_pdl,,,2025Q2,,mlit-deflator-tsuki-2607,deftsuki2020（四半期別）!BH47,https://www.mlit.go.jp/statistics/details/content/deftsuki_2607.xlsx,PDL1.0,,2020年度基準(2020年度平均=100)。2026年4月分の公表から2020年度基準に改定(原本注)。ウエイト項目に営業余剰や間接税(消費税を含む)等を含めない(原本注)。原本の期間表示「2025年 4-6月」(暦年の四半期)。2023年度以降は建設投資のウエイトに2020〜2022年度の平均値を暫定的に使用(原本注)。注意(W2 の照合): 2020年4-6月期以降の四半期別シートの「地方道路公社等」から「S事務所・その他」までの33列は、月別シートの同じ系列の3か月平均と合わず、左隣の系列の3か月平均と合う。四半期別の値が1列右にずれている疑い。値は原本のまま
dbd432d6efda0148,JP,index,建設工事費デフレーター（2020年度基準） 四半期別,土地造成,建設総合 > 土木総合 > その他土木 > 土地造成,index (2020年度平均 = 100),national,JP,日本,,,,119.5,,index_value,published_pdl,,,2025Q2,,mlit-deflator-tsuki-2607,deftsuki2020（四半期別）!BI47,https://www.mlit.go.jp/statistics/details/content/deftsuki_2607.xlsx,PDL1.0,,2020年度基準(2020年度平均=100)。2026年4月分の公表から2020年度基準に改定(原本注)。ウエイト項目に営業余剰や間接税(消費税を含む)等を含めない(原本注)。原本の期間表示「2025年 4-6月」(暦年の四半期)。2023年度以降は建設投資のウエイトに2020〜2022年度の平均値を暫定的に使用(原本注)。注意(W2 の照合): 2020年4-6月期以降の四半期別シートの「地方道路公社等」から「S事務所・その他」までの33列は、月別シートの同じ系列の3か月平均と合わず、左隣の系列の3か月平均と合う。四半期別の値が1列右にずれている疑い。値は原本のまま
b4079ce4b747785d,JP,index,建設工事費デフレーター（2020年度基準） 四半期別,その他土木,建設総合 > 土木総合 > その他土木 (原本の列 BJ。同じ表頭の列が2つある),index (2020年度平均 = 100),national,JP,日本,,,,117.8,,index_value,published_pdl,,,2025Q2,,mlit-deflator-tsuki-2607,deftsuki2020（四半期別）!BJ47,https://www.mlit.go.jp/statistics/details/content/deftsuki_2607.xlsx,PDL1.0,,2020年度基準(2020年度平均=100)。2026年4月分の公表から2020年度基準に改定(原本注)。ウエイト項目に営業余剰や間接税(消費税を含む)等を含めない(原本注)。原本の期間表示「2025年 4-6月」(暦年の四半期)。2023年度以降は建設投資のウエイトに2020〜2022年度の平均値を暫定的に使用(原本注)。注意(W2 の照合): 2020年4-6月期以降の四半期別シートの「地方道路公社等」から「S事務所・その他」までの33列は、月別シートの同じ系列の3か月平均と合わず、左隣の系列の3か月平均と合う。四半期別の値が1列右にずれている疑い。値は原本のまま
dd7c226126805ee2,JP,index,建設工事費デフレーター（2020年度基準） 四半期別,W在来住宅,W在来住宅,index (2020年度平均 = 100),national,JP,日本,,,,118.6,,index_value,published_pdl,,,2025Q2,,mlit-deflator-tsuki-2607,deftsuki2020（四半期別）!BK47,https://www.mlit.go.jp/statistics/details/content/deftsuki_2607.xlsx,PDL1.0,,2020年度基準(2020年度平均=100)。2026年4月分の公表から2020年度基準に改定(原本注)。ウエイト項目に営業余剰や間接税(消費税を含む)等を含めない(原本注)。原本の期間表示「2025年 4-6月」(暦年の四半期)。2023年度以降は建設投資のウエイトに2020〜2022年度の平均値を暫定的に使用(原本注)。注意(W2 の照合): 2020年4-6月期以降の四半期別シートの「地方道路公社等」から「S事務所・その他」までの33列は、月別シートの同じ系列の3か月平均と合わず、左隣の系列の3か月平均と合う。四半期別の値が1列右にずれている疑い。値は原本のまま
db1330d254e89f67,JP,index,建設工事費デフレーター（2020年度基準） 四半期別,W量産住宅,W量産住宅,index (2020年度平均 = 100),national,JP,日本,,,,120.7,,index_value,published_pdl,,,2025Q2,,mlit-deflator-tsuki-2607,deftsuki2020（四半期別）!BL47,https://www.mlit.go.jp/statistics/details/content/deftsuki_2607.xlsx,PDL1.0,,2020年度基準(2020年度平均=100)。2026年4月分の公表から2020年度基準に改定(原本注)。ウエイト項目に営業余剰や間接税(消費税を含む)等を含めない(原本注)。原本の期間表示「2025年 4-6月」(暦年の四半期)。2023年度以降は建設投資のウエイトに2020〜2022年度の平均値を暫定的に使用(原本注)。注意(W2 の照合): 2020年4-6月期以降の四半期別シートの「地方道路公社等」から「S事務所・その他」までの33列は、月別シートの同じ系列の3か月平均と合わず、左隣の系列の3か月平均と合う。四半期別の値が1列右にずれている疑い。値は原本のまま
650a7b465d5cc2c4,JP,index,建設工事費デフレーター（2020年度基準） 四半期別,RC在来住宅,RC在来住宅,index (2020年度平均 = 100),national,JP,日本,,,,121.9,,index_value,published_pdl,,,2025Q2,,mlit-deflator-tsuki-2607,deftsuki2020（四半期別）!BM47,https://www.mlit.go.jp/statistics/details/content/deftsuki_2607.xlsx,PDL1.0,,2020年度基準(2020年度平均=100)。2026年4月分の公表から2020年度基準に改定(原本注)。ウエイト項目に営業余剰や間接税(消費税を含む)等を含めない(原本注)。原本の期間表示「2025年 4-6月」(暦年の四半期)。2023年度以降は建設投資のウエイトに2020〜2022年度の平均値を暫定的に使用(原本注)。注意(W2 の照合): 2020年4-6月期以降の四半期別シートの「地方道路公社等」から「S事務所・その他」までの33列は、月別シートの同じ系列の3か月平均と合わず、左隣の系列の3か月平均と合う。四半期別の値が1列右にずれている疑い。値は原本のまま
be2644c1d939f66c,JP,index,建設工事費デフレーター（2020年度基準） 四半期別,RC量産住宅,RC量産住宅,index (2020年度平均 = 100),national,JP,日本,,,,120.6,,index_value,published_pdl,,,2025Q2,,mlit-deflator-tsuki-2607,deftsuki2020（四半期別）!BN47,https://www.mlit.go.jp/statistics/details/content/deftsuki_2607.xlsx,PDL1.0,,2020年度基準(2020年度平均=100)。2026年4月分の公表から2020年度基準に改定(原本注)。ウエイト項目に営業余剰や間接税(消費税を含む)等を含めない(原本注)。原本の期間表示「2025年 4-6月」(暦年の四半期)。2023年度以降は建設投資のウエイトに2020〜2022年度の平均値を暫定的に使用(原本注)。注意(W2 の照合): 2020年4-6月期以降の四半期別シートの「地方道路公社等」から「S事務所・その他」までの33列は、月別シートの同じ系列の3か月平均と合わず、左隣の系列の3か月平均と合う。四半期別の値が1列右にずれている疑い。値は原本のまま
1b9e6de53652dd2b,JP,index,建設工事費デフレーター（2020年度基準） 四半期別,S在来住宅,S在来住宅,index (2020年度平均 = 100),national,JP,日本,,,,120.7,,index_value,published_pdl,,,2025Q2,,mlit-deflator-tsuki-2607,deftsuki2020（四半期別）!BO47,https://www.mlit.go.jp/statistics/details/content/deftsuki_2607.xlsx,PDL1.0,,2020年度基準(2020年度平均=100)。2026年4月分の公表から2020年度基準に改定(原本注)。ウエイト項目に営業余剰や間接税(消費税を含む)等を含めない(原本注)。原本の期間表示「2025年 4-6月」(暦年の四半期)。2023年度以降は建設投資のウエイトに2020〜2022年度の平均値を暫定的に使用(原本注)。注意(W2 の照合): 2020年4-6月期以降の四半期別シートの「地方道路公社等」から「S事務所・その他」までの33列は、月別シートの同じ系列の3か月平均と合わず、左隣の系列の3か月平均と合う。四半期別の値が1列右にずれている疑い。値は原本のまま
93b2c2d647b33c84,JP,index,建設工事費デフレーター（2020年度基準） 四半期別,S量産住宅,S量産住宅,index (2020年度平均 = 100),national,JP,日本,,,,122.1,,index_value,published_pdl,,,2025Q2,,mlit-deflator-tsuki-2607,deftsuki2020（四半期別）!BP47,https://www.mlit.go.jp/statistics/details/content/deftsuki_2607.xlsx,PDL1.0,,2020年度基準(2020年度平均=100)。2026年4月分の公表から2020年度基準に改定(原本注)。ウエイト項目に営業余剰や間接税(消費税を含む)等を含めない(原本注)。原本の期間表示「2025年 4-6月」(暦年の四半期)。2023年度以降は建設投資のウエイトに2020〜2022年度の平均値を暫定的に使用(原本注)。注意(W2 の照合): 2020年4-6月期以降の四半期別シートの「地方道路公社等」から「S事務所・その他」までの33列は、月別シートの同じ系列の3か月平均と合わず、左隣の系列の3か月平均と合う。四半期別の値が1列右にずれている疑い。値は原本のまま
0c8a7bb5f6df071d,JP,index,建設工事費デフレーター（2020年度基準） 四半期別,W工場・倉庫,W工場・倉庫,index (2020年度平均 = 100),national,JP,日本,,,,123.7,,index_value,published_pdl,,,2025Q2,,mlit-deflator-tsuki-2607,deftsuki2020（四半期別）!BQ47,https://www.mlit.go.jp/statistics/details/content/deftsuki_2607.xlsx,PDL1.0,,2020年度基準(2020年度平均=100)。2026年4月分の公表から2020年度基準に改定(原本注)。ウエイト項目に営業余剰や間接税(消費税を含む)等を含めない(原本注)。原本の期間表示「2025年 4-6月」(暦年の四半期)。2023年度以降は建設投資のウエイトに2020〜2022年度の平均値を暫定的に使用(原本注)。注意(W2 の照合): 2020年4-6月期以降の四半期別シートの「地方道路公社等」から「S事務所・その他」までの33列は、月別シートの同じ系列の3か月平均と合わず、左隣の系列の3か月平均と合う。四半期別の値が1列右にずれている疑い。値は原本のまま
22f632dfd9df5fd7,JP,index,建設工事費デフレーター（2020年度基準） 四半期別,W事務所・その他,W事務所・その他,index (2020年度平均 = 100),national,JP,日本,,,,120,,index_value,published_pdl,,,2025Q2,,mlit-deflator-tsuki-2607,deftsuki2020（四半期別）!BR47,https://www.mlit.go.jp/statistics/details/content/deftsuki_2607.xlsx,PDL1.0,,2020年度基準(2020年度平均=100)。2026年4月分の公表から2020年度基準に改定(原本注)。ウエイト項目に営業余剰や間接税(消費税を含む)等を含めない(原本注)。原本の期間表示「2025年 4-6月」(暦年の四半期)。2023年度以降は建設投資のウエイトに2020〜2022年度の平均値を暫定的に使用(原本注)。注意(W2 の照合): 2020年4-6月期以降の四半期別シートの「地方道路公社等」から「S事務所・その他」までの33列は、月別シートの同じ系列の3か月平均と合わず、左隣の系列の3か月平均と合う。四半期別の値が1列右にずれている疑い。値は原本のまま
a8dee128f1eb83ee,JP,index,建設工事費デフレーター（2020年度基準） 四半期別,SRC工場・倉庫,SRC工場・倉庫,index (2020年度平均 = 100),national,JP,日本,,,,119.7,,index_value,published_pdl,,,2025Q2,,mlit-deflator-tsuki-2607,deftsuki2020（四半期別）!BS47,https://www.mlit.go.jp/statistics/details/content/deftsuki_2607.xlsx,PDL1.0,,2020年度基準(2020年度平均=100)。2026年4月分の公表から2020年度基準に改定(原本注)。ウエイト項目に営業余剰や間接税(消費税を含む)等を含めない(原本注)。原本の期間表示「2025年 4-6月」(暦年の四半期)。2023年度以降は建設投資のウエイトに2020〜2022年度の平均値を暫定的に使用(原本注)。注意(W2 の照合): 2020年4-6月期以降の四半期別シートの「地方道路公社等」から「S事務所・その他」までの33列は、月別シートの同じ系列の3か月平均と合わず、左隣の系列の3か月平均と合う。四半期別の値が1列右にずれている疑い。値は原本のまま
b16f73dc5401b039,JP,index,建設工事費デフレーター（2020年度基準） 四半期別,SRC事務所・その他,SRC事務所・その他,index (2020年度平均 = 100),national,JP,日本,,,,121.3,,index_value,published_pdl,,,2025Q2,,mlit-deflator-tsuki-2607,deftsuki2020（四半期別）!BT47,https://www.mlit.go.jp/statistics/details/content/deftsuki_2607.xlsx,PDL1.0,,2020年度基準(2020年度平均=100)。2026年4月分の公表から2020年度基準に改定(原本注)。ウエイト項目に営業余剰や間接税(消費税を含む)等を含めない(原本注)。原本の期間表示「2025年 4-6月」(暦年の四半期)。2023年度以降は建設投資のウエイトに2020〜2022年度の平均値を暫定的に使用(原本注)。注意(W2 の照合): 2020年4-6月期以降の四半期別シートの「地方道路公社等」から「S事務所・その他」までの33列は、月別シートの同じ系列の3か月平均と合わず、左隣の系列の3か月平均と合う。四半期別の値が1列右にずれている疑い。値は原本のまま
6d8497ec8cbc9a54,JP,index,建設工事費デフレーター（2020年度基準） 四半期別,RC工場・倉庫,RC工場・倉庫,index (2020年度平均 = 100),national,JP,日本,,,,119.6,,index_value,published_pdl,,,2025Q2,,mlit-deflator-tsuki-2607,deftsuki2020（四半期別）!BU47,https://www.mlit.go.jp/statistics/details/content/deftsuki_2607.xlsx,PDL1.0,,2020年度基準(2020年度平均=100)。2026年4月分の公表から2020年度基準に改定(原本注)。ウエイト項目に営業余剰や間接税(消費税を含む)等を含めない(原本注)。原本の期間表示「2025年 4-6月」(暦年の四半期)。2023年度以降は建設投資のウエイトに2020〜2022年度の平均値を暫定的に使用(原本注)。注意(W2 の照合): 2020年4-6月期以降の四半期別シートの「地方道路公社等」から「S事務所・その他」までの33列は、月別シートの同じ系列の3か月平均と合わず、左隣の系列の3か月平均と合う。四半期別の値が1列右にずれている疑い。値は原本のまま
dc059fcbd5e4aab5,JP,index,建設工事費デフレーター（2020年度基準） 四半期別,RC学校,RC学校,index (2020年度平均 = 100),national,JP,日本,,,,120.5,,index_value,published_pdl,,,2025Q2,,mlit-deflator-tsuki-2607,deftsuki2020（四半期別）!BV47,https://www.mlit.go.jp/statistics/details/content/deftsuki_2607.xlsx,PDL1.0,,2020年度基準(2020年度平均=100)。2026年4月分の公表から2020年度基準に改定(原本注)。ウエイト項目に営業余剰や間接税(消費税を含む)等を含めない(原本注)。原本の期間表示「2025年 4-6月」(暦年の四半期)。2023年度以降は建設投資のウエイトに2020〜2022年度の平均値を暫定的に使用(原本注)。注意(W2 の照合): 2020年4-6月期以降の四半期別シートの「地方道路公社等」から「S事務所・その他」までの33列は、月別シートの同じ系列の3か月平均と合わず、左隣の系列の3か月平均と合う。四半期別の値が1列右にずれている疑い。値は原本のまま
ce450fabd915b77c,JP,index,建設工事費デフレーター（2020年度基準） 四半期別,RC事務所・その他,RC事務所・その他,index (2020年度平均 = 100),national,JP,日本,,,,119.5,,index_value,published_pdl,,,2025Q2,,mlit-deflator-tsuki-2607,deftsuki2020（四半期別）!BW47,https://www.mlit.go.jp/statistics/details/content/deftsuki_2607.xlsx,PDL1.0,,2020年度基準(2020年度平均=100)。2026年4月分の公表から2020年度基準に改定(原本注)。ウエイト項目に営業余剰や間接税(消費税を含む)等を含めない(原本注)。原本の期間表示「2025年 4-6月」(暦年の四半期)。2023年度以降は建設投資のウエイトに2020〜2022年度の平均値を暫定的に使用(原本注)。注意(W2 の照合): 2020年4-6月期以降の四半期別シートの「地方道路公社等」から「S事務所・その他」までの33列は、月別シートの同じ系列の3か月平均と合わず、左隣の系列の3か月平均と合う。四半期別の値が1列右にずれている疑い。値は原本のまま
feae4de844f570cb,JP,index,建設工事費デフレーター（2020年度基準） 四半期別,S工場・倉庫,S工場・倉庫,index (2020年度平均 = 100),national,JP,日本,,,,119.8,,index_value,published_pdl,,,2025Q2,,mlit-deflator-tsuki-2607,deftsuki2020（四半期別）!BX47,https://www.mlit.go.jp/statistics/details/content/deftsuki_2607.xlsx,PDL1.0,,2020年度基準(2020年度平均=100)。2026年4月分の公表から2020年度基準に改定(原本注)。ウエイト項目に営業余剰や間接税(消費税を含む)等を含めない(原本注)。原本の期間表示「2025年 4-6月」(暦年の四半期)。2023年度以降は建設投資のウエイトに2020〜2022年度の平均値を暫定的に使用(原本注)。注意(W2 の照合): 2020年4-6月期以降の四半期別シートの「地方道路公社等」から「S事務所・その他」までの33列は、月別シートの同じ系列の3か月平均と合わず、左隣の系列の3か月平均と合う。四半期別の値が1列右にずれている疑い。値は原本のまま
f4933b7d3d3fd871,JP,index,建設工事費デフレーター（2020年度基準） 四半期別,S事務所・その他,S事務所・その他,index (2020年度平均 = 100),national,JP,日本,,,,121,,index_value,published_pdl,,,2025Q2,,mlit-deflator-tsuki-2607,deftsuki2020（四半期別）!BY47,https://www.mlit.go.jp/statistics/details/content/deftsuki_2607.xlsx,PDL1.0,,2020年度基準(2020年度平均=100)。2026年4月分の公表から2020年度基準に改定(原本注)。ウエイト項目に営業余剰や間接税(消費税を含む)等を含めない(原本注)。原本の期間表示「2025年 4-6月」(暦年の四半期)。2023年度以降は建設投資のウエイトに2020〜2022年度の平均値を暫定的に使用(原本注)。注意(W2 の照合): 2020年4-6月期以降の四半期別シートの「地方道路公社等」から「S事務所・その他」までの33列は、月別シートの同じ系列の3か月平均と合わず、左隣の系列の3か月平均と合う。四半期別の値が1列右にずれている疑い。値は原本のまま
2e03c53ea961015d,JP,index,建設工事費デフレーター（2020年度基準） 四半期別,地方道路公社等,建設総合 > 土木総合 > 公共事業 > 土木1（除く災害復旧） > 道路総合 > 有料道路 > 地方道路公社等,index (2020年度平均 = 100),national,JP,日本,,,,121.2,,index_value,published_pdl,,,2025Q3,,mlit-deflator-tsuki-2607,deftsuki2020（四半期別）!AS48,https://www.mlit.go.jp/statistics/details/content/deftsuki_2607.xlsx,PDL1.0,,2020年度基準(2020年度平均=100)。2026年4月分の公表から2020年度基準に改定(原本注)。ウエイト項目に営業余剰や間接税(消費税を含む)等を含めない(原本注)。原本の期間表示「2025年 7-9月」(暦年の四半期)。2023年度以降は建設投資のウエイトに2020〜2022年度の平均値を暫定的に使用(原本注)。注意(W2 の照合): 2020年4-6月期以降の四半期別シートの「地方道路公社等」から「S事務所・その他」までの33列は、月別シートの同じ系列の3か月平均と合わず、左隣の系列の3か月平均と合う。四半期別の値が1列右にずれている疑い。値は原本のまま
8bd9be09877f1182,JP,index,建設工事費デフレーター（2020年度基準） 四半期別,道路2（再掲）,建設総合 > 土木総合 > 公共事業 > 土木1（除く災害復旧） > 道路2（再掲）,index (2020年度平均 = 100),national,JP,日本,,,,120.9,,index_value,published_pdl,,,2025Q3,,mlit-deflator-tsuki-2607,deftsuki2020（四半期別）!AT48,https://www.mlit.go.jp/statistics/details/content/deftsuki_2607.xlsx,PDL1.0,,2020年度基準(2020年度平均=100)。2026年4月分の公表から2020年度基準に改定(原本注)。ウエイト項目に営業余剰や間接税(消費税を含む)等を含めない(原本注)。原本の期間表示「2025年 7-9月」(暦年の四半期)。2023年度以降は建設投資のウエイトに2020〜2022年度の平均値を暫定的に使用(原本注)。注意(W2 の照合): 2020年4-6月期以降の四半期別シートの「地方道路公社等」から「S事務所・その他」までの33列は、月別シートの同じ系列の3か月平均と合わず、左隣の系列の3か月平均と合う。四半期別の値が1列右にずれている疑い。値は原本のまま
09b405c5394fd4bc,JP,index,建設工事費デフレーター（2020年度基準） 四半期別,街路2（再掲）,建設総合 > 土木総合 > 公共事業 > 土木1（除く災害復旧） > 街路2（再掲）,index (2020年度平均 = 100),national,JP,日本,,,,121.6,,index_value,published_pdl,,,2025Q3,,mlit-deflator-tsuki-2607,deftsuki2020（四半期別）!AU48,https://www.mlit.go.jp/statistics/details/content/deftsuki_2607.xlsx,PDL1.0,,2020年度基準(2020年度平均=100)。2026年4月分の公表から2020年度基準に改定(原本注)。ウエイト項目に営業余剰や間接税(消費税を含む)等を含めない(原本注)。原本の期間表示「2025年 7-9月」(暦年の四半期)。2023年度以降は建設投資のウエイトに2020〜2022年度の平均値を暫定的に使用(原本注)。注意(W2 の照合): 2020年4-6月期以降の四半期別シートの「地方道路公社等」から「S事務所・その他」までの33列は、月別シートの同じ系列の3か月平均と合わず、左隣の系列の3か月平均と合う。四半期別の値が1列右にずれている疑い。値は原本のまま
1e3ba7136b35195e,JP,index,建設工事費デフレーター（2020年度基準） 四半期別,公園,建設総合 > 土木総合 > 公共事業 > 土木1（除く災害復旧） > 公園,index (2020年度平均 = 100),national,JP,日本,,,,121.6,,index_value,published_pdl,,,2025Q3,,mlit-deflator-tsuki-2607,deftsuki2020（四半期別）!AV48,https://www.mlit.go.jp/statistics/details/content/deftsuki_2607.xlsx,PDL1.0,,2020年度基準(2020年度平均=100)。2026年4月分の公表から2020年度基準に改定(原本注)。ウエイト項目に営業余剰や間接税(消費税を含む)等を含めない(原本注)。原本の期間表示「2025年 7-9月」(暦年の四半期)。2023年度以降は建設投資のウエイトに2020〜2022年度の平均値を暫定的に使用(原本注)。注意(W2 の照合): 2020年4-6月期以降の四半期別シートの「地方道路公社等」から「S事務所・その他」までの33列は、月別シートの同じ系列の3か月平均と合わず、左隣の系列の3か月平均と合う。四半期別の値が1列右にずれている疑い。値は原本のまま
08d24d96d22488d4,JP,index,建設工事費デフレーター（2020年度基準） 四半期別,下水道,建設総合 > 土木総合 > 公共事業 > 土木1（除く災害復旧） > 下水道,index (2020年度平均 = 100),national,JP,日本,,,,119.1,,index_value,published_pdl,,,2025Q3,,mlit-deflator-tsuki-2607,deftsuki2020（四半期別）!AW48,https://www.mlit.go.jp/statistics/details/content/deftsuki_2607.xlsx,PDL1.0,,2020年度基準(2020年度平均=100)。2026年4月分の公表から2020年度基準に改定(原本注)。ウエイト項目に営業余剰や間接税(消費税を含む)等を含めない(原本注)。原本の期間表示「2025年 7-9月」(暦年の四半期)。2023年度以降は建設投資のウエイトに2020〜2022年度の平均値を暫定的に使用(原本注)。注意(W2 の照合): 2020年4-6月期以降の四半期別シートの「地方道路公社等」から「S事務所・その他」までの33列は、月別シートの同じ系列の3か月平均と合わず、左隣の系列の3か月平均と合う。四半期別の値が1列右にずれている疑い。値は原本のまま
d36ccc7156cc6f6c,JP,index,建設工事費デフレーター（2020年度基準） 四半期別,災害復旧,建設総合 > 土木総合 > 公共事業 > 土木1（除く災害復旧） > 災害復旧,index (2020年度平均 = 100),national,JP,日本,,,,121,,index_value,published_pdl,,,2025Q3,,mlit-deflator-tsuki-2607,deftsuki2020（四半期別）!AX48,https://www.mlit.go.jp/statistics/details/content/deftsuki_2607.xlsx,PDL1.0,,2020年度基準(2020年度平均=100)。2026年4月分の公表から2020年度基準に改定(原本注)。ウエイト項目に営業余剰や間接税(消費税を含む)等を含めない(原本注)。原本の期間表示「2025年 7-9月」(暦年の四半期)。2023年度以降は建設投資のウエイトに2020〜2022年度の平均値を暫定的に使用(原本注)。注意(W2 の照合): 2020年4-6月期以降の四半期別シートの「地方道路公社等」から「S事務所・その他」までの33列は、月別シートの同じ系列の3か月平均と合わず、左隣の系列の3か月平均と合う。四半期別の値が1列右にずれている疑い。値は原本のまま
22f5727698eecf5a,JP,index,建設工事費デフレーター（2020年度基準） 四半期別,土木2,建設総合 > 土木総合 > 公共事業 > 土木2,index (2020年度平均 = 100),national,JP,日本,,,,121.9,,index_value,published_pdl,,,2025Q3,,mlit-deflator-tsuki-2607,deftsuki2020（四半期別）!AY48,https://www.mlit.go.jp/statistics/details/content/deftsuki_2607.xlsx,PDL1.0,,2020年度基準(2020年度平均=100)。2026年4月分の公表から2020年度基準に改定(原本注)。ウエイト項目に営業余剰や間接税(消費税を含む)等を含めない(原本注)。原本の期間表示「2025年 7-9月」(暦年の四半期)。2023年度以降は建設投資のウエイトに2020〜2022年度の平均値を暫定的に使用(原本注)。注意(W2 の照合): 2020年4-6月期以降の四半期別シートの「地方道路公社等」から「S事務所・その他」までの33列は、月別シートの同じ系列の3か月平均と合わず、左隣の系列の3か月平均と合う。四半期別の値が1列右にずれている疑い。値は原本のまま
be82734da7c134e6,JP,index,建設工事費デフレーター（2020年度基準） 四半期別,港湾・漁港,建設総合 > 土木総合 > 公共事業 > 土木2 > 港湾・漁港,index (2020年度平均 = 100),national,JP,日本,,,,121.1,,index_value,published_pdl,,,2025Q3,,mlit-deflator-tsuki-2607,deftsuki2020（四半期別）!AZ48,https://www.mlit.go.jp/statistics/details/content/deftsuki_2607.xlsx,PDL1.0,,2020年度基準(2020年度平均=100)。2026年4月分の公表から2020年度基準に改定(原本注)。ウエイト項目に営業余剰や間接税(消費税を含む)等を含めない(原本注)。原本の期間表示「2025年 7-9月」(暦年の四半期)。2023年度以降は建設投資のウエイトに2020〜2022年度の平均値を暫定的に使用(原本注)。注意(W2 の照合): 2020年4-6月期以降の四半期別シートの「地方道路公社等」から「S事務所・その他」までの33列は、月別シートの同じ系列の3か月平均と合わず、左隣の系列の3か月平均と合う。四半期別の値が1列右にずれている疑い。値は原本のまま
d099e84c935523a1,JP,index,建設工事費デフレーター（2020年度基準） 四半期別,空港,建設総合 > 土木総合 > 公共事業 > 土木2 > 空港,index (2020年度平均 = 100),national,JP,日本,,,,120.9,,index_value,published_pdl,,,2025Q3,,mlit-deflator-tsuki-2607,deftsuki2020（四半期別）!BA48,https://www.mlit.go.jp/statistics/details/content/deftsuki_2607.xlsx,PDL1.0,,2020年度基準(2020年度平均=100)。2026年4月分の公表から2020年度基準に改定(原本注)。ウエイト項目に営業余剰や間接税(消費税を含む)等を含めない(原本注)。原本の期間表示「2025年 7-9月」(暦年の四半期)。2023年度以降は建設投資のウエイトに2020〜2022年度の平均値を暫定的に使用(原本注)。注意(W2 の照合): 2020年4-6月期以降の四半期別シートの「地方道路公社等」から「S事務所・その他」までの33列は、月別シートの同じ系列の3か月平均と合わず、左隣の系列の3か月平均と合う。四半期別の値が1列右にずれている疑い。値は原本のまま
58535a07a146636a,JP,index,建設工事費デフレーター（2020年度基準） 四半期別,環境衛生,建設総合 > 土木総合 > 公共事業 > 土木2 > 環境衛生,index (2020年度平均 = 100),national,JP,日本,,,,115.7,,index_value,published_pdl,,,2025Q3,,mlit-deflator-tsuki-2607,deftsuki2020（四半期別）!BB48,https://www.mlit.go.jp/statistics/details/content/deftsuki_2607.xlsx,PDL1.0,,2020年度基準(2020年度平均=100)。2026年4月分の公表から2020年度基準に改定(原本注)。ウエイト項目に営業余剰や間接税(消費税を含む)等を含めない(原本注)。原本の期間表示「2025年 7-9月」(暦年の四半期)。2023年度以降は建設投資のウエイトに2020〜2022年度の平均値を暫定的に使用(原本注)。注意(W2 の照合): 2020年4-6月期以降の四半期別シートの「地方道路公社等」から「S事務所・その他」までの33列は、月別シートの同じ系列の3か月平均と合わず、左隣の系列の3か月平均と合う。四半期別の値が1列右にずれている疑い。値は原本のまま
6bc5c3b9719cc904,JP,index,建設工事費デフレーター（2020年度基準） 四半期別,農林関係公共事業,建設総合 > 土木総合 > 公共事業 > 土木2 > 農林関係公共事業,index (2020年度平均 = 100),national,JP,日本,,,,120.9,,index_value,published_pdl,,,2025Q3,,mlit-deflator-tsuki-2607,deftsuki2020（四半期別）!BC48,https://www.mlit.go.jp/statistics/details/content/deftsuki_2607.xlsx,PDL1.0,,2020年度基準(2020年度平均=100)。2026年4月分の公表から2020年度基準に改定(原本注)。ウエイト項目に営業余剰や間接税(消費税を含む)等を含めない(原本注)。原本の期間表示「2025年 7-9月」(暦年の四半期)。2023年度以降は建設投資のウエイトに2020〜2022年度の平均値を暫定的に使用(原本注)。注意(W2 の照合): 2020年4-6月期以降の四半期別シートの「地方道路公社等」から「S事務所・その他」までの33列は、月別シートの同じ系列の3か月平均と合わず、左隣の系列の3か月平均と合う。四半期別の値が1列右にずれている疑い。値は原本のまま
8dcc084ba1252c63,JP,index,建設工事費デフレーター（2020年度基準） 四半期別,その他土木,建設総合 > 土木総合 > その他土木 (原本の列 BD。同じ表頭の列が2つある),index (2020年度平均 = 100),national,JP,日本,,,,122,,index_value,published_pdl,,,2025Q3,,mlit-deflator-tsuki-2607,deftsuki2020（四半期別）!BD48,https://www.mlit.go.jp/statistics/details/content/deftsuki_2607.xlsx,PDL1.0,,2020年度基準(2020年度平均=100)。2026年4月分の公表から2020年度基準に改定(原本注)。ウエイト項目に営業余剰や間接税(消費税を含む)等を含めない(原本注)。原本の期間表示「2025年 7-9月」(暦年の四半期)。2023年度以降は建設投資のウエイトに2020〜2022年度の平均値を暫定的に使用(原本注)。注意(W2 の照合): 2020年4-6月期以降の四半期別シートの「地方道路公社等」から「S事務所・その他」までの33列は、月別シートの同じ系列の3か月平均と合わず、左隣の系列の3か月平均と合う。四半期別の値が1列右にずれている疑い。値は原本のまま
5ff52732f3d3ac51,JP,index,建設工事費デフレーター（2020年度基準） 四半期別,鉄道軌道,建設総合 > 土木総合 > その他土木 > 鉄道軌道,index (2020年度平均 = 100),national,JP,日本,,,,121.3,,index_value,published_pdl,,,2025Q3,,mlit-deflator-tsuki-2607,deftsuki2020（四半期別）!BE48,https://www.mlit.go.jp/statistics/details/content/deftsuki_2607.xlsx,PDL1.0,,2020年度基準(2020年度平均=100)。2026年4月分の公表から2020年度基準に改定(原本注)。ウエイト項目に営業余剰や間接税(消費税を含む)等を含めない(原本注)。原本の期間表示「2025年 7-9月」(暦年の四半期)。2023年度以降は建設投資のウエイトに2020〜2022年度の平均値を暫定的に使用(原本注)。注意(W2 の照合): 2020年4-6月期以降の四半期別シートの「地方道路公社等」から「S事務所・その他」までの33列は、月別シートの同じ系列の3か月平均と合わず、左隣の系列の3か月平均と合う。四半期別の値が1列右にずれている疑い。値は原本のまま
36dc61990e983c95,JP,index,建設工事費デフレーター（2020年度基準） 四半期別,電力,建設総合 > 土木総合 > その他土木 > 電力,index (2020年度平均 = 100),national,JP,日本,,,,123,,index_value,published_pdl,,,2025Q3,,mlit-deflator-tsuki-2607,deftsuki2020（四半期別）!BF48,https://www.mlit.go.jp/statistics/details/content/deftsuki_2607.xlsx,PDL1.0,,2020年度基準(2020年度平均=100)。2026年4月分の公表から2020年度基準に改定(原本注)。ウエイト項目に営業余剰や間接税(消費税を含む)等を含めない(原本注)。原本の期間表示「2025年 7-9月」(暦年の四半期)。2023年度以降は建設投資のウエイトに2020〜2022年度の平均値を暫定的に使用(原本注)。注意(W2 の照合): 2020年4-6月期以降の四半期別シートの「地方道路公社等」から「S事務所・その他」までの33列は、月別シートの同じ系列の3か月平均と合わず、左隣の系列の3か月平均と合う。四半期別の値が1列右にずれている疑い。値は原本のまま
07c94d0a31e49429,JP,index,建設工事費デフレーター（2020年度基準） 四半期別,電気通信,建設総合 > 土木総合 > その他土木 > 電気通信,index (2020年度平均 = 100),national,JP,日本,,,,122.5,,index_value,published_pdl,,,2025Q3,,mlit-deflator-tsuki-2607,deftsuki2020（四半期別）!BG48,https://www.mlit.go.jp/statistics/details/content/deftsuki_2607.xlsx,PDL1.0,,2020年度基準(2020年度平均=100)。2026年4月分の公表から2020年度基準に改定(原本注)。ウエイト項目に営業余剰や間接税(消費税を含む)等を含めない(原本注)。原本の期間表示「2025年 7-9月」(暦年の四半期)。2023年度以降は建設投資のウエイトに2020〜2022年度の平均値を暫定的に使用(原本注)。注意(W2 の照合): 2020年4-6月期以降の四半期別シートの「地方道路公社等」から「S事務所・その他」までの33列は、月別シートの同じ系列の3か月平均と合わず、左隣の系列の3か月平均と合う。四半期別の値が1列右にずれている疑い。値は原本のまま
4fdf346f3f2b66fd,JP,index,建設工事費デフレーター（2020年度基準） 四半期別,上・工業用水道,建設総合 > 土木総合 > その他土木 > 上・工業用水道,index (2020年度平均 = 100),national,JP,日本,,,,119.4,,index_value,published_pdl,,,2025Q3,,mlit-deflator-tsuki-2607,deftsuki2020（四半期別）!BH48,https://www.mlit.go.jp/statistics/details/content/deftsuki_2607.xlsx,PDL1.0,,2020年度基準(2020年度平均=100)。2026年4月分の公表から2020年度基準に改定(原本注)。ウエイト項目に営業余剰や間接税(消費税を含む)等を含めない(原本注)。原本の期間表示「2025年 7-9月」(暦年の四半期)。2023年度以降は建設投資のウエイトに2020〜2022年度の平均値を暫定的に使用(原本注)。注意(W2 の照合): 2020年4-6月期以降の四半期別シートの「地方道路公社等」から「S事務所・その他」までの33列は、月別シートの同じ系列の3か月平均と合わず、左隣の系列の3か月平均と合う。四半期別の値が1列右にずれている疑い。値は原本のまま
6a61846313019941,JP,index,建設工事費デフレーター（2020年度基準） 四半期別,土地造成,建設総合 > 土木総合 > その他土木 > 土地造成,index (2020年度平均 = 100),national,JP,日本,,,,121,,index_value,published_pdl,,,2025Q3,,mlit-deflator-tsuki-2607,deftsuki2020（四半期別）!BI48,https://www.mlit.go.jp/statistics/details/content/deftsuki_2607.xlsx,PDL1.0,,2020年度基準(2020年度平均=100)。2026年4月分の公表から2020年度基準に改定(原本注)。ウエイト項目に営業余剰や間接税(消費税を含む)等を含めない(原本注)。原本の期間表示「2025年 7-9月」(暦年の四半期)。2023年度以降は建設投資のウエイトに2020〜2022年度の平均値を暫定的に使用(原本注)。注意(W2 の照合): 2020年4-6月期以降の四半期別シートの「地方道路公社等」から「S事務所・その他」までの33列は、月別シートの同じ系列の3か月平均と合わず、左隣の系列の3か月平均と合う。四半期別の値が1列右にずれている疑い。値は原本のまま
92eeaf964ff1c7f6,JP,index,建設工事費デフレーター（2020年度基準） 四半期別,その他土木,建設総合 > 土木総合 > その他土木 (原本の列 BJ。同じ表頭の列が2つある),index (2020年度平均 = 100),national,JP,日本,,,,120,,index_value,published_pdl,,,2025Q3,,mlit-deflator-tsuki-2607,deftsuki2020（四半期別）!BJ48,https://www.mlit.go.jp/statistics/details/content/deftsuki_2607.xlsx,PDL1.0,,2020年度基準(2020年度平均=100)。2026年4月分の公表から2020年度基準に改定(原本注)。ウエイト項目に営業余剰や間接税(消費税を含む)等を含めない(原本注)。原本の期間表示「2025年 7-9月」(暦年の四半期)。2023年度以降は建設投資のウエイトに2020〜2022年度の平均値を暫定的に使用(原本注)。注意(W2 の照合): 2020年4-6月期以降の四半期別シートの「地方道路公社等」から「S事務所・その他」までの33列は、月別シートの同じ系列の3か月平均と合わず、左隣の系列の3か月平均と合う。四半期別の値が1列右にずれている疑い。値は原本のまま
8cb318eb2a4102b6,JP,index,建設工事費デフレーター（2020年度基準） 四半期別,W在来住宅,W在来住宅,index (2020年度平均 = 100),national,JP,日本,,,,120.3,,index_value,published_pdl,,,2025Q3,,mlit-deflator-tsuki-2607,deftsuki2020（四半期別）!BK48,https://www.mlit.go.jp/statistics/details/content/deftsuki_2607.xlsx,PDL1.0,,2020年度基準(2020年度平均=100)。2026年4月分の公表から2020年度基準に改定(原本注)。ウエイト項目に営業余剰や間接税(消費税を含む)等を含めない(原本注)。原本の期間表示「2025年 7-9月」(暦年の四半期)。2023年度以降は建設投資のウエイトに2020〜2022年度の平均値を暫定的に使用(原本注)。注意(W2 の照合): 2020年4-6月期以降の四半期別シートの「地方道路公社等」から「S事務所・その他」までの33列は、月別シートの同じ系列の3か月平均と合わず、左隣の系列の3か月平均と合う。四半期別の値が1列右にずれている疑い。値は原本のまま
648d60af90d1d824,JP,index,建設工事費デフレーター（2020年度基準） 四半期別,W量産住宅,W量産住宅,index (2020年度平均 = 100),national,JP,日本,,,,122.5,,index_value,published_pdl,,,2025Q3,,mlit-deflator-tsuki-2607,deftsuki2020（四半期別）!BL48,https://www.mlit.go.jp/statistics/details/content/deftsuki_2607.xlsx,PDL1.0,,2020年度基準(2020年度平均=100)。2026年4月分の公表から2020年度基準に改定(原本注)。ウエイト項目に営業余剰や間接税(消費税を含む)等を含めない(原本注)。原本の期間表示「2025年 7-9月」(暦年の四半期)。2023年度以降は建設投資のウエイトに2020〜2022年度の平均値を暫定的に使用(原本注)。注意(W2 の照合): 2020年4-6月期以降の四半期別シートの「地方道路公社等」から「S事務所・その他」までの33列は、月別シートの同じ系列の3か月平均と合わず、左隣の系列の3か月平均と合う。四半期別の値が1列右にずれている疑い。値は原本のまま
f0b414305fbaefa5,JP,index,建設工事費デフレーター（2020年度基準） 四半期別,RC在来住宅,RC在来住宅,index (2020年度平均 = 100),national,JP,日本,,,,123.4,,index_value,published_pdl,,,2025Q3,,mlit-deflator-tsuki-2607,deftsuki2020（四半期別）!BM48,https://www.mlit.go.jp/statistics/details/content/deftsuki_2607.xlsx,PDL1.0,,2020年度基準(2020年度平均=100)。2026年4月分の公表から2020年度基準に改定(原本注)。ウエイト項目に営業余剰や間接税(消費税を含む)等を含めない(原本注)。原本の期間表示「2025年 7-9月」(暦年の四半期)。2023年度以降は建設投資のウエイトに2020〜2022年度の平均値を暫定的に使用(原本注)。注意(W2 の照合): 2020年4-6月期以降の四半期別シートの「地方道路公社等」から「S事務所・その他」までの33列は、月別シートの同じ系列の3か月平均と合わず、左隣の系列の3か月平均と合う。四半期別の値が1列右にずれている疑い。値は原本のまま
c8c24a6e5b93c1d7,JP,index,建設工事費デフレーター（2020年度基準） 四半期別,RC量産住宅,RC量産住宅,index (2020年度平均 = 100),national,JP,日本,,,,122.4,,index_value,published_pdl,,,2025Q3,,mlit-deflator-tsuki-2607,deftsuki2020（四半期別）!BN48,https://www.mlit.go.jp/statistics/details/content/deftsuki_2607.xlsx,PDL1.0,,2020年度基準(2020年度平均=100)。2026年4月分の公表から2020年度基準に改定(原本注)。ウエイト項目に営業余剰や間接税(消費税を含む)等を含めない(原本注)。原本の期間表示「2025年 7-9月」(暦年の四半期)。2023年度以降は建設投資のウエイトに2020〜2022年度の平均値を暫定的に使用(原本注)。注意(W2 の照合): 2020年4-6月期以降の四半期別シートの「地方道路公社等」から「S事務所・その他」までの33列は、月別シートの同じ系列の3か月平均と合わず、左隣の系列の3か月平均と合う。四半期別の値が1列右にずれている疑い。値は原本のまま
0065659365f76503,JP,index,建設工事費デフレーター（2020年度基準） 四半期別,S在来住宅,S在来住宅,index (2020年度平均 = 100),national,JP,日本,,,,122.4,,index_value,published_pdl,,,2025Q3,,mlit-deflator-tsuki-2607,deftsuki2020（四半期別）!BO48,https://www.mlit.go.jp/statistics/details/content/deftsuki_2607.xlsx,PDL1.0,,2020年度基準(2020年度平均=100)。2026年4月分の公表から2020年度基準に改定(原本注)。ウエイト項目に営業余剰や間接税(消費税を含む)等を含めない(原本注)。原本の期間表示「2025年 7-9月」(暦年の四半期)。2023年度以降は建設投資のウエイトに2020〜2022年度の平均値を暫定的に使用(原本注)。注意(W2 の照合): 2020年4-6月期以降の四半期別シートの「地方道路公社等」から「S事務所・その他」までの33列は、月別シートの同じ系列の3か月平均と合わず、左隣の系列の3か月平均と合う。四半期別の値が1列右にずれている疑い。値は原本のまま
f08b83b75b2cf286,JP,index,建設工事費デフレーター（2020年度基準） 四半期別,S量産住宅,S量産住宅,index (2020年度平均 = 100),national,JP,日本,,,,123.4,,index_value,published_pdl,,,2025Q3,,mlit-deflator-tsuki-2607,deftsuki2020（四半期別）!BP48,https://www.mlit.go.jp/statistics/details/content/deftsuki_2607.xlsx,PDL1.0,,2020年度基準(2020年度平均=100)。2026年4月分の公表から2020年度基準に改定(原本注)。ウエイト項目に営業余剰や間接税(消費税を含む)等を含めない(原本注)。原本の期間表示「2025年 7-9月」(暦年の四半期)。2023年度以降は建設投資のウエイトに2020〜2022年度の平均値を暫定的に使用(原本注)。注意(W2 の照合): 2020年4-6月期以降の四半期別シートの「地方道路公社等」から「S事務所・その他」までの33列は、月別シートの同じ系列の3か月平均と合わず、左隣の系列の3か月平均と合う。四半期別の値が1列右にずれている疑い。値は原本のまま
09895925fdd8bb83,JP,index,建設工事費デフレーター（2020年度基準） 四半期別,W工場・倉庫,W工場・倉庫,index (2020年度平均 = 100),national,JP,日本,,,,124.9,,index_value,published_pdl,,,2025Q3,,mlit-deflator-tsuki-2607,deftsuki2020（四半期別）!BQ48,https://www.mlit.go.jp/statistics/details/content/deftsuki_2607.xlsx,PDL1.0,,2020年度基準(2020年度平均=100)。2026年4月分の公表から2020年度基準に改定(原本注)。ウエイト項目に営業余剰や間接税(消費税を含む)等を含めない(原本注)。原本の期間表示「2025年 7-9月」(暦年の四半期)。2023年度以降は建設投資のウエイトに2020〜2022年度の平均値を暫定的に使用(原本注)。注意(W2 の照合): 2020年4-6月期以降の四半期別シートの「地方道路公社等」から「S事務所・その他」までの33列は、月別シートの同じ系列の3か月平均と合わず、左隣の系列の3か月平均と合う。四半期別の値が1列右にずれている疑い。値は原本のまま
2cf8135290559ebc,JP,index,建設工事費デフレーター（2020年度基準） 四半期別,W事務所・その他,W事務所・その他,index (2020年度平均 = 100),national,JP,日本,,,,122,,index_value,published_pdl,,,2025Q3,,mlit-deflator-tsuki-2607,deftsuki2020（四半期別）!BR48,https://www.mlit.go.jp/statistics/details/content/deftsuki_2607.xlsx,PDL1.0,,2020年度基準(2020年度平均=100)。2026年4月分の公表から2020年度基準に改定(原本注)。ウエイト項目に営業余剰や間接税(消費税を含む)等を含めない(原本注)。原本の期間表示「2025年 7-9月」(暦年の四半期)。2023年度以降は建設投資のウエイトに2020〜2022年度の平均値を暫定的に使用(原本注)。注意(W2 の照合): 2020年4-6月期以降の四半期別シートの「地方道路公社等」から「S事務所・その他」までの33列は、月別シートの同じ系列の3か月平均と合わず、左隣の系列の3か月平均と合う。四半期別の値が1列右にずれている疑い。値は原本のまま
33be9c22d50470f3,JP,index,建設工事費デフレーター（2020年度基準） 四半期別,SRC工場・倉庫,SRC工場・倉庫,index (2020年度平均 = 100),national,JP,日本,,,,121.5,,index_value,published_pdl,,,2025Q3,,mlit-deflator-tsuki-2607,deftsuki2020（四半期別）!BS48,https://www.mlit.go.jp/statistics/details/content/deftsuki_2607.xlsx,PDL1.0,,2020年度基準(2020年度平均=100)。2026年4月分の公表から2020年度基準に改定(原本注)。ウエイト項目に営業余剰や間接税(消費税を含む)等を含めない(原本注)。原本の期間表示「2025年 7-9月」(暦年の四半期)。2023年度以降は建設投資のウエイトに2020〜2022年度の平均値を暫定的に使用(原本注)。注意(W2 の照合): 2020年4-6月期以降の四半期別シートの「地方道路公社等」から「S事務所・その他」までの33列は、月別シートの同じ系列の3か月平均と合わず、左隣の系列の3か月平均と合う。四半期別の値が1列右にずれている疑い。値は原本のまま
14fed09e9f4b6c0a,JP,index,建設工事費デフレーター（2020年度基準） 四半期別,SRC事務所・その他,SRC事務所・その他,index (2020年度平均 = 100),national,JP,日本,,,,122.7,,index_value,published_pdl,,,2025Q3,,mlit-deflator-tsuki-2607,deftsuki2020（四半期別）!BT48,https://www.mlit.go.jp/statistics/details/content/deftsuki_2607.xlsx,PDL1.0,,2020年度基準(2020年度平均=100)。2026年4月分の公表から2020年度基準に改定(原本注)。ウエイト項目に営業余剰や間接税(消費税を含む)等を含めない(原本注)。原本の期間表示「2025年 7-9月」(暦年の四半期)。2023年度以降は建設投資のウエイトに2020〜2022年度の平均値を暫定的に使用(原本注)。注意(W2 の照合): 2020年4-6月期以降の四半期別シートの「地方道路公社等」から「S事務所・その他」までの33列は、月別シートの同じ系列の3か月平均と合わず、左隣の系列の3か月平均と合う。四半期別の値が1列右にずれている疑い。値は原本のまま
32fbeef8cb1cc433,JP,index,建設工事費デフレーター（2020年度基準） 四半期別,RC工場・倉庫,RC工場・倉庫,index (2020年度平均 = 100),national,JP,日本,,,,121.3,,index_value,published_pdl,,,2025Q3,,mlit-deflator-tsuki-2607,deftsuki2020（四半期別）!BU48,https://www.mlit.go.jp/statistics/details/content/deftsuki_2607.xlsx,PDL1.0,,2020年度基準(2020年度平均=100)。2026年4月分の公表から2020年度基準に改定(原本注)。ウエイト項目に営業余剰や間接税(消費税を含む)等を含めない(原本注)。原本の期間表示「2025年 7-9月」(暦年の四半期)。2023年度以降は建設投資のウエイトに2020〜2022年度の平均値を暫定的に使用(原本注)。注意(W2 の照合): 2020年4-6月期以降の四半期別シートの「地方道路公社等」から「S事務所・その他」までの33列は、月別シートの同じ系列の3か月平均と合わず、左隣の系列の3か月平均と合う。四半期別の値が1列右にずれている疑い。値は原本のまま
8a51d3371ec881f1,JP,index,建設工事費デフレーター（2020年度基準） 四半期別,RC学校,RC学校,index (2020年度平均 = 100),national,JP,日本,,,,122.3,,index_value,published_pdl,,,2025Q3,,mlit-deflator-tsuki-2607,deftsuki2020（四半期別）!BV48,https://www.mlit.go.jp/statistics/details/content/deftsuki_2607.xlsx,PDL1.0,,2020年度基準(2020年度平均=100)。2026年4月分の公表から2020年度基準に改定(原本注)。ウエイト項目に営業余剰や間接税(消費税を含む)等を含めない(原本注)。原本の期間表示「2025年 7-9月」(暦年の四半期)。2023年度以降は建設投資のウエイトに2020〜2022年度の平均値を暫定的に使用(原本注)。注意(W2 の照合): 2020年4-6月期以降の四半期別シートの「地方道路公社等」から「S事務所・その他」までの33列は、月別シートの同じ系列の3か月平均と合わず、左隣の系列の3か月平均と合う。四半期別の値が1列右にずれている疑い。値は原本のまま
b7379ae18ac3b067,JP,index,建設工事費デフレーター（2020年度基準） 四半期別,RC事務所・その他,RC事務所・その他,index (2020年度平均 = 100),national,JP,日本,,,,121.3,,index_value,published_pdl,,,2025Q3,,mlit-deflator-tsuki-2607,deftsuki2020（四半期別）!BW48,https://www.mlit.go.jp/statistics/details/content/deftsuki_2607.xlsx,PDL1.0,,2020年度基準(2020年度平均=100)。2026年4月分の公表から2020年度基準に改定(原本注)。ウエイト項目に営業余剰や間接税(消費税を含む)等を含めない(原本注)。原本の期間表示「2025年 7-9月」(暦年の四半期)。2023年度以降は建設投資のウエイトに2020〜2022年度の平均値を暫定的に使用(原本注)。注意(W2 の照合): 2020年4-6月期以降の四半期別シートの「地方道路公社等」から「S事務所・その他」までの33列は、月別シートの同じ系列の3か月平均と合わず、左隣の系列の3か月平均と合う。四半期別の値が1列右にずれている疑い。値は原本のまま
cfce6dc864b43299,JP,index,建設工事費デフレーター（2020年度基準） 四半期別,S工場・倉庫,S工場・倉庫,index (2020年度平均 = 100),national,JP,日本,,,,121.6,,index_value,published_pdl,,,2025Q3,,mlit-deflator-tsuki-2607,deftsuki2020（四半期別）!BX48,https://www.mlit.go.jp/statistics/details/content/deftsuki_2607.xlsx,PDL1.0,,2020年度基準(2020年度平均=100)。2026年4月分の公表から2020年度基準に改定(原本注)。ウエイト項目に営業余剰や間接税(消費税を含む)等を含めない(原本注)。原本の期間表示「2025年 7-9月」(暦年の四半期)。2023年度以降は建設投資のウエイトに2020〜2022年度の平均値を暫定的に使用(原本注)。注意(W2 の照合): 2020年4-6月期以降の四半期別シートの「地方道路公社等」から「S事務所・その他」までの33列は、月別シートの同じ系列の3か月平均と合わず、左隣の系列の3か月平均と合う。四半期別の値が1列右にずれている疑い。値は原本のまま
f8125022310bbe2e,JP,index,建設工事費デフレーター（2020年度基準） 四半期別,S事務所・その他,S事務所・その他,index (2020年度平均 = 100),national,JP,日本,,,,122.5,,index_value,published_pdl,,,2025Q3,,mlit-deflator-tsuki-2607,deftsuki2020（四半期別）!BY48,https://www.mlit.go.jp/statistics/details/content/deftsuki_2607.xlsx,PDL1.0,,2020年度基準(2020年度平均=100)。2026年4月分の公表から2020年度基準に改定(原本注)。ウエイト項目に営業余剰や間接税(消費税を含む)等を含めない(原本注)。原本の期間表示「2025年 7-9月」(暦年の四半期)。2023年度以降は建設投資のウエイトに2020〜2022年度の平均値を暫定的に使用(原本注)。注意(W2 の照合): 2020年4-6月期以降の四半期別シートの「地方道路公社等」から「S事務所・その他」までの33列は、月別シートの同じ系列の3か月平均と合わず、左隣の系列の3か月平均と合う。四半期別の値が1列右にずれている疑い。値は原本のまま
b4c375e7bf537306,JP,index,建設工事費デフレーター（2020年度基準） 四半期別,地方道路公社等,建設総合 > 土木総合 > 公共事業 > 土木1（除く災害復旧） > 道路総合 > 有料道路 > 地方道路公社等,index (2020年度平均 = 100),national,JP,日本,,,,119.2,,index_value,published_pdl,,,2025Q4,,mlit-deflator-tsuki-2607,deftsuki2020（四半期別）!AS49,https://www.mlit.go.jp/statistics/details/content/deftsuki_2607.xlsx,PDL1.0,,2020年度基準(2020年度平均=100)。2026年4月分の公表から2020年度基準に改定(原本注)。ウエイト項目に営業余剰や間接税(消費税を含む)等を含めない(原本注)。原本の期間表示「2025年 10-12月」(暦年の四半期)。2023年度以降は建設投資のウエイトに2020〜2022年度の平均値を暫定的に使用(原本注)。注意(W2 の照合): 2020年4-6月期以降の四半期別シートの「地方道路公社等」から「S事務所・その他」までの33列は、月別シートの同じ系列の3か月平均と合わず、左隣の系列の3か月平均と合う。四半期別の値が1列右にずれている疑い。値は原本のまま
3259a0dd3a93dca1,JP,index,建設工事費デフレーター（2020年度基準） 四半期別,道路2（再掲）,建設総合 > 土木総合 > 公共事業 > 土木1（除く災害復旧） > 道路2（再掲）,index (2020年度平均 = 100),national,JP,日本,,,,120.3,,index_value,published_pdl,,,2025Q4,,mlit-deflator-tsuki-2607,deftsuki2020（四半期別）!AT49,https://www.mlit.go.jp/statistics/details/content/deftsuki_2607.xlsx,PDL1.0,,2020年度基準(2020年度平均=100)。2026年4月分の公表から2020年度基準に改定(原本注)。ウエイト項目に営業余剰や間接税(消費税を含む)等を含めない(原本注)。原本の期間表示「2025年 10-12月」(暦年の四半期)。2023年度以降は建設投資のウエイトに2020〜2022年度の平均値を暫定的に使用(原本注)。注意(W2 の照合): 2020年4-6月期以降の四半期別シートの「地方道路公社等」から「S事務所・その他」までの33列は、月別シートの同じ系列の3か月平均と合わず、左隣の系列の3か月平均と合う。四半期別の値が1列右にずれている疑い。値は原本のまま
3141fd338e29b1db,JP,index,建設工事費デフレーター（2020年度基準） 四半期別,街路2（再掲）,建設総合 > 土木総合 > 公共事業 > 土木1（除く災害復旧） > 街路2（再掲）,index (2020年度平均 = 100),national,JP,日本,,,,121,,index_value,published_pdl,,,2025Q4,,mlit-deflator-tsuki-2607,deftsuki2020（四半期別）!AU49,https://www.mlit.go.jp/statistics/details/content/deftsuki_2607.xlsx,PDL1.0,,2020年度基準(2020年度平均=100)。2026年4月分の公表から2020年度基準に改定(原本注)。ウエイト項目に営業余剰や間接税(消費税を含む)等を含めない(原本注)。原本の期間表示「2025年 10-12月」(暦年の四半期)。2023年度以降は建設投資のウエイトに2020〜2022年度の平均値を暫定的に使用(原本注)。注意(W2 の照合): 2020年4-6月期以降の四半期別シートの「地方道路公社等」から「S事務所・その他」までの33列は、月別シートの同じ系列の3か月平均と合わず、左隣の系列の3か月平均と合う。四半期別の値が1列右にずれている疑い。値は原本のまま
512620e46303c9c2,JP,index,建設工事費デフレーター（2020年度基準） 四半期別,公園,建設総合 > 土木総合 > 公共事業 > 土木1（除く災害復旧） > 公園,index (2020年度平均 = 100),national,JP,日本,,,,120.9,,index_value,published_pdl,,,2025Q4,,mlit-deflator-tsuki-2607,deftsuki2020（四半期別）!AV49,https://www.mlit.go.jp/statistics/details/content/deftsuki_2607.xlsx,PDL1.0,,2020年度基準(2020年度平均=100)。2026年4月分の公表から2020年度基準に改定(原本注)。ウエイト項目に営業余剰や間接税(消費税を含む)等を含めない(原本注)。原本の期間表示「2025年 10-12月」(暦年の四半期)。2023年度以降は建設投資のウエイトに2020〜2022年度の平均値を暫定的に使用(原本注)。注意(W2 の照合): 2020年4-6月期以降の四半期別シートの「地方道路公社等」から「S事務所・その他」までの33列は、月別シートの同じ系列の3か月平均と合わず、左隣の系列の3か月平均と合う。四半期別の値が1列右にずれている疑い。値は原本のまま
bbd211fa402918ab,JP,index,建設工事費デフレーター（2020年度基準） 四半期別,下水道,建設総合 > 土木総合 > 公共事業 > 土木1（除く災害復旧） > 下水道,index (2020年度平均 = 100),national,JP,日本,,,,118.7,,index_value,published_pdl,,,2025Q4,,mlit-deflator-tsuki-2607,deftsuki2020（四半期別）!AW49,https://www.mlit.go.jp/statistics/details/content/deftsuki_2607.xlsx,PDL1.0,,2020年度基準(2020年度平均=100)。2026年4月分の公表から2020年度基準に改定(原本注)。ウエイト項目に営業余剰や間接税(消費税を含む)等を含めない(原本注)。原本の期間表示「2025年 10-12月」(暦年の四半期)。2023年度以降は建設投資のウエイトに2020〜2022年度の平均値を暫定的に使用(原本注)。注意(W2 の照合): 2020年4-6月期以降の四半期別シートの「地方道路公社等」から「S事務所・その他」までの33列は、月別シートの同じ系列の3か月平均と合わず、左隣の系列の3か月平均と合う。四半期別の値が1列右にずれている疑い。値は原本のまま
995fb7609e4155fd,JP,index,建設工事費デフレーター（2020年度基準） 四半期別,災害復旧,建設総合 > 土木総合 > 公共事業 > 土木1（除く災害復旧） > 災害復旧,index (2020年度平均 = 100),national,JP,日本,,,,120.6,,index_value,published_pdl,,,2025Q4,,mlit-deflator-tsuki-2607,deftsuki2020（四半期別）!AX49,https://www.mlit.go.jp/statistics/details/content/deftsuki_2607.xlsx,PDL1.0,,2020年度基準(2020年度平均=100)。2026年4月分の公表から2020年度基準に改定(原本注)。ウエイト項目に営業余剰や間接税(消費税を含む)等を含めない(原本注)。原本の期間表示「2025年 10-12月」(暦年の四半期)。2023年度以降は建設投資のウエイトに2020〜2022年度の平均値を暫定的に使用(原本注)。注意(W2 の照合): 2020年4-6月期以降の四半期別シートの「地方道路公社等」から「S事務所・その他」までの33列は、月別シートの同じ系列の3か月平均と合わず、左隣の系列の3か月平均と合う。四半期別の値が1列右にずれている疑い。値は原本のまま
d4d710fff78de2dc,JP,index,建設工事費デフレーター（2020年度基準） 四半期別,土木2,建設総合 > 土木総合 > 公共事業 > 土木2,index (2020年度平均 = 100),national,JP,日本,,,,121.8,,index_value,published_pdl,,,2025Q4,,mlit-deflator-tsuki-2607,deftsuki2020（四半期別）!AY49,https://www.mlit.go.jp/statistics/details/content/deftsuki_2607.xlsx,PDL1.0,,2020年度基準(2020年度平均=100)。2026年4月分の公表から2020年度基準に改定(原本注)。ウエイト項目に営業余剰や間接税(消費税を含む)等を含めない(原本注)。原本の期間表示「2025年 10-12月」(暦年の四半期)。2023年度以降は建設投資のウエイトに2020〜2022年度の平均値を暫定的に使用(原本注)。注意(W2 の照合): 2020年4-6月期以降の四半期別シートの「地方道路公社等」から「S事務所・その他」までの33列は、月別シートの同じ系列の3か月平均と合わず、左隣の系列の3か月平均と合う。四半期別の値が1列右にずれている疑い。値は原本のまま
3d8305717f9dba05,JP,index,建設工事費デフレーター（2020年度基準） 四半期別,港湾・漁港,建設総合 > 土木総合 > 公共事業 > 土木2 > 港湾・漁港,index (2020年度平均 = 100),national,JP,日本,,,,120.4,,index_value,published_pdl,,,2025Q4,,mlit-deflator-tsuki-2607,deftsuki2020（四半期別）!AZ49,https://www.mlit.go.jp/statistics/details/content/deftsuki_2607.xlsx,PDL1.0,,2020年度基準(2020年度平均=100)。2026年4月分の公表から2020年度基準に改定(原本注)。ウエイト項目に営業余剰や間接税(消費税を含む)等を含めない(原本注)。原本の期間表示「2025年 10-12月」(暦年の四半期)。2023年度以降は建設投資のウエイトに2020〜2022年度の平均値を暫定的に使用(原本注)。注意(W2 の照合): 2020年4-6月期以降の四半期別シートの「地方道路公社等」から「S事務所・その他」までの33列は、月別シートの同じ系列の3か月平均と合わず、左隣の系列の3か月平均と合う。四半期別の値が1列右にずれている疑い。値は原本のまま
81de450e86750fec,JP,index,建設工事費デフレーター（2020年度基準） 四半期別,空港,建設総合 > 土木総合 > 公共事業 > 土木2 > 空港,index (2020年度平均 = 100),national,JP,日本,,,,120.5,,index_value,published_pdl,,,2025Q4,,mlit-deflator-tsuki-2607,deftsuki2020（四半期別）!BA49,https://www.mlit.go.jp/statistics/details/content/deftsuki_2607.xlsx,PDL1.0,,2020年度基準(2020年度平均=100)。2026年4月分の公表から2020年度基準に改定(原本注)。ウエイト項目に営業余剰や間接税(消費税を含む)等を含めない(原本注)。原本の期間表示「2025年 10-12月」(暦年の四半期)。2023年度以降は建設投資のウエイトに2020〜2022年度の平均値を暫定的に使用(原本注)。注意(W2 の照合): 2020年4-6月期以降の四半期別シートの「地方道路公社等」から「S事務所・その他」までの33列は、月別シートの同じ系列の3か月平均と合わず、左隣の系列の3か月平均と合う。四半期別の値が1列右にずれている疑い。値は原本のまま
f99ab6e446bbe34f,JP,index,建設工事費デフレーター（2020年度基準） 四半期別,環境衛生,建設総合 > 土木総合 > 公共事業 > 土木2 > 環境衛生,index (2020年度平均 = 100),national,JP,日本,,,,114.6,,index_value,published_pdl,,,2025Q4,,mlit-deflator-tsuki-2607,deftsuki2020（四半期別）!BB49,https://www.mlit.go.jp/statistics/details/content/deftsuki_2607.xlsx,PDL1.0,,2020年度基準(2020年度平均=100)。2026年4月分の公表から2020年度基準に改定(原本注)。ウエイト項目に営業余剰や間接税(消費税を含む)等を含めない(原本注)。原本の期間表示「2025年 10-12月」(暦年の四半期)。2023年度以降は建設投資のウエイトに2020〜2022年度の平均値を暫定的に使用(原本注)。注意(W2 の照合): 2020年4-6月期以降の四半期別シートの「地方道路公社等」から「S事務所・その他」までの33列は、月別シートの同じ系列の3か月平均と合わず、左隣の系列の3か月平均と合う。四半期別の値が1列右にずれている疑い。値は原本のまま
93dfb4ad72d9abe4,JP,index,建設工事費デフレーター（2020年度基準） 四半期別,農林関係公共事業,建設総合 > 土木総合 > 公共事業 > 土木2 > 農林関係公共事業,index (2020年度平均 = 100),national,JP,日本,,,,120.4,,index_value,published_pdl,,,2025Q4,,mlit-deflator-tsuki-2607,deftsuki2020（四半期別）!BC49,https://www.mlit.go.jp/statistics/details/content/deftsuki_2607.xlsx,PDL1.0,,2020年度基準(2020年度平均=100)。2026年4月分の公表から2020年度基準に改定(原本注)。ウエイト項目に営業余剰や間接税(消費税を含む)等を含めない(原本注)。原本の期間表示「2025年 10-12月」(暦年の四半期)。2023年度以降は建設投資のウエイトに2020〜2022年度の平均値を暫定的に使用(原本注)。注意(W2 の照合): 2020年4-6月期以降の四半期別シートの「地方道路公社等」から「S事務所・その他」までの33列は、月別シートの同じ系列の3か月平均と合わず、左隣の系列の3か月平均と合う。四半期別の値が1列右にずれている疑い。値は原本のまま
8c994983c1e378a0,JP,index,建設工事費デフレーター（2020年度基準） 四半期別,その他土木,建設総合 > 土木総合 > その他土木 (原本の列 BD。同じ表頭の列が2つある),index (2020年度平均 = 100),national,JP,日本,,,,121.3,,index_value,published_pdl,,,2025Q4,,mlit-deflator-tsuki-2607,deftsuki2020（四半期別）!BD49,https://www.mlit.go.jp/statistics/details/content/deftsuki_2607.xlsx,PDL1.0,,2020年度基準(2020年度平均=100)。2026年4月分の公表から2020年度基準に改定(原本注)。ウエイト項目に営業余剰や間接税(消費税を含む)等を含めない(原本注)。原本の期間表示「2025年 10-12月」(暦年の四半期)。2023年度以降は建設投資のウエイトに2020〜2022年度の平均値を暫定的に使用(原本注)。注意(W2 の照合): 2020年4-6月期以降の四半期別シートの「地方道路公社等」から「S事務所・その他」までの33列は、月別シートの同じ系列の3か月平均と合わず、左隣の系列の3か月平均と合う。四半期別の値が1列右にずれている疑い。値は原本のまま
1819a7c9eee852cd,JP,index,建設工事費デフレーター（2020年度基準） 四半期別,鉄道軌道,建設総合 > 土木総合 > その他土木 > 鉄道軌道,index (2020年度平均 = 100),national,JP,日本,,,,120.7,,index_value,published_pdl,,,2025Q4,,mlit-deflator-tsuki-2607,deftsuki2020（四半期別）!BE49,https://www.mlit.go.jp/statistics/details/content/deftsuki_2607.xlsx,PDL1.0,,2020年度基準(2020年度平均=100)。2026年4月分の公表から2020年度基準に改定(原本注)。ウエイト項目に営業余剰や間接税(消費税を含む)等を含めない(原本注)。原本の期間表示「2025年 10-12月」(暦年の四半期)。2023年度以降は建設投資のウエイトに2020〜2022年度の平均値を暫定的に使用(原本注)。注意(W2 の照合): 2020年4-6月期以降の四半期別シートの「地方道路公社等」から「S事務所・その他」までの33列は、月別シートの同じ系列の3か月平均と合わず、左隣の系列の3か月平均と合う。四半期別の値が1列右にずれている疑い。値は原本のまま
481c6337216c9373,JP,index,建設工事費デフレーター（2020年度基準） 四半期別,電力,建設総合 > 土木総合 > その他土木 > 電力,index (2020年度平均 = 100),national,JP,日本,,,,123.1,,index_value,published_pdl,,,2025Q4,,mlit-deflator-tsuki-2607,deftsuki2020（四半期別）!BF49,https://www.mlit.go.jp/statistics/details/content/deftsuki_2607.xlsx,PDL1.0,,2020年度基準(2020年度平均=100)。2026年4月分の公表から2020年度基準に改定(原本注)。ウエイト項目に営業余剰や間接税(消費税を含む)等を含めない(原本注)。原本の期間表示「2025年 10-12月」(暦年の四半期)。2023年度以降は建設投資のウエイトに2020〜2022年度の平均値を暫定的に使用(原本注)。注意(W2 の照合): 2020年4-6月期以降の四半期別シートの「地方道路公社等」から「S事務所・その他」までの33列は、月別シートの同じ系列の3か月平均と合わず、左隣の系列の3か月平均と合う。四半期別の値が1列右にずれている疑い。値は原本のまま
ee876140c9efc920,JP,index,建設工事費デフレーター（2020年度基準） 四半期別,電気通信,建設総合 > 土木総合 > その他土木 > 電気通信,index (2020年度平均 = 100),national,JP,日本,,,,122.5,,index_value,published_pdl,,,2025Q4,,mlit-deflator-tsuki-2607,deftsuki2020（四半期別）!BG49,https://www.mlit.go.jp/statistics/details/content/deftsuki_2607.xlsx,PDL1.0,,2020年度基準(2020年度平均=100)。2026年4月分の公表から2020年度基準に改定(原本注)。ウエイト項目に営業余剰や間接税(消費税を含む)等を含めない(原本注)。原本の期間表示「2025年 10-12月」(暦年の四半期)。2023年度以降は建設投資のウエイトに2020〜2022年度の平均値を暫定的に使用(原本注)。注意(W2 の照合): 2020年4-6月期以降の四半期別シートの「地方道路公社等」から「S事務所・その他」までの33列は、月別シートの同じ系列の3か月平均と合わず、左隣の系列の3か月平均と合う。四半期別の値が1列右にずれている疑い。値は原本のまま
e62f1ddb4abf9ac9,JP,index,建設工事費デフレーター（2020年度基準） 四半期別,上・工業用水道,建設総合 > 土木総合 > その他土木 > 上・工業用水道,index (2020年度平均 = 100),national,JP,日本,,,,119.1,,index_value,published_pdl,,,2025Q4,,mlit-deflator-tsuki-2607,deftsuki2020（四半期別）!BH49,https://www.mlit.go.jp/statistics/details/content/deftsuki_2607.xlsx,PDL1.0,,2020年度基準(2020年度平均=100)。2026年4月分の公表から2020年度基準に改定(原本注)。ウエイト項目に営業余剰や間接税(消費税を含む)等を含めない(原本注)。原本の期間表示「2025年 10-12月」(暦年の四半期)。2023年度以降は建設投資のウエイトに2020〜2022年度の平均値を暫定的に使用(原本注)。注意(W2 の照合): 2020年4-6月期以降の四半期別シートの「地方道路公社等」から「S事務所・その他」までの33列は、月別シートの同じ系列の3か月平均と合わず、左隣の系列の3か月平均と合う。四半期別の値が1列右にずれている疑い。値は原本のまま
f4afe967738490b5,JP,index,建設工事費デフレーター（2020年度基準） 四半期別,土地造成,建設総合 > 土木総合 > その他土木 > 土地造成,index (2020年度平均 = 100),national,JP,日本,,,,119.9,,index_value,published_pdl,,,2025Q4,,mlit-deflator-tsuki-2607,deftsuki2020（四半期別）!BI49,https://www.mlit.go.jp/statistics/details/content/deftsuki_2607.xlsx,PDL1.0,,2020年度基準(2020年度平均=100)。2026年4月分の公表から2020年度基準に改定(原本注)。ウエイト項目に営業余剰や間接税(消費税を含む)等を含めない(原本注)。原本の期間表示「2025年 10-12月」(暦年の四半期)。2023年度以降は建設投資のウエイトに2020〜2022年度の平均値を暫定的に使用(原本注)。注意(W2 の照合): 2020年4-6月期以降の四半期別シートの「地方道路公社等」から「S事務所・その他」までの33列は、月別シートの同じ系列の3か月平均と合わず、左隣の系列の3か月平均と合う。四半期別の値が1列右にずれている疑い。値は原本のまま
17eedc69f28328ab,JP,index,建設工事費デフレーター（2020年度基準） 四半期別,その他土木,建設総合 > 土木総合 > その他土木 (原本の列 BJ。同じ表頭の列が2つある),index (2020年度平均 = 100),national,JP,日本,,,,119.3,,index_value,published_pdl,,,2025Q4,,mlit-deflator-tsuki-2607,deftsuki2020（四半期別）!BJ49,https://www.mlit.go.jp/statistics/details/content/deftsuki_2607.xlsx,PDL1.0,,2020年度基準(2020年度平均=100)。2026年4月分の公表から2020年度基準に改定(原本注)。ウエイト項目に営業余剰や間接税(消費税を含む)等を含めない(原本注)。原本の期間表示「2025年 10-12月」(暦年の四半期)。2023年度以降は建設投資のウエイトに2020〜2022年度の平均値を暫定的に使用(原本注)。注意(W2 の照合): 2020年4-6月期以降の四半期別シートの「地方道路公社等」から「S事務所・その他」までの33列は、月別シートの同じ系列の3か月平均と合わず、左隣の系列の3か月平均と合う。四半期別の値が1列右にずれている疑い。値は原本のまま
c4ec2f704a8fd168,JP,index,建設工事費デフレーター（2020年度基準） 四半期別,W在来住宅,W在来住宅,index (2020年度平均 = 100),national,JP,日本,,,,119.3,,index_value,published_pdl,,,2025Q4,,mlit-deflator-tsuki-2607,deftsuki2020（四半期別）!BK49,https://www.mlit.go.jp/statistics/details/content/deftsuki_2607.xlsx,PDL1.0,,2020年度基準(2020年度平均=100)。2026年4月分の公表から2020年度基準に改定(原本注)。ウエイト項目に営業余剰や間接税(消費税を含む)等を含めない(原本注)。原本の期間表示「2025年 10-12月」(暦年の四半期)。2023年度以降は建設投資のウエイトに2020〜2022年度の平均値を暫定的に使用(原本注)。注意(W2 の照合): 2020年4-6月期以降の四半期別シートの「地方道路公社等」から「S事務所・その他」までの33列は、月別シートの同じ系列の3か月平均と合わず、左隣の系列の3か月平均と合う。四半期別の値が1列右にずれている疑い。値は原本のまま
1d30ae06f07d948f,JP,index,建設工事費デフレーター（2020年度基準） 四半期別,W量産住宅,W量産住宅,index (2020年度平均 = 100),national,JP,日本,,,,122.3,,index_value,published_pdl,,,2025Q4,,mlit-deflator-tsuki-2607,deftsuki2020（四半期別）!BL49,https://www.mlit.go.jp/statistics/details/content/deftsuki_2607.xlsx,PDL1.0,,2020年度基準(2020年度平均=100)。2026年4月分の公表から2020年度基準に改定(原本注)。ウエイト項目に営業余剰や間接税(消費税を含む)等を含めない(原本注)。原本の期間表示「2025年 10-12月」(暦年の四半期)。2023年度以降は建設投資のウエイトに2020〜2022年度の平均値を暫定的に使用(原本注)。注意(W2 の照合): 2020年4-6月期以降の四半期別シートの「地方道路公社等」から「S事務所・その他」までの33列は、月別シートの同じ系列の3か月平均と合わず、左隣の系列の3か月平均と合う。四半期別の値が1列右にずれている疑い。値は原本のまま
20cd5b7a9cfc732a,JP,index,建設工事費デフレーター（2020年度基準） 四半期別,RC在来住宅,RC在来住宅,index (2020年度平均 = 100),national,JP,日本,,,,123.5,,index_value,published_pdl,,,2025Q4,,mlit-deflator-tsuki-2607,deftsuki2020（四半期別）!BM49,https://www.mlit.go.jp/statistics/details/content/deftsuki_2607.xlsx,PDL1.0,,2020年度基準(2020年度平均=100)。2026年4月分の公表から2020年度基準に改定(原本注)。ウエイト項目に営業余剰や間接税(消費税を含む)等を含めない(原本注)。原本の期間表示「2025年 10-12月」(暦年の四半期)。2023年度以降は建設投資のウエイトに2020〜2022年度の平均値を暫定的に使用(原本注)。注意(W2 の照合): 2020年4-6月期以降の四半期別シートの「地方道路公社等」から「S事務所・その他」までの33列は、月別シートの同じ系列の3か月平均と合わず、左隣の系列の3か月平均と合う。四半期別の値が1列右にずれている疑い。値は原本のまま
043177cb9321e4b4,JP,index,建設工事費デフレーター（2020年度基準） 四半期別,RC量産住宅,RC量産住宅,index (2020年度平均 = 100),national,JP,日本,,,,122.1,,index_value,published_pdl,,,2025Q4,,mlit-deflator-tsuki-2607,deftsuki2020（四半期別）!BN49,https://www.mlit.go.jp/statistics/details/content/deftsuki_2607.xlsx,PDL1.0,,2020年度基準(2020年度平均=100)。2026年4月分の公表から2020年度基準に改定(原本注)。ウエイト項目に営業余剰や間接税(消費税を含む)等を含めない(原本注)。原本の期間表示「2025年 10-12月」(暦年の四半期)。2023年度以降は建設投資のウエイトに2020〜2022年度の平均値を暫定的に使用(原本注)。注意(W2 の照合): 2020年4-6月期以降の四半期別シートの「地方道路公社等」から「S事務所・その他」までの33列は、月別シートの同じ系列の3か月平均と合わず、左隣の系列の3か月平均と合う。四半期別の値が1列右にずれている疑い。値は原本のまま
064412b1cc7ebb32,JP,index,建設工事費デフレーター（2020年度基準） 四半期別,S在来住宅,S在来住宅,index (2020年度平均 = 100),national,JP,日本,,,,122.4,,index_value,published_pdl,,,2025Q4,,mlit-deflator-tsuki-2607,deftsuki2020（四半期別）!BO49,https://www.mlit.go.jp/statistics/details/content/deftsuki_2607.xlsx,PDL1.0,,2020年度基準(2020年度平均=100)。2026年4月分の公表から2020年度基準に改定(原本注)。ウエイト項目に営業余剰や間接税(消費税を含む)等を含めない(原本注)。原本の期間表示「2025年 10-12月」(暦年の四半期)。2023年度以降は建設投資のウエイトに2020〜2022年度の平均値を暫定的に使用(原本注)。注意(W2 の照合): 2020年4-6月期以降の四半期別シートの「地方道路公社等」から「S事務所・その他」までの33列は、月別シートの同じ系列の3か月平均と合わず、左隣の系列の3か月平均と合う。四半期別の値が1列右にずれている疑い。値は原本のまま
6ef3f635ebf2065d,JP,index,建設工事費デフレーター（2020年度基準） 四半期別,S量産住宅,S量産住宅,index (2020年度平均 = 100),national,JP,日本,,,,123,,index_value,published_pdl,,,2025Q4,,mlit-deflator-tsuki-2607,deftsuki2020（四半期別）!BP49,https://www.mlit.go.jp/statistics/details/content/deftsuki_2607.xlsx,PDL1.0,,2020年度基準(2020年度平均=100)。2026年4月分の公表から2020年度基準に改定(原本注)。ウエイト項目に営業余剰や間接税(消費税を含む)等を含めない(原本注)。原本の期間表示「2025年 10-12月」(暦年の四半期)。2023年度以降は建設投資のウエイトに2020〜2022年度の平均値を暫定的に使用(原本注)。注意(W2 の照合): 2020年4-6月期以降の四半期別シートの「地方道路公社等」から「S事務所・その他」までの33列は、月別シートの同じ系列の3か月平均と合わず、左隣の系列の3か月平均と合う。四半期別の値が1列右にずれている疑い。値は原本のまま
4d70a442323eb442,JP,index,建設工事費デフレーター（2020年度基準） 四半期別,W工場・倉庫,W工場・倉庫,index (2020年度平均 = 100),national,JP,日本,,,,124.8,,index_value,published_pdl,,,2025Q4,,mlit-deflator-tsuki-2607,deftsuki2020（四半期別）!BQ49,https://www.mlit.go.jp/statistics/details/content/deftsuki_2607.xlsx,PDL1.0,,2020年度基準(2020年度平均=100)。2026年4月分の公表から2020年度基準に改定(原本注)。ウエイト項目に営業余剰や間接税(消費税を含む)等を含めない(原本注)。原本の期間表示「2025年 10-12月」(暦年の四半期)。2023年度以降は建設投資のウエイトに2020〜2022年度の平均値を暫定的に使用(原本注)。注意(W2 の照合): 2020年4-6月期以降の四半期別シートの「地方道路公社等」から「S事務所・その他」までの33列は、月別シートの同じ系列の3か月平均と合わず、左隣の系列の3か月平均と合う。四半期別の値が1列右にずれている疑い。値は原本のまま
405a82d5e79c2e4a,JP,index,建設工事費デフレーター（2020年度基準） 四半期別,W事務所・その他,W事務所・その他,index (2020年度平均 = 100),national,JP,日本,,,,121.8,,index_value,published_pdl,,,2025Q4,,mlit-deflator-tsuki-2607,deftsuki2020（四半期別）!BR49,https://www.mlit.go.jp/statistics/details/content/deftsuki_2607.xlsx,PDL1.0,,2020年度基準(2020年度平均=100)。2026年4月分の公表から2020年度基準に改定(原本注)。ウエイト項目に営業余剰や間接税(消費税を含む)等を含めない(原本注)。原本の期間表示「2025年 10-12月」(暦年の四半期)。2023年度以降は建設投資のウエイトに2020〜2022年度の平均値を暫定的に使用(原本注)。注意(W2 の照合): 2020年4-6月期以降の四半期別シートの「地方道路公社等」から「S事務所・その他」までの33列は、月別シートの同じ系列の3か月平均と合わず、左隣の系列の3か月平均と合う。四半期別の値が1列右にずれている疑い。値は原本のまま
60e73ecbd2e2f0a4,JP,index,建設工事費デフレーター（2020年度基準） 四半期別,SRC工場・倉庫,SRC工場・倉庫,index (2020年度平均 = 100),national,JP,日本,,,,121.4,,index_value,published_pdl,,,2025Q4,,mlit-deflator-tsuki-2607,deftsuki2020（四半期別）!BS49,https://www.mlit.go.jp/statistics/details/content/deftsuki_2607.xlsx,PDL1.0,,2020年度基準(2020年度平均=100)。2026年4月分の公表から2020年度基準に改定(原本注)。ウエイト項目に営業余剰や間接税(消費税を含む)等を含めない(原本注)。原本の期間表示「2025年 10-12月」(暦年の四半期)。2023年度以降は建設投資のウエイトに2020〜2022年度の平均値を暫定的に使用(原本注)。注意(W2 の照合): 2020年4-6月期以降の四半期別シートの「地方道路公社等」から「S事務所・その他」までの33列は、月別シートの同じ系列の3か月平均と合わず、左隣の系列の3か月平均と合う。四半期別の値が1列右にずれている疑い。値は原本のまま
4bc98c4cf36ecf11,JP,index,建設工事費デフレーター（2020年度基準） 四半期別,SRC事務所・その他,SRC事務所・その他,index (2020年度平均 = 100),national,JP,日本,,,,121.7,,index_value,published_pdl,,,2025Q4,,mlit-deflator-tsuki-2607,deftsuki2020（四半期別）!BT49,https://www.mlit.go.jp/statistics/details/content/deftsuki_2607.xlsx,PDL1.0,,2020年度基準(2020年度平均=100)。2026年4月分の公表から2020年度基準に改定(原本注)。ウエイト項目に営業余剰や間接税(消費税を含む)等を含めない(原本注)。原本の期間表示「2025年 10-12月」(暦年の四半期)。2023年度以降は建設投資のウエイトに2020〜2022年度の平均値を暫定的に使用(原本注)。注意(W2 の照合): 2020年4-6月期以降の四半期別シートの「地方道路公社等」から「S事務所・その他」までの33列は、月別シートの同じ系列の3か月平均と合わず、左隣の系列の3か月平均と合う。四半期別の値が1列右にずれている疑い。値は原本のまま
71221b9a84335048,JP,index,建設工事費デフレーター（2020年度基準） 四半期別,RC工場・倉庫,RC工場・倉庫,index (2020年度平均 = 100),national,JP,日本,,,,120.8,,index_value,published_pdl,,,2025Q4,,mlit-deflator-tsuki-2607,deftsuki2020（四半期別）!BU49,https://www.mlit.go.jp/statistics/details/content/deftsuki_2607.xlsx,PDL1.0,,2020年度基準(2020年度平均=100)。2026年4月分の公表から2020年度基準に改定(原本注)。ウエイト項目に営業余剰や間接税(消費税を含む)等を含めない(原本注)。原本の期間表示「2025年 10-12月」(暦年の四半期)。2023年度以降は建設投資のウエイトに2020〜2022年度の平均値を暫定的に使用(原本注)。注意(W2 の照合): 2020年4-6月期以降の四半期別シートの「地方道路公社等」から「S事務所・その他」までの33列は、月別シートの同じ系列の3か月平均と合わず、左隣の系列の3か月平均と合う。四半期別の値が1列右にずれている疑い。値は原本のまま
aa563bb5fe1416d7,JP,index,建設工事費デフレーター（2020年度基準） 四半期別,RC学校,RC学校,index (2020年度平均 = 100),national,JP,日本,,,,121.4,,index_value,published_pdl,,,2025Q4,,mlit-deflator-tsuki-2607,deftsuki2020（四半期別）!BV49,https://www.mlit.go.jp/statistics/details/content/deftsuki_2607.xlsx,PDL1.0,,2020年度基準(2020年度平均=100)。2026年4月分の公表から2020年度基準に改定(原本注)。ウエイト項目に営業余剰や間接税(消費税を含む)等を含めない(原本注)。原本の期間表示「2025年 10-12月」(暦年の四半期)。2023年度以降は建設投資のウエイトに2020〜2022年度の平均値を暫定的に使用(原本注)。注意(W2 の照合): 2020年4-6月期以降の四半期別シートの「地方道路公社等」から「S事務所・その他」までの33列は、月別シートの同じ系列の3か月平均と合わず、左隣の系列の3か月平均と合う。四半期別の値が1列右にずれている疑い。値は原本のまま
f8fc978bd882d591,JP,index,建設工事費デフレーター（2020年度基準） 四半期別,RC事務所・その他,RC事務所・その他,index (2020年度平均 = 100),national,JP,日本,,,,121,,index_value,published_pdl,,,2025Q4,,mlit-deflator-tsuki-2607,deftsuki2020（四半期別）!BW49,https://www.mlit.go.jp/statistics/details/content/deftsuki_2607.xlsx,PDL1.0,,2020年度基準(2020年度平均=100)。2026年4月分の公表から2020年度基準に改定(原本注)。ウエイト項目に営業余剰や間接税(消費税を含む)等を含めない(原本注)。原本の期間表示「2025年 10-12月」(暦年の四半期)。2023年度以降は建設投資のウエイトに2020〜2022年度の平均値を暫定的に使用(原本注)。注意(W2 の照合): 2020年4-6月期以降の四半期別シートの「地方道路公社等」から「S事務所・その他」までの33列は、月別シートの同じ系列の3か月平均と合わず、左隣の系列の3か月平均と合う。四半期別の値が1列右にずれている疑い。値は原本のまま
cca538565ce76857,JP,index,建設工事費デフレーター（2020年度基準） 四半期別,S工場・倉庫,S工場・倉庫,index (2020年度平均 = 100),national,JP,日本,,,,121.3,,index_value,published_pdl,,,2025Q4,,mlit-deflator-tsuki-2607,deftsuki2020（四半期別）!BX49,https://www.mlit.go.jp/statistics/details/content/deftsuki_2607.xlsx,PDL1.0,,2020年度基準(2020年度平均=100)。2026年4月分の公表から2020年度基準に改定(原本注)。ウエイト項目に営業余剰や間接税(消費税を含む)等を含めない(原本注)。原本の期間表示「2025年 10-12月」(暦年の四半期)。2023年度以降は建設投資のウエイトに2020〜2022年度の平均値を暫定的に使用(原本注)。注意(W2 の照合): 2020年4-6月期以降の四半期別シートの「地方道路公社等」から「S事務所・その他」までの33列は、月別シートの同じ系列の3か月平均と合わず、左隣の系列の3か月平均と合う。四半期別の値が1列右にずれている疑い。値は原本のまま
86e073f59d3c3ca7,JP,index,建設工事費デフレーター（2020年度基準） 四半期別,S事務所・その他,S事務所・その他,index (2020年度平均 = 100),national,JP,日本,,,,121.4,,index_value,published_pdl,,,2025Q4,,mlit-deflator-tsuki-2607,deftsuki2020（四半期別）!BY49,https://www.mlit.go.jp/statistics/details/content/deftsuki_2607.xlsx,PDL1.0,,2020年度基準(2020年度平均=100)。2026年4月分の公表から2020年度基準に改定(原本注)。ウエイト項目に営業余剰や間接税(消費税を含む)等を含めない(原本注)。原本の期間表示「2025年 10-12月」(暦年の四半期)。2023年度以降は建設投資のウエイトに2020〜2022年度の平均値を暫定的に使用(原本注)。注意(W2 の照合): 2020年4-6月期以降の四半期別シートの「地方道路公社等」から「S事務所・その他」までの33列は、月別シートの同じ系列の3か月平均と合わず、左隣の系列の3か月平均と合う。四半期別の値が1列右にずれている疑い。値は原本のまま
71471ff7961968fa,JP,index,建設工事費デフレーター（2020年度基準） 四半期別,地方道路公社等,建設総合 > 土木総合 > 公共事業 > 土木1（除く災害復旧） > 道路総合 > 有料道路 > 地方道路公社等,index (2020年度平均 = 100),national,JP,日本,,,,120.2,,index_value,published_pdl,,,2026Q1,,mlit-deflator-tsuki-2607,deftsuki2020（四半期別）!AS50,https://www.mlit.go.jp/statistics/details/content/deftsuki_2607.xlsx,PDL1.0,,2020年度基準(2020年度平均=100)。2026年4月分の公表から2020年度基準に改定(原本注)。ウエイト項目に営業余剰や間接税(消費税を含む)等を含めない(原本注)。原本の期間表示「2026年 1-3月」(暦年の四半期)。2023年度以降は建設投資のウエイトに2020〜2022年度の平均値を暫定的に使用(原本注)。注意(W2 の照合): 2020年4-6月期以降の四半期別シートの「地方道路公社等」から「S事務所・その他」までの33列は、月別シートの同じ系列の3か月平均と合わず、左隣の系列の3か月平均と合う。四半期別の値が1列右にずれている疑い。値は原本のまま
d8c27fbb0ef1e489,JP,index,建設工事費デフレーター（2020年度基準） 四半期別,道路2（再掲）,建設総合 > 土木総合 > 公共事業 > 土木1（除く災害復旧） > 道路2（再掲）,index (2020年度平均 = 100),national,JP,日本,,,,122,,index_value,published_pdl,,,2026Q1,,mlit-deflator-tsuki-2607,deftsuki2020（四半期別）!AT50,https://www.mlit.go.jp/statistics/details/content/deftsuki_2607.xlsx,PDL1.0,,2020年度基準(2020年度平均=100)。2026年4月分の公表から2020年度基準に改定(原本注)。ウエイト項目に営業余剰や間接税(消費税を含む)等を含めない(原本注)。原本の期間表示「2026年 1-3月」(暦年の四半期)。2023年度以降は建設投資のウエイトに2020〜2022年度の平均値を暫定的に使用(原本注)。注意(W2 の照合): 2020年4-6月期以降の四半期別シートの「地方道路公社等」から「S事務所・その他」までの33列は、月別シートの同じ系列の3か月平均と合わず、左隣の系列の3か月平均と合う。四半期別の値が1列右にずれている疑い。値は原本のまま
6757c25c2ccf8967,JP,index,建設工事費デフレーター（2020年度基準） 四半期別,街路2（再掲）,建設総合 > 土木総合 > 公共事業 > 土木1（除く災害復旧） > 街路2（再掲）,index (2020年度平均 = 100),national,JP,日本,,,,122.3,,index_value,published_pdl,,,2026Q1,,mlit-deflator-tsuki-2607,deftsuki2020（四半期別）!AU50,https://www.mlit.go.jp/statistics/details/content/deftsuki_2607.xlsx,PDL1.0,,2020年度基準(2020年度平均=100)。2026年4月分の公表から2020年度基準に改定(原本注)。ウエイト項目に営業余剰や間接税(消費税を含む)等を含めない(原本注)。原本の期間表示「2026年 1-3月」(暦年の四半期)。2023年度以降は建設投資のウエイトに2020〜2022年度の平均値を暫定的に使用(原本注)。注意(W2 の照合): 2020年4-6月期以降の四半期別シートの「地方道路公社等」から「S事務所・その他」までの33列は、月別シートの同じ系列の3か月平均と合わず、左隣の系列の3か月平均と合う。四半期別の値が1列右にずれている疑い。値は原本のまま
afbdc4c30316720f,JP,index,建設工事費デフレーター（2020年度基準） 四半期別,公園,建設総合 > 土木総合 > 公共事業 > 土木1（除く災害復旧） > 公園,index (2020年度平均 = 100),national,JP,日本,,,,122.3,,index_value,published_pdl,,,2026Q1,,mlit-deflator-tsuki-2607,deftsuki2020（四半期別）!AV50,https://www.mlit.go.jp/statistics/details/content/deftsuki_2607.xlsx,PDL1.0,,2020年度基準(2020年度平均=100)。2026年4月分の公表から2020年度基準に改定(原本注)。ウエイト項目に営業余剰や間接税(消費税を含む)等を含めない(原本注)。原本の期間表示「2026年 1-3月」(暦年の四半期)。2023年度以降は建設投資のウエイトに2020〜2022年度の平均値を暫定的に使用(原本注)。注意(W2 の照合): 2020年4-6月期以降の四半期別シートの「地方道路公社等」から「S事務所・その他」までの33列は、月別シートの同じ系列の3か月平均と合わず、左隣の系列の3か月平均と合う。四半期別の値が1列右にずれている疑い。値は原本のまま
9c79f459110bb26a,JP,index,建設工事費デフレーター（2020年度基準） 四半期別,下水道,建設総合 > 土木総合 > 公共事業 > 土木1（除く災害復旧） > 下水道,index (2020年度平均 = 100),national,JP,日本,,,,120,,index_value,published_pdl,,,2026Q1,,mlit-deflator-tsuki-2607,deftsuki2020（四半期別）!AW50,https://www.mlit.go.jp/statistics/details/content/deftsuki_2607.xlsx,PDL1.0,,2020年度基準(2020年度平均=100)。2026年4月分の公表から2020年度基準に改定(原本注)。ウエイト項目に営業余剰や間接税(消費税を含む)等を含めない(原本注)。原本の期間表示「2026年 1-3月」(暦年の四半期)。2023年度以降は建設投資のウエイトに2020〜2022年度の平均値を暫定的に使用(原本注)。注意(W2 の照合): 2020年4-6月期以降の四半期別シートの「地方道路公社等」から「S事務所・その他」までの33列は、月別シートの同じ系列の3か月平均と合わず、左隣の系列の3か月平均と合う。四半期別の値が1列右にずれている疑い。値は原本のまま
08231a51ff05620d,JP,index,建設工事費デフレーター（2020年度基準） 四半期別,災害復旧,建設総合 > 土木総合 > 公共事業 > 土木1（除く災害復旧） > 災害復旧,index (2020年度平均 = 100),national,JP,日本,,,,122,,index_value,published_pdl,,,2026Q1,,mlit-deflator-tsuki-2607,deftsuki2020（四半期別）!AX50,https://www.mlit.go.jp/statistics/details/content/deftsuki_2607.xlsx,PDL1.0,,2020年度基準(2020年度平均=100)。2026年4月分の公表から2020年度基準に改定(原本注)。ウエイト項目に営業余剰や間接税(消費税を含む)等を含めない(原本注)。原本の期間表示「2026年 1-3月」(暦年の四半期)。2023年度以降は建設投資のウエイトに2020〜2022年度の平均値を暫定的に使用(原本注)。注意(W2 の照合): 2020年4-6月期以降の四半期別シートの「地方道路公社等」から「S事務所・その他」までの33列は、月別シートの同じ系列の3か月平均と合わず、左隣の系列の3か月平均と合う。四半期別の値が1列右にずれている疑い。値は原本のまま
8427ac94aeb2ab72,JP,index,建設工事費デフレーター（2020年度基準） 四半期別,土木2,建設総合 > 土木総合 > 公共事業 > 土木2,index (2020年度平均 = 100),national,JP,日本,,,,123.1,,index_value,published_pdl,,,2026Q1,,mlit-deflator-tsuki-2607,deftsuki2020（四半期別）!AY50,https://www.mlit.go.jp/statistics/details/content/deftsuki_2607.xlsx,PDL1.0,,2020年度基準(2020年度平均=100)。2026年4月分の公表から2020年度基準に改定(原本注)。ウエイト項目に営業余剰や間接税(消費税を含む)等を含めない(原本注)。原本の期間表示「2026年 1-3月」(暦年の四半期)。2023年度以降は建設投資のウエイトに2020〜2022年度の平均値を暫定的に使用(原本注)。注意(W2 の照合): 2020年4-6月期以降の四半期別シートの「地方道路公社等」から「S事務所・その他」までの33列は、月別シートの同じ系列の3か月平均と合わず、左隣の系列の3か月平均と合う。四半期別の値が1列右にずれている疑い。値は原本のまま
f898c8559a246de7,JP,index,建設工事費デフレーター（2020年度基準） 四半期別,港湾・漁港,建設総合 > 土木総合 > 公共事業 > 土木2 > 港湾・漁港,index (2020年度平均 = 100),national,JP,日本,,,,121.9,,index_value,published_pdl,,,2026Q1,,mlit-deflator-tsuki-2607,deftsuki2020（四半期別）!AZ50,https://www.mlit.go.jp/statistics/details/content/deftsuki_2607.xlsx,PDL1.0,,2020年度基準(2020年度平均=100)。2026年4月分の公表から2020年度基準に改定(原本注)。ウエイト項目に営業余剰や間接税(消費税を含む)等を含めない(原本注)。原本の期間表示「2026年 1-3月」(暦年の四半期)。2023年度以降は建設投資のウエイトに2020〜2022年度の平均値を暫定的に使用(原本注)。注意(W2 の照合): 2020年4-6月期以降の四半期別シートの「地方道路公社等」から「S事務所・その他」までの33列は、月別シートの同じ系列の3か月平均と合わず、左隣の系列の3か月平均と合う。四半期別の値が1列右にずれている疑い。値は原本のまま
f502695f15bd2263,JP,index,建設工事費デフレーター（2020年度基準） 四半期別,空港,建設総合 > 土木総合 > 公共事業 > 土木2 > 空港,index (2020年度平均 = 100),national,JP,日本,,,,121.9,,index_value,published_pdl,,,2026Q1,,mlit-deflator-tsuki-2607,deftsuki2020（四半期別）!BA50,https://www.mlit.go.jp/statistics/details/content/deftsuki_2607.xlsx,PDL1.0,,2020年度基準(2020年度平均=100)。2026年4月分の公表から2020年度基準に改定(原本注)。ウエイト項目に営業余剰や間接税(消費税を含む)等を含めない(原本注)。原本の期間表示「2026年 1-3月」(暦年の四半期)。2023年度以降は建設投資のウエイトに2020〜2022年度の平均値を暫定的に使用(原本注)。注意(W2 の照合): 2020年4-6月期以降の四半期別シートの「地方道路公社等」から「S事務所・その他」までの33列は、月別シートの同じ系列の3か月平均と合わず、左隣の系列の3か月平均と合う。四半期別の値が1列右にずれている疑い。値は原本のまま
75d492b03606d2eb,JP,index,建設工事費デフレーター（2020年度基準） 四半期別,環境衛生,建設総合 > 土木総合 > 公共事業 > 土木2 > 環境衛生,index (2020年度平均 = 100),national,JP,日本,,,,115.9,,index_value,published_pdl,,,2026Q1,,mlit-deflator-tsuki-2607,deftsuki2020（四半期別）!BB50,https://www.mlit.go.jp/statistics/details/content/deftsuki_2607.xlsx,PDL1.0,,2020年度基準(2020年度平均=100)。2026年4月分の公表から2020年度基準に改定(原本注)。ウエイト項目に営業余剰や間接税(消費税を含む)等を含めない(原本注)。原本の期間表示「2026年 1-3月」(暦年の四半期)。2023年度以降は建設投資のウエイトに2020〜2022年度の平均値を暫定的に使用(原本注)。注意(W2 の照合): 2020年4-6月期以降の四半期別シートの「地方道路公社等」から「S事務所・その他」までの33列は、月別シートの同じ系列の3か月平均と合わず、左隣の系列の3か月平均と合う。四半期別の値が1列右にずれている疑い。値は原本のまま
4e4401b1ee78d262,JP,index,建設工事費デフレーター（2020年度基準） 四半期別,農林関係公共事業,建設総合 > 土木総合 > 公共事業 > 土木2 > 農林関係公共事業,index (2020年度平均 = 100),national,JP,日本,,,,122,,index_value,published_pdl,,,2026Q1,,mlit-deflator-tsuki-2607,deftsuki2020（四半期別）!BC50,https://www.mlit.go.jp/statistics/details/content/deftsuki_2607.xlsx,PDL1.0,,2020年度基準(2020年度平均=100)。2026年4月分の公表から2020年度基準に改定(原本注)。ウエイト項目に営業余剰や間接税(消費税を含む)等を含めない(原本注)。原本の期間表示「2026年 1-3月」(暦年の四半期)。2023年度以降は建設投資のウエイトに2020〜2022年度の平均値を暫定的に使用(原本注)。注意(W2 の照合): 2020年4-6月期以降の四半期別シートの「地方道路公社等」から「S事務所・その他」までの33列は、月別シートの同じ系列の3か月平均と合わず、左隣の系列の3か月平均と合う。四半期別の値が1列右にずれている疑い。値は原本のまま
7aa83f30b7822673,JP,index,建設工事費デフレーター（2020年度基準） 四半期別,その他土木,建設総合 > 土木総合 > その他土木 (原本の列 BD。同じ表頭の列が2つある),index (2020年度平均 = 100),national,JP,日本,,,,122.7,,index_value,published_pdl,,,2026Q1,,mlit-deflator-tsuki-2607,deftsuki2020（四半期別）!BD50,https://www.mlit.go.jp/statistics/details/content/deftsuki_2607.xlsx,PDL1.0,,2020年度基準(2020年度平均=100)。2026年4月分の公表から2020年度基準に改定(原本注)。ウエイト項目に営業余剰や間接税(消費税を含む)等を含めない(原本注)。原本の期間表示「2026年 1-3月」(暦年の四半期)。2023年度以降は建設投資のウエイトに2020〜2022年度の平均値を暫定的に使用(原本注)。注意(W2 の照合): 2020年4-6月期以降の四半期別シートの「地方道路公社等」から「S事務所・その他」までの33列は、月別シートの同じ系列の3か月平均と合わず、左隣の系列の3か月平均と合う。四半期別の値が1列右にずれている疑い。値は原本のまま
92fc48215373426b,JP,index,建設工事費デフレーター（2020年度基準） 四半期別,鉄道軌道,建設総合 > 土木総合 > その他土木 > 鉄道軌道,index (2020年度平均 = 100),national,JP,日本,,,,122.9,,index_value,published_pdl,,,2026Q1,,mlit-deflator-tsuki-2607,deftsuki2020（四半期別）!BE50,https://www.mlit.go.jp/statistics/details/content/deftsuki_2607.xlsx,PDL1.0,,2020年度基準(2020年度平均=100)。2026年4月分の公表から2020年度基準に改定(原本注)。ウエイト項目に営業余剰や間接税(消費税を含む)等を含めない(原本注)。原本の期間表示「2026年 1-3月」(暦年の四半期)。2023年度以降は建設投資のウエイトに2020〜2022年度の平均値を暫定的に使用(原本注)。注意(W2 の照合): 2020年4-6月期以降の四半期別シートの「地方道路公社等」から「S事務所・その他」までの33列は、月別シートの同じ系列の3か月平均と合わず、左隣の系列の3か月平均と合う。四半期別の値が1列右にずれている疑い。値は原本のまま
c5e425bd2e5fc711,JP,index,建設工事費デフレーター（2020年度基準） 四半期別,電力,建設総合 > 土木総合 > その他土木 > 電力,index (2020年度平均 = 100),national,JP,日本,,,,126.3,,index_value,published_pdl,,,2026Q1,,mlit-deflator-tsuki-2607,deftsuki2020（四半期別）!BF50,https://www.mlit.go.jp/statistics/details/content/deftsuki_2607.xlsx,PDL1.0,,2020年度基準(2020年度平均=100)。2026年4月分の公表から2020年度基準に改定(原本注)。ウエイト項目に営業余剰や間接税(消費税を含む)等を含めない(原本注)。原本の期間表示「2026年 1-3月」(暦年の四半期)。2023年度以降は建設投資のウエイトに2020〜2022年度の平均値を暫定的に使用(原本注)。注意(W2 の照合): 2020年4-6月期以降の四半期別シートの「地方道路公社等」から「S事務所・その他」までの33列は、月別シートの同じ系列の3か月平均と合わず、左隣の系列の3か月平均と合う。四半期別の値が1列右にずれている疑い。値は原本のまま
c13a6d014c771731,JP,index,建設工事費デフレーター（2020年度基準） 四半期別,電気通信,建設総合 > 土木総合 > その他土木 > 電気通信,index (2020年度平均 = 100),national,JP,日本,,,,126,,index_value,published_pdl,,,2026Q1,,mlit-deflator-tsuki-2607,deftsuki2020（四半期別）!BG50,https://www.mlit.go.jp/statistics/details/content/deftsuki_2607.xlsx,PDL1.0,,2020年度基準(2020年度平均=100)。2026年4月分の公表から2020年度基準に改定(原本注)。ウエイト項目に営業余剰や間接税(消費税を含む)等を含めない(原本注)。原本の期間表示「2026年 1-3月」(暦年の四半期)。2023年度以降は建設投資のウエイトに2020〜2022年度の平均値を暫定的に使用(原本注)。注意(W2 の照合): 2020年4-6月期以降の四半期別シートの「地方道路公社等」から「S事務所・その他」までの33列は、月別シートの同じ系列の3か月平均と合わず、左隣の系列の3か月平均と合う。四半期別の値が1列右にずれている疑い。値は原本のまま
45d88943a938547f,JP,index,建設工事費デフレーター（2020年度基準） 四半期別,上・工業用水道,建設総合 > 土木総合 > その他土木 > 上・工業用水道,index (2020年度平均 = 100),national,JP,日本,,,,121.8,,index_value,published_pdl,,,2026Q1,,mlit-deflator-tsuki-2607,deftsuki2020（四半期別）!BH50,https://www.mlit.go.jp/statistics/details/content/deftsuki_2607.xlsx,PDL1.0,,2020年度基準(2020年度平均=100)。2026年4月分の公表から2020年度基準に改定(原本注)。ウエイト項目に営業余剰や間接税(消費税を含む)等を含めない(原本注)。原本の期間表示「2026年 1-3月」(暦年の四半期)。2023年度以降は建設投資のウエイトに2020〜2022年度の平均値を暫定的に使用(原本注)。注意(W2 の照合): 2020年4-6月期以降の四半期別シートの「地方道路公社等」から「S事務所・その他」までの33列は、月別シートの同じ系列の3か月平均と合わず、左隣の系列の3か月平均と合う。四半期別の値が1列右にずれている疑い。値は原本のまま
db39118fb3206982,JP,index,建設工事費デフレーター（2020年度基準） 四半期別,土地造成,建設総合 > 土木総合 > その他土木 > 土地造成,index (2020年度平均 = 100),national,JP,日本,,,,121.3,,index_value,published_pdl,,,2026Q1,,mlit-deflator-tsuki-2607,deftsuki2020（四半期別）!BI50,https://www.mlit.go.jp/statistics/details/content/deftsuki_2607.xlsx,PDL1.0,,2020年度基準(2020年度平均=100)。2026年4月分の公表から2020年度基準に改定(原本注)。ウエイト項目に営業余剰や間接税(消費税を含む)等を含めない(原本注)。原本の期間表示「2026年 1-3月」(暦年の四半期)。2023年度以降は建設投資のウエイトに2020〜2022年度の平均値を暫定的に使用(原本注)。注意(W2 の照合): 2020年4-6月期以降の四半期別シートの「地方道路公社等」から「S事務所・その他」までの33列は、月別シートの同じ系列の3か月平均と合わず、左隣の系列の3か月平均と合う。四半期別の値が1列右にずれている疑い。値は原本のまま
df0454a42940a525,JP,index,建設工事費デフレーター（2020年度基準） 四半期別,その他土木,建設総合 > 土木総合 > その他土木 (原本の列 BJ。同じ表頭の列が2つある),index (2020年度平均 = 100),national,JP,日本,,,,120.7,,index_value,published_pdl,,,2026Q1,,mlit-deflator-tsuki-2607,deftsuki2020（四半期別）!BJ50,https://www.mlit.go.jp/statistics/details/content/deftsuki_2607.xlsx,PDL1.0,,2020年度基準(2020年度平均=100)。2026年4月分の公表から2020年度基準に改定(原本注)。ウエイト項目に営業余剰や間接税(消費税を含む)等を含めない(原本注)。原本の期間表示「2026年 1-3月」(暦年の四半期)。2023年度以降は建設投資のウエイトに2020〜2022年度の平均値を暫定的に使用(原本注)。注意(W2 の照合): 2020年4-6月期以降の四半期別シートの「地方道路公社等」から「S事務所・その他」までの33列は、月別シートの同じ系列の3か月平均と合わず、左隣の系列の3か月平均と合う。四半期別の値が1列右にずれている疑い。値は原本のまま
ed84b7a751fb4492,JP,index,建設工事費デフレーター（2020年度基準） 四半期別,W在来住宅,W在来住宅,index (2020年度平均 = 100),national,JP,日本,,,,120.6,,index_value,published_pdl,,,2026Q1,,mlit-deflator-tsuki-2607,deftsuki2020（四半期別）!BK50,https://www.mlit.go.jp/statistics/details/content/deftsuki_2607.xlsx,PDL1.0,,2020年度基準(2020年度平均=100)。2026年4月分の公表から2020年度基準に改定(原本注)。ウエイト項目に営業余剰や間接税(消費税を含む)等を含めない(原本注)。原本の期間表示「2026年 1-3月」(暦年の四半期)。2023年度以降は建設投資のウエイトに2020〜2022年度の平均値を暫定的に使用(原本注)。注意(W2 の照合): 2020年4-6月期以降の四半期別シートの「地方道路公社等」から「S事務所・その他」までの33列は、月別シートの同じ系列の3か月平均と合わず、左隣の系列の3か月平均と合う。四半期別の値が1列右にずれている疑い。値は原本のまま
7b30c1d735dbd21f,JP,index,建設工事費デフレーター（2020年度基準） 四半期別,W量産住宅,W量産住宅,index (2020年度平均 = 100),national,JP,日本,,,,123.6,,index_value,published_pdl,,,2026Q1,,mlit-deflator-tsuki-2607,deftsuki2020（四半期別）!BL50,https://www.mlit.go.jp/statistics/details/content/deftsuki_2607.xlsx,PDL1.0,,2020年度基準(2020年度平均=100)。2026年4月分の公表から2020年度基準に改定(原本注)。ウエイト項目に営業余剰や間接税(消費税を含む)等を含めない(原本注)。原本の期間表示「2026年 1-3月」(暦年の四半期)。2023年度以降は建設投資のウエイトに2020〜2022年度の平均値を暫定的に使用(原本注)。注意(W2 の照合): 2020年4-6月期以降の四半期別シートの「地方道路公社等」から「S事務所・その他」までの33列は、月別シートの同じ系列の3か月平均と合わず、左隣の系列の3か月平均と合う。四半期別の値が1列右にずれている疑い。値は原本のまま
532586a761261395,JP,index,建設工事費デフレーター（2020年度基準） 四半期別,RC在来住宅,RC在来住宅,index (2020年度平均 = 100),national,JP,日本,,,,124.6,,index_value,published_pdl,,,2026Q1,,mlit-deflator-tsuki-2607,deftsuki2020（四半期別）!BM50,https://www.mlit.go.jp/statistics/details/content/deftsuki_2607.xlsx,PDL1.0,,2020年度基準(2020年度平均=100)。2026年4月分の公表から2020年度基準に改定(原本注)。ウエイト項目に営業余剰や間接税(消費税を含む)等を含めない(原本注)。原本の期間表示「2026年 1-3月」(暦年の四半期)。2023年度以降は建設投資のウエイトに2020〜2022年度の平均値を暫定的に使用(原本注)。注意(W2 の照合): 2020年4-6月期以降の四半期別シートの「地方道路公社等」から「S事務所・その他」までの33列は、月別シートの同じ系列の3か月平均と合わず、左隣の系列の3か月平均と合う。四半期別の値が1列右にずれている疑い。値は原本のまま
dfe1124d4026e5d5,JP,index,建設工事費デフレーター（2020年度基準） 四半期別,RC量産住宅,RC量産住宅,index (2020年度平均 = 100),national,JP,日本,,,,123.5,,index_value,published_pdl,,,2026Q1,,mlit-deflator-tsuki-2607,deftsuki2020（四半期別）!BN50,https://www.mlit.go.jp/statistics/details/content/deftsuki_2607.xlsx,PDL1.0,,2020年度基準(2020年度平均=100)。2026年4月分の公表から2020年度基準に改定(原本注)。ウエイト項目に営業余剰や間接税(消費税を含む)等を含めない(原本注)。原本の期間表示「2026年 1-3月」(暦年の四半期)。2023年度以降は建設投資のウエイトに2020〜2022年度の平均値を暫定的に使用(原本注)。注意(W2 の照合): 2020年4-6月期以降の四半期別シートの「地方道路公社等」から「S事務所・その他」までの33列は、月別シートの同じ系列の3か月平均と合わず、左隣の系列の3か月平均と合う。四半期別の値が1列右にずれている疑い。値は原本のまま
cf9ff57627b1756c,JP,index,建設工事費デフレーター（2020年度基準） 四半期別,S在来住宅,S在来住宅,index (2020年度平均 = 100),national,JP,日本,,,,123.6,,index_value,published_pdl,,,2026Q1,,mlit-deflator-tsuki-2607,deftsuki2020（四半期別）!BO50,https://www.mlit.go.jp/statistics/details/content/deftsuki_2607.xlsx,PDL1.0,,2020年度基準(2020年度平均=100)。2026年4月分の公表から2020年度基準に改定(原本注)。ウエイト項目に営業余剰や間接税(消費税を含む)等を含めない(原本注)。原本の期間表示「2026年 1-3月」(暦年の四半期)。2023年度以降は建設投資のウエイトに2020〜2022年度の平均値を暫定的に使用(原本注)。注意(W2 の照合): 2020年4-6月期以降の四半期別シートの「地方道路公社等」から「S事務所・その他」までの33列は、月別シートの同じ系列の3か月平均と合わず、左隣の系列の3か月平均と合う。四半期別の値が1列右にずれている疑い。値は原本のまま
1359fe5984e7f8e1,JP,index,建設工事費デフレーター（2020年度基準） 四半期別,S量産住宅,S量産住宅,index (2020年度平均 = 100),national,JP,日本,,,,124.4,,index_value,published_pdl,,,2026Q1,,mlit-deflator-tsuki-2607,deftsuki2020（四半期別）!BP50,https://www.mlit.go.jp/statistics/details/content/deftsuki_2607.xlsx,PDL1.0,,2020年度基準(2020年度平均=100)。2026年4月分の公表から2020年度基準に改定(原本注)。ウエイト項目に営業余剰や間接税(消費税を含む)等を含めない(原本注)。原本の期間表示「2026年 1-3月」(暦年の四半期)。2023年度以降は建設投資のウエイトに2020〜2022年度の平均値を暫定的に使用(原本注)。注意(W2 の照合): 2020年4-6月期以降の四半期別シートの「地方道路公社等」から「S事務所・その他」までの33列は、月別シートの同じ系列の3か月平均と合わず、左隣の系列の3か月平均と合う。四半期別の値が1列右にずれている疑い。値は原本のまま
19590b95f43bce29,JP,index,建設工事費デフレーター（2020年度基準） 四半期別,W工場・倉庫,W工場・倉庫,index (2020年度平均 = 100),national,JP,日本,,,,125.7,,index_value,published_pdl,,,2026Q1,,mlit-deflator-tsuki-2607,deftsuki2020（四半期別）!BQ50,https://www.mlit.go.jp/statistics/details/content/deftsuki_2607.xlsx,PDL1.0,,2020年度基準(2020年度平均=100)。2026年4月分の公表から2020年度基準に改定(原本注)。ウエイト項目に営業余剰や間接税(消費税を含む)等を含めない(原本注)。原本の期間表示「2026年 1-3月」(暦年の四半期)。2023年度以降は建設投資のウエイトに2020〜2022年度の平均値を暫定的に使用(原本注)。注意(W2 の照合): 2020年4-6月期以降の四半期別シートの「地方道路公社等」から「S事務所・その他」までの33列は、月別シートの同じ系列の3か月平均と合わず、左隣の系列の3か月平均と合う。四半期別の値が1列右にずれている疑い。値は原本のまま
c10fb181e9517a3b,JP,index,建設工事費デフレーター（2020年度基準） 四半期別,W事務所・その他,W事務所・その他,index (2020年度平均 = 100),national,JP,日本,,,,123.2,,index_value,published_pdl,,,2026Q1,,mlit-deflator-tsuki-2607,deftsuki2020（四半期別）!BR50,https://www.mlit.go.jp/statistics/details/content/deftsuki_2607.xlsx,PDL1.0,,2020年度基準(2020年度平均=100)。2026年4月分の公表から2020年度基準に改定(原本注)。ウエイト項目に営業余剰や間接税(消費税を含む)等を含めない(原本注)。原本の期間表示「2026年 1-3月」(暦年の四半期)。2023年度以降は建設投資のウエイトに2020〜2022年度の平均値を暫定的に使用(原本注)。注意(W2 の照合): 2020年4-6月期以降の四半期別シートの「地方道路公社等」から「S事務所・その他」までの33列は、月別シートの同じ系列の3か月平均と合わず、左隣の系列の3か月平均と合う。四半期別の値が1列右にずれている疑い。値は原本のまま
79e4fbcf7891ca55,JP,index,建設工事費デフレーター（2020年度基準） 四半期別,SRC工場・倉庫,SRC工場・倉庫,index (2020年度平均 = 100),national,JP,日本,,,,122.7,,index_value,published_pdl,,,2026Q1,,mlit-deflator-tsuki-2607,deftsuki2020（四半期別）!BS50,https://www.mlit.go.jp/statistics/details/content/deftsuki_2607.xlsx,PDL1.0,,2020年度基準(2020年度平均=100)。2026年4月分の公表から2020年度基準に改定(原本注)。ウエイト項目に営業余剰や間接税(消費税を含む)等を含めない(原本注)。原本の期間表示「2026年 1-3月」(暦年の四半期)。2023年度以降は建設投資のウエイトに2020〜2022年度の平均値を暫定的に使用(原本注)。注意(W2 の照合): 2020年4-6月期以降の四半期別シートの「地方道路公社等」から「S事務所・その他」までの33列は、月別シートの同じ系列の3か月平均と合わず、左隣の系列の3か月平均と合う。四半期別の値が1列右にずれている疑い。値は原本のまま
216857a301f28480,JP,index,建設工事費デフレーター（2020年度基準） 四半期別,SRC事務所・その他,SRC事務所・その他,index (2020年度平均 = 100),national,JP,日本,,,,122.9,,index_value,published_pdl,,,2026Q1,,mlit-deflator-tsuki-2607,deftsuki2020（四半期別）!BT50,https://www.mlit.go.jp/statistics/details/content/deftsuki_2607.xlsx,PDL1.0,,2020年度基準(2020年度平均=100)。2026年4月分の公表から2020年度基準に改定(原本注)。ウエイト項目に営業余剰や間接税(消費税を含む)等を含めない(原本注)。原本の期間表示「2026年 1-3月」(暦年の四半期)。2023年度以降は建設投資のウエイトに2020〜2022年度の平均値を暫定的に使用(原本注)。注意(W2 の照合): 2020年4-6月期以降の四半期別シートの「地方道路公社等」から「S事務所・その他」までの33列は、月別シートの同じ系列の3か月平均と合わず、左隣の系列の3か月平均と合う。四半期別の値が1列右にずれている疑い。値は原本のまま
074962c050970e13,JP,index,建設工事費デフレーター（2020年度基準） 四半期別,RC工場・倉庫,RC工場・倉庫,index (2020年度平均 = 100),national,JP,日本,,,,122.2,,index_value,published_pdl,,,2026Q1,,mlit-deflator-tsuki-2607,deftsuki2020（四半期別）!BU50,https://www.mlit.go.jp/statistics/details/content/deftsuki_2607.xlsx,PDL1.0,,2020年度基準(2020年度平均=100)。2026年4月分の公表から2020年度基準に改定(原本注)。ウエイト項目に営業余剰や間接税(消費税を含む)等を含めない(原本注)。原本の期間表示「2026年 1-3月」(暦年の四半期)。2023年度以降は建設投資のウエイトに2020〜2022年度の平均値を暫定的に使用(原本注)。注意(W2 の照合): 2020年4-6月期以降の四半期別シートの「地方道路公社等」から「S事務所・その他」までの33列は、月別シートの同じ系列の3か月平均と合わず、左隣の系列の3か月平均と合う。四半期別の値が1列右にずれている疑い。値は原本のまま
b3d86a7cb52a318d,JP,index,建設工事費デフレーター（2020年度基準） 四半期別,RC学校,RC学校,index (2020年度平均 = 100),national,JP,日本,,,,122.7,,index_value,published_pdl,,,2026Q1,,mlit-deflator-tsuki-2607,deftsuki2020（四半期別）!BV50,https://www.mlit.go.jp/statistics/details/content/deftsuki_2607.xlsx,PDL1.0,,2020年度基準(2020年度平均=100)。2026年4月分の公表から2020年度基準に改定(原本注)。ウエイト項目に営業余剰や間接税(消費税を含む)等を含めない(原本注)。原本の期間表示「2026年 1-3月」(暦年の四半期)。2023年度以降は建設投資のウエイトに2020〜2022年度の平均値を暫定的に使用(原本注)。注意(W2 の照合): 2020年4-6月期以降の四半期別シートの「地方道路公社等」から「S事務所・その他」までの33列は、月別シートの同じ系列の3か月平均と合わず、左隣の系列の3か月平均と合う。四半期別の値が1列右にずれている疑い。値は原本のまま
1de7cc76de00e734,JP,index,建設工事費デフレーター（2020年度基準） 四半期別,RC事務所・その他,RC事務所・その他,index (2020年度平均 = 100),national,JP,日本,,,,122.4,,index_value,published_pdl,,,2026Q1,,mlit-deflator-tsuki-2607,deftsuki2020（四半期別）!BW50,https://www.mlit.go.jp/statistics/details/content/deftsuki_2607.xlsx,PDL1.0,,2020年度基準(2020年度平均=100)。2026年4月分の公表から2020年度基準に改定(原本注)。ウエイト項目に営業余剰や間接税(消費税を含む)等を含めない(原本注)。原本の期間表示「2026年 1-3月」(暦年の四半期)。2023年度以降は建設投資のウエイトに2020〜2022年度の平均値を暫定的に使用(原本注)。注意(W2 の照合): 2020年4-6月期以降の四半期別シートの「地方道路公社等」から「S事務所・その他」までの33列は、月別シートの同じ系列の3か月平均と合わず、左隣の系列の3か月平均と合う。四半期別の値が1列右にずれている疑い。値は原本のまま
1d825753ac570bbb,JP,index,建設工事費デフレーター（2020年度基準） 四半期別,S工場・倉庫,S工場・倉庫,index (2020年度平均 = 100),national,JP,日本,,,,122.7,,index_value,published_pdl,,,2026Q1,,mlit-deflator-tsuki-2607,deftsuki2020（四半期別）!BX50,https://www.mlit.go.jp/statistics/details/content/deftsuki_2607.xlsx,PDL1.0,,2020年度基準(2020年度平均=100)。2026年4月分の公表から2020年度基準に改定(原本注)。ウエイト項目に営業余剰や間接税(消費税を含む)等を含めない(原本注)。原本の期間表示「2026年 1-3月」(暦年の四半期)。2023年度以降は建設投資のウエイトに2020〜2022年度の平均値を暫定的に使用(原本注)。注意(W2 の照合): 2020年4-6月期以降の四半期別シートの「地方道路公社等」から「S事務所・その他」までの33列は、月別シートの同じ系列の3か月平均と合わず、左隣の系列の3か月平均と合う。四半期別の値が1列右にずれている疑い。値は原本のまま
4ba915d53172e113,JP,index,建設工事費デフレーター（2020年度基準） 四半期別,S事務所・その他,S事務所・その他,index (2020年度平均 = 100),national,JP,日本,,,,122.7,,index_value,published_pdl,,,2026Q1,,mlit-deflator-tsuki-2607,deftsuki2020（四半期別）!BY50,https://www.mlit.go.jp/statistics/details/content/deftsuki_2607.xlsx,PDL1.0,,2020年度基準(2020年度平均=100)。2026年4月分の公表から2020年度基準に改定(原本注)。ウエイト項目に営業余剰や間接税(消費税を含む)等を含めない(原本注)。原本の期間表示「2026年 1-3月」(暦年の四半期)。2023年度以降は建設投資のウエイトに2020〜2022年度の平均値を暫定的に使用(原本注)。注意(W2 の照合): 2020年4-6月期以降の四半期別シートの「地方道路公社等」から「S事務所・その他」までの33列は、月別シートの同じ系列の3か月平均と合わず、左隣の系列の3か月平均と合う。四半期別の値が1列右にずれている疑い。値は原本のまま
bc90e67cca602047,JP,index,建設工事費デフレーター（2020年度基準） 四半期別,地方道路公社等,建設総合 > 土木総合 > 公共事業 > 土木1（除く災害復旧） > 道路総合 > 有料道路 > 地方道路公社等,index (2020年度平均 = 100),national,JP,日本,,,,122.2,,index_value,published_pdl,,,2026Q2,,mlit-deflator-tsuki-2607,deftsuki2020（四半期別）!AS51,https://www.mlit.go.jp/statistics/details/content/deftsuki_2607.xlsx,PDL1.0,,2020年度基準(2020年度平均=100)。2026年4月分の公表から2020年度基準に改定(原本注)。ウエイト項目に営業余剰や間接税(消費税を含む)等を含めない(原本注)。原本の期間表示「2026年 4-6月」(暦年の四半期)。2023年度以降は建設投資のウエイトに2020〜2022年度の平均値を暫定的に使用(原本注)。注意(W2 の照合): 2020年4-6月期以降の四半期別シートの「地方道路公社等」から「S事務所・その他」までの33列は、月別シートの同じ系列の3か月平均と合わず、左隣の系列の3か月平均と合う。四半期別の値が1列右にずれている疑い。値は原本のまま
98698f1c5a619641,JP,index,建設工事費デフレーター（2020年度基準） 四半期別,道路2（再掲）,建設総合 > 土木総合 > 公共事業 > 土木1（除く災害復旧） > 道路2（再掲）,index (2020年度平均 = 100),national,JP,日本,,,,126,,index_value,published_pdl,,,2026Q2,,mlit-deflator-tsuki-2607,deftsuki2020（四半期別）!AT51,https://www.mlit.go.jp/statistics/details/content/deftsuki_2607.xlsx,PDL1.0,,2020年度基準(2020年度平均=100)。2026年4月分の公表から2020年度基準に改定(原本注)。ウエイト項目に営業余剰や間接税(消費税を含む)等を含めない(原本注)。原本の期間表示「2026年 4-6月」(暦年の四半期)。2023年度以降は建設投資のウエイトに2020〜2022年度の平均値を暫定的に使用(原本注)。注意(W2 の照合): 2020年4-6月期以降の四半期別シートの「地方道路公社等」から「S事務所・その他」までの33列は、月別シートの同じ系列の3か月平均と合わず、左隣の系列の3か月平均と合う。四半期別の値が1列右にずれている疑い。値は原本のまま
2d0bb6b2fc62cf8e,JP,index,建設工事費デフレーター（2020年度基準） 四半期別,街路2（再掲）,建設総合 > 土木総合 > 公共事業 > 土木1（除く災害復旧） > 街路2（再掲）,index (2020年度平均 = 100),national,JP,日本,,,,126,,index_value,published_pdl,,,2026Q2,,mlit-deflator-tsuki-2607,deftsuki2020（四半期別）!AU51,https://www.mlit.go.jp/statistics/details/content/deftsuki_2607.xlsx,PDL1.0,,2020年度基準(2020年度平均=100)。2026年4月分の公表から2020年度基準に改定(原本注)。ウエイト項目に営業余剰や間接税(消費税を含む)等を含めない(原本注)。原本の期間表示「2026年 4-6月」(暦年の四半期)。2023年度以降は建設投資のウエイトに2020〜2022年度の平均値を暫定的に使用(原本注)。注意(W2 の照合): 2020年4-6月期以降の四半期別シートの「地方道路公社等」から「S事務所・その他」までの33列は、月別シートの同じ系列の3か月平均と合わず、左隣の系列の3か月平均と合う。四半期別の値が1列右にずれている疑い。値は原本のまま
e722dd5e75a75395,JP,index,建設工事費デフレーター（2020年度基準） 四半期別,公園,建設総合 > 土木総合 > 公共事業 > 土木1（除く災害復旧） > 公園,index (2020年度平均 = 100),national,JP,日本,,,,125.2,,index_value,published_pdl,,,2026Q2,,mlit-deflator-tsuki-2607,deftsuki2020（四半期別）!AV51,https://www.mlit.go.jp/statistics/details/content/deftsuki_2607.xlsx,PDL1.0,,2020年度基準(2020年度平均=100)。2026年4月分の公表から2020年度基準に改定(原本注)。ウエイト項目に営業余剰や間接税(消費税を含む)等を含めない(原本注)。原本の期間表示「2026年 4-6月」(暦年の四半期)。2023年度以降は建設投資のウエイトに2020〜2022年度の平均値を暫定的に使用(原本注)。注意(W2 の照合): 2020年4-6月期以降の四半期別シートの「地方道路公社等」から「S事務所・その他」までの33列は、月別シートの同じ系列の3か月平均と合わず、左隣の系列の3か月平均と合う。四半期別の値が1列右にずれている疑い。値は原本のまま
b3ac05ee97069a82,JP,index,建設工事費デフレーター（2020年度基準） 四半期別,下水道,建設総合 > 土木総合 > 公共事業 > 土木1（除く災害復旧） > 下水道,index (2020年度平均 = 100),national,JP,日本,,,,123.6,,index_value,published_pdl,,,2026Q2,,mlit-deflator-tsuki-2607,deftsuki2020（四半期別）!AW51,https://www.mlit.go.jp/statistics/details/content/deftsuki_2607.xlsx,PDL1.0,,2020年度基準(2020年度平均=100)。2026年4月分の公表から2020年度基準に改定(原本注)。ウエイト項目に営業余剰や間接税(消費税を含む)等を含めない(原本注)。原本の期間表示「2026年 4-6月」(暦年の四半期)。2023年度以降は建設投資のウエイトに2020〜2022年度の平均値を暫定的に使用(原本注)。注意(W2 の照合): 2020年4-6月期以降の四半期別シートの「地方道路公社等」から「S事務所・その他」までの33列は、月別シートの同じ系列の3か月平均と合わず、左隣の系列の3か月平均と合う。四半期別の値が1列右にずれている疑い。値は原本のまま
1ab516ff25f78adb,JP,index,建設工事費デフレーター（2020年度基準） 四半期別,災害復旧,建設総合 > 土木総合 > 公共事業 > 土木1（除く災害復旧） > 災害復旧,index (2020年度平均 = 100),national,JP,日本,,,,125.3,,index_value,published_pdl,,,2026Q2,,mlit-deflator-tsuki-2607,deftsuki2020（四半期別）!AX51,https://www.mlit.go.jp/statistics/details/content/deftsuki_2607.xlsx,PDL1.0,,2020年度基準(2020年度平均=100)。2026年4月分の公表から2020年度基準に改定(原本注)。ウエイト項目に営業余剰や間接税(消費税を含む)等を含めない(原本注)。原本の期間表示「2026年 4-6月」(暦年の四半期)。2023年度以降は建設投資のウエイトに2020〜2022年度の平均値を暫定的に使用(原本注)。注意(W2 の照合): 2020年4-6月期以降の四半期別シートの「地方道路公社等」から「S事務所・その他」までの33列は、月別シートの同じ系列の3か月平均と合わず、左隣の系列の3か月平均と合う。四半期別の値が1列右にずれている疑い。値は原本のまま
319430a2bff3dd78,JP,index,建設工事費デフレーター（2020年度基準） 四半期別,土木2,建設総合 > 土木総合 > 公共事業 > 土木2,index (2020年度平均 = 100),national,JP,日本,,,,125.7,,index_value,published_pdl,,,2026Q2,,mlit-deflator-tsuki-2607,deftsuki2020（四半期別）!AY51,https://www.mlit.go.jp/statistics/details/content/deftsuki_2607.xlsx,PDL1.0,,2020年度基準(2020年度平均=100)。2026年4月分の公表から2020年度基準に改定(原本注)。ウエイト項目に営業余剰や間接税(消費税を含む)等を含めない(原本注)。原本の期間表示「2026年 4-6月」(暦年の四半期)。2023年度以降は建設投資のウエイトに2020〜2022年度の平均値を暫定的に使用(原本注)。注意(W2 の照合): 2020年4-6月期以降の四半期別シートの「地方道路公社等」から「S事務所・その他」までの33列は、月別シートの同じ系列の3か月平均と合わず、左隣の系列の3か月平均と合う。四半期別の値が1列右にずれている疑い。値は原本のまま
12f926659e4401d9,JP,index,建設工事費デフレーター（2020年度基準） 四半期別,港湾・漁港,建設総合 > 土木総合 > 公共事業 > 土木2 > 港湾・漁港,index (2020年度平均 = 100),national,JP,日本,,,,124.7,,index_value,published_pdl,,,2026Q2,,mlit-deflator-tsuki-2607,deftsuki2020（四半期別）!AZ51,https://www.mlit.go.jp/statistics/details/content/deftsuki_2607.xlsx,PDL1.0,,2020年度基準(2020年度平均=100)。2026年4月分の公表から2020年度基準に改定(原本注)。ウエイト項目に営業余剰や間接税(消費税を含む)等を含めない(原本注)。原本の期間表示「2026年 4-6月」(暦年の四半期)。2023年度以降は建設投資のウエイトに2020〜2022年度の平均値を暫定的に使用(原本注)。注意(W2 の照合): 2020年4-6月期以降の四半期別シートの「地方道路公社等」から「S事務所・その他」までの33列は、月別シートの同じ系列の3か月平均と合わず、左隣の系列の3か月平均と合う。四半期別の値が1列右にずれている疑い。値は原本のまま
c4c15de84f9e8bb1,JP,index,建設工事費デフレーター（2020年度基準） 四半期別,空港,建設総合 > 土木総合 > 公共事業 > 土木2 > 空港,index (2020年度平均 = 100),national,JP,日本,,,,124.6,,index_value,published_pdl,,,2026Q2,,mlit-deflator-tsuki-2607,deftsuki2020（四半期別）!BA51,https://www.mlit.go.jp/statistics/details/content/deftsuki_2607.xlsx,PDL1.0,,2020年度基準(2020年度平均=100)。2026年4月分の公表から2020年度基準に改定(原本注)。ウエイト項目に営業余剰や間接税(消費税を含む)等を含めない(原本注)。原本の期間表示「2026年 4-6月」(暦年の四半期)。2023年度以降は建設投資のウエイトに2020〜2022年度の平均値を暫定的に使用(原本注)。注意(W2 の照合): 2020年4-6月期以降の四半期別シートの「地方道路公社等」から「S事務所・その他」までの33列は、月別シートの同じ系列の3か月平均と合わず、左隣の系列の3か月平均と合う。四半期別の値が1列右にずれている疑い。値は原本のまま
596f34de1443d459,JP,index,建設工事費デフレーター（2020年度基準） 四半期別,環境衛生,建設総合 > 土木総合 > 公共事業 > 土木2 > 環境衛生,index (2020年度平均 = 100),national,JP,日本,,,,118.8,,index_value,published_pdl,,,2026Q2,,mlit-deflator-tsuki-2607,deftsuki2020（四半期別）!BB51,https://www.mlit.go.jp/statistics/details/content/deftsuki_2607.xlsx,PDL1.0,,2020年度基準(2020年度平均=100)。2026年4月分の公表から2020年度基準に改定(原本注)。ウエイト項目に営業余剰や間接税(消費税を含む)等を含めない(原本注)。原本の期間表示「2026年 4-6月」(暦年の四半期)。2023年度以降は建設投資のウエイトに2020〜2022年度の平均値を暫定的に使用(原本注)。注意(W2 の照合): 2020年4-6月期以降の四半期別シートの「地方道路公社等」から「S事務所・その他」までの33列は、月別シートの同じ系列の3か月平均と合わず、左隣の系列の3か月平均と合う。四半期別の値が1列右にずれている疑い。値は原本のまま
fce68b4f07153fae,JP,index,建設工事費デフレーター（2020年度基準） 四半期別,農林関係公共事業,建設総合 > 土木総合 > 公共事業 > 土木2 > 農林関係公共事業,index (2020年度平均 = 100),national,JP,日本,,,,124.8,,index_value,published_pdl,,,2026Q2,,mlit-deflator-tsuki-2607,deftsuki2020（四半期別）!BC51,https://www.mlit.go.jp/statistics/details/content/deftsuki_2607.xlsx,PDL1.0,,2020年度基準(2020年度平均=100)。2026年4月分の公表から2020年度基準に改定(原本注)。ウエイト項目に営業余剰や間接税(消費税を含む)等を含めない(原本注)。原本の期間表示「2026年 4-6月」(暦年の四半期)。2023年度以降は建設投資のウエイトに2020〜2022年度の平均値を暫定的に使用(原本注)。注意(W2 の照合): 2020年4-6月期以降の四半期別シートの「地方道路公社等」から「S事務所・その他」までの33列は、月別シートの同じ系列の3か月平均と合わず、左隣の系列の3か月平均と合う。四半期別の値が1列右にずれている疑い。値は原本のまま
efc2074a31856cbf,JP,index,建設工事費デフレーター（2020年度基準） 四半期別,その他土木,建設総合 > 土木総合 > その他土木 (原本の列 BD。同じ表頭の列が2つある),index (2020年度平均 = 100),national,JP,日本,,,,125.7,,index_value,published_pdl,,,2026Q2,,mlit-deflator-tsuki-2607,deftsuki2020（四半期別）!BD51,https://www.mlit.go.jp/statistics/details/content/deftsuki_2607.xlsx,PDL1.0,,2020年度基準(2020年度平均=100)。2026年4月分の公表から2020年度基準に改定(原本注)。ウエイト項目に営業余剰や間接税(消費税を含む)等を含めない(原本注)。原本の期間表示「2026年 4-6月」(暦年の四半期)。2023年度以降は建設投資のウエイトに2020〜2022年度の平均値を暫定的に使用(原本注)。注意(W2 の照合): 2020年4-6月期以降の四半期別シートの「地方道路公社等」から「S事務所・その他」までの33列は、月別シートの同じ系列の3か月平均と合わず、左隣の系列の3か月平均と合う。四半期別の値が1列右にずれている疑い。値は原本のまま
7d5b6d69208090bb,JP,index,建設工事費デフレーター（2020年度基準） 四半期別,鉄道軌道,建設総合 > 土木総合 > その他土木 > 鉄道軌道,index (2020年度平均 = 100),national,JP,日本,,,,125.5,,index_value,published_pdl,,,2026Q2,,mlit-deflator-tsuki-2607,deftsuki2020（四半期別）!BE51,https://www.mlit.go.jp/statistics/details/content/deftsuki_2607.xlsx,PDL1.0,,2020年度基準(2020年度平均=100)。2026年4月分の公表から2020年度基準に改定(原本注)。ウエイト項目に営業余剰や間接税(消費税を含む)等を含めない(原本注)。原本の期間表示「2026年 4-6月」(暦年の四半期)。2023年度以降は建設投資のウエイトに2020〜2022年度の平均値を暫定的に使用(原本注)。注意(W2 の照合): 2020年4-6月期以降の四半期別シートの「地方道路公社等」から「S事務所・その他」までの33列は、月別シートの同じ系列の3か月平均と合わず、左隣の系列の3か月平均と合う。四半期別の値が1列右にずれている疑い。値は原本のまま
5b412ccf74e46d42,JP,index,建設工事費デフレーター（2020年度基準） 四半期別,電力,建設総合 > 土木総合 > その他土木 > 電力,index (2020年度平均 = 100),national,JP,日本,,,,129.1,,index_value,published_pdl,,,2026Q2,,mlit-deflator-tsuki-2607,deftsuki2020（四半期別）!BF51,https://www.mlit.go.jp/statistics/details/content/deftsuki_2607.xlsx,PDL1.0,,2020年度基準(2020年度平均=100)。2026年4月分の公表から2020年度基準に改定(原本注)。ウエイト項目に営業余剰や間接税(消費税を含む)等を含めない(原本注)。原本の期間表示「2026年 4-6月」(暦年の四半期)。2023年度以降は建設投資のウエイトに2020〜2022年度の平均値を暫定的に使用(原本注)。注意(W2 の照合): 2020年4-6月期以降の四半期別シートの「地方道路公社等」から「S事務所・その他」までの33列は、月別シートの同じ系列の3か月平均と合わず、左隣の系列の3か月平均と合う。四半期別の値が1列右にずれている疑い。値は原本のまま
1f2332c2799e64ee,JP,index,建設工事費デフレーター（2020年度基準） 四半期別,電気通信,建設総合 > 土木総合 > その他土木 > 電気通信,index (2020年度平均 = 100),national,JP,日本,,,,128.5,,index_value,published_pdl,,,2026Q2,,mlit-deflator-tsuki-2607,deftsuki2020（四半期別）!BG51,https://www.mlit.go.jp/statistics/details/content/deftsuki_2607.xlsx,PDL1.0,,2020年度基準(2020年度平均=100)。2026年4月分の公表から2020年度基準に改定(原本注)。ウエイト項目に営業余剰や間接税(消費税を含む)等を含めない(原本注)。原本の期間表示「2026年 4-6月」(暦年の四半期)。2023年度以降は建設投資のウエイトに2020〜2022年度の平均値を暫定的に使用(原本注)。注意(W2 の照合): 2020年4-6月期以降の四半期別シートの「地方道路公社等」から「S事務所・その他」までの33列は、月別シートの同じ系列の3か月平均と合わず、左隣の系列の3か月平均と合う。四半期別の値が1列右にずれている疑い。値は原本のまま
42ee86e63b79119c,JP,index,建設工事費デフレーター（2020年度基準） 四半期別,上・工業用水道,建設総合 > 土木総合 > その他土木 > 上・工業用水道,index (2020年度平均 = 100),national,JP,日本,,,,124.1,,index_value,published_pdl,,,2026Q2,,mlit-deflator-tsuki-2607,deftsuki2020（四半期別）!BH51,https://www.mlit.go.jp/statistics/details/content/deftsuki_2607.xlsx,PDL1.0,,2020年度基準(2020年度平均=100)。2026年4月分の公表から2020年度基準に改定(原本注)。ウエイト項目に営業余剰や間接税(消費税を含む)等を含めない(原本注)。原本の期間表示「2026年 4-6月」(暦年の四半期)。2023年度以降は建設投資のウエイトに2020〜2022年度の平均値を暫定的に使用(原本注)。注意(W2 の照合): 2020年4-6月期以降の四半期別シートの「地方道路公社等」から「S事務所・その他」までの33列は、月別シートの同じ系列の3か月平均と合わず、左隣の系列の3か月平均と合う。四半期別の値が1列右にずれている疑い。値は原本のまま
b102a11a4905141a,JP,index,建設工事費デフレーター（2020年度基準） 四半期別,土地造成,建設総合 > 土木総合 > その他土木 > 土地造成,index (2020年度平均 = 100),national,JP,日本,,,,123.5,,index_value,published_pdl,,,2026Q2,,mlit-deflator-tsuki-2607,deftsuki2020（四半期別）!BI51,https://www.mlit.go.jp/statistics/details/content/deftsuki_2607.xlsx,PDL1.0,,2020年度基準(2020年度平均=100)。2026年4月分の公表から2020年度基準に改定(原本注)。ウエイト項目に営業余剰や間接税(消費税を含む)等を含めない(原本注)。原本の期間表示「2026年 4-6月」(暦年の四半期)。2023年度以降は建設投資のウエイトに2020〜2022年度の平均値を暫定的に使用(原本注)。注意(W2 の照合): 2020年4-6月期以降の四半期別シートの「地方道路公社等」から「S事務所・その他」までの33列は、月別シートの同じ系列の3か月平均と合わず、左隣の系列の3か月平均と合う。四半期別の値が1列右にずれている疑い。値は原本のまま
70a9786fe9d2ea00,JP,index,建設工事費デフレーター（2020年度基準） 四半期別,その他土木,建設総合 > 土木総合 > その他土木 (原本の列 BJ。同じ表頭の列が2つある),index (2020年度平均 = 100),national,JP,日本,,,,123.8,,index_value,published_pdl,,,2026Q2,,mlit-deflator-tsuki-2607,deftsuki2020（四半期別）!BJ51,https://www.mlit.go.jp/statistics/details/content/deftsuki_2607.xlsx,PDL1.0,,2020年度基準(2020年度平均=100)。2026年4月分の公表から2020年度基準に改定(原本注)。ウエイト項目に営業余剰や間接税(消費税を含む)等を含めない(原本注)。原本の期間表示「2026年 4-6月」(暦年の四半期)。2023年度以降は建設投資のウエイトに2020〜2022年度の平均値を暫定的に使用(原本注)。注意(W2 の照合): 2020年4-6月期以降の四半期別シートの「地方道路公社等」から「S事務所・その他」までの33列は、月別シートの同じ系列の3か月平均と合わず、左隣の系列の3か月平均と合う。四半期別の値が1列右にずれている疑い。値は原本のまま
a4a20bbfd3fa7fb3,JP,index,建設工事費デフレーター（2020年度基準） 四半期別,W在来住宅,W在来住宅,index (2020年度平均 = 100),national,JP,日本,,,,123.3,,index_value,published_pdl,,,2026Q2,,mlit-deflator-tsuki-2607,deftsuki2020（四半期別）!BK51,https://www.mlit.go.jp/statistics/details/content/deftsuki_2607.xlsx,PDL1.0,,2020年度基準(2020年度平均=100)。2026年4月分の公表から2020年度基準に改定(原本注)。ウエイト項目に営業余剰や間接税(消費税を含む)等を含めない(原本注)。原本の期間表示「2026年 4-6月」(暦年の四半期)。2023年度以降は建設投資のウエイトに2020〜2022年度の平均値を暫定的に使用(原本注)。注意(W2 の照合): 2020年4-6月期以降の四半期別シートの「地方道路公社等」から「S事務所・その他」までの33列は、月別シートの同じ系列の3か月平均と合わず、左隣の系列の3か月平均と合う。四半期別の値が1列右にずれている疑い。値は原本のまま
21b732a18dc1dda8,JP,index,建設工事費デフレーター（2020年度基準） 四半期別,W量産住宅,W量産住宅,index (2020年度平均 = 100),national,JP,日本,,,,126.4,,index_value,published_pdl,,,2026Q2,,mlit-deflator-tsuki-2607,deftsuki2020（四半期別）!BL51,https://www.mlit.go.jp/statistics/details/content/deftsuki_2607.xlsx,PDL1.0,,2020年度基準(2020年度平均=100)。2026年4月分の公表から2020年度基準に改定(原本注)。ウエイト項目に営業余剰や間接税(消費税を含む)等を含めない(原本注)。原本の期間表示「2026年 4-6月」(暦年の四半期)。2023年度以降は建設投資のウエイトに2020〜2022年度の平均値を暫定的に使用(原本注)。注意(W2 の照合): 2020年4-6月期以降の四半期別シートの「地方道路公社等」から「S事務所・その他」までの33列は、月別シートの同じ系列の3か月平均と合わず、左隣の系列の3か月平均と合う。四半期別の値が1列右にずれている疑い。値は原本のまま
ae9159540449a0a9,JP,index,建設工事費デフレーター（2020年度基準） 四半期別,RC在来住宅,RC在来住宅,index (2020年度平均 = 100),national,JP,日本,,,,127.7,,index_value,published_pdl,,,2026Q2,,mlit-deflator-tsuki-2607,deftsuki2020（四半期別）!BM51,https://www.mlit.go.jp/statistics/details/content/deftsuki_2607.xlsx,PDL1.0,,2020年度基準(2020年度平均=100)。2026年4月分の公表から2020年度基準に改定(原本注)。ウエイト項目に営業余剰や間接税(消費税を含む)等を含めない(原本注)。原本の期間表示「2026年 4-6月」(暦年の四半期)。2023年度以降は建設投資のウエイトに2020〜2022年度の平均値を暫定的に使用(原本注)。注意(W2 の照合): 2020年4-6月期以降の四半期別シートの「地方道路公社等」から「S事務所・その他」までの33列は、月別シートの同じ系列の3か月平均と合わず、左隣の系列の3か月平均と合う。四半期別の値が1列右にずれている疑い。値は原本のまま
57f1d1fed5ea392d,JP,index,建設工事費デフレーター（2020年度基準） 四半期別,RC量産住宅,RC量産住宅,index (2020年度平均 = 100),national,JP,日本,,,,126.5,,index_value,published_pdl,,,2026Q2,,mlit-deflator-tsuki-2607,deftsuki2020（四半期別）!BN51,https://www.mlit.go.jp/statistics/details/content/deftsuki_2607.xlsx,PDL1.0,,2020年度基準(2020年度平均=100)。2026年4月分の公表から2020年度基準に改定(原本注)。ウエイト項目に営業余剰や間接税(消費税を含む)等を含めない(原本注)。原本の期間表示「2026年 4-6月」(暦年の四半期)。2023年度以降は建設投資のウエイトに2020〜2022年度の平均値を暫定的に使用(原本注)。注意(W2 の照合): 2020年4-6月期以降の四半期別シートの「地方道路公社等」から「S事務所・その他」までの33列は、月別シートの同じ系列の3か月平均と合わず、左隣の系列の3か月平均と合う。四半期別の値が1列右にずれている疑い。値は原本のまま
c95ca9271d16755f,JP,index,建設工事費デフレーター（2020年度基準） 四半期別,S在来住宅,S在来住宅,index (2020年度平均 = 100),national,JP,日本,,,,126.6,,index_value,published_pdl,,,2026Q2,,mlit-deflator-tsuki-2607,deftsuki2020（四半期別）!BO51,https://www.mlit.go.jp/statistics/details/content/deftsuki_2607.xlsx,PDL1.0,,2020年度基準(2020年度平均=100)。2026年4月分の公表から2020年度基準に改定(原本注)。ウエイト項目に営業余剰や間接税(消費税を含む)等を含めない(原本注)。原本の期間表示「2026年 4-6月」(暦年の四半期)。2023年度以降は建設投資のウエイトに2020〜2022年度の平均値を暫定的に使用(原本注)。注意(W2 の照合): 2020年4-6月期以降の四半期別シートの「地方道路公社等」から「S事務所・その他」までの33列は、月別シートの同じ系列の3か月平均と合わず、左隣の系列の3か月平均と合う。四半期別の値が1列右にずれている疑い。値は原本のまま
caf9672f081b83d0,JP,index,建設工事費デフレーター（2020年度基準） 四半期別,S量産住宅,S量産住宅,index (2020年度平均 = 100),national,JP,日本,,,,127.1,,index_value,published_pdl,,,2026Q2,,mlit-deflator-tsuki-2607,deftsuki2020（四半期別）!BP51,https://www.mlit.go.jp/statistics/details/content/deftsuki_2607.xlsx,PDL1.0,,2020年度基準(2020年度平均=100)。2026年4月分の公表から2020年度基準に改定(原本注)。ウエイト項目に営業余剰や間接税(消費税を含む)等を含めない(原本注)。原本の期間表示「2026年 4-6月」(暦年の四半期)。2023年度以降は建設投資のウエイトに2020〜2022年度の平均値を暫定的に使用(原本注)。注意(W2 の照合): 2020年4-6月期以降の四半期別シートの「地方道路公社等」から「S事務所・その他」までの33列は、月別シートの同じ系列の3か月平均と合わず、左隣の系列の3か月平均と合う。四半期別の値が1列右にずれている疑い。値は原本のまま
505b4323980c2071,JP,index,建設工事費デフレーター（2020年度基準） 四半期別,W工場・倉庫,W工場・倉庫,index (2020年度平均 = 100),national,JP,日本,,,,129.1,,index_value,published_pdl,,,2026Q2,,mlit-deflator-tsuki-2607,deftsuki2020（四半期別）!BQ51,https://www.mlit.go.jp/statistics/details/content/deftsuki_2607.xlsx,PDL1.0,,2020年度基準(2020年度平均=100)。2026年4月分の公表から2020年度基準に改定(原本注)。ウエイト項目に営業余剰や間接税(消費税を含む)等を含めない(原本注)。原本の期間表示「2026年 4-6月」(暦年の四半期)。2023年度以降は建設投資のウエイトに2020〜2022年度の平均値を暫定的に使用(原本注)。注意(W2 の照合): 2020年4-6月期以降の四半期別シートの「地方道路公社等」から「S事務所・その他」までの33列は、月別シートの同じ系列の3か月平均と合わず、左隣の系列の3か月平均と合う。四半期別の値が1列右にずれている疑い。値は原本のまま
a8d1dcba0e6e7818,JP,index,建設工事費デフレーター（2020年度基準） 四半期別,W事務所・その他,W事務所・その他,index (2020年度平均 = 100),national,JP,日本,,,,126,,index_value,published_pdl,,,2026Q2,,mlit-deflator-tsuki-2607,deftsuki2020（四半期別）!BR51,https://www.mlit.go.jp/statistics/details/content/deftsuki_2607.xlsx,PDL1.0,,2020年度基準(2020年度平均=100)。2026年4月分の公表から2020年度基準に改定(原本注)。ウエイト項目に営業余剰や間接税(消費税を含む)等を含めない(原本注)。原本の期間表示「2026年 4-6月」(暦年の四半期)。2023年度以降は建設投資のウエイトに2020〜2022年度の平均値を暫定的に使用(原本注)。注意(W2 の照合): 2020年4-6月期以降の四半期別シートの「地方道路公社等」から「S事務所・その他」までの33列は、月別シートの同じ系列の3か月平均と合わず、左隣の系列の3か月平均と合う。四半期別の値が1列右にずれている疑い。値は原本のまま
89d9d7a319ffbb27,JP,index,建設工事費デフレーター（2020年度基準） 四半期別,SRC工場・倉庫,SRC工場・倉庫,index (2020年度平均 = 100),national,JP,日本,,,,125.3,,index_value,published_pdl,,,2026Q2,,mlit-deflator-tsuki-2607,deftsuki2020（四半期別）!BS51,https://www.mlit.go.jp/statistics/details/content/deftsuki_2607.xlsx,PDL1.0,,2020年度基準(2020年度平均=100)。2026年4月分の公表から2020年度基準に改定(原本注)。ウエイト項目に営業余剰や間接税(消費税を含む)等を含めない(原本注)。原本の期間表示「2026年 4-6月」(暦年の四半期)。2023年度以降は建設投資のウエイトに2020〜2022年度の平均値を暫定的に使用(原本注)。注意(W2 の照合): 2020年4-6月期以降の四半期別シートの「地方道路公社等」から「S事務所・その他」までの33列は、月別シートの同じ系列の3か月平均と合わず、左隣の系列の3か月平均と合う。四半期別の値が1列右にずれている疑い。値は原本のまま
b38652e8b1bcece2,JP,index,建設工事費デフレーター（2020年度基準） 四半期別,SRC事務所・その他,SRC事務所・その他,index (2020年度平均 = 100),national,JP,日本,,,,125.4,,index_value,published_pdl,,,2026Q2,,mlit-deflator-tsuki-2607,deftsuki2020（四半期別）!BT51,https://www.mlit.go.jp/statistics/details/content/deftsuki_2607.xlsx,PDL1.0,,2020年度基準(2020年度平均=100)。2026年4月分の公表から2020年度基準に改定(原本注)。ウエイト項目に営業余剰や間接税(消費税を含む)等を含めない(原本注)。原本の期間表示「2026年 4-6月」(暦年の四半期)。2023年度以降は建設投資のウエイトに2020〜2022年度の平均値を暫定的に使用(原本注)。注意(W2 の照合): 2020年4-6月期以降の四半期別シートの「地方道路公社等」から「S事務所・その他」までの33列は、月別シートの同じ系列の3か月平均と合わず、左隣の系列の3か月平均と合う。四半期別の値が1列右にずれている疑い。値は原本のまま
40dc53d3cbea7cf2,JP,index,建設工事費デフレーター（2020年度基準） 四半期別,RC工場・倉庫,RC工場・倉庫,index (2020年度平均 = 100),national,JP,日本,,,,124.7,,index_value,published_pdl,,,2026Q2,,mlit-deflator-tsuki-2607,deftsuki2020（四半期別）!BU51,https://www.mlit.go.jp/statistics/details/content/deftsuki_2607.xlsx,PDL1.0,,2020年度基準(2020年度平均=100)。2026年4月分の公表から2020年度基準に改定(原本注)。ウエイト項目に営業余剰や間接税(消費税を含む)等を含めない(原本注)。原本の期間表示「2026年 4-6月」(暦年の四半期)。2023年度以降は建設投資のウエイトに2020〜2022年度の平均値を暫定的に使用(原本注)。注意(W2 の照合): 2020年4-6月期以降の四半期別シートの「地方道路公社等」から「S事務所・その他」までの33列は、月別シートの同じ系列の3か月平均と合わず、左隣の系列の3か月平均と合う。四半期別の値が1列右にずれている疑い。値は原本のまま
9753dc5d891ddbdc,JP,index,建設工事費デフレーター（2020年度基準） 四半期別,RC学校,RC学校,index (2020年度平均 = 100),national,JP,日本,,,,125.2,,index_value,published_pdl,,,2026Q2,,mlit-deflator-tsuki-2607,deftsuki2020（四半期別）!BV51,https://www.mlit.go.jp/statistics/details/content/deftsuki_2607.xlsx,PDL1.0,,2020年度基準(2020年度平均=100)。2026年4月分の公表から2020年度基準に改定(原本注)。ウエイト項目に営業余剰や間接税(消費税を含む)等を含めない(原本注)。原本の期間表示「2026年 4-6月」(暦年の四半期)。2023年度以降は建設投資のウエイトに2020〜2022年度の平均値を暫定的に使用(原本注)。注意(W2 の照合): 2020年4-6月期以降の四半期別シートの「地方道路公社等」から「S事務所・その他」までの33列は、月別シートの同じ系列の3か月平均と合わず、左隣の系列の3か月平均と合う。四半期別の値が1列右にずれている疑い。値は原本のまま
f07763c2b0e405b7,JP,index,建設工事費デフレーター（2020年度基準） 四半期別,RC事務所・その他,RC事務所・その他,index (2020年度平均 = 100),national,JP,日本,,,,125,,index_value,published_pdl,,,2026Q2,,mlit-deflator-tsuki-2607,deftsuki2020（四半期別）!BW51,https://www.mlit.go.jp/statistics/details/content/deftsuki_2607.xlsx,PDL1.0,,2020年度基準(2020年度平均=100)。2026年4月分の公表から2020年度基準に改定(原本注)。ウエイト項目に営業余剰や間接税(消費税を含む)等を含めない(原本注)。原本の期間表示「2026年 4-6月」(暦年の四半期)。2023年度以降は建設投資のウエイトに2020〜2022年度の平均値を暫定的に使用(原本注)。注意(W2 の照合): 2020年4-6月期以降の四半期別シートの「地方道路公社等」から「S事務所・その他」までの33列は、月別シートの同じ系列の3か月平均と合わず、左隣の系列の3か月平均と合う。四半期別の値が1列右にずれている疑い。値は原本のまま
a2e612734b3f404e,JP,index,建設工事費デフレーター（2020年度基準） 四半期別,S工場・倉庫,S工場・倉庫,index (2020年度平均 = 100),national,JP,日本,,,,125.3,,index_value,published_pdl,,,2026Q2,,mlit-deflator-tsuki-2607,deftsuki2020（四半期別）!BX51,https://www.mlit.go.jp/statistics/details/content/deftsuki_2607.xlsx,PDL1.0,,2020年度基準(2020年度平均=100)。2026年4月分の公表から2020年度基準に改定(原本注)。ウエイト項目に営業余剰や間接税(消費税を含む)等を含めない(原本注)。原本の期間表示「2026年 4-6月」(暦年の四半期)。2023年度以降は建設投資のウエイトに2020〜2022年度の平均値を暫定的に使用(原本注)。注意(W2 の照合): 2020年4-6月期以降の四半期別シートの「地方道路公社等」から「S事務所・その他」までの33列は、月別シートの同じ系列の3か月平均と合わず、左隣の系列の3か月平均と合う。四半期別の値が1列右にずれている疑い。値は原本のまま
a1ac34e8446da816,JP,index,建設工事費デフレーター（2020年度基準） 四半期別,S事務所・その他,S事務所・その他,index (2020年度平均 = 100),national,JP,日本,,,,125.1,,index_value,published_pdl,,,2026Q2,,mlit-deflator-tsuki-2607,deftsuki2020（四半期別）!BY51,https://www.mlit.go.jp/statistics/details/content/deftsuki_2607.xlsx,PDL1.0,,2020年度基準(2020年度平均=100)。2026年4月分の公表から2020年度基準に改定(原本注)。ウエイト項目に営業余剰や間接税(消費税を含む)等を含めない(原本注)。原本の期間表示「2026年 4-6月」(暦年の四半期)。2023年度以降は建設投資のウエイトに2020〜2022年度の平均値を暫定的に使用(原本注)。注意(W2 の照合): 2020年4-6月期以降の四半期別シートの「地方道路公社等」から「S事務所・その他」までの33列は、月別シートの同じ系列の3か月平均と合わず、左隣の系列の3か月平均と合う。四半期別の値が1列右にずれている疑い。値は原本のまま
